fold_1_labels,fold_1_predictions,fold_2_labels,fold_2_predictions,fold_3_labels,fold_3_predictions,fold_4_labels,fold_4_predictions
1,0.6964839696884155,1,0.458973079919815,1,0.2050990313291549,1,0.9134308099746704
1,0.8614324927330017,1,0.8850706815719604,1,0.2539791166782379,1,0.950417459011078
1,0.3435229659080505,1,0.3046356737613678,1,0.1399700492620468,1,0.4072757065296173
1,0.3944688737392425,1,0.0274959597736597,1,0.174627274274826,1,0.6569292545318604
1,0.0868197157979011,1,0.0327898561954498,1,0.1695279479026794,1,0.7539106011390686
1,0.772601842880249,1,0.2218410372734069,1,0.4123219549655914,1,0.9305944442749025
1,0.0543158166110515,1,0.150096595287323,1,0.3191487789154053,1,0.4329129159450531
1,0.1615969985723495,1,0.5380146503448486,1,0.2732031047344208,1,0.0610914006829261
1,0.2080810517072677,1,0.6737436056137085,1,0.0554779469966888,1,0.636913001537323
1,0.2638911008834839,1,0.7570817470550537,1,0.0463070832192897,1,0.4195717871189117
1,0.1827810406684875,1,0.6389601826667786,1,0.0397481583058834,1,0.1589507460594177
1,0.839495062828064,1,0.9455097913742064,1,0.4526607692241668,1,0.9274890422821044
1,0.1284852772951126,1,0.0054915370419621,1,0.14009790122509,1,0.4577200412750244
1,0.0182479247450828,1,0.002651946619153,1,0.0049312114715576,1,0.0065935617312788
1,0.4534772038459778,1,0.7381130456924438,1,0.2102408856153488,1,0.7426707148551941
1,0.3310396373271942,1,0.821357250213623,1,0.1784250438213348,1,0.7244472503662109
1,0.9656792879104614,1,0.8956555724143982,1,0.8449166417121887,1,0.6455435752868652
1,0.1828892081975937,1,0.0011886310530826,1,0.0085417861118912,1,0.8217032551765442
1,0.7759608030319214,1,0.7877131104469299,1,0.1007991135120391,1,0.9754212498664856
1,0.2661415636539459,1,0.10401002317667,1,0.0063307541422545,1,0.3338606655597687
1,0.5734349489212036,1,0.1225776746869087,1,0.0319879315793514,1,0.7719254493713379
0,0.0246374160051345,0,0.0144356163218617,0,0.5413804054260254,0,0.0077567403204739
0,0.02228351123631,0,0.0019863359630107,0,0.0040768235921859,0,0.0005253577255643
0,0.0796202719211578,0,0.010445199906826,0,0.0110711064189672,0,0.0027769713196903
0,0.0125877754762768,0,0.0013932693982496,0,0.0026388966944068,0,0.0009091777028515
0,0.1063236147165298,0,0.0210091322660446,0,0.0145227368921041,0,0.0043765897862613
0,0.0092089874669909,0,0.001547600259073,0,0.0031844249460846,0,0.0031518884934484
0,0.0771200060844421,0,0.0133766084909439,0,0.0142970057204365,0,0.0022100801579654
0,0.094610720872879,0,0.0192017648369073,0,0.068375252187252,0,0.0109763154760003
0,0.0958233848214149,0,0.0348849557340145,0,0.1150129213929176,0,0.0240805894136428
0,0.0180453620851039,0,0.0042064981535077,0,0.0125108249485492,0,0.0026681039016693
0,0.0112786954268813,0,0.0010959964711219,0,0.0388683974742889,0,0.0058278334327042
0,0.0028496317099779,0,0.0021542215254157,0,0.0044113071635365,0,0.0026680948212742
0,0.0043170605786144,0,0.0020563516300171,0,0.0088874315842986,0,0.1372358202934265
0,0.004321209155023,0,0.0009704853873699,0,0.005149817559868,0,0.003805415937677
0,0.23017019033432,0,0.014555319212377,0,0.0310891885310411,0,0.0253792125731706
0,0.0446035601198673,0,0.0233296789228916,0,0.0153728453442454,0,0.1095921248197555
0,0.0097710276022553,0,0.011782550252974,0,0.0040475660935044,0,0.0143746389076113
0,0.0097239660099148,0,0.0178558863699436,0,0.0440992638468742,0,0.0176815632730722
0,0.1698876470327377,0,0.0047080302610993,0,0.0224285665899515,0,0.0088794501498341
0,0.01195980142802,0,0.0217098984867334,0,0.0057607544586062,0,0.0651567280292511
0,0.092389240860939,0,0.0184640847146511,0,0.0230014864355325,0,0.0215713046491146
0,0.0341512970626354,0,0.0461104251444339,0,0.0264163929969072,0,0.0814767628908157
0,0.0128474691882729,0,0.0290707014501094,0,0.0232060346752405,0,0.0903085470199585
0,0.0250583104789257,0,0.0994292572140693,0,0.0042076865211129,0,0.0520123168826103
0,0.4567784368991852,0,0.8526938557624817,0,0.2955369055271148,0,0.7059592008590698
0,0.4387350082397461,0,0.5267241597175598,0,0.0257662013173103,0,0.7545889616012573
0,0.0826224461197853,0,0.0090535311028361,0,0.0093862563371658,0,0.1084220856428146
0,0.0703561305999755,0,0.1275046467781067,0,0.0488459803164005,0,0.009585072286427
0,0.4085831642150879,0,0.8697919249534607,0,0.1654223650693893,0,0.6482828855514526
0,0.4164668917655945,0,0.6351222395896912,0,0.0482227094471454,0,0.8072994351387024
0,0.0326473228633403,0,0.0084388526156544,0,0.0080942614004015,0,0.0786364376544952
0,0.0267384219914674,0,0.0169898960739374,0,0.0112548349425196,0,0.0036663727369159
0,0.375690221786499,0,0.8611922860145569,0,0.2421039640903473,0,0.7749577164649963
0,0.564795732498169,0,0.723231315612793,0,0.0406327620148658,0,0.8509626984596252
0,0.0343296751379966,0,0.0089502669870853,0,0.0067332726903259,0,0.0307220201939344
0,0.0466521084308624,0,0.2549706101417541,0,0.0206426158547401,0,0.0062559158541262
0,0.0062913000583648,0,0.0107584716752171,0,0.0049765147268772,0,0.0089872544631361
0,0.0087787685915827,0,0.0037137169856578,0,0.0058905184268951,0,0.0263977721333503
0,0.0224000848829746,0,0.0319973453879356,0,0.1845626682043075,0,0.0254406239837408
0,0.1965091526508331,0,0.4179011285305023,0,0.2383478879928589,0,0.0296029653400182
0,0.0089117577299475,0,0.0022926670499145,0,0.0390197709202766,0,0.0027587607037276
0,0.0089924121275544,0,0.002061124658212,0,0.034705676138401,0,0.0045159622095525
0,0.0143394572660326,0,0.0007228418835438,0,0.0386732928454875,0,0.0093538705259561
0,0.0064804148860275,0,0.0015540902968496,0,0.0607185177505016,0,0.0026199589483439
0,0.0172789562493562,0,0.1017747744917869,0,0.0078036254271864,0,0.0258596334606409
0,0.0067123589105904,0,0.0051443502306938,0,0.0075787152163684,0,0.0717661827802658
0,0.0051491991616785,0,0.0045212237164378,0,0.0302945524454116,0,0.0068726115860044
0,0.0114512406289577,0,0.0259124636650085,0,0.0701007395982742,0,0.1137242466211319
0,0.4818316996097564,0,0.3764740228652954,0,0.0596105679869651,0,0.6600750088691711
0,0.1873813718557357,0,0.2711547315120697,0,0.0601662658154964,0,0.0362588837742805
0,0.0398634634912014,0,0.0064388960599899,0,0.0128390919417142,0,0.0035840333439409
0,0.677899956703186,0,0.8662633895874023,0,0.7342324256896973,0,0.3708181977272033
0,0.0088212508708238,0,0.0011934817302972,0,0.0237482860684394,0,0.0014257044531404
0,0.003053457243368,0,0.004411147441715,0,0.0273865647614002,0,0.0033355799969285
0,0.0288713946938514,0,0.0433098040521144,0,0.1746313422918319,0,0.0651879459619522
0,0.0055678416974842,0,0.0013760135043412,0,0.0160242523998022,0,0.0025828564539551
0,0.0029844117816537,0,0.003423735499382,0,0.0214847307652235,0,0.0020605723839253
0,0.0460282266139984,0,0.0336531959474086,0,0.1369426995515823,0,0.033191654831171
0,0.0081661874428391,0,0.0010558748617768,0,0.0288916286081075,0,0.021490154787898
0,0.0029174929950386,0,0.0035881069488823,0,0.0355146266520023,0,0.0024608909152448
0,0.0062526557594537,0,0.0120635498315095,0,0.0178250223398208,0,0.0204744730144739
0,0.019505413249135,0,0.0068122558295726,0,0.0887269675731659,0,0.057372823357582
0,0.0133462976664304,0,0.0012419648701325,0,0.0067237657494843,0,0.0036246909294277
0,0.0066274898126721,0,0.002765902550891,0,0.0116370571777224,0,0.0979056134819984
0,0.0067519284784793,0,0.0026263636536896,0,0.0036988614592701,0,0.0156630761921405
0,0.0030204223003238,0,0.0014497648226097,0,0.0075692450627684,0,0.004949958063662
0,0.0047525218687951,0,0.0013884075451642,0,0.0118155358359217,0,0.0046526142396032
0,0.0043212971650063,0,0.0016005863435566,0,0.0111251603811979,0,0.007058008108288
0,0.0630169659852981,0,0.0035755699500441,0,0.0098495036363601,0,0.372099757194519
0,0.0790846198797226,0,0.003378422698006,0,0.0073738419450819,0,0.459091454744339
0,0.3018397688865661,0,0.057830311357975,0,0.1037817597389221,0,0.0132449893280863
0,0.3026525378227234,0,0.0255618635565042,0,0.0479116439819335,0,0.0833575204014778
0,0.1997814029455185,0,0.2272016406059265,0,0.0060159722343087,0,0.0864134728908538
0,0.0037064410280436,0,0.00182160444092,0,0.0103585319593548,0,0.0037979453336447
0,0.0199476238340139,0,0.0113508785143494,0,0.0208609383553266,0,0.0145281702280044
0,0.017245152965188,0,0.0113244215026497,0,0.0070063159801065,0,0.0318027809262275
0,0.0390551537275314,0,0.0268281977623701,0,0.0052977898158133,0,0.7973113656044006
0,0.2376827895641327,0,0.0271258354187011,0,0.195669800043106,0,0.1601157039403915
0,0.0220707803964614,0,0.0015418314142152,0,0.0104303304105997,0,0.0172385685145854
0,0.006812191568315,0,0.0032344057690352,0,0.0160030182451009,0,0.0045228959061205
0,0.0171988997608423,0,0.0082397125661373,0,0.0067021395079791,0,0.0153211383149027
0,0.0225934479385614,0,0.0008527291356585,0,0.0040717404335737,0,0.0059125120751559
0,0.0192404575645923,0,0.0055901608429849,0,0.0095752952620387,0,0.0173292402178049
0,0.0020155033562332,0,0.0005700852489098,0,0.0041868397966027,0,0.001266362494789
0,0.0065344460308551,0,0.0008912336779758,0,0.0076311449520289,0,0.0036935389507561
0,0.011916453950107,0,0.0128207011148333,0,0.0669348016381263,0,0.0867451503872871
0,0.0410103276371955,0,0.0102790035307407,0,0.013079565949738,0,0.0260367933660745
0,0.0053464421071112,0,0.0143423695117235,0,0.0284549631178379,0,0.0045295087620615
0,0.1111120730638504,0,0.7131125330924988,0,0.7440339922904968,0,0.1259973049163818
0,0.6106818318367004,0,0.0094917900860309,0,0.0456681586802005,0,0.1116077750921249
0,0.328758031129837,0,0.7036055326461792,0,0.1043685153126716,0,0.2256032675504684
0,0.3947133719921112,0,0.1070544943213462,0,0.1044557765126228,0,0.4259517192840576
0,0.4106083214282989,0,0.0867015719413757,0,0.1496719419956207,0,0.2928804755210876
0,0.388165533542633,0,0.0546091869473457,0,0.103191040456295,0,0.2792444825172424
0,0.007467090152204,0,0.0027556691784411,0,0.0070394319482147,0,0.0020642036106437
0,0.3971531987190246,0,0.006690870039165,0,0.2022928744554519,0,0.9548008441925048
0,0.3462437987327575,0,0.009937422350049,0,0.1489112675189972,0,0.7867310643196106
0,0.4095657765865326,0,0.0094945067539811,0,0.1051674261689186,0,0.8252865672111511
0,0.1170571967959404,0,0.1854065805673599,0,0.0327856950461864,0,0.1677183657884597
0,0.0832549333572387,0,0.0724784508347511,0,0.0325699299573898,0,0.0190473888069391
0,0.1348938792943954,0,0.0165876932442188,0,0.0171643085777759,0,0.0093518514186143
0,0.0039562378078699,0,0.0059255808591842,0,0.0142768584191799,0,0.0153534207493066
0,0.0038414564915001,0,0.002628484275192,0,0.0149033386260271,0,0.0193772204220294
0,0.0295911896973848,0,0.2103202939033508,0,0.012846864759922,0,0.2837880253791809
0,0.0037238732911646,0,0.0006344123394228,0,0.0127736404538154,0,0.0464943125844001
0,0.0582623332738876,0,0.0007195072248578,0,0.0027194006834179,0,0.0355372428894043
0,0.0149560878053307,0,0.2088444381952285,0,0.0154174640774726,0,0.0663934350013732
0,0.0073341289535164,0,0.0022163919638842,0,0.0088311117142438,0,0.0763487219810485
0,0.006210918072611,0,0.0016372317913919,0,0.0120986932888627,0,0.0080232871696352
0,0.0036223910283297,0,0.0016310721402987,0,0.006251263897866,0,0.0003497276920825
0,0.0049225194379687,0,0.0011484880233183,0,0.0056416196748614,0,0.000785743817687
0,0.0033762706443667,0,0.0027700592763721,0,0.01286316011101,0,0.0018362768460065
0,0.0052448087371885,0,0.0012814110377803,0,0.0051311207935214,0,0.0006136203883215
0,0.0038423906080424,0,0.0029069974552839,0,0.0205688774585723,0,0.0018787857843562
0,0.1597200781106948,0,0.0169457476586103,0,0.0215258505195379,0,0.2499869465827942
0,0.025861345231533,0,0.0046775382943451,0,0.0806100443005561,0,0.0094684176146984
0,0.0150985158979892,0,0.0036980409640818,0,0.0116575863212347,0,0.0016636051004752
0,0.0102983526885509,0,0.004063559230417,0,0.0052430303767323,0,0.0109326764941215
0,0.0136203169822692,0,0.0019257683306932,0,0.0170674547553062,0,0.0015412603970617
0,0.0237129088491201,0,0.0063005061820149,0,0.1058354675769805,0,0.0075932177715003
0,0.0050520151853561,0,0.0026698617730289,0,0.0046659307554364,0,0.0032205153256654
0,0.030906094238162,0,0.0009221379877999,0,0.0069149881601333,0,0.0015591609990224
0,0.223486915230751,0,0.0135652171447873,0,0.0666235536336898,0,0.1328582763671875
0,0.0082777766510844,0,0.0117781041190028,0,0.0021556364372372,0,0.0038174670189619
0,0.0115705002099275,0,0.0113483527675271,0,0.0174938961863517,0,0.0028693694621324
0,0.0043892809189856,0,0.0020356441382318,0,0.002997480565682,0,0.0036564103793352
0,0.0068654753267765,0,0.0041328906081616,0,0.0130519941449165,0,0.0008615555125288
0,0.0203619133681058,0,0.0131970942020416,0,0.0173207633197307,0,0.0018678236519917
0,0.007445475552231,0,0.0109174707904458,0,0.0023576791863888,0,0.0079193348065018
0,0.011196075938642,0,0.0149337518960237,0,0.0141128096729516,0,0.0038958608638495
0,0.0039837947115302,0,0.0022440569009631,0,0.002251915866509,0,0.0026568663306534
0,0.548475980758667,0,0.1351784318685531,0,0.0682495459914207,0,0.0308108273893594
0,0.2989295125007629,0,0.7669094204902649,0,0.0472821705043315,0,0.1089046820998191
0,0.4317451119422912,0,0.5976441502571106,0,0.0413784086704254,0,0.2987964451313019
0,0.0376448258757591,0,0.0054131085053086,0,0.0112358797341585,0,0.017995398491621
0,0.014949494972825,0,0.0437852330505847,0,0.01138018630445,0,0.0139471692964434
0,0.0163657609373331,0,0.0042838775552809,0,0.0073088463395833,0,0.0392910465598106
0,0.299281895160675,0,0.0291025284677743,0,0.0943608060479164,0,0.0284785814583301
0,0.0076797869987785,0,0.0020649305079132,0,0.0470706932246685,0,0.0128442160785198
0,0.0112364366650581,0,0.0030575289856642,0,0.0387258529663085,0,0.0316778048872947
0,0.0121136624366045,0,0.0228173471987247,0,0.0461714640259742,0,0.022343173623085
0,0.0055193831212818,0,0.0016801977762952,0,0.0240075401961803,0,0.0222857072949409
0,0.0159638337790966,0,0.0115030724555253,0,0.0374613068997859,0,0.0131413042545318
0,0.1505489349365234,0,0.0027486167382448,0,0.0033126368653029,0,0.0101889772340655
0,0.0705703347921371,0,0.0115399733185768,0,0.0136045599356293,0,0.0050293705426156
0,0.3281643986701965,0,0.0170708615332841,0,0.0751462653279304,0,0.1282720565795898
0,0.2442252188920974,0,0.6326485276222229,0,0.6830291748046875,0,0.3683055341243744
0,0.0110456570982933,0,0.0018254581373184,0,0.0054147699847817,0,0.0007980996160767
0,0.0077755125239491,0,0.0336481928825378,0,0.028919918462634,0,0.0851037949323654
0,0.014058880507946,0,0.0011993552325293,0,0.0097879050299525,0,0.0016318052075803
0,0.0102230031043291,0,0.0017226976342499,0,0.0055226348340511,0,0.000559173466172
0,0.2948872447013855,0,0.6996007561683655,0,0.323227196931839,0,0.793231189250946
0,0.3141494393348694,0,0.523591160774231,0,0.3054919838905334,0,0.5853160619735718
0,0.342148095369339,0,0.555256724357605,0,0.4664556682109833,0,0.799144446849823
0,0.005629907362163,0,0.0292299222201108,0,0.0127265006303787,0,0.05068976059556
0,0.0071771838702261,0,0.0238275788724422,0,0.0209520459175109,0,0.0818669945001602
0,0.0050097377970814,0,0.0261447243392467,0,0.0115067716687917,0,0.0669107660651207
0,0.0536467730998992,0,0.0900367274880409,0,0.0301061496138572,0,0.7251108884811401
0,0.0099654793739318,0,0.0047547258436679,0,0.021432215347886,0,0.0041114343330264
0,0.0165916606783866,0,0.0038228831253945,0,0.0179854184389114,0,0.0005267340457066
0,0.0034175973851233,0,0.0004960851510986,0,0.0020245506893843,0,0.0011045902501791
0,0.0097746364772319,0,0.0156370420008897,0,0.0331954061985015,0,0.0039652655832469
0,0.0133811729028821,0,0.0027308433782309,0,0.0127610927447676,0,0.0019800118170678
0,0.0034826858900487,0,0.0006434397073462,0,0.002872995333746,0,0.0259196553379297
0,0.0062390654347836,0,0.0051304935477674,0,0.0275731142610311,0,0.0036635098513215
0,0.0048763360828161,0,0.0023521250113844,0,0.0193712953478097,0,0.0010994990589097
0,0.0032770342659205,0,0.0010644291760399,0,0.0049049048684537,0,0.0824759528040885
0,0.3583617508411407,0,0.0421933531761169,0,0.1104315891861915,0,0.4561250209808349
0,0.3590998351573944,0,0.4377427995204925,0,0.0729947388172149,0,0.3138996660709381
0,0.2784221768379211,0,0.0779450833797454,0,0.122218519449234,0,0.0956410691142082
0,0.2329138964414596,0,0.5181834697723389,0,0.0874349474906921,0,0.540747344493866
0,0.0070360130630433,0,0.0034814453683793,0,0.0101904682815074,0,0.0017854865873232
0,0.095082014799118,0,0.0148325758054852,0,0.0958159193396568,0,0.1929331570863723
0,0.0650820210576057,0,0.0199528876692056,0,0.0365212820470333,0,0.0375529490411281
0,0.1143100336194038,0,0.0018832110799849,0,0.0217307079583406,0,0.0164090041071176
0,0.0660803169012069,0,0.1121468320488929,0,0.1569900512695312,0,0.1698197722434997
0,0.080410286784172,0,0.6047011017799377,0,0.1969448626041412,0,0.6321864128112793
0,0.0117076598107814,0,0.0039866073057055,0,0.0194340813905,0,0.0020875143818557
0,0.0122326761484146,0,0.0156593266874551,0,0.0103264320641756,0,0.0050666015595197
0,0.0865083485841751,0,0.0127768041566014,0,0.0872115492820739,0,0.0090560344979166
0,0.1309185177087783,0,0.0508351549506187,0,0.0386015921831131,0,0.0835125148296356
0,0.2057556957006454,0,0.0310370121151208,0,0.0849903598427772,0,0.065626136958599
0,0.0879043042659759,0,0.0285244155675172,0,0.0702651813626289,0,0.0754041597247123
0,0.0078634703531861,0,0.0015224170638248,0,0.0119408275932073,0,0.011736312881112
0,0.310892254114151,0,0.0764829218387603,0,0.2036881148815155,0,0.2151353657245636
0,0.0421971268951892,0,0.00254313275218,0,0.019034257158637,0,0.004255433101207
0,0.0121828634291887,0,0.0024155164137482,0,0.0065132519230246,0,0.0042520887218415
0,0.0363037772476673,0,0.0027439582627266,0,0.0146282836794853,0,0.017412893474102
0,0.1314064413309097,0,0.0093136196956038,0,0.0245704017579555,0,0.1077887788414955
0,0.0143379541113972,0,0.0009565919754095,0,0.0034430776722729,0,0.0048191654495894
0,0.1092617884278297,0,0.0129194324836134,0,0.0283271521329879,0,0.3820507824420929
0,0.0124207502231001,0,0.0030864009167999,0,0.0195782426744699,0,0.0252585336565971
0,0.0100512197241187,0,0.0040354817174375,0,0.0380679629743099,0,0.0196591150015592
0,0.0014532973291352,0,0.0020919025409966,0,0.0038916310295462,0,0.0052026160992681
0,0.0084159253165125,0,0.0046006520278751,0,0.0281168892979621,0,0.0080409916117787
0,0.0014359415508806,0,0.0049113561399281,0,0.0076075252145528,0,0.0070737656205892
0,0.091621994972229,0,0.020020330324769,0,0.0393589884042739,0,0.0112861581146717
0,0.4865837097167969,0,0.7743537425994873,0,0.5614920258522034,0,0.0888456478714943
0,0.5300690531730652,0,0.8534155488014221,0,0.6391713619232178,0,0.130380168557167
0,0.5248329639434814,0,0.7994635701179504,0,0.590883195400238,0,0.0846171155571937
0,0.0170894172042608,0,0.0077549521811306,0,0.0163702052086591,0,0.0018837300594896
0,0.0165968034416437,0,0.0132197747007012,0,0.0177583023905754,0,0.0030858053360134
0,0.0729205012321472,0,0.0172989107668399,0,0.0142800472676754,0,0.003383430885151
0,0.0322838723659515,0,0.0059890216216444,0,0.0220281854271888,0,0.0060092178173363
0,0.017433539032936,0,0.0051013380289077,0,0.0133966552093625,0,0.0261116735637187
0,0.0088674565777182,0,0.0110429702326655,0,0.0162107422947883,0,0.0078544244170188
0,0.7776106595993042,0,0.8403359055519104,0,0.7127984762191772,0,0.8486103415489197
0,0.5881912112236023,0,0.5809675455093384,0,0.2409913390874862,0,0.2226160019636154
0,0.0143862906843423,0,0.0220584888011217,0,0.036460842937231,0,0.0182704012840986
0,0.0813131108880043,0,0.0045622638426721,0,0.0042278622277081,0,0.0014662084868177
0,0.1517423242330551,0,0.0235409718006849,0,0.1124609485268592,0,0.0109317796304821
0,0.028900085017085,0,0.0017728582024574,0,0.0094809383153915,0,0.0017641530139371
0,0.0056152869947254,0,0.0047853146679699,0,0.0063472827896475,0,0.0022224897984415
0,0.0042267199605703,0,0.002213004278019,0,0.0041703395545482,0,0.0018769213929772
0,0.0111576681956648,0,0.0015608691610395,0,0.0099295396357774,0,0.0023983935825526
0,0.0035383666399866,0,0.0016141430241987,0,0.0028890601824969,0,0.0018212246941402
0,0.0233323276042938,0,0.0025372439995408,0,0.0149022964760661,0,0.003292677225545
0,0.0081843677908182,0,0.0033206441439688,0,0.0104350326582789,0,0.0042950785718858
0,0.0049393377266824,0,0.0028096064925193,0,0.0025430067908018,0,0.0023064645938575
0,0.5714755058288574,0,0.7440490126609802,0,0.0811865925788879,0,0.5242227911949158
0,0.0148228453472256,0,0.0047501074150204,0,0.0640280395746231,0,0.0130930645391345
0,0.002437847899273,0,0.0027007702738046,0,0.0013237138045951,0,0.000580865482334
0,0.0054777055047452,0,0.0035895342007279,0,0.0137657159939408,0,0.0015754079213365
0,0.0038533804472535,0,0.0023559872061014,0,0.0131797054782509,0,0.0010829443344846
0,0.003819421865046,0,0.0029290064703673,0,0.0131634920835495,0,0.0012555459979921
1,0.540083646774292,1,0.8954650163650513,1,0.7564678192138672,1,0.2581328153610229
1,0.5022234320640564,1,0.6727965474128723,1,0.0536920353770256,1,0.8659600615501404
1,0.0261295828968286,1,0.3070657551288605,1,0.0678950473666191,1,0.2234434783458709
1,0.0108714886009693,1,0.0717580989003181,1,0.0352914333343505,1,0.0456264242529869
1,0.02066764049232,1,0.2785414457321167,1,0.0215737093240022,1,0.1162212267518043
1,0.7726395726203918,1,0.8176009654998779,1,0.7194566130638123,1,0.8649709820747375
1,0.9640141129493712,1,0.877833902835846,1,0.9901475310325624,1,0.9941619038581848
1,0.004306458402425,1,0.0034674857743084,1,0.0132524268701672,1,0.010650023818016
1,0.0247058924287557,1,0.0256089214235544,1,0.0656656697392463,1,0.0641896203160286
1,0.1536127775907516,1,0.1393588036298751,1,0.2043697088956833,1,0.2134669870138168
1,0.0997328385710716,1,0.0056016156449913,1,0.1539552360773086,1,0.7130298614501953
1,0.3734246790409088,1,0.0936004295945167,1,0.1700845658779144,1,0.9122767448425292
1,0.2181049287319183,1,0.4634570479393005,1,0.1744992434978485,1,0.0089127263054251
1,0.1483520120382309,1,0.3000175654888153,1,0.0476946830749511,1,0.1810741424560547
1,0.2259210646152496,1,0.7196024656295776,1,0.7999313473701477,1,0.2758401036262512
1,0.0094923777505755,1,0.0025247617159038,1,0.0149098224937915,1,0.0193774066865444
1,0.0766597613692283,1,0.0038582356646656,1,0.0186708159744739,1,0.182078018784523
1,0.0551765114068985,1,0.0018278246279805,1,0.02305150590837,1,0.0539703108370304
1,0.1733113080263137,1,0.216206356883049,1,0.2717841565608978,1,0.1789947748184204
1,0.5915619730949402,1,0.8331829309463501,1,0.131949782371521,1,0.0330827422440052
1,0.6485864520072937,1,0.8659940361976624,1,0.4938287138938904,1,0.6960775256156921
1,0.6300748586654663,1,0.9180228114128112,1,0.5273919105529785,1,0.8296723365783691
1,0.7672975659370422,1,0.8775115013122559,1,0.5653184056282043,1,0.6376756429672241
1,0.2745926678180694,1,0.6338390707969666,1,0.2759461104869842,1,0.2025837302207946
1,0.310972511768341,1,0.5970948934555054,1,0.2050639390945434,1,0.4336227476596832
1,0.278654396533966,1,0.2631318867206573,1,0.5313809514045715,1,0.7141664624214172
0,0.0191343910992145,0,0.1200787872076034,0,0.0750027224421501,0,0.1881769746541977
0,0.0292926039546728,0,0.2309226244688034,0,0.1000304520130157,0,0.4956554770469665
0,0.0065798428840935,0,0.0020968923345208,0,0.0164732430130243,0,0.0597073994576931
0,0.0070351865142583,0,0.0023619777057319,0,0.0127772316336631,0,0.0024913977831602
0,0.0130124585703015,0,0.0036851346958428,0,0.0144850322976708,0,0.0031634278129786
0,0.0594892986118793,0,0.0064528146758675,0,0.0833913162350654,0,0.5392046570777893
0,0.0093560134992003,0,0.0680661648511886,0,0.0212047528475523,0,0.003717511659488
0,0.007015710696578,0,0.0011948875617235,0,0.0031793902162462,0,0.0006461808225139
0,0.0143701331689953,0,0.2532135248184204,0,0.0410424582660198,0,0.2509286105632782
0,0.0028854608535766,0,0.0077930623665452,0,0.0050895167514681,0,0.0048371939919888
0,0.0104411197826266,0,0.0286821518093347,0,0.0257339403033256,0,0.0036268651019781
0,0.0144280064851045,0,0.0022033092100173,0,0.0224054381251335,0,0.0033289885614067
0,0.2055624723434448,0,0.0045718327164649,0,0.0516905486583709,0,0.0135630555450916
0,0.5693848729133606,0,0.8632813096046448,0,0.5900183320045471,0,0.9016506671905518
0,0.0054413210600614,0,0.00431959470734,0,0.0713128596544265,0,0.0021999445743858
0,0.0057516829110682,0,0.0176314674317836,0,0.018588600680232,0,0.0074367490597069
0,0.0069425553083419,0,0.0011265899520367,0,0.04233955219388,0,0.0152427647262811
0,0.0388618446886539,0,0.00094575464027,0,0.0084263132885098,0,0.0082930214703083
0,0.0343576818704605,0,0.0049822437576949,0,0.0738570690155029,0,0.028780274093151
0,0.4181589484214782,0,0.0526427775621414,0,0.0303260404616594,0,0.5593358874320984
0,0.0072886799462139,0,0.004340817220509,0,0.0142991356551647,0,0.0023718760348856
0,0.0204762946814298,0,0.4133859574794769,0,0.0913860723376274,0,0.1878535002470016
0,0.0074048503302037,0,0.0377293638885021,0,0.0464441552758216,0,0.0230959169566631
0,0.0057048089802265,0,0.0036533940583467,0,0.0040327631868422,0,0.0014160757418721
0,0.0207048505544662,0,0.011318489909172,0,0.00386792444624,0,0.0007949932478368
0,0.0055852090008556,0,0.0045267040841281,0,0.0207238234579563,0,0.0085968496277928
0,0.0054967454634606,0,0.0029158217366784,0,0.0039495709352195,0,0.0010811192914843
0,0.0138059752061963,0,0.0053411731496453,0,0.0030197303276509,0,0.0008288014214485
0,0.0139266392216086,0,0.0074410964734852,0,0.0043099233880639,0,0.0008212974062189
0,0.0209396369755268,0,0.0034092240966856,0,0.0244503337889909,0,0.0112634664401412
0,0.3545978665351867,0,0.6951453685760498,0,0.6211742162704468,0,0.1981076896190643
0,0.4165790379047394,0,0.7718454599380493,0,0.6397718787193298,0,0.2186563462018966
0,0.7304952144622803,0,0.8266426920890808,0,0.1600544303655624,0,0.7078565359115601
0,0.2909885048866272,0,0.1947081536054611,0,0.2671988010406494,0,0.7143850326538086
0,0.2212481051683426,0,0.5268370509147644,0,0.3613733053207397,0,0.222789317369461
0,0.418928861618042,0,0.6562089920043945,0,0.6503419876098633,0,0.2173465937376022
0,0.0047969557344913,0,0.0043074833229184,0,0.0537173897027969,0,0.0161006990820169
0,0.010878381319344,0,0.00193690310698,0,0.172014832496643,0,0.0407626926898956
0,0.0072154900990426,0,0.0052401986904442,0,0.0749390497803688,0,0.0168971922248601
0,0.0090415487065911,0,0.0018413573270663,0,0.1440756916999817,0,0.0824704840779304
0,0.0122305210679769,0,0.0002379917277721,0,0.0091301565989851,0,0.0280659012496471
0,0.0065686041489243,0,0.0019094641320407,0,0.1184083223342895,0,0.0249619018286466
0,0.0081498976796865,0,0.0085670864209532,0,0.1615953147411346,0,0.0252848155796527
0,0.0087981419637799,0,0.0043041510507464,0,0.0059530860744416,0,0.0005385433323681
0,0.0047871866263449,0,0.0039271651767194,0,0.0053481310606002,0,0.0007985580014064
0,0.0084912702441215,0,0.0036845114082098,0,0.0098050013184547,0,0.0079734195023775
0,0.0275815799832344,0,0.0095401173457503,0,0.006057989783585,0,0.0076164547353982
0,0.0433223918080329,0,0.0194070432335138,0,0.0124775832518935,0,0.1643312126398086
0,0.0559114702045917,0,0.004079052247107,0,0.0204825047403574,0,0.0052349809557199
0,0.0214596781879663,0,0.0094860801473259,0,0.0346281789243221,0,0.089414857327938
0,0.0326509661972522,0,0.002452370012179,0,0.0121913477778434,0,0.0013991779414936
0,0.1097904071211814,0,0.0042200819589197,0,0.0184261165559291,0,0.002892518416047
0,0.0442060194909572,0,0.0072061675600707,0,0.0344648286700248,0,0.0243690330535173
0,0.0724076256155967,0,0.0279470086097717,0,0.0226715598255395,0,0.0150200175121426
0,0.0556802079081535,0,0.0112646082416176,0,0.0495750345289707,0,0.0036787360440939
0,0.034431766718626,0,0.0307724736630916,0,0.0761428773403167,0,0.004907445050776
0,0.0018133474513888,0,0.0015064269537106,0,0.0210125297307968,0,0.0010728474007919
0,0.1573117524385452,0,0.1132175102829933,0,0.1283887475728988,0,0.7955180406570435
0,0.0240586064755916,0,0.0282259043306112,0,0.0086588263511657,0,0.0170825719833374
0,0.0153684290125966,0,0.0188290979713201,0,0.1156670302152633,0,0.0419204868376255
0,0.0232623629271984,0,0.0101078292354941,0,0.2089396566152572,0,0.0976553410291671
0,0.0114754699170589,0,0.001614860841073,0,0.0061851474456489,0,0.0031059137545526
0,0.0270826425403356,0,0.0099156079813838,0,0.0046255360357463,0,0.0289691518992185
0,0.0038392839487642,0,0.0005610297084785,0,0.001984184840694,0,0.002190220169723
0,0.0135011915117502,0,0.0015408149920403,0,0.0044132587499916,0,0.0020208796486258
0,0.0043219784274697,0,0.0010002728085964,0,0.0029186098836362,0,0.0034178749192506
0,0.0165731627494096,0,0.0021488962229341,0,0.0084007550030946,0,0.0044095125049352
0,0.0039832592010498,0,0.0008220573072321,0,0.0017327860696241,0,0.0092817097902297
0,0.0604204572737216,0,0.0020240142475813,0,0.0291458517313003,0,0.0581215173006057
0,0.0350134335458278,0,0.0024878629483282,0,0.0187173914164304,0,0.2281078249216079
0,0.0282331705093383,0,0.0091281561180949,0,0.0034037719015032,0,0.0030456667300313
0,0.014056640677154,0,0.009497526101768,0,0.0274768117815256,0,0.0023519368842244
0,0.0062908977270126,0,0.0045302766375243,0,0.0057888678275048,0,0.0038968021981418
0,0.0137971742078661,0,0.0071336203254759,0,0.0070974631235003,0,0.0005004229024052
0,0.0228572878986597,0,0.0069811553694307,0,0.0266119875013828,0,0.0121082430705428
0,0.0088036619126796,0,0.0061008287593722,0,0.0177336987107992,0,0.0022805365733802
0,0.5107606053352356,0,0.2453905791044235,0,0.5665990114212036,0,0.4595880508422851
0,0.0378649793565273,0,0.2167142033576965,0,0.0801253393292427,0,0.0369627065956592
0,0.0423355624079704,0,0.0019188411533832,0,0.0034443880431354,0,0.0055204592645168
0,0.0235769506543874,0,0.023933507502079,0,0.0152205508202314,0,0.0047341980971395
0,0.0508068092167377,0,0.1128198876976966,0,0.0668684616684913,0,0.0211099833250045
0,0.0290716849267482,0,0.0404205992817878,0,0.0183666758239269,0,0.0038323362823575
0,0.0856772661209106,0,0.0132414940744638,0,0.0295952949672937,0,0.007430703844875
0,0.0051912809722125,0,0.002505752723664,0,0.005931181833148,0,0.0024465958122164
0,0.0053975787013769,0,0.0046686865389347,0,0.0131352646276354,0,0.0048553314991295
0,0.2395910024642944,0,0.0194928925484418,0,0.0622339807450771,0,0.0315153710544109
0,0.1966183185577392,0,0.0088211260735988,0,0.0235235840082168,0,0.0183383356779813
0,0.1030196100473404,0,0.0064362213015556,0,0.1824066340923309,0,0.0032866250257939
0,0.1010950803756713,0,0.0099129872396588,0,0.1987659931182861,0,0.0032323859632015
0,0.1472335159778595,0,0.0227251965552568,0,0.0549951009452343,0,0.0113765280693769
0,0.0120088662952184,0,0.0056896228343248,0,0.0363119654357433,0,0.0084843998774886
0,0.0075553930364549,0,0.006485276389867,0,0.0326733067631721,0,0.0119512844830751
0,0.0352621488273143,0,0.0432943925261497,0,0.0450960174202919,0,0.0896845310926437
0,0.0784250870347023,0,0.1933928728103637,0,0.3281851410865783,0,0.0620459839701652
0,0.0237116813659667,0,0.0967644825577735,0,0.0237570665776729,0,0.032141838222742
0,0.6057472229003906,0,0.925680696964264,0,0.5939333438873291,0,0.6950864195823669
0,0.5453252196311951,0,0.8375098705291748,0,0.2324428856372833,0,0.0473318547010421
0,0.5935639142990112,0,0.8005803823471069,0,0.4250426590442657,0,0.9401697516441344
0,0.0212123710662126,0,0.0894189625978469,0,0.038098219782114,0,0.0118062142282724
0,0.0463101007044315,0,0.0163834579288959,0,0.0156874731183052,0,0.0015167767414823
0,0.0311925131827592,0,0.0103417159989476,0,0.0143680730834603,0,0.0026759859174489
0,0.0140806762501597,0,0.0139304250478744,0,0.0131734255701303,0,0.0052779880352318
0,0.0385205149650573,0,0.0020060369279235,0,0.0223881267011165,0,0.1417068094015121
0,0.0134325446560978,0,0.0070386584848165,0,0.0074725272133946,0,0.0030835911165922
0,0.1797163635492324,0,0.022402448579669,0,0.0127886775881052,0,0.0075566368177533
0,0.0067613269202411,0,0.0009944504126906,0,0.0169322229921817,0,0.0122280679643154
0,0.2421375662088394,0,0.0643868222832679,0,0.0331772379577159,0,0.4550321102142334
0,0.0057685952633619,0,0.00300725386478,0,0.0036451609339565,0,0.0058716144412755
0,0.0020299404859542,0,0.0036985855549573,0,0.0106168193742632,0,0.0009809181792661
0,0.0061147520318627,0,0.0130939083173871,0,0.0052837012335658,0,0.0104572074487805
0,0.0024011151399463,0,0.0044030030257999,0,0.0123732974752783,0,0.0026890067383646
0,0.5741901397705078,0,0.1925570219755172,0,0.7990785241127014,0,0.0264960266649723
0,0.0672496110200882,0,0.0163062550127506,0,0.0091175641864538,0,0.0050124358385801
0,0.0075874491594731,0,0.0059032090939581,0,0.0325417965650558,0,0.0084958244115114
0,0.0045566093176603,0,0.0051061119884252,0,0.0194232072681188,0,0.0127383442595601
0,0.0884952768683433,0,0.0089182965457439,0,0.006358272396028,0,0.0050863912329077
0,0.356130838394165,0,0.2719582915306091,0,0.8230339288711548,0,0.0521013848483562
0,0.0102509772405028,0,0.0037933166604489,0,0.0027076385449618,0,0.011284832842648
0,0.071871094405651,0,0.0122268702834844,0,0.0076197925955057,0,0.0048502427525818
0,0.0055279931984841,0,0.0049974331632256,0,0.0199979692697525,0,0.0120933428406715
0,0.3399275243282318,0,0.2615985572338104,0,0.8290481567382812,0,0.0364679880440235
0,0.0076950173825025,0,0.0021772179752588,0,0.0093872807919979,0,0.0019282354041934
0,0.0031181313097476,0,0.0012838402763009,0,0.0057087810710072,0,0.0014976547099649
0,0.0080457935109734,0,0.0037078782916069,0,0.0128456437960267,0,0.0033039385452866
0,0.2649068534374237,0,0.2731995284557342,0,0.1488430798053741,0,0.7927058339118958
0,0.0111652836203575,0,0.0173873025923967,0,0.2366080731153488,0,0.1735370308160781
0,0.0057155056856572,0,0.0003687064745463,0,0.0037741651758551,0,0.0246427487581968
0,0.0017218792345374,0,0.0002053842908935,0,0.00608566775918,0,0.0601752586662769
0,0.0160896740853786,0,0.0175761096179485,0,0.2829668521881103,0,0.2576940655708313
0,0.0023343586362898,0,0.0044477060437202,0,0.0180044751614332,0,0.0039215753786265
0,0.0169236604124307,0,0.0072348555549979,0,0.0349764041602611,0,0.0606258511543273
0,0.0580242834985256,0,0.2313895523548126,0,0.1132652834057807,0,0.0442839264869689
0,0.5477316379547119,0,0.6015878915786743,0,0.2707602977752685,0,0.8828834891319275
0,0.941253900527954,0,0.7011725902557373,0,0.8449669480323792,0,0.8048078417778015
0,0.9493185877799988,0,0.7626698017120361,0,0.4955741763114929,0,0.9499675035476683
0,0.8391178846359253,0,0.0710165500640869,0,0.2288309633731842,0,0.2522392570972442
0,0.003647678066045,0,0.0018422901630401,0,0.0051771602593362,0,0.0027241739444434
0,0.0013923489023,0,0.0010532044107094,0,0.0039683249779045,0,0.0013833518605679
0,0.4639860093593597,0,0.1536574959754943,0,0.2860265672206878,0,0.0794537290930748
0,0.2354716062545776,0,0.0217484347522258,0,0.1884288489818573,0,0.1643780618906021
0,0.0062659848481416,0,0.0105279292911291,0,0.0036124878097325,0,0.0067360666580498
0,0.0159423630684614,0,0.0039664879441261,0,0.0113878594711422,0,0.0418206863105297
0,0.0613904409110546,0,0.0019894493743777,0,0.003364193951711,0,0.0042293919250369
0,0.0066701378673315,0,0.0060735917650163,0,0.0122471684589982,0,0.0042582144960761
0,0.0022499579936265,0,0.0019079527119174,0,0.0069629875943064,0,0.0157956406474113
0,0.0736672580242157,0,0.1806195676326751,0,0.0192299634218215,0,0.2899873554706573
0,0.2472295612096786,0,0.1250423938035965,0,0.0511792376637458,0,0.0572234168648719
0,0.0096520222723484,0,0.0045549506321549,0,0.0163596291095018,0,0.0047927941195666
0,0.2764435708522796,0,0.3395744562149048,0,0.3628851771354675,0,0.4458731710910797
0,0.4311399757862091,0,0.6924596428871155,0,0.0449827164411544,0,0.6124466061592102
0,0.2285629659891128,0,0.6339109539985657,0,0.0901678800582885,0,0.4778537452220917
0,0.2308111488819122,0,0.579480767250061,0,0.0660796239972114,0,0.3709237277507782
0,0.0900008603930473,0,0.0191799364984035,0,0.0335986167192459,0,0.5642915964126587
0,0.3015646040439605,0,0.3182171583175659,0,0.3441032469272613,0,0.3274716734886169
0,0.0975157395005226,0,0.0047667678445577,0,0.0157571304589509,0,0.3850154876708984
0,0.2625648081302643,0,0.599542498588562,0,0.066193476319313,0,0.39390629529953
0,0.3303443491458893,0,0.485465794801712,0,0.4167761206626892,0,0.5068702697753906
0,0.0094835273921489,0,0.0057094413787126,0,0.0128975426778197,0,0.002125019673258
0,0.0066338470205664,0,0.0275230947881937,0,0.0076507059857249,0,0.0179616250097751
0,0.0104097286239266,0,0.1172444000840187,0,0.0503239706158638,0,0.0207226946949958
0,0.00841626804322,0,0.0008195252157747,0,0.008511109277606,0,0.0096422536298632
0,0.6020093560218811,0,0.4019034206867218,0,0.0621846728026866,0,0.3193848729133606
0,0.1120497956871986,0,0.0012410979252308,0,0.1284879297018051,0,0.4962777197360992
0,0.0746823400259018,0,0.0033089169301092,0,0.1962843388319015,0,0.5737485289573669
0,0.0285471323877573,0,0.0022522981744259,0,0.1042180880904197,0,0.2825472354888916
0,0.8916478753089905,0,0.6230155229568481,0,0.4289599955081939,0,0.4933145046234131
0,0.7904390096664429,0,0.5616885423660278,0,0.0328145809471607,0,0.0340677537024021
0,0.7994858026504517,0,0.7485083341598511,0,0.3297483921051025,0,0.945946455001831
0,0.003867145627737,0,0.0007746930932626,0,0.0113588757812976,0,0.0079031335189938
0,0.0044743842445313,0,0.0008444327395409,0,0.059897530823946,0,0.0131238894537091
0,0.0060796397738158,0,0.0269951876252889,0,0.0789953470230102,0,0.0092878332361578
0,0.0689635053277015,0,0.0156521555036306,0,0.1176826953887939,0,0.0269831474870443
0,0.0053009139373898,0,0.0020690823439508,0,0.026544451713562,0,0.0103450790047645
0,0.0036679247859865,0,0.0019162711687386,0,0.0350971445441246,0,0.00950163975358
0,0.0986167266964912,0,0.0161892268806695,0,0.1007674038410186,0,0.0083709796890616
0,0.0039253043942153,0,0.002572942757979,0,0.0505488440394401,0,0.0058572418056428
0,0.4642010629177093,0,0.1284964829683303,0,0.154493361711502,0,0.0332732573151588
0,0.2638206481933594,0,0.272368311882019,0,0.0215980298817157,0,0.1513988524675369
0,0.0994439721107482,0,0.17967090010643,0,0.026229279115796,0,0.5421110391616821
0,0.2529470324516296,0,0.4208381175994873,0,0.028940413147211,0,0.7439824342727661
0,0.1300395131111145,0,0.0039249705150723,0,0.0022642898838967,0,0.004416134674102
0,0.0081804981455206,0,0.0206825472414493,0,0.0269123222678899,0,0.0054145259782671
0,0.0033766296692192,0,0.0017200345173478,0,0.0972755849361419,0,0.0084097487851977
0,0.0051354016177356,0,0.1694213300943374,0,0.1947714388370514,0,0.0281997825950384
0,0.020179072394967,0,0.0494107641279697,0,0.0189531240612268,0,0.0642806440591812
0,0.0284633673727512,0,0.0456344448029994,0,0.004761547781527,0,0.0133382938802242
0,0.0234600994735956,0,0.0650643110275268,0,0.0161498431116342,0,0.0983907580375671
0,0.0099869025871157,0,0.0247914902865886,0,0.0048450711183249,0,0.0299526434391737
0,0.0031727899331599,0,0.0025670218747109,0,0.0414187759160995,0,0.0023420280776917
0,0.0122860223054885,0,0.0097696483135223,0,0.0221885330975055,0,0.004646454937756
0,0.00439776154235,0,0.0006954123382456,0,0.003996314946562,0,0.0015985888894647
0,0.0109207509085536,0,0.0067069153301417,0,0.0126818902790546,0,0.0050153383053839
0,0.0048275631852447,0,0.0009134397841989,0,0.0031375682447105,0,0.0023120378609746
0,0.003635668894276,0,0.0034269355237483,0,0.0090259332209825,0,0.0041243913583457
0,0.0194605141878128,0,0.000917965255212,0,0.0050534894689917,0,0.0016121346270665
0,0.003360153408721,0,0.0333859324455261,0,0.0452700108289718,0,0.0169458724558353
0,0.0182655528187751,0,0.0010598020162433,0,0.0057991580106318,0,0.0015722271054983
0,0.0062398724257946,0,0.0308859646320343,0,0.008067469112575,0,0.0112889790907502
0,0.0030555615667253,0,0.0277628861367702,0,0.066600777208805,0,0.0869306847453117
0,0.0513134859502315,0,0.0011150605278089,0,0.0072654732502996,0,0.0015036271652206
0,0.00384002760984,0,0.095456875860691,0,0.0610453449189662,0,0.0246704928576946
0,0.0293097700923681,0,0.0972865372896194,0,0.0048810867592692,0,0.0010558436624705
0,0.0053619551472365,0,0.038434449583292,0,0.0058199656195938,0,0.0031506123486906
0,0.0192900132387876,0,0.0683053359389305,0,0.0055792136117815,0,0.005660337395966
0,0.0102951740846037,0,0.0292306467890739,0,0.0126126380637288,0,0.0084415152668952
0,0.0027468015905469,0,0.0002429016749374,0,0.0070020910352468,0,0.018708448857069
0,0.0024608627427369,0,0.0002713053836487,0,0.0047991960309445,0,0.0146918874233961
0,0.6969431638717651,0,0.8311811089515686,0,0.4691500663757324,0,0.5022966265678406
0,0.6234406232833862,0,0.8438214659690857,0,0.6608590483665466,0,0.3911347687244415
0,0.7736734747886658,0,0.857276976108551,0,0.6954829096794128,0,0.7568541169166565
0,0.0128914313390851,0,0.0011130705242976,0,0.0065888571552932,0,0.011742353439331
0,0.0457770153880119,0,0.64480060338974,0,0.1522516161203384,0,0.1513740122318267
0,0.004133092239499,0,0.0304077789187431,0,0.0098293265327811,0,0.0191826820373535
0,0.0135777164250612,0,0.0014179635327309,0,0.0066341082565486,0,0.0114336190745234
0,0.1342334747314453,0,0.1086108684539794,0,0.0140153244137763,0,0.1502687484025955
0,0.0049061388708651,0,0.0910734012722969,0,0.0158116985112428,0,0.0503226071596145
0,0.0087306722998619,0,0.0016601795796304,0,0.004689774941653,0,0.0055043431930243
0,0.0618770532310009,0,0.2446147799491882,0,0.0434749871492385,0,0.2161214798688888
0,0.0018397795502096,0,0.0302418675273656,0,0.0446060448884964,0,0.0070285378023982
0,0.7877736687660217,0,0.4840745329856872,0,0.6802093386650085,0,0.90009605884552
0,0.037051472812891,0,0.3235302567481994,0,0.4255261421203613,0,0.1077264845371246
0,0.0061080530285835,0,0.0049796155653893,0,0.006711458787322,0,0.0018055281834676
0,0.0706804916262626,0,0.3188655972480774,0,0.3555493354797363,0,0.1435090750455856
0,0.0078197829425334,0,0.0043101403862237,0,0.0032624588347971,0,0.0032528748270124
0,0.0319681204855442,0,0.2434902936220169,0,0.4468057453632355,0,0.1246030926704406
0,0.0083904489874839,0,0.0044920165091753,0,0.0051957452669739,0,0.0025764033198356
0,0.0271859560161829,0,0.0258344747126102,0,0.4219286441802978,0,0.0150391673669219
0,0.0129468264058232,0,0.0112481610849499,0,0.028314683586359,0,0.0014621176524087
0,0.0311930030584335,0,0.0338851176202297,0,0.4655366837978363,0,0.0111960917711257
0,0.0035526594147086,0,0.0012381655396893,0,0.0017708735540509,0,0.0009086991194635
0,0.4834166765213012,0,0.7434871792793274,0,0.3523075580596924,0,0.6531040668487549
0,0.7593927979469299,0,0.8776648044586182,0,0.4838804602622986,0,0.2367984056472778
0,0.6606611013412476,0,0.2175330072641372,0,0.2092113941907882,0,0.7409488558769226
0,0.0137091092765331,0,0.0550138279795646,0,0.0682490617036819,0,0.0084917284548282
0,0.7773593664169312,0,0.8702256679534912,0,0.4460091590881347,0,0.2036282867193222
0,0.7502976059913635,0,0.4144943952560425,0,0.3666414320468902,0,0.8279222846031189
0,0.0157325826585292,0,0.0902626290917396,0,0.1004833802580833,0,0.0179605837911367
0,0.0048291007988154,0,0.0012890483485534,0,0.013801340945065,0,0.0103672612458467
0,0.7761687636375427,0,0.8528338074684143,0,0.3724420666694641,0,0.1994331777095794
0,0.7373411059379578,0,0.486952394247055,0,0.4018567502498626,0,0.7640405893325806
0,0.0203760061413049,0,0.2134022861719131,0,0.2560326159000397,0,0.0582525134086608
0,0.0032935929484665,0,0.0014585104072466,0,0.006267930381,0,0.0035445541143417
0,0.1581170111894607,0,0.0915310159325599,0,0.1594687849283218,0,0.4355028569698334
0,0.2289149314165115,0,0.0069444398395717,0,0.020746624097228,0,0.1209246963262558
1,0.4959085285663605,1,0.5947864055633545,1,0.7222486734390259,1,0.4061603248119354
1,0.5404011607170105,1,0.6841720342636108,1,0.8159712553024292,1,0.33295738697052
1,0.3438224792480469,1,0.5599554181098938,1,0.7962416410446167,1,0.1779038906097412
1,0.5795270800590515,1,0.8339723944664001,1,0.7458254098892212,1,0.2577030658721924
1,0.6679536700248718,1,0.9640413522720336,1,0.7601597309112549,1,0.9081987738609314
1,0.4745150506496429,1,0.8560307025909424,1,0.5991292595863342,1,0.0860446020960807
1,0.2425165325403213,1,0.6819093823432922,1,0.0597400218248367,1,0.6620872020721436
1,0.4336177110671997,1,0.8480168581008911,1,0.1287304162979126,1,0.8233744502067566
1,0.1132181212306022,1,0.2356247901916504,1,0.9045398831367492,1,0.7667707204818726
1,0.3112490475177765,1,0.812174379825592,1,0.0605119094252586,1,0.3830907940864563
1,0.1292505413293838,1,0.2023032158613205,1,0.2706964910030365,1,0.0339794009923934
1,0.5617363452911377,1,0.7970237731933594,1,0.7056929469108582,1,0.5048108100891113
1,0.0235635768622159,1,0.0065053361468017,1,0.0313311442732811,1,0.0185358915477991
1,0.5731777548789978,1,0.6899901628494263,1,0.2515485882759094,1,0.1101182475686073
1,0.6336975693702698,1,0.6998938322067261,1,0.2125116884708404,1,0.0886199027299881
1,0.7564343214035034,1,0.6073399186134338,1,0.5121844410896301,1,0.5569105744361877
1,0.424610823392868,1,0.7563456296920776,1,0.3206587433815002,1,0.3207993507385254
1,0.30440154671669,1,0.7876860499382019,1,0.2423726320266723,1,0.2981427907943725
1,0.6441670656204224,1,0.6445762515068054,1,0.0517313741147518,1,0.9053601622581482
1,0.428711324930191,1,0.7274176478385925,1,0.0952050909399986,1,0.2013340592384338
1,0.3238803148269653,1,0.3133375346660614,1,0.0792859122157096,1,0.0666816607117652
1,0.4792878031730652,1,0.809969425201416,1,0.2503485381603241,1,0.1496219635009765
1,0.1227802038192749,1,0.6472499966621399,1,0.0219758115708827,1,0.099555030465126
1,0.5490540862083435,1,0.7576726675033569,1,0.3314328789710998,1,0.2959177494049072
1,0.5155182480812073,1,0.7945435643196106,1,0.5697222352027893,1,0.6860848069190979
1,0.0726155564188957,1,0.0103916181251406,1,0.202078640460968,1,0.0294501669704914
1,0.9666752815246582,1,0.961254358291626,1,0.9785828590393066,1,0.9956904053688048
0,0.0722235590219497,0,0.2631098628044128,0,0.0804481133818626,0,0.0054065664298832
0,0.0074547384865581,0,0.0176215171813964,0,0.0054334145970642,0,0.0199592467397451
0,0.0031713331118226,0,0.000421399861807,0,0.0008995226817205,0,0.0005866720457561
0,0.0029911971651017,0,0.0009637263719923,0,0.0012694092001765,0,0.0008235751884058
0,0.0247678700834512,0,0.0575292706489563,0,0.028381697833538,0,0.0062879179604351
0,0.6935043334960938,0,0.4917469024658203,0,0.4175871312618255,0,0.6697460412979126
0,0.0282658971846103,0,0.0657268166542053,0,0.0236818958073854,0,0.0089520690962672
0,0.7409553527832031,0,0.4980683028697967,0,0.4196924567222595,0,0.841058075428009
0,0.0113949542865157,0,0.0065568215213716,0,0.0641381219029426,0,0.0067585189826786
0,0.2003444135189056,0,0.1908090412616729,0,0.029646748676896,0,0.0353773571550846
0,0.0204996019601821,0,0.0302710998803377,0,0.0553185641765594,0,0.0957625582814216
0,0.093679279088974,0,0.0101144919171929,0,0.074667602777481,0,0.0838054046034812
0,0.2471689581871032,0,0.9160819053649902,0,0.4548104703426361,0,0.9074872732162476
0,0.0313765965402126,0,0.0266339126974344,0,0.0179077498614788,0,0.0180651862174272
0,0.071362517774105,0,0.600663423538208,0,0.1438701152801513,0,0.1180020198225975
0,0.0238374471664428,0,0.0158190298825502,0,0.1188711822032928,0,0.0360630080103874
0,0.0110202208161354,0,0.0104305911809206,0,0.1514373868703842,0,0.0438032485544681
0,0.0068685705773532,0,0.0106761464849114,0,0.3479625284671783,0,0.2149172872304916
0,0.0037694836501032,0,0.0082338079810142,0,0.1436372399330139,0,0.013213125988841
0,0.0151319587603211,0,0.0082003334537148,0,0.3268831670284271,0,0.1193827837705612
0,0.4544269442558288,0,0.5907689929008484,0,0.0532051660120487,0,0.0371602922677993
0,0.2829475998878479,0,0.4529207050800323,0,0.0526226833462715,0,0.0459989421069622
0,0.9465683698654176,0,0.9501609206199646,0,0.5186581611633301,0,0.991676926612854
0,0.0040064249187707,0,0.0026102443225681,0,0.0019862509798258,0,0.0341601110994815
0,0.6504349112510681,0,0.2479335665702819,0,0.113804280757904,0,0.1357743442058563
0,0.6522029042243958,0,0.3328371047973633,0,0.1633050739765167,0,0.2369983047246933
0,0.0345162078738212,0,0.2175619602203369,0,0.009605404920876,0,0.0102164288982748
0,0.4776059687137604,0,0.3462099134922027,0,0.1818181574344635,0,0.5421249270439148
0,0.5141240358352661,0,0.4889072477817535,0,0.0873976498842239,0,0.3065537214279175
0,0.0114166159182786,0,0.0165407937020063,0,0.0131467720493674,0,0.1774072051048278
0,0.0117303133010864,0,0.0018211711430922,0,0.0156636554747819,0,0.0071701677516102
0,0.0100223291665315,0,0.0144221689552068,0,0.0023973023053258,0,0.0060409903526306
0,0.003258243901655,0,0.0025901377666741,0,0.0050050360150635,0,0.0025427711661905
0,0.0951153934001922,0,0.0075441310182213,0,0.094121515750885,0,0.0210250113159418
0,0.0524389222264289,0,0.001574034220539,0,0.0118677392601966,0,0.0238311197608709
0,0.0767539367079734,0,0.0094519332051277,0,0.0069580180570483,0,0.002481379546225
0,0.003743961919099,0,0.0012532520340755,0,0.0028864855412393,0,0.0018059029243886
0,0.0073598236776888,0,0.0021868431940674,0,0.003093980718404,0,0.0024186221417039
0,0.0098647633567452,0,0.0080698123201727,0,0.0263186246156692,0,0.0051209195517003
0,0.0056747603230178,0,0.0023095752112567,0,0.0045355758629739,0,0.0016726346220821
0,0.0073149558156728,0,0.0069949333555996,0,0.0095776645466685,0,0.0037026323843747
0,0.1627760380506515,0,0.030418636277318,0,0.0807327404618263,0,0.0881428718566894
0,0.0151709076017141,0,0.0129666021093726,0,0.034737329930067,0,0.0063242362812161
0,0.0042460868135094,0,0.000390349450754,0,0.0029908318538218,0,0.0008652271353639
0,0.0044268411584198,0,0.0025778813287615,0,0.0038471661973744,0,0.0014340196503326
0,0.0047607864253222,0,0.0068981805816292,0,0.0064422888681292,0,0.0014920344110578
0,0.005778525955975,0,0.0173529405146837,0,0.017726607620716,0,0.0644716694951057
0,0.4136259853839874,0,0.0681917890906333,0,0.4183228611946106,0,0.4405847191810608
0,0.0058726025745272,0,0.0070720873773097,0,0.0196553468704223,0,0.0037951569538563
0,0.2935727536678314,0,0.0392917655408382,0,0.1298025101423263,0,0.2050777822732925
0,0.1118629351258277,0,0.0484239719808101,0,0.3821623921394348,0,0.1245112270116806
0,0.009861946105957,0,0.0065407892689108,0,0.0228030439466238,0,0.0035594294313341
0,0.0704802647233009,0,0.0264825299382209,0,0.084031693637371,0,0.1335349977016449
0,0.1251605153083801,0,0.0224127862602472,0,0.0801424905657768,0,0.1161529123783111
0,0.0374760702252388,0,0.033120609819889,0,0.0294763799756765,0,0.0047190501354634
0,0.0377285592257976,0,0.0211979914456605,0,0.0498279519379138,0,0.0058321892283856
0,0.1252957731485366,0,0.0567116513848304,0,0.0738686397671699,0,0.0146163841709494
0,0.0057505052536726,0,0.0014739984180778,0,0.0016079588094726,0,0.0016311085782945
0,0.0028879586607217,0,0.0017128296894952,0,0.0017298985039815,0,0.0012130406685173
0,0.0217399448156356,0,0.0209426134824752,0,0.014260159805417,0,0.0155967241153121
0,0.0160358939319849,0,0.0061354106292128,0,0.0045213950797915,0,0.0885984525084495
0,0.0056480136699974,0,0.0040542571805417,0,0.0049138809554278,0,0.0015386575832962
0,0.0235194265842437,0,0.0196421686559915,0,0.0257953815162181,0,0.0056315227411687
0,0.0090773869305849,0,0.0043741324916481,0,0.0045944000594317,0,0.3369943797588348
0,0.0038295811973512,0,0.0074753896333277,0,0.0171738993376493,0,0.0032227616757154
0,0.0036459157709032,0,0.0016546013066545,0,0.016453243792057,0,0.004116493742913
0,0.0072740390896797,0,0.004067244939506,0,0.0106259593740105,0,0.0021449704654514
0,0.0073671815916895,0,0.0023714976850897,0,0.0018519650911912,0,0.0022042465861886
0,0.0079647824168205,0,0.0042458525858819,0,0.0187396425753831,0,0.0026139214169234
0,0.0069339382462203,0,0.008333078585565,0,0.0029089788440614,0,0.0036647964734584
0,0.5711051821708679,0,0.5318986177444458,0,0.1637801080942154,0,0.7738164663314819
0,0.0041139088571071,0,0.0014598998241126,0,0.0045171519741415,0,0.0026423616800457
0,0.0078264493495225,0,0.002525141229853,0,0.0092263799160718,0,0.0024285838007926
0,0.0270952116698026,0,0.0077644395641982,0,0.0454491041600704,0,0.0099747516214847
0,0.0122792078182101,0,0.0048874504864215,0,0.0258172303438186,0,0.0130222607403993
0,0.0037250001914799,0,0.0139803783968091,0,0.0183363780379295,0,0.0007437085150741
0,0.4584991037845611,0,0.4546182155609131,0,0.0610070936381816,0,0.5719374418258667
0,0.3891601860523224,0,0.3128271102905273,0,0.0343034863471984,0,0.8153547048568726
0,0.2175639569759369,0,0.1574269086122512,0,0.1058798283338546,0,0.3760394155979156
0,0.3235801458358764,0,0.3090681135654449,0,0.1254849731922149,0,0.4082127511501312
0,0.3836275637149811,0,0.0450971014797687,0,0.3382621705532074,0,0.6999326944351196
0,0.211643099784851,0,0.0098498938605189,0,0.144231379032135,0,0.4104462265968323
0,0.0125485127791762,0,0.000855550460983,0,0.0041671935468912,0,0.0022134906612336
0,0.0059030158445239,0,0.0095504056662321,0,0.0057092979550361,0,0.0054410290904343
0,0.0092058070003986,0,0.0087572429329156,0,0.0058079259470105,0,0.0026210395153611
0,0.4682746231555938,0,0.3522095680236816,0,0.468342125415802,0,0.4631412029266357
0,0.0025076640304178,0,0.0007130650919862,0,0.0045465063303709,0,0.0018465617904439
0,0.1202307641506195,0,0.0848206430673599,0,0.1045018136501312,0,0.6698737740516663
0,0.484271377325058,0,0.0089670782908797,0,0.0183795858174562,0,0.3977201282978058
0,0.0544157400727272,0,0.003212691983208,0,0.0899534747004509,0,0.0151847572997212
0,0.0067891925573349,0,0.0019564479589462,0,0.0252052247524261,0,0.0035443338565528
0,0.015166575089097,0,0.0209156200289726,0,0.0758243054151535,0,0.0052893310785293
0,0.0080550014972686,0,0.0070832064375281,0,0.020428916439414,0,0.0039082337170839
0,0.0075790272094309,0,0.007288594264537,0,0.0415790900588035,0,0.0017447477439418
0,0.0330042354762554,0,0.0171217434108257,0,0.0114569086581468,0,0.0025858569424599
0,0.0080289943143725,0,0.0033127784263342,0,0.0053262524306774,0,0.0030674694571644
0,0.1664476692676544,0,0.0378370583057403,0,0.3367954790592193,0,0.0357848480343818
0,0.0152147412300109,0,0.0140800205990672,0,0.0090962564572691,0,0.0039031654596328
0,0.0878652185201644,0,0.004682604689151,0,0.0130644384771585,0,0.0131344972178339
0,0.094582661986351,0,0.1033638715744018,0,0.0187799707055091,0,0.407716155052185
0,0.0349750444293022,0,0.0366156436502933,0,0.0262510888278484,0,0.3774097561836242
0,0.0076349768787622,0,0.002317942911759,0,0.0102264732122421,0,0.000905679014977
0,0.0656229481101036,0,0.0470605306327343,0,0.0128874192014336,0,0.0069234645925462
0,0.0094854487106204,0,0.0268589779734611,0,0.0060408217832446,0,0.017913008108735
0,0.0195515174418687,0,0.0037911836989223,0,0.0301117692142725,0,0.0752491503953933
0,0.0339072309434413,0,0.0005982150323688,0,0.0087379096075892,0,0.1760293245315551
0,0.0239312145859003,0,0.0058223246596753,0,0.0551148429512977,0,0.2526718378067016
0,0.0105297323316335,0,0.0162650886923074,0,0.0065845581702888,0,0.0129780927672982
0,0.0178466979414224,0,0.0044044032692909,0,0.0289214476943016,0,0.1621543765068054
0,0.4824822545051574,0,0.19078229367733,0,0.1555853933095932,0,0.9390965104103088
0,0.1337663531303405,0,0.0119660524651408,0,0.1852290332317352,0,0.8953595161437988
0,0.0050669210031628,0,0.0101105161011219,0,0.0039108707569539,0,0.003172897035256
0,0.0062948246486485,0,0.0025161218363791,0,0.0045755035243928,0,0.0054918127134442
0,0.005208752118051,0,0.0069415336474776,0,0.0049084024503827,0,0.0047362656332552
0,0.0088143702596426,0,0.0036041494458913,0,0.0057534640654921,0,0.0107676144689321
0,0.0057090106420218,0,0.0035346010699868,0,0.0091594858095049,0,0.0053911856375634
0,0.0285243690013885,0,0.005532206967473,0,0.0159499738365411,0,0.0065474207513034
0,0.0032036923803389,0,0.0023651281371712,0,0.0018684256356209,0,0.0011722875060513
0,0.0242279060184955,0,0.0278022643178701,0,0.0246609505265951,0,0.014231901615858
0,0.2429128587245941,0,0.0105392197147011,0,0.0245999656617641,0,0.0587849579751491
0,0.0194181911647319,0,0.0024311984889209,0,0.004070050548762,0,0.0016890011029317
0,0.3359074592590332,0,0.020394654944539,0,0.085644356906414,0,0.079316459596157
0,0.0024843721184879,0,0.003696470754221,0,0.0051675545983016,0,0.0006841165595687
0,0.004518462345004,0,0.0019863273482769,0,0.0017055867938324,0,0.0019201638642698
0,0.0038848472759127,0,0.0023028212599456,0,0.0068926336243748,0,0.0034849341027438
0,0.0062029818072915,0,0.0048490115441381,0,0.0104263247922062,0,0.0109232906252145
0,0.0026961301919072,0,0.0016026084776967,0,0.0050945156253874,0,0.0056714862585067
0,0.0052707553841173,0,0.0011869786540046,0,0.0009558771271258,0,0.0005436784704215
0,0.0059911138378083,0,0.0090005062520504,0,0.0080908285453915,0,0.0023403484374284
0,0.0148021234199404,0,0.0018558274023234,0,0.0081196026876568,0,0.011028429493308
0,0.0028231753967702,0,0.0047017741017043,0,0.0092319268733263,0,0.011783754453063
0,0.2732122540473938,0,0.0353991948068141,0,0.0686021894216537,0,0.019236359745264
0,0.0326837375760078,0,0.5830968022346497,0,0.0342872068285942,0,0.086654782295227
0,0.0430184341967105,0,0.0654089525341987,0,0.0178112536668777,0,0.1206275969743728
0,0.0683080181479454,0,0.2324100881814956,0,0.1722755879163742,0,0.136082649230957
0,0.0101778162643313,0,0.0531708672642707,0,0.0170660689473152,0,0.0045836004428565
0,0.0096058268100023,0,0.0421812869608402,0,0.0128003740683197,0,0.0048410426825284
0,0.0085985120385885,0,0.056403212249279,0,0.0130291460081934,0,0.0049322806298732
0,0.1768883764743805,0,0.0595538206398487,0,0.008521675132215,0,0.2163971960544586
0,0.0526256188750267,0,0.0024867083411663,0,0.0055877603590488,0,0.0406529903411865
0,0.3404619991779327,0,0.2713292241096496,0,0.2028160244226455,0,0.0354004465043544
0,0.2768459618091583,0,0.0847053602337837,0,0.0402464345097541,0,0.3245275020599365
0,0.0150718074291944,0,0.001577433431521,0,0.0125234965234994,0,0.0574674308300018
0,0.1200307607650756,0,0.0898547917604446,0,0.1001099199056625,0,0.01208371296525
0,0.3705337345600128,0,0.0465965420007705,0,0.040212944149971,0,0.2966722846031189
0,0.0087119610980153,0,0.0034862924367189,0,0.0142451468855142,0,0.0257162172347307
0,0.0114235393702983,0,0.0072918995283544,0,0.0082977684214711,0,0.0397888198494911
0,0.8090628385543823,0,0.9075928926467896,0,0.592549741268158,0,0.2260110229253769
0,0.4624064564704895,0,0.916779637336731,0,0.3591570258140564,0,0.6487531661987305
0,0.5754302740097046,0,0.9595795273780824,0,0.3331830203533172,0,0.9160454869270324
0,0.0656182691454887,0,0.0116248875856399,0,0.0087744751945137,0,0.0021056642290204
0,0.0391821675002574,0,0.0094284880906343,0,0.00761344935745,0,0.0012888384517282
0,0.0088126249611377,0,0.0016363264294341,0,0.0169325806200504,0,0.0063322149217128
0,0.0076474081724882,0,0.0040972279384732,0,0.026418562978506,0,0.0146163431927561
0,0.0138838915154337,0,0.0024806950241327,0,0.0612163394689559,0,0.0043716225773096
0,0.0454826019704341,0,0.0033338253851979,0,0.0612946972250938,0,0.0167960226535797
0,0.1054001078009605,0,0.0025726000312715,0,0.046532716602087,0,0.101995512843132
0,0.4156010448932647,0,0.6109546422958374,0,0.4505063891410827,0,0.1505204290151596
0,0.0565066300332546,0,0.0108039360493421,0,0.0481621585786342,0,0.41422900557518
0,0.0204704385250806,0,0.0034758350811898,0,0.0876113176345825,0,0.033951174467802
0,0.0140717029571533,0,0.0070952898822724,0,0.0077592618763446,0,0.0916411876678466
0,0.0393487848341465,0,0.1080065071582794,0,0.0151970535516738,0,0.2871938645839691
0,0.6507654190063477,0,0.2933552861213684,0,0.1003053411841392,0,0.1238293126225471
0,0.04871117323637,0,0.004195375367999,0,0.0330497771501541,0,0.0861859619617462
0,0.0048657222650945,0,0.0022976209875196,0,0.0116271395236253,0,0.0293505005538463
0,0.0147162526845932,0,0.0077375150285661,0,0.0079786442220211,0,0.0182616002857685
0,0.3140934705734253,0,0.509364664554596,0,0.2351233661174774,0,0.0194901805371046
0,0.007116817869246,0,0.0015133303822949,0,0.0013275039382278,0,0.011049429886043
0,0.6658251881599426,0,0.4996645450592041,0,0.0986891463398933,0,0.1328268349170684
0,0.0457322485744953,0,0.0030152918770909,0,0.0220612827688455,0,0.083315335214138
0,0.0050333188846707,0,0.0024753543548285,0,0.0064257979393005,0,0.0079999212175607
0,0.0119112776592373,0,0.0065527199767529,0,0.0083965808153152,0,0.0170863196253776
0,0.0149653023108839,0,0.0140642616897821,0,0.0021328541915863,0,0.0201691668480634
0,0.5746333599090576,0,0.1673693507909774,0,0.0862292721867561,0,0.3216665089130401
0,0.0520047359168529,0,0.1947746574878692,0,0.0373467281460762,0,0.070078045129776
0,0.0695417895913124,0,0.069337747991085,0,0.0473908372223377,0,0.013133879750967
0,0.007819065824151,0,0.002137278439477,0,0.0031820859294384,0,0.0006887163617648
0,0.0046675479970872,0,0.0031156465411186,0,0.0023971104528754,0,0.0005663353949785
0,0.0070004733279347,0,0.0146465981379151,0,0.0160198453813791,0,0.0274342522025108
0,0.0629029497504234,0,0.0190789494663476,0,0.0998544618487358,0,0.0370646901428699
0,0.2757197320461273,0,0.7535647749900818,0,0.2478726059198379,0,0.6499890685081482
0,0.4868653416633606,0,0.8633909225463867,0,0.4707663953304291,0,0.5371531844139099
0,0.0196093004196882,0,0.1181190535426139,0,0.0181828681379556,0,0.0149119654670357
0,0.0624033659696579,0,0.2846572697162628,0,0.016295650973916,0,0.0695975795388221
0,0.0094979517161846,0,0.0010820878669619,0,0.0029722405597567,0,0.0047404118813574
0,0.0089394031092524,0,0.132973313331604,0,0.1103894785046577,0,0.4502778649330139
0,0.0305139068514108,0,0.100843921303749,0,0.0149753084406256,0,0.047968216240406
0,0.0095257237553596,0,0.0015766737051308,0,0.0035143760032951,0,0.0064444011077284
0,0.0885596275329589,0,0.1316850036382675,0,0.0481359511613845,0,0.0382303558290004
0,0.0081387348473072,0,0.2227017432451248,0,0.1411050111055374,0,0.2366986870765686
0,0.0513819828629493,0,0.0037042826879769,0,0.0082844691351056,0,0.006414895877242
0,0.1394181102514267,0,0.4506007134914398,0,0.0530444718897342,0,0.1462421864271164
0,0.009610241279006,0,0.0009925346821546,0,0.0034463643096387,0,0.0326635725796222
0,0.0064118788577616,0,0.2639051079750061,0,0.1591725647449493,0,0.3940267860889435
0,0.0067137358710169,0,0.0035704225301742,0,0.0128823919221758,0,0.004049596376717
0,0.0059035806916654,0,0.0019142711535096,0,0.0280478931963443,0,0.0035300478339195
0,0.011450613848865,0,0.0039207371883094,0,0.0300334990024566,0,0.0042400886304676
0,0.2937236130237579,0,0.5392879843711853,0,0.0468781366944313,0,0.0239245370030403
0,0.0151761453598737,0,0.0171830058097839,0,0.0071213752962648,0,0.0050124167464673
0,0.0062560252845287,0,0.0041836244054138,0,0.0075242631137371,0,0.0044093220494687
0,0.4138003289699554,0,0.8166457414627075,0,0.6857849359512329,0,0.9541140794754028
0,0.0081708738580346,0,0.0180438458919525,0,0.0293401163071393,0,0.05527850612998
0,0.0052774627692997,0,0.002140226541087,0,0.0054249670356512,0,0.0104795433580875
0,0.0480372495949268,0,0.026394797489047,0,0.0409587100148201,0,0.006309968419373
0,0.0098296562209725,0,0.0035570797044783,0,0.0112413438037037,0,0.014115490950644
0,0.0341936759650707,0,0.0463316515088081,0,0.0536641962826252,0,0.0055006775073707
0,0.005016004666686,0,0.0064151482656598,0,0.0074916421435773,0,0.0160269271582365
0,0.059447668492794,0,0.0512228608131408,0,0.03535633161664,0,0.0054270206019282
0,0.0117018390446901,0,0.0221475902944803,0,0.0385242030024528,0,0.049115065485239
0,0.0056124865077435,0,0.0072904024273157,0,0.0084299240261316,0,0.0145988818258047
0,0.005986560601741,0,0.0014168383786454,0,0.0092963529750704,0,0.0050097140483558
0,0.2055760025978088,0,0.4665880799293518,0,0.0249280855059623,0,0.1807684749364853
0,0.0276706367731094,0,0.0274662338197231,0,0.0149040604010224,0,0.0068086562678217
0,0.0073863929137587,0,0.0015008763875812,0,0.0249674264341592,0,0.0116629172116518
0,0.2669815421104431,0,0.6218023896217346,0,0.0244999770075082,0,0.0829046964645385
0,0.0557425320148468,0,0.026246678084135,0,0.0159423481673002,0,0.0055269915610551
0,0.2902949452400207,0,0.1372007578611374,0,0.5831776261329651,0,0.2353638559579849
0,0.0174964126199483,0,0.0904174521565437,0,0.0196301378309726,0,0.0964726656675338
0,0.1799897998571396,0,0.1391055285930633,0,0.0083689847961068,0,0.1274598687887191
0,0.0021410782355815,0,0.0003620522620622,0,0.0083681102842092,0,0.0225663036108016
0,0.0040148152038455,0,0.0016445778310298,0,0.0078434227034449,0,0.0101907318457961
0,0.0055343094281852,0,0.0036284886300563,0,0.0220154430717229,0,0.0075044455006718
0,0.0706662386655807,0,0.308122307062149,0,0.1661509722471237,0,0.0367879159748554
0,0.0046153343282639,0,0.0021908341441303,0,0.0079153375700116,0,0.0029077869839966
0,0.004203644581139,0,0.006625591777265,0,0.0172228068113327,0,0.0265516694635152
0,0.0045986846089363,0,0.0594377182424068,0,0.1002369821071624,0,0.0080764908343553
0,0.0048386240378022,0,0.00553082767874,0,0.0194721221923828,0,0.00115180935245
0,0.0092837968841195,0,0.0220699720084667,0,0.025857076048851,0,0.0024544133339077
0,0.0063871373422443,0,0.0082526672631502,0,0.0937928035855293,0,0.0025917496532201
0,0.0291388221085071,0,0.0024580503813922,0,0.0212594680488109,0,0.0110811023041605
0,0.0022302682045847,0,0.002383571350947,0,0.0025315324310213,0,0.004906197078526
0,0.0332608744502067,0,0.0059850770048797,0,0.0059487875550985,0,0.0026141838170588
0,0.0244037490338087,0,0.0124409263953566,0,0.02655197866261,0,0.0088960919529199
0,0.0086011216044425,0,0.0080500496551394,0,0.0074504916556179,0,0.0009992346167564
0,0.1064348891377449,0,0.0249086339026689,0,0.0619439855217933,0,0.0175564568489789
0,0.0138017367571592,0,0.0027277909684926,0,0.0041513894684612,0,0.0030569431837648
0,0.0148378517478704,0,0.0046428791247308,0,0.0034376760013401,0,0.005086219869554
0,0.1210267469286918,0,0.0397627651691436,0,0.0619135163724422,0,0.0177572946995496
0,0.3058037757873535,0,0.5379102230072021,0,0.5434576272964478,0,0.094997264444828
0,0.1362477391958236,0,0.7060691714286804,0,0.0442943796515464,0,0.0465523451566696
0,0.0153404148295521,0,0.042183481156826,0,0.1668513417243957,0,0.0211606845259666
0,0.0454628691077232,0,0.0031710094772279,0,0.0056393463164567,0,0.0073481635190546
0,0.1362814456224441,0,0.0156360231339931,0,0.0152195077389478,0,0.039651196449995
0,0.0155895669013261,0,0.0046264715492725,0,0.084583006799221,0,0.0054976032115519
0,0.0636043548583984,0,0.3330028653144836,0,0.2169309258460998,0,0.2212619036436081
0,0.0112671740353107,0,0.0016538453055545,0,0.0580068230628967,0,0.001660268753767
0,0.0638367682695388,0,0.0252125244587659,0,0.1989146471023559,0,0.1871996372938156
1,0.4041996300220489,1,0.7837406396865845,1,0.5679828524589539,1,0.8750160932540894
1,0.0059872735291719,1,0.0080480314791202,1,0.0745680779218673,1,0.0035915321204811
1,0.7604153156280518,1,0.8547619581222534,1,0.5870690941810608,1,0.6692270636558533
1,0.7675148248672485,1,0.8336057662963867,1,0.2002866715192794,1,0.7514896392822266
1,0.8067336082458496,1,0.9420039057731628,1,0.4744434356689453,1,0.7785410284996033
1,0.1930640935897827,1,0.0273853223770856,1,0.0781411379575729,1,0.0700881332159042
1,0.089226134121418,1,0.0326250083744525,1,0.0692111477255821,1,0.0539100766181945
1,0.2658092379570007,1,0.1450842022895813,1,0.105034627020359,1,0.1297915279865265
1,0.2777623832225799,1,0.010734636336565,1,0.0811854675412178,1,0.4905765652656555
1,0.3044697344303131,1,0.0185743048787117,1,0.0800086334347724,1,0.8491023182868958
1,0.5226604342460632,1,0.0671906992793083,1,0.1988757699728012,1,0.8064256906509399
1,0.3947064578533172,1,0.3211365342140198,1,0.1414496451616287,1,0.3476356863975525
1,0.7338289618492126,1,0.784639298915863,1,0.4317131638526916,1,0.670881450176239
1,0.063543751835823,1,0.000437747570686,1,0.0032751329708844,1,0.1710270196199417
1,0.907891035079956,1,0.8756857514381409,1,0.1999896615743637,1,0.8973861932754517
1,0.9579996466636658,1,0.8963234424591064,1,0.9590690732002258,1,0.9757201075553894
1,0.8919267058372498,1,0.8443193435668945,1,0.6001471877098083,1,0.7721835374832153
1,0.8864351511001587,1,0.7730804681777954,1,0.5834977030754089,1,0.8062137365341187
1,0.0062408070079982,1,0.0022126357071101,1,0.0095751779153943,1,0.0024643794167786
1,0.5388652682304382,1,0.4512547850608825,1,0.2651052176952362,1,0.882963240146637
1,0.4715446531772613,1,0.0350246615707874,1,0.0857098177075386,1,0.2007001191377639
0,0.0050540673546493,0,0.0268592722713947,0,0.0114740682765841,0,0.0123269297182559
0,0.0101715829223394,0,0.0046970630064606,0,0.0100921541452407,0,0.0380708575248718
0,0.0176652856171131,0,0.0043727396987378,0,0.0236455630511045,0,0.2145052999258041
0,0.0024797830265015,0,0.009472407400608,0,0.0206361133605241,0,0.0290613286197185
0,0.0044693984091281,0,0.0091453110799193,0,0.0016215336509048,0,0.014820379205048
0,0.0042150416411459,0,0.005735782906413,0,0.0137766413390636,0,0.0027421151753515
0,0.0060859909281134,0,0.0078362710773944,0,0.0051895999349653,0,0.0308936517685651
0,0.0561303123831748,0,0.0717200711369514,0,0.007698596920818,0,0.3388218581676483
0,0.0068901763297617,0,0.0042703081853687,0,0.0172209739685058,0,0.0074497759342193
0,0.2706826031208038,0,0.0118152135983109,0,0.2135870605707168,0,0.066281609237194
0,0.0198662746697664,0,0.006212999112904,0,0.0317983515560627,0,0.0113245220854878
0,0.0220209416002035,0,0.007919592782855,0,0.0344919152557849,0,0.0200806763023138
0,0.0287439506500959,0,0.0324321202933788,0,0.0468193851411342,0,0.062234092503786
0,0.0458832122385501,0,0.0337874516844749,0,0.0522063635289669,0,0.0260397717356681
0,0.6087433099746704,0,0.7465969920158386,0,0.7669082283973694,0,0.9107794165611268
0,0.6765782237052917,0,0.8428677320480347,0,0.5923014283180237,0,0.6054533123970032
0,0.5904386639595032,0,0.7097668647766113,0,0.7457748651504517,0,0.2569126784801483
0,0.5608775019645691,0,0.7281584143638611,0,0.7048094272613525,0,0.5810401439666748
0,0.4273024201393127,0,0.5128289461135864,0,0.6288982033729553,0,0.1569226533174514
0,0.216036781668663,0,0.8156216144561768,0,0.044679656624794,0,0.8163928389549255
0,0.0162943601608276,0,0.0093048065900802,0,0.0635645389556884,0,0.1307393610477447
0,0.3193003833293915,0,0.0085878605023026,0,0.0424565449357032,0,0.1160001158714294
0,0.0622735358774662,0,0.0102376816794276,0,0.0056915897876024,0,0.0064131580293178
0,0.1216530427336692,0,0.7640869617462158,0,0.0344748981297016,0,0.2226780503988266
0,0.0237757284194231,0,0.0078685646876692,0,0.0594928227365016,0,0.035490158945322
0,0.1932190060615539,0,0.0120690409094095,0,0.0586090944707393,0,0.0958441793918609
0,0.142605185508728,0,0.0142374224960803,0,0.2615771889686584,0,0.426857978105545
0,0.196873739361763,0,0.0715377777814865,0,0.0242083203047513,0,0.0160591155290603
0,0.0047818236052989,0,0.0062356870621442,0,0.0329085476696491,0,0.0091989859938621
0,0.0028796647675335,0,0.0026445612311363,0,0.0093597127124667,0,0.002461482072249
0,0.040744412690401,0,0.0034977216273546,0,0.0237835105508565,0,0.0452096424996852
0,0.0034577469341456,0,0.0014600751455873,0,0.0115129994228482,0,0.0023320342879742
0,0.1061059385538101,0,0.0067977798171341,0,0.0362300798296928,0,0.2065975666046142
0,0.5590795874595642,0,0.7737060785293579,0,0.4312768876552582,0,0.334740936756134
0,0.6513749957084656,0,0.8690258264541626,0,0.5872065424919128,0,0.6191194653511047
0,0.0966264754533767,0,0.0064383042044937,0,0.0514327585697174,0,0.0252031274139881
0,0.0716796517372131,0,0.0132956253364682,0,0.0516161955893039,0,0.0289185978472232
0,0.0046078003942966,0,0.0016042488859966,0,0.0023296955041587,0,0.0007942307274788
0,0.0064349952153861,0,0.0042223972268402,0,0.0045315064489841,0,0.0100617259740829
0,0.0015713209286332,0,0.0017741328338161,0,0.0141940601170063,0,0.0006884236936457
0,0.0050480500794947,0,0.0070683048106729,0,0.0044371760450303,0,0.0055986950173974
0,0.0041116042993962,0,0.0010792033281177,0,0.0024265125393867,0,0.0010643383720889
0,0.0017335122684016,0,0.0020061840768903,0,0.018591608852148,0,0.001005913130939
0,0.0036912586074322,0,0.0035339614842087,0,0.003349072067067,0,0.0149352680891752
0,0.0012588719837367,0,0.0012970849638804,0,0.0120788067579269,0,0.0011951096821576
0,0.0121820885688066,0,0.0022428701631724,0,0.0079394439235329,0,0.001554355258122
0,0.0039088334888219,0,0.0013226659502834,0,0.0029579249676316,0,0.0008003538823686
0,0.3337562084197998,0,0.6757336854934692,0,0.5336861610412598,0,0.6928266882896423
0,0.0045667248778045,0,0.0016134629258885,0,0.0135251991450786,0,0.0027875194791704
0,0.2326389849185943,0,0.5743190050125122,0,0.4403820037841797,0,0.4400623738765716
0,0.0061581204645335,0,0.0015014024684205,0,0.0079448353499174,0,0.0016961988294497
0,0.4770576357841491,0,0.591057538986206,0,0.3088563978672027,0,0.1227857694029808
0,0.5919507741928101,0,0.9065040349960328,0,0.5505126118659973,0,0.8865777254104614
0,0.829235315322876,0,0.782648503780365,0,0.4967163801193237,0,0.4939892888069153
0,0.2689699232578277,0,0.0383495986461639,0,0.3866356611251831,0,0.009050328284502
0,0.3543514907360077,0,0.0087517974898219,0,0.0660911872982978,0,0.0103380419313907
0,0.2541092932224273,0,0.0151791088283061,0,0.011705745011568,0,0.0342066697776317
0,0.4258157610893249,0,0.6397590041160583,0,0.2290327847003936,0,0.5552051067352295
0,0.0093495715409517,0,0.0024187543895095,0,0.039899569004774,0,0.0019717069808393
0,0.0041531147435307,0,0.0024740572553128,0,0.0115716783329844,0,0.0088117700070142
0,0.0187313724309206,0,0.0163280088454484,0,0.0799390375614166,0,0.3096927106380462
0,0.0187753234058618,0,0.0165992472320795,0,0.0368394590914249,0,0.2084983885288238
0,0.0046797120012342,0,0.0046504810452461,0,0.0549950674176216,0,0.0050226296298205
0,0.0043682157993316,0,0.0119558982551097,0,0.0314606726169586,0,0.0180902704596519
0,0.0035468102432787,0,0.0024617854505777,0,0.033104158937931,0,0.0210562944412231
0,0.006222563330084,0,0.0038420436903834,0,0.0777443870902061,0,0.0135665005072951
0,0.7885407209396362,0,0.8486706018447876,0,0.724300742149353,0,0.1596730351448059
0,0.0451411008834838,0,0.1025439724326133,0,0.0340847857296466,0,0.0059592071920633
0,0.0079042287543416,0,0.0063018589280545,0,0.0488293692469596,0,0.0078131752088665
0,0.0026586498133838,0,0.0003503898333292,0,0.0530898757278919,0,0.0143553437665104
0,0.2272031605243683,0,0.4891217350959778,0,0.0526060089468956,0,0.167891651391983
0,0.1910191029310226,0,0.4111763536930084,0,0.02533576823771,0,0.1494692862033844
0,0.3410963416099548,0,0.4304099082946777,0,0.0428828746080398,0,0.1960677951574325
0,0.4328860938549042,0,0.0511449128389358,0,0.2526141703128814,0,0.8689543604850769
0,0.285627156496048,0,0.6486155986785889,0,0.1209427714347839,0,0.6506813168525696
0,0.3410821259021759,0,0.7327216863632202,0,0.0580826252698898,0,0.0203337054699659
0,0.3552802205085754,0,0.7823893427848816,0,0.0765655189752578,0,0.2466881871223449
0,0.3301109075546264,0,0.7956860065460205,0,0.0641681104898452,0,0.0949683487415313
0,0.1732921600341797,0,0.2869779467582702,0,0.1850939691066742,0,0.5738312005996704
0,0.2780500948429107,0,0.6068400144577026,0,0.0650770589709281,0,0.0800787135958671
0,0.0419576577842235,0,0.0203886311501264,0,0.0196244176477193,0,0.0071485736407339
0,0.0371180586516857,0,0.0195562560111284,0,0.0223606955260038,0,0.0051530431956052
0,0.1876343637704849,0,0.0383580178022384,0,0.0248636174947023,0,0.0089275827631354
0,0.0077722980640828,0,0.039014782756567,0,0.0329159535467624,0,0.016034722328186
0,0.0066799512133002,0,0.0318778716027736,0,0.0140777844935655,0,0.0111363753676414
0,0.0039547164924442,0,0.0011659474112093,0,0.0043865893967449,0,0.0011180429719388
0,0.0156800597906112,0,0.002812840277329,0,0.0133037101477384,0,0.0026746757794171
0,0.5189095139503479,0,0.1229812204837799,0,0.2900867164134979,0,0.0868108123540878
0,0.0103492448106408,0,0.0556083060801029,0,0.0079250866547226,0,0.0224024020135402
0,0.0165826454758644,0,0.0447451621294021,0,0.0114719541743397,0,0.0216594953089952
0,0.209944799542427,0,0.0106596248224377,0,0.0119219906628131,0,0.1487558335065841
0,0.4080750644207001,0,0.0450773350894451,0,0.0600510276854038,0,0.3646604418754577
0,0.0077352197840809,0,0.0315078869462013,0,0.0458373166620731,0,0.0413614735007286
0,0.729375422000885,0,0.863559365272522,0,0.4440891742706299,0,0.2792997658252716
0,0.3209897577762604,0,0.0361883156001567,0,0.0108975525945425,0,0.0094231991097331
0,0.008578373119235,0,0.0070548546500504,0,0.0781862661242485,0,0.11003028601408
0,0.7523711919784546,0,0.8745161294937134,0,0.4126245379447937,0,0.2423759698867797
0,0.3116864860057831,0,0.0548096373677253,0,0.0217279326170682,0,0.056024681776762
0,0.0103233875706791,0,0.0142644364386796,0,0.114068865776062,0,0.2115446776151657
0,0.7499603033065796,0,0.895749568939209,0,0.4503141045570373,0,0.4121173918247223
0,0.1768027245998382,0,0.0062478170730173,0,0.0270033366978168,0,0.1038658767938613
0,0.0323682650923728,0,0.0054440959356725,0,0.0316073149442672,0,0.002928999485448
0,0.028759716078639,0,0.0051005124114453,0,0.0287883672863245,0,0.003719110507518
0,0.0099678169935941,0,0.0170140676200389,0,0.15028677880764,0,0.0144597059115767
0,0.0070070726796984,0,0.0048141274601221,0,0.0260550025850534,0,0.0045164530165493
0,0.0747455731034278,0,0.0641144961118698,0,0.0715286433696746,0,0.0378908775746822
0,0.0591568984091281,0,0.0659099295735359,0,0.1139799878001213,0,0.062431126832962
0,0.0613542199134826,0,0.0170268174260854,0,0.0285235214978456,0,0.0068391025997698
0,0.0124354269355535,0,0.1542178392410278,0,0.0173348579555749,0,0.0080213025212287
0,0.0026016370393335,0,0.0025158177595585,0,0.0022714321967214,0,0.056435190141201
0,0.0033158040605485,0,0.0015419319970533,0,0.0347081385552883,0,0.0019711647182703
0,0.0155167896300554,0,0.0308255832642316,0,0.0342895947396755,0,0.0119824688881635
0,0.0090266624465584,0,0.0072197369299829,0,0.0060638384893536,0,0.0084109175950288
0,0.0018285668920725,0,0.0012481570011004,0,0.0115457568317651,0,0.0179218258708715
0,0.0114069338887929,0,0.004835142288357,0,0.0028330832719802,0,0.0087555302307009
0,0.3153452277183532,0,0.3009032011032104,0,0.1127528250217437,0,0.1371220350265503
0,0.0099536683410406,0,0.0106635568663477,0,0.0121106496080756,0,0.0071494905278086
0,0.0033633580897003,0,0.0049001155421137,0,0.0228720419108867,0,0.0226359069347381
0,0.0065133599564433,0,0.0158877782523632,0,0.0018418052932247,0,0.0301984138786792
0,0.0077802534215152,0,0.0028962544165551,0,0.0269488096237182,0,0.0021787518635392
0,0.0529464967548847,0,0.0010435634758323,0,0.0097578186541795,0,0.0268036015331745
0,0.0180912278592586,0,0.0010292341466993,0,0.0119415139779448,0,0.0334129072725772
0,0.0204190053045749,0,0.5324076414108276,0,0.4538079798221588,0,0.1434273421764373
0,0.0036092144437134,0,0.007713561411947,0,0.0354004390537738,0,0.0116095347329974
0,0.2108543217182159,0,0.4178334474563598,0,0.0455117523670196,0,0.1083686053752899
0,0.1596067398786544,0,0.6800037622451782,0,0.1239152178168296,0,0.0585404857993125
0,0.0075595658272504,0,0.00683174142614,0,0.0440894663333892,0,0.0729442611336708
0,0.0122897317633032,0,0.0023884396068751,0,0.026911187916994,0,0.0086200656369328
0,0.0028553744778037,0,0.000976855168119,0,0.0076624043285846,0,0.0053799957968294
0,0.0043368004262447,0,0.0126403765752911,0,0.0076582720503211,0,0.0025455518625676
0,0.0034228176809847,0,0.0033210671972483,0,0.0043203923851251,0,0.002817410044372
0,0.018085341900587,0,0.0043006045743823,0,0.0272622723132371,0,0.0155412564054131
0,0.0042961207218468,0,0.0022878698073327,0,0.0112923756241798,0,0.0057825567200779
0,0.0027451629284769,0,0.006746107712388,0,0.0069816042669117,0,0.0017238025320693
0,0.0044967848807573,0,0.0023537892848253,0,0.0020800151396542,0,0.001120429020375
0,0.0069008735008537,0,0.00111351814121,0,0.0224950946867465,0,0.0040056258440017
0,0.0306967385113239,0,0.0360970050096511,0,0.0155183421447873,0,0.0315637402236461
0,0.606507420539856,0,0.6020744442939758,0,0.5884669423103333,0,0.5508203506469727
0,0.0774117112159729,0,0.0147271333262324,0,0.0201995708048343,0,0.0026230246294289
0,0.056748267263174,0,0.0061740870587527,0,0.0049618775956332,0,0.0288933478295803
0,0.0644131675362587,0,0.0189927071332931,0,0.0210911612957716,0,0.0020314946305006
0,0.0606165714561939,0,0.0188988354057073,0,0.0143596623092889,0,0.0316780544817447
0,0.0439392551779747,0,0.0031630415469408,0,0.0050223818980157,0,0.0203821491450071
0,0.0638779699802398,0,0.0069664106704294,0,0.0168568734079599,0,0.0020043060649186
0,0.0263571683317422,0,0.0012459548888728,0,0.0035720297601073,0,0.0472241975367069
0,0.0531991347670555,0,0.0574316978454589,0,0.0399232320487499,0,0.0025932947173714
0,0.1616322994232177,0,0.023808067664504,0,0.0196770820766687,0,0.0148640470579266
0,0.162851944565773,0,0.0182490702718496,0,0.0476141571998596,0,0.0199956279247999
0,0.2176089137792587,0,0.0597252622246742,0,0.0452414602041244,0,0.02701629512012
0,0.1135096177458763,0,0.0386711843311786,0,0.0445387512445449,0,0.0194750744849443
0,0.0393046550452709,0,0.0325191617012023,0,0.0056920759379863,0,0.2185549587011337
0,0.0215071067214012,0,0.0202638749033212,0,0.0041121919639408,0,0.0838907361030578
0,0.0697082504630088,0,0.0076693212613463,0,0.0143341673538088,0,0.0103767905384302
0,0.0098846666514873,0,0.0097490726038813,0,0.0147727224975824,0,0.0128472698852419
0,0.079786404967308,0,0.0172916986048221,0,0.0079957591369748,0,0.1896241754293441
0,0.0396382510662078,0,0.0217035897076129,0,0.0104861622676253,0,0.0343749411404132
0,0.0501481480896472,0,0.0329217091202735,0,0.0031358969863504,0,0.047820471227169
0,0.0069836443290114,0,0.0010966323316097,0,0.0070422762073576,0,0.0640350058674812
0,0.1811090409755706,0,0.0115933557972311,0,0.0145366098731756,0,0.5559086799621582
0,0.4447085261344909,0,0.6488227248191833,0,0.1646662205457687,0,0.3845302760601043
0,0.0435841120779514,0,0.0044630947522819,0,0.00567910913378,0,0.0176773052662611
0,0.1575665324926376,0,0.0057246261276304,0,0.3116751313209533,0,0.0418808311223983
0,0.0097361095249652,0,0.0031469722744077,0,0.0201705321669578,0,0.0162634029984474
0,0.026259172707796,0,0.0041995486244559,0,0.0035193762741982,0,0.0010629597818478
0,0.0199814122170209,0,0.0030506134498864,0,0.0037067881785333,0,0.0037334137596189
0,0.0097220055758953,0,0.0065521793439984,0,0.013451281003654,0,0.003707536496222
0,0.7154306769371033,0,0.7378643155097961,0,0.4581465423107147,0,0.6173302531242371
0,0.6026049852371216,0,0.6820544600486755,0,0.4097236394882202,0,0.6314427256584167
0,0.7013452053070068,0,0.8035568594932556,0,0.3428825438022613,0,0.8084596991539001
0,0.0030377588700503,0,0.0008615033584646,0,0.0080183483660221,0,0.0006415909738279
0,0.4305493235588074,0,0.0825796797871589,0,0.0759477019309997,0,0.1173649504780769
0,0.0312011744827032,0,0.0165419783443212,0,0.0953108295798301,0,0.0544596388936042
0,0.1973119974136352,0,0.2332515865564346,0,0.2244063168764114,0,0.0901297777891159
0,0.0495106503367424,0,0.0937479138374328,0,0.1491997987031936,0,0.0089969811961054
0,0.004981723614037,0,0.0030661732889711,0,0.0317086316645145,0,0.0079407356679439
0,0.0074217654764652,0,0.007611277513206,0,0.0462596677243709,0,0.0044032558798789
0,0.02186806127429,0,0.0025411148089915,0,0.0067836064845323,0,0.0036769083235412
0,0.027375441044569,0,0.0064433780498802,0,0.037196721881628,0,0.0091665768995881
0,0.0158922467380762,0,0.0094377733767032,0,0.0340274833142757,0,0.0279769916087389
0,0.0162242911756038,0,0.0076741599477827,0,0.0251247528940439,0,0.0127651058137416
0,0.0305981840938329,0,0.0045494097284972,0,0.0079405661672353,0,0.0028296757955104
0,0.1700966656208038,0,0.3439619839191437,0,0.1296157985925674,0,0.8428420424461365
0,0.1919756978750229,0,0.0538468062877655,0,0.0535177290439605,0,0.0868169590830802
0,0.1323622614145279,0,0.0709499344229698,0,0.0866676196455955,0,0.3282029032707214
0,0.1827267855405807,0,0.4866814017295837,0,0.6232110857963562,0,0.6473232507705688
0,0.874031126499176,0,0.0253649931401014,0,0.8314945697784424,0,0.097037024796009
0,0.8990916013717651,0,0.0299325492233037,0,0.8150123357772827,0,0.2158201038837433
0,0.1215344071388244,0,0.3142250478267669,0,0.2114010751247406,0,0.1988868117332458
0,0.0668549239635467,0,0.0080814808607101,0,0.0074720461852848,0,0.0548042990267276
0,0.4725008308887481,0,0.7328725457191467,0,0.0827169492840766,0,0.4235065579414367
0,0.0302078612148761,0,0.0056969304569065,0,0.0275245085358619,0,0.0036412214394658
0,0.5602298378944397,0,0.7645662426948547,0,0.1556380242109298,0,0.3203785121440887
0,0.0082573248073458,0,0.0069689974188804,0,0.0147608108818531,0,0.0218085888773202
0,0.0043101445771753,0,0.0025471032131463,0,0.005191899370402,0,0.0015962427714839
0,0.0081490958109498,0,0.000917247030884,0,0.0024406316224485,0,0.0006017447449266
0,0.0045798206701874,0,0.0006510938401333,0,0.0047189942561089,0,0.0032518515363335
0,0.0039355438202619,0,0.0030438604298979,0,0.0065942243672907,0,0.0038143706042319
0,0.001899276045151,0,0.0009167306125164,0,0.013658145442605,0,0.0022468271199613
0,0.0031223271507769,0,0.0008388186106458,0,0.0051295273005962,0,0.0024517155252397
0,0.0046196384355425,0,0.002510298974812,0,0.0041933460161089,0,0.0027623812202364
0,0.0016577021451666,0,0.0008264402858912,0,0.0209602508693933,0,0.005160563159734
0,0.308334618806839,0,0.0076710558496415,0,0.0069052507169544,0,0.0036394279450178
0,0.0444855690002441,0,0.0019511888967826,0,0.0357210077345371,0,0.0955227240920066
0,0.0241981446743011,0,0.0023630911018699,0,0.0403857044875621,0,0.1140960231423378
0,0.0687568485736846,0,0.0738501101732254,0,0.0695419386029243,0,0.0414782240986824
0,0.0017594577511772,0,0.0006518140435218,0,0.0087180165573954,0,0.0053407801315188
0,0.0033560644369572,0,0.0009873530361801,0,0.005292510613799,0,0.002967766020447
0,0.00540830520913,0,0.0007422446506097,0,0.0056758420541882,0,0.0053473506122827
0,0.0051931557245552,0,0.0014464441919699,0,0.2534137368202209,0,0.0348142571747303
0,0.0069340760819613,0,0.0240106675773859,0,0.4597705900669098,0,0.0206866860389709
0,0.0096669336780905,0,0.0028728710021823,0,0.0198605321347713,0,0.0221936274319887
0,0.3412179350852966,0,0.0202544350177049,0,0.2195935994386673,0,0.5151008367538452
0,0.0394644737243652,0,0.0027962429448962,0,0.013150917366147,0,0.0354505591094493
0,0.0128684239462018,0,0.0019402360776439,0,0.0120966359972953,0,0.0858672857284545
0,0.0037624044343829,0,0.0024813192430883,0,0.0074158278293907,0,0.0402076616883277
0,0.1739673167467117,0,0.0173567719757556,0,0.3000690340995788,0,0.4539554417133331
0,0.29832324385643,0,0.0281541515141725,0,0.1843129843473434,0,0.039296418428421
0,0.0195951089262962,0,0.0110862459987401,0,0.0781443193554878,0,0.0700056403875351
0,0.2080241739749908,0,0.0331188142299652,0,0.0299697648733854,0,0.049401331692934
0,0.0043803500011563,0,0.0061385026201605,0,0.0073050842620432,0,0.0007459152257069
0,0.0026402072980999,0,0.004777543246746,0,0.0097454180940985,0,0.0034214272163808
0,0.0058560813777148,0,0.0067553925327956,0,0.0180484838783741,0,0.0057643195614218
0,0.1015414074063301,0,0.0277954842895269,0,0.0304670948535203,0,0.0398351997137069
0,0.2309984266757965,0,0.0437152460217475,0,0.0295124612748622,0,0.0623243860900402
0,0.0060443156398832,0,0.0021877465769648,0,0.0059860586188733,0,0.0024092521052807
0,0.0098161781206727,0,0.0049360035918653,0,0.0021060789003968,0,0.0057412190362811
0,0.0126274758949875,0,0.0021540410816669,0,0.0029685955960303,0,0.0017693418776616
0,0.0168696735054254,0,0.0009906995110213,0,0.0016881981864571,0,0.002903509652242
0,0.0142506584525108,0,0.0007013849099166,0,0.0027399384416639,0,0.010810456238687
0,0.0081799905747175,0,0.0028807807248085,0,0.0060292310081422,0,0.0014211776433512
0,0.0128018204122781,0,0.0027112939860671,0,0.0026492541655898,0,0.0013738680863752
0,0.0193139426410198,0,0.0009352735360153,0,0.0085596535354852,0,0.0428467132151126
0,0.0093868421390652,0,0.0008518288959749,0,0.0056459545157849,0,0.0162763372063636
0,0.0191652104258537,0,0.0214244648814201,0,0.0086630806326866,0,0.0180565137416124
0,0.006921773776412,0,0.0016213360941037,0,0.0038206398021429,0,0.001431877259165
0,0.0056087197735905,0,0.002473077038303,0,0.0043399212881922,0,0.0020065754652023
0,0.0258087236434221,0,0.0026901233941316,0,0.0030798567458987,0,0.0015817418461665
0,0.0162296723574399,0,0.0011522823479026,0,0.007387566845864,0,0.0884047746658325
0,0.0145866768434643,0,0.0174278151243925,0,0.0070249587297439,0,0.0121858185157179
0,0.006770126055926,0,0.0016227352898567,0,0.0043882448226213,0,0.0016303058946505
0,0.0015847205650061,0,0.0026354589499533,0,0.0173621885478496,0,0.0065265358425676
0,0.0029777761083096,0,0.0121219968423247,0,0.0117753343656659,0,0.0022244034335017
0,0.0854515209794044,0,0.055002175271511,0,0.0125579098239541,0,0.0070667658001184
0,0.0389957465231418,0,0.0037595904432237,0,0.0054834648035466,0,0.0048586670309305
0,0.0029617163818329,0,0.0081130508333444,0,0.0145462453365325,0,0.0045713791623711
0,0.0246826522052288,0,0.0039189890958368,0,0.0146699473261833,0,0.0709341391921043
0,0.1021758094429969,0,0.2070943117141723,0,0.0636239275336265,0,0.0210950542241334
0,0.0126766059547662,0,0.0186409652233123,0,0.0146335493773221,0,0.013110396452248
0,0.0446201041340827,0,0.0110812177881598,0,0.0267106760293245,0,0.0131036657840013
0,0.1937884390354156,0,0.4649100303649902,0,0.0834799483418464,0,0.4845929443836212
0,0.031380508095026,0,0.0378670692443847,0,0.01460637524724,0,0.0298922676593065
0,0.008159072138369,0,0.0171077065169811,0,0.0305675212293863,0,0.0207087136805057
0,0.0023725619539618,0,0.0042172614485025,0,0.009709108620882,0,0.0062893987633287
0,0.0619491599500179,0,0.0164899546653032,0,0.011247131973505,0,0.0064292028546333
0,0.0093442955985665,0,0.0036587112117558,0,0.0072094844654202,0,0.0175870303064584
0,0.072522759437561,0,0.3011146187782287,0,0.0141569189727306,0,0.0324610844254493
0,0.0327982492744922,0,0.0124742584303021,0,0.0305631440132856,0,0.0084875980392098
0,0.0560153163969516,0,0.0857975035905838,0,0.0254870504140853,0,0.0465200133621692
0,0.0662640333175659,0,0.0676748380064964,0,0.0288004949688911,0,0.0548465177416801
0,0.0302713233977556,0,0.0029760112520307,0,0.0269214510917663,0,0.0262025594711303
0,0.2313301861286163,0,0.0191983841359615,0,0.0254767406731843,0,0.0023256281856447
0,0.0047179637476801,0,0.000919954618439,0,0.0044040833599865,0,0.0008997190161608
0,0.0032626881729811,0,0.0014932381454855,0,0.0073380311951041,0,0.0009492627577856
0,0.003537603886798,0,0.0015971214743331,0,0.0064915008842945,0,0.0013300152495503
0,0.0052354508079588,0,0.0042838715016841,0,0.045978557318449,0,0.062835156917572
0,0.177416130900383,0,0.0031864568591117,0,0.069213218986988,0,0.0041809692047536
1,0.0831021219491958,1,0.0404613278806209,1,0.0227289330214262,1,0.0428236611187458
1,0.4794455766677856,1,0.0153507394716143,1,0.026561027392745,1,0.028980677947402
1,0.2343003302812576,1,0.0106044057756662,1,0.0466697216033935,1,0.0110910981893539
1,0.3473958671092987,1,0.4601736068725586,1,0.3789271712303161,1,0.281531423330307
1,0.4694866836071014,1,0.5395140051841736,1,0.3585278391838074,1,0.3718909025192261
1,0.6883859038352966,1,0.428832471370697,1,0.0347407087683677,1,0.4621318578720093
1,0.0790700167417526,1,0.0029976174701005,1,0.0250197164714336,1,0.2584055066108703
1,0.1039056032896041,1,0.0039343922398984,1,0.0327016301453113,1,0.6113412976264954
1,0.1918189823627472,1,0.0035981812980026,1,0.0342898555099964,1,0.8431997299194336
1,0.909156620502472,1,0.922472596168518,1,0.4630837738513946,1,0.9289772510528564
1,0.3575717806816101,1,0.8670290112495422,1,0.7036731839179993,1,0.1666666567325592
1,0.6828519105911255,1,0.8602418303489685,1,0.3652304410934448,1,0.727228581905365
1,0.2585025131702423,1,0.6063358783721924,1,0.1802909523248672,1,0.8509981036186218
1,0.4460590481758117,1,0.261434406042099,1,0.1938827484846115,1,0.8460806012153625
1,0.5078892707824707,1,0.5817965865135193,1,0.2719374001026153,1,0.7648378610610962
0,0.0078047108836472,0,0.0159138049930334,0,0.0055681578814983,0,0.044827677309513
0,0.0079464735463261,0,0.0016766861081123,0,0.0070825857110321,0,0.0502961948513984
0,0.2268348336219787,0,0.5519827604293823,0,0.3826183676719665,0,0.4856574833393097
0,0.0034768609330058,0,0.0015220106579363,0,0.0061344979330897,0,0.0021875279489904
0,0.0288065839558839,0,0.0099569484591484,0,0.0175178125500679,0,0.02903120405972
0,0.5816329121589661,0,0.0230467207729816,0,0.077531911432743,0,0.4217795729637146
0,0.0506364814937114,0,0.0035418469924479,0,0.0310691501945257,0,0.0188597571104764
0,0.5710550546646118,0,0.2120579779148101,0,0.3289427757263183,0,0.6426216959953308
0,0.4558365046977997,0,0.1245383918285369,0,0.3322464823722839,0,0.5850668549537659
0,0.0307275876402854,0,0.0037672622129321,0,0.0304974280297756,0,0.0121359713375568
0,0.3057424426078796,0,0.0101178484037518,0,0.0767422243952751,0,0.3138734102249145
0,0.3973682820796966,0,0.202144056558609,0,0.3939122855663299,0,0.3786390125751495
0,0.7779188752174377,0,0.6498218178749084,0,0.4610940217971802,0,0.7530591487884521
0,0.0032391916029155,0,0.005273028742522,0,0.0315386801958084,0,0.0025669045280665
0,0.0165634956210851,0,0.0038277860730886,0,0.0071626319549977,0,0.0010801017051562
0,0.0166368074715137,0,0.0025367999915033,0,0.0062820184975862,0,0.0009201483917422
0,0.0047937268391251,0,0.0029559219256043,0,0.0089640449732542,0,0.0031470949761569
0,0.0074501181952655,0,0.0014656214043498,0,0.014376537874341,0,0.005635748617351
0,0.0032568566966801,0,0.0158120319247245,0,0.0041411351412534,0,0.0439024157822132
0,0.0119787268340587,0,0.0052676009945571,0,0.0564018972218036,0,0.0068417619913816
0,0.192454308271408,0,0.0108622107654809,0,0.0327081084251403,0,0.2524483501911163
0,0.0023643542081117,0,0.0022746755275875,0,0.0016159459482878,0,0.0003701622772496
0,0.0765617787837982,0,0.0101423151791095,0,0.0627802535891532,0,0.2254677265882492
0,0.0135610066354274,0,0.013172117061913,0,0.0273359194397926,0,0.0064828712493181
0,0.0084455106407403,0,0.0060897385701537,0,0.0192894842475652,0,0.0047230380587279
0,0.0353972055017948,0,0.0042187217622995,0,0.0250265672802925,0,0.2990522086620331
0,0.1289454251527786,0,0.0126198502257466,0,0.0176181327551603,0,0.3268835544586181
0,0.0113352108746767,0,0.0144176967442035,0,0.0090566799044609,0,0.0087741017341613
0,0.0072165420278906,0,0.0071030100807547,0,0.0063421120867133,0,0.0021393205970525
0,0.0081352712586522,0,0.0063236253336071,0,0.0077957757748663,0,0.0093156211078166
0,0.0045416406355798,0,0.0055851694196462,0,0.0069790096022188,0,0.0019018014427274
0,0.0039729038253426,0,0.002758263843134,0,0.006311756093055,0,0.0017071514157578
0,0.0348975546658039,0,0.2245076447725296,0,0.1760514676570892,0,0.1603065431118011
0,0.0478383302688598,0,0.0109118446707725,0,0.029419545084238,0,0.0349116958677768
0,0.0118167335167527,0,0.0046042981557548,0,0.0232041161507368,0,0.0081162899732589
0,0.0020957272499799,0,0.0057566342875361,0,0.0055718296207487,0,0.0006277044303715
0,0.0681147351861,0,0.1366260051727295,0,0.0127970166504383,0,0.0414448045194149
0,0.0698901489377021,0,0.0040975022129714,0,0.0139381950721144,0,0.1095251813530922
0,0.3233285546302795,0,0.8165020942687988,0,0.3805000782012939,0,0.1038705632090568
0,0.0236642677336931,0,0.0074441260658204,0,0.0857605561614036,0,0.0047213528305292
0,0.0031918380409479,0,0.0050155809149146,0,0.0183506328612566,0,0.0045802271924912
0,0.0149830114096403,0,0.0056196660734713,0,0.0196758583188056,0,0.0033826897852122
0,0.0050561153329908,0,0.0049999398179352,0,0.0125991711392998,0,0.003708392381668
0,0.0260662417858839,0,0.0015330264577642,0,0.0037921709008514,0,0.0618880838155746
0,0.0065638730302453,0,0.0984200537204742,0,0.0122686810791492,0,0.0086464174091815
0,0.0031606261618435,0,0.0192286558449268,0,0.0962054207921028,0,0.0061445068567991
0,0.0158877205103635,0,0.0981192514300346,0,0.0070753567852079,0,0.0157960038632154
0,0.138692170381546,0,0.0098721906542778,0,0.8179936408996582,0,0.2922013401985168
0,0.0053641409613192,0,0.0326564759016037,0,0.009386895224452,0,0.0090558547526597
0,0.278682142496109,0,0.0096978740766644,0,0.7536479234695435,0,0.367374062538147
0,0.2450744956731796,0,0.7541843056678772,0,0.4011251628398895,0,0.4132522642612457
0,0.5995320677757263,0,0.9216275811195374,0,0.7065944075584412,0,0.1608655750751495
0,0.9244146347045898,0,0.9399564266204834,0,0.8788313865661621,0,0.9709760546684264
0,0.5139773488044739,0,0.9162678122520448,0,0.6741945743560791,0,0.1504221260547638
0,0.048268973827362,0,0.0173705872148275,0,0.0267112962901592,0,0.0082152346149086
0,0.0212022643536329,0,0.0064035905525088,0,0.0091758025810122,0,0.0025052474811673
0,0.0183818098157644,0,0.0059738820418715,0,0.0119149656966328,0,0.0033041478600353
0,0.0031678245868533,0,0.0008799934876151,0,0.0107333594933152,0,0.0004982952377758
0,0.1363625228404998,0,0.3163913786411285,0,0.1739124506711959,0,0.0223437789827585
0,0.2579038739204407,0,0.2880479097366333,0,0.3663128316402435,0,0.0300604235380888
0,0.2257854789495468,0,0.319695234298706,0,0.2789373993873596,0,0.0232911221683025
0,0.0369742922484874,0,0.0284598376601934,0,0.0159438084810972,0,0.0172640401870012
0,0.0087978383526206,0,0.0047598574310541,0,0.058171197772026,0,0.1119356974959373
0,0.7846085429191589,0,0.5333207249641418,0,0.2639848291873932,0,0.115643061697483
0,0.4049204885959625,0,0.0679953694343566,0,0.0330662280321121,0,0.3088190257549286
0,0.4423199594020843,0,0.2688852250576019,0,0.0471879206597805,0,0.4040926694869995
0,0.4418486654758453,0,0.0806214213371276,0,0.0624517202377319,0,0.4049182534217834
0,0.0021874019876122,0,0.000846859824378,0,0.0011925675207749,0,0.0006322417175397
0,0.004692074842751,0,0.0033899054396897,0,0.0130858505144715,0,0.0013921074569225
0,0.0098610939458012,0,0.0030332533642649,0,0.0168952923268079,0,0.1779937297105789
0,0.0119940191507339,0,0.0030237974133342,0,0.0625232607126236,0,0.020744377747178
0,0.0068764369934797,0,0.0032041717786341,0,0.0063945497386157,0,0.0022185272537171
0,0.0084826396778225,0,0.0046226079575717,0,0.046011921018362,0,0.3748568594455719
0,0.0163433402776718,0,0.0010771121596917,0,0.0362904705107212,0,0.0208873748779296
0,0.0344183184206485,0,0.006879651453346,0,0.0459200404584407,0,0.3808371722698211
0,0.0129306511953473,0,0.0040243393741548,0,0.0211930032819509,0,0.4328741431236267
0,0.0098001593723893,0,0.0016729643102735,0,0.017318831756711,0,0.010069603100419
0,0.0097487047314643,0,0.00285450136289,0,0.0457785353064537,0,0.0140693867579102
0,0.016150576993823,0,0.257157564163208,0,0.0245067980140447,0,0.0521093793213367
0,0.0106274988502264,0,0.0393726117908954,0,0.0068871029652655,0,0.0084428964182734
0,0.0066333627328276,0,0.0170957949012517,0,0.0079477028921246,0,0.0060007134452462
0,0.0158979967236518,0,0.0023337143938988,0,0.0186658110469579,0,0.0373574495315551
0,0.0428526364266872,0,0.0298786479979753,0,0.0122294556349515,0,0.0984893813729286
0,0.0481399931013584,0,0.0065402407199144,0,0.0221674926578998,0,0.2003325074911117
0,0.0087968036532402,0,0.0081259962171316,0,0.0131140118464827,0,0.0032393792644143
0,0.0057998648844659,0,0.0080800522118806,0,0.0135180307552218,0,0.0018363301642239
0,0.0128376521170139,0,0.0080990754067897,0,0.0128037361428141,0,0.0025330164935439
0,0.2220993191003799,0,0.0127859869971871,0,0.0329693406820297,0,0.3132442235946655
0,0.0045523545704782,0,0.0025429548695683,0,0.014506509527564,0,0.0020232035312801
0,0.0027971430681645,0,0.0034461873583495,0,0.0040215519256889,0,0.0005617848946712
0,0.0031152099836617,0,0.0036499346606433,0,0.0045076692476868,0,0.0008099692640826
0,0.0207633655518293,0,0.0026987879537045,0,0.0099020889028906,0,0.0035214533563703
0,0.0119568211957812,0,0.0023631497751921,0,0.0179773177951574,0,0.0044275894761085
0,0.0116126714274287,0,0.0094639817252755,0,0.0132883777841925,0,0.026529349386692
0,0.0090268841013312,0,0.0086743822321295,0,0.0156549401581287,0,0.021863292902708
0,0.0022147726267576,0,0.0015703802928328,0,0.0236304905265569,0,0.0126429479569196
0,0.0054490966722369,0,0.0041420361958444,0,0.0173424780368804,0,0.0019070892594754
0,0.0736780613660812,0,0.0110319405794143,0,0.0912524312734603,0,0.1466914713382721
0,0.1147810295224189,0,0.0176757909357547,0,0.090386226773262,0,0.3284594118595123
0,0.1939973384141922,0,0.0276818312704563,0,0.0976699590682983,0,0.2886188924312591
0,0.0215614642947912,0,0.0018636438762769,0,0.0071185198612511,0,0.0057645188644528
0,0.2851133346557617,0,0.3436925709247589,0,0.0239301659166812,0,0.0093198735266923
0,0.0016719421837478,0,0.00279306829907,0,0.0082045271992683,0,0.001601273776032
0,0.4603533744812011,0,0.2531503736972809,0,0.2548953592777252,0,0.1217637285590171
0,0.0237925723195076,0,0.0024850529152899,0,0.0085981003940105,0,0.0160902850329875
0,0.4030938148498535,0,0.4818531274795532,0,0.01172726880759,0,0.046426948159933
0,0.0107790688052773,0,0.0023503664415329,0,0.017908327281475,0,0.0026404508389532
0,0.0126025881618261,0,0.0142259141430258,0,0.1983229964971542,0,0.0805973187088966
0,0.0185990463942289,0,0.0012512756511569,0,0.0076830508187413,0,0.0051417062059044
0,0.1081808879971504,0,0.0071509392000734,0,0.0059138494543731,0,0.0103401206433773
0,0.0011089059989899,0,0.0023187294136732,0,0.006235625129193,0,0.0009573778952471
0,0.1136293038725853,0,0.0998036563396453,0,0.032080452889204,0,0.0276115350425243
0,0.1512537747621536,0,0.0418152138590812,0,0.4215728342533111,0,0.4463102519512176
0,0.5685170888900757,0,0.428322285413742,0,0.2329396605491638,0,0.8988776206970215
0,0.0050010476261377,0,0.0031736344099044,0,0.0052590710110962,0,0.0042710215784609
0,0.0060223145410418,0,0.0025133779272437,0,0.0079423440620303,0,0.0027913516387343
0,0.2364986538887024,0,0.5728834271430969,0,0.6086117029190063,0,0.8202495574951172
0,0.0148813873529434,0,0.0019068089313805,0,0.0054878923110663,0,0.0017494064522907
0,0.1353489756584167,0,0.0263155326247215,0,0.002908497583121,0,0.0500392131507396
0,0.0033575373236089,0,0.0044871214777231,0,0.0097045069560408,0,0.0012733035255223
0,0.1445901840925216,0,0.4709779918193817,0,0.4011045396327972,0,0.8321250677108765
0,0.2334920912981033,0,0.0084056416526436,0,0.0597187802195549,0,0.0419714301824569
0,0.122628666460514,0,0.0304570980370044,0,0.5286774635314941,0,0.0251221284270286
0,0.3095594346523285,0,0.5911852121353149,0,0.5686787366867065,0,0.7787938117980957
0,0.0213732365518808,0,0.0026752315461635,0,0.0060725579969584,0,0.0048576523549854
0,0.1756333410739898,0,0.0212202724069356,0,0.0461433418095111,0,0.0541727133095264
0,0.0066285952925682,0,0.0039639133028686,0,0.0021590054966509,0,0.0005715746665373
0,0.0062859305180609,0,0.0179046709090471,0,0.0039683361537754,0,0.0017540581757202
0,0.1291013807058334,0,0.0595484897494316,0,0.0169957112520933,0,0.0281349383294582
0,0.0927555710077285,0,0.0107406480237841,0,0.0615574643015861,0,0.0106391822919249
0,0.0049962527118623,0,0.0123908603563904,0,0.0049736886285245,0,0.0025546520482748
0,0.0049507566727697,0,0.0112227080389857,0,0.0031858326401561,0,0.0006197603652253
0,0.0036952625960111,0,0.0040764422155916,0,0.0013129796134307,0,0.0007088853162713
0,0.0995831191539764,0,0.0202071666717529,0,0.0211735218763351,0,0.0301741883158683
0,0.0553423874080181,0,0.0359389185905456,0,0.0957519859075546,0,0.0070612845011055
0,0.0288936160504817,0,0.024856761097908,0,0.0166893433779478,0,0.0029792715795338
0,0.0032918027136474,0,0.0025071094278246,0,0.1227165684103965,0,0.0056846318766474
0,0.0052759232930839,0,0.0036193581763654,0,0.0021484473254531,0,0.0011471223551779
0,0.0584912821650505,0,0.0385110564529895,0,0.0099302753806114,0,0.0059013930149376
0,0.1290114820003509,0,0.0582387819886207,0,0.0405408851802349,0,0.0092240180820226
0,0.0212736055254936,0,0.002516645938158,0,0.0098676560446619,0,0.001771074370481
0,0.0247329454869031,0,0.0011912629706785,0,0.0061799706891179,0,0.0021188808605074
0,0.1339944303035736,0,0.0009943324839696,0,0.0058315615169703,0,0.0094464300200343
0,0.1041435301303863,0,0.1346236169338226,0,0.0769897028803825,0,0.3095948994159698
0,0.4658924639225006,0,0.5279306769371033,0,0.2369988858699798,0,0.0654938593506813
0,0.2593090534210205,0,0.2982896864414215,0,0.2889898419380188,0,0.5675745606422424
0,0.0484959706664085,0,0.0740234479308128,0,0.0811670124530792,0,0.2703053951263428
0,0.0162367541342973,0,0.03858083486557,0,0.020068135112524,0,0.0113018658012151
0,0.0340881682932376,0,0.0380168631672859,0,0.3480111956596374,0,0.0347167551517486
0,0.0234332215040922,0,0.0021572443656623,0,0.0246276017278432,0,0.0079271076247096
0,0.0126421218737959,0,0.03421101719141,0,0.0071304026059806,0,0.0107636749744415
0,0.0171683225780725,0,0.0035587092861533,0,0.0068448376841843,0,0.0116953020915389
0,0.0111241796985268,0,0.0043902830220758,0,0.0093830740079283,0,0.0096100876107811
0,0.1522617936134338,0,0.0009373954380862,0,0.0050111874006688,0,0.0029376444872468
0,0.0048008202575147,0,0.0025591747835278,0,0.0037467889487743,0,0.0023320375476032
0,0.0121799139305949,0,0.0008799327770248,0,0.0041510011069476,0,0.2452243119478225
0,0.0505678951740264,0,0.0983145907521247,0,0.1311011761426925,0,0.020095694810152
0,0.2969487011432647,0,0.3817017674446106,0,0.2586618065834045,0,0.7313833832740784
0,0.2202128767967224,0,0.1266063600778579,0,0.0408476926386356,0,0.5848486423492432
0,0.456984668970108,0,0.171624481678009,0,0.0223234388977289,0,0.1687768995761871
0,0.6760525107383728,0,0.6983318328857422,0,0.2075075060129165,0,0.1175703927874565
0,0.017072157934308,0,0.002015606034547,0,0.0147672835737466,0,0.0798087939620018
0,0.001276274677366,0,0.000623095780611,0,0.0037423309404402,0,0.0008443011320196
0,0.0190737787634134,0,0.060344710946083,0,0.01186088565737,0,0.0585675314068794
0,0.0402343235909938,0,0.0051429010927677,0,0.0104731619358062,0,0.002852420322597
0,0.001643574447371,0,0.0009276182390749,0,0.0047281561419367,0,0.0009347567684017
0,0.0687285587191581,0,0.0377648770809173,0,0.012432019226253,0,0.0123605607077479
0,0.0158713925629854,0,0.0034669670276343,0,0.0081921815872192,0,0.0019417855655774
0,0.0016658183885738,0,0.0005112491198815,0,0.0032606187742203,0,0.0006598560721613
0,0.0705538392066955,0,0.0469061210751533,0,0.0514207072556018,0,0.0152962524443864
0,0.004658889491111,0,0.0403439030051231,0,0.0617232471704483,0,0.0030513040255755
0,0.0056853592395782,0,0.0018021455034613,0,0.002100950339809,0,0.0010416598524898
0,0.0171862747520208,0,0.0185084901750087,0,0.0711533278226852,0,0.0103557175025343
0,0.0170585755258798,0,0.0041905352845788,0,0.0313953422009944,0,0.1223825067281723
0,0.1788287013769149,0,0.4582633078098297,0,0.3624536097049713,0,0.3501857221126556
0,0.041396789252758,0,0.0117760607972741,0,0.0480930171906948,0,0.3185804188251495
0,0.2321574389934539,0,0.0085265263915061,0,0.0114526925608515,0,0.1162720024585723
0,0.00748808728531,0,0.0095815872773528,0,0.019133323803544,0,0.0135346557945013
0,0.0389001630246639,0,0.3807821869850158,0,0.0202985927462577,0,0.0846829265356063
0,0.0131041463464498,0,0.0104424739256501,0,0.0588070936501026,0,0.0038457922637462
0,0.0033901969436556,0,0.0002686411025933,0,0.0100160483270883,0,0.0229416284710168
0,0.007498147431761,0,0.0024226186797022,0,0.4784148335456848,0,0.0052818371914327
0,0.0105568077415227,0,0.0014780435012653,0,0.0194287486374378,0,0.0649145692586898
0,0.0040626348927617,0,0.0082092890515923,0,0.0318419970571994,0,0.0009140003821812
0,0.0229477267712354,0,0.0108261769637465,0,0.0118987411260604,0,0.0080101219937205
0,0.0063440054655075,0,0.001176195568405,0,0.0028254620265215,0,0.0010112951276823
0,0.0089131444692611,0,0.0222053546458482,0,0.0533425100147724,0,0.0935854390263557
0,0.0512785241007804,0,0.0245054885745048,0,0.0345279015600681,0,0.0110939024016261
0,0.4592675566673279,0,0.3242243528366089,0,0.0932618230581283,0,0.319126546382904
0,0.5106989145278931,0,0.8575763702392578,0,0.1542084813117981,0,0.2107920944690704
0,0.0573102384805679,0,0.1954275816679,0,0.1075964123010635,0,0.0413780063390731
0,0.0084924707189202,0,0.0063124950975179,0,0.0311260540038347,0,0.0441340394318103
0,0.0692069828510284,0,0.2647016942501068,0,0.0170434657484293,0,0.4053817987442016
0,0.0058848895132541,0,0.0035749513190239,0,0.0072451382875442,0,0.0307129137217998
0,0.0143884811550378,0,0.11370749771595,0,0.0398184321820735,0,0.2693120837211609
0,0.0068299421109259,0,0.0040902332402765,0,0.0037314384244382,0,0.0013701225398108
0,0.3639195561408996,0,0.3215303122997284,0,0.0120814079418778,0,0.2707500457763672
0,0.0037381893489509,0,0.0016311053186655,0,0.002495840890333,0,0.000678275770042
0,0.220774844288826,0,0.4077513515949249,0,0.0306641403585672,0,0.2862448990345001
0,0.017976114526391,0,0.0028169478755444,0,0.0076078963465988,0,0.0018261395161971
0,0.0147893615067005,0,0.0040866238996386,0,0.005669904872775,0,0.0005663173506036
0,0.0046690232120454,0,0.0267262458801269,0,0.094901442527771,0,0.0061127208173274
0,0.0102081382647156,0,0.008120329119265,0,0.0104207079857587,0,0.0020454279147088
0,0.0306459087878465,0,0.0190628748387098,0,0.0095504149794578,0,0.0054808128625154
0,0.0097867827862501,0,0.0207613315433263,0,0.0099873272702097,0,0.0181821808218956
0,0.0075431098230183,0,0.0073894527740776,0,0.026079261675477,0,0.1123842447996139
0,0.0026247554924339,0,0.0019393785623833,0,0.0051296316087245,0,0.0025827276986092
0,0.0134327206760644,0,0.0148928919807076,0,0.0583460927009582,0,0.1954237818717956
0,0.0026060654781758,0,0.002591150579974,0,0.0028532613068819,0,0.0019380821613594
0,0.0035555502399802,0,0.0076101287268102,0,0.0097965877503156,0,0.0108245126903057
0,0.0139610385522246,0,0.0051298821344971,0,0.0117534045130014,0,0.0023573392536491
0,0.0282342620193958,0,0.040043868124485,0,0.2862374186515808,0,0.0314194336533546
0,0.0094899795949459,0,0.0069173299707472,0,0.0130377328023314,0,0.002562609501183
0,0.025737514719367,0,0.0159922987222671,0,0.1672807186841964,0,0.034801073372364
0,0.0063944412395358,0,0.004774522036314,0,0.0155886961147189,0,0.0030992564279586
0,0.0242145881056785,0,0.0274843443185091,0,0.2466889917850494,0,0.0443641021847724
0,0.4315671920776367,0,0.7611828446388245,0,0.2368492633104324,0,0.4667463302612304
0,0.0081116156652569,0,0.0075135566294193,0,0.0190354045480489,0,0.0195432603359222
0,0.0028537334874272,0,0.0030110047664493,0,0.0031227194704115,0,0.0006661465740762
0,0.0030603106133639,0,0.0015281732194125,0,0.0021497572306543,0,0.0009585242951288
0,0.003383032279089,0,0.0003763975983019,0,0.0069953901693224,0,0.0007288737106136
0,0.0058795437216758,0,0.0009795289952307,0,0.0062933098524808,0,0.0084409397095441
