fold_1_labels,fold_1_predictions,fold_2_labels,fold_2_predictions,fold_3_labels,fold_3_predictions,fold_4_labels,fold_4_predictions
1,0.8263862729072571,1,0.8713631629943848,1,0.1496563255786895,1,0.4232505261898041
1,0.8544363975524902,1,0.9611833095550536,1,0.3189798891544342,1,0.5627278089523315
1,0.0971114486455917,1,0.0844711512327194,1,0.0369097292423248,1,0.2800538539886474
1,0.4256164729595184,1,0.1063081547617912,1,0.0765486285090446,1,0.0138332359492778
1,0.1504337638616562,1,0.1140273138880729,1,0.1681281626224517,1,0.2817291915416717
1,0.8417755961418152,1,0.3507380485534668,1,0.3424306511878967,1,0.0430015362799167
1,0.1110288351774215,1,0.0923278406262397,1,0.1641608327627182,1,0.2408470958471298
1,0.4400741457939148,1,0.0635932385921478,1,0.1743152439594268,1,0.4520676136016845
1,0.592983603477478,1,0.1678939312696457,1,0.1033673733472824,1,0.4035185277462005
1,0.7197543978691101,1,0.3023383021354675,1,0.1161696687340736,1,0.4843927025794983
1,0.6786017417907715,1,0.0396956428885459,1,0.095721811056137,1,0.3035783171653747
1,0.9502826929092408,1,0.8973970413208008,1,0.5195991396903992,1,0.5734438896179199
1,0.0168030243366956,1,0.6832905411720276,1,0.0523661971092224,1,0.196873664855957
1,0.0198785476386547,1,0.0012873159721493,1,0.0035798226017504,1,0.0018864648882299
1,0.2701209187507629,1,0.3501363098621368,1,0.0883656367659568,1,0.1707983314990997
1,0.3924371600151062,1,0.4790550768375397,1,0.1241001933813095,1,0.1447115987539291
1,0.9731433987617492,1,0.9955856800079346,1,0.89530348777771,1,0.8336203098297119
1,0.7947508692741394,1,0.0600303187966346,1,0.0891846269369125,1,0.3305881321430206
1,0.8692724108695984,1,0.8178743720054626,1,0.4567907750606537,1,0.7802889347076416
1,0.0412467531859874,1,0.7522182464599609,1,0.0686519145965576,1,0.1879516243934631
1,0.7148898243904114,1,0.5851872563362122,1,0.1555200219154358,1,0.3609086275100708
0,0.0383550785481929,0,0.0252419803291559,0,0.5186672210693359,0,0.0040703522972762
0,0.0108751859515905,0,0.0048461612313985,0,0.0042812097817659,0,0.0019082413055002
0,0.1705165803432464,0,0.0075808316469192,0,0.1189850270748138,0,0.0620250925421714
0,0.009408202022314,0,0.0008686882792972,0,0.0037888253573328,0,0.0025411967653781
0,0.3303039968013763,0,0.0140045024454593,0,0.0748804733157157,0,0.0611296966671943
0,0.0142055815085768,0,0.0004933077143505,0,0.005019225180149,0,0.0023331472184509
0,0.1753211617469787,0,0.0094134248793125,0,0.084312617778778,0,0.041932713240385
0,0.0119116771966218,0,0.0011741555063053,0,0.0240468047559261,0,0.4809238612651825
0,0.0233685337007045,0,0.0033566311467438,0,0.1035618633031845,0,0.573452353477478
0,0.0344785489141941,0,0.0104399370029568,0,0.0373588241636753,0,0.0130072860047221
0,0.0862244814634323,0,0.0057695275172591,0,0.0047722295857965,0,0.0006050126394256
0,0.0131391519680619,0,0.0073660095222294,0,0.003606689395383,0,0.0047997701913118
0,0.026069177314639,0,0.0039864708669483,0,0.0071404692716896,0,0.0866595730185508
0,0.017734870314598,0,0.0043049091473221,0,0.0024353712797164,0,0.0087906355038285
0,0.0724961906671524,0,0.0159164946526289,0,0.0398700051009655,0,0.0330404303967952
0,0.0317012518644332,0,0.1781772971153259,0,0.0058242734521627,0,0.149749606847763
0,0.0028171020094305,0,0.0030355416238307,0,0.0021806724835187,0,0.0006617220351472
0,0.017104523256421,0,0.012232975102961,0,0.0029202464502304,0,0.0049423896707594
0,0.0507568605244159,0,0.0189672000706195,0,0.0102612096816301,0,0.0108731957152485
0,0.0269200466573238,0,0.0375722087919712,0,0.004607378039509,0,0.0091243563219904
0,0.0339038372039794,0,0.0824522003531456,0,0.0088540269061923,0,0.0057321214117109
0,0.0397373363375663,0,0.0178830083459615,0,0.0075421286746859,0,0.1050279214978218
0,0.0184669885784387,0,0.0132872648537158,0,0.0069884178228676,0,0.016737725585699
0,0.0253908336162567,0,0.0182100068777799,0,0.0074805277399718,0,0.0204430054873228
0,0.5726454257965088,0,0.743139386177063,0,0.1544138640165329,0,0.6231585741043091
0,0.4465583264827728,0,0.138366162776947,0,0.1296173930168151,0,0.2891661822795868
0,0.1237128227949142,0,0.0183011144399642,0,0.0653134584426879,0,0.013291266746819
0,0.2273013144731521,0,0.0048906640149652,0,0.0120506286621093,0,0.0766899436712265
0,0.6200343370437622,0,0.7839292883872986,0,0.1910602450370788,0,0.6543070077896118
0,0.6829575300216675,0,0.2442609816789627,0,0.1424582749605178,0,0.3557622730731964
0,0.0819651633501052,0,0.0545531436800956,0,0.0692074000835418,0,0.0596822053194046
0,0.1569475382566452,0,0.0021783672273159,0,0.0035750004462897,0,0.0289985667914152
0,0.5718904733657837,0,0.8169392347335815,0,0.2023928761482238,0,0.6040837168693542
0,0.6674572229385376,0,0.6640275716781616,0,0.1729923039674759,0,0.5167230367660522
0,0.0600406862795352,0,0.0654262006282806,0,0.0196211468428373,0,0.0129161812365055
0,0.1846577376127243,0,0.0028571453876793,0,0.0122443437576293,0,0.0204343143850564
0,0.2455663084983825,0,0.0054423920810222,0,0.0082595162093639,0,0.004260329529643
0,0.0291607175022363,0,0.0012778990203514,0,0.0059985662810504,0,0.0197832696139812
0,0.0290226321667432,0,0.0459239967167377,0,0.0738410949707031,0,0.0336370803415775
0,0.0402502603828907,0,0.0221263505518436,0,0.2630550265312195,0,0.0758346319198608
0,0.0656121149659156,0,0.0040615238249301,0,0.0327805578708648,0,0.0050578163936734
0,0.0859990715980529,0,0.002538098488003,0,0.0234281476587057,0,0.0054155685938894
0,0.012010677717626,0,0.0080097615718841,0,0.0047010509297251,0,0.0017175595276057
0,0.0988529771566391,0,0.0028035291470587,0,0.0245731845498085,0,0.0038062655366957
0,0.0126923471689224,0,0.004733211826533,0,0.0481253005564212,0,0.0965305268764495
0,0.0103615149855613,0,0.0026295545976608,0,0.0177581924945116,0,0.0083208177238702
0,0.0323473773896694,0,0.0171296652406454,0,0.0118135558441281,0,0.0095737315714359
0,0.0709700211882591,0,0.0172519348561763,0,0.0899053290486335,0,0.0584290735423564
0,0.7264386415481567,0,0.7040671706199646,0,0.4029899537563324,0,0.4223421812057495
0,0.4528939127922058,0,0.0500673241913318,0,0.0142325768247246,0,0.0194808114320039
0,0.0131193390116095,0,0.0037962982896715,0,0.0058467225171625,0,0.0294624958187341
0,0.7485241293907166,0,0.9178155064582824,0,0.4763984084129333,0,0.8311810493469238
0,0.0134844416752457,0,0.0018505033804103,0,0.0018848770996555,0,0.0076194577850401
0,0.0139221614226698,0,0.0029497689101845,0,0.0082461098209023,0,0.0727957189083099
0,0.0426559224724769,0,0.0333947800099849,0,0.2758083641529083,0,0.1258963793516159
0,0.0161494705826044,0,0.0012717847712337,0,0.0025813214015215,0,0.006394843570888
0,0.0105777122080326,0,0.0026106366422027,0,0.0079396767541766,0,0.0586645156145095
0,0.0595567151904106,0,0.0051690209656953,0,0.1665099412202835,0,0.1211918517947197
0,0.0238668303936719,0,0.0019171122694388,0,0.0024659060873091,0,0.0075287381187081
0,0.0118862856179475,0,0.002732265740633,0,0.0101032834500074,0,0.0567741580307483
0,0.026019163429737,0,0.0104390205815434,0,0.0152792548760771,0,0.0669983476400375
0,0.0762112960219383,0,0.0076378723606467,0,0.026650408282876,0,0.0804351270198822
0,0.0339728593826293,0,0.0012080427259206,0,0.0088663296774029,0,0.0100124608725309
0,0.0980788171291351,0,0.0356325432658195,0,0.004494646564126,0,0.0029433316085487
0,0.0209019780158996,0,0.0009058111463673,0,0.0022002302575856,0,0.0016541705699637
0,0.0078387223184108,0,0.0018458686536177,0,0.0029088433366268,0,0.001497613498941
0,0.0088055720552802,0,0.0017127376049757,0,0.002838239306584,0,0.0037403458263725
0,0.0087730903178453,0,0.0019739950075745,0,0.003612867090851,0,0.0036265908274799
0,0.1423635929822921,0,0.0185442380607128,0,0.0076682469807565,0,0.0093940012156963
0,0.113510861992836,0,0.0180107429623603,0,0.0151065308600664,0,0.0125187272205948
0,0.2460163682699203,0,0.143210083246231,0,0.0410742461681366,0,0.095884121954441
0,0.4621952474117279,0,0.1392775028944015,0,0.0327799879014492,0,0.1003081649541854
0,0.1395723819732666,0,0.0031755359377712,0,0.0428766831755638,0,0.1303143799304962
0,0.003559568664059,0,0.0028156167827546,0,0.025900337845087,0,0.0036905833985656
0,0.0362963676452636,0,0.0103953862562775,0,0.0079259378835558,0,0.0129272127524018
0,0.0513619743287563,0,0.0818443670868873,0,0.0134033439680933,0,0.0035416958853602
0,0.0415154248476028,0,0.0326492637395858,0,0.0753273516893386,0,0.0304178409278392
0,0.0363992527127265,0,0.1514349728822708,0,0.087519347667694,0,0.0435457602143287
0,0.0249677933752536,0,0.0009441368747502,0,0.0064330231398344,0,0.0013885503867641
0,0.0755311101675033,0,0.0141816763207316,0,0.0194311384111642,0,0.0978208631277084
0,0.042369108647108,0,0.0107708051800727,0,0.0042561953887343,0,0.0027585679199546
0,0.0366061478853225,0,0.0010452369460836,0,0.0096741253510117,0,0.0040202303789556
0,0.0387073010206222,0,0.0256635658442974,0,0.0061098793521523,0,0.0031757501419633
0,0.0054410705342888,0,0.0020988199394196,0,0.0035505229607224,0,0.0002422492398181
0,0.0335588492453098,0,0.0009816015372052,0,0.0047134784981608,0,0.0063095106743276
0,0.0678997710347175,0,0.0007818528683856,0,0.0153290452435612,0,0.0123687945306301
0,0.0673461332917213,0,0.0207992438226938,0,0.0067016598768532,0,0.0082773342728614
0,0.0170074179768562,0,0.0069189225323498,0,0.0079029276967048,0,0.0036904064472764
0,0.1416735798120498,0,0.4925911128520965,0,0.0396608896553516,0,0.40013587474823
0,0.1556892246007919,0,0.0065346229821443,0,0.0370894484221935,0,0.0443978048861026
0,0.6378199458122253,0,0.2247780263423919,0,0.0996444970369339,0,0.3079554140567779
0,0.015723917633295,0,0.124321274459362,0,0.0595792382955551,0,0.0786567330360412
0,0.0286017041653394,0,0.3034359812736511,0,0.0616782121360302,0,0.113978587090969
0,0.0321019068360328,0,0.2532508373260498,0,0.0513852387666702,0,0.0643735527992248
0,0.1261545270681381,0,0.007444851566106,0,0.0207570567727088,0,0.0006297267973423
0,0.0877821668982505,0,0.0266046803444623,0,0.3491919636726379,0,0.0965647920966148
0,0.0380014851689338,0,0.008318523876369,0,0.0813036039471626,0,0.0691630020737648
0,0.0838241875171661,0,0.0054724966175854,0,0.1976211220026016,0,0.0467247329652309
0,0.1063349768519401,0,0.040070965886116,0,0.0145917627960443,0,0.0291566792875528
0,0.0625660941004753,0,0.0052735637873411,0,0.0089695658534765,0,0.0382101982831954
0,0.0150988847017288,0,0.1197714433073997,0,0.0069533237256109,0,0.0027538419235497
0,0.110237993299961,0,0.0093512823805212,0,0.005274724215269,0,0.0147727504372596
0,0.1226592063903808,0,0.0058451681397855,0,0.0069539826363325,0,0.0205808691680431
0,0.017157657071948,0,0.0100128054618835,0,0.0060557881370186,0,0.0220212880522012
0,0.0026892805472016,0,0.015727637335658,0,0.0015547948423773,0,0.0043658376671373
0,0.0574418678879737,0,0.0109350681304931,0,0.0077026304788887,0,0.0025173835456371
0,0.1053510084748268,0,0.0440812855958938,0,0.0129949366673827,0,0.0208151098340749
0,0.1058183684945106,0,0.0106537574902176,0,0.0075375000014901,0,0.0092334868386387
0,0.0072831274010241,0,0.021305413916707,0,0.0410247966647148,0,0.0029526380822062
0,0.0078481547534465,0,0.0008818985079415,0,0.0011091157793998,0,0.0029640826396644
0,0.0120038548484444,0,0.00079215480946,0,0.0011007635621353,0,0.0043212585151195
0,0.0258974153548479,0,0.0047143069095909,0,0.0062666116282343,0,0.0273526478558778
0,0.0107733821496367,0,0.0007548716384917,0,0.0011081113480031,0,0.0027903907466679
0,0.0316080525517463,0,0.0044990670867264,0,0.007333368062973,0,0.0327630974352359
0,0.2403388917446136,0,0.0510644800961017,0,0.045267779380083,0,0.0262282695621252
0,0.0266694333404302,0,0.0088710570707917,0,0.028084710240364,0,0.0022010784596204
0,0.0107020949944853,0,0.0032384681981056,0,0.0056446883827447,0,0.0017483407864347
0,0.0205589849501848,0,0.0017047784058377,0,0.0063052847981452,0,0.0237056892365217
0,0.0210658106952905,0,0.00399198429659,0,0.0126116117462515,0,0.0013905056985095
0,0.0250623002648353,0,0.004584505688399,0,0.0103800576180219,0,0.0052819997072219
0,0.0138399256393313,0,0.0009627288090996,0,0.0068690949119627,0,0.0162217337638139
0,0.0069741704501211,0,0.0025493246503174,0,0.004619535524398,0,0.0017427173443138
0,0.0306066796183586,0,0.0008420082158409,0,0.2062056213617324,0,0.0388104617595672
0,0.0160345397889614,0,0.0035823818761855,0,0.0204293746501207,0,0.0201323945075273
0,0.0177726037800312,0,0.0039517097175121,0,0.0037831191439181,0,0.0042104148305952
0,0.0235095340758562,0,0.0027190099935978,0,0.0064664180390536,0,0.0090439356863498
0,0.0381585173308849,0,0.00189016002696,0,0.0108828255906701,0,0.0012483211467042
0,0.0268746670335531,0,0.002730136970058,0,0.0466804206371307,0,0.0254951454699039
0,0.0152928633615374,0,0.0022519982885569,0,0.0165302772074937,0,0.0175224151462316
0,0.0240575447678565,0,0.0087878359481692,0,0.0045288656838238,0,0.0054683536291122
0,0.0139006860554218,0,0.0028793308883905,0,0.005521205253899,0,0.0067547843791544
0,0.0599019229412078,0,0.0159414652734994,0,0.0279066041111946,0,0.1022666171193122
0,0.3835781514644623,0,0.0355813354253768,0,0.1561328768730163,0,0.5487385392189026
0,0.848249077796936,0,0.429266095161438,0,0.2478756010532379,0,0.4297615587711334
0,0.0952867195010185,0,0.0038508409634232,0,0.0176681838929653,0,0.0109450835734605
0,0.0174409989267587,0,0.01204065233469,0,0.0179613381624221,0,0.0038327549118548
0,0.1900137513875961,0,0.0033030596096068,0,0.0354646407067775,0,0.0285719707608222
0,0.0879468992352485,0,0.0231759548187255,0,0.0193062201142311,0,0.0375344417989254
0,0.0131658092141151,0,0.0105580128729343,0,0.0931295827031135,0,0.0056954226456582
0,0.0109601346775889,0,0.0262796506285667,0,0.009558392688632,0,0.0180697590112686
0,0.0183438267558813,0,0.0652185082435607,0,0.0063363420777022,0,0.0198818892240524
0,0.0145053379237651,0,0.0074988142587244,0,0.0059479954652488,0,0.0092962924391031
0,0.0604056157171726,0,0.0014063355047255,0,0.0195323694497346,0,0.0358618386089801
0,0.0494753643870353,0,0.0035998842213302,0,0.0080996770411729,0,0.0040014619007706
0,0.517749547958374,0,0.0145574733614921,0,0.018289715051651,0,0.0216414593160152
0,0.4133552312850952,0,0.0152251031249761,0,0.0221728459000587,0,0.0433486141264438
0,0.1888076364994049,0,0.0245246496051549,0,0.2074656039476394,0,0.4865211248397827
0,0.0137386824935674,0,0.0060641751624643,0,0.0031663477420806,0,0.0046698055230081
0,0.0352712497115135,0,0.0271117240190505,0,0.0045698992908,0,0.0041343863122165
0,0.0105611225590109,0,0.0008448559674434,0,0.0018876942340284,0,0.0045240144245326
0,0.0097501408308744,0,0.0042282836511731,0,0.0028389883227646,0,0.0051457784138619
0,0.2168784290552139,0,0.5141157507896423,0,0.332322746515274,0,0.2913201153278351
0,0.1553365439176559,0,0.4658680856227875,0,0.2337224185466766,0,0.3100128769874573
0,0.1218672841787338,0,0.3792778551578522,0,0.3320015072822571,0,0.3772686719894409
0,0.0209987238049507,0,0.0123903360217809,0,0.0270753800868988,0,0.0208812281489372
0,0.0195924714207649,0,0.0154171604663133,0,0.0231701824814081,0,0.0175435412675142
0,0.0267637036740779,0,0.0076607400551438,0,0.010407768189907,0,0.0169943813234567
0,0.6489643454551697,0,0.0273448415100574,0,0.1557058542966842,0,0.0653106197714805
0,0.0074610146693885,0,0.0015042050508782,0,0.0024919845163822,0,0.0007488067494705
0,0.0101677617058157,0,0.0020502782426774,0,0.0212599970400333,0,0.0025106237735599
0,0.0053190528415143,0,0.0002749931882135,0,0.0034760069102048,0,0.0017400027718394
0,0.0047236457467079,0,0.0022279750555753,0,0.0052383295260369,0,0.0008974295342341
0,0.0101365391165018,0,0.0018010202329605,0,0.0143106868490576,0,0.0165077187120914
0,0.0078351479023695,0,0.0015500505687668,0,0.0045878905802965,0,0.0044609322212636
0,0.004470941144973,0,0.00562548590824,0,0.0035488363355398,0,0.0013671193737536
0,0.0063958740793168,0,0.0007922571385279,0,0.0217241663485765,0,0.0007277139229699
0,0.0171263106167316,0,0.0006944490596652,0,0.0080388057976961,0,0.0171650722622871
0,0.6357682943344116,0,0.3244428634643554,0,0.0450102537870407,0,0.079055331647396
0,0.6765405535697937,0,0.1423987299203872,0,0.1563316434621811,0,0.0119234398007392
0,0.2919632196426391,0,0.2146990746259689,0,0.0899929776787757,0,0.0895030498504638
0,0.7152559757232666,0,0.2032900601625442,0,0.0650606229901313,0,0.0752274021506309
0,0.0087735373526811,0,0.0031092774588614,0,0.0076467245817184,0,0.0020348674152046
0,0.7708137035369873,0,0.0069846068508923,0,0.0094864033162593,0,0.015989800915122
0,0.129207581281662,0,0.0314570255577564,0,0.0294846184551715,0,0.014204466715455
0,0.0562544204294681,0,0.1635513752698898,0,0.022584605962038,0,0.0143243940547108
0,0.8143996596336365,0,0.0225982777774333,0,0.0107461614534258,0,0.0932093188166618
0,0.6868751645088196,0,0.3604958653450012,0,0.0775740444660186,0,0.1477387845516204
0,0.0698355138301849,0,0.002754618646577,0,0.0044043199159204,0,0.047151431441307
0,0.0491343885660171,0,0.164174199104309,0,0.0064828461036086,0,0.0085474047809839
0,0.183122232556343,0,0.0065851723775267,0,0.0086823282763361,0,0.0553521104156971
0,0.0539270006120204,0,0.0019724727608263,0,0.0607372000813484,0,0.0028941584751009
0,0.1158161237835884,0,0.0162665471434593,0,0.0482964254915714,0,0.0148160904645919
0,0.0802628099918365,0,0.0035702937748283,0,0.0175562426447868,0,0.0093359658494591
0,0.0307359546422958,0,0.0022806352935731,0,0.004440564662218,0,0.004780831746757
0,0.0729959309101104,0,0.4574219882488251,0,0.0358597375452518,0,0.0827502980828285
0,0.0305010303854942,0,0.0009590869303792,0,0.0054874001070857,0,0.0149675495922565
0,0.0082793300971388,0,0.0017593236407265,0,0.0019061955390498,0,0.0109391333535313
0,0.058338925242424,0,0.0018933843821287,0,0.0078120175749063,0,0.0461128540337085
0,0.0256029795855283,0,0.0197339877486228,0,0.0075769652612507,0,0.0136755388230085
0,0.0269679483026266,0,0.005152613390237,0,0.0060897208750247,0,0.0142295006662607
0,0.1056787520647049,0,0.061827216297388,0,0.0681794732809066,0,0.090363472700119
0,0.0254071168601512,0,0.0024215909652411,0,0.0015595462173223,0,0.0030672450084239
0,0.0087478309869766,0,0.002908696886152,0,0.0019614514894783,0,0.0045487387105822
0,0.0040971576236188,0,0.0032378092873841,0,0.0118046291172504,0,0.0015404276782646
0,0.0184064768254756,0,0.003279976081103,0,0.0017876116326078,0,0.0012334019411355
0,0.0051432671025395,0,0.0570833534002304,0,0.0241409633308649,0,0.0028294536750763
0,0.0235789064317941,0,0.049343105405569,0,0.0213743727654218,0,0.0232410207390785
0,0.600051999092102,0,0.7753995656967163,0,0.2813521921634674,0,0.5348668694496155
0,0.6307983994483948,0,0.729678213596344,0,0.2311931401491165,0,0.5303329229354858
0,0.6455028653144836,0,0.8264496922492981,0,0.1902868747711181,0,0.5502787828445435
0,0.0069849709980189,0,0.0051303906366229,0,0.0067003043368458,0,0.0075283600017428
0,0.0071815038099884,0,0.0108602391555905,0,0.0080347079783678,0,0.0089914761483669
0,0.0084750233218073,0,0.0182840060442686,0,0.0076635503210127,0,0.0266784336417913
0,0.1676699519157409,0,0.0223031267523765,0,0.0169068351387977,0,0.0110040493309497
0,0.0103445379063487,0,0.0039687622338533,0,0.0104132760316133,0,0.0143247442319989
0,0.0039878133684396,0,0.0021790422033518,0,0.0284888744354248,0,0.0142659861594438
0,0.841507613658905,0,0.965526282787323,0,0.462289035320282,0,0.5717566013336182
0,0.3822652101516723,0,0.6776055097579956,0,0.3161595463752746,0,0.2817332148551941
0,0.0035584014840424,0,0.0018372532213106,0,0.0549553371965885,0,0.035560555756092
0,0.0211695320904254,0,0.0032378125470131,0,0.0022529754787683,0,0.0019313982920721
0,0.0999638885259628,0,0.285121351480484,0,0.0396573320031166,0,0.1137598305940628
0,0.0034450921230018,0,0.0012191416462883,0,0.0025637969374656,0,0.0009620260680094
0,0.0056834835559129,0,0.0006687446730211,0,0.0030201727058738,0,0.0037315641529858
0,0.0063674761913716,0,0.004449900239706,0,0.0037427046336233,0,0.0014004603726789
0,0.0039026462472975,0,0.0018072469392791,0,0.0027765764389187,0,0.000933677132707
0,0.0061048227362334,0,0.0055799521505832,0,0.0028745392337441,0,0.0011318905744701
0,0.0045401942916214,0,0.002014318248257,0,0.0037266800645738,0,0.0016919601475819
0,0.0074219731613993,0,0.0015930518275126,0,0.0026376016903668,0,0.0051458538509905
0,0.0079416707158088,0,0.0586498752236366,0,0.0052547696977853,0,0.0025074875447899
0,0.8165950179100037,0,0.7144851088523865,0,0.2380788922309875,0,0.3443520665168762
0,0.0071272836066782,0,0.0145917907357215,0,0.0457105450332164,0,0.0219352822750806
0,0.0036069450434297,0,0.00089056690922,0,0.0029448671266436,0,0.0003711957251653
0,0.0104456329718232,0,0.0037337241228669,0,0.0112246815115213,0,0.0052547315135598
0,0.008769984357059,0,0.0030983253382146,0,0.0096125798299908,0,0.0037185398396104
0,0.0123246777802705,0,0.0031231353059411,0,0.0118805691599845,0,0.0030394948553293
1,0.8383669853210449,1,0.7812666893005371,1,0.3735347688198089,1,0.5127036571502686
1,0.8457682728767395,1,0.5157250761985779,1,0.807661771774292,1,0.4849839806556701
1,0.0875832587480545,1,0.0210526380687952,1,0.181395336985588,1,0.1691143810749054
1,0.1755416989326477,1,0.0295725259929895,1,0.1078111082315445,1,0.0342426300048828
1,0.1596255153417587,1,0.1755096018314361,1,0.1201352179050445,1,0.054972406476736
1,0.7958592772483826,1,0.968816578388214,1,0.8698292374610901,1,0.1985218971967697
1,0.982731282711029,1,0.999362289905548,1,0.9987810254096984,1,0.7321181297302246
1,0.0291353687644004,1,0.0046983454376459,1,0.0186303257942199,1,0.0034052135888487
1,0.1434475928544998,1,0.014790354296565,1,0.1632598042488098,1,0.0737368017435073
1,0.2618002295494079,1,0.0997599437832832,1,0.2091823518276214,1,0.370027095079422
1,0.1595847904682159,1,0.4087523221969604,1,0.0121230706572532,1,0.2565107345581054
1,0.2365061938762664,1,0.6735748052597046,1,0.1770632714033126,1,0.4759819507598877
1,0.1739226132631302,1,0.4076178669929504,1,0.1037186533212661,1,0.3957246840000152
1,0.6215256452560425,1,0.7920804023742676,1,0.1624762862920761,1,0.2106955498456955
1,0.1708444952964782,1,0.046464666724205,1,0.22784124314785,1,0.6117457151412964
1,0.0068644899874925,1,0.0149642555043101,1,0.0056824977509677,1,0.1238803714513778
1,0.0132636362686753,1,0.0199744291603565,1,0.0146819939836859,1,0.2498691827058792
1,0.0101548181846737,1,0.0073644132353365,1,0.0087695363909006,1,0.0017304798820987
1,0.5240257978439331,1,0.0089562879875302,1,0.0825091004371643,1,0.2922087013721466
1,0.754205048084259,1,0.4955070912837982,1,0.1098312884569168,1,0.2608474493026733
1,0.8136809468269348,1,0.9047452807426452,1,0.4393947422504425,1,0.528073787689209
1,0.8774385452270508,1,0.8834233283996582,1,0.4186770617961883,1,0.6406444907188416
1,0.8154484033584595,1,0.8765938878059387,1,0.5969038009643555,1,0.705396831035614
1,0.5073302984237671,1,0.429194837808609,1,0.2617418467998504,1,0.3361141979694366
1,0.5679087042808533,1,0.4665798246860504,1,0.3047709763050079,1,0.2094525694847107
1,0.679447591304779,1,0.3756487667560577,1,0.3806705176830292,1,0.4164841473102569
0,0.1447210162878036,0,0.1242005452513694,0,0.0197944268584251,0,0.019782742485404
0,0.127771183848381,0,0.0688635483384132,0,0.0229403562843799,0,0.0426257215440273
0,0.2773497402667999,0,0.0204934161156415,0,0.0235645715147256,0,0.0069729289971292
0,0.0127029931172728,0,0.0021898564882576,0,0.006250828038901,0,0.0061182477511465
0,0.0141856893897056,0,0.0043315370567142,0,0.0082586016505956,0,0.0061150966212153
0,0.0959613695740699,0,0.8837944865226746,0,0.1779149025678634,0,0.1930654346942901
0,0.0504912249743938,0,0.0022409448865801,0,0.0164367482066154,0,0.0205554794520139
0,0.0060349125415086,0,0.0007433035643771,0,0.0039356746710836,0,0.00575339095667
0,0.1497997790575027,0,0.1742562353610992,0,0.163466140627861,0,0.3748640120029449
0,0.0473396368324756,0,0.0019643865525722,0,0.0035135697107762,0,0.0143657373264431
0,0.0408839806914329,0,0.0019016691949218,0,0.0068626762367784,0,0.0148847568780183
0,0.0081419646739959,0,0.0022906076628714,0,0.0052974103018641,0,0.0072354795411229
0,0.0172479730099439,0,0.0043851793743669,0,0.0066220834851264,0,0.010930623859167
0,0.6823593378067017,0,0.3800956308841705,0,0.3491207361221313,0,0.4417312443256378
0,0.0150272222235798,0,0.0321359410881996,0,0.3482587933540344,0,0.0042718024924397
0,0.0087310560047626,0,0.0062672761268913,0,0.0504778996109962,0,0.0405573770403862
0,0.0265928916633129,0,0.1867176294326782,0,0.0033836255315691,0,0.0300830714404582
0,0.0073893400840461,0,0.0007642392301931,0,0.0032365401275455,0,0.0023767338134348
0,0.0123564153909683,0,0.0040485518984496,0,0.0042619933374226,0,0.0028032001573592
0,0.3730237782001495,0,0.7434788942337036,0,0.0418646298348903,0,0.3642369210720062
0,0.0575648956000804,0,0.0320476964116096,0,0.009240579791367,0,0.0031388362403959
0,0.1645930707454681,0,0.5926361083984375,0,0.0043185879476368,0,0.0269400104880332
0,0.271164983510971,0,0.0128901749849319,0,0.0079305656254291,0,0.037374660372734
0,0.0057116858661174,0,0.0064475098624825,0,0.0250311885029077,0,0.0020079612731933
0,0.0035777874290943,0,0.0016978498315438,0,0.0038615877274423,0,0.0038497673813253
0,0.0146220028400421,0,0.001305068959482,0,0.0079376557841897,0,0.0484732389450073
0,0.0046652774326503,0,0.0015067007625475,0,0.0173889566212892,0,0.0022635154891759
0,0.0036788287106901,0,0.001083894399926,0,0.0034006612841039,0,0.0023792835418134
0,0.0040531232953071,0,0.0008037741063162,0,0.0044614383950829,0,0.0026204972527921
0,0.0088412892073392,0,0.0049597052857279,0,0.0076223867945373,0,0.002683502389118
0,0.1677925735712051,0,0.3964164853096008,0,0.4068205952644348,0,0.4982816874980926
0,0.3290725648403168,0,0.4153281152248382,0,0.4368573427200317,0,0.6386361122131348
0,0.7365013957023621,0,0.5866000056266785,0,0.2109318971633911,0,0.6637930870056152
0,0.1243824884295463,0,0.8030109405517578,0,0.1448442786931991,0,0.3414011299610138
0,0.1142119839787483,0,0.1727127134799957,0,0.1523693352937698,0,0.4601233303546905
0,0.3215764164924621,0,0.910399615764618,0,0.1379100382328033,0,0.5947937369346619
0,0.0080429315567016,0,0.0004019317566417,0,0.0092947287485003,0,0.0084128184244036
0,0.0191246941685676,0,0.0069608152844011,0,0.0032973769120872,0,0.0534255988895893
0,0.0859900191426277,0,0.0220562051981687,0,0.0333388745784759,0,0.1244727075099945
0,0.0210287030786275,0,0.032654158771038,0,0.0042896335944533,0,0.0805544406175613
0,0.0220161098986864,0,0.0009385482408106,0,0.0162677820771932,0,0.0045380117371678
0,0.015740493312478,0,0.008280074223876,0,0.0028635549824684,0,0.0267492327839136
0,0.071923166513443,0,0.0597919858992099,0,0.0732773393392562,0,0.1705614924430847
0,0.0088257752358913,0,0.0056341527961194,0,0.0140304481610655,0,0.0009398606489412
0,0.0045672473497688,0,0.0210822578519582,0,0.0108746932819485,0,0.0001319464499829
0,0.0136816389858722,0,0.1189803779125213,0,0.0833138972520828,0,0.0040389597415924
0,0.1985896825790405,0,0.0685497745871543,0,0.0199296176433563,0,0.0149615136906504
0,0.0528403259813785,0,0.0128268394619226,0,0.0447357259690761,0,0.03800880163908
0,0.0539379194378852,0,0.0074554900638759,0,0.0314985215663909,0,0.0657282248139381
0,0.0372027084231376,0,0.2161567956209182,0,0.0669699907302856,0,0.0770810171961784
0,0.0419525168836116,0,0.0055454052053391,0,0.0100831119343638,0,0.0041813938878476
0,0.046932253986597,0,0.0022189102601259,0,0.0117263672873377,0,0.0053267329931259
0,0.0098341414704918,0,0.0514216162264347,0,0.0895175635814666,0,0.027529677376151
0,0.1125309392809867,0,0.0097954366356134,0,0.0033678621985018,0,0.0051522320136427
0,0.0469848737120628,0,0.0020481669344007,0,0.022177392616868,0,0.0151474652811884
0,0.0512143447995185,0,0.0016541726654395,0,0.0143024623394012,0,0.0174194872379302
0,0.0039020737167447,0,0.0026483081746846,0,0.0037881126627326,0,0.0057202167809009
0,0.5571607947349548,0,0.1369282901287078,0,0.1184216141700744,0,0.4935051202774048
0,0.0155592914670705,0,0.0096233217045664,0,0.0066483016125857,0,0.0032824743539094
0,0.2445183247327804,0,0.0195645801723003,0,0.0232508368790149,0,0.0113909523934125
0,0.1174492388963699,0,0.0573113299906253,0,0.0219258852303028,0,0.0102106546983122
0,0.0391258522868156,0,0.0014659592416137,0,0.0109543316066265,0,0.040245197713375
0,0.0195891298353672,0,0.0021842923015356,0,0.0201641339808702,0,0.028320588171482
0,0.0072951731272041,0,0.0003340068506076,0,0.0033491814974695,0,0.0008704830543138
0,0.0257111378014087,0,0.0010959029896184,0,0.0068600997328758,0,0.0268782712519168
0,0.0061086635105311,0,0.0006691623129881,0,0.003404258750379,0,0.0036133893299847
0,0.0352450795471668,0,0.0015095917042344,0,0.0143372323364019,0,0.0653400793671608
0,0.0058394931256771,0,0.0017702195327728,0,0.0036101907026022,0,0.0035473899915814
0,0.0066514611244201,0,0.0128973294049501,0,0.00523172179237,0,0.0022231286857277
0,0.0063812057487666,0,0.0080661373212933,0,0.0033749006688594,0,0.0112726287916302
0,0.0186645928770303,0,0.0061772358603775,0,0.0100127337500453,0,0.0113960560411214
0,0.0350254215300083,0,0.0020327516831457,0,0.0279596727341413,0,0.0003104248607996
0,0.0174176171422004,0,0.00046765935258,0,0.0022970635909587,0,0.0001897640759125
0,0.0304207317531108,0,0.0003106528311036,0,0.0021702926605939,0,0.0004950959119014
0,0.2534696459770202,0,0.1146356761455535,0,0.0071359546855092,0,0.0190622322261333
0,0.0125799374654889,0,0.0033912286162376,0,0.0092651806771755,0,0.0043554264120757
0,0.8040744662284851,0,0.7925424575805664,0,0.1375205963850021,0,0.6438518762588501
0,0.0819949135184288,0,0.0124249970540404,0,0.0122409472241997,0,0.0256751682609319
0,0.0188266932964324,0,0.0030698163900524,0,0.0020654427353292,0,0.000815481704194
0,0.01293371245265,0,0.0044812760315835,0,0.0074136350303888,0,0.00646682549268
0,0.0321734398603439,0,0.0865598022937774,0,0.0043111573904752,0,0.0095490925014019
0,0.0105581227689981,0,0.006908246781677,0,0.0073963599279522,0,0.0073152403347194
0,0.0384777225553989,0,0.0018283588578924,0,0.1744891107082367,0,0.0170155428349971
0,0.0064117517322301,0,0.0013386199716478,0,0.0026417267508804,0,0.007037435658276
0,0.0113581204786896,0,0.0040952768176794,0,0.0239894166588783,0,0.0119967376813292
0,0.0126406867057085,0,0.0159591063857078,0,0.0154797574505209,0,0.120662160217762
0,0.0150193320587277,0,0.0037521936465054,0,0.0133144063875079,0,0.0869732946157455
0,0.0619090124964714,0,0.259001225233078,0,0.3472816050052643,0,0.0098469126969575
0,0.039950706064701,0,0.1922687888145446,0,0.2711229920387268,0,0.0194980651140213
0,0.0094967726618051,0,0.0188759695738554,0,0.019810777157545,0,0.1231071501970291
0,0.0121545130386948,0,0.0041271951049566,0,0.005060015246272,0,0.0093665076419711
0,0.0175128784030675,0,0.0022588099818676,0,0.008318381384015,0,0.0092913480475544
0,0.2894503772258758,0,0.006560739595443,0,0.0090611707419157,0,0.0583983100950717
0,0.1283411830663681,0,0.1051724478602409,0,0.0446381196379661,0,0.0386134497821331
0,0.2923299074172973,0,0.0065260231494903,0,0.0087836617603898,0,0.0343909300863742
0,0.7989436388015747,0,0.7088189125061035,0,0.4320747256278991,0,0.7084142565727234
0,0.4052521586418152,0,0.1076201349496841,0,0.0917679518461227,0,0.1149128824472427
0,0.4531822800636291,0,0.8437039852142334,0,0.2920818924903869,0,0.3025426864624023
0,0.0996428877115249,0,0.0196712221950292,0,0.0079099480062723,0,0.0069064307026565
0,0.0126642109826207,0,0.0011372626759111,0,0.0034122795332223,0,0.0031187050044536
0,0.0217512864619493,0,0.0032790142577141,0,0.0037890574894845,0,0.0032077161595225
0,0.0461199805140495,0,0.014836449176073,0,0.0036205223295837,0,0.0016534902388229
0,0.0258591640740633,0,0.0175541471689939,0,0.0047574457712471,0,0.0240052100270986
0,0.0226493421941995,0,0.0068583940155804,0,0.0041695851832628,0,0.0015737016219645
0,0.0197642799466848,0,0.0378641448915004,0,0.0157651863992214,0,0.0474622882902622
0,0.0854590684175491,0,0.0225575286895036,0,0.0044723036698997,0,0.013656411319971
0,0.5970410108566284,0,0.090034544467926,0,0.2860456705093384,0,0.0318452045321464
0,0.0349251851439476,0,0.0057627372443675,0,0.0072501576505601,0,0.0025618916843086
0,0.0049033691175282,0,0.0253272913396358,0,0.0027136814314872,0,0.0016781984595581
0,0.0798463076353073,0,0.0507669448852539,0,0.013920996338129,0,0.0044213873334228
0,0.0046708807349205,0,0.0090498235076665,0,0.0033749165013432,0,0.0041542472317814
0,0.2014889270067215,0,0.9549923539161682,0,0.6042091846466064,0,0.4242879748344421
0,0.0993910059332847,0,0.0317627489566803,0,0.0153177920728921,0,0.036763172596693
0,0.0193169824779033,0,0.0009173501166515,0,0.0050019854679703,0,0.0020025994163006
0,0.0258411727845668,0,0.0011215193662792,0,0.0039886073209345,0,0.0014915874926373
0,0.0658513382077217,0,0.0243084095418453,0,0.0126226367428898,0,0.0442799292504787
0,0.1971029192209243,0,0.9530633091926576,0,0.6936846375465393,0,0.4353057444095611
0,0.0178118795156478,0,0.000513085455168,0,0.0118401702493429,0,0.001220402191393
0,0.0714232549071312,0,0.0377958044409751,0,0.0155152399092912,0,0.0345556326210498
0,0.0265183113515377,0,0.0015595551813021,0,0.004060139413923,0,0.0018332517938688
0,0.1797573715448379,0,0.9481269121170044,0,0.652776837348938,0,0.4520321190357208
0,0.0074659241363406,0,0.0092961248010396,0,0.0033831815235316,0,0.0154684456065297
0,0.0054701203480362,0,0.0026936144568026,0,0.0033005534205585,0,0.0077720810659229
0,0.0074956710450351,0,0.0053763124160468,0,0.0042713358998298,0,0.004595588427037
0,0.2927585542201996,0,0.06663329154253,0,0.2497859597206115,0,0.5607031583786011
0,0.0644334852695465,0,0.0543883517384529,0,0.062219388782978,0,0.1960026323795318
0,0.0746559873223304,0,0.0018594940192997,0,0.0037496611475944,0,0.0201216302812099
0,0.0053104744292795,0,0.0060206102207303,0,0.0034650564193725,0,0.0070847920142114
0,0.0800938084721565,0,0.2919021546840668,0,0.0331715121865272,0,0.0933187156915664
0,0.0163007341325283,0,0.0016750392969697,0,0.0023443510290235,0,0.0013142939424142
0,0.0097056534141302,0,0.2011497169733047,0,0.0132156498730182,0,0.501656174659729
0,0.3355366289615631,0,0.0239116791635751,0,0.1162751838564872,0,0.3057844340801239
0,0.2078912109136581,0,0.0511157289147377,0,0.1782498806715011,0,0.2804421782493591
0,0.9546889066696168,0,0.9930540919303894,0,0.980597198009491,0,0.265758067369461
0,0.852495551109314,0,0.7995947003364563,0,0.5589057207107544,0,0.1888256818056106
0,0.1970610916614532,0,0.0883313789963722,0,0.208497017621994,0,0.2325291186571121
0,0.0060500279068946,0,0.0047137895599007,0,0.0022429863456636,0,0.0005681018810719
0,0.0072005339898169,0,0.000129043663037,0,0.0022881363984197,0,0.0004300054279156
0,0.2147743850946426,0,0.4086345136165619,0,0.0223168358206748,0,0.2579329907894134
0,0.0947552695870399,0,0.0320745147764682,0,0.0046005230396986,0,0.118805319070816
0,0.0054325158707797,0,0.0022789335343986,0,0.0021008832845836,0,0.0002344175009056
0,0.0168185029178857,0,0.0195824820548295,0,0.0015816619852557,0,0.0054279053583741
0,0.0152811342850327,0,0.0040761823765933,0,0.0089755402877926,0,0.1484310328960418
0,0.0085921119898557,0,0.001026413985528,0,0.0034653346519917,0,0.002189461607486
0,0.0119570968672633,0,0.0060557937249541,0,0.0096034239977598,0,0.013751171529293
0,0.0320586487650871,0,0.0013374710688367,0,0.017272513359785,0,0.0275627337396144
0,0.062101125717163,0,0.0066263191401958,0,0.0100165959447622,0,0.0504630394279956
0,0.0073426631279289,0,0.000544631271623,0,0.0056198555976152,0,0.0012975629651919
0,0.4444999396800995,0,0.5211100578308105,0,0.2674417495727539,0,0.0162623263895511
0,0.2995297610759735,0,0.1094956621527671,0,0.04567401856184,0,0.0058251512236893
0,0.8753272891044617,0,0.1119670867919921,0,0.2946259677410126,0,0.4879253506660461
0,0.1952027231454849,0,0.0673366859555244,0,0.0379324406385421,0,0.2750732600688934
0,0.1233436539769172,0,0.3621808588504791,0,0.0298599880188703,0,0.296958178281784
0,0.6002419590950012,0,0.2580186128616333,0,0.1375394910573959,0,0.0086393160745501
0,0.1527366936206817,0,0.2864031791687011,0,0.0362798757851123,0,0.1117941215634346
0,0.2312128096818924,0,0.0764618963003158,0,0.0624842010438442,0,0.2506737112998962
0,0.6909260749816895,0,0.2070484161376953,0,0.2444435358047485,0,0.0302795190364122
0,0.0268172565847635,0,0.0704629644751548,0,0.0077158682979643,0,0.0098620578646659
0,0.0350771434605121,0,0.0137249715626239,0,0.0027363798581063,0,0.0044831782579422
0,0.0753940865397453,0,0.0204659961163997,0,0.0157911051064729,0,0.0160924810916185
0,0.0066556739620864,0,0.0007688576588407,0,0.0057066082954406,0,0.011031249538064
0,0.6030237674713135,0,0.6527096033096313,0,0.3124263286590576,0,0.6093745827674866
0,0.0143504794687032,0,0.0185945201665163,0,0.0056117922067642,0,0.0245025027543306
0,0.0323374755680561,0,0.0271519143134355,0,0.0066822399385273,0,0.0725392624735832
0,0.0258549395948648,0,0.0128886699676513,0,0.0067771868780255,0,0.0207100380212068
0,0.3308163583278656,0,0.7311475276947021,0,0.5104615688323975,0,0.3270380198955536
0,0.3361853659152984,0,0.6683514714241028,0,0.1120297238230705,0,0.4553548991680145
0,0.7408491969108582,0,0.363896757364273,0,0.7217628359794617,0,0.5363684296607971
0,0.0763764083385467,0,0.005596658680588,0,0.0115063805133104,0,0.0100142424926161
0,0.0103717725723981,0,0.0370265394449234,0,0.0048985462635755,0,0.0145689090713858
0,0.0539893172681331,0,0.0190518666058778,0,0.0269854497164487,0,0.0154601987451314
0,0.1031858175992965,0,0.3482267260551452,0,0.0045229149982333,0,0.0008895420469343
0,0.0056789987720549,0,0.0045968214981257,0,0.0032891738228499,0,0.0007612456101924
0,0.006206483580172,0,0.0060113547369837,0,0.0030730285216122,0,0.0006065698107704
0,0.3043213486671448,0,0.5749592781066895,0,0.0045138164423406,0,0.0012577477609738
0,0.0069319941103458,0,0.0055177765898406,0,0.0036916194949299,0,0.0021046854089945
0,0.4384901523590088,0,0.6285630464553833,0,0.0512913018465042,0,0.0117922043427824
0,0.3287113904953003,0,0.1057648733258247,0,0.0173783935606479,0,0.0420123673975467
0,0.6975186467170715,0,0.0890306383371353,0,0.0234540402889251,0,0.1014394834637641
0,0.8077448606491089,0,0.1922412514686584,0,0.0299584101885557,0,0.2915253341197967
0,0.0239411853253841,0,0.0020449988078325,0,0.0045561203733086,0,0.0071081570349633
0,0.0311783589422702,0,0.0054652970284223,0,0.0339749529957771,0,0.0034249299205839
0,0.0079597122967243,0,0.0035873060114681,0,0.0021893386729061,0,0.000533158192411
0,0.0124180288985371,0,0.0226858034729957,0,0.0216994397342205,0,0.0006070246454328
0,0.0485479980707168,0,0.0118878651410341,0,0.0109527101740241,0,0.1256305277347564
0,0.0788429379463195,0,0.0100958030670881,0,0.0044949385337531,0,0.0283995978534221
0,0.0402752757072448,0,0.0100383181124925,0,0.011710506863892,0,0.1436180770397186
0,0.0219972766935825,0,0.0101590221747756,0,0.0075334310531616,0,0.0291006043553352
0,0.0199744459241628,0,0.0246720481663942,0,0.0948942229151725,0,0.0014401416992768
0,0.0127003211528062,0,0.022740826010704,0,0.0204029250890016,0,0.0113321598619222
0,0.0087209185585379,0,0.0014491595793515,0,0.0035556179936975,0,0.0011872922768816
0,0.0088238948956131,0,0.0092097222805023,0,0.011723592877388,0,0.0029208420310169
0,0.0091869113966822,0,0.0011629553046077,0,0.0039268950931727,0,0.0008590888464823
0,0.0076269106939435,0,0.0075067044235765,0,0.0091127883642911,0,0.0021726328413933
0,0.5660509467124939,0,0.0248959623277187,0,0.0036167008802294,0,0.0148730725049972
0,0.007396993227303,0,0.0114066759124398,0,0.0119250975549221,0,0.0071033593267202
0,0.532659649848938,0,0.0661948099732399,0,0.0053318841382861,0,0.0200378373265266
0,0.0213416721671819,0,0.0038436229806393,0,0.0119044734165072,0,0.0029551181942224
0,0.0047166249714791,0,0.0470667965710163,0,0.0253780726343393,0,0.0126088457182049
0,0.5059062838554382,0,0.0446088537573814,0,0.003994736354798,0,0.0199272148311138
0,0.010396690107882,0,0.0914648026227951,0,0.1515610367059707,0,0.020392520353198
0,0.0253758616745471,0,0.0033265815582126,0,0.0099209789186716,0,0.0036009091418236
0,0.0101381940767169,0,0.0012998204911127,0,0.0035240680444985,0,0.0005293005960993
0,0.0186653360724449,0,0.0044803763739764,0,0.0125122973695397,0,0.0102216908708214
0,0.0248694997280836,0,0.0029237540438771,0,0.0043974127620458,0,0.0012299276422709
0,0.0034267434384673,0,0.0016307746991515,0,0.0023629609495401,0,0.0007017967873252
0,0.0054117175750434,0,0.0015105739003047,0,0.0039963605813682,0,0.0006292285397648
0,0.7706922292709351,0,0.8463411927223206,0,0.5429399013519287,0,0.6343048214912415
0,0.8070364594459534,0,0.926220953464508,0,0.5364992022514343,0,0.7138721942901611
0,0.8697049617767334,0,0.9187899231910706,0,0.7088133692741394,0,0.7455142140388489
0,0.0593225099146366,0,0.0026889713481068,0,0.0110645918175578,0,0.0156454853713512
0,0.246549591422081,0,0.1668255925178527,0,0.1056945100426673,0,0.1410006135702133
0,0.0362619347870349,0,0.0046878634020686,0,0.0045735016465187,0,0.034754741936922
0,0.0442932099103927,0,0.001459817867726,0,0.0042306715622544,0,0.0128327999264001
0,0.2498435825109481,0,0.1728850603103637,0,0.0122441239655017,0,0.0575209818780422
0,0.0395300611853599,0,0.0056039085611701,0,0.0177966691553592,0,0.1051698252558708
0,0.0315299741923809,0,0.0049183941446244,0,0.0018665475072339,0,0.001271799323149
0,0.1152923181653022,0,0.2787798345088959,0,0.0478632785379886,0,0.0098423073068261
0,0.0296175051480531,0,0.0078294454142451,0,0.0048701525665819,0,0.0227072108536958
0,0.7262374758720398,0,0.6423467397689819,0,0.7810290455818176,0,0.1284493803977966
0,0.0316537767648696,0,0.1871099025011062,0,0.0668229982256889,0,0.2736910879611969
0,0.0180045291781425,0,0.002980045042932,0,0.0058998349122703,0,0.0056686154566705
0,0.0556307509541511,0,0.1054369732737541,0,0.0748370885848999,0,0.3343400955200195
0,0.0234219301491975,0,0.0049263867549598,0,0.0043045044876635,0,0.0034440951421856
0,0.0346437729895114,0,0.091225542128086,0,0.0557117313146591,0,0.2590478062629699
0,0.0254752319306135,0,0.0027991603128612,0,0.0048957434482872,0,0.0064544747583568
0,0.0237959511578083,0,0.0322425104677677,0,0.0703551769256591,0,0.0005705848452635
0,0.0124100726097822,0,0.0015300172381103,0,0.0075974403880536,0,0.0003939648449886
0,0.044986043125391,0,0.0090149445459246,0,0.0071188029833137,0,0.0004804316267836
0,0.006550739519298,0,0.001450779964216,0,0.00291942153126,0,0.0004122469690628
0,0.5094364881515503,0,0.8827361464500427,0,0.3422397673130035,0,0.4649682641029358
0,0.8770291209220886,0,0.8916851282119751,0,0.5846652984619141,0,0.6660947203636169
0,0.6501021981239319,0,0.3171702921390533,0,0.1019440814852714,0,0.0598861724138259
0,0.0662377327680587,0,0.0260269287973642,0,0.2259647250175476,0,0.1250190585851669
0,0.8724324107170105,0,0.9176311492919922,0,0.3895089030265808,0,0.6390104293823242
0,0.705740213394165,0,0.5750254988670349,0,0.1866326332092285,0,0.106769286096096
0,0.0894486978650093,0,0.028325542807579,0,0.270706444978714,0,0.1734106838703155
0,0.0068132374435663,0,0.0012816570233553,0,0.0050553525798022,0,0.0012981540057808
0,0.9039395451545716,0,0.9753851890563964,0,0.1587866097688675,0,0.6041500568389893
0,0.6731256246566772,0,0.5090000629425049,0,0.1436323672533035,0,0.1394724696874618
0,0.2105924040079116,0,0.0370521433651447,0,0.439072847366333,0,0.3693857192993164
0,0.0045637907460331,0,0.0019495190354064,0,0.0056042540818452,0,0.0008872987818904
0,0.1483913213014602,0,0.0795363783836364,0,0.3370367586612701,0,0.0332046188414096
0,0.0448078028857708,0,0.0532885640859603,0,0.0107703683897852,0,0.0644138529896736
1,0.276350200176239,1,0.6270012259483337,1,0.583884596824646,1,0.2403444051742553
1,0.4588765799999237,1,0.5028353929519653,1,0.291511982679367,1,0.6101535558700562
1,0.3411850929260254,1,0.1911007165908813,1,0.2459104061126709,1,0.4179667532444
1,0.4875377714633941,1,0.931027054786682,1,0.3047354519367218,1,0.6803195476531982
1,0.8546295762062073,1,0.8488978147506714,1,0.2979568243026733,1,0.7252447605133057
1,0.1581641435623169,1,0.2374291867017746,1,0.2748093008995056,1,0.6211844682693481
1,0.0941343456506729,1,0.0365738160908222,1,0.2509942650794983,1,0.1142741590738296
1,0.328926146030426,1,0.3380344212055206,1,0.3630244731903076,1,0.4957073032855987
1,0.7756751775741577,1,0.8788793683052063,1,0.9434022307395936,1,0.0282674394547939
1,0.1464057862758636,1,0.0769085139036178,1,0.2368484586477279,1,0.2554847300052643
1,0.2240694016218185,1,0.1192078292369842,1,0.0947587788105011,1,0.0269035398960113
1,0.7910333871841431,1,0.2532424926757812,1,0.4002822637557983,1,0.5329055786132812
1,0.0134506542235612,1,0.0473330505192279,1,0.0103300930932164,1,0.0326512642204761
1,0.7849907875061035,1,0.9725717306137084,1,0.3686210215091705,1,0.3669340908527374
1,0.8516437411308289,1,0.9869094491004944,1,0.2574654519557953,1,0.1417113840579986
1,0.8700597286224365,1,0.9804350137710572,1,0.7798112034797668,1,0.4042131602764129
1,0.6508195996284485,1,0.6004943251609802,1,0.1537623852491378,1,0.7255176901817322
1,0.1922603398561477,1,0.4191300868988037,1,0.3394258320331573,1,0.6062599420547485
1,0.8499615788459778,1,0.6728163361549377,1,0.5514767169952393,1,0.4671550393104553
1,0.1805307865142822,1,0.2612217664718628,1,0.0946379005908966,1,0.5308977365493774
1,0.1772391051054,1,0.0678306818008422,1,0.023106649518013,1,0.3957856893539428
1,0.4975672662258148,1,0.4278061091899872,1,0.2217529267072677,1,0.7048006653785706
1,0.2257567793130874,1,0.0054124076850712,1,0.1085685938596725,1,0.197778895497322
1,0.5845178365707397,1,0.3645574450492859,1,0.2704081535339355,1,0.7018041014671326
1,0.692241907119751,1,0.8385688662528992,1,0.612323522567749,1,0.8094778060913086
1,0.0865588039159774,1,0.1777021288871765,1,0.0245239548385143,1,0.0127944275736808
1,0.9945831894874572,1,0.9936204552650452,1,0.9702467918395996,1,0.8230746388435364
0,0.0633523762226104,0,0.8459218144416809,0,0.6850146055221558,0,0.1822630912065506
0,0.0098330220207571,0,0.0022319506388157,0,0.0062432000413537,0,0.0121917892247438
0,0.0038607255555689,0,0.0009692821768112,0,0.0027380054816603,0,0.0002197510912083
0,0.0033408340532332,0,0.0017624492757022,0,0.005616386886686,0,0.0004075078468304
0,0.0070089376531541,0,0.0037488208618015,0,0.0023716988507658,0,0.0069749727845191
0,0.6785728931427002,0,0.9515018463134766,0,0.3809282183647156,0,0.2493117898702621
0,0.0043707424774765,0,0.0006511121173389,0,0.0021927412599325,0,0.0030517275445163
0,0.6888768076896667,0,0.8076913356781006,0,0.6432474255561829,0,0.0386672392487525
0,0.0274610873311758,0,0.0102920113131403,0,0.0134662920609116,0,0.002245403593406
0,0.0167993139475584,0,0.0013694206718355,0,0.0227324236184358,0,0.0107367625460028
0,0.133633866906166,0,0.1191040426492691,0,0.0247096326202154,0,0.0138015942648053
0,0.0698429569602012,0,0.0349130481481552,0,0.1395219713449478,0,0.0169055126607418
0,0.8381739258766174,0,0.9597764015197754,0,0.372938871383667,0,0.5947097539901733
0,0.062174592167139,0,0.0019115381874144,0,0.0103434780612587,0,0.022662965580821
0,0.3217359483242035,0,0.4431363344192505,0,0.0640128180384635,0,0.0693993493914604
0,0.0914427414536476,0,0.0128919156268239,0,0.1477584391832351,0,0.048587892204523
0,0.0504730641841888,0,0.0242805201560258,0,0.0929876267910003,0,0.0539814010262489
0,0.0294306296855211,0,0.0152792334556579,0,0.1651233285665512,0,0.1036058962345123
0,0.0282929744571447,0,0.0191889125853776,0,0.1019260734319686,0,0.0125569999217987
0,0.1338276118040084,0,0.0063319965265691,0,0.3545085191726684,0,0.021670026704669
0,0.2273911833763122,0,0.038570612668991,0,0.1108944714069366,0,0.0312994159758091
0,0.1845134198665619,0,0.0352876037359237,0,0.0260947030037641,0,0.0697968006134033
0,0.9878966808319092,0,0.993190586566925,0,0.8218314051628113,0,0.7809247970581055
0,0.0038060883525758,0,0.0018589460523799,0,0.0026769393589347,0,0.0038582379929721
0,0.1540566831827163,0,0.0328755117952823,0,0.4808310866355896,0,0.0072760330513119
0,0.4999606609344482,0,0.2991949617862701,0,0.5617141723632812,0,0.0078672366216778
0,0.0883777439594268,0,0.0523764193058013,0,0.0412872806191444,0,0.0162565074861049
0,0.0955507457256317,0,0.0670654773712158,0,0.2838379740715027,0,0.415812999010086
0,0.2830356061458587,0,0.016960447654128,0,0.1040243133902549,0,0.6532306671142578
0,0.0076273796148598,0,0.0231668520718812,0,0.189662218093872,0,0.0026680682785809
0,0.2589603960514068,0,0.0034070149995386,0,0.0078114345669746,0,0.0092941531911492
0,0.0281202252954244,0,0.005132189951837,0,0.0017488367157056,0,0.0066355317831039
0,0.0688774809241294,0,0.0053135151974856,0,0.0042148772627115,0,0.0033206159714609
0,0.0218736510723829,0,0.0147689692676067,0,0.0324942059814929,0,0.0025289356708526
0,0.0172685328871011,0,0.0041185454465448,0,0.0027097461279481,0,0.0014149250928312
0,0.0111995553597807,0,0.0038138490635901,0,0.0040780296549201,0,0.0123354904353618
0,0.0069360788911581,0,0.0021870355121791,0,0.0041056065820157,0,0.0041001630015671
0,0.0143854599446058,0,0.0030744385439902,0,0.0028836079873144,0,0.0028727408498525
0,0.0224148537963628,0,0.0157483853399753,0,0.0139752654358744,0,0.0024187141098082
0,0.0234035141766071,0,0.0106272231787443,0,0.0022500117775052,0,0.0112057933583855
0,0.007377681788057,0,0.0088144000619649,0,0.012838396243751,0,0.0218197964131832
0,0.0123537331819534,0,0.2134967893362045,0,0.0277581177651882,0,0.0197078753262758
0,0.0240472964942455,0,0.0224402211606502,0,0.0118101425468921,0,0.0025951354764401
0,0.004257314838469,0,0.0033284286037087,0,0.003986963070929,0,0.0005699901957996
0,0.0108449533581733,0,0.023928428068757,0,0.0022525694221258,0,0.0125346463173627
0,0.0052280826494097,0,0.0077705956064164,0,0.0038834509905427,0,0.0092473961412906
0,0.1054745092988014,0,0.0030544737819582,0,0.0155881252139806,0,0.0132683562114834
0,0.4235721230506897,0,0.8040186762809753,0,0.253680557012558,0,0.2781357765197754
0,0.0180813111364841,0,0.0026257568970322,0,0.0048497132956981,0,0.0094325952231884
0,0.1861166208982467,0,0.3474558591842651,0,0.1139778718352317,0,0.4834418892860412
0,0.3146109282970428,0,0.7970152497291565,0,0.046417586505413,0,0.0329189300537109
0,0.0128110134974122,0,0.0030701900832355,0,0.0036558581050485,0,0.0058667506091296
0,0.0445962883532047,0,0.3427629768848419,0,0.1620288789272308,0,0.3189579844474792
0,0.0757723301649093,0,0.6375932693481445,0,0.1357176750898361,0,0.294327050447464
0,0.2291228473186493,0,0.0129838781431317,0,0.0586242638528347,0,0.0454595908522605
0,0.2599430084228515,0,0.0045816777274012,0,0.0471271350979805,0,0.0416298732161521
0,0.3345274627208709,0,0.0078037180937826,0,0.1621806174516677,0,0.1039196550846099
0,0.0200533717870712,0,0.0017341304337605,0,0.0028976912144571,0,0.0036205465439707
0,0.0101529583334922,0,0.0009202411747537,0,0.0026013201568275,0,0.0020465631969273
0,0.0149576840922236,0,0.0059330514632165,0,0.0799917876720428,0,0.0329468958079814
0,0.0200177486985921,0,0.0021656907629221,0,0.0198109690099954,0,0.0287211500108242
0,0.0570408180356025,0,0.0037563540972769,0,0.0057046897709369,0,0.0034902652259916
0,0.0318720526993274,0,0.022461088374257,0,0.0081889126449823,0,0.0119767300784587
0,0.0224990732967853,0,0.0017500317189842,0,0.0212604589760303,0,0.0316394045948982
0,0.026492029428482,0,0.0134165463969111,0,0.0058351927436888,0,0.0055457395501434
0,0.0108309835195541,0,0.0065038325265049,0,0.0039524701423943,0,0.0060887685976922
0,0.0147377140820026,0,0.0010902185458689,0,0.0016346119809895,0,0.0033500764984637
0,0.0121287023648619,0,0.0031289374455809,0,0.0015176068991422,0,0.0043694647029042
0,0.0148704936727881,0,0.0012668860144913,0,0.0044256648980081,0,0.0054804463870823
0,0.0159676894545555,0,0.003669163910672,0,0.0027508891653269,0,0.0086188884451985
0,0.6142023801803589,0,0.1917037814855575,0,0.5278553366661072,0,0.5299891829490662
0,0.004541381727904,0,0.0033545673359185,0,0.0032783723436295,0,0.0009457478881813
0,0.0080193486064672,0,0.0006048356299288,0,0.0033866916783154,0,0.0092468634247779
0,0.2132879942655563,0,0.0052250083535909,0,0.0164849366992712,0,0.0152068687602877
0,0.1499586403369903,0,0.0098085710778832,0,0.0151383699849247,0,0.0135748060420155
0,0.0121829947456717,0,0.0048725246451795,0,0.0061039957217872,0,0.005125496070832
0,0.5111233592033386,0,0.7257746458053589,0,0.1673580855131149,0,0.2980132699012756
0,0.6592488884925842,0,0.0507491417229175,0,0.2417751103639602,0,0.0563758425414562
0,0.3984349370002746,0,0.0204588286578655,0,0.0801050290465354,0,0.0664293989539146
0,0.4893969297409057,0,0.0353291481733322,0,0.0675403848290443,0,0.1423866152763366
0,0.2875856757164001,0,0.7524409890174866,0,0.0506152510643005,0,0.3765869438648224
0,0.3794439733028412,0,0.6689367294311523,0,0.0223667528480291,0,0.1368595361709594
0,0.0297077018767595,0,0.0006276870844885,0,0.0035155466757714,0,0.0011212645331397
0,0.0398216769099235,0,0.0009385281009599,0,0.0054540550336241,0,0.0047457427717745
0,0.0510004013776779,0,0.0007939541828818,0,0.0051917098462581,0,0.0062715131789445
0,0.1610602140426635,0,0.8990523815155029,0,0.0464950613677501,0,0.0611947029829025
0,0.0042801587842404,0,0.0010391991818323,0,0.0039287735708057,0,0.0020387365948408
0,0.0951046198606491,0,0.0707772448658943,0,0.1239866316318512,0,0.0332416631281375
0,0.1105056181550026,0,0.0168394986540079,0,0.0533907450735569,0,0.4635974764823913
0,0.0209162887185812,0,0.0422787144780159,0,0.0030194248538464,0,0.010213753208518
0,0.0090797282755374,0,0.0070836953818798,0,0.004455751273781,0,0.0043387548066675
0,0.0117561630904674,0,0.0055361045524477,0,0.0214323308318853,0,0.0032568566966801
0,0.0208443999290466,0,0.0357300043106079,0,0.008061971515417,0,0.0020280200988054
0,0.0067952978424727,0,0.0009750461322255,0,0.0051315883174538,0,0.0017226607305929
0,0.0062668370082974,0,0.0013580413069576,0,0.0230795871466398,0,0.006666540633887
0,0.0283156502991914,0,0.0047457828186452,0,0.0048540397547185,0,0.0014683280605822
0,0.0172785781323909,0,0.0028202959802001,0,0.0492286421358585,0,0.1652701944112777
0,0.034620065242052,0,0.0154216634109616,0,0.0205344781279563,0,0.0038912058807909
0,0.0224059578031301,0,0.0130962748080492,0,0.0165851656347513,0,0.0070912861265242
0,0.0424491986632347,0,0.1325116157531738,0,0.0198784787207841,0,0.1462147831916809
0,0.0165915675461292,0,0.3270004987716675,0,0.0283879488706588,0,0.0550880208611488
0,0.009784772992134,0,0.0081276912242174,0,0.0036830292083323,0,0.0029567624442279
0,0.0258657075464725,0,0.0213067382574081,0,0.0072034457698464,0,0.0046814871020615
0,0.0133617715910077,0,0.0128509597852826,0,0.0054974546656012,0,0.0223636757582426
0,0.0341228954493999,0,0.0045702271163463,0,0.0040234276093542,0,0.0197004843503236
0,0.2237634807825088,0,0.0257884822785854,0,0.0087096504867076,0,0.0218010991811752
0,0.0990753099322319,0,0.0058501628227531,0,0.0049394010566174,0,0.0561234019696712
0,0.0074769211933016,0,0.0080716097727417,0,0.0035869157873094,0,0.017071733251214
0,0.0635475516319274,0,0.0039992579258978,0,0.0044669187627732,0,0.0206408593803644
0,0.9212561249732972,0,0.7895752191543579,0,0.4583176970481872,0,0.6646092534065247
0,0.5452300906181335,0,0.0301043316721916,0,0.3689603805541992,0,0.5199229121208191
0,0.0213916450738906,0,0.0018374726641923,0,0.0382619425654411,0,0.0150861414149403
0,0.0319261588156223,0,0.0183069016784429,0,0.0039633167907595,0,0.012322531081736
0,0.0184361971914768,0,0.0029250849038362,0,0.0884866937994957,0,0.018166484311223
0,0.050658781081438,0,0.0194613598287105,0,0.0037205207627266,0,0.0109087210148572
0,0.0226684808731079,0,0.0046512186527252,0,0.1157247722148895,0,0.0134874740615487
0,0.0094888852909207,0,0.0063837887719273,0,0.0061124018393456,0,0.014214445836842
0,0.0139124747365713,0,0.0136053534224629,0,0.0067036757245659,0,0.0145862726494669
0,0.0287962146103382,0,0.0063285590149462,0,0.0136234881356358,0,0.0077118640765547
0,0.057350505143404,0,0.0252587795257568,0,0.0227346271276474,0,0.0107398629188537
0,0.008326138369739,0,0.015997102484107,0,0.0112386187538504,0,0.0058020232245326
0,0.1405445337295532,0,0.5658668875694275,0,0.0328390151262283,0,0.0198880191892385
0,0.009231629781425,0,0.0060837930068373,0,0.0081366645172238,0,0.0052969232201576
0,0.0122695537284016,0,0.0062614614143967,0,0.0081683006137609,0,0.0097159342840313
0,0.00624471437186,0,0.0052743596024811,0,0.0067073535174131,0,0.003375097643584
0,0.0741304755210876,0,0.0010006449883803,0,0.0406778566539287,0,0.0156463310122489
0,0.0053870119154453,0,0.0039972490631043,0,0.0060965507291257,0,0.0027052331715822
0,0.0124710947275161,0,0.0018163846107199,0,0.0020946166478097,0,0.0100641576573252
0,0.0499773807823658,0,0.0013863088097423,0,0.0122364908456802,0,0.0032314229756593
0,0.0250984914600849,0,0.0009551415569148,0,0.0056141875684261,0,0.0092939119786024
0,0.0061141056939959,0,0.0057650548405945,0,0.0094234207645058,0,0.0039507527835667
0,0.4091991782188415,0,0.0773105099797248,0,0.0512510202825069,0,0.025683531537652
0,0.1022209227085113,0,0.0137777552008628,0,0.0150570049881935,0,0.0126815903931856
0,0.0274648442864418,0,0.0073736710473895,0,0.0354050658643245,0,0.0631394535303115
0,0.3087708055973053,0,0.1374142318964004,0,0.0815548598766326,0,0.1637412756681442
0,0.0785600468516349,0,0.0049977675080299,0,0.016657767817378,0,0.0127733405679464
0,0.0687131360173225,0,0.0038535564672201,0,0.0218349192291498,0,0.0136067755520343
0,0.0836209654808044,0,0.0043435036204755,0,0.0130093116313219,0,0.009474366903305
0,0.1197475045919418,0,0.0236321184784173,0,0.0087406653910875,0,0.2258138358592987
0,0.0219616256654262,0,0.0023438993375748,0,0.0124096348881721,0,0.0127319600433111
0,0.4171580672264099,0,0.0200832616537809,0,0.2403132319450378,0,0.216612309217453
0,0.1281297206878662,0,0.178695946931839,0,0.0161303356289863,0,0.1275080293416977
0,0.0202531684190034,0,0.0014975486556068,0,0.0079213045537471,0,0.0121944835409522
0,0.3452128767967224,0,0.0099016344174742,0,0.0220003295689821,0,0.0654859542846679
0,0.1596421003341674,0,0.2003888934850692,0,0.0182623416185379,0,0.0271659549325704
0,0.0171195436269044,0,0.0027791536413133,0,0.0058625806123018,0,0.0216009132564067
0,0.0601073317229747,0,0.006064907182008,0,0.0076331999152898,0,0.0276588182896375
0,0.8760229349136353,0,0.9119635224342346,0,0.3892179727554321,0,0.458087682723999
0,0.7712694406509399,0,0.3565913736820221,0,0.1865421682596206,0,0.5475029349327087
0,0.9046961665153505,0,0.7821106314659119,0,0.3822382986545563,0,0.6211273074150085
0,0.0697343796491622,0,0.0202539917081594,0,0.0052537750452756,0,0.0033404929563403
0,0.0557102151215076,0,0.0150116737931966,0,0.0033543251920491,0,0.0031711584888398
0,0.0136753851547837,0,0.0033954808022826,0,0.0033291245345026,0,0.0064847297035157
0,0.0101370178163051,0,0.0020283570047467,0,0.0023254037369042,0,0.0156154185533523
0,0.0127396760508418,0,0.0049947472289204,0,0.0060439514927566,0,0.015078037045896
0,0.045587383210659,0,0.014883323572576,0,0.0253828503191471,0,0.0253846440464258
0,0.1375171840190887,0,0.0182038359344005,0,0.0051748324185609,0,0.1789563745260238
0,0.1324226707220077,0,0.4974620938301086,0,0.4852399528026581,0,0.418189138174057
0,0.3291546404361725,0,0.012053114362061,0,0.0063121514394879,0,0.2163102328777313
0,0.0093353483825922,0,0.0062151164747774,0,0.0193206220865249,0,0.022575668990612
0,0.0899383202195167,0,0.1376055926084518,0,0.006926879286766,0,0.0067067020572721
0,0.3017611503601074,0,0.0148047162219882,0,0.0163578875362873,0,0.0524851903319358
0,0.6692041158676147,0,0.0158810634166002,0,0.1016833335161209,0,0.437883049249649
0,0.2405545264482498,0,0.00186263397336,0,0.0064661051146686,0,0.1346122324466705
0,0.0046400926075875,0,0.0018176023149862,0,0.0126621294766664,0,0.0047779716551303
0,0.049529381096363,0,0.0866534560918808,0,0.0037835431285202,0,0.0053290603682398
0,0.0387373343110084,0,0.6255545616149902,0,0.4721545875072479,0,0.2919483184814453
0,0.1235936284065246,0,0.0005240783211775,0,0.0034375437535345,0,0.001283036544919
0,0.5307187438011169,0,0.0179569330066442,0,0.1085381805896759,0,0.5088999271392822
0,0.1220354884862899,0,0.0018941505113616,0,0.0038710178341716,0,0.0609571374952793
0,0.0037748182658106,0,0.0039759879000484,0,0.0109342327341437,0,0.0035027011763304
0,0.0657263621687889,0,0.2609579861164093,0,0.0057268952950835,0,0.0050961738452315
0,0.1794624179601669,0,0.0023340410552918,0,0.0034652408212423,0,0.0160837266594171
0,0.6055519580841064,0,0.0331066474318504,0,0.03392244130373,0,0.4499748647212982
0,0.3270723819732666,0,0.0159747581928968,0,0.0428686514496803,0,0.0633574947714805
0,0.0696780085563659,0,0.5269097089767456,0,0.0248600337654352,0,0.3821076452732086
0,0.0215281248092651,0,0.0031626566778868,0,0.0034158534836024,0,0.0087808389216661
0,0.029723759740591,0,0.0042734984308481,0,0.0059543815441429,0,0.0199610628187656
0,0.0330499187111854,0,0.0036270183045417,0,0.0108820972964167,0,0.012310360558331
0,0.0410474427044391,0,0.0975582972168922,0,0.016122929751873,0,0.0116819217801094
0,0.1554896235466003,0,0.3365084826946258,0,0.2842049598693847,0,0.422550767660141
0,0.5907994508743286,0,0.1147681027650833,0,0.3786215484142303,0,0.6912661194801331
0,0.0420286618173122,0,0.0041417134925723,0,0.0299032051116228,0,0.0103454748168587
0,0.104908250272274,0,0.0441369861364364,0,0.4196346700191498,0,0.0271837934851646
0,0.0070667453110218,0,0.0019366643391549,0,0.0039486293680965,0,0.007466185837984
0,0.0243521817028522,0,0.0057026320137083,0,0.3703659474849701,0,0.1534975469112396
0,0.0989704355597496,0,0.0037489987444132,0,0.0565386451780796,0,0.0149718755856156
0,0.0163091849535703,0,0.0008892780169844,0,0.0105856154114007,0,0.0098386546596884
0,0.0960295647382736,0,0.0563068315386772,0,0.1741103231906891,0,0.0477077886462211
0,0.0268067177385091,0,0.0056815515272319,0,0.2570923864841461,0,0.1369619220495224
0,0.096405416727066,0,0.0098013961687684,0,0.0286557395011186,0,0.0110635114833712
0,0.319547176361084,0,0.0420345924794673,0,0.1900149434804916,0,0.0649864301085472
0,0.0167979206889867,0,0.0012463197344914,0,0.0027192856650799,0,0.0037044447381049
0,0.0290313269942998,0,0.0099768796935677,0,0.4202417135238647,0,0.3305619955062866
0,0.018355032429099,0,0.0010352170793339,0,0.0022872395347803,0,0.0042092814110219
0,0.0695428848266601,0,0.0009876399999484,0,0.0030994729604572,0,0.0322152338922023
0,0.0618977881968021,0,0.0021979254670441,0,0.0028521623462438,0,0.011371118016541
0,0.0644856840372085,0,0.142702579498291,0,0.1324938386678695,0,0.1967396140098571
0,0.0353253372013568,0,0.0208027847111225,0,0.0957241281867027,0,0.0230743139982223
0,0.006986906286329,0,0.0024531260132789,0,0.0101709775626659,0,0.0034991747234016
0,0.5580404996871948,0,0.2754189372062683,0,0.7405910491943359,0,0.5135432481765747
0,0.2170013636350631,0,0.0043805707246065,0,0.0127608701586723,0,0.0126994298771023
0,0.0185107160359621,0,0.0078562898561358,0,0.0048122592270374,0,0.0043899952434003
0,0.5352202653884888,0,0.0451633036136627,0,0.0466543175280094,0,0.007722892332822
0,0.1045396625995636,0,0.0013016546145081,0,0.0153434257954359,0,0.0017936159856617
0,0.2485206574201584,0,0.0382089354097843,0,0.0519374869763851,0,0.0082801878452301
0,0.0199540890753269,0,0.0121258525177836,0,0.006103151012212,0,0.0051776319742202
0,0.5058764219284058,0,0.0268193315714597,0,0.0447453744709491,0,0.0080070765689015
0,0.1723646372556686,0,0.0034684664569795,0,0.0116837220266461,0,0.0173046682029962
0,0.028327090665698,0,0.0190631002187728,0,0.0073261726647615,0,0.0069017163477838
0,0.0086503578349947,0,0.0014550207415595,0,0.0048464215360581,0,0.001052536885254
0,0.0901178568601608,0,0.0056562544777989,0,0.0247571188956499,0,0.0060679065063595
0,0.0487534031271934,0,0.0005778862978331,0,0.0303136892616748,0,0.0040363920852541
0,0.0108374934643507,0,0.0064682136289775,0,0.0170917343348264,0,0.0021818389650434
0,0.1431492567062378,0,0.0088282199576497,0,0.0388098359107971,0,0.0069282501935958
0,0.0766719803214073,0,0.0004911700380034,0,0.0318397618830204,0,0.0052937809377908
0,0.1911537200212478,0,0.0101614100858569,0,0.0559519492089748,0,0.1557213068008422
0,0.0605531856417655,0,0.0040239472873508,0,0.0240011718124151,0,0.1552228927612304
0,0.0309924874454736,0,0.0590944662690162,0,0.0246531348675489,0,0.094273954629898
0,0.0045863096602261,0,0.0012674025492742,0,0.0024352425243705,0,0.0006718621589243
0,0.0076215206645429,0,0.0002901749685406,0,0.0042967554181814,0,0.0008681174367666
0,0.0229424126446247,0,0.0019453593995422,0,0.00384366302751,0,0.0058522820472717
0,0.0750650539994239,0,0.063877172768116,0,0.165937915444374,0,0.5067852139472961
0,0.031229855492711,0,0.0033633518032729,0,0.0040843924507498,0,0.0016228734748438
0,0.0259530711919069,0,0.0093791605904698,0,0.0074699744582176,0,0.0015910298097878
0,0.0411155261099338,0,0.0911641642451286,0,0.050524890422821,0,0.0019755326211452
0,0.0089155538007617,0,0.0010189469903707,0,0.0028559120837599,0,0.0011265315115451
0,0.014038598164916,0,0.0010804248740896,0,0.0044265179894864,0,0.0014899678062647
0,0.0062660351395606,0,0.0017514885403215,0,0.002257932210341,0,0.0029768110252916
0,0.0114569040015339,0,0.0016466255765408,0,0.0133852586150169,0,0.001246043248102
0,0.0060118334367871,0,0.0010963060194626,0,0.0070393956266343,0,0.0018589248647913
0,0.0218052230775356,0,0.0214238762855529,0,0.0077149481512606,0,0.0032615908421576
0,0.0809134915471077,0,0.0293864142149686,0,0.017311131581664,0,0.0307729952037334
0,0.0082174343988299,0,0.0033351993188261,0,0.003419596934691,0,0.0058917361311614
0,0.3768728077411651,0,0.1140495091676712,0,0.0879703164100647,0,0.0289119333028793
0,0.0550948455929756,0,0.0122041879221796,0,0.0038768360391259,0,0.0027497184928506
0,0.1358376741409301,0,0.0293230339884758,0,0.0031375489197671,0,0.0031524701043963
0,0.2958118915557861,0,0.1275646388530731,0,0.0700740963220596,0,0.0253089647740125
0,0.2660928070545196,0,0.763383150100708,0,0.1179538518190383,0,0.030077813193202
0,0.4241588413715362,0,0.3349354267120361,0,0.1108986735343933,0,0.0596237182617187
0,0.0238572731614112,0,0.0047786748036742,0,0.0657485574483871,0,0.0146523127332329
0,0.0964836999773979,0,0.0108061013743281,0,0.0051180878654122,0,0.0023277190048247
0,0.4292033612728119,0,0.2513553500175476,0,0.0370066687464714,0,0.0340861715376377
0,0.0052501605823636,0,0.0060126255266368,0,0.0314840674400329,0,0.009062553755939
0,0.037664420902729,0,0.5787205100059509,0,0.2072084695100784,0,0.0374909341335296
0,0.006151636596769,0,0.004813679959625,0,0.0126337660476565,0,0.0009229241986759
0,0.0290900021791458,0,0.0843144729733467,0,0.0348463393747806,0,0.0096570691093802
1,0.5144208669662476,1,0.2185424417257309,1,0.4259018898010254,1,0.3140826523303985
1,0.0285330582410097,1,0.0015455140965059,1,0.0649839416146278,1,0.0378594882786273
1,0.7420316934585571,1,0.8991647362709045,1,0.4892471432685852,1,0.5933554768562317
1,0.7217309474945068,1,0.8513367176055908,1,0.478524774312973,1,0.4790300726890564
1,0.8511025309562683,1,0.9607315063476562,1,0.3757241666316986,1,0.571536660194397
1,0.1805102676153183,1,0.0766283795237541,1,0.0587312504649162,1,0.1901635229587555
1,0.0839176177978515,1,0.097743459045887,1,0.1183060929179191,1,0.0616261735558509
1,0.3011714220046997,1,0.2030850052833557,1,0.1072480827569961,1,0.1755884438753128
1,0.2804775834083557,1,0.5520846843719482,1,0.0120195802301168,1,0.0426512211561203
1,0.4179610908031463,1,0.3698203861713409,1,0.0067911762744188,1,0.17261703312397
1,0.7165040969848633,1,0.5425049662590027,1,0.0152466250583529,1,0.2777570486068725
1,0.0747355818748474,1,0.120623804628849,1,0.1881220042705536,1,0.3072469234466553
1,0.9395411014556884,1,0.4267289936542511,1,0.5511713027954102,1,0.3479947447776794
1,0.0418807342648506,1,0.0254054963588714,1,0.0154492361471056,1,0.0031626052223145
1,0.9438428282737732,1,0.9551435112953186,1,0.7401010990142822,1,0.8025263547897339
1,0.8307907581329346,1,0.9790613055229188,1,0.9225437045097352,1,0.4509079754352569
1,0.8993281126022339,1,0.7314437627792358,1,0.6668636202812195,1,0.2210242599248886
1,0.8199222087860107,1,0.8507310748100281,1,0.7038053274154663,1,0.037193663418293
1,0.0105378730222582,1,0.003848603228107,1,0.0015852209180593,1,0.0056399586610496
1,0.6205062866210938,1,0.7381550073623657,1,0.5237545967102051,1,0.3747784495353699
1,0.149555504322052,1,0.0222524181008338,1,0.2271635383367538,1,0.0567305460572242
0,0.0255220886319875,0,0.001453488250263,0,0.0169747471809387,0,0.0052707605063915
0,0.0136357443407177,0,0.0082198409363627,0,0.0088963024318218,0,0.0112233636900782
0,0.0173473395407199,0,0.0026831678114831,0,0.0046949149109423,0,0.0302948281168937
0,0.0194856524467468,0,0.0156564246863126,0,0.0087000140920281,0,0.0039244261570274
0,0.0304389763623476,0,0.0006519811577163,0,0.0054000802338123,0,0.0021497255656868
0,0.0075226756744086,0,0.0100095868110656,0,0.0072613582015037,0,0.0267520062625408
0,0.0177682358771562,0,0.0075681428425014,0,0.0061806002631783,0,0.020972654223442
0,0.0797981098294258,0,0.1760766804218292,0,0.0081933634355664,0,0.1424527019262313
0,0.0145601062104105,0,0.001432241173461,0,0.0072418390773236,0,0.0197047069668769
0,0.0751527845859527,0,0.0685063749551773,0,0.0399675741791725,0,0.1022059991955757
0,0.0209424924105405,0,0.0046063307672739,0,0.0107179526239633,0,0.0054523274302482
0,0.0220342222601175,0,0.0025464175269007,0,0.0141481626778841,0,0.0059401961043477
0,0.1071186065673828,0,0.0226419791579246,0,0.0547612011432647,0,0.105094701051712
0,0.0776685327291488,0,0.0121015822514891,0,0.0313782766461372,0,0.0400656089186668
0,0.5725375413894653,0,0.2829982042312622,0,0.0889045149087905,0,0.2725215256214142
0,0.7412593960762024,0,0.6389166712760925,0,0.4001874029636383,0,0.560058057308197
0,0.4238243699073791,0,0.3976796269416809,0,0.3273177742958069,0,0.7523763179779053
0,0.4874415695667267,0,0.4185026586055755,0,0.4140437841415405,0,0.5679153800010681
0,0.1531300991773605,0,0.1415591388940811,0,0.3120971024036407,0,0.6533010005950928
0,0.3661624789237976,0,0.0130029581487178,0,0.0863727480173111,0,0.1678951829671859
0,0.2671255469322204,0,0.0050557195208966,0,0.0052683087997138,0,0.0212913006544113
0,0.2415454238653183,0,0.0395625717937946,0,0.0513312518596649,0,0.0064874761737883
0,0.0378659851849079,0,0.0068463026545941,0,0.0023670371156185,0,0.0061707342974841
0,0.1151536777615547,0,0.008184247650206,0,0.0491227768361568,0,0.0707124173641204
0,0.2462045401334762,0,0.0015283746179193,0,0.005778701044619,0,0.0388871058821678
0,0.1019850969314575,0,0.057481549680233,0,0.0965510308742523,0,0.0070532313548028
0,0.0417413860559463,0,0.2912719547748565,0,0.0112707326188683,0,0.1047382429242134
0,0.1734746545553207,0,0.0141030214726924,0,0.0043902974575757,0,0.0220456309616565
0,0.0153154348954558,0,0.0245907790958881,0,0.0140071753412485,0,0.0068823462352156
0,0.0170885454863309,0,0.0035065994597971,0,0.0090698143467307,0,0.0090655134990811
0,0.0309491753578186,0,0.0082751233130693,0,0.0077136415056884,0,0.0120432609692215
0,0.0435829274356365,0,0.0022080473136156,0,0.0070767472498118,0,0.0059650624170899
0,0.0471656247973442,0,0.077988289296627,0,0.0467736311256885,0,0.0139589132741093
0,0.4240278005599975,0,0.2271564751863479,0,0.4662265479564667,0,0.6873692274093628
0,0.5263774394989014,0,0.5395889282226562,0,0.4229743182659149,0,0.7271521091461182
0,0.0504157021641731,0,0.4073913991451263,0,0.1486753970384597,0,0.0760275349020958
0,0.0588767863810062,0,0.3427197635173797,0,0.198617398738861,0,0.0354439318180084
0,0.0137780215591192,0,0.0020349281840026,0,0.0071774190291762,0,0.0120813343673944
0,0.0315397009253501,0,0.0053351246751844,0,0.0018409920157864,0,0.0011650442611426
0,0.0035810170229524,0,0.0006014789105392,0,0.0017859013751149,0,0.0006816636305302
0,0.0171160139143466,0,0.0069374092854559,0,0.0169579200446605,0,0.0106931626796722
0,0.0108487149700522,0,0.0013510506832972,0,0.0050088483840227,0,0.0237194616347551
0,0.0049153659492731,0,0.0032900460064411,0,0.0017514793435111,0,0.0010661620181053
0,0.0369082279503345,0,0.0035938485525548,0,0.0026887778658419,0,0.0013848631642758
0,0.0037234027404338,0,0.0004915702738799,0,0.0011292062699794,0,2.6286026695743203e-05
0,0.0098871635273098,0,0.0024809841997921,0,0.0014115294907242,0,0.0049953898414969
0,0.0107526667416095,0,0.0017690437380224,0,0.0061478009447455,0,0.0304848589003086
0,0.4826071560382843,0,0.7335962653160095,0,0.4893296062946319,0,0.5860180258750916
0,0.0155922304838895,0,0.0011269844835624,0,0.0022841556929051,0,0.0040174894966185
0,0.2335099577903747,0,0.2438413649797439,0,0.2498452365398407,0,0.4989307224750519
0,0.0083948178216815,0,0.001802276703529,0,0.0013716911198571,0,0.0012756972573697
0,0.3858951926231384,0,0.8482617735862732,0,0.296844482421875,0,0.614363431930542
0,0.8587735891342163,0,0.942696750164032,0,0.6637243032455444,0,0.6921943426132202
0,0.8740355968475342,0,0.9795513153076172,0,0.4795774221420288,0,0.427770733833313
0,0.0270320158451795,0,0.1353919208049774,0,0.0514261834323406,0,0.0579431839287281
0,0.1663899570703506,0,0.0678328350186348,0,0.1150639578700065,0,0.0129253389313817
0,0.0328808948397636,0,0.0242236722260713,0,0.0132750170305371,0,0.0319322235882282
0,0.6837607026100159,0,0.54388028383255,0,0.177356943488121,0,0.6145508289337158
0,0.0200867522507905,0,0.0049691861495375,0,0.0031188030261546,0,0.0030684045050293
0,0.0263204239308834,0,0.0079679023474454,0,0.0289277341216802,0,0.0426951758563518
0,0.0119953919202089,0,0.0270810332149267,0,0.0430697575211524,0,0.0769319906830787
0,0.0206207800656557,0,0.1094966530799865,0,0.0067110364325344,0,0.0404584668576717
0,0.0601253770291805,0,0.0084649762138724,0,0.0278197266161441,0,0.0347446016967296
0,0.0584885217249393,0,0.0127553921192884,0,0.086769625544548,0,0.0337941907346248
0,0.0161205772310495,0,0.0012786551378667,0,0.0058668898418545,0,0.0044154971837997
0,0.0140974605455994,0,0.0056812260299921,0,0.0181665066629648,0,0.0028008059598505
0,0.6895998120307922,0,0.7325593829154968,0,0.1467171907424926,0,0.1558184027671814
0,0.1326883882284164,0,0.1336910128593444,0,0.0090270889922976,0,0.0235763527452945
0,0.0137718673795461,0,0.0062238611280918,0,0.0216533280909061,0,0.0053247320465743
0,0.0037393707316368,0,0.0464087538421154,0,0.0046587348915636,0,0.0068556433543562
0,0.2458666712045669,0,0.0200779102742671,0,0.3957107067108154,0,0.3907681703567505
0,0.1083644330501556,0,0.0244200285524129,0,0.4129472076892853,0,0.2305249124765396
0,0.1622799485921859,0,0.0255731623619794,0,0.1555271744728088,0,0.38023841381073
0,0.1771557629108429,0,0.7064358592033386,0,0.341001957654953,0,0.1068250685930252
0,0.4891420304775238,0,0.0318856947124004,0,0.1343123614788055,0,0.1313137412071228
0,0.1823656111955642,0,0.4546906650066376,0,0.0766918361186981,0,0.1673341244459152
0,0.5945708155632019,0,0.1991894543170929,0,0.1069991588592529,0,0.2367178946733474
0,0.6433518528938293,0,0.0923016369342804,0,0.1553124785423278,0,0.178444042801857
0,0.325506180524826,0,0.044242400676012,0,0.115962453186512,0,0.0766538232564926
0,0.1350914537906646,0,0.4869259297847748,0,0.0747245997190475,0,0.1225521191954612
0,0.0211559291929006,0,0.0371861793100833,0,0.0081323711201548,0,0.0062237931415438
0,0.0133871100842952,0,0.0093360757455229,0,0.0080440007150173,0,0.0025283691938966
0,0.0223270654678344,0,0.170831874012947,0,0.0110609242692589,0,0.0069557973183691
0,0.0072929528541862,0,0.0018289786530658,0,0.0062772808596491,0,0.0092369131743907
0,0.0518885217607021,0,0.0025368274655193,0,0.004689650144428,0,0.0137056028470397
0,0.0038147582672536,0,0.0023516896180808,0,0.0029609911143779,0,0.0009619023767299
0,0.0160238910466432,0,0.0069495285861194,0,0.0030150897800922,0,0.0079626459628343
0,0.4167200922966003,0,0.4864526391029358,0,0.4620036780834198,0,0.5868738889694214
0,0.0121161909773945,0,0.0122534399852156,0,0.0109391333535313,0,0.0037261897232383
0,0.0110203558579087,0,0.0026644368190318,0,0.0191488657146692,0,0.0052609792910516
0,0.0794833600521087,0,0.2664201855659485,0,0.0065816207788884,0,0.0041780518367886
0,0.4836747944355011,0,0.0567879676818847,0,0.0961812809109687,0,0.3915267586708069
0,0.3352556228637695,0,0.0177921596914529,0,0.0116447256878018,0,0.014098135754466
0,0.5163301229476929,0,0.3420173227787018,0,0.1220960468053817,0,0.8224356174468994
0,0.034512486308813,0,0.0193962473422288,0,0.1402289420366287,0,0.085718922317028
0,0.2738890945911407,0,0.0081479595974087,0,0.0113332867622375,0,0.0182691905647516
0,0.6501045227050781,0,0.5676817893981934,0,0.1585274189710617,0,0.8230978846549988
0,0.0695952773094177,0,0.0145493429154157,0,0.1781685650348663,0,0.3337941765785217
0,0.3586914539337158,0,0.0159083772450685,0,0.0141440322622656,0,0.0181550886482
0,0.6538742780685425,0,0.4541519582271576,0,0.1261596977710724,0,0.8228958249092102
0,0.1030982211232185,0,0.0995619148015976,0,0.0111848898231983,0,0.0470414236187934
0,0.0395539589226245,0,0.0136081697419285,0,0.0055167223326861,0,0.0034451000392436
0,0.0313802324235439,0,0.0064271101728081,0,0.0048805377446115,0,0.0041187331080436
0,0.0254836939275264,0,0.0853739529848098,0,0.0926571041345596,0,0.0058524431660771
0,0.0319578051567077,0,0.002208475023508,0,0.0076872142963111,0,0.0037186883855611
0,0.0638407319784164,0,0.00245773489587,0,0.0773791074752807,0,0.109141044318676
0,0.0770569741725921,0,0.0024253502488136,0,0.1035888046026229,0,0.0622314773499965
0,0.0612173900008201,0,0.0017758014146238,0,0.1031837090849876,0,0.084928810596466
0,0.1535980850458145,0,0.039364144206047,0,0.0462877340614795,0,0.0024224054068326
0,0.0050748628564178,0,0.0012148914393037,0,0.0044620227999985,0,0.0025038202293217
0,0.0052458960562944,0,0.0050517613999545,0,0.0090171042829751,0,0.0018464009044691
0,0.0371275432407856,0,0.0333633497357368,0,0.055187065154314,0,0.0206479802727699
0,0.0343024209141731,0,0.0031414153054356,0,0.0105281369760632,0,0.0014404559042304
0,0.0065197376534342,0,0.0023127230815589,0,0.0051543191075325,0,0.0018121022731065
0,0.0115733360871672,0,0.0084941294044256,0,0.0033002162817865,0,0.0294039882719516
0,0.0206570997834205,0,0.6016608476638794,0,0.0722135677933693,0,0.0539175271987915
0,0.1184279769659042,0,0.0045810407027602,0,0.0114782070741057,0,0.0014498988166451
0,0.0104614179581403,0,0.0027134569827467,0,0.005670768674463,0,0.0029041711241006
0,0.009574363939464,0,0.0031868037767708,0,0.003185711801052,0,0.0076401964761316
0,0.0047862301580607,0,0.0027390785980969,0,0.0075276759453117,0,0.0134695237502455
0,0.5205492377281189,0,0.0530795194208622,0,0.0261723306030035,0,0.2059510797262191
0,0.7053019404411316,0,0.1133341193199157,0,0.0146008236333727,0,0.2052849382162094
0,0.0296651553362607,0,0.0620086155831813,0,0.2300226539373397,0,0.007303824648261
0,0.0210708882659673,0,0.004867089446634,0,0.012697385624051,0,0.0028180545195937
0,0.6082069277763367,0,0.0476373098790645,0,0.0025575319305062,0,0.0648977980017662
0,0.4626526534557342,0,0.2002632915973663,0,0.0285985395312309,0,0.0801676511764526
0,0.0233742222189903,0,0.0048285210505127,0,0.0051851947791874,0,0.0007912533474154
0,0.1934535950422287,0,0.0123572489246726,0,0.0054037724621593,0,0.0003211660659871
0,0.0043585104867815,0,0.0010338800493627,0,0.0108263054862618,0,0.0026808236725628
0,0.0133929615840315,0,0.0207258462905883,0,0.0031663053669035,0,0.0053145312704145
0,0.0121164368465542,0,0.0017860144143924,0,0.0020375126041471,0,0.0025567098055034
0,0.0162325128912925,0,0.1426249146461486,0,0.0100368922576308,0,0.0052122748456895
0,0.005765221081674,0,0.0008771155262365,0,0.0279887169599533,0,0.0011416124179959
0,0.010814132168889,0,0.0028919586911797,0,0.0013756420230492,0,0.0009759761160239
0,0.0247779004275798,0,0.0019999402575194,0,0.0019520906498655,0,0.0006396670942194
0,0.0082403402775526,0,0.0023676655255258,0,0.0033222415950149,0,0.0007798943552188
0,0.0237810537219047,0,0.0016838160809129,0,0.0238967593759298,0,0.0228287149220705
0,0.7398366928100586,0,0.7629349827766418,0,0.3845927715301513,0,0.6372076869010925
0,0.0374441631138324,0,0.0299775414168834,0,0.0047302227467298,0,0.0587060824036598
0,0.0401487909257411,0,0.0510438978672027,0,0.0065328092314302,0,0.0089960535988211
0,0.0280316956341266,0,0.0164973717182874,0,0.0046226014383137,0,0.024960808455944
0,0.0884090140461921,0,0.0256399679929018,0,0.0113032404333353,0,0.0205623116344213
0,0.0156731568276882,0,0.005035987123847,0,0.0068557867780327,0,0.0013325840700417
0,0.0276743434369564,0,0.0149057395756244,0,0.004569121170789,0,0.0161819290369749
0,0.0103176739066839,0,0.0017820555949583,0,0.0083475252613425,0,0.0010809159139171
0,0.0175652019679546,0,0.0211670715361833,0,0.001932922983542,0,0.0068720942363142
0,0.3135018944740295,0,0.2903341054916382,0,0.021873839199543,0,0.0660012438893318
0,0.1688974797725677,0,0.2037264108657837,0,0.0248112473636865,0,0.0353697091341018
0,0.0126067074015736,0,0.0237058773636817,0,0.0056101400405168,0,0.0169502738863229
0,0.1743530631065368,0,0.2676293551921844,0,0.027611207216978,0,0.0746259838342666
0,0.1168104112148284,0,0.0020012760069221,0,0.0253635961562395,0,0.0082153286784887
0,0.1128503158688545,0,0.0069486470893025,0,0.0286725368350744,0,0.0079262377694249
0,0.0048162299208343,0,0.012230428867042,0,0.0172918029129505,0,0.0358860306441783
0,0.0140840457752347,0,0.0154050113633275,0,0.2174237370491027,0,0.0094030136242508
0,0.0267976783215999,0,0.0061413422226905,0,0.0054260580800473,0,0.0425511859357357
0,0.2657278776168823,0,0.0025832643732428,0,0.0238601081073284,0,0.0163020119071006
0,0.023552494123578,0,0.0009600578923709,0,0.0900350287556648,0,0.0196994226425886
0,0.0936041846871376,0,0.0065587977878749,0,0.0039985822513699,0,0.0073312548920512
0,0.085241213440895,0,0.3739313185214996,0,0.0461670346558094,0,0.0234305970370769
0,0.6855361461639404,0,0.395340621471405,0,0.0789768621325492,0,0.7221384048461914
0,0.05454071611166,0,0.0133599992841482,0,0.0144379027187824,0,0.0076259113848209
0,0.179279625415802,0,0.0063751833513379,0,0.0105447908863425,0,0.2516866624355316
0,0.0148340947926044,0,0.0634395852684974,0,0.0019052857533097,0,0.0090420395135879
0,0.0279717538505792,0,0.0044226278550922,0,0.004263259936124,0,0.0320516154170036
0,0.0283652711659669,0,0.0035932867322117,0,0.0028596229385584,0,0.0106735229492187
0,0.0079738525673747,0,0.0056615429930388,0,0.0042460788972675,0,0.0037492655683308
0,0.4173080921173095,0,0.6204837560653687,0,0.3557441532611847,0,0.711764931678772
0,0.3389388024806976,0,0.1034099459648132,0,0.3504360020160675,0,0.6994664072990417
0,0.3119603097438812,0,0.7859259843826294,0,0.3855038285255432,0,0.6714502573013306
0,0.0092817321419715,0,0.0016565629048272,0,0.0025685203727334,0,0.0050373463891446
0,0.1718643456697464,0,0.1060840934514999,0,0.0867684334516525,0,0.0250687692314386
0,0.1544274240732193,0,0.434244841337204,0,0.0974208489060401,0,0.0469509623944759
0,0.3167505860328674,0,0.7303420901298523,0,0.2753008902072906,0,0.214555487036705
0,0.186603769659996,0,0.3786978125572204,0,0.2924373149871826,0,0.0108140856027603
0,0.0089654177427291,0,0.0035157958045601,0,0.0053288023918867,0,0.004941594786942
0,0.0279151648283004,0,0.0040586567483842,0,0.005061890464276,0,0.0035331284161657
0,0.0322645530104637,0,0.0099443970248103,0,0.0068052494898438,0,0.001571096596308
0,0.0124084195122122,0,0.0357566773891449,0,0.003930649254471,0,0.0051196250133216
0,0.0106288418173789,0,0.035179778933525,0,0.0031424551270902,0,0.0051022330299019
0,0.0111733255907893,0,0.016435220837593,0,0.0027484153397381,0,0.0029389886185526
0,0.1801245212554931,0,0.0029023862443864,0,0.0029374409932643,0,0.0021460249554365
0,0.3085191249847412,0,0.0549198538064956,0,0.3538540601730346,0,0.0115650650113821
0,0.0771804302930831,0,0.3619588017463684,0,0.0195644814521074,0,0.0265422742813825
0,0.1198080629110336,0,0.6242173314094543,0,0.0753491520881652,0,0.0119561282917857
0,0.3192640841007232,0,0.2371273338794708,0,0.3306034505367279,0,0.2352263927459716
0,0.3105346858501434,0,0.3412292897701263,0,0.7249990105628967,0,0.0715281069278717
0,0.3471581935882568,0,0.3213652372360229,0,0.8161236643791199,0,0.0575819574296474
0,0.1154932454228401,0,0.4269516766071319,0,0.0838691145181655,0,0.026716373860836
0,0.0495839118957519,0,0.0209427941590547,0,0.0068857399746775,0,0.0027978243306279
0,0.561973512172699,0,0.8328522443771362,0,0.0500476509332656,0,0.5817930698394775
0,0.0079379379749298,0,0.0049374583177268,0,0.0252208337187767,0,0.0050608147867023
0,0.4278314113616943,0,0.8218768239021301,0,0.1665922701358795,0,0.6658713221549988
0,0.0375498421490192,0,0.000958984659519,0,0.0046002524904906,0,0.0059133949689567
0,0.0206989422440528,0,0.0127544552087783,0,0.0051708156242966,0,0.1042429953813552
0,0.005719834472984,0,0.0024989901576191,0,0.0046693668700754,0,0.0031771783251315
0,0.0060821725055575,0,0.00079838745296,0,0.0053182179108262,0,0.0009763354319147
0,0.0202111061662435,0,0.0119576165452599,0,0.0078002964146435,0,0.0681740194559097
0,0.0078871911391615,0,0.0036241433117538,0,0.0087413135915994,0,0.0022484527435153
0,0.0046106269583106,0,0.0007145964191295,0,0.0048051555640995,0,0.0008932711207307
0,0.0211192462593317,0,0.0143608013167977,0,0.0050591388717293,0,0.0888392031192779
0,0.0092126466333866,0,0.0012968897353857,0,0.0063934954814612,0,0.0018200930207967
0,0.2360744178295135,0,0.0110457884147763,0,0.0135118765756487,0,0.0233635548502206
0,0.2157546281814575,0,0.0292916037142276,0,0.0941640585660934,0,0.0147402482107281
0,0.1141752824187278,0,0.0197425354272127,0,0.1102749183773994,0,0.0170950908213853
0,0.5359606146812439,0,0.011477330699563,0,0.2047885656356811,0,0.0045588049106299
0,0.0060964552685618,0,0.000625223678071,0,0.0027008012402802,0,0.0011257993755862
0,0.0062246867455542,0,0.0007730684592388,0,0.0015512066893279,0,0.0048766899853944
0,0.0084890555590391,0,0.001468185451813,0,0.0034817063715308,0,0.0166797693818807
0,0.0286704991012811,0,0.0131778959184885,0,0.0064375014044344,0,0.0015563070774078
0,0.0401945523917675,0,0.0182195305824279,0,0.0050037703476846,0,0.0003411330399103
0,0.0095821125432848,0,0.0013184022391214,0,0.0047848061658442,0,0.0030499510467052
0,0.3970112204551697,0,0.5764075517654419,0,0.044245645403862,0,0.1044020429253578
0,0.0775747001171112,0,0.058720376342535,0,0.0120147569105029,0,0.0066580008715391
0,0.0311256218701601,0,0.0016275871312245,0,0.0050557479262351,0,0.0037337224930524
0,0.0122583759948611,0,0.0018109348602592,0,0.0031894980929791,0,0.0020743436180055
0,0.1132185161113739,0,0.3949475884437561,0,0.1073899641633033,0,0.0256169103085994
0,0.1161954626441001,0,0.0270762834697961,0,0.1710742115974426,0,0.0153772281482815
0,0.0265036709606647,0,0.0682628527283668,0,0.0397993139922618,0,0.0080746347084641
0,0.0731444954872131,0,0.0041910167783498,0,0.2175098806619644,0,0.0054042157717049
0,0.0037139568012207,0,0.0015853914665058,0,0.0028387710917741,0,0.0023255653213709
0,0.0054049231112003,0,0.0051357187330722,0,0.019723791629076,0,0.0021719392389059
0,0.0059962244704365,0,0.0116026867181062,0,0.0501361936330795,0,0.0091910921037197
0,0.6539668440818787,0,0.7744792699813843,0,0.0377610698342323,0,0.0863836109638214
0,0.8400440812110901,0,0.7620245814323425,0,0.0249768551439046,0,0.4104835391044616
0,0.0080020213499665,0,0.0046792142093181,0,0.0108122704550623,0,0.003210995811969
0,0.1391366124153137,0,0.0131350355222821,0,0.0391048341989517,0,0.0154005223885178
0,0.017830466851592,0,0.0049115284346044,0,0.010982958599925,0,0.0070043853484094
0,0.1526395827531814,0,0.0044009732082486,0,0.004643412772566,0,0.0004964110557921
0,0.223128855228424,0,0.0115751586854457,0,0.0146255353465676,0,0.0012823664583265
0,0.0072601586580276,0,0.005818489473313,0,0.005853050854057,0,0.0023008817806839
0,0.0165159739553928,0,0.003734917845577,0,0.0088099092245101,0,0.0054047484882175
0,0.148297518491745,0,0.031018765643239,0,0.0122471349313855,0,0.0030350391753017
0,0.1929702460765838,0,0.0062899915501475,0,0.0064219902269542,0,0.0026237308047711
0,0.0291511677205562,0,0.0022492955904453,0,0.0513256527483463,0,0.0674601569771766
0,0.0206461530178785,0,0.0023206770420074,0,0.0026654796674847,0,0.0073981350287795
0,0.0072956746444106,0,0.005495632532984,0,0.0073938081040978,0,0.0032275412231683
0,0.018181025981903,0,0.0042935437522828,0,0.020170409232378,0,0.0102210734039545
0,0.2658454477787018,0,0.0343645215034484,0,0.0208749305456876,0,0.0036795367486774
0,0.0285696480423212,0,0.0049930582754313,0,0.0332562215626239,0,0.0456061623990535
0,0.0208545364439487,0,0.001870343927294,0,0.0031438805162906,0,0.0082972347736358
0,0.0033007399179041,0,0.00109590718057,0,0.0065001240000128,0,0.0019868805538862
0,0.0033593869302421,0,0.0019350529182702,0,0.0057637155987322,0,0.0049408399499952
0,0.1824267506599426,0,0.0184393897652626,0,0.0287860855460166,0,0.1022502705454826
0,0.016933312639594,0,0.0025567829143255,0,0.0059568546712398,0,0.0076742223463952
0,0.018639326095581,0,0.0048548826016485,0,0.0079872542992234,0,0.0048034568317234
0,0.048711359500885,0,0.0104168634861707,0,0.0082318261265754,0,0.0073008555918931
0,0.1129450798034668,0,0.2252131551504135,0,0.0495506972074508,0,0.181522786617279
0,0.0841880291700363,0,0.004936050157994,0,0.0034250759053975,0,0.007481194101274
0,0.0380127057433128,0,0.1875850409269333,0,0.1784283220767974,0,0.0521670430898666
0,0.1011326164007186,0,0.3646493554115295,0,0.215976282954216,0,0.0387590527534484
0,0.0646077394485473,0,0.3607713282108307,0,0.145868107676506,0,0.1071658208966255
0,0.008785082027316,0,0.0103367092087864,0,0.0034162448719143,0,0.0046060988679528
0,0.0071554984897375,0,0.0037278896197676,0,0.0023701186291873,0,0.0454141534864902
0,0.2764940857887268,0,0.0564911514520645,0,0.0171657800674438,0,0.0728952586650848
0,0.0436276271939277,0,0.038034863770008,0,0.0480234585702419,0,0.0416353456676006
0,0.120463490486145,0,0.5474976301193237,0,0.338588148355484,0,0.014508357271552
0,0.0140800131484866,0,0.0049552079290151,0,0.004321742337197,0,0.0198356453329324
0,0.1150316148996353,0,0.0116803860291838,0,0.0468538142740726,0,0.0296122226864099
0,0.0723877474665641,0,0.0053806081414222,0,0.0240398161113262,0,0.0296543966978788
0,0.2345858812332153,0,0.0057816905900835,0,0.0043329601176083,0,0.0061343349516391
0,0.2197369188070297,0,0.0559406578540802,0,0.0416227057576179,0,0.0155327953398227
0,0.0033166205976158,0,0.0224039051681756,0,0.0043425201438367,0,0.0013051285641267
0,0.0040732664056122,0,0.0258881729096174,0,0.0061416248790919,0,0.0017330369446426
0,0.0039521697908639,0,0.0352470465004444,0,0.0050127282738685,0,0.0028332811780273
0,0.068213015794754,0,0.040939413011074,0,0.006224175915122,0,0.0964396297931671
0,0.0231540966778993,0,0.0063531468622386,0,0.007713999133557,0,0.0040532830171287
1,0.0541012585163116,1,0.007109681610018,1,0.0201355088502168,1,0.0053541925735771
1,0.0774271562695503,1,0.0111560532823205,1,0.0398552119731903,1,0.0027877644170075
1,0.2207951843738556,1,0.5455133318901062,1,0.1419287770986557,1,0.0293606296181678
1,0.3892097473144531,1,0.6430261135101318,1,0.2196890413761139,1,0.5014338493347168
1,0.1521455943584442,1,0.7968125343322754,1,0.1625472903251648,1,0.4216476678848266
1,0.845241367816925,1,0.040339782834053,1,0.1062497720122337,1,0.0361359417438507
1,0.0152239799499511,1,0.2720550298690796,1,0.0049094688147306,1,0.010677964426577
1,0.0282903332263231,1,0.2770110666751861,1,0.007563101593405,1,0.0163606517016887
1,0.033602487295866,1,0.8288289904594421,1,0.0131090693175792,1,0.0259361509233713
1,0.969767153263092,1,0.5751994848251343,1,0.6645476222038269,1,0.2605824172496795
1,0.6112969517707825,1,0.4874236583709717,1,0.3047467768192291,1,0.6693016886711121
1,0.8076560497283936,1,0.9260621666908264,1,0.5333342552185059,1,0.5247480273246765
1,0.5847894549369812,1,0.420661598443985,1,0.2720471620559692,1,0.1031683608889579
1,0.6782920956611633,1,0.2352107763290405,1,0.2257551997900009,1,0.0230750292539596
1,0.7458329796791077,1,0.6329086422920227,1,0.3464484810829162,1,0.1827030628919601
0,0.0516652278602123,0,0.1086514145135879,0,0.0019370837835595,0,0.0439507961273193
0,0.1473362892866134,0,0.0710014849901199,0,0.0045034391805529,0,0.0322427414357662
0,0.7290920615196228,0,0.4941052198410034,0,0.4391634166240692,0,0.5411195755004883
0,0.0057239336892962,0,0.0055086342617869,0,0.0087044108659029,0,0.0031251278705894
0,0.0240978766232728,0,0.0043844212777912,0,0.0180162098258733,0,0.0312545262277126
0,0.7392017245292664,0,0.0892882421612739,0,0.0496678948402404,0,0.5189738273620605
0,0.0354678034782409,0,0.004851568955928,0,0.0054912897758185,0,0.020142750814557
0,0.5137709379196167,0,0.4224123060703277,0,0.0585388913750648,0,0.6394035220146179
0,0.3385905921459198,0,0.4963890612125397,0,0.0482705980539321,0,0.6240612864494324
0,0.0282040182501077,0,0.0187839847058057,0,0.0058355331420898,0,0.0165876001119613
0,0.3561535775661468,0,0.2252180874347686,0,0.0818744152784347,0,0.2044184058904647
0,0.8075347542762756,0,0.296194314956665,0,0.475017637014389,0,0.3932710289955139
0,0.5914567112922668,0,0.4686965048313141,0,0.2247426211833953,0,0.6624118089675903
0,0.0188306588679552,0,0.0058934399858117,0,0.0047492482699453,0,0.0030994375701993
0,0.0113950287923216,0,0.0015956220449879,0,0.0044940253719687,0,0.0036286092363297
0,0.0065542818047106,0,0.0008043400011956,0,0.0020951798651367,0,0.0012689710129052
0,0.0038331700488924,0,0.0219893231987953,0,0.0051452680490911,0,0.0024807564914226
0,0.0060684960335493,0,0.0016561748925596,0,0.0018921323353424,0,0.0045780865475535
0,0.0648057609796524,0,0.0231617987155914,0,0.0022649383172392,0,0.0044541717506945
0,0.0180016756057739,0,0.0022766718175262,0,0.0204531867057085,0,0.0083318967372179
0,0.575578510761261,0,0.034839391708374,0,0.0175277441740036,0,0.1879681795835495
0,0.0037724035792052,0,0.0003905102494172,0,0.0016471344279125,0,0.0005481606931425
0,0.0734044760465622,0,0.0028505898080766,0,0.0542620755732059,0,0.0168289225548505
0,0.0102411992847919,0,0.0030786534771323,0,0.0093284277245402,0,0.0098747545853257
0,0.0730463936924934,0,0.0018258274067193,0,0.0068909917026758,0,0.0014315485022962
0,0.0776013731956482,0,0.0019071899587288,0,0.0166555885225534,0,0.0221842676401138
0,0.4860048592090606,0,0.0239550769329071,0,0.012556804344058,0,0.1854792535305023
0,0.1042972207069397,0,0.0113332439213991,0,0.023517720401287,0,0.0042862128466367
0,0.0230887532234191,0,0.0023320661857724,0,0.0055059022270143,0,0.0027318706270307
0,0.0468217059969902,0,0.0061575663276016,0,0.0105001330375671,0,0.0023602175060659
0,0.0116156544536352,0,0.0017044116975739,0,0.0055895671248435,0,0.0024801075924187
0,0.0076924790628254,0,0.0016030524857342,0,0.0038189811166375,0,0.0029644633177667
0,0.3567882478237152,0,0.00943642295897,0,0.096125490963459,0,0.2835062742233276
0,0.0130211459472775,0,0.0030162797775119,0,0.0494893454015255,0,0.0021744652185589
0,0.0068884990178048,0,0.0019110714783892,0,0.0205433256924152,0,0.0005675523425452
0,0.00376853113994,0,0.0006457203417085,0,0.0014752481365576,0,0.0004834599676541
0,0.0455813482403755,0,0.0254374183714389,0,0.012464347295463,0,0.3230601251125335
0,0.0809153392910957,0,0.0813786685466766,0,0.0020654338877648,0,0.0762166827917099
0,0.1581775397062301,0,0.1396650969982147,0,0.2942654192447662,0,0.3762784004211426
0,0.1714436262845993,0,0.228949025273323,0,0.00292957900092,0,0.0012906017946079
0,0.006292674690485,0,0.0227024592459201,0,0.0076293321326375,0,0.0029187831096351
0,0.0370151735842227,0,0.020643888041377,0,0.0232630465179681,0,0.0145113309845328
0,0.0094155557453632,0,0.012855309061706,0,0.0086734760552644,0,0.0054065589793026
0,0.0119479456916451,0,0.0235518477857112,0,0.0201313644647598,0,0.0102355265989899
0,0.0099430307745933,0,0.0119488704949617,0,0.0829594284296035,0,0.0092665459960699
0,0.0124618764966726,0,0.0070946579799056,0,0.0333039797842502,0,0.0005302454228512
0,0.0203528143465518,0,0.0127329714596271,0,0.0388374477624893,0,0.0043396488763391
0,0.1097216606140136,0,0.0266801659017801,0,0.6891841888427734,0,0.0344546809792518
0,0.007376093417406,0,0.0111462734639644,0,0.0202703904360532,0,0.0100435614585876
0,0.121783822774887,0,0.0311065446585416,0,0.4758805930614471,0,0.0247570276260375
0,0.4248367846012115,0,0.2454618066549301,0,0.0521456114947795,0,0.2923839092254638
0,0.5787116289138794,0,0.3995012044906616,0,0.41403928399086,0,0.6881352663040161
0,0.8547261357307434,0,0.9531615376472472,0,0.525936484336853,0,0.5604361295700073
0,0.5584906339645386,0,0.7037999629974365,0,0.4138996601104736,0,0.6660546064376831
0,0.0204602424055337,0,0.0020324073266237,0,0.0117969391867518,0,0.0111003955826163
0,0.0152066713199019,0,0.0010474832961335,0,0.0042537548579275,0,0.0051183621399104
0,0.0206729378551244,0,0.0011136784451082,0,0.0045336089096963,0,0.0040260176174342
0,0.007231849245727,0,0.0009518012520857,0,0.0010648673633113,0,0.0017976457020267
0,0.1077097877860069,0,0.0101464567705988,0,0.0965915843844413,0,0.3411433696746826
0,0.0285136029124259,0,0.006280886940658,0,0.2405070215463638,0,0.5428812503814697
0,0.0473963692784309,0,0.0058591277338564,0,0.3963179290294647,0,0.4979963898658752
0,0.1753737181425094,0,0.0545174777507782,0,0.0362974219024181,0,0.0045903977006673
0,0.0233424678444862,0,0.5852810740470886,0,0.042774561792612,0,0.047316774725914
0,0.7365337014198303,0,0.7661355137825012,0,0.2964553534984588,0,0.5408640503883362
0,0.1963517516851425,0,0.1039285212755203,0,0.0773787871003151,0,0.5916947722434998
0,0.3534972965717315,0,0.2334213256835937,0,0.0533950515091419,0,0.572424590587616
0,0.1933337599039077,0,0.0746655985713005,0,0.118622787296772,0,0.6255007386207581
0,0.0064988615922629,0,0.002279301173985,0,0.0024461813736706,0,0.000293238874292
0,0.0132980775088071,0,0.0037102869246155,0,0.0058767930604517,0,0.0012715081684291
0,0.0145968310534954,0,0.0100539913401007,0,0.0057735829614102,0,0.0139102973043918
0,0.012621758505702,0,0.0082987137138843,0,0.0067117707803845,0,0.008636875078082
0,0.0139574622735381,0,0.0010736288968473,0,0.0051771188154816,0,0.0436524152755737
0,0.0754178836941719,0,0.0520600602030754,0,0.0208490155637264,0,0.0055214124731719
0,0.015163280069828,0,0.0015761790564283,0,0.0047119511291384,0,0.0059860162436962
0,0.064655065536499,0,0.0870707109570503,0,0.0308077670633792,0,0.0078698452562093
0,0.0453222021460533,0,0.0272789932787418,0,0.0338148511946201,0,0.0110459178686141
0,0.0159380547702312,0,0.004400092177093,0,0.0027589732781052,0,0.0011175876716151
0,0.0229865983128547,0,0.0062642660923302,0,0.0055580497719347,0,0.0033896253444254
0,0.0733775570988655,0,0.0685089826583862,0,0.1793141067028045,0,0.2097305804491043
0,0.0458994545042514,0,0.0115694971755146,0,0.0459780879318714,0,0.040588803589344
0,0.0152599746361374,0,0.0042832447215914,0,0.0820485353469848,0,0.0025929876137524
0,0.0118306064978241,0,0.0169306769967079,0,0.0035898194182664,0,0.0079482104629278
0,0.0504219233989715,0,0.35511514544487,0,0.0042087319307029,0,0.0193846113979816
0,0.0117148514837026,0,0.0362288281321525,0,0.0070047015324234,0,0.0104418834671378
0,0.040105041116476,0,0.0006576232262887,0,0.0345190502703189,0,0.0019066110253334
0,0.0184111576527357,0,0.0006878091953694,0,0.0176286827772855,0,0.0022690973710268
0,0.0268447063863277,0,0.0008054713252931,0,0.0201680809259414,0,0.0039515900425612
0,0.0264123398810625,0,0.0021972269751131,0,0.0131824715062975,0,0.0156533010303974
0,0.0173348095268011,0,0.0052991644479334,0,0.0025180289521813,0,0.0019485987722873
0,0.0095518305897712,0,0.0007504115928895,0,0.0020655181724578,0,0.0035041077062487
0,0.0101609155535697,0,0.0009618532494641,0,0.0023030128795653,0,0.0049456972628831
0,0.0353440046310424,0,0.0035778097808361,0,0.005735513754189,0,0.0008747263927944
0,0.0328479073941707,0,0.0079326219856739,0,0.0040702051483094,0,0.0006124524516053
0,0.0278672724962234,0,0.0060035842470824,0,0.05711430311203,0,0.0074065783992409
0,0.0269429180771112,0,0.0053800214082002,0,0.0432595573365688,0,0.0062259347178041
0,0.0279465522617101,0,0.0027213864959776,0,0.0189693924039602,0,0.0080226883292198
0,0.0048198834992945,0,0.0011936704395338,0,0.0013014680007472,0,0.0035914466716349
0,0.0268766954541206,0,0.0114377858117222,0,0.043306928128004,0,0.0173999760299921
0,0.0569428838789463,0,0.0175559148192405,0,0.0993276014924049,0,0.0286028645932674
0,0.0317145101726055,0,0.0143069941550493,0,0.1279955059289932,0,0.0539986714720726
0,0.0054417876526713,0,0.0012108859373256,0,0.0017482825787737,0,0.0037331953644752
0,0.4542912542819977,0,0.0028058043681085,0,0.0558964163064956,0,0.0217509865760803
0,0.0047566015273332,0,0.0029288923833519,0,0.0029222157318145,0,0.000352548144292
0,0.7083775401115417,0,0.239278644323349,0,0.4650587141513824,0,0.3095431327819824
0,0.008070426993072,0,0.0018410322954878,0,0.0019622647669166,0,0.0063610053621232
0,0.3824738264083862,0,0.0232843626290559,0,0.1684978008270263,0,0.0282902531325817
0,0.0833845883607864,0,0.018337108194828,0,0.0255609191954135,0,0.0085017392411828
0,0.0100585771724581,0,0.0145429922267794,0,0.0171714778989553,0,0.0073765227571129
0,0.0050552831962704,0,0.0012455603573471,0,0.0015121554024517,0,0.0031206924468278
0,0.1477925479412078,0,0.0008228645310737,0,0.0178331136703491,0,0.0022172259632498
0,0.0025194173213094,0,0.0039029670879244,0,0.0023238754365593,0,0.0004157191724516
0,0.1653449535369873,0,0.0072410069406032,0,0.075830340385437,0,0.0302584264427423
0,0.0241320170462131,0,0.0872877985239029,0,0.1073877215385437,0,0.0606218837201595
0,0.7726278901100159,0,0.567847728729248,0,0.1303540021181106,0,0.3188096582889557
0,0.0096885357052087,0,0.0094169434159994,0,0.0076335752382874,0,0.0184086207300424
0,0.0116905514150857,0,0.0129567990079522,0,0.0064910273067653,0,0.0084827886894345
0,0.1689366102218628,0,0.0994530245661735,0,0.0935598984360694,0,0.3687606453895569
0,0.0181836728006601,0,0.0012542001204565,0,0.007020013872534,0,0.0083566037937998
0,0.110311709344387,0,0.0109777553007006,0,0.0366705283522605,0,0.002623225795105
0,0.0109684970229864,0,0.0078399833291769,0,0.0061203059740364,0,0.0027879320550709
0,0.1620221883058548,0,0.0575563833117485,0,0.0657096803188324,0,0.2921610474586487
0,0.2872011959552765,0,0.0063764192163944,0,0.1178820058703422,0,0.2389559000730514
0,0.0490961819887161,0,0.0089058894664049,0,0.1935292929410934,0,0.3037643134593963
0,0.2768272161483764,0,0.160355731844902,0,0.1451518833637237,0,0.4049974381923675
0,0.0412915535271167,0,0.0018341009272262,0,0.0211725197732448,0,0.0155506683513522
0,0.1737909317016601,0,0.0414215773344039,0,0.0980411171913147,0,0.1168747320771217
0,0.0037511219270527,0,0.001673505292274,0,0.0033077956177294,0,0.000602317682933
0,0.011188993230462,0,0.0010069127893075,0,0.003279261989519,0,0.0010763519676402
0,0.0361640825867652,0,0.0227047652006149,0,0.0218007583171129,0,0.026643019169569
0,0.0347166657447814,0,0.0157667342573404,0,0.0236693676561117,0,0.033645287156105
0,0.0121923116967082,0,0.0022859242744743,0,0.0026283732149749,0,0.0033823086414486
0,0.0072946376167237,0,0.003166657872498,0,0.0024103263858705,0,0.0040071839466691
0,0.003421705449,0,0.0005595391849055,0,0.0025065334048122,0,0.0003543652128428
0,0.0379952564835548,0,0.0218116622418165,0,0.0201924927532672,0,0.0317937657237052
0,0.0290361531078815,0,0.0127508472651243,0,0.0216597057878971,0,0.0529072135686874
0,0.0206160489469766,0,0.0080514540895819,0,0.033061645925045,0,0.0010717521654441
0,0.0301402173936367,0,0.0056347302161157,0,0.003303152276203,0,0.0001432012795703
0,0.0028262482956051,0,0.0006947330548427,0,0.0034731256309896,0,0.0005208185175433
0,0.0552946217358112,0,0.058268878608942,0,0.0069906520657241,0,0.0201645530760288
0,0.0181804895401,0,0.0501572787761688,0,0.0797192156314849,0,0.0338684432208538
0,0.0744412466883659,0,0.008491720072925,0,0.0043950942344963,0,0.0144182927906513
0,0.1344254463911056,0,0.0059647089801728,0,0.0048189251683652,0,0.0105045633390545
0,0.1293374896049499,0,0.0103478226810693,0,0.0099729672074317,0,0.0235365983098745
0,0.146584466099739,0,0.5227675437927246,0,0.0407811179757118,0,0.1851383745670318
0,0.2663065493106842,0,0.5981479287147522,0,0.1123330742120742,0,0.1354501247406005
0,0.0623892210423946,0,0.0434086099267005,0,0.1579888463020324,0,0.2602317035198211
0,0.0762278661131858,0,0.1833174675703048,0,0.0233792290091514,0,0.142858937382698
0,0.0410875715315341,0,0.0025041608605533,0,0.0025935303419828,0,0.0112716946750879
0,0.4819043278694153,0,0.0560705959796905,0,0.1046158224344253,0,0.0096371555700898
0,0.0147847952321171,0,0.0096911676228046,0,0.008461982011795,0,0.001610592007637
0,0.0260867867618799,0,0.0058000897988677,0,0.053942073136568,0,0.0104568330571055
0,0.013985302299261,0,0.0066622756421566,0,0.0070773470215499,0,0.0029909200966358
0,0.0189395975321531,0,0.0068667232990264,0,0.0179667826741933,0,0.0084528299048542
0,0.3332887291908264,0,0.1116694584488868,0,0.0097997626289725,0,0.1215913817286491
0,0.3097594380378723,0,0.0099115129560232,0,0.0059322728775441,0,0.1018266603350639
0,0.0822967514395713,0,0.0038235571701079,0,0.0210823863744735,0,0.0080820275470614
0,0.0300143491476774,0,0.3766447305679321,0,0.0955360680818557,0,0.1849295645952224
0,0.1611393243074417,0,0.0427712313830852,0,0.0071913814172148,0,0.0733000561594963
0,0.0696650147438049,0,0.0567094087600708,0,0.1175910830497741,0,0.0181061290204525
0,0.1916120499372482,0,0.4298277199268341,0,0.0768634602427482,0,0.0849367380142211
0,0.5246855616569519,0,0.5344931483268738,0,0.4553992450237274,0,0.2468278110027313
0,0.0689172446727752,0,0.0035941880196332,0,0.0045644105412065,0,0.0070442035794258
0,0.0033624761272221,0,0.000603676890023,0,0.0045013935305178,0,0.0003674114414025
0,0.0441592931747436,0,0.0063745006918907,0,0.0030978394206613,0,0.0109252072870731
0,0.0531706996262073,0,0.0008974265074357,0,0.0109328925609588,0,0.0042101410217583
0,0.0043150405399501,0,0.0008478832314722,0,0.0053882743231952,0,0.0004964164691045
0,0.0966508090496063,0,0.0151022039353847,0,0.0082956375554203,0,0.0028893873095512
0,0.048561006784439,0,0.0008849700680002,0,0.0108384955674409,0,0.004017777275294
0,0.0043093240819871,0,0.0005583716556429,0,0.0048427223227918,0,0.0002783747040666
0,0.0468396246433258,0,0.184429332613945,0,0.2099165171384811,0,0.1400711089372635
0,0.0177816227078437,0,0.0781413242220878,0,0.0040846969932317,0,0.0142383920028805
0,0.0268186200410127,0,0.0009604690712876,0,0.0036414063069969,0,0.0100780194625258
0,0.0098054641857743,0,0.032078668475151,0,0.050853531807661,0,0.0130764013156294
0,0.0488715209066867,0,0.0032527172006666,0,0.0078293746337294,0,0.0086307981982827
0,0.0351720266044139,0,0.0426515974104404,0,0.4155846536159515,0,0.1934807896614074
0,0.1073468327522277,0,0.0699391290545463,0,0.0303001999855041,0,0.0646424740552902
0,0.1816356629133224,0,0.160182237625122,0,0.0788891315460205,0,0.1141850426793098
0,0.0036908835172653,0,0.0728313997387886,0,0.0177953355014324,0,0.0164071191102266
0,0.3869870901107788,0,0.1964492201805114,0,0.0109937731176614,0,0.2381504625082016
0,0.0081708114594221,0,0.0015523502370342,0,0.006994963157922,0,0.0287094861268997
0,0.0136294234544038,0,0.0070924279280006,0,0.0076709794811904,0,0.0014746427768841
0,0.0727924704551696,0,0.0061419797129929,0,0.0037594886962324,0,0.0021959382575005
0,0.1818930208683014,0,0.0054801343940198,0,0.012247048318386,0,0.0050628413446247
0,0.0044149332679808,0,0.0008377478225156,0,0.0014709919923916,0,0.0081617971882224
0,0.0956534743309021,0,0.0010498845949769,0,0.0072966790758073,0,0.0073491060175001
0,0.0148951020091772,0,0.0047592045739293,0,0.0043432991951704,0,0.0041138739325106
0,0.3922508656978607,0,0.0034470113459974,0,0.0307193491607904,0,0.0832013264298439
0,0.0382331795990467,0,0.0652403458952903,0,0.0083619048818945,0,0.0064147715456783
0,0.7223196029663086,0,0.918310046195984,0,0.1871347427368164,0,0.2533141672611236
0,0.557569682598114,0,0.3959615230560303,0,0.3515469133853912,0,0.5640363097190857
0,0.08210339397192,0,0.0337871722877025,0,0.2145274877548217,0,0.0306631289422512
0,0.0398451499640941,0,0.0098961293697357,0,0.0148669313639402,0,0.0196278952062129
0,0.08816659450531,0,0.0424246117472648,0,0.0188118852674961,0,0.0880783945322036
0,0.0064531513489782,0,0.0039542391896247,0,0.0040164608508348,0,0.0090682040899991
0,0.0273349042981863,0,0.0288478247821331,0,0.0540139190852642,0,0.0264454111456871
0,0.0098717240616679,0,0.0085509130731225,0,0.0045364308170974,0,0.0035153431817889
0,0.0586462207138538,0,0.4531338512897491,0,0.2081149965524673,0,0.00495963729918
0,0.0065939966589212,0,0.0061168330721557,0,0.004777411930263,0,0.0031079621985554
0,0.0442561320960521,0,0.6974590420722961,0,0.2139493823051452,0,0.0043095019645988
0,0.0103389099240303,0,0.2063104957342147,0,0.0110577754676342,0,0.0011606286279857
0,0.0158007554709911,0,0.0013368107611313,0,0.0032469092402607,0,0.0026095840148627
0,0.0500887483358383,0,0.0306347925215959,0,0.0126732401549816,0,0.0057342443615198
0,0.0121396426111459,0,0.0035065712872892,0,0.0096505265682935,0,0.0015975587302818
0,0.032205194234848,0,0.0004189973114989,0,0.0093931891024112,0,0.0019619062077254
0,0.0366462022066116,0,0.0006831458304077,0,0.0206947885453701,0,0.0024119939189404
0,0.0265141185373067,0,0.068005546927452,0,0.0310670472681522,0,0.0098849926143884
0,0.0051814895123243,0,0.0073906029574573,0,0.0110126780346035,0,0.0019665472209453
0,0.0913455858826637,0,0.1976759880781173,0,0.0506646186113357,0,0.0214980542659759
0,0.0064061544835567,0,0.0036845672875642,0,0.015922050923109,0,0.0023845331743359
0,0.0086294058710336,0,0.0121585968881845,0,0.0174995847046375,0,0.0014910820173099
0,0.015073406510055,0,0.0078461058437824,0,0.0034705188591033,0,0.0016993280733004
0,0.5529312491416931,0,0.1784534603357315,0,0.1212662309408187,0,0.3480544686317444
0,0.0173568036407232,0,0.0052221808582544,0,0.0030681111384183,0,0.0024636853486299
0,0.5599432587623596,0,0.037758469581604,0,0.0690219327807426,0,0.1923909187316894
0,0.0135546876117587,0,0.0094358352944254,0,0.0028858259320259,0,0.0023741754703223
0,0.5558510422706604,0,0.0607483610510826,0,0.0714874491095542,0,0.3339002132415771
0,0.4183461368083954,0,0.7461581826210022,0,0.2752611935138702,0,0.7191860675811768
0,0.0237935427576303,0,0.0030231631826609,0,0.0084370654076337,0,0.0030190283432602
0,0.0127360289916396,0,0.0047771693207323,0,0.0068539194762706,0,0.0038411587011069
0,0.0094569306820631,0,0.0054394374601542,0,0.0033549580257385,0,0.0041087390854954
0,0.0042416919022798,0,0.0007931597647257,0,0.0023918994702398,0,0.000322541949572
0,0.0069203968159854,0,0.0018966066418215,0,0.0048173386603593,0,0.0012190894922241
