fold_1_labels,fold_1_predictions,fold_2_labels,fold_2_predictions,fold_3_labels,fold_3_predictions,fold_4_labels,fold_4_predictions
1,0.242927685379982,1,0.6467010974884033,1,0.6618779301643372,1,0.5256149768829346
1,0.6027842164039612,1,0.949509859085083,1,0.4530544579029083,1,0.7205748558044434
1,0.2212667465209961,1,0.2365628033876419,1,0.1283860355615615,1,0.7339573502540588
1,0.1217555850744247,1,0.0577794723212718,1,0.1791844815015792,1,0.1400330662727356
1,0.0171669069677591,1,0.0312139689922332,1,0.8890035152435303,1,0.1666666567325592
1,0.4045791029930115,1,0.1723309159278869,1,0.1478517055511474,1,0.4717651605606079
1,0.026336183771491,1,0.0446576923131942,1,0.9044224619865416,1,0.3074447512626648
1,0.0292706675827503,1,0.1175188720226287,1,0.7932644486427307,1,0.3071666955947876
1,0.6206519603729248,1,0.2297342717647552,1,0.1770427823066711,1,0.6002742648124695
1,0.5115270018577576,1,0.2609129846096039,1,0.1109581440687179,1,0.6174430251121521
1,0.4243338406085968,1,0.1289543658494949,1,0.1614799052476883,1,0.2253703773021698
1,0.4427683651447296,1,0.8819485902786255,1,0.7063247561454773,1,0.9265716671943665
1,0.1994341164827346,1,0.26351398229599,1,0.4123386144638061,1,0.3239878416061401
1,0.0139321936294436,1,0.022196689620614,1,0.0044461162760853,1,0.0550352111458778
1,0.3757361769676208,1,0.7269449830055237,1,0.3135251402854919,1,0.7325266599655151
1,0.4429959654808044,1,0.6865021586418152,1,0.2830445170402527,1,0.7675147652626038
1,0.9246903657913208,1,0.9651067852973938,1,0.9583339095115662,1,0.8939595222473145
1,0.0941955149173736,1,0.0041323034092783,1,0.1688387989997863,1,0.6144728064537048
1,0.7894487380981445,1,0.7500463724136353,1,0.8636252284049988,1,0.90703547000885
1,0.2353731840848922,1,0.1549006849527359,1,0.0871300771832466,1,0.2469279915094375
1,0.3269062340259552,1,0.2409987896680832,1,0.7132565379142761,1,0.6871302723884583
0,0.0027011900674551,0,0.0162193067371845,0,0.0439809039235115,0,0.0230489056557416
0,0.0017172938678413,0,0.0032007847912609,0,0.0139129534363746,0,0.0069990712217986
0,0.0197456367313861,0,0.0278419461101293,0,0.0381544344127178,0,0.0588762685656547
0,0.003125965828076,0,0.0024254540912806,0,0.0162665992975235,0,0.0163411851972341
0,0.0367492623627185,0,0.0418505743145942,0,0.0277024079114198,0,0.0425625331699848
0,0.0034136562608182,0,0.0016453593270853,0,0.0137254754081368,0,0.0094803655520081
0,0.0279741920530796,0,0.0236834604293108,0,0.0155037147924304,0,0.0765900537371635
0,0.0421482361853122,0,0.0039579421281814,0,0.00733323674649,0,0.0063047348521649
0,0.1691316068172454,0,0.0092973764985799,0,0.068934716284275,0,0.0388824343681335
0,0.0248740278184413,0,0.0245498605072498,0,0.0076076514087617,0,0.0228968486189842
0,0.0004643369175028,0,0.0340638272464275,0,0.0030823745764791,0,0.0083785634487867
0,0.0018183975480496,0,0.0029171309433877,0,0.0087734665721654,0,0.0074927024543285
0,0.0102766212075948,0,0.0167551096528768,0,0.0392908751964569,0,0.2374081015586853
0,0.0009481924935244,0,0.0015687550185248,0,0.0087000345811247,0,0.0090974001213908
0,0.0285085756331682,0,0.054837554693222,0,0.0705429166555404,0,0.0429389327764511
0,0.0637931376695633,0,0.0064141298644244,0,0.0256770942360162,0,0.0153321474790573
0,0.0035377284511923,0,0.0048613836988806,0,0.0017299092141911,0,0.0067544197663664
0,0.0012299809604883,0,0.0077488939277827,0,0.0015878018457442,0,0.0141484830528497
0,0.0178044140338897,0,0.0325608029961586,0,0.0448799952864646,0,0.0338615737855434
0,0.0132652781903743,0,0.023498049005866,0,0.0654273256659507,0,0.0049089351668953
0,0.0340376123785972,0,0.0814270824193954,0,0.2841603755950928,0,0.0359295234084129
0,0.122111402451992,0,0.0251494012773036,0,0.1028071790933609,0,0.0156107656657695
0,0.0513407997786998,0,0.0364802703261375,0,0.0492257811129093,0,0.07231305539608
0,0.1563007980585098,0,0.0292386636137962,0,0.0196579713374376,0,0.0231953300535678
0,0.2672743201255798,0,0.3149394392967224,0,0.3650853633880615,0,0.6853044629096985
0,0.2072585225105285,0,0.5105631351470947,0,0.2531304359436035,0,0.6594542860984802
0,0.0944372043013572,0,0.0127422725781798,0,0.0173910092562437,0,0.0537669584155082
0,0.0223254933953285,0,0.0430252440273761,0,0.036371324211359,0,0.044068057090044
0,0.198356345295906,0,0.3089112043380737,0,0.4518109560012817,0,0.7036842703819275
0,0.5702179074287415,0,0.4928093254566192,0,0.4556728899478912,0,0.6460156440734863
0,0.087178073823452,0,0.0139779718592762,0,0.0410898551344871,0,0.0733176544308662
0,0.010812877677381,0,0.0224437527358531,0,0.0119738401845097,0,0.0174772925674915
0,0.3497514426708221,0,0.3475166857242584,0,0.3769175708293915,0,0.8821704387664795
0,0.5059434175491333,0,0.761759877204895,0,0.3932967782020569,0,0.7694504261016846
0,0.0364686027169227,0,0.0096612116321921,0,0.0283340420573949,0,0.0228805746883153
0,0.0162113960832357,0,0.005455925129354,0,0.0213482212275266,0,0.0163939408957958
0,0.0912507697939872,0,0.0048515014350414,0,0.2115589380264282,0,0.0318498499691486
0,0.0105667291209101,0,0.0214175786823034,0,0.0102131944149732,0,0.0139509672299027
0,0.0569964125752449,0,0.1911259591579437,0,0.294239729642868,0,0.0441876612603664
0,0.087340161204338,0,0.1295654624700546,0,0.8266023397445679,0,0.1804580986499786
0,0.0253368243575096,0,0.018961988389492,0,0.0159552060067653,0,0.0269903223961591
0,0.0360747575759887,0,0.011210142634809,0,0.0119559038430452,0,0.0217874627560377
0,0.0027280827052891,0,0.0109703838825225,0,0.0050487373955547,0,0.0027855052612721
0,0.023024246096611,0,0.0085258577018976,0,0.0090148411691188,0,0.018075805157423
0,0.0272668823599815,0,0.0585306175053119,0,0.0152402464300394,0,0.0358649976551532
0,0.0047151008620858,0,0.0026990871410816,0,0.0101419230923056,0,0.1652641594409942
0,0.003514060517773,0,0.0140648363158106,0,0.0197811592370271,0,0.0210342332720756
0,0.0363666713237762,0,0.0387027226388454,0,0.0716214925050735,0,0.0111087150871753
0,0.6436392068862915,0,0.4793080687522888,0,0.0986687317490577,0,0.0423501618206501
0,0.2818842232227325,0,0.0409186445176601,0,0.0228130668401718,0,0.2325809746980667
0,0.0817718356847763,0,0.0125963538885116,0,0.0079438760876655,0,0.0126079237088561
0,0.3253813982009887,0,0.8731518983840942,0,0.8841747641563416,0,0.7424288392066956
0,0.0044161574915051,0,0.0022554048337042,0,0.0235535930842161,0,0.0107009038329124
0,0.0020546799059957,0,0.0148777049034833,0,0.0020169685594737,0,0.0080219749361276
0,0.0364559516310691,0,0.125775471329689,0,0.0663028806447982,0,0.1778062433004379
0,0.0057747378014028,0,0.0027569483499974,0,0.0902351513504982,0,0.0091189900413155
0,0.0072615542449057,0,0.0048493915237486,0,0.0015102516626939,0,0.0080130202695727
0,0.032590564340353,0,0.1002940908074379,0,0.0616936795413494,0,0.1615065336227417
0,0.0334607511758804,0,0.0020264622289687,0,0.0384170077741146,0,0.0142236622050404
0,0.0044373869895935,0,0.008241131901741,0,0.0017587895272299,0,0.0069916080683469
0,0.028681980445981,0,0.0217654425650835,0,0.0269523505121469,0,0.0346795096993446
0,0.034075915813446,0,0.0074263825081288,0,0.0435684584081172,0,0.0200199652463197
0,0.0034728103782981,0,0.0020441766828298,0,0.0297005828469991,0,0.002076057717204
0,0.0094289341941475,0,0.0054588471539318,0,0.0471810176968574,0,0.0128708332777023
0,0.4156306684017181,0,0.0218236669898033,0,0.0060500251129269,0,0.0004811123944818
0,0.0007875391165725,0,0.0043646423146128,0,0.0044041378423571,0,0.0051674218848347
0,0.0022788122296333,0,0.0051740743219852,0,0.0036138393916189,0,0.0057735033333301
0,0.0020890268497169,0,0.0039521865546703,0,0.0044985930435359,0,0.0065873530693352
0,0.0086645502597093,0,0.0060786511749029,0,0.0309460442513227,0,0.0834165960550308
0,0.0060533201321959,0,0.0086082443594932,0,0.0297865327447652,0,0.0933402627706527
0,0.167645588517189,0,0.0636109337210655,0,0.2101110070943832,0,0.0444235354661941
0,0.2632420361042022,0,0.1240127012133598,0,0.0534079708158969,0,0.0597770363092422
0,0.2876141369342804,0,0.0197689551860094,0,0.2293627262115478,0,0.1516804099082946
0,0.002320043509826,0,0.0026313536800444,0,0.0079351030290126,0,0.010097624734044
0,0.0110834538936614,0,0.0260527525097131,0,0.008716071024537,0,0.0031191217713057
0,0.0043156263418495,0,0.0187829229980707,0,0.17875836789608,0,0.0155156617984175
0,0.0054403482936322,0,0.4386008679866791,0,0.1077210158109664,0,0.0534730590879917
0,0.0230347942560911,0,0.0057505164295434,0,0.0094506917521357,0,0.5037992596626282
0,0.0162237342447042,0,0.007810232695192,0,0.0208627413958311,0,0.0322460681200027
0,0.0321422070264816,0,0.0134515902027487,0,0.0558010302484035,0,0.0088081322610378
0,0.0386575274169445,0,0.0758703798055648,0,0.013578969053924,0,0.022014046087861
0,0.0181947890669107,0,0.0113059366121888,0,0.0107286414131522,0,0.0103735942393541
0,0.0276389382779598,0,0.0604577735066413,0,0.0466912053525447,0,0.0174949467182159
0,0.0011305478401482,0,0.0029535519424825,0,0.0031560352072119,0,0.0017585125751793
0,0.0056957229971885,0,0.0102001149207353,0,0.0110675450414419,0,0.0092740794643759
0,0.0521713197231292,0,0.0043460736051201,0,0.0360434725880622,0,0.0102537926286458
0,0.0366484820842742,0,0.0659753233194351,0,0.0457131825387477,0,0.029680285602808
0,0.0008170198416337,0,0.0077522019855678,0,0.014004441909492,0,0.0186343416571617
0,0.2132279127836227,0,0.3097410202026367,0,0.2612591981887817,0,0.4638052582740783
0,0.5822566151618958,0,0.0664985403418541,0,0.0351365692913532,0,0.0077055576257407
0,0.1407686620950698,0,0.1414017379283905,0,0.5539041757583618,0,0.1529853790998459
0,0.1357327699661255,0,0.0342382378876209,0,0.1144632920622825,0,0.0606111548840999
0,0.1457435488700866,0,0.0752747878432273,0,0.1190219223499298,0,0.0620670132339
0,0.0866072028875351,0,0.0515175610780715,0,0.0556262098252773,0,0.0926334336400032
0,0.002732726978138,0,0.016589380800724,0,0.0064629693515598,0,0.0054771699942648
0,0.0412434823811054,0,0.0327229052782058,0,0.0256749410182237,0,0.3304826617240906
0,0.0814066007733345,0,0.020651813596487,0,0.0266326554119586,0,0.1348427087068557
0,0.0375213772058486,0,0.0242541059851646,0,0.0160580240190029,0,0.2520936131477356
0,0.0682766288518905,0,0.0991905406117439,0,0.0690342187881469,0,0.1460461467504501
0,0.0209326669573783,0,0.0096130510792136,0,0.0582097880542278,0,0.2203785926103592
0,0.0093117943033576,0,0.0131061878055334,0,0.0109342075884342,0,0.0098836254328489
0,0.0464464128017425,0,0.0068323202431201,0,0.0221295300871133,0,0.026705203577876
0,0.0436946973204612,0,0.0109413769096136,0,0.027332754805684,0,0.014313424937427
0,0.3188974261283874,0,0.1785440444946289,0,0.0117239961400628,0,0.0843195915222168
0,0.0082602305337786,0,0.0348188430070877,0,0.0068720746785402,0,0.0129913482815027
0,0.0834704339504242,0,0.0128946704789996,0,0.0048092710785567,0,0.015154181048274
0,0.0038445740938186,0,0.0081951543688774,0,0.1858152747154235,0,0.0546603538095951
0,0.0033083304297178,0,0.0046133589930832,0,0.0349789299070835,0,0.0390475951135158
0,0.002523481613025,0,0.0516525395214557,0,0.012094646692276,0,0.0201800763607025
0,0.0005440664826892,0,0.0031696557998657,0,0.0027856430970132,0,0.0019115783507004
0,0.0012776502408087,0,0.0009951461106538,0,0.0024663729127496,0,0.0012919612927362
0,0.0011496278457343,0,0.0005381994997151,0,0.0013667691964656,0,0.0065804724581539
0,0.0004707550979219,0,0.0013448463287204,0,0.0018093531252816,0,0.0018984545022249
0,0.0022121600341051,0,0.0007917925831861,0,0.0011947340099141,0,0.0064996434375643
0,0.0547722652554512,0,0.074876494705677,0,0.505851686000824,0,0.0587420091032981
0,0.057532824575901,0,0.1781077831983566,0,0.0185420382767915,0,0.054691132158041
0,0.0299117770045995,0,0.0039277938194572,0,0.0076019801199436,0,0.0051958067342638
0,0.0035407398827373,0,0.0031180765945464,0,0.0207981094717979,0,0.0028231537435203
0,0.058716345578432,0,0.002007087226957,0,0.0083558773621916,0,0.004551401361823
0,0.0458256527781486,0,0.0189100094139575,0,0.018029985949397,0,0.0293771009892225
0,0.0040006069466471,0,0.0018535199342295,0,0.0038558249361813,0,0.0055780839174985
0,0.0038339640013873,0,0.0018027269979938,0,0.0052328063175082,0,0.004075224045664
0,0.0111593985930085,0,0.0341722294688224,0,0.0368857942521572,0,0.2312209159135818
0,0.0021140067838132,0,0.131151333451271,0,0.0029205200262367,0,0.1607699394226074
0,0.0060199764557182,0,0.0079113664105534,0,0.0065785152837634,0,0.0130215063691139
0,0.0014535299269482,0,0.1274900883436203,0,0.0054375315085053,0,0.0248758401721715
0,0.0032337538432329,0,0.0109151741489768,0,0.0023927858565002,0,0.0068497532047331
0,0.0021808084566146,0,0.0115246772766113,0,0.0064632720313966,0,0.0458787977695465
0,0.0019580696243792,0,0.1012065038084983,0,0.0032718207221478,0,0.1643291413784027
0,0.0040954709984362,0,0.0061996025033295,0,0.0047097848728299,0,0.0142227932810783
0,0.0009952437831088,0,0.0711885169148445,0,0.0059407986700534,0,0.022044776007533
0,0.0647145435214042,0,0.1192269921302795,0,0.8159143328666687,0,0.2152622044086456
0,0.2371128052473068,0,0.1680158376693725,0,0.1867210268974304,0,0.2553037703037262
0,0.3662340342998504,0,0.3193219304084778,0,0.4998258948326111,0,0.1061046943068504
0,0.0191685650497674,0,0.0236600264906883,0,0.0186465308070182,0,0.0062887039966881
0,0.0094789676368236,0,0.0147721748799085,0,0.0099965576082468,0,0.053925834596157
0,0.0323627181351184,0,0.0170262176543474,0,0.0360789038240909,0,0.0131322238594293
0,0.0862394794821739,0,0.0361573882400989,0,0.1802089363336563,0,0.5043112635612488
0,0.0030306661501526,0,0.1227605566382408,0,0.009807894937694,0,0.1614591777324676
0,0.030736070126295,0,0.0568524971604347,0,0.0274422578513622,0,0.1588012129068374
0,0.1271575391292572,0,0.0865841582417488,0,0.0079996604472398,0,0.0261230003088712
0,0.0353867225348949,0,0.012158659286797,0,0.0174715779721736,0,0.0382470041513443
0,0.0088726794347167,0,0.0356722697615623,0,0.0278547313064336,0,0.0311047136783599
0,0.0622562319040298,0,0.0232466887682676,0,0.0056736133992671,0,0.0051317880861461
0,0.0345975384116172,0,0.0096321096643805,0,0.0557367727160453,0,0.0083767920732498
0,0.2778589129447937,0,0.0567911863327026,0,0.1116844490170478,0,0.0345166511833667
0,0.1078399121761322,0,0.1838933825492859,0,0.6020506024360657,0,0.135542631149292
0,0.0018770842580124,0,0.0006559782195836,0,0.0131985852494835,0,0.002220808295533
0,0.0016401649918407,0,0.0273709166795015,0,0.1334892511367797,0,0.0237112957984209
0,0.0044829589314758,0,0.0018950215307995,0,0.0363087728619575,0,0.0047938609495759
0,0.0028976427856832,0,0.0007282322039827,0,0.0081606237217783,0,0.0021267828997224
0,0.3115016222000122,0,0.3937613070011139,0,0.3348479866981506,0,0.5692349076271057
0,0.4024232923984527,0,0.3656321465969085,0,0.2900580167770386,0,0.4565157890319824
0,0.3765225112438202,0,0.3899830281734466,0,0.253557950258255,0,0.448122888803482
0,0.0037970123812556,0,0.0778514295816421,0,0.0104647548869252,0,0.0728992894291877
0,0.0029995979275554,0,0.0511089563369751,0,0.0038845504168421,0,0.0838886201381683
0,0.0042025949805974,0,0.067310981452465,0,0.0048124282620847,0,0.0629568099975586
0,0.0282619930803775,0,0.0140521535649895,0,0.1135732308030128,0,0.0262531414628028
0,0.0065611251629889,0,0.0138568952679634,0,0.0024452819488942,0,0.0006544215139001
0,0.0048235007561743,0,0.0040410105139017,0,0.0409004688262939,0,0.0168961156159639
0,0.0010074216406792,0,0.0103840604424476,0,0.0013417304726317,0,0.0073966952040791
0,0.0283205695450305,0,0.0285538770258426,0,0.0040883957408368,0,0.0005381230730563
0,0.0004163450503256,0,0.0037958023604005,0,0.0071864053606987,0,0.1214433908462524
0,0.0021613365970551,0,0.0022181177046149,0,0.0118516404181718,0,0.0211031101644039
0,0.0091725774109363,0,0.0151776624843478,0,0.0057826112024486,0,0.0014424332184717
0,0.0001256589457625,0,0.0023118639364838,0,0.0176340173929929,0,0.0095144696533679
0,0.0045416639186441,0,0.0027396243531256,0,0.0088015897199511,0,0.0040096533484756
0,0.1900918930768966,0,0.1640572845935821,0,0.6937599182128906,0,0.2351569235324859
0,0.1437942236661911,0,0.1076581180095672,0,0.4107302725315094,0,0.285328209400177
0,0.0289077851921319,0,0.0482968091964721,0,0.7062221765518188,0,0.1061108857393264
0,0.2020721286535263,0,0.2319478690624237,0,0.1968069672584533,0,0.192011758685112
0,0.097791276872158,0,0.0016504931263625,0,0.0022528525441884,0,0.0013199690729379
0,0.0181929897516965,0,0.0799377933144569,0,0.0967019572854042,0,0.0606072098016738
0,0.1071369275450706,0,0.0913075059652328,0,0.2236718833446502,0,0.0637531504034996
0,0.0185347720980644,0,0.0290583372116088,0,0.0106259798631072,0,0.0151774827390909
0,0.0516640692949295,0,0.2153065800666809,0,0.1621677130460739,0,0.0563180707395076
0,0.1457831561565399,0,0.1556775867938995,0,0.0562983192503452,0,0.374765396118164
0,0.0840973779559135,0,0.0551085881888866,0,0.0187833290547132,0,0.0384987965226173
0,0.0099338386207818,0,0.0114513207226991,0,0.0282826907932758,0,0.0213136300444602
0,0.0172841977328062,0,0.0716268643736839,0,0.071963295340538,0,0.039595853537321
0,0.0536633320152759,0,0.0059590772725641,0,0.0496467314660549,0,0.0588677003979682
0,0.0609129704535007,0,0.0104631353169679,0,0.0361059755086898,0,0.1214436739683151
0,0.039846446365118,0,0.0101447096094489,0,0.0114512350410223,0,0.1081390902400016
0,0.0027578896842896,0,0.0053224698640406,0,0.0117634544149041,0,0.0030131442472338
0,0.0088093476369977,0,0.0546720027923584,0,0.2252362519502639,0,0.0590795315802097
0,0.0167132746428251,0,0.0043914294801652,0,0.092891052365303,0,0.0030281101353466
0,0.0134642971679568,0,0.0109229404479265,0,0.0018561205361038,0,0.0054137506522238
0,0.0200250595808029,0,0.0089216222986578,0,0.006547107361257,0,0.0060488004237413
0,0.009540531784296,0,0.0183736886829137,0,0.0093277664855122,0,0.0412092022597789
0,0.0022403704933822,0,0.0094972876831889,0,0.0102123068645596,0,0.015277475118637
0,0.1013352498412132,0,0.0102507397532463,0,0.0153877222910523,0,0.0365017130970954
0,0.0227094087749719,0,0.0233922097831964,0,0.0101389121264219,0,0.002362135797739
0,0.0537620894610881,0,0.0241875797510147,0,0.0145826600492,0,0.0025761690922081
0,0.0016885494114831,0,0.0022800592705607,0,0.0052921664901077,0,0.0024002690333873
0,0.0037708589807152,0,0.0195302609354257,0,0.012587022036314,0,0.0055985725484788
0,0.0022742741275578,0,0.0039061307907104,0,0.015295167453587,0,0.0077187563292682
0,0.127145230770111,0,0.0508560352027416,0,0.0123839313164353,0,0.0170313902199268
0,0.3293040096759796,0,0.6197552680969238,0,0.8425286412239075,0,0.5021371245384216
0,0.2769063115119934,0,0.6593209505081177,0,0.8977444767951965,0,0.6326798796653748
0,0.4334624111652374,0,0.625686526298523,0,0.7967878580093384,0,0.4733923971652984
0,0.0428000651299953,0,0.0320340096950531,0,0.0037247384898364,0,0.0154260788112878
0,0.0308574680238962,0,0.0372296348214149,0,0.007372410967946,0,0.0221970360726118
0,0.0754020288586616,0,0.0619644597172737,0,0.0026867690030485,0,0.011627534404397
0,0.0119046075269579,0,0.0647076666355133,0,0.0285097043961286,0,0.141427606344223
0,0.0136347571387887,0,0.0220083445310592,0,0.0100727649405598,0,0.0148346098139882
0,0.0173677131533622,0,0.0184060372412204,0,0.0252599064260721,0,0.0234688222408294
0,0.7603560090065002,0,0.8904252648353577,0,0.8184937238693237,0,0.8192947506904602
0,0.4605641067028045,0,0.4909013211727142,0,0.2194131314754486,0,0.2971192300319671
0,0.0079517681151628,0,0.0284859519451856,0,0.0221461579203605,0,0.0431426279246807
0,0.0424467474222183,0,0.0075250472873449,0,0.0094396956264972,0,0.0022370575461536
0,0.0248054321855306,0,0.0457990318536758,0,0.034342736005783,0,0.0637846663594245
0,0.0087411720305681,0,0.002075609518215,0,0.0035618350375443,0,0.005871697794646
0,0.0118260467424988,0,0.0082273846492171,0,0.0059707877226173,0,0.0116243297234177
0,0.0002887512091547,0,0.0111301289871335,0,0.0013111681910231,0,0.0076045272871851
0,0.0055692624300718,0,0.0014919838868081,0,0.0040667196735739,0,0.0039011545013636
0,0.0002976569521706,0,0.0053505897521972,0,0.0012708397116512,0,0.0049340664409101
0,0.0046761063858866,0,0.0027393065392971,0,0.0068544391542673,0,0.005654398817569
0,0.0208657849580049,0,0.0066463430412113,0,0.0078398576006293,0,0.0141184432432055
0,0.0001997260842472,0,0.0128206172958016,0,0.0029863168019801,0,0.0229261666536331
0,0.2861088514328003,0,0.5626049637794495,0,0.418046236038208,0,0.8117935061454773
0,0.0344906002283096,0,0.0041909553110599,0,0.014074184000492,0,0.0156899988651275
0,0.0017445376142859,0,0.0034218258224427,0,0.0010353900725021,0,0.0041469624266028
0,0.0199121609330177,0,0.0280437190085649,0,0.0059917443431913,0,0.0052204746752977
0,0.0132771423086524,0,0.0184671208262443,0,0.0053416243754327,0,0.0042412746697664
0,0.0108784027397632,0,0.0207071844488382,0,0.0077255377545952,0,0.0045953942462801
1,0.2583672702312469,1,0.6670141816139221,1,0.8625012636184692,1,0.6376199126243591
1,0.3842004239559173,1,0.3257208466529846,1,0.5826156735420227,1,0.7148768305778503
1,0.0189873836934566,1,0.1444860994815826,1,0.4105065762996673,1,0.0613452903926372
1,0.0176528375595808,1,0.0606385581195354,1,0.1163149997591972,1,0.0245903376489877
1,0.0283430479466915,1,0.0777419432997703,1,0.1312277019023895,1,0.0711291581392288
1,0.7163846492767334,1,0.6938822269439697,1,0.819915235042572,1,0.897361695766449
1,0.938096046447754,1,0.94592547416687,1,0.997098445892334,1,0.9924169778823853
1,0.0104883387684822,1,0.0350195579230785,1,0.0149266058579087,1,0.0065242545679211
1,0.0540207810699939,1,0.0684424415230751,1,0.0534194707870483,1,0.0111183896660804
1,0.0561747290194034,1,0.16861192882061,1,0.0965335071086883,1,0.0737753435969352
1,0.4000286161899566,1,0.0388171002268791,1,0.1352487802505493,1,0.2156597375869751
1,0.5502573847770691,1,0.1443435102701187,1,0.1877167373895645,1,0.8912906050682068
1,0.1016556397080421,1,0.0774304792284965,1,0.0563180446624755,1,0.0631293803453445
1,0.0796450078487396,1,0.0211897958070039,1,0.0263357385993003,1,0.0947644710540771
1,0.039870299398899,1,0.2405194640159607,1,0.4480685591697693,1,0.0748615339398384
1,0.1067412942647934,1,0.0169021114706993,1,0.0160520114004611,1,0.2221961319446563
1,0.2392627596855163,1,0.054183792322874,1,0.0195505507290363,1,0.2323763072490692
1,0.0127749936655163,1,0.0069077033549547,1,0.0377049073576927,1,0.0203788168728351
1,0.2364039868116378,1,0.2276880592107772,1,0.2436991930007934,1,0.0370663106441497
1,0.2776996791362762,1,0.2485294342041015,1,0.2259685099124908,1,0.2565165162086487
1,0.2235315442085266,1,0.6526719331741333,1,0.6985742449760437,1,0.8122221231460571
1,0.6402761936187744,1,0.6041558980941772,1,0.881221354007721,1,0.8048402070999146
1,0.6146721839904785,1,0.8243914842605591,1,0.6389685869216919,1,0.7490933537483215
1,0.3585599064826965,1,0.0819848850369453,1,0.0718777105212211,1,0.1040103286504745
1,0.1815358847379684,1,0.1023759171366691,1,0.0705930739641189,1,0.1592237949371338
1,0.307215005159378,1,0.1431251019239425,1,0.4832465946674347,1,0.4917261302471161
0,0.2193533480167389,0,0.103375993669033,0,0.1843331456184387,0,0.2077252268791198
0,0.1530787050724029,0,0.1204911842942237,0,0.0913118943572044,0,0.4301913380622864
0,0.0077764960005879,0,0.0053161215037107,0,0.0714310929179191,0,0.0746146216988563
0,0.0072437352500855,0,0.0063711581751704,0,0.0049215224571526,0,0.0047277966514229
0,0.0057551334612071,0,0.0141055546700954,0,0.0043385447934269,0,0.0051966523751616
0,0.383035808801651,0,0.3114935457706451,0,0.0754162073135376,0,0.391464501619339
0,0.0116959856823086,0,0.0137943914160132,0,0.0371549241244792,0,0.0117494603618979
0,0.0013476029271259,0,0.0015729804290458,0,0.0053887953981757,0,0.0079061100259423
0,0.1542021632194519,0,0.3663367629051208,0,0.1290873289108276,0,0.1072871908545494
0,0.0166086386889219,0,0.0253782458603382,0,0.0157363340258598,0,0.0094997910782694
0,0.0064265616238117,0,0.0112378718331456,0,0.0212859157472848,0,0.0154485115781426
0,0.016964565962553,0,0.0145961735397577,0,0.0201838631182909,0,0.0039657475426793
0,0.0962875112891197,0,0.0952089726924896,0,0.2160898894071579,0,0.0070266714319586
0,0.3407846093177795,0,0.5869789719581604,0,0.6043814420700073,0,0.4654321372509002
0,0.0031140446662902,0,0.0324264541268348,0,0.0096458243206143,0,0.0131597202271223
0,0.0012913198443129,0,0.0120614357292652,0,0.0068397857248783,0,0.0864977613091468
0,0.0118321562185883,0,0.0286827161908149,0,0.0206302888691425,0,0.0314659550786018
0,0.0046394011005759,0,0.0090619586408138,0,0.0038458197377622,0,0.0058520794846117
0,0.0034335602540522,0,0.0269594211131334,0,0.019542671740055,0,0.1452704071998596
0,0.2462868243455886,0,0.0376072563230991,0,0.181609109044075,0,0.0906523838639259
0,0.0112339304760098,0,0.0387260839343071,0,0.0050824112258851,0,0.0129997078329324
0,0.0567044578492641,0,0.0148926600813865,0,0.0337556153535842,0,0.1367440521717071
0,0.0643481388688087,0,0.0112671144306659,0,0.0365638732910156,0,0.0700773745775222
0,0.0170778334140777,0,0.0058781253173947,0,0.009987199679017,0,0.005277648102492
0,0.0111174462363123,0,0.0099119711667299,0,0.0043519954197108,0,0.0047146622091531
0,0.0089144706726074,0,0.0080406041815876,0,0.0349100083112716,0,0.0220042448490858
0,0.0135714281350374,0,0.0053121498785912,0,0.0181891005486249,0,0.0087763126939535
0,0.0122562637552618,0,0.0060111810453236,0,0.0034996930044144,0,0.0049301353283226
0,0.0148209296166896,0,0.0064687123522162,0,0.0038246109616011,0,0.0032051801681518
0,0.0343707762658596,0,0.0044477269984781,0,0.0086811874061822,0,0.0198722518980503
0,0.4187248945236206,0,0.245715782046318,0,0.7744014859199524,0,0.4443001449108124
0,0.5436413884162903,0,0.4882339239120483,0,0.7054561376571655,0,0.5599424839019775
0,0.7131578326225281,0,0.4125576913356781,0,0.5178098082542419,0,0.6913001537322998
0,0.1286275386810302,0,0.2262971252202987,0,0.1424549221992492,0,0.6367882490158081
0,0.0453065745532512,0,0.1363701671361923,0,0.0507537238299846,0,0.1092828214168548
0,0.1752868294715881,0,0.5532708764076233,0,0.2986376881599426,0,0.617898166179657
0,0.0093693304806947,0,0.0106912059709429,0,0.1372372210025787,0,0.0174157321453094
0,0.051328171044588,0,0.0294910762459039,0,0.0107639990746974,0,0.0396124832332134
0,0.0033024190925061,0,0.0227835308760404,0,0.0316517315804958,0,0.0227605979889631
0,0.1338760256767273,0,0.0731763914227485,0,0.0230853762477636,0,0.0745500847697258
0,0.0347529277205467,0,0.0064605972729623,0,0.005084101576358,0,0.0213738549500703
0,0.1743687689304351,0,0.0201520901173353,0,0.0193988513201475,0,0.0420519448816776
0,0.0097171170637011,0,0.03693188726902,0,0.0553998798131942,0,0.0545486882328987
0,0.0027918494306504,0,0.0121088810265064,0,0.008071320131421,0,0.0189173948019742
0,0.0006286039715632,0,0.0288102589547634,0,0.0081083010882139,0,0.0056696096435189
0,0.0009163512149825,0,0.0573686398565769,0,0.0277620740234851,0,0.0441148877143859
0,0.0052366903983056,0,0.2043120115995407,0,0.0569466389715671,0,0.2423162907361984
0,0.0292543452233076,0,0.0370029397308826,0,0.0077741546556353,0,0.0281674340367317
0,0.0802063345909118,0,0.0573103204369545,0,0.030505895614624,0,0.0522256717085838
0,0.0085320957005023,0,0.097698263823986,0,0.0079079987481236,0,0.0682429075241088
0,0.0530951768159866,0,0.0612017661333084,0,0.017697462812066,0,0.0530366264283657
0,0.07515549659729,0,0.0745607763528823,0,0.0188883896917104,0,0.072411224246025
0,0.0041805049404501,0,0.0677638575434684,0,0.0127220377326011,0,0.0526391603052616
0,0.0881765484809875,0,0.0177335310727357,0,0.0343799032270908,0,0.0165528282523155
0,0.0700637772679328,0,0.0205023773014545,0,0.0065752468071877,0,0.0092444391921162
0,0.0376167818903923,0,0.0125764776021242,0,0.0070400657132267,0,0.008494040928781
0,0.0009238950442522,0,0.0034954219590872,0,0.0017256226856261,0,0.0046920906752347
0,0.4219482839107513,0,0.6218429207801819,0,0.1809944063425064,0,0.7273298501968384
0,0.0158402621746063,0,0.0343838445842266,0,0.0090014711022377,0,0.0938764512538909
0,0.042505994439125,0,0.0271625164896249,0,0.0507266223430633,0,0.1166186109185218
0,0.0516632907092571,0,0.0248868651688098,0,0.0946221575140953,0,0.0719171836972236
0,0.008043392561376,0,0.0048932610079646,0,0.0071888719685375,0,0.0026431092992424
0,0.0033231924753636,0,0.0565945133566856,0,0.01089483872056,0,0.1004430651664733
0,0.0011916136136278,0,0.0022178136277943,0,0.0007389286183752,0,0.0062022032216191
0,0.0083458432927727,0,0.010090528987348,0,0.0070156077854335,0,0.0014826413244009
0,0.0013137501664459,0,0.001621869392693,0,0.0036815404891967,0,0.0036045156884938
0,0.0083966683596372,0,0.0074983141385018,0,0.0071568493731319,0,0.0025866231881082
0,0.000536038482096,0,0.0027242843061685,0,0.007785212714225,0,0.008826813660562
0,0.010746881365776,0,0.0333955436944961,0,0.0167735330760478,0,0.028370477259159
0,0.0434113778173923,0,0.0158964749425649,0,0.0207268465310335,0,0.626824676990509
0,0.0613092184066772,0,0.0709482207894325,0,0.0147490827366709,0,0.0363391488790512
0,0.0228740815073251,0,0.0143856750801205,0,0.0020529688335955,0,0.0037678563967347
0,0.0048188637010753,0,0.0052347527816891,0,0.0025636723730713,0,0.0031398211140185
0,0.0415721759200096,0,0.002022013766691,0,0.0021138980519026,0,0.0049481005407869
0,0.2494706660509109,0,0.0070078419521451,0,0.0156878996640443,0,0.0481308735907077
0,0.0005410876474343,0,0.0096129924058914,0,0.0068244659341871,0,0.1654601544141769
0,0.467987060546875,0,0.4194386601448059,0,0.8727818131446838,0,0.397419810295105
0,0.0201956443488597,0,0.0421541891992092,0,0.1815953999757766,0,0.2064894288778305
0,0.0035832091234624,0,0.0031883507035672,0,0.0106024732813239,0,0.0124678462743759
0,0.015748118981719,0,0.0317450314760208,0,0.0175516866147518,0,0.0578561201691627
0,0.0108039854094386,0,0.0739057809114456,0,0.1056508272886276,0,0.2110798805952072
0,0.0175184998661279,0,0.0449935719370842,0,0.0237977132201194,0,0.1692452728748321
0,0.1212047636508941,0,0.0348308868706226,0,0.0408431850373744,0,0.0243939440697431
0,0.0026090268511325,0,0.0039325878024101,0,0.0043204664252698,0,0.0064165433868765
0,0.0013724523596465,0,0.0079139526933431,0,0.0120490277186036,0,0.0143550122156739
0,0.0794470757246017,0,0.0710631236433982,0,0.061235848814249,0,0.0252833124250173
0,0.0868289396166801,0,0.0493643209338188,0,0.0382607169449329,0,0.0083624655380845
0,0.0369860008358955,0,0.1037346646189689,0,0.0312439817935228,0,0.0122039634734392
0,0.0295524429529905,0,0.0706002563238143,0,0.0233556795865297,0,0.0208587832748889
0,0.1379249542951584,0,0.0714785456657409,0,0.0306892730295658,0,0.0155686205253005
0,0.0302972663193941,0,0.0229427888989448,0,0.0081215500831604,0,0.0092517659068107
0,0.0300980266183614,0,0.034393947571516,0,0.0353293865919113,0,0.0057762493379414
0,0.0225673913955688,0,0.0160199142992496,0,0.0360880903899669,0,0.0508618019521236
0,0.1578977853059768,0,0.0794825106859207,0,0.1091644465923309,0,0.0125920372083783
0,0.0210138093680143,0,0.0119711440056562,0,0.0265625212341547,0,0.0314397476613521
0,0.1806970387697219,0,0.6870587468147278,0,0.8584415316581726,0,0.7234141826629639
0,0.0410292483866214,0,0.0410724952816963,0,0.0955573394894599,0,0.377581924200058
0,0.1947132796049118,0,0.4124533534049988,0,0.9492946267127992,0,0.5406749248504639
0,0.0119258500635623,0,0.0080275470390915,0,0.0199343394488096,0,0.0394033081829547
0,0.0114728137850761,0,0.0028270813636481,0,0.0031024580821394,0,0.0022318826522678
0,0.0225136913359165,0,0.0022557310294359,0,0.0074457717128098,0,0.0317295007407665
0,0.0090355556458234,0,0.0070329820737242,0,0.0081942351534962,0,0.0456155389547348
0,0.0307479128241539,0,0.0460919104516506,0,0.030557757243514,0,0.0110802520066499
0,0.0065744253806769,0,0.0033919168636202,0,0.0072773420251905,0,0.031842041760683
0,0.0075310678221285,0,0.055440530180931,0,0.0107787186279892,0,0.0509357452392578
0,0.0086478563025593,0,0.0264701228588819,0,0.017885036766529,0,0.0054400488734245
0,0.0177957452833652,0,0.1242591515183448,0,0.0511804409325122,0,0.0363624617457389
0,0.0012166209053248,0,0.0075405468232929,0,0.0261106360703706,0,0.0095328530296683
0,0.0017415597103536,0,0.0070922938175499,0,0.0040583256632089,0,0.0404396466910839
0,0.0014688685769215,0,0.0129012092947959,0,0.0352614820003509,0,0.0163837950676679
0,0.0012762054102495,0,0.0109476847574114,0,0.0029144608415663,0,0.016531029716134
0,0.6123702526092529,0,0.2017312049865722,0,0.9020729064941406,0,0.7982143759727478
0,0.0090913791209459,0,0.0206658951938152,0,0.0162833109498024,0,0.0817707255482673
0,0.0075122052803635,0,0.0080392844974994,0,0.011045386083424,0,0.0119845569133758
0,0.0054215150885283,0,0.007203234359622,0,0.0211752690374851,0,0.0158478897064924
0,0.0172501634806394,0,0.0535691380500793,0,0.0205472167581319,0,0.0324597284197807
0,0.602317750453949,0,0.2530588805675506,0,0.9177239537239076,0,0.7923824787139893
0,0.0186785496771335,0,0.0127111654728651,0,0.0098556708544492,0,0.0352694988250732
0,0.0154525218531489,0,0.0313922204077243,0,0.0105213643983006,0,0.0314210727810859
0,0.0101258270442485,0,0.0074956393800675,0,0.0156136015430092,0,0.0140191409736871
0,0.5914303660392761,0,0.2275105267763137,0,0.8556849956512451,0,0.6043787002563477
0,0.0014897158835083,0,0.0096195274963974,0,0.0104138413444161,0,0.0105801634490489
0,0.0021374127827584,0,0.0064670457504689,0,0.0065771038644015,0,0.0064947521314024
0,0.0018171275733038,0,0.0133548146113753,0,0.0168154444545507,0,0.0083579830825328
0,0.0508743971586227,0,0.0362548269331455,0,0.6688098907470703,0,0.1753450632095337
0,0.0558794997632503,0,0.1445009559392929,0,0.5081393718719482,0,0.0361107029020786
0,0.008582079783082,0,0.0028603393584489,0,0.0110815623775124,0,0.0130213294178247
0,0.042035773396492,0,0.0076188375242054,0,0.0062404135242104,0,0.0093841683119535
0,0.0518655180931091,0,0.3356976211071014,0,0.2408874928951263,0,0.0624985843896865
0,0.0023037996143102,0,0.007614241912961,0,0.0113939326256513,0,0.0063180578872561
0,0.0343841351568698,0,0.0884081199765205,0,0.0413506031036376,0,0.3030012249946594
0,0.1393352150917053,0,0.1321626901626587,0,0.0711651965975761,0,0.2488765716552734
0,0.1216427534818649,0,0.087102472782135,0,0.489169716835022,0,0.4720262587070465
0,0.745812714099884,0,0.5820237398147583,0,0.9848514199256896,0,0.6988000273704529
0,0.3991629481315613,0,0.7954064607620239,0,0.97772878408432,0,0.2658645808696747
0,0.2361751347780227,0,0.006655144970864,0,0.4982873797416687,0,0.4579217433929443
0,0.001384605304338,0,0.0068055815063416,0,0.0026417367625981,0,0.0099075362086296
0,0.0016615758650004,0,0.0067310370504856,0,0.00193794851657,0,0.0025193048641085
0,0.2697142958641052,0,0.1248302683234214,0,0.8247835040092468,0,0.3749416172504425
0,0.0492271780967712,0,0.0511024296283721,0,0.0889909565448761,0,0.0347005650401115
0,0.0024484884925186,0,0.0030944659374654,0,0.0016931510763242,0,0.0010723277227953
0,0.0053880750201642,0,0.0022581834346055,0,0.0125024439767003,0,0.0042972080409526
0,0.0115434722974896,0,0.0629177466034889,0,0.0100512159988284,0,0.0372356586158275
0,0.00609393697232,0,0.0077613582834601,0,0.0116690089926123,0,0.0374754592776298
0,0.0065164300613105,0,0.0470835343003273,0,0.0246485769748687,0,0.1309550106525421
0,0.0387525185942649,0,0.6658141613006592,0,0.0422199890017509,0,0.0386888608336448
0,0.0563381314277648,0,0.0701490938663482,0,0.1708919703960418,0,0.0408593080937862
0,0.0068618538789451,0,0.0047028320841491,0,0.0156369246542453,0,0.0390977226197719
0,0.2352663427591323,0,0.0862421244382858,0,0.9112048149108888,0,0.111914649605751
0,0.1617031991481781,0,0.0736997872591018,0,0.235509842634201,0,0.2143331319093704
0,0.5221114754676819,0,0.4772025346755981,0,0.5272964239120483,0,0.0230272263288497
0,0.0985963642597198,0,0.0568200834095478,0,0.0633740946650505,0,0.542500376701355
0,0.1577295362949371,0,0.5966132879257202,0,0.1912670582532882,0,0.0176978688687086
0,0.2162619233131408,0,0.0260089971125125,0,0.84309321641922,0,0.0502874590456485
0,0.1477983295917511,0,0.1019209250807762,0,0.0717761442065239,0,0.0220048706978559
0,0.2159353047609329,0,0.0666168481111526,0,0.0538778118789196,0,0.6082035899162292
0,0.2454973757266998,0,0.1260520815849304,0,0.8215005397796631,0,0.263098657131195
0,0.0158306956291198,0,0.0068032937124371,0,0.0057879984378814,0,0.0230180192738771
0,0.0107974046841263,0,0.0130820954218506,0,0.0106296949088573,0,0.0159600656479597
0,0.1282445043325424,0,0.0637796819210052,0,0.0792046263813972,0,0.0115489354357123
0,0.0013305214233696,0,0.0039726831018924,0,0.0042405617423355,0,0.0189003981649875
0,0.1011990159749984,0,0.4462632834911346,0,0.8240213394165039,0,0.8327355980873108
0,0.0807216316461563,0,0.2187270224094391,0,0.0382982492446899,0,0.5923969149589539
0,0.2373556196689605,0,0.4356791377067566,0,0.0540126897394657,0,0.615455687046051
0,0.063892014324665,0,0.0435394793748855,0,0.0194363072514534,0,0.2498681396245956
0,0.6704039573669434,0,0.7594515681266785,0,0.3896772861480713,0,0.7624670267105103
0,0.1469323486089706,0,0.5392078161239624,0,0.0392534546554088,0,0.2418028265237808
0,0.7093757390975952,0,0.8064838647842407,0,0.777409017086029,0,0.8383855223655701
0,0.004556892439723,0,0.0035078474320471,0,0.0627207607030868,0,0.0248223543167114
0,0.012781985104084,0,0.0408194102346897,0,0.0165002271533012,0,0.0123299555853009
0,0.039011400192976,0,0.0165296420454978,0,0.0783103331923484,0,0.0329605266451835
0,0.0099499188363552,0,0.0857251212000846,0,0.0091541558504104,0,0.0030467559117823
0,0.0025367010384798,0,0.0149511164054274,0,0.0114482454955577,0,0.3221603333950043
0,0.0073154335841536,0,0.0074628116562962,0,0.0058853635564446,0,0.0863028615713119
0,0.0142836589366197,0,0.0378817692399024,0,0.0175916776061058,0,0.0034592754673212
0,0.005081218201667,0,0.0079283267259597,0,0.0116868279874324,0,0.0783401057124137
0,0.074423149228096,0,0.0220612585544586,0,0.015373914502561,0,0.0393252298235893
0,0.0038996818475425,0,0.1478825658559799,0,0.0104769030585885,0,0.3459371328353882
0,0.0159218125045299,0,0.1405859738588333,0,0.0242002848535776,0,0.3438604474067688
0,0.0214312896132469,0,0.2555577754974365,0,0.0607557818293571,0,0.5311958193778992
0,0.0082552442327141,0,0.0305849462747573,0,0.0062614376656711,0,0.0133546004071831
0,0.0015946659259498,0,0.0130838807672262,0,0.004331711679697,0,0.0204954463988542
0,0.0003739456587936,0,0.0053434763103723,0,0.0024489860516041,0,0.0117379548028111
0,0.006225545424968,0,0.3906858563423157,0,0.0524892657995224,0,0.0221984852105379
0,0.0358544215559959,0,0.0089601194486022,0,0.0123359784483909,0,0.2399960309267044
0,0.0180770140141248,0,0.0069525372236967,0,0.0165665727108716,0,0.1111561134457588
0,0.0363225564360618,0,0.0088835135102272,0,0.0152356158941984,0,0.3136461973190307
0,0.0199588127434253,0,0.0051753679290413,0,0.0209191218018531,0,0.123133547604084
0,0.0012478379067033,0,0.0418560281395912,0,0.0157482232898473,0,0.0148899173364043
0,0.012145334854722,0,0.0324610359966754,0,0.0059165968559682,0,0.0170281734317541
0,0.0008524927543476,0,0.0021809360478073,0,0.0024248380213975,0,0.0032588029280304
0,0.0026999008841812,0,0.0605090036988258,0,0.0038528444711118,0,0.0074868109077215
0,0.0005211867392063,0,0.0014633364044129,0,0.0016524476232007,0,0.0032773406710475
0,0.0011899610981345,0,0.0169218610972166,0,0.0037380985449999,0,0.0085353590548038
0,0.014449412934482,0,0.0021555402781814,0,0.002661807462573,0,0.0177587326616048
0,0.0034659556113183,0,0.003717437852174,0,0.0161159429699182,0,0.0214071739464998
0,0.0148639222607016,0,0.007687222212553,0,0.0043592080473899,0,0.0138113452121615
0,0.0030716119799762,0,0.0140435490757226,0,0.0077601755037903,0,0.0673025697469711
0,0.0035662988666445,0,0.0074000218883156,0,0.0146238729357719,0,0.5798659920692444
0,0.0248478855937719,0,0.0032392439898103,0,0.0071049034595489,0,0.0148045625537633
0,0.0038593795616179,0,0.0225572027266025,0,0.0716240182518959,0,0.0482546910643577
0,0.0062568234279751,0,0.0030410112813115,0,0.0023594596423208,0,0.026727095246315
0,0.002082300838083,0,0.0048520034179091,0,0.0028830580413341,0,0.0051437085494399
0,0.0016476010205224,0,0.0253473334014415,0,0.0019398144213482,0,0.0337937027215957
0,0.0096402512863278,0,0.0086261387914419,0,0.0083734979853034,0,0.0142452614381909
0,0.0014317489694803,0,0.0022706675808876,0,0.0034345455933362,0,0.0137625243514776
0,0.0013033584691584,0,0.0030439894180744,0,0.0018400729168206,0,0.0189839228987693
0,0.5740588903427124,0,0.8427375555038452,0,0.4082091450691223,0,0.1107177212834358
0,0.6634291410446167,0,0.6935633420944214,0,0.4404349625110626,0,0.1736059337854385
0,0.7033596634864807,0,0.903838872909546,0,0.6609722971916199,0,0.5219731330871582
0,0.0116327796131372,0,0.1241390481591224,0,0.0165960043668746,0,0.0114614944905042
0,0.2606688737869262,0,0.2306888103485107,0,0.220228299498558,0,0.5980018973350525
0,0.0071647213771939,0,0.0033427607268095,0,0.0221069697290658,0,0.0325979739427566
0,0.0072786859236657,0,0.0994127541780471,0,0.0112647404894232,0,0.0097141172736883
0,0.0316375270485878,0,0.054487194865942,0,0.0518627539277076,0,0.3456943929195404
0,0.0040155686438083,0,0.0123611306771636,0,0.0250680409371852,0,0.1124166548252105
0,0.0017318001482635,0,0.0188946165144443,0,0.0103654665872454,0,0.0152222085744142
0,0.0549750812351703,0,0.083845816552639,0,0.0507752597332,0,0.352257490158081
0,0.0024055507965385,0,0.0045153531245887,0,0.0329253487288951,0,0.0603048279881477
0,0.885554313659668,0,0.4358939528465271,0,0.926918923854828,0,0.9097272753715516
0,0.0307358130812644,0,0.1808877885341644,0,0.0823656767606735,0,0.3312225639820099
0,0.0018256875919178,0,0.0300095994025468,0,0.0021583952475339,0,0.0128510138019919
0,0.0331097468733787,0,0.1446880102157592,0,0.1085666045546531,0,0.3493617177009582
0,0.00256710476242,0,0.0240731928497552,0,0.0037840211298316,0,0.0123640755191445
0,0.0565680675208568,0,0.1828221529722213,0,0.0617551766335964,0,0.2616022229194641
0,0.0021010763011872,0,0.0295811388641595,0,0.0023597571998834,0,0.0150109762325882
0,0.0051334635354578,0,0.0700450763106346,0,0.0474219173192977,0,0.0090876603499054
0,0.0004498984781093,0,0.0018382058478891,0,0.007396993227303,0,0.0026969879399985
0,0.0013021430931985,0,0.0337612479925155,0,0.0145353330299258,0,0.0293958242982625
0,0.0006146546802483,0,0.008824260905385,0,0.0016302863368764,0,0.0249335635453462
0,0.3238114416599273,0,0.2867426574230194,0,0.7133985161781311,0,0.5128201246261597
0,0.6566885709762573,0,0.7900123000144958,0,0.7715632319450378,0,0.6733804941177368
0,0.3998394012451172,0,0.1070072874426841,0,0.9019118547439576,0,0.7905967831611633
0,0.0431091487407684,0,0.4202508628368377,0,0.2467343956232071,0,0.1124818474054336
0,0.6383341550827026,0,0.7421019077301025,0,0.7520331144332886,0,0.7287490367889404
0,0.5559917688369751,0,0.2845806181430816,0,0.930026650428772,0,0.90434467792511
0,0.0759421437978744,0,0.6064484119415283,0,0.260983258485794,0,0.4258479177951813
0,0.0010532104643061,0,0.0016936814645305,0,0.0025520336348563,0,0.002323264023289
0,0.5821019411087036,0,0.7275357246398926,0,0.5499020218849182,0,0.8532259464263916
0,0.3671448230743408,0,0.3388589322566986,0,0.8451208472251892,0,0.8799402117729187
0,0.1296502202749252,0,0.7216785550117493,0,0.3602815270423889,0,0.4780722260475158
0,0.0014227058272808,0,0.0108565408736467,0,0.0040324432775378,0,0.004294004291296
0,0.0159782133996486,0,0.0136941457167267,0,0.0893025025725364,0,0.0130178006365895
0,0.0545256659388542,0,0.017983304336667,0,0.0052510746754705,0,0.0860182046890258
1,0.2289394736289978,1,0.3015231192111969,1,0.9467151165008544,1,0.2927006185054779
1,0.4660175144672394,1,0.3538224995136261,1,0.7665756344795227,1,0.2569368183612823
1,0.4926702678203583,1,0.1403493732213974,1,0.6726804971694946,1,0.1954149901866912
1,0.2967067062854767,1,0.5411920547485352,1,0.3599885404109955,1,0.6801537871360779
1,0.396816998720169,1,0.6418227553367615,1,0.8537104725837708,1,0.7456219792366028
1,0.1761760860681533,1,0.266743004322052,1,0.5339821577072144,1,0.7922729849815369
1,0.0310277622193098,1,0.1550479084253311,1,0.1483713388442993,1,0.6495815515518188
1,0.2147101014852523,1,0.46339812874794,1,0.3781793117523193,1,0.7833214402198792
1,0.2538023591041565,1,0.645807683467865,1,0.9493173956871032,1,0.7918133735656738
1,0.5293018817901611,1,0.7905977964401245,1,0.6211636066436768,1,0.5430087447166443
1,0.1715013235807418,1,0.0253895353525877,1,0.1106995120644569,1,0.1092741414904594
1,0.3629156053066253,1,0.4985873103141784,1,0.852151095867157,1,0.5499820113182068
1,0.0016985153779387,1,0.0202144756913185,1,0.0050959489308297,1,0.0916728526353836
1,0.5323358774185181,1,0.4991826713085174,1,0.3953911662101745,1,0.6159793138504028
1,0.6273675560951233,1,0.5206122994422913,1,0.6615417003631592,1,0.2398509830236435
1,0.783854603767395,1,0.6959878206253052,1,0.5386054515838623,1,0.2930284738540649
1,0.3733687102794647,1,0.2827408015727997,1,0.0996333435177803,1,0.0943142995238304
1,0.2416605502367019,1,0.3978404700756073,1,0.6196834444999695,1,0.6959393620491028
1,0.5453635454177856,1,0.5221884846687317,1,0.4311188161373138,1,0.6414161324501038
1,0.3059346079826355,1,0.0989174023270607,1,0.0848293080925941,1,0.4535056948661804
1,0.1586236655712127,1,0.0285593196749687,1,0.0349797904491424,1,0.1282882541418075
1,0.2795617580413818,1,0.3064473271369934,1,0.4176594913005829,1,0.5759835839271545
1,0.250603586435318,1,0.0378903858363628,1,0.0430112406611442,1,0.0408792681992054
1,0.5537604093551636,1,0.3648297488689422,1,0.2817035019397735,1,0.6293478608131409
1,0.5210235118865967,1,0.714038610458374,1,0.6574209928512573,1,0.8306891322135925
1,0.0961425006389617,1,0.0503450632095336,1,0.0647215843200683,1,0.1319072544574737
1,0.9367139935493468,1,0.9771403074264526,1,0.9954906105995178,1,0.9635716080665588
0,0.0256762709468603,0,0.7852065563201904,0,0.040687546133995,0,0.0655246898531913
0,0.0113079091534018,0,0.0162028633058071,0,0.0090256677940487,0,0.0237172897905111
0,0.0028381540905684,0,0.0012962401378899,0,0.0012973040575161,0,0.0007109227008186
0,0.0018619070760905,0,0.0015178250614553,0,0.004711399320513,0,0.0037857992574572
0,0.0056919544003903,0,0.037663996219635,0,0.0216982439160347,0,0.7404106259346008
0,0.4136003851890564,0,0.9275481104850768,0,0.7203338742256165,0,0.7646048069000244
0,0.0255255922675132,0,0.0231940820813179,0,0.012673114426434,0,0.0756757259368896
0,0.561813473701477,0,0.8091336488723755,0,0.8312536478042603,0,0.6063064932823181
0,0.0868250057101249,0,0.0115212723612785,0,0.0071235299110412,0,0.0033738629426807
0,0.176925778388977,0,0.3434193432331085,0,0.0120950685814023,0,0.0659766718745231
0,0.1349914968013763,0,0.0381596721708774,0,0.0171462595462799,0,0.018320009112358
0,0.0185803454369306,0,0.0244305487722158,0,0.0673900991678237,0,0.093701958656311
0,0.4191368222236633,0,0.7944401502609253,0,0.8791753053665161,0,0.8981502056121826
0,0.0185423642396926,0,0.0105460099875926,0,0.1923186033964157,0,0.0327425375580787
0,0.0990982130169868,0,0.0274725370109081,0,0.1453526467084884,0,0.6703810691833496
0,0.0588663592934608,0,0.0985737293958664,0,0.0731903836131095,0,0.0646870210766792
0,0.019094742834568,0,0.112276867032051,0,0.088972270488739,0,0.01248524710536
0,0.023731555789709,0,0.151246428489685,0,0.0968406051397323,0,0.0288466569036245
0,0.0140994945541024,0,0.0707267671823501,0,0.0288261715322732,0,0.0094286445528268
0,0.0210452787578105,0,0.2427288740873336,0,0.1874224245548248,0,0.0363681651651859
0,0.1448429524898529,0,0.0565575882792472,0,0.074037455022335,0,0.6237117052078247
0,0.1027242764830589,0,0.0552082173526287,0,0.0360242091119289,0,0.7946076393127441
0,0.844887912273407,0,0.9480013251304626,0,0.9317755103111268,0,0.8707202672958374
0,0.0011329255066812,0,0.0172451678663492,0,0.0043457434512674,0,0.1631694287061691
0,0.0481778532266616,0,0.2330761402845382,0,0.3645632266998291,0,0.1675715893507003
0,0.0556001774966716,0,0.5378182530403137,0,0.3191979527473449,0,0.1057965978980064
0,0.0486361421644687,0,0.0112433098256587,0,0.0347249135375022,0,0.0661354586482048
0,0.3187708556652069,0,0.0290435459464788,0,0.2661964297294616,0,0.5515236854553223
0,0.1610880494117736,0,0.086671769618988,0,0.8924099206924438,0,0.1615158021450042
0,0.0011610310757532,0,0.0204017776995897,0,0.0031208700966089,0,0.0246885567903518
0,0.012412323616445,0,0.0133613934740424,0,0.0712458789348602,0,0.0054901991970837
0,0.0094336690381169,0,0.0511669106781482,0,0.0074113854207098,0,0.0672167465090751
0,0.0029828317929059,0,0.0223575998097658,0,0.0266009029000997,0,0.0252798199653625
0,0.1174662783741951,0,0.034343060106039,0,0.0260326899588108,0,0.0707210302352905
0,0.004986313637346,0,0.0039050625637173,0,0.0036181372124701,0,0.0056859664618968
0,0.0093592582270503,0,0.012075001373887,0,0.0141749111935496,0,0.0039980690926313
0,0.0003064823104068,0,0.0020311260595917,0,0.0030519189313054,0,0.0087690651416778
0,0.0011298664612695,0,0.0166784394532442,0,0.0065128691494464,0,0.0250277165323495
0,0.0901892036199569,0,0.0387153811752796,0,0.0109427506104111,0,0.0096651716157794
0,0.0130045115947723,0,0.0047274557873606,0,0.0016612714389339,0,0.0108879143372178
0,0.0114485137164592,0,0.0109470235183835,0,0.0061413161456584,0,0.0217368472367525
0,0.0172391254454851,0,0.0230462066829204,0,0.0069004325196146,0,0.0793048664927482
0,0.0462410375475883,0,0.0445596985518932,0,0.0196441430598497,0,0.0125283980742096
0,0.0019635003991425,0,0.0015239799395203,0,0.0052536674775183,0,0.00492749735713
0,0.029475787654519,0,0.00503611844033,0,0.0013458341127261,0,0.0059412578120827
0,0.0062256925739347,0,0.0091291135177016,0,0.0034331800416111,0,0.0124664660543203
0,0.028841583058238,0,0.0367451161146163,0,0.0631057098507881,0,0.0379793457686901
0,0.3116485476493835,0,0.20526123046875,0,0.4292679727077484,0,0.331620842218399
0,0.0093188695609569,0,0.0059650288894772,0,0.0057452293112874,0,0.0650115013122558
0,0.1695264130830764,0,0.0976810529828071,0,0.2054696232080459,0,0.075434535741806
0,0.1537494659423828,0,0.0558579117059707,0,0.3169715404510498,0,0.1170674040913581
0,0.0029794457368552,0,0.0064365714788436,0,0.0086005600169301,0,0.0114101329818367
0,0.0496169216930866,0,0.0407157242298126,0,0.1667938977479934,0,0.0346926189959049
0,0.013029801659286,0,0.0604431219398975,0,0.1324606388807296,0,0.0211650785058736
0,0.0468157865107059,0,0.0735469162464141,0,0.0130834430456161,0,0.035232800990343
0,0.0321702063083648,0,0.0385508649051189,0,0.0180400945246219,0,0.0251404233276844
0,0.1804900020360946,0,0.0945085138082504,0,0.0122843906283378,0,0.0639426261186599
0,0.0058094626292586,0,0.0028813262470066,0,0.001835900126025,0,0.0080078830942511
0,0.0012417193502187,0,0.0133574549108743,0,0.0020384495146572,0,0.0087284566834568
0,0.0012461518635973,0,0.0171080827713012,0,0.014975631609559,0,0.0782070085406303
0,0.0026028868742287,0,0.0398129560053348,0,0.0083350529894232,0,0.092816524207592
0,0.0033924279268831,0,0.0292861256748437,0,0.0282585471868515,0,0.0132357496768236
0,0.0319963060319423,0,0.0883246064186096,0,0.1294261515140533,0,0.0319174118340015
0,0.0029943047557026,0,0.1040920466184616,0,0.0076639601029455,0,0.0575682073831558
0,0.0032265027984976,0,0.016397101804614,0,0.0074180262163281,0,0.0230956636369228
0,0.0003212548617739,0,0.0013521738583222,0,0.0026496348436921,0,0.1154631972312927
0,0.0037464313209056,0,0.0051524341106414,0,0.004762390628457,0,0.0049034371040761
0,0.0032515777274966,0,0.0043323147110641,0,0.0009916319977492,0,0.0257634185254573
0,0.0039360332302749,0,0.0093716057017445,0,0.004533240571618,0,0.0058324658311903
0,0.001180438324809,0,0.0153145501390099,0,0.0014560824492946,0,0.027006896212697
0,0.5962172150611877,0,0.6591517925262451,0,0.2358982264995575,0,0.9198777675628662
0,0.0015795887447893,0,0.0166991911828517,0,0.0066968644969165,0,0.0055016088299453
0,0.0025140140205621,0,0.0020822167862206,0,0.0044614761136472,0,0.0053560561500489
0,0.0135374525561928,0,0.0681565925478935,0,0.0384714566171169,0,0.0089590568095445
0,0.0109814200550317,0,0.0289418511092662,0,0.0343690551817417,0,0.0129750501364469
0,0.0133063774555921,0,0.0076027391478419,0,0.0071251378394663,0,0.0067849587649106
0,0.2400586009025573,0,0.2627075314521789,0,0.5881656408309937,0,0.6651884317398071
0,0.0668162032961845,0,0.0307292155921459,0,0.2192164361476898,0,0.1002261340618133
0,0.0418165884912014,0,0.0377460829913616,0,0.0839564055204391,0,0.1176156252622604
0,0.2353875041007995,0,0.1413296610116958,0,0.0832547768950462,0,0.4219224452972412
0,0.4343210160732269,0,0.3094328343868255,0,0.5999464392662048,0,0.5880134105682373
0,0.3794388473033905,0,0.6021276116371155,0,0.3629779517650604,0,0.5110988020896912
0,0.0088791055604815,0,0.0093394415453076,0,0.0086920196190476,0,0.0075419247150421
0,0.0163810905069112,0,0.0056777391582727,0,0.0190337263047695,0,0.0227405820041894
0,0.0220312736928462,0,0.0054452368058264,0,0.0265815500169992,0,0.0107983518391847
0,0.4220620393753052,0,0.0394653230905532,0,0.717567503452301,0,0.268208235502243
0,0.0045945486053824,0,0.0032241896260529,0,0.00258578825742,0,0.0019973674789071
0,0.0545040145516395,0,0.0421469770371913,0,0.2765269577503204,0,0.0895232111215591
0,0.4466444849967956,0,0.0174705125391483,0,0.1578869074583053,0,0.3938356637954712
0,0.4511908888816833,0,0.0963091701269149,0,0.0670079737901687,0,0.2118362784385681
0,0.0377294085919857,0,0.0059091639705002,0,0.0062188701704144,0,0.0209605526179075
0,0.0190310925245285,0,0.0104196760803461,0,0.0188701078295707,0,0.5730738639831543
0,0.0122827533632516,0,0.0182915087789297,0,0.0123475166037678,0,0.2402281165122985
0,0.0083279889076948,0,0.0104616992175579,0,0.0105404183268547,0,0.0339589938521385
0,0.0032055703923106,0,0.0554810687899589,0,0.0945814773440361,0,0.0468550510704517
0,0.0144227864220738,0,0.0261155311018228,0,0.0075930710881948,0,0.0077601065859198
0,0.0533246435225009,0,0.0132618518546223,0,0.403374046087265,0,0.0928177461028099
0,0.0114753786474466,0,0.0218952745199203,0,0.0045428480952978,0,0.0042002312839031
0,0.1488587856292724,0,0.004079429898411,0,0.012652076780796,0,0.0063028116710484
0,0.1339201927185058,0,0.0178365390747785,0,0.0181049797683954,0,0.1493312418460846
0,0.0352969840168952,0,0.0181216821074485,0,0.0165815874934196,0,0.4989413917064667
0,0.0003123810747638,0,0.0032838645856827,0,0.0046627521514892,0,0.007319105323404
0,0.0394633449614048,0,0.0158699862658977,0,0.0238597691059112,0,0.0064160600304603
0,0.023257378488779,0,0.0214005857706069,0,0.0074186963029205,0,0.0464134365320205
0,0.0035553220659494,0,0.0415359921753406,0,0.0119842812418937,0,0.0302854422479867
0,0.030874490737915,0,0.0050153522752225,0,0.0390898250043392,0,0.274095207452774
0,0.011922001838684,0,0.2499682903289795,0,0.0440231151878833,0,0.0389231443405151
0,0.0419732704758644,0,0.0222542379051446,0,0.0120508726686239,0,0.0715699791908264
0,0.0038248926866799,0,0.1262394785881042,0,0.0138843283057212,0,0.0368995778262615
0,0.0874261632561683,0,0.8398720026016235,0,0.5632385015487671,0,0.8422567844390869
0,0.0431324914097785,0,0.3375620245933532,0,0.4199855029582977,0,0.6173272132873535
0,0.0006500586750917,0,0.005034192930907,0,0.0085321804508566,0,0.0704653188586235
0,0.0410516373813152,0,0.0167984645813703,0,0.0038725829217582,0,0.0497019700706005
0,0.0007761742454022,0,0.0105763403698802,0,0.0165451150387525,0,0.0718211904168129
0,0.0419243834912776,0,0.0438149683177471,0,0.0053051216527819,0,0.0295278225094079
0,0.0005863897386007,0,0.0099653620272874,0,0.0157675705850124,0,0.1291801929473877
0,0.0024412493221461,0,0.0037999227643013,0,0.0155627625063061,0,0.0282462090253829
0,0.0007916285539977,0,0.0045496197417378,0,0.0040757334791123,0,0.0045955143868923
0,0.0161669589579105,0,0.0185950454324483,0,0.0086855795234441,0,0.0985230132937431
0,0.0591254010796546,0,0.0810483992099762,0,0.0063405344262719,0,0.0078757302835583
0,0.0046014948748052,0,0.0183844584971666,0,0.0033402531407773,0,0.0056501515209674
0,0.4235365092754364,0,0.116317294538021,0,0.0129661075770854,0,0.0112888561561703
0,0.0005698855966329,0,0.0244876705110073,0,0.0052169472910463,0,0.004235724452883
0,0.0012758772354573,0,0.0032506801653653,0,0.0070071187801659,0,0.0052622472867369
0,0.0042714597657322,0,0.0167839471250772,0,0.0039766058325767,0,0.0071378028951585
0,0.0088117867708206,0,0.0120417075231671,0,0.0117914918810129,0,0.0101144015789031
0,0.0031696574296802,0,0.0083190072327852,0,0.0038095398340374,0,0.0062959911301732
0,0.0020699056331068,0,0.0040955529548227,0,0.0027790477033704,0,0.0017884407425299
0,0.0097792716696858,0,0.0026709334924817,0,0.004556018859148,0,0.0046561798080801
0,0.0287882126867771,0,0.0348631776869297,0,0.0154687594622373,0,0.0189782138913869
0,0.0009459989378228,0,0.0242130402475595,0,0.0082120997831225,0,0.0061400770209729
0,0.0714193731546402,0,0.0201713237911462,0,0.0211280472576618,0,0.2079282999038696
0,0.0947086289525032,0,0.2032864838838577,0,0.0342220813035965,0,0.0119584780186414
0,0.0076732705347239,0,0.0757325664162635,0,0.0137682221829891,0,0.1652343571186065
0,0.0610751174390316,0,0.0770294219255447,0,0.0707489773631095,0,0.3193894624710083
0,0.0274962503463029,0,0.0085248574614524,0,0.0077260569669306,0,0.0032815134618431
0,0.0295560620725154,0,0.0109381899237632,0,0.0089534437283873,0,0.0052590211853384
0,0.027977880090475,0,0.007179866079241,0,0.0105536850169301,0,0.0041817473247647
0,0.0532645843923091,0,0.019468318670988,0,0.0229667909443378,0,0.2048007547855377
0,0.245310828089714,0,0.0128136416897177,0,0.0402848422527313,0,0.0475912392139434
0,0.0430363714694976,0,0.0852557718753814,0,0.0247471053153276,0,0.1397762298583984
0,0.1890325397253036,0,0.1394876539707183,0,0.0376333594322204,0,0.1026897579431533
0,0.1109876111149787,0,0.0065379324369132,0,0.0058682253584265,0,0.0588365010917186
0,0.0400024428963661,0,0.0425120592117309,0,0.0373280607163906,0,0.05374651029706
0,0.1416614800691604,0,0.1632021516561508,0,0.0728584825992584,0,0.1080165430903434
0,0.1598739922046661,0,0.0149283781647682,0,0.0368881709873676,0,0.0322345234453678
0,0.0081917671486735,0,0.0809542462229728,0,0.0237103849649429,0,0.036293726414442
0,0.5409336686134338,0,0.83293217420578,0,0.8466653823852539,0,0.0191802307963371
0,0.3535783886909485,0,0.5177602171897888,0,0.7535722851753235,0,0.2814906537532806
0,0.2641841173171997,0,0.5975004434585571,0,0.7952849268913269,0,0.7631653547286987
0,0.0368228293955326,0,0.0322843119502067,0,0.0039309463463723,0,0.0041596638038754
0,0.0367824733257293,0,0.0159027483314275,0,0.002678491640836,0,0.0043686884455382
0,0.0091934110969305,0,0.0036670693662017,0,0.0106481593102216,0,0.0330712758004665
0,0.0023621448781341,0,0.0005507699097506,0,0.0133600998669862,0,0.0118759796023368
0,0.0037572088185697,0,0.002520551206544,0,0.01223283726722,0,0.0086448024958372
0,0.0669900625944137,0,0.0091699380427598,0,0.014733319170773,0,0.0224709063768386
0,0.0577777363359928,0,0.0302883349359035,0,0.0539222173392772,0,0.0231504123657941
0,0.3449044227600097,0,0.1047944203019142,0,0.1710652709007263,0,0.6188730597496033
0,0.0413113348186016,0,0.0271055176854133,0,0.0579120777547359,0,0.2149825692176818
0,0.0879468098282814,0,0.0089468117803335,0,0.0048105488531291,0,0.0142651880159974
0,0.007140205707401,0,0.0158984083682298,0,0.0155528439208865,0,0.0295869782567024
0,0.0063131833449006,0,0.0137951970100402,0,0.0312832631170749,0,0.0337834097445011
0,0.2617700099945068,0,0.1094508692622184,0,0.2033178210258484,0,0.5804832577705383
0,0.0120922150090336,0,0.0143016148358583,0,0.0547182448208332,0,0.0472495220601558
0,0.0018578529125079,0,0.0029308786615729,0,0.0035011218860745,0,0.0095783621072769
0,0.0065452428534626,0,0.0338160879909992,0,0.0072222463786602,0,0.0133163491263985
0,0.0289944875985384,0,0.0498183332383632,0,0.0744175463914871,0,0.2228787094354629
0,0.0006906063645146,0,0.0052988398820161,0,0.0048972517251968,0,0.0090377507731318
0,0.3620490729808807,0,0.1784179955720901,0,0.175341248512268,0,0.3614769577980041
0,0.0269768331199884,0,0.010532415471971,0,0.0511224940419197,0,0.0510250143706798
0,0.0022965611424297,0,0.0022647499572485,0,0.0021583379711955,0,0.0053745731711387
0,0.002463951241225,0,0.0273714549839496,0,0.0073799937963485,0,0.0285101551562547
0,0.0019609343726187,0,0.0081067364662885,0,0.004887921269983,0,0.0125295473262667
0,0.2812770009040832,0,0.1570623964071273,0,0.168051928281784,0,0.1502783149480819
0,0.0699933022260665,0,0.0506784282624721,0,0.1895844787359237,0,0.0424519293010234
0,0.1344533115625381,0,0.0543708689510822,0,0.0580954328179359,0,0.0120425866916775
0,0.0050791618414223,0,0.0065223663114011,0,0.0055458052083849,0,0.0079505229368805
0,0.0115359118208289,0,0.0220463965088129,0,0.0085252653807401,0,0.0084346290677785
0,0.019699340686202,0,0.0312430877238512,0,0.0095377434045076,0,0.0256497710943222
0,0.006178181618452,0,0.0207513440400362,0,0.0120454868301749,0,0.0467152409255504
0,0.2235851287841797,0,0.2039247155189514,0,0.6408713459968567,0,0.3156461417675018
0,0.4289422035217285,0,0.6471369862556458,0,0.5720453262329102,0,0.1842013597488403
0,0.013299030251801,0,0.0333322845399379,0,0.0134702585637569,0,0.0079390117898583
0,0.0266100354492664,0,0.0063157533295452,0,0.1221576407551765,0,0.0339944921433925
0,0.0003564041398931,0,0.0032004686072468,0,0.0033733353484421,0,0.0370230600237846
0,0.0131847923621535,0,0.0482836291193962,0,0.2038778960704803,0,0.1004682555794715
0,0.023743912577629,0,0.0341759026050567,0,0.0073590856045484,0,0.0111906183883547
0,0.00298861740157,0,0.0042654182761907,0,0.0058319820091128,0,0.0288644414395093
0,0.0342444442212581,0,0.0130978897213935,0,0.1499481350183487,0,0.0319951362907886
0,0.0106621235609054,0,0.0452323518693447,0,0.0563991963863372,0,0.1185654997825622
0,0.0019678289536386,0,0.0311359837651252,0,0.0332930497825145,0,0.0379332266747951
0,0.0542296133935451,0,0.1174060031771659,0,0.0290097277611494,0,0.0920325443148613
0,0.0005575074465014,0,0.0092734405770897,0,0.0069408039562404,0,0.0277350042015314
0,0.016267804428935,0,0.1497838348150253,0,0.3383225798606872,0,0.2496207803487777
0,0.0249355696141719,0,0.143705204129219,0,0.0319083854556083,0,0.0052601834759116
0,0.0177065413445234,0,0.0257729310542345,0,0.0138613209128379,0,0.0149041097611188
0,0.0169002804905176,0,0.0243273954838514,0,0.0382520072162151,0,0.0129500860348343
0,0.1635605841875076,0,0.2426998615264892,0,0.475803941488266,0,0.0070352940820157
0,0.0158225931227207,0,0.0136485518887639,0,0.0061792475171387,0,0.007171134930104
0,0.0118720410391688,0,0.0042507178150117,0,0.003206652123481,0,0.0239928849041461
0,0.5360560417175293,0,0.8097692131996155,0,0.5915142893791199,0,0.6194230318069458
0,0.070147193968296,0,0.0076557109132409,0,0.0512783080339431,0,0.034388143569231
0,0.0053532803431153,0,0.0083527686074376,0,0.0101252254098653,0,0.0178116951137781
0,0.0206021275371313,0,0.010516108945012,0,0.0517365559935569,0,0.0069048288278281
0,0.0169554632157087,0,0.00414550723508,0,0.015802951529622,0,0.0126881599426269
0,0.0147713338956236,0,0.0081497281789779,0,0.0410106554627418,0,0.0070952191017568
0,0.0082589956000447,0,0.0144348563626408,0,0.0090551441535353,0,0.0217642858624458
0,0.0315368026494979,0,0.0106194047257304,0,0.04709342867136,0,0.008636375889182
0,0.0340670719742774,0,0.0061462162993848,0,0.0492530204355716,0,0.0344966426491737
0,0.0092750564217567,0,0.0431485027074813,0,0.0402566455304622,0,0.0180259048938751
0,0.0014161998406052,0,0.0027060552965849,0,0.0198078118264675,0,0.0053575043566524
0,0.0445884652435779,0,0.0196622721850872,0,0.0229994654655456,0,0.0352863669395446
0,0.0149158891290426,0,0.0183767490088939,0,0.0165900196880102,0,0.0421054549515247
0,0.0046439701691269,0,0.0037028188817203,0,0.0553229264914989,0,0.006987627595663
0,0.0955968126654625,0,0.0390642993152141,0,0.0292632300406694,0,0.0271501429378986
0,0.0093105053529143,0,0.018487574532628,0,0.0180690214037895,0,0.0151519533246755
0,0.0626717805862426,0,0.2151225209236145,0,0.0666911602020263,0,0.1369950324296951
0,0.1386424154043197,0,0.0249966960400342,0,0.0509196743369102,0,0.1113429367542266
0,0.344978928565979,0,0.1287067681550979,0,0.0459759421646595,0,0.1119128316640853
0,0.0146669689565896,0,0.0022553789895027,0,0.0143237737938761,0,0.0772829428315162
0,0.0027450963389128,0,0.0046145762316882,0,0.0055455053225159,0,0.0793262794613838
0,0.1711687892675399,0,0.008815411478281,0,0.0098152933642268,0,0.0329994969069957
0,0.1745034903287887,0,0.2570530474185943,0,0.2970689535140991,0,0.0304360222071409
0,0.0067045548930764,0,0.0038107868749648,0,0.0097547732293605,0,0.0114630414173007
0,0.0039618825539946,0,0.0067851808853447,0,0.0038765710778534,0,0.01075866445899
0,0.0066993487998843,0,0.0155941490083932,0,0.003915143199265,0,0.0082907630130648
0,0.0019851517863571,0,0.0026196725666522,0,0.0122697092592716,0,0.0091337254270911
0,0.013256168924272,0,0.003979061730206,0,0.0220523532480001,0,0.033333383500576
0,0.0069369063712656,0,0.0019737244583666,0,0.0184321533888578,0,0.0089192744344472
0,0.0036178056616336,0,0.002315760590136,0,0.0023927504662424,0,0.0130684282630682
0,0.0016458545578643,0,0.0091984905302524,0,0.0024012327194213,0,0.007953505963087
0,0.009628172032535,0,0.0065251947380602,0,0.0048119239509105,0,0.0029224979225546
0,0.0054983221925795,0,0.0291283763945102,0,0.0038607937749475,0,0.012073453515768
0,0.0081617664545774,0,0.0024004185106605,0,0.0080521320924162,0,0.0018159870523959
0,0.2001953870058059,0,0.2626757323741913,0,0.0801353752613067,0,0.0410537309944629
0,0.0174019560217857,0,0.0787343010306358,0,0.0114931119605898,0,0.0030470683705061
0,0.0298870112746953,0,0.0598152056336402,0,0.0374206230044364,0,0.0037066396325826
0,0.1882715821266174,0,0.1613485664129257,0,0.0575049966573715,0,0.0297773089259862
0,0.2966127693653106,0,0.0503839999437332,0,0.1055922359228134,0,0.288571298122406
0,0.2687036991119385,0,0.1141496524214744,0,0.4001327455043793,0,0.3050627410411834
0,0.0145644452422857,0,0.0124197965487837,0,0.0214537847787141,0,0.0427625738084316
0,0.0202747788280248,0,0.0312070101499557,0,0.0250776503235101,0,0.0028217041399329
0,0.2279286533594131,0,0.1358755230903625,0,0.0636917874217033,0,0.015846537426114
0,0.0934911519289016,0,0.015379169024527,0,0.0034049092791974,0,0.0220798645168542
0,0.1685907542705536,0,0.0521612428128719,0,0.0603061392903327,0,0.5974609851837158
0,0.0303821861743927,0,0.0021392991766333,0,0.0026424017269164,0,0.0030649260152131
0,0.0756797492504119,0,0.0075076916255056,0,0.0496062636375427,0,0.0562290102243423
1,0.4581612944602966,1,0.2584612369537353,1,0.3890303671360016,1,0.639548659324646
1,0.0094638569280505,1,0.0871958658099174,1,0.054350696504116,1,0.031666662544012
1,0.5452446937561035,1,0.9060414433479308,1,0.7515089511871338,1,0.6317022442817688
1,0.5820575952529907,1,0.5785683393478394,1,0.5746811628341675,1,0.3217787146568298
1,0.6713240742683411,1,0.9331313371658324,1,0.940650999546051,1,0.9297969937324524
1,0.2371152937412262,1,0.0328445062041282,1,0.0343333706259727,1,0.0494356788694858
1,0.1166964173316955,1,0.0461049526929855,1,0.045533213764429,1,0.0412279181182384
1,0.2566215395927429,1,0.1042303070425987,1,0.1261114925146103,1,0.0729203000664711
1,0.060160893946886,1,0.0402300059795379,1,0.247663140296936,1,0.2813160121440887
1,0.1281995475292205,1,0.0199295338243246,1,0.2664775550365448,1,0.1691784709692001
1,0.1384362280368805,1,0.157970443367958,1,0.8326071500778198,1,0.3524911999702453
1,0.1926687210798263,1,0.3222589790821075,1,0.5451745390892029,1,0.5504366755485535
1,0.244207426905632,1,0.4019102454185486,1,0.92251056432724,1,0.9108595848083496
1,0.0347890220582485,1,0.0153376199305057,1,0.0122907273471355,1,0.0672120228409767
1,0.7144695520401001,1,0.7946193814277649,1,0.865103542804718,1,0.9463462233543396
1,0.7898995280265808,1,0.8931505084037781,1,0.8970749378204346,1,0.4061883389949798
1,0.7285146117210388,1,0.4075472950935364,1,0.7078635096549988,1,0.3690084218978882
1,0.5079537034034729,1,0.5814955234527588,1,0.445989578962326,1,0.23129802942276
1,0.0023317502345889,1,0.0031144057866185,1,0.0124032367020845,1,0.0022912987042218
1,0.1912744790315628,1,0.7287874221801758,1,0.6894615888595581,1,0.8149526715278625
1,0.1633731424808502,1,0.12070082873106,1,0.6730237603187561,1,0.1684070229530334
0,0.0167158525437116,0,0.0026340153999626,0,0.0306917130947113,0,0.0155859077349305
0,0.0058849728666245,0,0.0141187766566872,0,0.0077847559005022,0,0.0287046525627374
0,0.0167908575385808,0,0.0188724268227815,0,0.0173382870852947,0,0.0321692675352096
0,0.0060715451836586,0,0.0113755846396088,0,0.0042707175016403,0,0.0221031326800584
0,0.0057567711919546,0,0.0027937761042267,0,0.0117547437548637,0,0.0211638454347848
0,0.0066504310816526,0,0.0093995053321123,0,0.0556046590209007,0,0.0167997870594263
0,0.0032753837294876,0,0.1058367565274238,0,0.0151665117591619,0,0.0795477256178855
0,0.008615730330348,0,0.2252463400363922,0,0.0432198382914066,0,0.1189693659543991
0,0.0058275242336094,0,0.0130330882966518,0,0.0410161018371582,0,0.1783466935157776
0,0.0083767492324113,0,0.1141247600317001,0,0.0476977601647377,0,0.069550409913063
0,0.0187244582921266,0,0.0067086941562592,0,0.0104378927499055,0,0.0059736953116953
0,0.0305894501507282,0,0.0073467171750962,0,0.0162269473075866,0,0.0082753887400031
0,0.3160028457641601,0,0.0027764048427343,0,0.0082944091409444,0,0.0313782393932342
0,0.151688814163208,0,0.0094755040481686,0,0.0133131220936775,0,0.0188454426825046
0,0.4147291183471679,0,0.203961968421936,0,0.8270156979560852,0,0.7551134824752808
0,0.5532771348953247,0,0.4745806455612182,0,0.7482292652130127,0,0.5627027750015259
0,0.3228327631950378,0,0.3450398743152618,0,0.7959683537483215,0,0.1655864715576172
0,0.6534274816513062,0,0.521442174911499,0,0.7405884265899658,0,0.5700694918632507
0,0.2967581748962402,0,0.1920959651470184,0,0.6649563312530518,0,0.0667192116379737
0,0.2344768941402435,0,0.0831580534577369,0,0.2996041178703308,0,0.6883422136306763
0,0.090310238301754,0,0.0081369765102863,0,0.048020988702774,0,0.059396643191576
0,0.1593223065137863,0,0.0381489023566246,0,0.0535315237939357,0,0.0500189177691936
0,0.0249560456722974,0,0.0117235714569687,0,0.0056481291539967,0,0.0036763702519237
0,0.0660773292183876,0,0.0213614497333765,0,0.2345487475395202,0,0.8014806509017944
0,0.1141640692949295,0,0.0082916924729943,0,0.0468893609941005,0,0.0613336190581321
0,0.108228899538517,0,0.0276085082441568,0,0.2011031806468963,0,0.0315526500344276
0,0.1676564514636993,0,0.107646994292736,0,0.0645666420459747,0,0.0634919703006744
0,0.1893441528081894,0,0.02237319201231,0,0.0073936292901635,0,0.0067626722157001
0,0.0040164436213672,0,0.021579684689641,0,0.0121829602867364,0,0.0053768786601722
0,0.0124258445575833,0,0.0031983654480427,0,0.0072727273218333,0,0.0035896431654691
0,0.0010619234526529,0,0.0051599801518023,0,0.0173320230096578,0,0.0118509922176599
0,0.0039563127793371,0,0.0023793603759258,0,0.0151223810389637,0,0.0026965623255819
0,0.0117424866184592,0,0.0103474771603941,0,0.0274139903485775,0,0.1038529127836227
0,0.5153375267982483,0,0.6605754494667053,0,0.1072822213172912,0,0.0963822230696678
0,0.5180172324180603,0,0.7363177537918091,0,0.3183649778366089,0,0.2485495209693908
0,0.032596219331026,0,0.0947621539235115,0,0.0192103497684001,0,0.2067500352859497
0,0.0718964859843254,0,0.0678780376911163,0,0.0141229778528213,0,0.1114801913499832
0,0.000748781778384,0,0.0012103941990062,0,0.0026720974128693,0,0.0018152524717152
0,0.0013197660446166,0,0.0027564398478716,0,0.0060330764390528,0,0.0059996414929628
0,0.0008339611231349,0,0.0008724489598535,0,0.0012491501402109,0,0.008140517398715
0,0.0335802435874938,0,0.0152647392824292,0,0.0411329939961433,0,0.0135294748470187
0,0.0023318212479352,0,0.0011889298912137,0,0.0030942894518375,0,0.0025561447255313
0,0.0011948193423449,0,0.003305553458631,0,0.0024402842391282,0,0.0121495220810174
0,0.0010421646293252,0,0.0031290282495319,0,0.0039244056679308,0,0.0054501453414559
0,0.0008098277030512,0,0.0004340721643529,0,0.0008793279994279,0,0.0015131285181269
0,0.0073726275004446,0,0.0037512253038585,0,0.0035096318461,0,0.0043555423617362
0,0.0007447078241966,0,0.0006338967359624,0,0.0025981636717915,0,0.0014410101575776
0,0.4997256100177765,0,0.4195325076580047,0,0.2615808844566345,0,0.6176789999008179
0,0.0028913398273289,0,0.0051198173314332,0,0.0030053444206714,0,0.0039576771669089
0,0.2602624893188476,0,0.1373351663351059,0,0.2541640698909759,0,0.2351573407649994
0,0.0009302761754952,0,0.0044289138168096,0,0.003513396019116,0,0.0010737951379269
0,0.4189436435699463,0,0.2033033519983291,0,0.3945712149143219,0,0.1794392466545105
0,0.6070616245269775,0,0.7865171432495117,0,0.7114963531494141,0,0.7331047058105469
0,0.7175117135047913,0,0.8392114043235779,0,0.7197498083114624,0,0.9238296747207642
0,0.0265755057334899,0,0.0269036032259464,0,0.7899344563484192,0,0.1063401699066162
0,0.0119407214224338,0,0.0517145805060863,0,0.052009530365467,0,0.0375449135899543
0,0.0153241455554962,0,0.0361332818865776,0,0.0596196725964546,0,0.1689691990613937
0,0.4276613891124725,0,0.2809436917304992,0,0.659328043460846,0,0.3965852558612823
0,0.0111824590712785,0,0.0064634042792022,0,0.0157146509736776,0,0.0134290568530559
0,0.0024890394415706,0,0.0840591713786125,0,0.0114747285842895,0,0.0078733013942837
0,0.0159960743039846,0,0.1027502939105033,0,0.0257236938923597,0,0.0243597850203514
0,0.0094324573874473,0,0.0799693390727043,0,0.0187048316001892,0,0.0303906314074993
0,0.003225811291486,0,0.0097552426159381,0,0.0045664692297577,0,0.0224694404751062
0,0.0046100448817014,0,0.0240683387964963,0,0.0062919799238443,0,0.013768695294857
0,0.0022229838650673,0,0.0052113183774054,0,0.0131306173279881,0,0.0029242211021482
0,0.0017896548379212,0,0.0082949390634894,0,0.0236928947269916,0,0.008069209754467
0,0.3311300277709961,0,0.5464618802070618,0,0.4346294403076172,0,0.1353756040334701
0,0.0407737344503402,0,0.3207744359970093,0,0.0896206051111221,0,0.0538210310041904
0,0.0211370810866355,0,0.0063134972006082,0,0.027010791003704,0,0.0271824933588504
0,0.0081008188426494,0,0.012820647098124,0,0.0201318636536598,0,0.0141897182911634
0,0.1379640400409698,0,0.118489533662796,0,0.0833354815840721,0,0.126775711774826
0,0.0746915191411972,0,0.1155449673533439,0,0.0799751505255699,0,0.1063253805041313
0,0.1930231004953384,0,0.2554583549499511,0,0.0864803493022918,0,0.1915021389722824
0,0.147922858595848,0,0.2084220200777053,0,0.666314959526062,0,0.710452139377594
0,0.269991785287857,0,0.0745070129632949,0,0.4901777505874634,0,0.2422092407941818
0,0.0766237080097198,0,0.1138666123151779,0,0.4975697994232178,0,0.2529878616333008
0,0.2598542273044586,0,0.2464389950037002,0,0.2768519818782806,0,0.3259105086326599
0,0.3501247763633728,0,0.1803784966468811,0,0.2747664153575897,0,0.5605491399765015
0,0.1390155702829361,0,0.0524454154074192,0,0.2887578010559082,0,0.4417314231395721
0,0.0474008806049823,0,0.0455092154443264,0,0.4058560132980346,0,0.2168381810188293
0,0.0475875809788703,0,0.0391399972140789,0,0.0272074583917856,0,0.0103267291560769
0,0.0241998303681612,0,0.0088980011641979,0,0.0313922055065631,0,0.0154589740559458
0,0.0411227643489837,0,0.0231885481625795,0,0.0212000869214534,0,0.016213996335864
0,0.1043155938386917,0,0.0068468442186713,0,0.0566878989338874,0,0.0497772917151451
0,0.0127359759062528,0,0.0037508870009332,0,0.0281927417963743,0,0.0250974223017692
0,0.0009298065560869,0,0.0058287507854402,0,0.0110028451308608,0,0.004981976468116
0,0.0030727742705494,0,0.0074202278628945,0,0.0039770798757672,0,0.0067504923790693
0,0.3082112669944763,0,0.2500756680965423,0,0.0906358212232589,0,0.1825054287910461
0,0.0179018713533878,0,0.0064926603808999,0,0.067502811551094,0,0.1481710076332092
0,0.0167890004813671,0,0.0051381383091211,0,0.039501454681158,0,0.0496076345443725
0,0.0308604892343282,0,0.026663227006793,0,0.011048324406147,0,0.0319880694150924
0,0.1029531732201576,0,0.2661762833595276,0,0.049238596111536,0,0.336794912815094
0,0.0457169972360134,0,0.0175013486295938,0,0.0284460056573152,0,0.0109640844166278
0,0.4545937776565552,0,0.5876508951187134,0,0.3053452670574188,0,0.1295669376850128
0,0.0595046393573284,0,0.0475108213722705,0,0.1078877449035644,0,0.0085058314725756
0,0.026147324591875,0,0.0141456630080938,0,0.0410838462412357,0,0.0102765867486596
0,0.5721592903137207,0,0.6824522614479065,0,0.4573927223682403,0,0.163340613245964
0,0.0547948628664016,0,0.1090808361768722,0,0.0891194120049476,0,0.017619190737605
0,0.0158774275332689,0,0.0261644255369901,0,0.0536688715219497,0,0.0088729066774249
0,0.5261149406433105,0,0.7229824066162109,0,0.4430427253246307,0,0.1575550585985183
0,0.0780802890658378,0,0.0794657096266746,0,0.0318351313471794,0,0.0764104798436164
0,0.061493445187807,0,0.0146952643990516,0,0.0107446303591132,0,0.0442071668803691
0,0.0412526614964008,0,0.0158392060548067,0,0.0114097679033875,0,0.0413171648979187
0,0.004610467236489,0,0.0632798373699188,0,0.0098857767879962,0,0.0131697999313473
0,0.0039627724327147,0,0.0026251962408423,0,0.0241216551512479,0,0.0046856570988893
0,0.0648328736424446,0,0.1625608056783676,0,0.029316384345293,0,0.0401575192809104
0,0.1204424425959587,0,0.1274148374795913,0,0.0214718133211135,0,0.0324920713901519
0,0.0396583192050457,0,0.0662622228264808,0,0.0292720925062894,0,0.0249882936477661
0,0.0136178117245435,0,0.0161282550543546,0,0.0058769015595316,0,0.0044534378685057
0,0.0008027064031921,0,0.0080835642293095,0,0.004274214617908,0,0.0068282540887594
0,0.0019734520465135,0,0.0098356129601597,0,0.0101878512650728,0,0.0435323379933834
0,0.0055110822431743,0,0.1052278876304626,0,0.0181758385151624,0,0.0246943719685077
0,0.0140295913442969,0,0.003161389613524,0,0.0037055837456136,0,0.0030407654121518
0,0.0032795816659927,0,0.0035915577318519,0,0.0165986567735672,0,0.0074831023812294
0,0.0017426519189029,0,0.0130751645192503,0,0.0181246902793645,0,0.0257945023477077
0,0.0289391539990901,0,0.2470262348651886,0,0.0294066704809665,0,0.2008993327617645
0,0.0096423225477337,0,0.0035336406435817,0,0.0054266136139631,0,0.0060079963877797
0,0.0013546699192374,0,0.006385872606188,0,0.0171241033822298,0,0.0048897541128098
0,0.0009757956722751,0,0.1080505028367042,0,0.0125206084921956,0,0.0131314191967248
0,0.0020105477888137,0,0.0073852143250405,0,0.0126070408150553,0,0.0474912524223327
0,0.0041200574487447,0,0.005353064276278,0,0.0199748687446117,0,0.0137361567467451
0,0.0047947028651833,0,0.0059389318339526,0,0.0101365577429533,0,0.0118627697229385
0,0.0532559603452682,0,0.2574045062065124,0,0.737016499042511,0,0.0304493755102157
0,0.0355502590537071,0,0.0084951529279351,0,0.0075288373045623,0,0.017834348604083
0,0.005097696557641,0,0.016893945634365,0,0.0495125912129879,0,0.0859045162796974
0,0.0311249829828739,0,0.0331669002771377,0,0.149847000837326,0,0.1212949603796005
0,0.0076977079734206,0,0.009542915970087,0,0.0232196617871522,0,0.0036949554923921
0,0.0121569586917757,0,0.1341165453195572,0,0.0035701903980225,0,0.0013700774870812
0,0.0025804720353335,0,0.0077241300605237,0,0.005352655891329,0,0.0355458185076713
0,0.0230666492134332,0,0.0135162631049752,0,0.0083314906805753,0,0.002665759762749
0,0.0089351506903767,0,0.0181199349462986,0,0.0015460219001397,0,0.0003763514687307
0,0.0036523875314742,0,0.0255183931440114,0,0.0168109666556119,0,0.003928059246391
0,0.0014917616499587,0,0.0029396775644272,0,0.0052164844237267,0,0.0146831925958395
0,0.0386447608470916,0,0.009061231277883,0,0.0030253226868808,0,0.000824557908345
0,0.0210207160562276,0,0.0313274674117565,0,0.0021699427161365,0,0.0005754672456532
0,0.0019703563302755,0,0.0025746785104274,0,0.0075114485807716,0,0.0077255414798855
0,0.3140169084072113,0,0.016896329820156,0,0.0263754334300756,0,0.0122664561495184
0,0.5719563364982605,0,0.6873111128807068,0,0.3730658590793609,0,0.6923103332519531
0,0.0117473676800727,0,0.0263529289513826,0,0.0086043467745184,0,0.0139640793204307
0,0.0162515826523304,0,0.0166334547102451,0,0.0022023764904588,0,0.0176861677318811
0,0.0160617064684629,0,0.0200123433023691,0,0.0082182120531797,0,0.014109818264842
0,0.0066103246062994,0,0.0265066549181938,0,0.0120531199499964,0,0.0187955573201179
0,0.0023717086296528,0,0.0037707588635385,0,0.0186643488705158,0,0.0103959841653704
0,0.0199072621762752,0,0.0230152737349271,0,0.0074644722044467,0,0.0135424640029668
0,0.000964644132182,0,0.0049053588882088,0,0.0250403489917516,0,0.0073514892719686
0,0.0745820179581642,0,0.0455600582063198,0,0.0064360164105892,0,0.0068282186985015
0,0.0534989833831787,0,0.1071051135659217,0,0.0079372320324182,0,0.1156109049916267
0,0.0560643970966339,0,0.2114074677228927,0,0.0082683442160487,0,0.2791331708431244
0,0.175820916891098,0,0.0661757439374923,0,0.0122420480474829,0,0.0102586429566144
0,0.0218914188444614,0,0.1187778934836387,0,0.0133527284488081,0,0.1543550789356231
0,0.0287153553217649,0,0.0226864945143461,0,0.0254297628998756,0,0.1441039443016052
0,0.0050184275023639,0,0.0414507500827312,0,0.0135494666174054,0,0.1249266117811203
0,0.0026367991231381,0,0.0048863189294934,0,0.0163907576352357,0,0.0255599953234195
0,0.0082244211807847,0,0.0159486047923564,0,0.0457484647631645,0,0.0173463486135005
0,0.0059529761783778,0,0.0968464687466621,0,0.0271783024072647,0,0.0293276757001876
0,0.0501695685088634,0,0.0255735665559768,0,0.0246962364763021,0,0.0810233876109123
0,0.0329487472772598,0,0.010002520866692,0,0.0432136468589305,0,0.0207241270691156
0,0.0030354273039847,0,0.0024009551852941,0,0.0136902946978807,0,0.1979230940341949
0,0.0436834692955017,0,0.0468062981963157,0,0.2158736884593963,0,0.0285366121679544
0,0.2436979562044143,0,0.5520292520523071,0,0.4788463115692138,0,0.2414264380931854
0,0.0049316748045384,0,0.0088822795078158,0,0.0025912849232554,0,0.2635896503925323
0,0.0064854426309466,0,0.0278826560825109,0,0.0721249207854271,0,0.0557635836303234
0,0.0085338503122329,0,0.0052978000603616,0,0.0123033532872796,0,0.0083968546241521
0,0.0041410098783671,0,0.0671070292592048,0,0.006620910950005,0,0.017181908711791
0,0.0018233471782878,0,0.0226256996393203,0,0.0094367619603872,0,0.0205554086714983
0,0.0032381818164139,0,0.0052115060389041,0,0.0064609823748469,0,0.0130718182772398
0,0.5091173052787781,0,0.8106204271316528,0,0.5864205956459045,0,0.7387751340866089
0,0.3906925022602081,0,0.6308024525642395,0,0.4307503998279571,0,0.7128009796142578
0,0.6762545704841614,0,0.902505099773407,0,0.2467393279075622,0,0.7997642159461975
0,0.0005237620207481,0,0.0014433378819376,0,0.0070950170047581,0,0.0255002826452255
0,0.2528523504734039,0,0.2231276929378509,0,0.1257975995540619,0,0.1216497421264648
0,0.0409627929329872,0,0.6545739769935608,0,0.549852728843689,0,0.049346886575222
0,0.1763672530651092,0,0.3947642147541046,0,0.8053894639015198,0,0.284288227558136
0,0.0988507196307182,0,0.4469663798809051,0,0.4107041954994201,0,0.0732211321592331
0,0.002475197892636,0,0.0210026260465383,0,0.0078112781047821,0,0.0188656207174062
0,0.0215640142560005,0,0.030490493401885,0,0.0075022969394922,0,0.0253112539649009
0,0.0058553819544613,0,0.0020632050000131,0,0.0074400720186531,0,0.0073912539519369
0,0.0344356372952461,0,0.0221432410180568,0,0.0133619103580713,0,0.0112271634861826
0,0.0160651206970214,0,0.0208522882312536,0,0.0111215775832533,0,0.0240629464387893
0,0.038745954632759,0,0.0275848172605037,0,0.0099217612296342,0,0.0091773327440023
0,0.0114552192389965,0,0.0059165465645492,0,0.0080221528187394,0,0.0029916921630501
0,0.2813608944416046,0,0.2454824894666671,0,0.067610003054142,0,0.0120378211140632
0,0.0160523876547813,0,0.0552613399922847,0,0.0655213594436645,0,0.1388337761163711
0,0.0592775829136371,0,0.224390372633934,0,0.0821183696389198,0,0.2581238448619842
0,0.2479867190122604,0,0.0955541878938674,0,0.4131035506725311,0,0.395208328962326
0,0.1276356130838394,0,0.6323745846748352,0,0.5000684857368469,0,0.7297248840332031
0,0.093880258500576,0,0.6161702275276184,0,0.6533021926879883,0,0.6059022545814514
0,0.0592421703040599,0,0.0105772633105516,0,0.3244865834712982,0,0.2904033958911896
0,0.1154436692595481,0,0.0070117362774908,0,0.0027933483943343,0,0.0068073510192334
0,0.3855303227901459,0,0.5789209008216858,0,0.1281557530164718,0,0.1546999812126159
0,0.0613312385976314,0,0.0179058872163295,0,0.0204827524721622,0,0.0119851510971784
0,0.495492160320282,0,0.5821353793144226,0,0.2105358839035034,0,0.0888687744736671
0,0.0261926464736461,0,0.0068459273315966,0,0.0584025457501411,0,0.0212899502366781
0,0.0007025827071629,0,0.024403341114521,0,0.00365242944099,0,0.0070314141921699
0,0.0029852306470274,0,0.0012738924706354,0,0.0031548745464533,0,0.0047238138504326
0,0.0011446314165368,0,0.0018739196239039,0,0.0045256833545863,0,0.0019532691221684
0,0.0004878078470937,0,0.0282333679497241,0,0.0050666402094066,0,0.0140823563560843
0,0.0009361312258988,0,0.0045048161409795,0,0.0104479994624853,0,0.0164323225617408
0,0.001028663595207,0,0.002320238854736,0,0.0085434829816222,0,0.0022928384132683
0,0.0004848680109716,0,0.0134688960388302,0,0.0038569350726902,0,0.0087119936943054
0,0.0016028328100219,0,0.0015862400177866,0,0.0071732341311872,0,0.0049315718933939
0,0.1694822311401367,0,0.0950365960597992,0,0.1135922670364379,0,0.2527949810028076
0,0.0078207198530435,0,0.0136274239048361,0,0.0123627427965402,0,0.0084067350253462
0,0.0072317435406148,0,0.0141805298626422,0,0.0103396903723478,0,0.0154575370252132
0,0.1898872256278991,0,0.3644797503948211,0,0.048048086464405,0,0.0961465910077095
0,0.0015991285908967,0,0.0018930599326267,0,0.0059370999224483,0,0.0043956697918474
0,0.0007351138629019,0,0.0021002925932407,0,0.0043312385678291,0,0.0063092419877648
0,0.0013749883510172,0,0.003405260387808,0,0.0161847993731498,0,0.008843851275742
0,0.0024339221417903,0,0.0164067335426807,0,0.0044119856320321,0,0.024531939998269
0,0.0014566995669156,0,0.0514250919222831,0,0.0184797402471303,0,0.0057306867092847
0,0.0200075227767229,0,0.0051513519138097,0,0.0099676996469497,0,0.0059695141389966
0,0.0794143453240394,0,0.1080929934978485,0,0.4724639654159546,0,0.2246740162372589
0,0.0123361172154545,0,0.0363099239766597,0,0.1871919929981231,0,0.0433248504996299
0,0.0029939815867692,0,0.0029732026159763,0,0.0122455479577183,0,0.0035863448865711
0,0.002598462626338,0,0.0127970166504383,0,0.007197517901659,0,0.0020024278201162
0,0.2015489190816879,0,0.1278564482927322,0,0.6095723509788513,0,0.0834555029869079
0,0.015388524159789,0,0.0357000157237052,0,0.0352421775460243,0,0.0162921585142612
0,0.0284215118736028,0,0.0310037396848201,0,0.076970525085926,0,0.0826665684580802
0,0.0703948512673378,0,0.0243215262889862,0,0.0290117319673299,0,0.0066261682659387
0,0.0008666805806569,0,0.0032627223990857,0,0.0026875839103013,0,0.0018231796566396
0,0.0009350025793537,0,0.0051477756351232,0,0.0084327710792422,0,0.008727429434657
0,0.0008449748856946,0,0.0033513407688587,0,0.0059929508715868,0,0.0239472184330225
0,0.2100203782320022,0,0.16887266933918,0,0.1201597899198532,0,0.2616654932498932
0,0.1133588328957557,0,0.2125773429870605,0,0.1426992565393448,0,0.1065780594944953
0,0.0008914116770029,0,0.0045340023934841,0,0.0047422819770872,0,0.0067450660280883
0,0.0069805900566279,0,0.0155138913542032,0,0.0084415031597018,0,0.005100067704916
0,0.0038821967318654,0,0.0054882252588868,0,0.0210771206766366,0,0.0053469110280275
0,0.0261326674371957,0,0.006107612978667,0,0.0424885898828506,0,0.0127958059310913
0,0.0389799177646636,0,0.0108543802052736,0,0.0740142464637756,0,0.0159743838012218
0,0.0010952620068565,0,0.004807140212506,0,0.0040843649767339,0,0.0059686941094696
0,0.0069120354019105,0,0.0069990451447665,0,0.0056529194116592,0,0.0032804156653583
0,0.0178638994693756,0,0.0046719186939299,0,0.0828035101294517,0,0.0202494766563177
0,0.0139844669029116,0,0.0038868407718837,0,0.0886831581592559,0,0.0076126824133098
0,0.0414273887872695,0,0.0066938302479684,0,0.0616359822452068,0,0.0389231294393539
0,0.0008193146786652,0,0.0012162534985691,0,0.0035517883952707,0,0.008128928951919
0,0.0008844883413985,0,0.0040431185625493,0,0.0041604912839829,0,0.0055980416946113
0,0.0076470500789582,0,0.0065978616476058,0,0.0172632969915866,0,0.0071592964231967
0,0.0223259031772613,0,0.0371947325766086,0,0.5300614833831787,0,0.0238637011498212
0,0.0189618337899446,0,0.0073658642359077,0,0.0271191205829381,0,0.0177948698401451
0,0.0017219136934727,0,0.000946867687162,0,0.0044070263393223,0,0.0076658749021589
0,0.0027996911667287,0,0.0014403701061382,0,0.0151886632665991,0,0.0028441494796425
0,0.0040689394809305,0,0.0036273852456361,0,0.0025875766295939,0,0.0012370004551485
0,0.0067516723647713,0,0.1704751700162887,0,0.01801623031497,0,0.0125891091302037
0,0.0074061192572116,0,0.0143025377765297,0,0.0380979143083095,0,0.0080537470057606
0,0.0067704212851822,0,0.0593966320157051,0,0.0162408221513032,0,0.003893272485584
0,0.0293719265609979,0,0.0647574290633201,0,0.0240647718310356,0,0.009553013369441
0,0.1666360348463058,0,0.2476126104593277,0,0.0184317044913768,0,0.0431262627243995
0,0.0085765440016984,0,0.0094213029369711,0,0.0074870237149298,0,0.009559191763401
0,0.0012806532904505,0,0.012953438796103,0,0.0206187739968299,0,0.0137183051556348
0,0.0279717352241277,0,0.1343703866004943,0,0.0319851040840148,0,0.1146660447120666
0,0.0087343333289027,0,0.1731507182121276,0,0.110493779182434,0,0.0716545730829238
0,0.004694050643593,0,0.0297851078212261,0,0.0327252112329006,0,0.2388554662466049
0,0.0698201283812522,0,0.0081622144207358,0,0.0180549751967191,0,0.0375437252223491
0,0.0073092966340482,0,0.1401845216751098,0,0.0163582414388656,0,0.0124554820358753
0,0.0047938884235918,0,0.0099103795364499,0,0.022116320207715,0,0.0928103551268577
0,0.0200039558112621,0,0.6435045599937439,0,0.0204183664172887,0,0.0355195254087448
0,0.0128150172531604,0,0.0296668298542499,0,0.0081136533990502,0,0.0124585852026939
0,0.1101344600319862,0,0.0195059739053249,0,0.0440016314387321,0,0.0146795781329274
0,0.1295496076345443,0,0.0135665079578757,0,0.0518996156752109,0,0.0095521640032529
0,0.0192555859684944,0,0.004030036740005,0,0.0337578877806663,0,0.0203918442130088
0,0.0896785929799079,0,0.134339153766632,0,0.0198488477617502,0,0.2607705891132355
0,0.0014733494026586,0,0.0073711480945348,0,0.0092386584728956,0,0.0057883854024112
0,0.0011609679786488,0,0.0049480819143354,0,0.0129178464412689,0,0.0106043852865695
0,0.001927250996232,0,0.008760692551732,0,0.0105039877817034,0,0.0077292937785387
0,0.4357095062732696,0,0.0204965081065893,0,0.0638064667582511,0,0.025552038103342
0,0.0470575131475925,0,0.0402005165815353,0,0.011918862350285,0,0.0684673860669136
1,0.1060437858104705,1,0.0155984098091721,1,0.1871357560157776,1,0.0131022110581398
1,0.0082762110978364,1,0.0185725186020135,1,0.0515628084540367,1,0.007938745431602
1,0.0675967559218406,1,0.1364550590515136,1,0.6610103249549866,1,0.4491601884365082
1,0.2220029979944229,1,0.2007073909044265,1,0.171300783753395,1,0.0357835330069065
1,0.3358856439590454,1,0.0908877402544021,1,0.5742157697677612,1,0.3383258879184723
1,0.1460224390029907,1,0.2872864007949829,1,0.1365079134702682,1,0.8803297877311707
1,0.0162421017885208,1,0.0225762240588665,1,0.009262865409255,1,0.1578929126262664
1,0.0642020478844642,1,0.0958603546023368,1,0.0110012888908386,1,0.4389418065547943
1,0.1897915154695511,1,0.2166948616504669,1,0.0289455130696296,1,0.8294364213943481
1,0.6241048574447632,1,0.6362088322639465,1,0.7838988900184631,1,0.809069037437439
1,0.1856595873832702,1,0.535190999507904,1,0.9579776525497437,1,0.4717077016830444
1,0.7469960451126099,1,0.4190749824047088,1,0.9064753651618958,1,0.7666590809822083
1,0.126770406961441,1,0.084654226899147,1,0.5931179523468018,1,0.1391372233629226
1,0.2297382652759552,1,0.1114480718970298,1,0.0536191388964653,1,0.2642843425273895
1,0.2448099851608276,1,0.2107874304056167,1,0.4115893244743347,1,0.1963506191968917
0,0.0205316338688135,0,0.0172360558062791,0,0.0112237501889467,0,0.0290459413081407
0,0.0216521862894296,0,0.0113323722034692,0,0.0153011223301291,0,0.0302442070096731
0,0.102575197815895,0,0.425437331199646,0,0.6281991600990295,0,0.062723234295845
0,0.0007172710029408,0,0.0011790498392656,0,0.0019734625238925,0,0.0129197919741272
0,0.1365969777107238,0,0.066544197499752,0,0.0398011356592178,0,0.02739093080163
0,0.4903410673141479,0,0.5894954204559326,0,0.6268449425697327,0,0.4374987483024597
0,0.0527365505695343,0,0.0999190434813499,0,0.0782945752143859,0,0.0183415431529283
0,0.7634551525115967,0,0.7182338833808899,0,0.6257254481315613,0,0.665143609046936
0,0.7052533030509949,0,0.7590593695640564,0,0.655284583568573,0,0.5778836607933044
0,0.0732435286045074,0,0.0976324751973152,0,0.0960008427500724,0,0.0327868610620498
0,0.0770357325673103,0,0.0931298285722732,0,0.0937751159071922,0,0.0617192052304744
0,0.4126909077167511,0,0.6403086185455322,0,0.4114734232425689,0,0.2470610439777374
0,0.5847645998001099,0,0.7682499289512634,0,0.7141602039337158,0,0.7011838555335999
0,0.0040341634303331,0,0.0055063334293663,0,0.0061918073333799,0,0.0071002128534018
0,0.0067472895607352,0,0.0057948045432567,0,0.0098851229995489,0,0.0016786307096481
0,0.0067221741192042,0,0.0014584762975573,0,0.0062217167578637,0,0.001539971679449
0,0.0015659149503335,0,0.0185883734375238,0,0.0055524334311485,0,0.0043717552907764
0,0.0060175261460244,0,0.0091799087822437,0,0.0049353335052728,0,0.0434806980192661
0,0.0124495886266231,0,0.0059977765195071,0,0.0085696503520011,0,0.0624842680990695
0,0.0132855586707592,0,0.0047899018973112,0,0.0237067863345146,0,0.0271323658525943
0,0.1792071163654327,0,0.0101806363090872,0,0.1311146765947342,0,0.0867548957467079
0,0.0007608847809024,0,0.0009389123297296,0,0.0006475691916421,0,0.0002595400146674
0,0.0753423422574997,0,0.007721418980509,0,0.0179234370589256,0,0.0238899979740381
0,0.0237935427576303,0,0.0283971838653087,0,0.0047925962135195,0,0.0195497460663318
0,0.0088556874543428,0,0.0069871209561824,0,0.0123290782794356,0,0.0040503195486962
0,0.1097281575202941,0,0.0112285614013671,0,0.0293422155082225,0,0.0346965752542018
0,0.0757098719477653,0,0.0100844344124197,0,0.1572228521108627,0,0.0723679140210151
0,0.0543089881539344,0,0.013213095255196,0,0.0061107506044209,0,0.009702363051474
0,0.0053051952272653,0,0.010608373209834,0,0.0093675386160612,0,0.0087303174659609
0,0.022598972544074,0,0.0096101565286517,0,0.0051696142181754,0,0.0079433321952819
0,0.0032287535723298,0,0.0091757727786898,0,0.0080082044005393,0,0.0057869558222591
0,0.0030193945858627,0,0.003366265213117,0,0.0067000826820731,0,0.0075745806097984
0,0.0464095659554004,0,0.134132370352745,0,0.1194532886147499,0,0.0247412696480751
0,0.0282212793827056,0,0.0095111494883894,0,0.003850643755868,0,0.009962473064661
0,0.0148552935570478,0,0.006769145373255,0,0.0029708461370319,0,0.0049550714902579
0,0.0006926571368239,0,0.0038788199890404,0,0.0258538573980331,0,0.0039346255362033
0,0.3784492313861847,0,0.0327626951038837,0,0.0529790930449962,0,0.0956180244684219
0,0.0063975835219025,0,0.0508322566747665,0,0.0560519471764564,0,0.0139931617304682
0,0.0744179040193557,0,0.1374031007289886,0,0.1097787991166114,0,0.6072511672973633
0,0.0036982500459998,0,0.4413918852806091,0,0.0106973052024841,0,0.0094832945615053
0,0.0016268448671326,0,0.0058211903087794,0,0.0077723236754536,0,0.0096002174541354
0,0.0109479324892163,0,0.0085912905633449,0,0.0138627681881189,0,0.0543968491256237
0,0.0035892613232135,0,0.0038928436115384,0,0.0082656582817435,0,0.0113360285758972
0,0.0013334321556612,0,0.0035181269049644,0,0.0128744635730981,0,0.0034008424263447
0,0.0102533427998423,0,0.0289611481130123,0,0.0305851530283689,0,0.0901313722133636
0,0.0008955175289884,0,0.2172615677118301,0,0.0126553531736135,0,0.009786176495254
0,0.0062274984084069,0,0.096102051436901,0,0.0119716459885239,0,0.0333913192152977
0,0.136416494846344,0,0.0896230563521385,0,0.5535964965820312,0,0.07303087413311
0,0.0080080609768629,0,0.0353645868599414,0,0.0117816841229796,0,0.0961146056652069
0,0.2316298335790634,0,0.0557370074093341,0,0.5981171131134033,0,0.0795353651046752
0,0.3373928368091583,0,0.1256877928972244,0,0.2687511146068573,0,0.0656714588403701
0,0.1517111510038375,0,0.5054594874382019,0,0.8437989354133606,0,0.692350447177887
0,0.4150714576244354,0,0.8588338494300842,0,0.9439165592193604,0,0.807407021522522
0,0.1453413963317871,0,0.5258798599243164,0,0.7894955277442932,0,0.6076250076293945
0,0.0146992821246385,0,0.0044615953229367,0,0.0069225607439875,0,0.0110652819275856
0,0.0112050585448741,0,0.0009804673027247,0,0.0066142147406935,0,0.0035800745245069
0,0.0069990307092666,0,0.0012942559551447,0,0.0084699364379048,0,0.0050554005429148
0,0.0013259925181046,0,0.0049299551174044,0,0.0025896623264998,0,0.0017707287333905
0,0.0327278859913349,0,0.0270285289734601,0,0.0806323140859603,0,0.2354522496461868
0,0.0573608577251434,0,0.024317679926753,0,0.2725500464439392,0,0.4141281545162201
0,0.1855658441781997,0,0.0472094304859638,0,0.209245353937149,0,0.4776267409324646
0,0.0207215100526809,0,0.0191661976277828,0,0.0181330181658267,0,0.08844855427742
0,0.088162861764431,0,0.0341874510049819,0,0.4657354950904846,0,0.1813331544399261
0,0.4614443480968475,0,0.0800255835056305,0,0.3775504529476166,0,0.6525092720985413
0,0.1038485020399093,0,0.0271175745874643,0,0.1152857765555381,0,0.1246348172426223
0,0.0637979507446289,0,0.0897020995616912,0,0.0871201083064079,0,0.2185915857553482
0,0.0902664437890052,0,0.0300224646925926,0,0.0833619832992553,0,0.1582179069519043
0,0.0001398536696797,0,0.0197460297495126,0,0.0024830680340528,0,0.0146067244932055
0,0.001182479201816,0,0.0032008856069296,0,0.0043399888090789,0,0.0040038283914327
0,0.0040478715673089,0,0.0211067497730255,0,0.0079718455672264,0,0.0171177070587873
0,0.0275634694844484,0,0.070106565952301,0,0.0063282502815127,0,0.0367967002093791
0,0.0275761578232049,0,0.0386436805129051,0,0.0107089336961507,0,0.0133018651977181
0,0.0300547573715448,0,0.004800300579518,0,0.0328823700547218,0,0.0292174685746431
0,0.020790871232748,0,0.0054678716696798,0,0.0081033101305365,0,0.0094309067353606
0,0.0351986959576606,0,0.0069087627343833,0,0.0634061992168426,0,0.0561802648007869
0,0.0137869529426097,0,0.0082687074318528,0,0.0332231409847736,0,0.0236422158777713
0,0.0012538179289549,0,0.0012423984007909,0,0.0019200823735445,0,0.0014915450010448
0,0.0010403635678812,0,0.0073925550095736,0,0.0033717278856784,0,0.0067209447734057
0,0.0246621817350387,0,0.4598038494586944,0,0.2937944531440735,0,0.0960764735937118
0,0.0170376654714345,0,0.2968318164348602,0,0.3674101233482361,0,0.0217514634132385
0,0.0023197950795292,0,0.3804499506950378,0,0.1750226616859436,0,0.0094484286382794
0,0.0109182950109243,0,0.043353546410799,0,0.0038907881826162,0,0.014591371640563
0,0.0239492692053318,0,0.0922738313674926,0,0.0130625460296869,0,0.1333926171064376
0,0.007220899220556,0,0.0126841226592659,0,0.0081302551552653,0,0.0069348644465208
0,0.0223131272941827,0,0.0109406812116503,0,0.0123607879504561,0,0.0421790331602096
0,0.0206372030079364,0,0.0081412261351943,0,0.0136237004771828,0,0.0045299003832042
0,0.0475582145154476,0,0.0086360210552811,0,0.0150956660509109,0,0.0101645905524492
0,0.117768108844757,0,0.0495444759726524,0,0.0431989915668964,0,0.0127953253686428
0,0.001845185062848,0,0.005245154723525,0,0.0072586052119731,0,0.0061546452343463
0,0.0029364062938839,0,0.0052714529447257,0,0.0075900596566498,0,0.0030811731703579
0,0.0029526450671255,0,0.0053246156312525,0,0.0145576177164912,0,0.0018263235688209
0,0.0061128623783588,0,0.0080732097849249,0,0.0038356729783117,0,0.0045984429307281
0,0.0040506119839847,0,0.0082535026594996,0,0.0074528013356029,0,0.0078224409371614
0,0.0213421955704689,0,0.007008021697402,0,0.0356443673372268,0,0.0287785958498716
0,0.0215177070349454,0,0.0043274317868053,0,0.0336878187954425,0,0.0231804195791482
0,0.0065399459563195,0,0.0048318374902009,0,0.0174254458397626,0,0.0246697720140218
0,0.0036271943245083,0,0.0035393538419157,0,0.0043269391171634,0,0.0028774584643542
0,0.1091209575533866,0,0.1040883958339691,0,0.1415988057851791,0,0.1409152597188949
0,0.1472840011119842,0,0.1656631231307983,0,0.1395172178745269,0,0.3092269897460937
0,0.2386087626218795,0,0.1470842361450195,0,0.1567745208740234,0,0.1494330018758773
0,0.0015658172778785,0,0.0072758230380713,0,0.005369990132749,0,0.0293945595622062
0,0.0629816651344299,0,0.0171395670622587,0,0.012925935909152,0,0.1773262023925781
0,0.0010474858572706,0,0.0027147182263433,0,0.0045794146135449,0,0.0008403931278735
0,0.1197260692715644,0,0.1768638640642166,0,0.1892365366220474,0,0.1267188787460327
0,0.0022412785328924,0,0.0156578198075294,0,0.007270558271557,0,0.0475604757666587
0,0.0828753933310508,0,0.0438702926039695,0,0.0155987655743956,0,0.4522420167922973
0,0.0360593944787979,0,0.0124851949512958,0,0.0113424323499202,0,0.0098205506801605
0,0.096132144331932,0,0.0885409638285636,0,0.0355122573673725,0,0.0776115804910659
0,0.0008810212602838,0,0.0072669186629354,0,0.0049968142993748,0,0.0222275890409946
0,0.00820067897439,0,0.0246953982859849,0,0.0017629620851948,0,0.0570460520684719
0,0.0006856572581455,0,0.0009841721039265,0,0.0032753383275121,0,0.0009402251453138
0,0.0116427186876535,0,0.0070038982667028,0,0.0221261344850063,0,0.0370566695928573
0,0.1024586707353591,0,0.0192030165344476,0,0.2168099135160446,0,0.5937783122062683
0,0.4177387952804565,0,0.7467201352119446,0,0.8473308086395264,0,0.5872199535369873
0,0.0060469601303339,0,0.0069080106914043,0,0.0050963619723916,0,0.0150024835020303
0,0.0071326242759823,0,0.0045910119079053,0,0.0039130016230046,0,0.0109416143968701
0,0.0831879824399948,0,0.3551627695560455,0,0.5693650841712952,0,0.2496062219142913
0,0.0010123135289177,0,0.0046325381845235,0,0.0019399593584239,0,0.0037591371219605
0,0.0148944659158587,0,0.0053294217213988,0,0.0292112063616514,0,0.0721775442361831
0,0.0025229922030121,0,0.0147398840636014,0,0.0101105635985732,0,0.0110729122534394
0,0.0860129967331886,0,0.2023187130689621,0,0.5936641693115234,0,0.2308041900396347
0,0.0067094541154801,0,0.0209194105118513,0,0.0143907265737652,0,0.0300656855106353
0,0.063276931643486,0,0.1391534805297851,0,0.6022852063179016,0,0.1505186259746551
0,0.2000219821929931,0,0.4099515080451965,0,0.7199430465698242,0,0.3119518160820007
0,0.0018578581511974,0,0.0075418823398649,0,0.0040101143531501,0,0.0050462018698453
0,0.144235149025917,0,0.0685032978653907,0,0.044335950165987,0,0.031064486131072
0,0.0017674873815849,0,0.0080435601994395,0,0.0015118438750505,0,0.0003720402892213
0,0.0018021075520664,0,0.0029625217430293,0,0.0019787682686001,0,0.0110999820753932
0,0.0025964514352381,0,0.032324943691492,0,0.0651967450976371,0,0.0053043700754642
0,0.0092010200023651,0,0.0132771916687488,0,0.0260766185820102,0,0.0186659675091505
0,0.001524152001366,0,0.0027881888672709,0,0.0025782431475818,0,0.0105513259768486
0,0.0053625353612005,0,0.0049254540354013,0,0.0006992085836827,0,0.0010066148824989
0,0.0011174556566402,0,0.0073242895305156,0,0.0009837835095822,0,0.0015919943107292
0,0.0059619615785777,0,0.0206760186702013,0,0.0401310138404369,0,0.0071360794827342
0,0.0111865932121872,0,0.0115844095125794,0,0.0240060873329639,0,0.0083702988922595
0,0.0184017587453126,0,0.0213315933942794,0,0.0011360255302861,0,0.0005028395098634
0,0.0005195363191887,0,0.0043718358501791,0,0.0042539993301033,0,0.0164704527705907
0,0.0010380226885899,0,0.0057970164343714,0,0.0023006706032902,0,0.0072307023219764
0,0.0038700636941939,0,0.0120860310271382,0,0.0082509275525808,0,0.0038061335217207
0,0.0100346943363547,0,0.0341306515038013,0,0.0213346760720014,0,0.0124314744025468
0,0.0083882352337241,0,0.0051666083745658,0,0.0061697317287325,0,0.0117688653990626
0,0.0026920225936919,0,0.0033729011192917,0,0.0046220268122851,0,0.0095543935894966
0,0.0063087120652198,0,0.0150031168013811,0,0.0069243242032825,0,0.0158918127417564
0,0.0341381803154945,0,0.1794683933258056,0,0.0227850060909986,0,0.0202409550547599
0,0.3657481968402862,0,0.4614637494087219,0,0.3525154888629913,0,0.2240296155214309
0,0.2515989243984222,0,0.1802140176296234,0,0.6752516627311707,0,0.4065234363079071
0,0.0146038280799984,0,0.0567469671368598,0,0.0269004367291927,0,0.0323870070278644
0,0.3033103048801422,0,0.0773734375834465,0,0.0235873498022556,0,0.0092960810288786
0,0.0687644407153129,0,0.0861482694745063,0,0.1093107685446739,0,0.2386016249656677
0,0.0101786572486162,0,0.0054012052714824,0,0.0156384892761707,0,0.0077947392128407
0,0.0173444710671901,0,0.0614100880920887,0,0.0115641541779041,0,0.0396888442337513
0,0.0270954295992851,0,0.0150367952883243,0,0.0065791890956461,0,0.0120644085109233
0,0.0049546319060027,0,0.0109602594748139,0,0.010601039044559,0,0.0168814770877361
0,0.0082176215946674,0,0.0096164029091596,0,0.0593127161264419,0,0.014243827201426
0,0.0051424982957541,0,0.0236475989222526,0,0.0159516725689172,0,0.0116937356069684
0,0.0048156976699829,0,0.0020307986997067,0,0.0227326098829507,0,0.0205527301877737
0,0.0236040968447923,0,0.1134165599942207,0,0.1049474328756332,0,0.3770225048065185
0,0.044828362762928,0,0.0865885317325592,0,0.0362086482346057,0,0.1080397590994834
0,0.0542585104703903,0,0.0647069364786148,0,0.0821031108498573,0,0.0990626588463783
0,0.0272622611373662,0,0.2465754151344299,0,0.0276923459023237,0,0.168159931898117
0,0.0788120031356811,0,0.546885073184967,0,0.4307976961135864,0,0.4418011307716369
0,0.0109654292464256,0,0.0041655912064015,0,0.0830355286598205,0,0.1508831232786178
0,0.0010896308813244,0,0.003271406982094,0,0.0049886559136211,0,0.0017203807365149
0,0.0111014423891901,0,0.0073493286035954,0,0.0347018241882324,0,0.1280448287725448
0,0.0877975448966026,0,0.01338108535856,0,0.0372117012739181,0,0.0021875228267163
0,0.0016073213191702,0,0.004811898805201,0,0.0063381134532392,0,0.0014010586310178
0,0.0863823741674423,0,0.0307672452181577,0,0.0291393585503101,0,0.0633661746978759
0,0.034086350351572,0,0.0135332429781556,0,0.0181481204926967,0,0.0027851148042827
0,0.0007481969078071,0,0.0025290246121585,0,0.0025650397874414,0,0.0012215692549943
0,0.0406626239418983,0,0.0136730885133147,0,0.4868958592414856,0,0.0179298594594001
0,0.0163263529539108,0,0.0261582247912883,0,0.0275713372975587,0,0.0396135337650775
0,0.0013292100047692,0,0.0018311744788661,0,0.0049874824471771,0,0.0032592352945357
0,0.004087699111551,0,0.0473335199058055,0,0.0118332263082265,0,0.0317946448922157
0,0.044288869947195,0,0.0552117004990577,0,0.0429205447435379,0,0.0575631372630596
0,0.4105867743492126,0,0.1444429904222488,0,0.2141973227262497,0,0.3469476997852325
0,0.0817821472883224,0,0.0881759524345398,0,0.0714404881000518,0,0.0568716786801815
0,0.0536072254180908,0,0.127859890460968,0,0.1800541430711746,0,0.0953186452388763
0,0.0026418613269925,0,0.0294626057147979,0,0.0073162200860679,0,0.0213162899017334
0,0.1098120138049125,0,0.2088092416524887,0,0.2020061165094375,0,0.0360137708485126
0,0.0043929391540586,0,0.0024968418292701,0,0.0114770336076617,0,0.0113461166620254
0,0.0055288872681558,0,0.0027956524863839,0,0.0227622166275978,0,0.031568057835102
0,0.0015743925468996,0,0.0428720414638519,0,0.0168562419712543,0,0.0085092987865209
0,0.0112782754004001,0,0.0020434549078345,0,0.1970655918121338,0,0.2346815317869186
0,0.0087632220238447,0,0.0036835260689258,0,0.0333220995962619,0,0.0044183088466525
0,0.0826330631971359,0,0.0175297725945711,0,0.0156666114926338,0,0.0104467431083321
0,0.0274487826973199,0,0.0260878223925828,0,0.0043599247001111,0,0.0042691668495535
0,0.0711301192641258,0,0.0224568583071231,0,0.0972533673048019,0,0.051182322204113
0,0.1193481609225273,0,0.024442683905363,0,0.0167381409555673,0,0.0237335357815027
0,0.320119172334671,0,0.3946771919727325,0,0.7590826153755188,0,0.3468391299247741
0,0.2330406010150909,0,0.3025974333286285,0,0.1008449792861938,0,0.3925984799861908
0,0.0441577211022377,0,0.0301841367036104,0,0.0450143553316593,0,0.0399058945477008
0,0.008545259013772,0,0.0470815896987915,0,0.0330021567642688,0,0.0290151890367269
0,0.6168787479400635,0,0.1272972971200943,0,0.0690542161464691,0,0.0416902303695678
0,0.0337742082774639,0,0.0249140318483114,0,0.0096013592556118,0,0.0587470456957817
0,0.5301933884620667,0,0.0477392226457595,0,0.0653459057211875,0,0.064048632979393
0,0.0026319830212742,0,0.0040002004243433,0,0.0067194206640124,0,0.0060097449459135
0,0.0047888676635921,0,0.2229787856340408,0,0.7083126902580261,0,0.4664295315742492
0,0.0012770808534696,0,0.0029164568986743,0,0.0095958653837442,0,0.0034284584689885
0,0.0054675373248755,0,0.1013907268643379,0,0.7125705480575562,0,0.4574505686759949
0,0.0010126261040568,0,0.0036624383646994,0,0.0044846469536423,0,0.0060357907786965
0,0.0151178929954767,0,0.0117977103218436,0,0.005170009098947,0,0.0026657853741198
0,0.0081233093515038,0,0.0054361005313694,0,0.0121735697612166,0,0.0331682525575161
0,0.0023944780696183,0,0.0037778676487505,0,0.0021378155797719,0,0.0035557716619223
0,0.0238076504319906,0,0.0056624128483235,0,0.0121008362621068,0,0.0512210428714752
0,0.0250919349491596,0,0.0057324911467731,0,0.0149248670786619,0,0.0613138452172279
0,0.0104637229815125,0,0.0386833734810352,0,0.0409563221037387,0,0.027315242215991
0,0.0004330019874032,0,0.0037778280675411,0,0.0026947315782308,0,0.0579755157232284
0,0.0209551807492971,0,0.0987762585282325,0,0.4609600007534027,0,0.0504401065409183
0,0.0003507457440719,0,0.0092257261276245,0,0.0028845155611634,0,0.028965525329113
0,0.0064210533164441,0,0.0080583281815052,0,0.0059882891364395,0,0.0022131262812763
0,0.0183318257331848,0,0.0113044874742627,0,0.0033017506357282,0,0.0031661354005336
0,0.0494071133434772,0,0.3259412050247192,0,0.1099700778722763,0,0.1850360929965973
0,0.0515844337642192,0,0.0114393383264541,0,0.0042115543037652,0,0.0039499592967331
0,0.0708807408809661,0,0.2394239604473114,0,0.1875778138637542,0,0.1008872538805008
0,0.0208706427365541,0,0.0155066112056374,0,0.004247810691595,0,0.0041957939974963
0,0.0416736118495464,0,0.4818672835826874,0,0.0933980047702789,0,0.1810022294521331
0,0.3555571734905243,0,0.4686626493930816,0,0.6317566633224487,0,0.5814111232757568
0,0.0017123111756518,0,0.0053752674721181,0,0.0047679878771305,0,0.0504425875842571
0,0.0008584914612583,0,0.0066347299143671,0,0.0019963022787123,0,0.0034508840180933
0,0.000593215750996,0,0.0074457293376326,0,0.0034102026838809,0,0.0024129818193614
0,0.0034625560510903,0,0.0059543759562075,0,0.0010787438368424,0,0.0017598021076992
0,0.0018410664051771,0,0.0346853695809841,0,0.0029684249311685,0,0.0065629030577838
