fold_1_labels,fold_1_predictions,fold_2_labels,fold_2_predictions,fold_3_labels,fold_3_predictions,fold_4_labels,fold_4_predictions
1,0.4754712581634521,1,0.6829978227615356,1,0.7529014348983765,1,0.5225635766983032
1,0.8200283646583557,1,0.9565332531929016,1,0.677754819393158,1,0.0411616005003452
1,0.1213903874158859,1,0.1825527995824813,1,0.9383169412612916,1,0.017257384955883
1,0.0954971686005592,1,0.0220059473067522,1,0.0132279554381966,1,0.0059469295665621
1,0.0576459690928459,1,0.3740414381027221,1,0.9435845017433168,1,0.1226949095726013
1,0.6516817808151245,1,0.2625263929367065,1,0.0329729057848453,1,0.108469434082508
1,0.0799528434872627,1,0.1276426911354065,1,0.9810971021652222,1,0.3495729565620422
1,0.1351286768913269,1,0.2652743458747864,1,0.2836198508739471,1,0.0875182300806045
1,0.3072429299354553,1,0.949170470237732,1,0.3125286102294922,1,0.1443771719932556
1,0.3383019864559173,1,0.983888864517212,1,0.2592538595199585,1,0.033862929791212
1,0.1795529723167419,1,0.8778776526451111,1,0.2543832063674927,1,0.0185681320726871
1,0.7470836043357849,1,0.908545196056366,1,0.9849875569343568,1,0.415399432182312
1,0.5636236071586609,1,0.0078437263146042,1,0.0270211212337017,1,0.1892103403806686
1,0.0992519855499267,1,0.0217386465519666,1,0.0002445884165354,1,0.0055038919672369
1,0.681037425994873,1,0.2293127179145813,1,0.2586747109889984,1,0.0190655887126922
1,0.7542418241500854,1,0.6051051020622253,1,0.7781279683113098,1,0.0231155343353748
1,0.9408999681472778,1,0.9925382733345032,1,0.9773281812667848,1,0.998729169368744
1,0.5181422233581543,1,0.0205407217144966,1,0.6515094041824341,1,0.024375082924962
1,0.9892099499702454,1,0.9098907113075256,1,0.9824428558349608,1,0.9043330550193788
1,0.2735204100608825,1,0.3603905439376831,1,0.419721782207489,1,0.0513677969574928
1,0.2177219688892364,1,0.5810443162918091,1,0.5360422134399414,1,0.0517166964709758
0,0.0584218613803386,0,0.0005232752300798,0,0.0058728978037834,0,0.0002473745844326
0,0.0022757439874112,0,0.0009311473695561,0,0.0589747428894043,0,0.000546556955669
0,0.031108958646655,0,0.0340313799679279,0,0.0032380016054958,0,0.000970987137407
0,0.002124541439116,0,0.0003374967491254,0,0.0084244776517152,0,0.0011506747687235
0,0.0339566394686698,0,0.0199563093483448,0,0.004453879315406,0,0.0024225886445492
0,0.00267876801081,0,0.0011967858299613,0,0.010178392753005,0,0.0010796829592436
0,0.040016371756792,0,0.005034732632339,0,0.0019197354558855,0,0.0016289342893287
0,0.0187822561711072,0,0.0003316872462164,0,0.0058294418267905,0,0.0017278379527851
0,0.0249624047428369,0,0.0006168184336274,0,0.1581505686044693,0,0.0112005537375807
0,0.1271273344755172,0,0.001986923161894,0,0.0064118332229554,0,0.0571610443294048
0,0.0078340768814086,0,0.0006743954727426,0,0.0032289405353367,0,9.603553917258978e-05
0,0.00149547168985,0,0.001982741523534,0,0.0003082681214436,0,9.433911327505484e-05
0,0.2769733369350433,0,0.0019326258916407,0,0.0017113741487264,0,0.0056377341970801
0,0.0014725589426234,0,0.000646604981739,0,0.0003678956127259,0,0.0005226869834586
0,0.0428954437375068,0,0.6234105825424194,0,0.0252924747765064,0,0.0037925438955426
0,0.0749303102493286,0,0.0312711857259273,0,0.0291968844830989,0,0.0173991192132234
0,0.0042249904945492,0,0.0008345862734131,0,0.0176236554980278,0,0.0110014555975794
0,0.0169032607227563,0,0.0025162701494991,0,0.0038660615682601,0,0.0056717796251177
0,0.0243753101676702,0,0.1127964854240417,0,0.0041072056628763,0,0.0067525035701692
0,0.0157158896327018,0,0.0064797238446772,0,0.0026768413372337,0,0.0006160649354569
0,0.0313148684799671,0,0.4108572006225586,0,0.0550022386014461,0,0.0014050377067178
0,0.0542315058410167,0,0.0027114204131066,0,0.0158920530229806,0,0.0102479625493288
0,0.0845808759331703,0,0.012570871040225,0,0.0191019028425216,0,0.0120722874999046
0,0.0386426895856857,0,0.02400853484869,0,0.0078326612710952,0,0.006053767632693
0,0.0913944169878959,0,0.4688735902309418,0,0.876586377620697,0,0.047285433858633
0,0.6747562289237976,0,0.4708002507686615,0,0.0178483799099922,0,0.1728115826845169
0,0.0665813237428665,0,0.0170214287936687,0,0.023852415382862,0,0.0061233644373714
0,0.0327968411147594,0,0.0029437500052154,0,0.0396172180771827,0,0.0126782236620783
0,0.172026127576828,0,0.6451361179351807,0,0.9415768384933472,0,0.0186584237962961
0,0.7385997772216797,0,0.1487609595060348,0,0.0240375734865665,0,0.0886913686990737
0,0.0867707952857017,0,0.0067677409388124,0,0.056966982781887,0,0.0197139382362365
0,0.0049597830511629,0,0.002100620418787,0,0.0037939168978482,0,0.0007567190914414
0,0.1216794699430465,0,0.4864509403705597,0,0.9319398999214172,0,0.0136883771046996
0,0.8927441835403442,0,0.1879477649927139,0,0.0487063117325305,0,0.4677621722221374
0,0.0408317893743515,0,0.0048762462101876,0,0.0276942979544401,0,0.0054990029893815
0,0.0369993112981319,0,0.0024622527416795,0,0.0092271044850349,0,0.0009436147520318
0,0.0064920117147266,0,0.0021252047736197,0,0.0374229587614536,0,0.0005221967003308
0,0.0181466061621904,0,0.0200563706457614,0,0.0018001161515712,0,0.0016790941590443
0,0.0287303756922483,0,0.0179375018924474,0,0.1468379199504852,0,0.0085882451385259
0,0.0238054171204566,0,0.2517289221286773,0,0.5382329225540161,0,0.0030968161299824
0,0.0070962603203952,0,0.0015069073997437,0,0.0237792860716581,0,0.0007221261039376
0,0.0055711874738335,0,0.0035531744360923,0,0.0114040682092309,0,0.0021338204387575
0,0.0029076030477881,0,0.0039220708422362,0,0.0055333250202238,0,0.0037802460137754
0,0.0066201705485582,0,0.0031847397331148,0,0.0120139420032501,0,0.0004994262708351
0,0.0076934155076742,0,0.0018417106475681,0,0.0020242347382009,0,0.0034481629263609
0,0.0050061619840562,0,0.0008631742675788,0,0.0065075675956904,0,0.0005427718278951
0,0.0262513011693954,0,0.0014916721265763,0,0.0036858613602817,0,0.0032318669836968
0,0.1200940832495689,0,0.4456836283206939,0,0.2644670307636261,0,0.0730051770806312
0,0.7410513758659363,0,0.641462504863739,0,0.6163997650146484,0,0.1104554831981659
0,0.0972589626908302,0,0.4759527444839477,0,0.0134290307760238,0,0.0025113464798778
0,0.0030398895032703,0,0.0217661038041114,0,0.0021312423050403,0,0.0017632673261687
0,0.9617209434509276,0,0.9760894179344176,0,0.9883753061294556,0,0.9491209387779236
0,0.0125181432813405,0,0.0005696580628864,0,0.0067802756093442,0,0.0029747723601758
0,0.0023400557693094,0,0.0003028041683137,0,0.0007313967216759,0,0.000298124650726
0,0.0251623801887035,0,0.0184866860508918,0,0.0176513567566871,0,0.0186403021216392
0,0.0167848914861679,0,0.0024922061711549,0,0.0033288830891251,0,0.0051288600079715
0,0.0015209523262456,0,0.0003319716197438,0,0.0002388842403888,0,0.0001636446540942
0,0.0101170698180794,0,0.0030699567869305,0,0.0835624411702156,0,0.011039731092751
0,0.0221899859607219,0,0.0014054867206141,0,0.0106345806270837,0,0.0135276867076754
0,0.0023159952834248,0,0.0003931385290343,0,0.0004484025703277,0,0.0002800264337565
0,0.0094384113326668,0,0.0019556696061044,0,0.0051058144308626,0,0.0016119782812893
0,0.0810945481061935,0,0.0538989380002021,0,0.004484957549721,0,0.0016128087881952
0,0.0119720129296183,0,0.0023009672295302,0,0.0039466940797865,0,0.0017075195210054
0,0.003373157698661,0,0.0022821496240794,0,0.0050620920956134,0,0.0207652077078819
0,0.0015347383450716,0,0.0006504605989903,0,0.001048132777214,0,6.440842116717249e-05
0,0.0025900811888277,0,0.0013221558183431,0,0.0005029857275076,0,0.0019388765795156
0,0.0027182642370462,0,0.0022396349813789,0,0.0008425724809058,0,0.0014574169181287
0,0.0025798364076763,0,0.0019045495428144,0,0.0009447464253753,0,0.001136643695645
0,0.1167395859956741,0,0.0363680981099605,0,0.5646775364875793,0,0.0108000691980123
0,0.0966436117887497,0,0.0402358882129192,0,0.2370276600122451,0,0.0095569295808672
0,0.1619329899549484,0,0.1240493804216384,0,0.0478743650019168,0,0.0029543805867433
0,0.1561134606599807,0,0.0965873971581459,0,0.0518107637763023,0,0.0284335501492023
0,0.3292961716651916,0,0.1020218282938003,0,0.0326058566570282,0,0.0048991781659424
0,0.00268767750822,0,0.0056191836483776,0,0.0019948615226894,0,0.0001711421355139
0,0.0275792274624109,0,0.0013236639788374,0,0.0013069198466837,0,0.00060252728872
0,0.0439918525516986,0,0.0015233532758429,0,0.0152450427412986,0,0.0007014618022367
0,0.1843017786741256,0,0.0041904933750629,0,0.1170936003327369,0,0.0383195169270038
0,0.0172934476286172,0,0.0079879602417349,0,0.0037589352577924,0,0.0177145469933748
0,0.0025977508630603,0,0.0002887724258471,0,0.002997194416821,0,3.564272265066393e-05
0,0.0100593324750661,0,0.0019891501870006,0,0.0007899735937826,0,0.0008564786403439
0,0.0089736869558691,0,0.0018171628471463,0,0.0062800887972116,0,0.0001311110245296
0,0.0061703659594058,0,0.0013859007740393,0,0.000329338829033,0,9.33014089241624e-05
0,0.0073297978378832,0,0.0030797249637544,0,0.0155737241730093,0,0.0003267377906013
0,0.0006282032700255,0,0.0003497900615911,0,0.0001494996104156,0,0.0001594335481058
0,0.0038559057284146,0,0.0010066005634143,0,0.000209157122299,0,0.0001305597252212
0,0.0310455467551946,0,0.0009529559174552,0,0.0017006940906867,0,0.0008132333168759
0,0.0147723741829395,0,0.0020565767772495,0,0.0297146085649728,0,0.0003915144479833
0,0.0777067318558693,0,0.0062416763976216,0,0.0045271897688508,0,0.0616662204265594
0,0.1430275291204452,0,0.1384402960538864,0,0.0921072140336036,0,0.0018586260266602
0,0.0213951133191585,0,0.0029722447507083,0,0.0258625485002994,0,0.0428748913109302
0,0.092672623693943,0,0.4469541907310486,0,0.6992998123168945,0,0.0639411881566047
0,0.0329119935631752,0,0.0090820416808128,0,0.0648493021726608,0,0.0209658052772283
0,0.0153406225144863,0,0.0035799231845885,0,0.0863988474011421,0,0.0017370682908222
0,0.0112287942320108,0,0.0064514940604567,0,0.0606571771204471,0,0.002241356531158
0,0.0073233605362474,0,0.0003459032159298,0,0.0035636941902339,0,0.0017043736297637
0,0.2408437728881836,0,0.0164646990597248,0,0.6766235828399658,0,0.2055712193250656
0,0.1451523751020431,0,0.0698706731200218,0,0.194017544388771,0,0.6381961107254028
0,0.2851718664169311,0,0.00929522421211,0,0.0326022878289222,0,0.7359511256217957
0,0.1167444214224815,0,0.0086906310170888,0,0.0332818776369094,0,0.0031687072478234
0,0.131768062710762,0,0.0017123217694461,0,0.0036039385013282,0,0.0169717315584421
0,0.0206055045127868,0,0.003754373639822,0,0.0022846478968858,0,0.0008974444936029
0,0.0434484034776687,0,0.0017766943201422,0,0.0015170100377872,0,0.0069508189335465
0,0.0388772673904895,0,0.0024160130415111,0,0.001979446504265,0,0.0083504458889365
0,0.1402307003736496,0,0.0033632735721766,0,0.0012788932071998,0,0.0016591286985203
0,0.0048129744827747,0,0.0018372173653915,0,0.0001933047460624,0,0.0001721913722576
0,0.0122178820893168,0,0.0010070916032418,0,0.0011014956980943,0,0.0016327953198924
0,0.1924008131027221,0,0.2449928969144821,0,0.1858551353216171,0,0.0070943054743111
0,0.0401646681129932,0,0.051061276346445,0,0.2434502989053726,0,0.0239907708019018
0,0.0178567990660667,0,0.4398856461048126,0,0.0034571276046335,0,0.1267285048961639
0,0.0018450560746714,0,0.0002236661530332,0,0.0006078690639697,0,5.943997894064523e-05
0,0.0019774860702455,0,0.0005875895149074,0,0.000612493022345,0,3.09733695758041e-05
0,0.0022762711159884,0,0.0032190002966672,0,0.0002577445702627,0,0.0012124325148761
0,0.001388190081343,0,0.0003110155521426,0,0.0005306071834638,0,7.108315912773833e-05
0,0.0029448994901031,0,0.0020930832251906,0,0.0006831552600488,0,0.0003919835144188
0,0.1800549030303955,0,0.0870556831359863,0,0.0809544697403907,0,0.0073031615465879
0,0.0474127121269702,0,0.0101545145735144,0,0.0025776447728276,0,0.001194427954033
0,0.0059981970116496,0,0.0017084015998989,0,0.0028152286540716,0,0.0002124264428857
0,0.0115700308233499,0,0.0027571921236813,0,0.0030298521742224,0,0.001003133947961
0,0.0262995213270187,0,0.0016482443315908,0,0.0665370523929596,0,0.0009210342541337
0,0.0090428041294217,0,0.0128319738432765,0,0.0049692522734403,0,0.0073023941367864
0,0.0084925638511776,0,0.0035779371391981,0,0.000920410035178,0,0.0005027028964832
0,0.0020978874526917,0,0.0005306311650201,0,0.0009668974671512,0,0.0004113962349947
0,0.1919081062078476,0,0.0066911545582115,0,0.0047762305475771,0,0.0105090588331222
0,0.015185497701168,0,0.0010618495289236,0,0.0008105244487524,0,0.0002812022576108
0,0.0323190726339817,0,0.0030898610129952,0,0.0005511718918569,0,0.0017473275074735
0,0.0035696404520422,0,0.0025994267780333,0,0.0009979212190955,0,0.0001345101482002
0,0.0060006086714565,0,0.0008397038909606,0,0.0002933675132226,0,0.0049659595824778
0,0.0069448798894882,0,0.0017684652702882,0,0.0011607076739892,0,0.0010509036947041
0,0.0056478264741599,0,0.0007392241386696,0,0.0003503445768728,0,0.0002387519343756
0,0.0300495941191911,0,0.0033374871127307,0,0.001586718019098,0,0.0037096152082085
0,0.0020437245257198,0,0.0036655608564615,0,0.0011728605022653,0,7.151633326429874e-05
0,0.1894194334745407,0,0.0475321263074874,0,0.0174833200871944,0,0.0148713728412985
0,0.0534757375717163,0,0.0662275627255439,0,0.0741749703884124,0,0.1084205731749534
0,0.226413756608963,0,0.0204655136913061,0,0.0347788482904434,0,0.1021528095006942
0,0.0087197879329323,0,0.0016227886080741,0,0.0020623980090022,0,0.0020548973698168
0,0.0076697887852787,0,0.0049066161736845,0,0.00275744125247,0,0.0167253222316503
0,0.0190710257738828,0,0.0227119978517293,0,0.1836578249931335,0,0.0553582347929477
0,0.1600481569766998,0,0.2804780006408691,0,0.2507948577404022,0,0.0053112073801457
0,0.0036299338098615,0,0.0007853354909457,0,0.0574247650802135,0,0.0050761075690388
0,0.0095225255936384,0,0.0058392188511788,0,0.0008391547598876,0,0.023880448192358
0,0.063570812344551,0,0.1310886293649673,0,0.002177141373977,0,0.0095820669084787
0,0.0117884306237101,0,0.0039065172895789,0,0.0011713843559846,0,0.0042201583273708
0,0.0101475585252046,0,0.0027812516782432,0,0.0012460082070901,0,0.011570194736123
0,0.034457441419363,0,0.0071015399880707,0,0.1516326665878296,0,0.0023950906470417
0,0.0773330107331276,0,0.0022524301894009,0,0.0118552930653095,0,0.0006897006533108
0,0.0699171721935272,0,0.0021843963768333,0,0.0210504401475191,0,0.0025164796970784
0,0.6011876463890076,0,0.4103475213050842,0,0.4763675630092621,0,0.1696196347475052
0,0.0094076860696077,0,0.001803983701393,0,0.0029804401565343,0,0.0016814515693113
0,0.0215968806296587,0,0.0076096788980066,0,0.0162605717778205,0,0.0050484430976212
0,0.0114980200305581,0,0.0006827484467066,0,0.0046421298757195,0,0.0024474521633237
0,0.0092795398086309,0,0.0015202168142423,0,0.0137377316132187,0,0.0008096185629256
0,0.5255829095840454,0,0.3646357655525207,0,0.2227373123168945,0,0.0015738094225525
0,0.6739961504936218,0,0.2898606956005096,0,0.5296879410743713,0,0.0021753769833594
0,0.71268230676651,0,0.1138137131929397,0,0.7723144888877869,0,0.0046636392362415
0,0.0076089366339147,0,0.0030962391756474,0,0.0031715489458292,0,0.0013221469707787
0,0.0084938360378146,0,0.0009867995977401,0,0.0063723474740982,0,0.0029093741904944
0,0.0111699700355529,0,0.0029483526013791,0,0.004686557687819,0,0.0012650507269427
0,0.5933319926261902,0,0.003322904696688,0,0.0122425146400928,0,0.1597800254821777
0,0.0023807859979569,0,0.022603677585721,0,0.0011900477111339,0,0.0001596800138941
0,0.0975316166877746,0,0.0740899518132209,0,0.0034385921899229,0,0.0002173924294766
0,0.0024310874287039,0,4.80553753732238e-05,0,7.129755249479786e-05,0,0.0006561439367942
0,0.0034647451248019,0,0.0186673887073993,0,0.0039975526742637,0,0.0001276210969081
0,0.0178455617278814,0,0.0016795778647065,0,0.0007563391700387,0,0.0002731002168729
0,0.0090486900880932,0,0.0004501842486206,0,0.0003482823667582,0,0.0030368908774107
0,0.0028422109317034,0,0.0182159692049026,0,0.0008386728004552,0,0.0001784878259059
0,0.0068067195825278,0,0.0023251450620591,0,0.0004314624529797,0,4.655304292100482e-05
0,0.0043023219332098,0,0.0003955391875933,0,0.0005083401338197,0,0.0035816566087305
0,0.3394832611083984,0,0.00897918920964,0,0.788634717464447,0,0.0069450745359063
0,0.2177935987710952,0,0.0083114774897694,0,0.2098868042230606,0,0.0037284847348928
0,0.1933187544345855,0,0.0015577941667288,0,0.1758271753787994,0,0.003088699420914
0,0.4346203804016113,0,0.0298354718834161,0,0.0418650321662426,0,0.0120930513367056
0,0.0015281905652955,0,0.0010511196451261,0,0.0011765043018385,0,0.0002403432008577
0,0.0256066489964723,0,0.0200273562222719,0,0.0524465441703796,0,0.0025815046392381
0,0.1448077112436294,0,0.0592054314911365,0,0.2201132625341415,0,0.003842027625069
0,0.0195113979279994,0,0.0006523765041492,0,0.0128317382186651,0,0.0030694501474499
0,0.054244365543127,0,0.0538945160806179,0,0.03451519459486,0,0.0043156407773494
0,0.3345067203044891,0,0.2562595009803772,0,0.3799842298030853,0,0.133331149816513
0,0.035521600395441,0,0.0103731146082282,0,0.0031900622416287,0,0.0017595256213098
0,0.0474319458007812,0,0.0037774064112454,0,0.0065827770158648,0,0.0262124296277761
0,0.0589907430112361,0,0.0584991052746772,0,0.014212280511856,0,0.005803701467812
0,0.0914426743984222,0,0.0015788150485605,0,0.0572426803410053,0,0.002207705983892
0,0.1217351555824279,0,0.003945511765778,0,0.1397729516029358,0,0.0025669180322438
0,0.0792974680662155,0,0.0016361324815079,0,0.1815454363822937,0,0.001874434412457
0,0.0268474705517292,0,0.0007399895694106,0,0.0038283732719719,0,0.000403518875828
0,0.0863941833376884,0,0.0491157174110412,0,0.1045585721731185,0,0.0092163989320397
0,0.0269998051226139,0,0.0011288352543488,0,0.0062633249908685,0,0.0007632988272234
0,0.0066001121886074,0,0.0061943670734763,0,0.000287854578346,0,0.0024396530352532
0,0.034375287592411,0,0.0044099688529968,0,0.0087884040549397,0,0.000106056642835
0,0.1957361549139022,0,0.0012853275984525,0,0.0009510942036285,0,0.0400122143328189
0,0.0014247443759813,0,0.0013277806574478,0,0.0027069058269262,0,0.000529394717887
0,0.1737111359834671,0,0.0020054432097822,0,0.0215544532984495,0,0.0284400843083858
0,0.0066526075825095,0,0.0002348118723602,0,0.0002627518551889,0,0.0002801115915644
0,0.0112470258027315,0,0.0003209083515685,0,0.0005518870893865,0,0.0004696314281318
0,0.0017202752642333,0,0.0065975524485111,0,0.0013115702895447,0,0.0009332706104032
0,0.0056849741376936,0,0.0002302558714291,0,0.0004681303398683,0,0.0002166576305171
0,0.003316844580695,0,0.0236382465809583,0,0.0060347518883645,0,0.0013019193429499
0,0.1567043513059616,0,0.0273265838623046,0,0.0011447160504758,0,0.0006686147535219
0,0.5412686467170715,0,0.0382765047252178,0,0.5872800946235657,0,0.0341898128390312
0,0.4012700915336609,0,0.0332225561141967,0,0.82513827085495,0,0.0356040857732296
0,0.361442506313324,0,0.0550881177186965,0,0.8852745890617371,0,0.0134308757260441
0,0.0123160080984234,0,0.005311522167176,0,0.0006452552624978,0,0.0002588952193036
0,0.0216556265950202,0,0.0076475595124065,0,0.0011109403567388,0,0.0008761716890148
0,0.0422360748052597,0,0.0081557435914874,0,0.0005169219803065,0,9.54388451646082e-05
0,0.028677636757493,0,0.0089991288259625,0,0.0011837104102596,0,0.0142223453149199
0,0.0017912501934915,0,0.0854168906807899,0,0.001009659958072,0,0.0009736763895489
0,0.009478323161602,0,0.2465920001268386,0,0.0015038284473121,0,0.0029846560209989
0,0.6892518401145935,0,0.9634735584259032,0,0.7904912233352661,0,0.0909842848777771
0,0.1675698310136795,0,0.2549828290939331,0,0.1139504089951515,0,0.0035103138070553
0,0.0173020008951425,0,0.0153004685416817,0,0.0011716304579749,0,0.0042993468232452
0,0.001033789361827,0,0.0008136286633089,0,0.0013013806892558,0,0.0008361130021512
0,0.1663522273302078,0,0.0047628628090023,0,0.0089910691604018,0,0.0168024897575378
0,0.0009219315834343,0,0.0016404368216171,0,0.0023889893200248,0,0.0002830857702065
0,0.003913739696145,0,0.0007742568850517,0,0.0005935027729719,0,0.0005723054055124
0,0.0006003566668368,0,0.0004336794372648,0,0.0002071140625048,0,9.429801139049232e-05
0,0.0019559154752641,0,0.0051091532222926,0,0.0015702469972893,0,0.0005580550059676
0,0.0006019814172759,0,0.0005454705096781,0,0.0004549506120383,0,8.810131839709356e-05
0,0.0030126911588013,0,0.0083375955000519,0,0.0034258479718118,0,0.0005673535051755
0,0.0041495664045214,0,0.0056052985601127,0,0.0008745194063521,0,0.0006156387971714
0,0.0011592694791033,0,0.0003432096855249,0,0.0006719300872646,0,0.000166052224813
0,0.9299080967903136,0,0.1875652074813842,0,0.5671418309211731,0,0.061466459184885
0,0.0127759268507361,0,0.0234102122485637,0,0.0019719011615961,0,0.0022781509906053
0,0.0009714475017972,0,0.0006180035416036,0,0.0007844950887374,0,0.0003531273687258
0,0.0077318497933447,0,0.0032542280387133,0,0.0098169660195708,0,0.0001607730082469
0,0.0029951331671327,0,0.0012156362645328,0,0.0034573639277368,0,0.000122091078083
0,0.0087005691602826,0,0.0026042736135423,0,0.0185495410114526,0,0.0002117690019076
1,0.3513572514057159,1,0.783903181552887,1,0.7621778845787048,1,0.0874514803290367
1,0.855242133140564,1,0.2221019566059112,1,0.9534412622451782,1,0.426951915025711
1,0.0992954447865486,1,0.1738220304250717,1,0.1871241480112075,1,0.0111171482130885
1,0.0133004505187273,1,0.0139273470267653,1,0.0800964906811714,1,0.0179171338677406
1,0.0863320156931877,1,0.190946027636528,1,0.0205659326165914,1,0.0131935607641935
1,0.4958965480327606,1,0.9419627785682678,1,0.8798131942749023,1,0.3353999555110931
1,0.9438772201538086,1,0.991378664970398,1,0.9975793957710266,1,0.99273419380188
1,0.0028638422954827,1,0.0092616006731987,1,0.0022302214056253,1,0.0012198875192552
1,0.0179648641496896,1,0.1203499063849449,1,0.0235828291624784,1,0.001849103718996
1,0.0305906608700752,1,0.16949263215065,1,0.077199250459671,1,0.0663079023361206
1,0.1890087127685547,1,0.0010159986559301,1,0.0932882577180862,1,0.0021255305036902
1,0.6689616441726685,1,0.0159383546561002,1,0.5976084470748901,1,0.1667634546756744
1,0.0568838901817798,1,0.902254283428192,1,0.0416219532489776,1,0.0257657468318939
1,0.0737333074212074,1,0.0875064805150032,1,0.6633979678153992,1,0.1177775263786315
1,0.3414764404296875,1,0.0066073290072381,1,0.2002307176589965,1,0.0080203162506222
1,0.0396214164793491,1,0.0090538989752531,1,0.0001892128493636,1,0.0322031714022159
1,0.0703898891806602,1,0.0251411590725183,1,0.0006018576677888,1,0.0959326401352882
1,0.0042131044901907,1,0.0060622924938797,1,0.0023382063955068,1,0.0001711811491986
1,0.234519824385643,1,0.0286907944828271,1,0.018069690093398,1,0.0043295696377754
1,0.5475286841392517,1,0.0856147184967994,1,0.7424048781394958,1,0.0580183789134025
1,0.4096646606922149,1,0.415545791387558,1,0.8327616453170776,1,0.2640159130096435
1,0.9240081310272216,1,0.5759725570678711,1,0.9137632250785828,1,0.4650780856609344
1,0.6305354833602905,1,0.2164206504821777,1,0.9436566233634948,1,0.3130048811435699
1,0.0425234660506248,1,0.0301023889333009,1,0.0386146381497383,1,0.0292153377085924
1,0.1406251341104507,1,0.1007783561944961,1,0.073513813316822,1,0.0232263747602701
1,0.402955561876297,1,0.2278675884008407,1,0.3540627658367157,1,0.0136511903256177
0,0.0823698192834854,0,0.0311472900211811,0,0.774139940738678,0,0.0042107366025447
0,0.0372607372701168,0,0.0073950993828475,0,0.4627893269062042,0,0.0047469045966863
0,0.100686028599739,0,0.0022250302135944,0,0.049711175262928,0,0.0024862068239599
0,0.0017887691501528,0,0.0089347744360566,0,0.0012180174235254,0,0.0008377242484129
0,0.0015680865617468,0,0.0316849499940872,0,0.000896856887266,0,0.0008481930126436
0,0.0179548822343349,0,0.3150619268417358,0,0.3952715992927551,0,0.0100980391725897
0,0.0031998145859688,0,0.0003611179126892,0,0.0072409445419907,0,0.0003542161139193
0,0.0020430146250873,0,0.0001360908354399,0,0.0004752858367282,0,0.0001537839416414
0,0.4463899433612823,0,0.1596144437789917,0,0.0344025567173957,0,0.0005099499248899
0,0.0059257494285702,0,0.0006520287133753,0,0.0005380699876695,0,0.0004796985303983
0,0.0045666471123695,0,0.0003589786647353,0,0.0086099170148372,0,0.0005442485562525
0,0.0105574410408735,0,0.0022590355947613,0,0.0370493531227111,0,0.0014598754933103
0,0.024401968345046,0,0.002222420182079,0,0.0235422998666763,0,0.0110457148402929
0,0.4608792662620544,0,0.1757454425096511,0,0.5410540699958801,0,0.0213465616106987
0,0.0062084817327558,0,0.0007410063990391,0,0.002554957056418,0,0.0013323512393981
0,0.0325897745788097,0,0.002388342982158,0,0.0044574523344635,0,0.0067872665822505
0,0.0474361591041088,0,0.0039147455245256,0,0.0282402820885181,0,0.0004981285892426
0,0.0016492954455316,0,0.0010154650080949,0,0.0020378781482577,0,0.001519392710179
0,0.0062498152256011,0,0.0023099191021174,0,0.0130986114963889,0,0.0090102292597293
0,0.2590574324131012,0,0.0288004875183105,0,0.8538434505462646,0,0.0125371553003788
0,0.009073531255126,0,0.0019886400550603,0,0.0013261080021038,0,0.0014274822315201
0,0.1038796752691268,0,0.0094862645491957,0,0.0448390878736972,0,0.000227379365242
0,0.4901901185512543,0,0.0042900755070149,0,0.0514755211770534,0,0.0012331430334597
0,0.0101964576169848,0,0.0041071278974413,0,0.0333265103399753,0,0.0001477802434237
0,0.0069255474954843,0,0.0008162074373103,0,0.0024233011063188,0,0.0001400155160808
0,0.0123996920883655,0,0.0017556210514158,0,0.0016376636922359,0,0.0017117748502641
0,0.0052414266392588,0,0.0024398420937359,0,0.0177170448005199,0,9.1579720901791e-05
0,0.0048546590842306,0,0.0005566106992773,0,0.0018151211552321,0,0.0001008892359095
0,0.0034978662151843,0,0.000415959424572,0,0.0044890753924846,0,0.000173767839442
0,0.028091549873352,0,0.0143627738580107,0,0.0121205011382699,0,0.0037305417936295
0,0.0491636469960212,0,0.02302011474967,0,0.8746718764305115,0,0.0133688459172844
0,0.0778680369257927,0,0.0304590016603469,0,0.844511866569519,0,0.0454165004193782
0,0.8818272948265076,0,0.3658170700073242,0,0.8857578039169312,0,0.7242262363433838
0,0.3236850500106811,0,0.1217622384428978,0,0.0107088265940546,0,0.0188302192836999
0,0.0337611958384513,0,0.1080067381262779,0,0.0837924033403396,0,0.0015709850704297
0,0.3576186895370483,0,0.8445480465888977,0,0.905726432800293,0,0.0891025066375732
0,0.0046468628570437,0,0.0010292439255863,0,0.0034310515038669,0,0.0021621193736791
0,0.0066628595814108,0,0.00133287103381,0,0.0064839678816497,0,0.0036849004682153
0,0.0123380590230226,0,0.0028397415298968,0,0.0032264462206512,0,0.000181807190529
0,0.0141760241240262,0,0.0014011294115334,0,0.015222243964672,0,0.0189529992640018
0,0.0085519403219223,0,0.0008476085495203,0,0.0014779901830479,0,0.0002935717639047
0,0.0059328065253794,0,0.0013292268849909,0,0.002380290068686,0,0.0019877695012837
0,0.0155836474150419,0,0.0048468215391039,0,0.0169558934867382,0,0.0003157145984005
0,0.0240449178963899,0,0.0054862294346094,0,0.0014688132796436,0,0.0019500738708302
0,0.0320591181516647,0,0.0007464183145202,0,0.0055940798483788,0,0.0040204250253736
0,0.0123295076191425,0,0.1158435046672821,0,0.0022291466593742,0,0.0047277924604713
0,0.0086901588365435,0,0.0063445828855037,0,0.0072335754521191,0,0.0030128774233162
0,0.0344868041574955,0,0.0175503883510828,0,0.0004442412173375,0,0.0271441489458084
0,0.007241602987051,0,0.0532440096139907,0,0.0126991020515561,0,0.0004871805140282
0,0.0334440097212791,0,0.0319187231361866,0,0.0020383086521178,0,0.0043538263998925
0,0.0054434579797089,0,0.0152732506394386,0,0.0077624712139368,0,0.0009060907759703
0,0.0151204643771052,0,0.0016568296123296,0,0.0423555150628089,0,0.0006973980925977
0,0.0183647107332944,0,0.0024394637439399,0,0.0020453589968383,0,0.0011415792396292
0,0.0136955827474594,0,0.0038228021003305,0,0.0018428751500323,0,0.0002675093419384
0,0.004289599135518,0,0.0001444429362891,0,0.0004458707990124,0,0.0010415199212729
0,0.0222806651145219,0,0.0002214214619016,0,0.0024348348379135,0,0.0008786115213297
0,0.0007127879653126,0,0.0005197324207983,0,0.0057771862484514,0,0.0008083485881797
0,0.1674331277608871,0,0.5779500603675842,0,0.0256280079483985,0,0.0670055001974105
0,0.0101450970396399,0,0.003719886066392,0,0.0332087166607379,0,0.0010657745879143
0,0.0193311404436826,0,0.0049241199158132,0,0.35504812002182,0,0.0842100530862808
0,0.0264130104333162,0,0.0123993717133998,0,0.6019134521484375,0,0.1184903159737587
0,0.0046692625619471,0,0.0041384440846741,0,0.0012473369715735,0,0.0002808097633533
0,0.0548780784010887,0,0.0011695971479639,0,0.0275026261806488,0,0.0011534002842381
0,0.0007785388152115,0,0.0002300741471117,0,5.759126725024544e-05,0,0.0001860901393229
0,0.0034079363103955,0,0.0032614294905215,0,0.0017416418995708,0,0.0001978456857614
0,0.0008451415342278,0,0.0006141390767879,0,0.0001333606051048,0,0.0003028593200724
0,0.0043673012405633,0,0.0022641906980425,0,0.0042688585817813,0,0.0001949750003404
0,0.000682582554873,0,0.0011374072637408,0,0.0001840558543335,0,0.000838297244627
0,0.0137134427204728,0,0.0053536286577582,0,0.0029393476434051,0,0.0041653956286609
0,0.0447120442986488,0,0.0010794110130518,0,0.0021566387731581,0,0.0039898841641843
0,0.0380165502429008,0,0.0142476707696914,0,0.0050380085594952,0,0.0041765640489757
0,0.0067476890981197,0,0.0003968910314142,0,0.00159338186495,0,0.0017210058867931
0,0.0013326443731784,0,8.000228262972087e-05,0,0.0013252766802906,0,0.0004389802343212
0,0.0060477517545223,0,0.0002053948846878,0,0.0022876183502376,0,0.0027076294645667
0,0.070198655128479,0,0.0074028354138135,0,0.0200227536261081,0,0.0011604754254221
0,0.0018127207877114,0,0.0010696459794417,0,0.0008500089752487,0,0.0002598718274384
0,0.8982338905334473,0,0.1153805702924728,0,0.8969041109085083,0,0.171830415725708
0,0.0205384381115436,0,0.0240833461284637,0,0.0165002197027206,0,0.0173426736146211
0,0.0018699488136917,0,0.0012270666193217,0,0.0046543832868337,0,0.0024403203278779
0,0.0084524694830179,0,0.0072385701350867,0,0.0050985990092158,0,0.0055531421676278
0,0.0650499239563942,0,0.0308830011636018,0,0.0104763004928827,0,0.0288639366626739
0,0.0047959610819816,0,0.0115581331774592,0,0.0012093874393031,0,0.0059045748785138
0,0.0443055778741836,0,0.0013392989058047,0,0.0209229066967964,0,0.0319279804825782
0,0.0023071605246514,0,0.0001069459831342,0,0.001923291827552,0,0.0015453589148819
0,0.0049187513068318,0,0.0004636255325749,0,0.0193099156022071,0,0.0049826665781438
0,0.0944283157587051,0,0.0023195855319499,0,0.1474499553442001,0,0.004066961351782
0,0.0309112947434186,0,0.001322895870544,0,0.0281813275068998,0,0.0023491280153393
0,0.0028861523605883,0,0.0028079892508685,0,0.0289056897163391,0,0.0023936238139867
0,0.0036576837301254,0,0.0075946450233459,0,0.0158018749207258,0,0.0017637811833992
0,0.0272956509143114,0,0.001994801685214,0,0.0950145721435546,0,0.0008762053912505
0,0.0679835528135299,0,0.0011459657689556,0,0.0014609693316742,0,0.0030880079139024
0,0.0341466553509235,0,0.0015265885740518,0,0.0020271488465368,0,0.0079364394769072
0,0.0424512326717376,0,0.0008553922525607,0,0.1095107421278953,0,0.0005425449926406
0,0.0182699337601661,0,0.0174384322017431,0,0.023568257689476,0,0.000518815300893
0,0.0788000896573066,0,0.0007671439670957,0,0.300999253988266,0,0.0007418352761305
0,0.81569504737854,0,0.9487104415893556,0,0.7825502157211304,0,0.1995940953493118
0,0.2301471531391143,0,0.0094749620184302,0,0.5202771425247192,0,0.0011650442611426
0,0.901423454284668,0,0.1065013706684112,0,0.9002806544303894,0,0.0733595490455627
0,0.0311474855989217,0,0.000964707985986,0,0.0454389452934265,0,0.0002804568503051
0,0.0048839664086699,0,0.0023247534409165,0,0.0032249679788947,0,0.0001444572553737
0,0.0195558313280344,0,0.0031230056192725,0,0.0030166385695338,0,0.0031703221611678
0,0.0104745998978614,0,0.0048977374099195,0,0.0024739925283938,0,0.0046838070265948
0,0.3787949383258819,0,0.0015994651475921,0,0.0063567478209733,0,0.0097942529246211
0,0.0059615774080157,0,0.013878415338695,0,0.0019122014055028,0,0.0039195218123495
0,0.0888969078660011,0,0.0233063250780105,0,0.0146548319607973,0,0.0304234046489
0,0.4270080924034118,0,0.0016539422795176,0,0.0093854321166872,0,0.0130445882678031
0,0.1454847753047943,0,0.021663749590516,0,0.1663335263729095,0,0.0046417359262704
0,0.0076491492800414,0,0.000472838175483,0,0.0060845804400742,0,0.0002771895378828
0,0.0037783018779009,0,0.0017540758708491,0,0.0020322883501648,0,0.0010653381468728
0,0.0190317276865243,0,0.0002217742876382,0,0.0044233836233615,0,0.0009379851398989
0,0.0033330253791064,0,0.0016238403040915,0,0.0015366246225312,0,0.001616975525394
0,0.5749814510345459,0,0.1595789045095443,0,0.3553803563117981,0,0.0135697228834033
0,0.0354564450681209,0,0.0089124655351042,0,0.0045139002613723,0,0.0048003490082919
0,0.0144150406122207,0,0.0011459357338026,0,0.0137968640774488,0,0.0010065836831927
0,0.038719680160284,0,0.0008277269080281,0,0.0046537648886442,0,0.0010714995441958
0,0.0770216137170791,0,0.0148338982835412,0,0.0100948177278041,0,0.0027009667828679
0,0.4358096122741699,0,0.7658694982528687,0,0.6445792317390442,0,0.0705999284982681
0,0.0049634790048003,0,0.0009872975060716,0,0.0011876741191372,0,0.0002379858196945
0,0.0755784437060356,0,0.0077838352881371,0,0.006647240370512,0,0.0063695795834064
0,0.0618294179439544,0,0.00128629070241,0,0.0186070278286933,0,0.0009273549076169
0,0.4101448953151703,0,0.4029125273227691,0,0.2945447564125061,0,0.0151934018358588
0,0.0019907837267965,0,0.0015570179093629,0,0.002431513974443,0,0.000500290596392
0,0.0007855233852751,0,0.0005083602154627,0,0.0015431026695296,0,0.0004246952303219
0,0.0014596962137147,0,0.0022485500667244,0,0.0025963725056499,0,0.0013348687207326
0,0.3937422633171081,0,0.5626540184020996,0,0.907470166683197,0,0.1257238388061523
0,0.0994201898574829,0,0.0764150023460388,0,0.3014543354511261,0,0.0510028675198555
0,0.0553533323109149,0,0.003698831424117,0,0.0180945359170436,0,0.0050222529098391
0,0.0049659172073006,0,0.0024130151141434,0,0.0018564970232546,0,0.0041500651277601
0,0.0804561525583267,0,0.2168515175580978,0,0.0499675758183002,0,0.2716676890850067
0,0.00285907369107,0,0.0001731591619318,0,0.0010653538629412,0,0.0002891148324124
0,0.0260386187583208,0,0.0077806282788515,0,0.0111454529687762,0,0.0070318598300218
0,0.0611328445374965,0,0.0609886273741722,0,0.0034105058293789,0,0.0060204165056347
0,0.6206383109092712,0,0.1407733261585235,0,0.8830240964889526,0,0.0829413458704948
0,0.2844897806644439,0,0.8688412308692932,0,0.576212465763092,0,0.0920548737049102
0,0.7107049226760864,0,0.5175755023956299,0,0.6480064392089844,0,0.148496612906456
0,0.0906086564064025,0,0.008376158773899,0,0.1012554392218589,0,0.0030607762746512
0,0.0067119831219315,0,0.000251949270023,0,0.0008632787503302,0,0.0001582882396178
0,0.0017418226925656,0,6.561219925060868e-05,0,0.0008430671296082,0,0.0011902812402695
0,0.0851550623774528,0,0.0091215716674923,0,0.5145450830459595,0,0.0317775271832942
0,0.0311013478785753,0,0.0015715693589299,0,0.0753045827150344,0,0.0010849552927538
0,0.0025143092498183,0,0.0002725108643062,0,0.0025336274411529,0,0.0002131818619091
0,0.0057826195843517,0,0.0009644405799917,0,0.0120568051934242,0,0.0003743801207747
0,0.1242415681481361,0,0.0136790769174695,0,0.005100043490529,0,0.0013760168803855
0,0.0014295459259301,0,0.0006716448115184,0,0.0012381431879475,0,0.0011506670853123
0,0.0014573364751413,0,0.003251273650676,0,0.0587974898517131,0,0.0023193550296127
0,0.2068001478910446,0,0.0237453132867813,0,0.0424250364303588,0,0.001961717614904
0,0.0728296190500259,0,0.005528837442398,0,0.1108949929475784,0,0.0056303534656763
0,0.001292071538046,0,0.0007405701908282,0,0.0014079677639529,0,0.0007964122341945
0,0.3128696084022522,0,0.1757218241691589,0,0.7226489782333374,0,0.0086527746170759
0,0.1294828653335571,0,0.0780100375413894,0,0.4766726195812225,0,0.0007872277055867
0,0.869763970375061,0,0.1040099635720253,0,0.9063391089439392,0,0.0078848376870155
0,0.0936018526554107,0,0.0151115404441952,0,0.2603576779365539,0,0.0635237246751785
0,0.1704923510551452,0,0.0158260017633438,0,0.0551912672817707,0,0.0024439448025077
0,0.1048442870378494,0,0.0292353965342044,0,0.5618950128555298,0,0.0111304130405187
0,0.0178275946527719,0,0.0092417448759078,0,0.0052130781114101,0,0.0010057421168312
0,0.1512187123298645,0,0.0097159799188375,0,0.3462832570075989,0,0.0381003357470035
0,0.329445481300354,0,0.0600988902151584,0,0.7995120286941528,0,0.014527179300785
0,0.0034764723386615,0,0.0030160159803926,0,0.0132126156240701,0,0.0042521734721958
0,0.018415106460452,0,0.0104448990896344,0,0.0004493591259233,0,5.833536124555394e-05
0,0.1205787509679794,0,0.2427368015050888,0,0.3517295122146606,0,0.0045617897994816
0,0.0162273645401,0,0.0027575383428484,0,0.0011369251878932,0,0.0015467486809939
0,0.2960542440414428,0,0.3345587253570556,0,0.3988223075866699,0,0.0784722864627838
0,0.0114134196192026,0,0.0158548448234796,0,0.1734766662120819,0,0.0046952245756983
0,0.0667028799653053,0,0.0139446379616856,0,0.1629960238933563,0,0.0215125083923339
0,0.0080004846677184,0,0.0110603775829076,0,0.0510453730821609,0,0.0020723694469779
0,0.6823657155036926,0,0.1409129649400711,0,0.9263355135917664,0,0.948167324066162
0,0.1994995474815368,0,0.0307093523442745,0,0.3197762966156006,0,0.1539323925971985
0,0.8441909551620483,0,0.747127115726471,0,0.8774389028549194,0,0.8111385703086853
0,0.0073606679216027,0,0.0053230477496981,0,0.0497305952012538,0,0.0032268173526972
0,0.0036578006111085,0,0.0069492883048951,0,0.01156847178936,0,0.0009334436035715
0,0.1140784248709678,0,0.0131599064916372,0,0.0342732369899749,0,0.0013667893363162
0,0.0217736288905143,0,0.0096641769632697,0,0.0781851708889007,0,0.0058509232476353
0,0.0020513634663075,0,0.0035757210571318,0,0.0168496444821357,0,0.0232208836823701
0,0.0010653949575498,0,0.003993781749159,0,0.0092472303658723,0,0.0075783776119351
0,0.016069583594799,0,0.0056974105536937,0,0.086248368024826,0,0.0036582557950168
0,0.0012061945162713,0,0.0106792030856013,0,0.0336990356445312,0,0.0044361883774399
0,0.1703151762485504,0,0.0076875630766153,0,0.0766659751534462,0,0.0023249534424394
0,0.2927886247634887,0,0.033055230975151,0,0.0169661175459623,0,0.1925083100795745
0,0.388139009475708,0,0.1440941840410232,0,0.0193056128919124,0,0.4093069434165954
0,0.5151511430740356,0,0.2104932218790054,0,0.1282659471035003,0,0.6023891568183899
0,0.0211222525686025,0,0.0514364577829837,0,0.0008991602808237,0,9.5203795353882e-05
0,0.0078102811239659,0,0.0004138542572036,0,0.0005560939316637,0,0.0004140789969824
0,0.0013401040341705,0,0.0001472797302994,0,0.000345857697539,0,0.000360465637641
0,0.0121255032718181,0,0.0069469693116843,0,0.0024390253238379,0,0.0017699397867545
0,0.0096715446561574,0,0.0026465591508895,0,0.0221010651439428,0,0.018843300640583
0,0.0085871452465653,0,0.0012005605967715,0,0.0035199599806219,0,0.0010219645919278
0,0.0071046338416635,0,0.0017638457939028,0,0.0228676777333021,0,0.0234196279197931
0,0.0051451851613819,0,0.0010388572700321,0,0.0136091290041804,0,0.0030560828745365
0,0.0060757049359381,0,0.0072496151551604,0,0.0013747730990871,0,0.0010359209263697
0,0.0072555788792669,0,0.0426253229379653,0,0.0011056688381358,0,0.000747011101339
0,0.0007300415309146,0,0.0002114998351316,0,0.001216419856064,0,0.0005107759498059
0,0.0042310310527682,0,0.0494036898016929,0,0.0008037120569497,0,0.0007223147549666
0,0.0005733359721489,0,0.000341939885402,0,0.0004073063028044,0,0.0003441129520069
0,0.0033154026605188,0,0.056007731705904,0,0.000631759292446,0,0.0004507313133217
0,0.0060870349407196,0,0.0023582724388688,0,0.0144397476688027,0,0.0007864797953516
0,0.0051991301588714,0,0.0285417642444372,0,0.0052482211031019,0,0.0011382803786545
0,0.0155294109135866,0,0.0022675583604723,0,0.003877101233229,0,0.0006282607791945
0,0.0088186077773571,0,0.0008147947373799,0,0.0106023838743567,0,0.0008830681908875
0,0.0233126897364854,0,0.1040875688195228,0,0.0226259920746088,0,0.0093096522614359
0,0.0102127706632018,0,0.0032024637330323,0,0.009254852309823,0,0.0005049158353358
0,0.0094193443655967,0,0.1802587509155273,0,0.0325059108436107,0,0.00353176263161
0,0.0425947159528732,0,0.00112084322609,0,0.0093382457271218,0,0.0040828799828886
0,0.0030976997222751,0,0.0001641031121835,0,0.0020589984487742,0,0.0001634109503356
0,0.0077520408667624,0,0.0018330388702452,0,0.0029151525814086,0,0.0015089393127709
0,0.0055539053864777,0,0.0084307175129652,0,0.0003350746410433,0,1.9425533537287265e-05
0,0.0004827952361665,0,0.0012695192126557,0,0.0001055743341566,0,2.336311627004761e-05
0,0.0007890230044722,0,0.0010991205926984,0,0.0001409959804732,0,3.915327397407964e-05
0,0.7981235980987549,0,0.2513885498046875,0,0.4777857065200805,0,0.0711886957287788
0,0.8678242564201355,0,0.1726534068584442,0,0.6515690088272095,0,0.0613259300589561
0,0.8893646001815796,0,0.4156820178031921,0,0.9376125931739808,0,0.3481771051883697
0,0.034314252436161,0,0.2073934078216552,0,0.0116924745962023,0,0.0042102867737412
0,0.1813319474458694,0,0.0229283235967159,0,0.9224896430969238,0,0.0073478785343468
0,0.004224247764796,0,0.004417925607413,0,0.0019284355221316,0,0.0031716227531433
0,0.049995332956314,0,0.3211596608161926,0,0.0018445230089128,0,0.0022768974304199
0,0.0390105210244655,0,0.0272506177425384,0,0.198171392083168,0,0.0104065416380763
0,0.0035305977798998,0,0.0014745536027476,0,0.0123377498239278,0,0.0523010343313217
0,0.009803413413465,0,0.0172501243650913,0,0.0014741942286491,0,0.0003252246242482
0,0.0393025130033493,0,0.0391051322221756,0,0.1339749991893768,0,0.0025337131228297
0,0.0038519424851983,0,0.0024454286321997,0,0.0009588818647898,0,0.0012080387677997
0,0.253876656293869,0,0.5464746356010437,0,0.9641228318214417,0,0.6907694339752197
0,0.0548196770250797,0,0.2923651039600372,0,0.0283795371651649,0,0.0138090085238218
0,0.0035339931491762,0,0.0004107939021196,0,0.0010497850598767,0,0.0001811942202039
0,0.0594205409288406,0,0.07443168759346,0,0.0424676910042762,0,0.0245408602058887
0,0.0053367870859801,0,0.0013137307250872,0,0.0025988025590777,0,0.000903251406271
0,0.0319245234131813,0,0.1082864552736282,0,0.0190148036926984,0,0.0041969157755374
0,0.0064522796310484,0,0.000870204064995,0,0.0038446949329227,0,0.0001765423512551
0,0.0110749388113617,0,0.0082084853202104,0,0.0028220475651323,0,0.0021530257072299
0,0.0019069514237344,0,0.0002336392062716,0,0.0002277580060763,0,0.0053403344936668
0,0.0445076376199722,0,0.0139029547572135,0,0.0007324970792979,0,0.0178530439734458
0,0.0021831775084137,0,0.0002190221130149,0,0.0001660446287132,0,7.231548806885257e-05
0,0.2763435542583465,0,0.5943232774734497,0,0.3451610803604126,0,0.0949867069721221
0,0.2616687715053558,0,0.9851471781730652,0,0.3419409692287445,0,0.6028767824172974
0,0.4831305742263794,0,0.5189836621284485,0,0.2815684378147125,0,0.3362311720848083
0,0.4271754026412964,0,0.145584374666214,0,0.041509348899126,0,0.0039472379721701
0,0.2661890387535095,0,0.9132521152496338,0,0.2919310331344604,0,0.7852190136909485
0,0.7167358994483948,0,0.801977813243866,0,0.6786295771598816,0,0.617362380027771
0,0.3529762029647827,0,0.2911018431186676,0,0.0817110165953636,0,0.0251007620245218
0,0.0018483282765373,0,0.0070324894040822,0,0.000735243782401,0,0.0004685500171035
0,0.3187243342399597,0,0.97676420211792,0,0.4546050131320953,0,0.8258966207504272
0,0.8084632158279419,0,0.6818369626998901,0,0.7945823669433594,0,0.5391549468040466
0,0.7127485275268555,0,0.7599747180938721,0,0.1203125417232513,0,0.434588223695755
0,0.0010739844292402,0,0.0421183891594409,0,0.0014117487007752,0,0.0006546027143485
0,0.1369119882583618,0,0.3992629945278168,0,0.3271728456020355,0,0.0197529606521129
0,0.0097316466271877,0,0.0052317441441118,0,0.0031749079935252,0,0.008532422594726
1,0.0612610727548599,1,0.0298101920634508,1,0.8964266180992126,1,0.0018699157517403
1,0.4658668935298919,1,0.4004837572574615,1,0.9843600392341614,1,0.1303310841321945
1,0.1449240148067474,1,0.1007709354162216,1,0.9694892764091492,1,0.0685919746756553
1,0.9629119634628296,1,0.4351206421852112,1,0.7385854125022888,1,0.0658430159091949
1,0.9444481134414672,1,0.9536555409431458,1,0.9675137400627136,1,0.9158706665039062
1,0.7468745112419128,1,0.0876140519976615,1,0.0400500074028968,1,0.0736732259392738
1,0.2952973842620849,1,0.0193310286849737,1,0.0640488415956497,1,0.0107897268608212
1,0.6075037717819214,1,0.0287210457026958,1,0.8654323220252991,1,0.008973641321063
1,0.2840171754360199,1,0.1247914060950279,1,0.7413796782493591,1,0.1287572532892227
1,0.8684148788452148,1,0.0467351339757442,1,0.7494791150093079,1,0.0081437323242425
1,0.0521589778363704,1,0.0118189053609967,1,0.1359486430883407,1,0.0050283828750252
1,0.7003996968269348,1,0.8046068549156189,1,0.9165118932724,1,0.562047004699707
1,0.0886788964271545,1,0.0061125033535063,1,0.0019572088494896,1,0.0020491222385317
1,0.0617963634431362,1,0.7228696942329407,1,0.533257246017456,1,0.6278277635574341
1,0.0735393762588501,1,0.755255937576294,1,0.851096510887146,1,0.4781069755554199
1,0.597158670425415,1,0.9914416670799256,1,0.9928393363952636,1,0.8842046856880188
1,0.5339997410774231,1,0.0776208490133285,1,0.8639119863510132,1,0.4818361699581146
1,0.156507208943367,1,0.2681563198566437,1,0.6161143183708191,1,0.0610834434628486
1,0.9476962089538574,1,0.7121310830116272,1,0.9930852651596068,1,0.9796008467674256
1,0.0748431086540222,1,0.0240186750888824,1,0.1771175265312194,1,0.0056853326968848
1,0.0087837614119052,1,0.0052558812312781,1,0.0121705997735261,1,0.0082090636715292
1,0.1867784559726715,1,0.0229546558111906,1,0.2633649110794067,1,0.0215175207704305
1,0.181684672832489,1,0.0034922263585031,1,0.023980539292097,1,0.0029541938565671
1,0.1957933902740478,1,0.0344899296760559,1,0.4245932698249817,1,0.1017423346638679
1,0.2576678693294525,1,0.1042708083987236,1,0.5569772720336914,1,0.7368490099906921
1,0.0298902317881584,1,0.0126293590292334,1,0.1135503351688385,1,0.0129407038912177
1,0.9899700284004213,1,0.8496488928794861,1,0.9980990290641784,1,0.9761298298835754
0,0.0303136724978685,0,0.3111128509044647,0,0.4110777080059051,0,0.009314983151853
0,0.0059211472980678,0,0.000941906357184,0,0.0004824455536436,0,0.000101882891613
0,0.0009202474029734,0,0.0001713918463792,0,0.0003292757319286,0,0.0003566451196093
0,0.0012588209938257,0,0.0001840309414546,0,0.0025221821852028,0,0.0017579559935256
0,0.0013013472780585,0,0.0192471407353878,0,0.0014649558579549,0,0.0084894923493266
0,0.3311713337898254,0,0.1461053341627121,0,0.909309446811676,0,0.5550012588500977
0,0.0024241323117166,0,0.000499106477946,0,0.0006034772959537,0,0.0041117938235402
0,0.90403813123703,0,0.1270245015621185,0,0.9622053503990172,0,0.0254788137972354
0,0.0064022014848887,0,0.0069756633602082,0,0.0003840201825369,0,0.0002831222082022
0,0.0173840783536434,0,0.0019538640044629,0,0.0012424020096659,0,0.0051330686546862
0,0.0177664458751678,0,0.0049394899979233,0,0.0419964306056499,0,0.0124809928238391
0,0.0476926788687706,0,0.0012913369573652,0,0.0027576105203479,0,0.0011658946750685
0,0.7819194793701172,0,0.3980907499790191,0,0.9928349256515504,0,0.1594711244106292
0,0.14602692425251,0,0.0038942487444728,0,0.0258340295404195,0,0.0118135437369346
0,0.0696016699075698,0,0.118789330124855,0,0.8729932904243469,0,0.267852783203125
0,0.0069424044340848,0,0.0089260088279843,0,0.0313122272491455,0,0.0708718374371528
0,0.0051073674112558,0,0.0138809280470013,0,0.158012643456459,0,0.0347566232085228
0,0.02026142552495,0,0.0069397720508277,0,0.0284821353852748,0,0.0010220176773145
0,0.0047200038097798,0,0.0522161200642585,0,0.1284826248884201,0,0.0138226710259914
0,0.006812126841396,0,0.0025690344627946,0,0.0383867472410202,0,0.000812932383269
0,0.145499512553215,0,0.002819150686264,0,0.1804752945899963,0,0.002049614675343
0,0.0796834677457809,0,0.004063528496772,0,0.1299268007278442,0,0.0046573840081691
0,0.9236482977867126,0,0.9951640367507936,0,0.988234281539917,0,0.9675719738006592
0,0.0112608112394809,0,0.0009905740153044,0,0.0003630338178481,0,0.0002076119126286
0,0.1029831692576408,0,0.0547350905835628,0,0.3161775469779968,0,0.006086440756917
0,0.4876554906368255,0,0.5626656413078308,0,0.7886284589767456,0,0.1990362703800201
0,0.0493777319788932,0,0.0049442332237958,0,0.0820692032575607,0,0.005106589756906
0,0.4841891527175903,0,0.1633887737989425,0,0.6783978343009949,0,0.715518593788147
0,0.5938829779624939,0,0.751437246799469,0,0.3417013883590698,0,0.2848289012908935
0,0.0329557694494724,0,0.1105201095342636,0,0.0036365638952702,0,0.001498163328506
0,0.0251856073737144,0,0.0036626085638999,0,0.0054294145666062,0,0.0005671032704412
0,0.038645040243864,0,0.0044146920554339,0,0.0038154798094183,0,0.0007895175367593
0,0.032170508056879,0,0.0061121499165892,0,0.0070319301448762,0,0.0013492535799741
0,0.0329505018889904,0,0.0061720157973468,0,0.0006809429032728,0,0.0025130910798907
0,0.003013304201886,0,0.0019011219264939,0,0.0004353694384917,0,0.0022956465836614
0,0.0056533562019467,0,0.0024313174653798,0,0.0030714119784533,0,0.0012924843467772
0,0.0017699162708595,0,0.0005159070133231,0,0.0003917113645002,0,0.0001349088706774
0,0.0044418694451451,0,0.0009632518049329,0,0.0017456907080486,0,0.0004510700237005
0,0.0060586333274841,0,0.0068724169395864,0,0.0047730021178722,0,0.0002971508074551
0,0.0055121905170381,0,0.0040481924079358,0,0.000922524719499,0,0.002434235997498
0,0.0021686863619834,0,0.0073594376444816,0,0.0010584968840703,0,0.0011354992166161
0,0.0110909407958388,0,0.0544679537415504,0,0.2865239381790161,0,0.0172057040035724
0,0.0086802765727043,0,0.0070145321078598,0,0.0026540209073573,0,0.0003779274702537
0,0.0021507905330508,0,0.0009057597490027,0,0.0016154389595612,0,0.0021867007017135
0,0.0041588223539292,0,0.002976031275466,0,0.0027305667754262,0,0.001053674146533
0,0.0023388126865029,0,0.0019923048093914,0,0.0003878603165503,0,0.0008622815948911
0,0.0440400838851928,0,0.0277164429426193,0,0.0097287930548191,0,0.0090828221291303
0,0.2999164760112762,0,0.1619692742824554,0,0.0507243052124977,0,0.0009540351456962
0,0.0042686155065894,0,0.0013696372043341,0,0.0026334116701036,0,0.0033542197197675
0,0.0131467534229159,0,0.0255032442510128,0,0.394080638885498,0,0.3081175088882446
0,0.0666520372033119,0,0.008038523606956,0,0.2800098061561584,0,0.0535243302583694
0,0.0048787342384457,0,0.0002340565843041,0,0.0013324007159098,0,0.0003452406963333
0,0.0201515704393386,0,0.0036282730288803,0,0.504891574382782,0,0.1592218428850174
0,0.0242447406053543,0,0.01951789483428,0,0.687614381313324,0,0.0801404491066932
0,0.0230735670775175,0,0.0249795243144035,0,0.0021520997397601,0,0.0004942371160723
0,0.0124461650848388,0,0.0106585277244448,0,0.0044020661152899,0,0.0010139283258467
0,0.0205144267529249,0,0.025324372574687,0,0.0015430328203365,0,0.0007280156714841
0,0.0010905998060479,0,0.000195671163965,0,0.002170379506424,0,0.000149760977365
0,0.001088990131393,0,0.0002733625296968,0,0.0008822867530398,0,0.0002005426213145
0,0.0202155821025371,0,0.0040003978647291,0,0.0236947871744632,0,0.0003267362189944
0,0.0255050510168075,0,0.0009320080280303,0,0.0004031972202938,0,0.0007748100324533
0,0.052705492824316,0,0.0007649121107533,0,0.0062729362398386,0,0.0070404191501438
0,0.0660410895943641,0,0.041397251188755,0,0.003378186840564,0,0.0019423058256506
0,0.0238850209861993,0,0.0026077479124069,0,0.0009124281932599,0,0.0016900395276024
0,0.0160446930676698,0,0.0050308261997997,0,0.0300427917391061,0,0.0095709096640348
0,0.0027708916459232,0,0.0037913585547357,0,0.0007291932706721,0,0.0002228816738352
0,0.0025831109378486,0,0.0001940103102242,0,0.0002175203553633,0,0.0001483761152485
0,0.0014208413194864,0,0.0013255978701636,0,0.0005751788849011,0,0.0003124599752482
0,0.0061187292449176,0,0.0005883749108761,0,0.0006434688111767,0,0.0002027098234975
0,0.0027976487763226,0,0.0004518773639574,0,0.0006880603032186,0,0.0005112966755405
0,0.8493704795837402,0,0.0120528191328048,0,0.4865479469299316,0,0.9922934770584106
0,0.0009646629914641,0,0.0006236905464902,0,0.0002967337786685,0,0.0001000707852654
0,0.0063028079457581,0,0.0001336032146355,0,0.0006481980672106,0,0.0002302674984093
0,0.672734797000885,0,0.0085136406123638,0,0.0007199842948466,0,0.0106845898553729
0,0.606963574886322,0,0.0036027263849973,0,0.0013537792256101,0,0.0087185027077794
0,0.0039241653867065,0,0.0007722069858573,0,0.0027119182050228,0,6.924276385689154e-05
0,0.5484797358512878,0,0.0207390896975994,0,0.9541277289390564,0,0.1782223880290985
0,0.4521676003932953,0,0.0859831646084785,0,0.3077391982078552,0,0.0029618667904287
0,0.0909917652606964,0,0.0800177007913589,0,0.2134167253971099,0,0.0094040129333734
0,0.0757301300764083,0,0.0438105128705501,0,0.0413082465529441,0,0.0115027958527207
0,0.4189788997173309,0,0.0326295383274555,0,0.0160359181463718,0,0.0296576377004385
0,0.1924934089183807,0,0.180383488535881,0,0.031988576054573,0,0.1590171605348587
0,0.0008932314813137,0,0.0004680205602198,0,0.0002982901642099,0,0.0001538451033411
0,0.0038967670407146,0,0.0004573800251819,0,0.0003121747286058,0,0.0001608541206223
0,0.007229980546981,0,0.0005396768683567,0,0.0003623072407208,0,0.0003623279335442
0,0.1234609112143516,0,0.0135388020426034,0,0.5373923778533936,0,0.0551409646868705
0,0.0040845787152647,0,0.0013337954878807,0,0.0005862136604264,0,0.0003419074637349
0,0.1347194761037826,0,0.1461071223020553,0,0.2251727283000946,0,0.0286374576389789
0,0.0779813900589943,0,0.030424440279603,0,0.0248756073415279,0,0.0068964986130595
0,0.0196637474000453,0,0.0029302097391337,0,0.0075813978910446,0,0.002673529786989
0,0.0062312032096087,0,0.001979591557756,0,0.0015261205844581,0,0.0030336717609316
0,0.0146161019802093,0,0.0022645848803222,0,0.0006335455691441,0,0.0032645093742758
0,0.0020169941708445,0,0.0085479142144322,0,0.008217248134315,0,0.0009491429664194
0,0.0034315262455493,0,0.0004957730998285,0,0.0003025306214112,0,0.0005225016502663
0,0.0047054616734385,0,0.0002509548212401,0,0.0045172399841248,0,0.0003434109676163
0,0.0036880366969853,0,0.0039009728934615,0,0.0012039830908179,0,0.0012582563795149
0,0.0335780307650566,0,0.0008491605985909,0,0.0103234844282269,0,0.0009277039789594
0,0.0106849940493702,0,0.0029932255856692,0,0.0098208840936422,0,0.0011932287598028
0,0.0360710173845291,0,0.0100870104506611,0,0.0175920724868774,0,0.0015787129523232
0,0.199683278799057,0,0.0022802697494626,0,0.0292507503181695,0,0.0088663632050156
0,0.0063185486942529,0,0.0060957823880016,0,0.2191196233034134,0,0.006430210545659
0,0.0012750923633575,0,0.0102584157139062,0,0.0011293288553133,0,0.0004601799300871
0,0.0305487476289272,0,0.0011698679300025,0,0.001420403830707,0,0.0685796365141868
0,0.0473598465323448,0,0.0005473237833939,0,0.0106002828106284,0,0.0001141871616709
0,0.127097800374031,0,0.0043541924096643,0,0.0012838947586715,0,0.0026994890067726
0,0.0190092101693153,0,0.0011785884853452,0,0.2984891533851623,0,0.0267916042357683
0,0.1184944882988929,0,0.0113545395433902,0,0.0017475687200203,0,0.0060275830328464
0,0.0263048037886619,0,0.0008962857536971,0,0.0060830009169876,0,4.027818431495689e-05
0,0.222782552242279,0,0.0036919324193149,0,0.0026573541108518,0,0.0052310940809547
0,0.9151971936225892,0,0.1696245074272155,0,0.9320625066757202,0,0.9815747141838074
0,0.663323700428009,0,0.0049667251296341,0,0.7367496490478516,0,0.1406247466802597
0,0.0067311357706785,0,0.0010248662438243,0,0.0017766181845217,0,0.0003540196339599
0,0.0031333640217781,0,0.0118047734722495,0,0.0006513610715046,0,0.0115847149863839
0,0.0049024154432117,0,0.0009365692967548,0,0.0035715084522962,0,0.0002259661559946
0,0.0047405743971467,0,0.0097230104729533,0,0.00049726490397,0,0.011226343922317
0,0.004888366907835,0,0.0037395677063614,0,0.0013424252392724,0,0.001876400783658
0,0.003719120984897,0,0.0017943376442417,0,0.0214049629867076,0,0.0005737979081459
0,0.0056430213153362,0,0.0001647833269089,0,0.0014908050652593,0,0.0013128920691087
0,0.0332035236060619,0,0.0035059982910752,0,0.0414385609328746,0,0.0025804231408983
0,0.0347981266677379,0,0.0202178619801998,0,0.0015391756314784,0,0.0032221779692918
0,0.0009963609045371,0,0.0002549959754105,0,0.000636707409285,0,0.0001618300884729
0,0.0884012430906295,0,0.0523001849651336,0,0.0024779320228844,0,0.0125830769538879
0,0.0037454364355653,0,0.0012897385749965,0,0.0048265531659126,0,0.0010916143655776
0,0.005868786945939,0,0.0001631448540138,0,0.000816254527308,0,0.002515546279028
0,0.004749160259962,0,0.0033307105768471,0,0.0004329450021032,0,0.0002178458089474
0,0.0054032620973885,0,0.0004338700964581,0,0.0015759773086756,0,0.000205472446396
0,0.0041865454986691,0,0.0020533369388431,0,0.0002166481135645,0,0.0003886960912495
0,0.0013176372740417,0,0.0001578231458552,0,0.0001614971406525,0,3.0637234885944054e-05
0,0.0136541640385985,0,0.0011394335888326,0,0.0055882129818201,0,0.0078151300549507
0,0.0044772746041417,0,0.0006466486956924,0,0.0037583941593766,0,0.001600170508027
0,0.0037146115209907,0,0.0007984974654391,0,0.0004216102533973,0,0.0002443229313939
0,0.5835254788398743,0,0.0303212013095617,0,0.7657135725021362,0,0.1440213024616241
0,0.0868849530816078,0,0.2427401095628738,0,0.0325739309191703,0,0.0120835592970252
0,0.009220615029335,0,0.0018920521251857,0,0.0204584132879972,0,0.0025864043273031
0,0.1086337268352508,0,0.0028143317904323,0,0.0605436451733112,0,0.0742046907544136
0,0.0436693765223026,0,0.0032918059732764,0,0.0108993863686919,0,0.00123100890778
0,0.0281990133225917,0,0.0024553113617002,0,0.0052238632924854,0,0.0008267718367278
0,0.0220945514738559,0,0.0026514208875596,0,0.008322768844664,0,0.0006976936128921
0,0.013432796113193,0,0.0065092076547443,0,0.0141388019546866,0,0.0274292603135108
0,0.0696946904063224,0,0.0197672639042139,0,0.0103448498994112,0,0.005695307161659
0,0.0240114610642194,0,0.0008067368180491,0,0.0012224959209561,0,0.0007689213962294
0,0.0567396841943264,0,0.0171656105667352,0,0.2854974865913391,0,0.1182866096496582
0,0.0298744682222604,0,0.0031500868499279,0,0.0382215194404125,0,0.0144950756803154
0,0.0247742384672164,0,0.0012838953407481,0,0.0057974564842879,0,0.0001197244346258
0,0.1496415734291076,0,0.0628203079104423,0,0.1773824095726013,0,0.0305506996810436
0,0.0979450792074203,0,0.0042097270488739,0,0.0321269407868385,0,0.0050393398851156
0,0.0347633324563503,0,0.0554773584008216,0,0.1033302173018455,0,0.0016768011264503
0,0.7203224897384644,0,0.9522084593772888,0,0.9116798639297484,0,0.8211151361465454
0,0.6367065906524658,0,0.5269270539283752,0,0.6265173554420471,0,0.1277960240840912
0,0.6422114968299866,0,0.8780881762504578,0,0.918077290058136,0,0.3569616079330444
0,0.0012379250256344,0,0.0049898703582584,0,0.0069087701849639,0,0.0006789875915274
0,0.00146040529944,0,0.0027676022145897,0,0.0012449643108993,0,0.0007523100939579
0,0.0502991341054439,0,0.0008834135369397,0,0.0097217205911874,0,0.0045501985587179
0,0.0027374599594622,0,0.0001167789450846,0,0.0006232315208762,0,0.0001857263996498
0,0.0024521262384951,0,0.0004308100324124,0,0.0010963106760755,0,0.0002008034352911
0,0.0044275433756411,0,0.0030573660042136,0,0.002929147100076,0,0.0013143534306436
0,0.0403667613863945,0,0.0045542451553046,0,0.0137891639024019,0,0.0141413006931543
0,0.2337047010660171,0,0.0433696582913398,0,0.1016644388437271,0,0.010056022554636
0,0.4350636601448059,0,0.0113935628905892,0,0.0245737824589014,0,0.0860174968838691
0,0.0042729079723358,0,0.0028939780313521,0,0.00333166657947,0,0.0018010451458394
0,0.0040247575379908,0,0.0018533645197749,0,0.0007382473559118,0,0.0006588895921595
0,0.0262514352798461,0,0.0059661851264536,0,0.0104049751535058,0,0.001430818112567
0,0.4545367360115051,0,0.0023991363123059,0,0.066945768892765,0,0.0383450277149677
0,0.0294303651899099,0,0.0019497278844937,0,0.0520635172724723,0,0.0027168956585228
0,0.0039429226890206,0,0.0020321393385529,0,0.0013794532278552,0,0.0002792652521748
0,0.0054625710472464,0,0.0009164445800706,0,0.000335816439474,0,0.0004959747311659
0,0.3128666579723358,0,0.4020389318466186,0,0.0169697999954223,0,0.0074857766740024
0,0.0020048688165843,0,0.0006794497021473,0,0.0005430637393146,0,0.0004347175126895
0,0.3710268437862396,0,0.0032053128816187,0,0.2335567474365234,0,0.0740654841065406
0,0.0217304397374391,0,0.0008006174466572,0,0.0055098696611821,0,0.0022949792910367
0,0.0023397207260131,0,0.0070676789619028,0,0.0004862560890614,0,0.0001291384396608
0,0.0029225852340459,0,0.0033738212659955,0,0.0002840915694832,0,0.0004309013893362
0,0.0059948805719614,0,0.0018567196093499,0,0.001626506447792,0,0.0016159751685336
0,0.2924650311470032,0,0.0095594581216573,0,0.0163455866277217,0,0.0218378193676471
0,0.2107700556516647,0,0.0135889686644077,0,0.1692742258310318,0,0.0027907700277864
0,0.020368605852127,0,0.0161472894251346,0,0.0767156779766082,0,0.0071226330474019
0,0.0041872453875839,0,0.0009901352459564,0,0.0031764190644025,0,0.0002465977158863
0,0.0048707099631428,0,0.0020352303981781,0,0.001855322276242,0,0.0003415477694943
0,0.0105350539088249,0,0.0110812801867723,0,0.0087725920602679,0,0.0010191468754783
0,0.0140640446916222,0,0.006026383023709,0,0.0121277878060936,0,0.0115083707496523
0,0.1124526783823967,0,0.0826178565621376,0,0.1979022622108459,0,0.0020591670181602
0,0.4014535844326019,0,0.4917938411235809,0,0.9656062722206116,0,0.0554662011563777
0,0.0209347922354936,0,0.004740878008306,0,0.0075996094383299,0,0.001451764605008
0,0.1685235351324081,0,0.0321397855877876,0,0.131284013390541,0,0.0052454606629908
0,0.017382463440299,0,0.0049378024414181,0,0.0013981534866616,0,0.0014729951508343
0,0.0387301407754421,0,0.0032017831690609,0,0.0923258066177368,0,0.0220311842858791
0,0.0524999313056468,0,0.0071713523939251,0,0.0064280112273991,0,0.0013953833840787
0,0.0241654198616743,0,0.0143273174762725,0,0.0051708719693124,0,0.0011894080089405
0,0.1010178476572036,0,0.0069871209561824,0,0.2418856024742126,0,0.0125481402501463
0,0.0378589518368244,0,0.0056618517264723,0,0.1044923812150955,0,0.0131900543347001
0,0.0040628514252603,0,0.0014119361294433,0,0.0256922431290149,0,0.000653711205814
0,0.1244878694415092,0,0.0588033534586429,0,0.0148329231888055,0,0.0024569889064878
0,0.0179424826055765,0,0.0118429269641637,0,0.0008371940348297,0,0.0012896821135655
0,0.0488814264535903,0,0.0127907302230596,0,0.0857926234602928,0,0.0265451520681381
0,0.0094245700165629,0,0.0257396344095468,0,0.0019308470655232,0,0.0008656056597828
0,0.0123089924454689,0,0.0026451940648257,0,0.0013084287056699,0,0.001402796129696
0,0.0139616886153817,0,0.01662128418684,0,0.0060238414444029,0,0.0017169250641018
0,0.1238350495696067,0,0.2211514711380005,0,0.2345313876867294,0,0.0196634344756603
0,0.0409474447369575,0,0.000292657117825,0,0.0013245865702629,0,0.0119428597390651
0,0.0068269609473645,0,0.0001200137339765,0,0.0019445737125352,0,0.0057771941646933
0,0.7379921078681946,0,0.082302413880825,0,0.3004153072834015,0,0.3026297986507416
0,0.0261403229087591,0,0.0028800850268453,0,0.101916991174221,0,0.0121640665456652
0,0.0007159443339332,0,0.00032452805317,0,0.0008123368024826,0,0.0005274686263874
0,0.1159482225775718,0,0.0138046303763985,0,0.2232185900211334,0,0.0055663660168647
0,0.0040135839954018,0,0.0017777017783373,0,0.0148221123963594,0,0.003375181229785
0,0.0902102887630462,0,0.0172539874911308,0,0.2110466957092285,0,0.0070155118592083
0,0.0015552138211205,0,0.0004657291283365,0,0.0012361753033474,0,0.0009185562958009
0,0.2296289950609207,0,0.0507837384939193,0,0.7043669819831848,0,0.0041987453587353
0,0.0164842717349529,0,0.0013994870241731,0,0.0498124361038208,0,0.0249414481222629
0,0.0029861901421099,0,0.0008942717104218,0,0.0027062857989221,0,0.0014434293843805
0,0.0145285930484533,0,0.0014968129107728,0,0.0008137368131428,0,0.0062157469801604
0,0.3871307373046875,0,0.0409402810037136,0,0.5661401152610779,0,0.0729221552610397
0,0.0135169820860028,0,0.0003736012731678,0,0.0069012562744319,0,0.0010263303993269
0,0.0241996478289365,0,0.0032359969336539,0,0.0012292987667024,0,0.0020872808527201
0,0.3359529972076416,0,0.0271638892590999,0,0.4418953955173492,0,0.088867075741291
0,0.0143501022830605,0,0.0005495855002664,0,0.0060089933685958,0,0.0008736281888559
0,0.1092555969953537,0,0.4805232584476471,0,0.0334665179252624,0,0.0092621436342597
0,0.5665426850318909,0,0.0855970531702041,0,0.0188834182918071,0,0.0097241168841719
0,0.4354858994483948,0,0.5738153457641602,0,0.001878066221252,0,0.0503992103040218
0,0.0014932068297639,0,0.0006626212853007,0,0.0011563303414732,0,5.69113326491788e-05
0,0.0021396176889538,0,0.000226913311053,0,0.0006493611726909,0,0.0005335151217877
0,0.0165705736726522,0,0.0054461769759655,0,0.0029896306805312,0,0.0022361883893609
0,0.3232935965061188,0,0.0022041376214474,0,0.0043149539269506,0,0.0016280077397823
0,0.0043372041545808,0,0.0014285931829363,0,0.0149004124104976,0,0.0027206940576434
0,0.0031909204553812,0,0.0027213813737034,0,0.0902908071875572,0,0.015572240576148
0,0.0342376008629798,0,0.0039974027313292,0,0.053877018392086,0,0.0020968962926417
0,0.0015278471400961,0,0.000140785050462,0,0.0007150589954108,0,0.0002003583795158
0,0.0076105794869363,0,0.0002190976956626,0,0.0030702978838235,0,0.0009849196067079
0,0.0013029383262619,0,3.089501478825696e-05,0,0.0005524673615582,0,8.115392847685143e-05
0,0.0156065290793776,0,0.0014899671077728,0,0.0001711171789793,0,0.0001584673300385
0,0.0035468777641654,0,0.0013260146370157,0,0.0049440572038292,0,0.0019406387582421
0,0.0044618365354835,0,0.0016396973514929,0,0.0023882088717073,0,0.0010237995302304
0,0.003206972265616,0,0.0138983791694045,0,0.0013929065316915,0,0.0029736962169408
0,0.0033889182377606,0,0.0112143345177173,0,0.0005229279049672,0,0.0003635538450907
0,0.4129882752895355,0,0.1325992196798324,0,0.140891745686531,0,0.0050663906149566
0,0.0100168986245989,0,0.0045203091576695,0,0.0078831259161233,0,0.0048649511300027
0,0.0087158856913447,0,0.0036771027371287,0,0.0234879478812217,0,0.002812101971358
0,0.3534876704216003,0,0.1128991320729255,0,0.2522241771221161,0,0.009567329660058
0,0.0899903550744056,0,0.3448639214038849,0,0.6863455772399902,0,0.0054350048303604
0,0.0872553959488868,0,0.2369648069143295,0,0.0378846824169158,0,0.0288549773395061
0,0.0114909671247005,0,0.0018821475096046,0,0.0920213907957077,0,0.0046280617825686
0,0.0068431906402111,0,0.0017103243153542,0,0.0119558526203036,0,0.0042935539968311
0,0.0680771842598915,0,0.230582445859909,0,0.8392033576965332,0,0.0049797100946307
0,0.0118265375494956,0,0.001490164315328,0,0.0051621054299175,0,0.000248286902206
0,0.2806019186973572,0,0.0741073191165924,0,0.518202543258667,0,0.0032959338277578
0,0.0024838948156684,0,0.0008763152291066,0,0.0041330372914671,0,0.0001253789960173
0,0.1896383166313171,0,0.0238053910434246,0,0.3946388959884643,0,0.0018190605333074
1,0.9042377471923828,1,0.9056620597839355,1,0.7390219569206238,1,0.3916969895362854
1,0.0261583533138036,1,0.0063508325256407,1,0.0557553470134735,1,0.0019191377796232
1,0.7242655158042908,1,0.9457102417945862,1,0.1451406329870224,1,0.1217011064291
1,0.7791913151741028,1,0.0679191052913665,1,0.9771729707717896,1,0.459339827299118
1,0.8858639597892761,1,0.9830219745635986,1,0.9460508227348328,1,0.1753213554620742
1,0.0062622423283755,1,0.0021033550146967,1,0.0027909304480999,1,0.011356171220541
1,0.0062910765409469,1,0.0049211513251066,1,0.0117231793701648,1,0.0076293437741696
1,0.0138777624815702,1,0.0118663869798183,1,0.0205561816692352,1,0.0121398149058222
1,0.0389838516712188,1,0.0032045966945588,1,0.0146644748747348,1,0.1569442152976989
1,0.2770892083644867,1,0.0038701244629919,1,0.0223375093191862,1,0.5204746723175049
1,0.537769079208374,1,0.0082637900486588,1,0.0717404931783676,1,0.6113129258155823
1,0.3124178647994995,1,0.1087254211306572,1,0.151424691081047,1,0.0097573809325695
1,0.3169803619384765,1,0.6108390688896179,1,0.8967109322547913,1,0.2142401039600372
1,0.0127449054270982,1,0.0195466633886098,1,0.0050962679088115,1,0.0106239495798945
1,0.9048149585723876,1,0.9776976704597472,1,0.9166513085365297,1,0.9671502709388732
1,0.4861999452114105,1,0.8802894949913025,1,0.9085460901260376,1,0.1737450063228607
1,0.8578476309776306,1,0.8549820184707642,1,0.8238396644592285,1,0.0215193424373865
1,0.7610108852386475,1,0.2615599334239959,1,0.9922027587890624,1,0.0404789224267005
1,0.0031894133426249,1,0.0034975321032106,1,0.0032928576692938,1,0.0006869971984997
1,0.7335070371627808,1,0.4699174761772156,1,0.9628534317016602,1,0.7782475352287292
1,0.9295386672019958,1,0.4057876467704773,1,0.0913975089788436,1,0.0404534488916397
0,0.0347647257149219,0,0.0044335084967315,0,0.0014873878099024,0,0.0007781864842399
0,0.0113044772297143,0,0.0069281058385968,0,0.0010999045334756,0,0.0003968877717852
0,0.0189376641064882,0,0.0442801713943481,0,0.0015016812831163,0,0.0342916287481784
0,0.0167152099311351,0,0.0103986477479338,0,0.0020958001259714,0,0.0052044303156435
0,0.025727579370141,0,0.0008016006904654,0,0.0005131265497766,0,0.0002547211479395
0,0.002655227901414,0,0.0004888302646577,0,0.0028187178540974,0,0.0007870495901443
0,0.0051099727861583,0,0.0015749990707263,0,0.0167906433343887,0,0.0016098391497507
0,0.0166757479310035,0,0.0061386739835143,0,0.0182610042393207,0,0.0006153436843305
0,0.0132086370140314,0,0.0018265636172145,0,0.0299144331365823,0,0.0021429453045129
0,0.0549043715000152,0,0.0608815029263496,0,0.0845887959003448,0,0.0046796519309282
0,0.0366805680096149,0,0.0027894049417227,0,0.0011018776567652,0,0.0001931358128786
0,0.0412217453122139,0,0.0020520575344562,0,0.002611291129142,0,0.0001560147793497
0,0.0086423065513372,0,0.0013542467495426,0,0.0060582514852285,0,0.1146089285612106
0,0.029449600726366,0,0.0086248144507408,0,0.0613792426884174,0,0.2422075122594833
0,0.4565606415271759,0,0.0529664233326911,0,0.942622184753418,0,0.0569616928696632
0,0.414238303899765,0,0.2908307313919067,0,0.986234486103058,0,0.0947939604520797
0,0.3722953796386719,0,0.0853230059146881,0,0.3914778530597687,0,0.0265247467905282
0,0.4129982888698578,0,0.3127335011959076,0,0.982061803340912,0,0.1437017321586609
0,0.1954804509878158,0,0.0737639367580413,0,0.0637942776083946,0,0.0201726574450731
0,0.5949109792709351,0,0.0125947473570704,0,0.465703547000885,0,0.0024566922802478
0,0.0434612967073917,0,0.004134670831263,0,0.0059178117662668,0,0.0053498358465731
0,0.0110317012295126,0,0.0221103504300117,0,0.0047908569686114,0,0.0040278993546962
0,0.0095822168514132,0,0.0006046036724001,0,0.0002113437949446,0,0.0002413137990515
0,0.6352266669273376,0,0.0084728877991437,0,0.4318042695522308,0,0.0057501615956425
0,0.0302642285823822,0,0.0100149372592568,0,0.0026901031378656,0,0.0048373136669397
0,0.0254629012197256,0,0.0228906143456697,0,0.0340455211699008,0,0.0042679766193032
0,0.1711291670799255,0,0.0205057114362716,0,0.6494961977005005,0,0.0300958398729562
0,0.0117741087451577,0,0.0016686972230672,0,0.0050539714284241,0,0.001332648913376
0,0.0125000206753611,0,0.0041749523952603,0,0.0038199934642761,0,0.0008624380570836
0,0.0047700968571007,0,0.0027908973861485,0,0.0150384958833456,0,0.051463346928358
0,0.0061042439192533,0,0.0026529117021709,0,0.0026078803930431,0,0.0010402937186881
0,0.0055543244816362,0,0.0005476830992847,0,0.0183150526136159,0,0.0026469056028872
0,0.0300989523530006,0,0.007258319761604,0,0.0811343714594841,0,0.002684214618057
0,0.3186485767364502,0,0.9560859203338624,0,0.8842169642448425,0,0.0278993062674999
0,0.6523435115814209,0,0.9747562408447266,0,0.8905110359191895,0,0.2192884087562561
0,0.1057706549763679,0,0.0403947345912456,0,0.003987287171185,0,0.0009073768160305
0,0.1410504579544067,0,0.031248465180397,0,0.0045876293443143,0,0.0005690405378118
0,0.0013204632559791,0,0.0002409817680018,0,0.000630717840977,0,0.0002291183918714
0,0.0064832367934286,0,0.0009069748339243,0,0.0077311471104621,0,0.0011236538412049
0,0.0035282401368021,0,0.0003351356426719,0,3.5545130231184885e-05,0,0.0003905640332959
0,0.0049264170229434,0,0.0005260153557173,0,0.0012874545063823,0,0.0006925736670382
0,0.0013637363445013,0,0.0006477812421508,0,0.0004899865016341,0,0.0002447218284942
0,0.0048904712311923,0,0.0021995364222675,0,0.0005405702977441,0,0.0004049504350405
0,0.0031639961525797,0,0.0016198293305933,0,0.0114132370799779,0,0.0006184910889714
0,0.0010204268619418,0,0.0001223543658852,0,0.0001404886861564,0,0.0001797278528101
0,0.0018287765560671,0,0.0010738959535956,0,0.0004670236376114,0,0.0014462389517575
0,0.0017745677614584,0,0.0004177450609859,0,0.0011803016532212,0,0.0001567721774335
0,0.2057318538427353,0,0.0150579120963811,0,0.0310136098414659,0,0.0073276464827358
0,0.0017661930760368,0,0.0010363818146288,0,0.0012767474399879,0,0.0009885262697935
0,0.0606071539223194,0,0.0023110974580049,0,0.0053822337649762,0,0.00903604272753
0,0.003142378758639,0,0.0007415649015456,0,0.0005661759059876,0,0.0007929754210636
0,0.3608625531196594,0,0.0036637014709413,0,0.0213498659431934,0,0.0152180427685379
0,0.7841647863388062,0,0.7513898015022278,0,0.6607685685157776,0,0.4236109256744385
0,0.6612306833267212,0,0.9458214044570924,0,0.3764631748199463,0,0.4051383435726166
0,0.1148119419813156,0,0.0059585091657936,0,0.4371427297592163,0,0.0161523036658763
0,0.2645516693592071,0,0.0018091575475409,0,0.0137412156909704,0,0.0006567417294718
0,0.1597634255886078,0,0.0040793870575726,0,0.0030634577851742,0,0.0304279327392578
0,0.3477376401424408,0,0.1979799419641494,0,0.8700547218322754,0,0.2004671245813369
0,0.0061373272910714,0,0.0023810181301087,0,0.0022315958049148,0,0.0019610633607953
0,0.002934830263257,0,0.000798191584181,0,0.0033699709456413,0,0.0019138440256938
0,0.0228940099477767,0,0.0408177487552166,0,0.00390095426701,0,0.0023048073053359
0,0.0234396699815988,0,0.0032136098016053,0,0.0064223343506455,0,0.00406986894086
0,0.0037821934092789,0,0.0083529260009527,0,0.0010152989998459,0,0.0013353792019188
0,0.0052526416257023,0,0.013172804377973,0,0.0029969979077577,0,0.0103119984269142
0,0.0126139335334301,0,0.0001967708813026,0,0.0015324820997193,0,0.003006913466379
0,0.0089483335614204,0,0.0018000364070758,0,0.0093703400343656,0,0.0021222126670181
0,0.6116721034049988,0,0.8001564145088196,0,0.9626049995422364,0,0.0151848765090107
0,0.1389293819665908,0,0.0098788477480411,0,0.0150523036718368,0,0.0039405208081007
0,0.0186436958611011,0,0.0041057430207729,0,0.0123238889500498,0,0.0008642865577712
0,0.0037606980185955,0,0.002404244383797,0,0.0123850852251052,0,0.0002204650518251
0,0.1073429211974144,0,0.050660029053688,0,0.5747073888778687,0,0.0182409640401601
0,0.0745017528533935,0,0.0165789909660816,0,0.8863692283630371,0,0.0413921736180782
0,0.5276288390159607,0,0.2018188685178756,0,0.8529424667358398,0,0.154976487159729
0,0.0724870860576629,0,0.0170216541737318,0,0.6211787462234497,0,0.0208745505660772
0,0.5881022810935974,0,0.0046591749414801,0,0.4642592668533325,0,0.0171705670654773
0,0.1125704422593116,0,0.1699006408452987,0,0.0795208290219307,0,0.0102207399904727
0,0.3799314498901367,0,0.0181380789726972,0,0.018541382625699,0,0.003388101933524
0,0.5418117046356201,0,0.1407755613327026,0,0.4682856202125549,0,0.0038944249972701
0,0.3162072598934173,0,0.0116443531587719,0,0.1665162742137909,0,0.00949143525213
0,0.0845038369297981,0,0.0192261431366205,0,0.0557031109929084,0,0.0130359288305044
0,0.0330751091241836,0,0.0011314668226987,0,0.0006950906827114,0,0.0008471963810734
0,0.0235539693385362,0,0.0007679215050302,0,0.0007903844234533,0,0.0007403288618661
0,0.0191684029996395,0,0.0043515865691006,0,0.0022709050681442,0,0.0014130453346297
0,0.0504492707550525,0,0.003020821372047,0,0.0019543522503226,0,0.0001949969446286
0,0.0532750897109508,0,0.0158270802348852,0,0.011190983466804,0,0.0002909417380578
0,0.0093071805313229,0,0.0012696364428848,0,0.000349645211827,0,0.0009106646175496
0,0.0086688688024878,0,0.0082215471193194,0,0.0022634766064584,0,0.003027266357094
0,0.3207425773143768,0,0.0316311791539192,0,0.3901422023773193,0,0.1422491818666458
0,0.2219118326902389,0,0.001553552574478,0,0.0025057909078896,0,0.0056769261136651
0,0.1803539395332336,0,0.0008485260768793,0,0.0082435831427574,0,0.0040516355074942
0,0.0132791278883814,0,0.0509626418352127,0,0.0070067271590232,0,0.0009854673407971
0,0.6780157089233398,0,0.5319815278053284,0,0.0649831965565681,0,0.0034332829527556
0,0.1095511093735694,0,0.053845502436161,0,0.0050937612541019,0,0.0024331130553036
0,0.587049126625061,0,0.2867336869239807,0,0.1777911484241485,0,0.0111129023134708
0,0.02248465269804,0,0.0158913452178239,0,0.0312635824084281,0,0.001172604621388
0,0.0549844317138195,0,0.0192357748746871,0,0.005382205825299,0,0.0095436237752437
0,0.7292497158050537,0,0.4729575216770172,0,0.3876179754734039,0,0.0622752904891967
0,0.0818037912249565,0,0.0133123891428112,0,0.1001134514808654,0,0.0038162721320986
0,0.1680041998624801,0,0.0772474855184555,0,0.0098679773509502,0,0.0160737540572881
0,0.7113347053527832,0,0.6011717915534973,0,0.2899099588394165,0,0.0222944151610136
0,0.1038964316248893,0,0.034914169460535,0,0.0354558825492858,0,0.0128024518489837
0,0.0126777468249201,0,0.0014823356177657,0,0.0133117130026221,0,0.0002278355386806
0,0.010606306605041,0,0.0021544378250837,0,0.0107555948197841,0,0.0001660617272136
0,0.0200128238648176,0,0.0024441657587885,0,0.0127099631354212,0,0.0032237300183624
0,0.0072049093432724,0,0.0016965339891612,0,0.0135628124698996,0,0.0001858516625361
0,0.467460572719574,0,0.5494009256362915,0,0.0278136283159255,0,0.0011196406558156
0,0.3304188549518585,0,0.2249673753976822,0,0.0484245903789997,0,0.0006094638374634
0,0.1465444415807724,0,0.0092064375057816,0,0.0036197362933307,0,0.0002062273269984
0,0.0404616892337799,0,0.0202977210283279,0,0.0299603175371885,0,0.00131184712518
0,0.0026190956123173,0,0.0005213020485825,0,0.000254060694715,0,0.0010390274692326
0,0.0074911746196448,0,0.0095254592597484,0,0.0024088050704449,0,0.000772135972511
0,0.0640914738178253,0,0.0038072292227298,0,0.1576118618249893,0,0.0015838547842577
0,0.0292053204029798,0,0.0032895132899284,0,0.0028212387114763,0,0.0021382796112447
0,0.0017286851070821,0,0.0013843983178958,0,0.0010880567133426,0,0.0015388173051178
0,0.0036737686023116,0,0.0122044244781136,0,0.0010842635529115,0,0.0011873120674863
0,0.2268110811710357,0,0.0732365846633911,0,0.7008800506591797,0,0.394486516714096
0,0.0071049234829843,0,0.0021836336236447,0,0.0107337497174739,0,0.0014929402386769
0,0.0087611675262451,0,0.0038328804075717,0,0.0042002866975963,0,0.0115587916225194
0,0.0032164813019335,0,0.0203933157026767,0,0.0005655559361912,0,0.0025371245574206
0,0.0148171624168753,0,0.0079129496589303,0,0.0027283991221338,0,0.0009599699988029
0,0.0063608451746404,0,0.0010388388764113,0,0.0015792179619893,0,0.0004286086768843
0,0.0100564593449234,0,0.0035835446324199,0,0.0168058052659034,0,0.0003747574228327
0,0.0727166384458541,0,0.1746512502431869,0,0.103053331375122,0,0.0042884931899607
0,0.0065796999260783,0,0.0041149440221488,0,0.0059605371206998,0,0.0007383310585282
0,0.132238894701004,0,0.0046089859679341,0,0.0117211453616619,0,0.004265290684998
0,0.6777797937393188,0,0.0024604543577879,0,0.2615696489810943,0,0.0036284541711211
0,0.027528928592801,0,0.0128496037796139,0,0.0365606471896171,0,0.0023981244303286
0,0.0034376122057437,0,0.0043789301998913,0,0.0106295896694064,0,0.0014928166056051
0,0.0063117411918938,0,0.0008406285196542,0,0.0007360426243394,0,0.0171171147376298
0,0.0583266392350196,0,0.0165964476764202,0,0.0054413364268839,0,0.0007778758299537
0,0.0030014037620276,0,0.0015712460735812,0,0.0032428086269646,0,0.0002055004733847
0,0.0040057590231299,0,0.000533900456503,0,0.000553309218958,0,0.0008341700886376
0,0.0031527099199593,0,0.0034224388655275,0,0.0010047388495877,0,0.0019335146062076
0,0.0088794166222214,0,0.0036324230022728,0,0.0013530839933082,0,0.0005087237805128
0,0.0011577608529478,0,0.0014988426119089,0,0.004280874505639,0,0.000360834354069
0,0.0053446879610419,0,0.0043948665261268,0,0.0045122532173991,0,0.0023035258054733
0,0.1142714396119117,0,0.0097496025264263,0,0.0023636592086404,0,0.0001931558799697
0,0.8199071884155273,0,0.0272784698754549,0,0.2258923947811126,0,0.941267728805542
0,0.0023912223987281,0,0.0307454206049442,0,0.0017360001802444,0,0.0016896558227017
0,0.01992610655725,0,0.0032116079237312,0,0.0075348680838942,0,0.0105078043416142
0,0.0015212353318929,0,0.0165351945906877,0,0.0027089032810181,0,0.0011309247929602
0,0.0478194057941436,0,0.0089363455772399,0,0.0123186009004712,0,0.0049006966874003
0,0.0020808598492294,0,0.0003994704165961,0,0.0031564629171043,0,0.0062495428137481
0,0.0020606666803359,0,0.0099931517615914,0,0.0032992048654705,0,0.0020814361050724
0,0.0035033419262617,0,0.0003174573066644,0,0.0032727618236094,0,0.002708894200623
0,0.0240711364895105,0,0.000491282378789,0,0.0035028024576604,0,0.000271773955319
0,0.0655335038900375,0,0.007513219024986,0,0.017913032323122,0,0.0610873028635978
0,0.0827780291438102,0,0.0032902713865041,0,0.0090716751292347,0,0.0175496656447649
0,0.0501759126782417,0,0.0006010542856529,0,0.0035751892719417,0,8.170478395186365e-05
0,0.036581203341484,0,0.0059625268913805,0,0.0075987284071743,0,0.0138991763815283
0,0.0543873384594917,0,0.0034358582925051,0,0.0154721215367317,0,0.0013606358552351
0,0.0268213395029306,0,0.0017625063192099,0,0.0083403829485178,0,0.005277915392071
0,0.0165626816451549,0,0.0048781596124172,0,0.0296237263828516,0,0.0253454241901636
0,0.0517170131206512,0,0.0045663132332265,0,0.0409668870270252,0,0.0153601337224245
0,0.0955319106578826,0,0.0418265052139759,0,0.0037393402308225,0,0.0027892631478607
0,0.0628303736448288,0,0.0081474855542182,0,0.0172220151871442,0,0.007064193021506
0,0.0128813069313764,0,0.0044722720049321,0,0.0030936144758015,0,0.0048128529451787
0,0.0237258300185203,0,0.0012575847795233,0,0.0119956526905298,0,0.0041211629286408
0,0.0375313311815261,0,0.0527597405016422,0,0.9288540482521056,0,0.0117263672873377
0,0.2180641740560531,0,0.0826892927289009,0,0.4746602475643158,0,0.818118691444397
0,0.0268503129482269,0,0.0017487994628027,0,0.046858575195074,0,0.0014788102125748
0,0.0135616129264235,0,0.0006923209875822,0,0.0050256852991878,0,0.0009982159826904
0,0.0023925912100821,0,0.0008427498978562,0,0.0002553577360231,0,0.0003215968608856
0,0.0026178266853094,0,0.0006288238801062,0,0.0016899816691875,0,9.0853325673379e-05
0,0.0044166441075503,0,0.0005584527971222,0,0.0022791048977524,0,0.0001439045736333
0,0.0043526939116418,0,0.0119048980996012,0,0.0016221236437559,0,0.0005424335831776
0,0.6399202942848206,0,0.3765232563018799,0,0.0317183919250965,0,0.3642317354679107
0,0.4161987006664276,0,0.3021674454212188,0,0.0598376877605915,0,0.1036442965269088
0,0.8783814907073975,0,0.7333666086196899,0,0.0909637957811355,0,0.9703434109687804
0,0.0045918296091258,0,0.0004382040351629,0,0.0008028437732718,0,0.0002248209348181
0,0.1672296375036239,0,0.0810614600777626,0,0.1808753162622451,0,0.0023224763572216
0,0.0741497352719307,0,0.1647550016641616,0,0.8815491795539856,0,0.0065698334947228
0,0.1287883669137954,0,0.4725705981254577,0,0.5181190967559814,0,0.0381125174462795
0,0.1296446919441223,0,0.3043051660060882,0,0.9497532248497008,0,0.0467370525002479
0,0.019384991377592,0,0.0023966454900801,0,0.0015539902960881,0,0.0007013588910922
0,0.0113129056990146,0,0.0044087111018598,0,0.0101055772975087,0,0.0011251255637034
0,0.1508803814649582,0,0.0006352920318022,0,0.0678458213806152,0,0.0015930929221212
0,0.0077521945349872,0,0.0070052877999842,0,0.0145278898999094,0,0.0778996795415878
0,0.0076179690659046,0,0.0402337051928043,0,0.0230744834989309,0,0.0069374358281493
0,0.0056149144656956,0,0.0118531212210655,0,0.0153900692239403,0,0.0092708729207515
0,0.0422155074775218,0,0.0010379025479778,0,0.0019348870264366,0,0.000992247252725
0,0.5065306425094604,0,0.0010969783179461,0,0.4431516826152801,0,0.0611152797937393
0,0.0314173512160778,0,0.0034462613984942,0,0.021629324182868,0,0.0239625833928585
0,0.107136070728302,0,0.008472891524434,0,0.0248885471373796,0,0.173969492316246
0,0.0962849557399749,0,0.2917117178440094,0,0.953111171722412,0,0.0090940222144126
0,0.0537542328238487,0,0.1565039157867431,0,0.4424968659877777,0,0.0100655732676386
0,0.045947078615427,0,0.0851713046431541,0,0.7987546324729919,0,0.0215522162616252
0,0.1589606702327728,0,0.0060031544417142,0,0.2512742877006531,0,0.0001405846414854
0,0.0149220004677772,0,0.0053061535581946,0,0.0188282523304224,0,0.0011487954761832
0,0.1120155751705169,0,0.2693752348423004,0,0.062908723950386,0,0.0031429030932486
0,0.0211132634431123,0,0.0028451611287891,0,0.0074001238681375,0,0.0019882132764905
0,0.1603908687829971,0,0.3587685525417328,0,0.0872467160224914,0,0.0091057298704981
0,0.0039364951662719,0,0.0004754367109853,0,0.0007173269987106,0,0.0006896933773532
0,0.0314719714224338,0,0.0071074371226131,0,0.0167313627898693,0,0.0003459475410636
0,0.0033078431151807,0,0.0017049617599695,0,0.0027284899260848,0,0.0002754526503849
0,0.000889079819899,0,0.0027927123010158,0,0.0006382400169968,0,0.0007353877881541
0,0.1313543617725372,0,0.0109665663912892,0,0.039296768605709,0,0.0007069163839332
0,0.0206943769007921,0,0.0270282868295907,0,0.0032395136076956,0,0.0008320615743286
0,0.0014202169841155,0,0.0009810003684833,0,0.0035493776667863,0,0.0006108158268034
0,0.1092754900455474,0,0.0063772499561309,0,0.0159518960863351,0,0.0005740030319429
0,0.0116594536229968,0,0.0021311347372829,0,0.0041590435430407,0,0.0066785216331481
0,0.0859676674008369,0,0.0066222306340932,0,0.0069589237682521,0,0.0210322197526693
0,0.0319836810231208,0,0.041429154574871,0,0.0108862351626157,0,0.0021398123353719
0,0.0334327146410942,0,0.0167912747710943,0,0.0632391795516014,0,0.0020379594061523
0,0.1193625628948211,0,0.0245211087167263,0,0.0204489827156066,0,0.0032101734541356
0,0.0029109532479196,0,0.0015490265795961,0,0.0005662547191604,0,0.0008533240761607
0,0.0038902671076357,0,0.0004477149632293,0,0.0014924627030268,0,0.0014872574247419
0,0.0077002439647912,0,0.0042430697940289,0,0.0026226877234876,0,0.0013719981070607
0,0.0028194442857056,0,0.0005499111721292,0,0.0011721010087057,0,0.0023935383651405
0,0.0204935278743505,0,0.0404969975352287,0,0.00276560918428,0,0.0001649144105613
0,0.0059492443688213,0,0.0008210238884203,0,0.0033160739112645,0,0.0007604778511449
0,0.1991374343633651,0,0.0144324395805597,0,0.0261814873665571,0,0.0024841900449246
0,0.0205754730850458,0,0.0072413147427141,0,0.0025661075487732,0,0.0015934781404212
0,0.0039382306858897,0,0.0001657109096413,0,0.0024491385556757,0,0.0021929228678345
0,0.0035138868261128,0,0.0009433073573745,0,0.0010128576541319,0,0.0007353815017268
0,0.1058806180953979,0,0.0252138953655958,0,0.0642410367727279,0,0.0016050150152295
0,0.1179170385003089,0,0.0133654624223709,0,0.0004667870525736,0,0.2637907862663269
0,0.0060260687023401,0,0.0092805083841085,0,0.0098047787323594,0,0.0036248029209673
0,0.3141575455665588,0,0.0035068045835942,0,0.0092890132218599,0,0.0055984505452215
0,0.0009630834101699,0,0.0006391429924406,0,0.0001796707947505,0,0.0003160238848067
0,0.0025807421188801,0,0.0028643093537539,0,0.0003462625318206,0,0.0009220386855304
0,0.0046029211953282,0,0.0019062019418925,0,0.0002569310017861,0,0.000862076121848
0,0.0253035966306924,0,0.5374588370323181,0,0.0178325548768043,0,0.028334442526102
0,0.0426873415708541,0,0.1533045768737793,0,0.0054547865875065,0,0.0556717589497566
0,0.0050042499788105,0,0.0007174551719799,0,0.0114278811961412,0,0.0009106124634854
0,0.0215168744325637,0,0.0158906877040863,0,0.0051715862937271,0,0.0002807535347528
0,0.0097058778628706,0,0.0031669421587139,0,0.0042841644026339,0,0.0011646813945844
0,0.0029628823976963,0,0.0020282778423279,0,0.0022631189785897,0,0.001356603228487
0,0.0724800005555152,0,0.001081166206859,0,0.0111779412254691,0,0.0025972640141844
0,0.0043775266967713,0,0.0004306379705667,0,0.0151760522276163,0,0.0018046173499897
0,0.0048812902532517,0,0.0009073231485672,0,0.0030803869012743,0,0.001445609726943
0,0.0164099726825952,0,0.0079794330522418,0,0.0101398928090929,0,0.0026871904265135
0,0.1110222786664962,0,0.0027583292685449,0,0.003096021246165,0,0.0011744792573153
0,0.2794822752475738,0,0.0062609836459159,0,0.0052343681454658,0,0.0006070180097594
0,0.0130691295489668,0,0.0007875011651776,0,0.0007429339457303,0,0.0015059722354635
0,0.0023671358358114,0,0.0004818451125174,0,0.0058884052559733,0,0.0034555012825876
0,0.0102146593853831,0,0.0014022446703165,0,0.0122210439294576,0,0.0012877873377874
0,0.1124085783958435,0,0.0111867412924766,0,0.0086725782603025,0,0.0059883375652134
0,0.1490358710289001,0,0.0068771536462008,0,0.0045406036078929,0,0.0014275406720116
0,0.0141787491738796,0,0.0011436227941885,0,0.0004607784794643,0,0.000841180619318
0,0.0004538696375675,0,0.0029184781014919,0,0.0002559100394137,0,0.0004874650330748
0,0.010004611685872,0,0.0041566858999431,0,0.0008847711142152,0,0.0003255789051763
0,0.0802524760365486,0,0.0296799633651971,0,0.0836147293448448,0,0.000336967757903
0,0.0016580161172896,0,0.0010154059855267,0,0.0007846641237847,0,0.0019313055090606
0,0.0041225664317607,0,0.003082551760599,0,0.0008881332469172,0,0.0008651525131426
0,0.0066218827851116,0,0.0022311839275062,0,0.003203346626833,0,0.0105319134891033
0,0.0107728270813822,0,0.0054487185552716,0,0.0014458396472036,0,0.0019035339355468
0,0.0100836595520377,0,0.0028095466550439,0,0.0097470711916685,0,0.0013999509392306
0,0.0557802021503448,0,0.0281178336590528,0,0.0045577813871204,0,0.0002591992379166
0,0.5176674127578735,0,0.0318908467888832,0,0.0868310928344726,0,0.391519159078598
0,0.0756174623966217,0,0.0022081376519054,0,0.0030510500073432,0,0.0047102188691496
0,0.0035943007096648,0,0.0021000646520406,0,0.0135511439293622,0,0.0015143703203648
0,0.0020115431398153,0,0.0002470969047863,0,0.0008805055404081,0,0.000155721543706
0,0.1524166166782379,0,0.0029399376362562,0,0.0296993106603622,0,0.0001208194444188
0,0.0041752811521291,0,0.0036915780510753,0,0.0003953514678869,0,0.0062532336451113
0,0.0561805553734302,0,0.0076053156517446,0,0.0635949298739433,0,0.0336905792355537
0,0.0026191840879619,0,0.0007250775233842,0,0.0013385554775595,0,0.0004804170166607
0,0.279327392578125,0,0.2479036152362823,0,0.0082208281382918,0,0.0010441377526149
0,0.2378135919570922,0,0.0512309148907661,0,0.0082202488556504,0,0.0007723331800661
0,0.1091940328478813,0,0.0091577684506773,0,0.0105341598391532,0,0.0025069939438253
0,0.0102244121953845,0,0.0024526545312255,0,0.0097560677677392,0,0.0020476474892348
0,0.0031404555775225,0,0.0048599070869386,0,0.0035500894300639,0,0.000296150741633
0,0.0034477156586945,0,0.0259318724274635,0,0.003082065610215,0,0.0005405574920587
0,0.0032545928843319,0,0.0146034909412264,0,0.0034839357249438,0,0.0004249353951308
0,0.0771940052509307,0,0.0125877941027283,0,0.0514122061431407,0,0.0088861370459198
0,0.0299710053950548,0,0.004166365135461,0,0.0088272020220756,0,0.0023394445888698
1,0.0162147413939237,1,0.0048790578730404,1,0.0190330855548381,1,0.000790995080024
1,0.0094591192901134,1,0.008369879797101,1,0.0074050845578312,1,0.001373553997837
1,0.0508879385888576,1,0.0201710648834705,1,0.3720450401306152,1,0.0266540180891752
1,0.1310832053422927,1,0.0607107616961002,1,0.393049031496048,1,0.0195602569729089
1,0.1626638919115066,1,0.0662590861320495,1,0.6707289814949036,1,0.0127123445272445
1,0.3763886988162994,1,0.0674488916993141,1,0.4579050540924072,1,0.087261326611042
1,0.0168358329683542,1,0.0077199293300509,1,0.003831515321508,1,0.0182653181254863
1,0.0299520529806613,1,0.0164931155741214,1,0.0025172997266054,1,0.0107887657359242
1,0.0996378138661384,1,0.066549926996231,1,0.0147439129650592,1,0.0720022097229957
1,0.7510769963264465,1,0.9252889156341552,1,0.973029851913452,1,0.4839389324188232
1,0.7268390655517578,1,0.9396663308143616,1,0.9508649706840516,1,0.2821011245250702
1,0.955528438091278,1,0.7671561241149902,1,0.9912118315696716,1,0.7120108604431152
1,0.2740135192871094,1,0.5896344780921936,1,0.5208748579025269,1,0.2188731580972671
1,0.295626550912857,1,0.2655422389507293,1,0.8234230279922485,1,0.041014440357685
1,0.9108949899673462,1,0.3684295415878296,1,0.3644983768463135,1,0.1920968741178512
0,0.0177635345607996,0,0.007200039923191,0,0.0091064097359776,0,0.0004983579274266
0,0.0354802757501602,0,0.0062049725092947,0,0.1364985406398773,0,0.0035838715266436
0,0.5137738585472107,0,0.1291489899158477,0,0.1458709090948104,0,0.020914351567626
0,0.0043847821652889,0,0.0034623160026967,0,0.0012183296494185,0,0.0012641275534406
0,0.0549749471247196,0,0.0027617665473371,0,0.0031890904065221,0,0.0079260766506195
0,0.6563833355903625,0,0.3536154925823211,0,0.4661105275154114,0,0.108045682311058
0,0.0286773703992366,0,0.0061301765963435,0,0.0007117128116078,0,0.0050917486660182
0,0.4213062524795532,0,0.2167806476354599,0,0.0932084321975708,0,0.0250448249280452
0,0.333083301782608,0,0.1959651708602905,0,0.114360362291336,0,0.017860721796751
0,0.0291344299912452,0,0.010528733022511,0,0.0007387596415355,0,0.0062583019025623
0,0.4594654738903045,0,0.061915460973978,0,0.0339749306440353,0,0.0025493223220109
0,0.1007312163710594,0,0.0244325920939445,0,0.1514443457126617,0,0.0029831507708877
0,0.3922763168811798,0,0.8473942875862122,0,0.7419910430908203,0,0.0900291576981544
0,0.0034833364188671,0,0.0018967647338286,0,0.0009608215186744,0,0.0009842301951721
0,0.013283334672451,0,0.0074786595068871,0,0.0011863795807585,0,0.0004112360475119
0,0.0032451259903609,0,0.0008648158400319,0,0.0006076055578887,0,9.73671631072648e-05
0,0.0059990752488374,0,0.0040479619055986,0,0.0009121691109612,0,0.0009497911669313
0,0.0031184144318103,0,0.0008914770442061,0,0.0005127520416863,0,0.0038886135444045
0,0.0323966927826404,0,0.00793575681746,0,0.0011441212845966,0,8.591851656092331e-05
0,0.0046143243089318,0,0.0022270986810326,0,0.0017902920953929,0,0.0015656971372663
0,0.1238217130303382,0,0.1938375234603881,0,0.1200935021042823,0,0.0526068694889545
0,0.0006467288476414,0,0.0004435349837876,0,0.0004705614701379,0,0.0007955002365633
0,0.0148962214589118,0,0.0019289109623059,0,0.001299395924434,0,0.0011441502720117
0,0.0230183042585849,0,0.001605695229955,0,0.0033047019969671,0,0.0002673647541087
0,0.012025574222207,0,0.0057901609688997,0,0.0085502583533525,0,0.0031636385247111
0,0.0154413040727376,0,0.0081492690369486,0,0.000859587569721,0,0.0035779010504484
0,0.1841956824064254,0,0.0845318958163261,0,0.0159848202019929,0,0.0071060238406062
0,0.0448138676583766,0,0.0068495455197989,0,0.0080479746684432,0,0.0020253679249435
0,0.0102476486936211,0,0.0014942672569304,0,0.005744254682213,0,8.746145613258705e-05
0,0.038163635879755,0,0.0029847938567399,0,0.0075625972822308,0,0.0011910626199096
0,0.0163667518645524,0,0.001581706223078,0,0.0033599904272705,0,8.035383507376537e-05
0,0.0147130861878395,0,0.0016428729286417,0,0.0022967872209846,0,9.274894546251744e-05
0,0.1195701956748962,0,0.0011302296770736,0,0.0229465011507272,0,0.0090587474405765
0,0.0157044902443885,0,0.0006036395207047,0,0.001468580449,0,0.0004501733055803
0,0.0053735133260488,0,0.0003503233601804,0,0.0012624561786651,0,0.0001126412025769
0,0.0045778737403452,0,6.918837607372552e-05,0,0.0022317338734865,0,0.0001726517220959
0,0.8591579794883728,0,0.390699177980423,0,0.0033679665066301,0,0.0034798011183738
0,0.0558851920068264,0,0.0012423724401742,0,0.0683883875608444,0,0.0003670030273497
0,0.2650723755359649,0,0.0050381883047521,0,0.1018620133399963,0,0.0022019008174538
0,0.0070415423251688,0,0.1282429695129394,0,0.0006761521217413,0,0.0038030506111681
0,0.00262818695046,0,0.0035476963967084,0,0.007186044473201,0,0.0037218360230326
0,0.0303714461624622,0,0.0015602249186486,0,0.01245485432446,0,0.0089196292683482
0,0.0040792324580252,0,0.0019295793026685,0,0.0032031044829636,0,0.0073021384887397
0,0.0085986005142331,0,0.0022748995106667,0,0.0011878302320837,0,0.0020434327889233
0,0.0229375027120113,0,0.0049250619485974,0,0.0023428604472428,0,0.0013399982126429
0,0.0050406577065587,0,0.0019562169909477,0,0.0003989990800619,0,0.0008723608916625
0,0.0943599566817283,0,0.0010750398505479,0,0.0015005769673734,0,0.0073934057727456
0,0.0432216823101043,0,0.0567340403795242,0,0.5702054500579834,0,0.0528801791369915
0,0.0078370431438088,0,0.0024180677719414,0,0.0014622875023633,0,0.0111642563715577
0,0.0480041839182376,0,0.0448501296341419,0,0.5267186164855957,0,0.076759785413742
0,0.3251509368419647,0,0.206366091966629,0,0.7232843041419983,0,0.0061955149285495
0,0.1673112660646438,0,0.3620205819606781,0,0.1434397548437118,0,0.0008077502134256
0,0.7941195964813232,0,0.6284352540969849,0,0.986681580543518,0,0.7987018823623657
0,0.1041975915431976,0,0.198841705918312,0,0.0530117377638816,0,0.0006039240979589
0,0.0128737119957804,0,0.0066590481437742,0,0.0005179831641726,0,0.0004837448359467
0,0.0059651839546859,0,0.0010495425667613,0,0.0015908002387732,0,0.0003527973021846
0,0.0038006592076271,0,0.0008287485106848,0,0.0004006991221103,0,0.0003091840771958
0,0.0012732344912365,0,0.0026800357736647,0,0.0001873409928521,0,0.0003257496573496
0,0.3056454956531524,0,0.0122581161558628,0,0.1758470088243484,0,0.0124660553410649
0,0.3932523131370544,0,0.0321652963757514,0,0.0082567278295755,0,0.0316564962267875
0,0.5931722521781921,0,0.0844942852854728,0,0.1826824247837066,0,0.0429014414548873
0,0.0062613072805106,0,0.0008934098295867,0,0.034720879048109,0,0.00220388895832
0,0.010611331090331,0,0.0015311656752601,0,0.0600699000060558,0,0.0018995825666934
0,0.351291686296463,0,0.0388812869787216,0,0.0716607868671417,0,0.1414456069469452
0,0.4213337302207947,0,0.0067839692346751,0,0.4617695808410644,0,0.0312437545508146
0,0.4215723276138305,0,0.0072738598100841,0,0.2914998233318329,0,0.0084445886313915
0,0.2027579993009567,0,0.0039973589591681,0,0.496578961610794,0,0.0131339039653539
0,0.0009251767769455,0,0.0009632564615458,0,6.005274917697534e-05,0,6.057666178094223e-05
0,0.0023761913180351,0,0.0010338904103264,0,0.0012595315929502,0,0.0021718773059546
0,0.0205651130527257,0,0.0065275034867227,0,0.0034679539967328,0,0.0069606504403054
0,0.0089739030227065,0,0.0084600420668721,0,0.0206103157252073,0,0.0020536019001156
0,0.0082673504948616,0,0.0033676736056804,0,0.0002108136977767,0,0.0021630185656249
0,0.1834588646888733,0,0.0020505953580141,0,0.012621970847249,0,0.0120769683271646
0,0.0031806158367544,0,0.0047547668218612,0,0.0032665457110852,0,0.0081107597798109
0,0.482319563627243,0,0.0095120212063193,0,0.0209970418363809,0,0.0164935123175382
0,0.3037360310554504,0,0.0020772900898009,0,0.0281230341643095,0,0.0041194017976522
0,0.0005506906309165,0,0.0005895351641811,0,0.0004000508633907,0,0.0005702355410903
0,0.0020440707448869,0,0.0007308403728529,0,0.0003967854427173,0,0.0012399199185892
0,0.4320217669010162,0,0.0318722203373909,0,0.1761378049850464,0,0.1366562843322754
0,0.1267258524894714,0,0.0363267734646797,0,0.0178815089166164,0,0.0060823145322501
0,0.0189895629882812,0,0.002020593965426,0,0.0064620599150657,0,0.0005329028936102
0,0.0123811205849051,0,0.0021454428788274,0,0.0012200988130643,0,0.0042494307272136
0,0.1018771529197692,0,0.2762863039970398,0,0.0011203127214685,0,0.0110946288332343
0,0.0026656573172658,0,0.0009384605800732,0,0.000777231529355,0,0.0056963767856359
0,0.0071581406518816,0,0.0008447155705653,0,0.0047854124568402,0,0.0006063195760361
0,0.0505027472972869,0,0.0036693939473479,0,0.0066082710400223,0,0.0041278456337749
0,0.0104860831052064,0,0.0008874446502886,0,0.002319494029507,0,0.0006109453970566
0,0.1149679720401763,0,0.0040870425291359,0,0.0021308632567524,0,0.0060782767832279
0,0.0055786054581403,0,0.0007737771375104,0,0.0015283767133951,0,0.0003792655770666
0,0.0050144409760832,0,0.0009670872823335,0,0.0019052649149671,0,0.0009759654058143
0,0.0033804804552346,0,0.0014976969687268,0,0.0013421311741694,0,0.0009597108000889
0,0.0037269189488142,0,0.00793666113168,0,0.0017250312957912,0,0.0024824608117341
0,0.0034547660034149,0,0.0121624916791915,0,0.0031187392305582,0,0.0011998929549008
0,0.0119629018008708,0,0.0011664589401334,0,0.0038756283465772,0,0.0033282642252743
0,0.0162194650620222,0,0.0012774446513503,0,0.0038829268887639,0,0.0096369655802845
0,0.0079062702134251,0,0.0017693940317258,0,0.0014257215661928,0,0.0098289139568805
0,0.0034846509806811,0,0.0004763126780744,0,0.0007209033356048,0,0.0005654853302985
0,0.0308541692793369,0,0.0095298904925584,0,0.0324453115463256,0,0.0072649545036256
0,0.0491862706840038,0,0.0151873435825109,0,0.0254003517329692,0,0.0075693535618484
0,0.0659308210015297,0,0.015457390807569,0,0.0177282020449638,0,0.0023399009369313
0,0.0199358947575092,0,0.0020643284078687,0,0.0002778883499559,0,0.0001220504636876
0,0.5815600156784058,0,0.0041014305315911,0,0.1818720996379852,0,0.0030913082882761
0,0.001325887045823,0,0.0004113593895453,0,0.0021082868333905,0,0.0007652302738279
0,0.6561977863311768,0,0.1228452995419502,0,0.5414824485778809,0,0.0208844505250453
0,0.0163266826421022,0,0.0046852389350533,0,0.0004398798337206,0,0.000134880960104
0,0.390274703502655,0,0.0056686662137508,0,0.0245865322649478,0,0.0149875152856111
0,0.0085254702717065,0,0.0051803439855575,0,0.0074155046604573,0,0.0003138656029477
0,0.0161849595606327,0,0.0039632376283407,0,0.0051130983047187,0,0.0030941425357013
0,0.0075821592472493,0,0.0025440228637307,0,0.0004408369131851,0,0.0001418069878127
0,0.0213399771600961,0,0.0015025903703644,0,0.001922663883306,0,0.000165900302818
0,0.0005157536361366,0,0.0001620844268472,0,0.0005179143045097,0,0.0003129900724161
0,0.2099917978048324,0,0.0148717360571026,0,0.0089236721396446,0,0.0170232877135276
0,0.0193041190505027,0,0.0149432113394141,0,0.5205133557319641,0,0.1272388249635696
0,0.8527990579605103,0,0.4971888959407806,0,0.883283257484436,0,0.0219409056007862
0,0.0081084473058581,0,0.0016089695272967,0,0.0021070532966405,0,0.0001855670998338
0,0.0204608645290136,0,0.0062878695316612,0,0.0013598301447927,0,0.000271015567705
0,0.4845605790615082,0,0.835785448551178,0,0.1898588985204696,0,0.077434703707695
0,0.0078261708840727,0,0.0003905069024767,0,0.0004577815416269,0,0.0003091696416959
0,0.0141214644536376,0,0.0025840532034635,0,0.0080978963524103,0,0.0017013646429404
0,0.004288010764867,0,0.0004948232672177,0,0.0208339728415012,0,0.000780654954724
0,0.4189812541007995,0,0.5726470351219177,0,0.0939740315079689,0,0.0580542311072349
0,0.0713448747992515,0,0.0014153934316709,0,0.0668085217475891,0,0.0013132396852597
0,0.0248240735381841,0,0.0107481284067034,0,0.0110366391018033,0,0.0006656157202087
0,0.5637439489364624,0,0.7767512798309326,0,0.3907725512981415,0,0.0937405675649643
0,0.0174737051129341,0,0.0004266918112989,0,0.0021069389767944,0,0.0002486090816091
0,0.0704484283924102,0,0.0155212478712201,0,0.0878244116902351,0,0.0232791509479284
0,0.0010877443710342,0,0.0022178147919476,0,0.0008045537979342,0,0.000451399711892
0,0.0048436834476888,0,0.0024970055092126,0,0.0011379426578059,0,0.0031910147517919
0,0.0256071146577596,0,0.0050316541455686,0,0.0066889626905322,0,0.2585481703281402
0,0.022773815318942,0,0.0005071405903436,0,0.0017563013825565,0,0.012295676395297
0,0.0040567875839769,0,0.0009259175276383,0,0.0007298169075511,0,0.0037301960401237
0,0.0133993653580546,0,0.0004272502555977,0,0.0003639151691459,0,0.0007406728109344
0,0.0005858207587152,0,0.0002871525939553,0,0.001485918299295,0,0.0003133612044621
0,0.0100497966632246,0,0.0036255556624382,0,0.0073568047955632,0,0.1994233280420303
0,0.0146584482863545,0,0.0004190266772639,0,0.0011737892637029,0,0.003923337906599
0,0.0101349558681249,0,0.0020503308624029,0,0.0006604975787922,0,0.0006797278765588
0,0.0029759986791759,0,0.0002847743744496,0,0.0046841469593346,0,0.0115674203261733
0,0.0009872303344309,0,0.0005362906958907,0,0.0021719650831073,0,0.0012032858794555
0,0.0147320115938782,0,0.0083641186356544,0,0.0088373627513647,0,0.0234594140201807
0,0.0176067389547824,0,0.0060519240796566,0,0.002079865662381,0,0.0147684328258037
0,0.0080005414783954,0,0.0055852038785815,0,0.004480829462409,0,0.0005203243345022
0,0.0083236154168844,0,0.005076004192233,0,0.0043772482313215,0,0.0002604157489258
0,0.0041745081543922,0,0.0043279193341732,0,0.0135057969018816,0,0.0001429385301889
0,0.0051349708810448,0,0.2327520102262497,0,0.0314447581768035,0,0.0237041153013706
0,0.1021004468202591,0,0.0950721502304077,0,0.2849135100841522,0,0.0106320511549711
0,0.1015896648168563,0,0.0302501935511827,0,0.6465866565704346,0,0.0543757751584053
0,0.0049302265979349,0,0.3340851962566376,0,0.073841854929924,0,0.0106142107397317
0,0.0342672690749168,0,0.0107997683808207,0,0.0029272872488945,0,0.0147792967036366
0,0.1790419518947601,0,0.0103737702593207,0,0.1466052532196045,0,0.0041676945984363
0,0.1112943068146705,0,0.007771739270538,0,0.0028023552149534,0,0.0028199243824929
0,0.0145441954955458,0,0.006273724604398,0,0.0012436701217666,0,0.0049182078801095
0,0.0488333962857723,0,0.0007908010156825,0,0.0010474115842953,0,0.0007418356253765
0,0.005811886396259,0,0.0069244322367012,0,0.0004315751721151,0,0.0009609341504983
0,0.0034969304688274,0,0.0072437427006661,0,0.0057729836553335,0,0.0007606235449202
0,0.0035707568749785,0,0.0007515827892348,0,0.0033786538988351,0,0.0001088517528842
0,0.0247707124799489,0,0.0043319030664861,0,0.158446803689003,0,0.0089379539713263
0,0.2210634052753448,0,0.134517416357994,0,0.0458565987646579,0,0.0033648435492068
0,0.1911645382642746,0,0.0738438814878463,0,0.0397514589130878,0,0.4611905217170715
0,0.1117828637361526,0,0.009691254235804,0,0.2158675491809845,0,0.0011661746539175
0,0.4155526161193847,0,0.0562831833958625,0,0.0760472789406776,0,0.0127928974106907
0,0.5656204223632812,0,0.0329195484519004,0,0.939190685749054,0,0.1165327578783035
0,0.0194875337183475,0,0.0045789470896124,0,0.0156373959034681,0,0.0134968794882297
0,0.0010266932658851,0,0.0004493927408475,0,0.0001571674802107,0,0.0004805710632354
0,0.0217393413186073,0,0.0054762014187872,0,0.0033445707522332,0,0.001453632954508
0,0.0099239200353622,0,0.0022947676479816,0,0.0368735641241073,0,0.0001346705830655
0,0.001007754355669,0,0.0010802369797602,0,0.0002385940315434,0,0.0004581759567372
0,0.0134379537776112,0,0.0026378754992038,0,0.0015884807799011,0,0.0003032609529327
0,0.0051544150337576,0,0.0038902892265468,0,0.0196027420461177,0,0.0003186465473845
0,0.0010379742598161,0,0.0003986509982496,0,0.0001135819475166,0,0.0005503101856447
0,0.014129321090877,0,0.0052334344945847,0,0.012441536411643,0,0.0016557737253606
0,0.0099527379497885,0,0.0008600860601291,0,0.0013804810587316,0,0.0010263288859277
0,0.0021534785628318,0,0.0001483149972045,0,0.0014316589804366,0,6.069936716812663e-05
0,0.0116271460428833,0,0.0029924118425697,0,0.0091926082968711,0,0.003462292952463
0,0.0145485959947109,0,0.0061201876960694,0,0.0043944641947746,0,0.0130021441727876
0,0.0932696983218193,0,0.7523705363273621,0,0.4201770424842834,0,0.0939044505357742
0,0.059540893882513,0,0.028856411576271,0,0.1242363899946212,0,0.0140865156427025
0,0.0634041726589202,0,0.0162662174552679,0,0.058337390422821,0,0.0049727759324014
0,0.0063447416760027,0,0.0424675643444061,0,0.0022265603765845,0,0.0027950729709118
0,0.1857589185237884,0,0.0468177460134029,0,0.0084849745035171,0,0.006712791044265
0,0.0120937572792172,0,0.0011979115661233,0,0.000245882110903,0,0.0014123007422313
0,0.004882117267698,0,0.0006762697012163,0,0.0025035177823156,0,0.0004237091634422
0,0.0219467598944902,0,0.0011403347598388,0,0.0057347854599356,0,0.0002026858419412
0,0.1586282551288604,0,0.0130845038220286,0,0.0908432006835937,0,0.0055601983331143
0,0.0369532033801078,0,0.0007969125872477,0,0.00073686306132,0,0.0001962230744538
0,0.0180043913424015,0,0.0007657840615138,0,0.0010959462961181,0,0.00064575165743
0,0.0056582204997539,0,0.0011638529831543,0,0.0008403798565268,0,0.0007889057742431
0,0.2045713812112808,0,0.0138068264350295,0,0.0126994056627154,0,0.0135009372606873
0,0.0156594887375831,0,0.0494399555027484,0,0.0075521427206695,0,0.0013459743931889
0,0.5083150863647461,0,0.2577150464057922,0,0.9513520002365112,0,0.0582134090363979
0,0.3679076731204986,0,0.1124093756079673,0,0.6452475786209106,0,0.0298890452831983
0,0.1838221251964569,0,0.3469688594341278,0,0.0824340730905532,0,0.0029518718365579
0,0.0263311099261045,0,0.0200158823281526,0,0.0053575653582811,0,0.0008297963067889
0,0.7402991056442261,0,0.5785552263259888,0,0.0034583630040287,0,0.0042393943294882
0,0.0620589442551136,0,0.0020242840982973,0,0.0006291943718679,0,0.0047918641939759
0,0.592048704624176,0,0.0209938082844018,0,0.0132727697491645,0,0.0834009498357772
0,0.0113264331594109,0,0.0039102076552808,0,0.0026327781379222,0,0.0099244080483913
0,0.4884082973003387,0,0.1814310997724533,0,0.3163740336894989,0,0.0416446775197982
0,0.003587532788515,0,0.001162345171906,0,0.0016226225998252,0,0.0052759605459868
0,0.395573079586029,0,0.1149892285466194,0,0.4386926591396332,0,0.0507891960442066
0,0.0159768424928188,0,0.005287557374686,0,0.0011039053788408,0,0.0029733893461525
0,0.0034487000666558,0,0.0048745358362793,0,0.0016765751643106,0,0.0001423469948349
0,0.0114088850095868,0,0.0082200653851032,0,0.0006399805424734,0,0.0004061098152305
0,0.0050695515237748,0,0.0047798086889088,0,0.0022998857311904,0,0.0004621623666025
0,0.0121233901008963,0,0.0003219849313609,0,0.0004184774006716,0,0.0004176062648184
0,0.0102250063791871,0,0.0004900193889625,0,0.0034036764409393,0,0.0006969609530642
0,0.104587897658348,0,0.0023170476779341,0,0.0098053254187107,0,0.024166977033019
0,0.0028359740972518,0,0.0010873402934521,0,0.0005966136232018,0,0.0002250959078082
0,0.4669654369354248,0,0.021846966817975,0,0.5206047892570496,0,0.1001836881041526
0,0.0016877771122381,0,0.0012875016545876,0,0.001792604685761,0,0.0002611048985272
0,0.0078732417896389,0,0.0022467214148491,0,0.0030829885508865,0,0.0012225657701492
0,0.0016576846828684,0,0.0057763452641665,0,0.000758355250582,0,0.0001737239508656
0,0.1005860269069671,0,0.3881921172142029,0,0.3189742267131805,0,0.016860319301486
0,0.0031248056329786,0,0.0045076655223965,0,0.0020989319309592,0,0.00073488621274
0,0.1188088208436966,0,0.2566016018390655,0,0.0602259524166584,0,0.0385964401066303
0,0.0067099300213158,0,0.0053558456711471,0,0.0034831513185054,0,0.0004511976731009
0,0.1001256629824638,0,0.2741764187812805,0,0.0627356469631195,0,0.0108184944838285
0,0.1445122957229614,0,0.3339647352695465,0,0.4892457723617553,0,0.0030757337808609
0,0.0200025346130132,0,0.0030208171810954,0,0.0024616459850221,0,0.0009392031352035
0,0.0030266735702753,0,0.0020122888963669,0,0.0040580383501946,0,0.0012899682624265
0,0.0072212102822959,0,0.0053480146452784,0,0.0012509580701589,0,0.0011299541220068
0,0.0028996195178478,0,0.0001846300874603,0,0.0001676321262493,0,0.0002998357813339
0,0.0085387853905558,0,0.001221026177518,0,0.0013802153989672,0,0.000493090308737
