fold_1_labels,fold_1_predictions,fold_2_labels,fold_2_predictions,fold_3_labels,fold_3_predictions,fold_4_labels,fold_4_predictions
1,0.4619714617729187,1,0.6386540532112122,1,0.0042908312752842,1,0.1931789517402649
1,0.7945584654808044,1,0.9693570137023926,1,0.8040165901184082,1,0.7755697965621948
1,0.2278040945529937,1,0.6363875865936279,1,0.0946930050849914,1,0.357819527387619
1,0.0746975168585777,1,0.3255301713943481,1,0.0007359847659245,1,0.4984690546989441
1,0.0243541412055492,1,0.1141073480248451,1,0.904752790927887,1,0.5643425583839417
1,0.2499762177467346,1,0.5098787546157837,1,0.0004183451819699,1,0.5820928812026978
1,0.1119481995701789,1,0.2005289047956466,1,0.2536225914955139,1,0.7165014743804932
1,0.5176395177841187,1,0.5041597485542297,1,0.0849908143281936,1,0.6450380682945251
1,0.500910222530365,1,0.9274060130119324,1,0.4564732015132904,1,0.7213056683540344
1,0.5039002895355225,1,0.9046767354011536,1,0.3161642253398895,1,0.731532633304596
1,0.368045836687088,1,0.7880458831787109,1,0.0452170744538307,1,0.550829291343689
1,0.6642801761627197,1,0.9320901036262512,1,0.5931074619293213,1,0.8279426097869873
1,0.010922915302217,1,0.0389711409807205,1,0.0066958689130842,1,0.5528382062911987
1,0.2247158139944076,1,0.0056118136271834,1,0.0034845136106014,1,0.0019296904793009
1,0.4592114686965942,1,0.612659752368927,1,0.6797503232955933,1,0.5622506737709045
1,0.4512408375740051,1,0.8145001530647278,1,0.8633249998092651,1,0.5142130851745605
1,0.8059507012367249,1,0.9865754246711732,1,0.9627559185028076,1,0.8902130722999573
1,0.054189559072256,1,0.0782077461481094,1,0.65397047996521,1,0.108947105705738
1,0.8157540559768677,1,0.8936840295791626,1,0.9781133532524108,1,0.7926749587059021
1,0.2058633118867874,1,0.1677633821964264,1,0.8508591055870056,1,0.2441911250352859
1,0.5345697402954102,1,0.3928911387920379,1,0.9599567651748656,1,0.7868331670761108
0,0.0055503724142909,0,0.1504313051700592,0,0.0013144089607521,0,0.0058800200931727
0,0.0015715110348537,0,0.0069662691093981,0,0.0001662525028223,0,0.0015334023628383
0,0.1102484613656997,0,0.3183246254920959,0,0.0259839668869972,0,0.0485576391220092
0,0.0018437138060107,0,0.0077076582238078,0,2.318011684110388e-05,0,0.0040829223580658
0,0.1582190841436386,0,0.2045874595642089,0,0.0705942511558532,0,0.0356078930199146
0,0.0016804655315354,0,0.0081485677510499,0,7.031331188045442e-05,0,0.0016536768525838
0,0.1319075971841812,0,0.1668883264064788,0,0.0674918815493583,0,0.0294248349964618
0,0.0324579812586307,0,0.0168700218200683,0,0.0063673011027276,0,0.2382781207561493
0,0.0615959092974662,0,0.0276807397603988,0,0.1196336448192596,0,0.307409256696701
0,0.0011031621834263,0,0.009503242559731,0,8.281014743261039e-05,0,0.0043248236179351
0,0.0040064938366413,0,0.002974632428959,0,2.2134981918497942e-06,0,0.0028680996038019
0,0.0028169720899313,0,0.0018945714691653,0,3.0956496175349457e-06,0,0.0026891347952187
0,0.0079111643135547,0,0.0167334172874689,0,0.0003478052385617,0,0.0870114266872406
0,0.003732542740181,0,0.001237902091816,0,2.431997927487828e-06,0,0.0054351235739886
0,0.0262613296508789,0,0.2698658406734466,0,0.0004825888609047,0,0.0031937700696289
0,0.204312726855278,0,0.1302103549242019,0,0.0021936250850558,0,0.1945196539163589
0,0.0030661777127534,0,0.007220109924674,0,7.576735515613109e-05,0,0.0036415965296328
0,0.0033410356845706,0,0.0104136941954493,0,8.730236913834233e-06,0,0.0071184891276061
0,0.0512485578656196,0,0.1872217506170272,0,0.000695472350344,0,0.0026312647387385
0,0.0284915249794721,0,0.1492099314928054,0,0.0001454886369174,0,0.0037140187341719
0,0.0352231264114379,0,0.2350424826145172,0,0.0002613101096358,0,0.0051912441849708
0,0.4502631723880768,0,0.4487570226192474,0,0.0001617241068743,0,0.2144497185945511
0,0.0092908656224608,0,0.0180452652275562,0,0.0012826815946027,0,0.0218271315097808
0,0.0606588311493396,0,0.086597703397274,0,0.0022435851860791,0,0.0351510532200336
0,0.1888559311628341,0,0.8349063396453857,0,0.0006046451162546,0,0.7574300765991211
0,0.4365030825138092,0,0.3800700306892395,0,0.0018520471639931,0,0.6309542059898376
0,0.0268648043274879,0,0.0142950154840946,0,0.0003810622438322,0,0.108018547296524
0,0.0166059676557779,0,0.0768351033329963,0,5.590304499492049e-05,0,0.261849045753479
0,0.1773310005664825,0,0.7799050211906433,0,0.0003495752171147,0,0.7069635987281799
0,0.2442096620798111,0,0.4432260692119598,0,0.0335579775273799,0,0.4979168772697449
0,0.0382719561457634,0,0.0469168350100517,0,0.0012176260352134,0,0.3142414689064026
0,0.0120772421360015,0,0.0774205476045608,0,1.5053303286549635e-05,0,0.0846867114305496
0,0.1958199143409729,0,0.8007506728172302,0,0.0010666492162272,0,0.7204064726829529
0,0.46604123711586,0,0.6063247919082642,0,0.0724183842539787,0,0.6643792390823364
0,0.0337402150034904,0,0.0190219189971685,0,0.0015671097207814,0,0.1295495331287384
0,0.0558474510908126,0,0.1304585635662078,0,3.203345841029659e-05,0,0.0387263149023056
0,0.0223131645470857,0,0.0788830369710922,0,4.545648334897123e-05,0,0.0184362865984439
0,0.0060429293662309,0,0.0022273857612162,0,1.5692094166297466e-05,0,0.0011360314674675
0,0.161249041557312,0,0.4462371170520782,0,0.0167261771857738,0,0.1910719275474548
0,0.0449752062559127,0,0.4387672543525696,0,0.0824867188930511,0,0.0657454878091812
0,0.0198697932064533,0,0.0124808624386787,0,1.2113551747461315e-05,0,0.0031291309278458
0,0.0198325347155332,0,0.0117488345131278,0,3.650234066299163e-05,0,0.0025326660834252
0,0.001384547445923,0,0.0204502791166305,0,4.45897712779697e-05,0,0.0256573930382728
0,0.0081213545054197,0,0.0101883951574563,0,1.8394042854197323e-05,0,0.0043739788234233
0,0.0120157254859805,0,0.0459464602172374,0,0.000195593733224,0,0.0609197244048118
0,0.0232097636908292,0,0.0119703663513064,0,0.0027705584652721,0,0.0149080147966742
0,0.0057992236688733,0,0.0060493280179798,0,9.353032510261984e-06,0,0.0038549036253243
0,0.1078585833311081,0,0.0297420807182788,0,0.0216802135109901,0,0.0716842412948608
0,0.7274928092956543,0,0.2529293596744537,0,0.2648165225982666,0,0.6399511694908142
0,0.1129533722996711,0,0.4069317877292633,0,0.000837733852677,0,0.3522530496120453
0,0.0067467498593032,0,0.0493163838982582,0,0.0001192199706565,0,0.0198688805103302
0,0.2704452276229858,0,0.6929863095283508,0,0.3758939206600189,0,0.7939619421958923
0,0.0038501843810081,0,0.0037531862035393,0,5.869611413800158e-06,0,0.0157752595841884
0,0.0067533743567764,0,0.0012591885169968,0,2.113895607180893e-05,0,0.0037032801192253
0,0.0156455971300601,0,0.1510932445526123,0,6.157063762657344e-05,0,0.0097820749506354
0,0.0017101623816415,0,0.0080386763438582,0,8.306734525831416e-05,0,0.0132462233304977
0,0.0046991435810923,0,0.0018485395703464,0,2.5505656594759785e-05,0,0.0029680775478482
0,0.0041725360788404,0,0.2283090054988861,0,0.000149323939695,0,0.0064050438813865
0,0.001902169897221,0,0.0046190377324819,0,9.53773815126624e-06,0,0.0219494421035051
0,0.0040711178444325,0,0.0015435736859217,0,2.7752788810175844e-05,0,0.0026441817171871
0,0.0390150174498558,0,0.0145278284326195,0,0.0017638810677453,0,0.0577159449458122
0,0.0717047452926635,0,0.032083660364151,0,0.0068042185157537,0,0.1292615979909896
0,0.0039005447179079,0,0.0114361094310879,0,0.0010231974301859,0,0.0005138823180459
0,0.0012180024059489,0,0.0190871208906173,0,0.0002012361946981,0,0.0356528013944625
0,0.0064149657264351,0,0.0114807831123471,0,1.1248112969042268e-05,0,0.0009244380053132
0,0.0005938839167356,0,0.021616643294692,0,7.576395091746235e-06,0,0.0011124181328341
0,0.0006668462301604,0,0.0071217054501175,0,6.242258223210229e-06,0,0.0023614226374775
0,0.0007509520510211,0,0.0107930460944771,0,1.1613376955210695e-05,0,0.0018161355983465
0,0.0024938830174505,0,0.0392891019582748,0,0.1501711159944534,0,0.1737675070762634
0,0.0023431424051523,0,0.0185290612280368,0,0.0859144404530525,0,0.2066016942262649
0,0.1071558594703674,0,0.1020752415060997,0,0.2828835546970367,0,0.5772998332977295
0,0.0136727215722203,0,0.101342424750328,0,0.0131388818845152,0,0.554328203201294
0,0.7166379690170288,0,0.4996877014636993,0,0.1405463516712188,0,0.4573261737823486
0,0.0041149207390844,0,0.0063407663255929,0,9.684038377599792e-05,0,0.003187583759427
0,0.1367461681365966,0,0.1025935783982276,0,0.0024503446184098,0,0.2989033460617065
0,0.0480661615729332,0,0.0968509092926979,0,0.0007432497804984,0,0.0542150288820266
0,0.0060843667015433,0,0.1306928545236587,0,0.0023403808008879,0,0.4378087222576141
0,0.0341176278889179,0,0.008508731611073,0,0.0002335953176952,0,0.0815462470054626
0,0.0088303899392485,0,0.0203708615154027,0,0.001448858063668,0,0.0064330203458666
0,0.0046026743948459,0,0.1395054310560226,0,0.0005792960873804,0,0.0240955147892236
0,0.0581939220428466,0,0.0720793306827545,0,0.0007650720654055,0,0.0202303547412157
0,0.0067292205058038,0,0.0417425595223903,0,0.0002739271149039,0,0.0027681682258844
0,0.0565750785171985,0,0.0699814707040786,0,0.0008221320458687,0,0.0106176864355802
0,0.0026449034921824,0,0.0026746168732643,0,4.8273959691869095e-05,0,0.0023623909801244
0,0.0049460516311228,0,0.0247281640768051,0,0.0008233958506025,0,0.0054684523493051
0,0.0088159115985035,0,0.0506478361785411,0,0.0020094420760869,0,0.0273822732269763
0,0.0999688878655433,0,0.0775001421570777,0,0.0007006730302236,0,0.0323097519576549
0,0.0154155595228075,0,0.0169960930943489,0,0.0003030444786418,0,0.0054541015997529
0,0.1080179437994957,0,0.7567649483680725,0,0.0483979173004627,0,0.1104039549827575
0,0.1426287442445755,0,0.0921465829014778,0,0.006632222328335,0,0.0936881452798843
0,0.5067384839057922,0,0.2146606594324112,0,0.0483354553580284,0,0.4457766413688659
0,0.0547065176069736,0,0.0620490983128547,0,0.0252870935946702,0,0.2927157878875732
0,0.0430560298264026,0,0.0709158554673194,0,0.0315024405717849,0,0.1628983914852142
0,0.0388412848114967,0,0.0765465721487999,0,0.1133176609873771,0,0.1840477585792541
0,0.0023801960051059,0,0.1255968511104583,0,7.861094491090626e-05,0,0.0017985427984967
0,0.413476824760437,0,0.5567271113395691,0,0.3181249797344208,0,0.462933212518692
0,0.2100905030965805,0,0.5168630480766296,0,0.1236330494284629,0,0.3530998229980469
0,0.3623267412185669,0,0.5111023783683777,0,0.1846824884414672,0,0.3486835062503814
0,0.1273193955421447,0,0.0118365893140435,0,0.000398262462113,0,0.0803132727742195
0,0.0410543046891689,0,0.1052297875285148,0,0.0002940650447271,0,0.0451072305440902
0,0.004060729406774,0,0.0410172827541828,0,0.0010146294953301,0,0.003871810156852
0,0.0055360151454806,0,0.0079039176926016,0,4.538874691206729e-06,0,0.0195286776870489
0,0.0081086577847599,0,0.0113922413438558,0,1.2073116522515193e-05,0,0.0119684822857379
0,0.0150281814858317,0,0.0073525640182197,0,0.0005881674005649,0,0.0141479978337883
0,0.002811025828123,0,0.0063433139584958,0,1.846735540311784e-05,0,0.0014167689951136
0,0.0089075891301035,0,0.0028280226979404,0,3.297518924227916e-05,0,0.0052882642485201
0,0.004914291203022,0,0.030159031972289,0,0.0025899370666593,0,0.0438749715685844
0,0.006233072374016,0,0.0082854013890028,0,0.0072566401213407,0,0.0638811811804771
0,0.0059673814103007,0,0.0049903113394975,0,6.327503069769591e-05,0,0.0067616729065775
0,0.0012601201888173,0,0.0018925536423921,0,1.99325455696453e-07,0,0.0015998983290046
0,0.0011039638193324,0,0.0019869098905473,0,8.616716513643041e-07,0,0.0020552990026772
0,0.0012081129243597,0,0.0006216496112756,0,7.648910104762763e-05,0,0.0017602544976398
0,0.0011146909091621,0,0.0017159201670438,0,2.491069324150885e-07,0,0.0014665827620774
0,0.0016698231920599,0,0.0005877600051462,0,3.1339714041678235e-05,0,0.0031513150315731
0,0.0426306389272213,0,0.0218172334134578,0,8.375065226573497e-05,0,0.0420438610017299
0,0.0021635165903717,0,0.0091070421040058,0,0.0001856331073213,0,0.0943606048822403
0,0.0015345206484198,0,0.0252083353698253,0,0.0001082519011106,0,0.004865126684308
0,0.0041661667637526,0,0.0465977303683757,0,4.395794530864805e-05,0,0.0021851458586752
0,0.0028763411100953,0,0.0141213042661547,0,0.0014322446659207,0,0.0051186583004891
0,0.0317079722881317,0,0.1369945704936981,0,0.0010236805537715,0,0.0136908693239092
0,0.0061156153678894,0,0.0141547415405511,0,1.4440516679314896e-05,0,0.0028478126041591
0,0.0021472219377756,0,0.0033167072106152,0,2.241691618110053e-05,0,0.0017597046680748
0,0.0150332422927021,0,0.0248715318739414,0,0.0016557279741391,0,0.3153777122497558
0,0.0072200209833681,0,0.0044101509265601,0,3.985323473898461e-06,0,0.0094797071069478
0,0.0043414584361016,0,0.0268730539828538,0,1.4719387763761915e-05,0,0.0127744115889072
0,0.008477090857923,0,0.0200745370239019,0,2.7493000743561424e-05,0,0.0057949475012719
0,0.0015444424934685,0,0.0018774505006149,0,3.332928099553101e-05,0,0.0014869106234982
0,0.005352584645152,0,0.0119493473321199,0,3.4223128750454634e-05,0,0.019859554246068
0,0.0074746110476553,0,0.0033971562515944,0,3.4546446840977296e-06,0,0.0100978286936879
0,0.0086923353374004,0,0.05668705701828,0,2.4627790480735712e-05,0,0.0158024225383996
0,0.0046181436628103,0,0.0102467443794012,0,2.911310366471298e-05,0,0.0033106834162026
0,0.3002296090126037,0,0.5170387029647827,0,0.01537727098912,0,0.2646727859973907
0,0.3494007587432861,0,0.4585523307323456,0,0.0153028834611177,0,0.8252284526824951
0,0.2265982627868652,0,0.359551191329956,0,0.0011591193033382,0,0.7341313362121582
0,0.0073354407213628,0,0.0559015795588493,0,0.0768189057707786,0,0.0149034727364778
0,0.001214244053699,0,0.0053404360078275,0,0.0001151126998593,0,0.1093515306711196
0,0.0260372888296842,0,0.0332668013870716,0,0.0005047529120929,0,0.009898092597723
0,0.0462245717644691,0,0.0920384675264358,0,0.0039273798465728,0,0.0472780168056488
0,0.0049465843476355,0,0.0049917930737137,0,1.3818751540384255e-05,0,0.1014686748385429
0,0.0047396472655236,0,0.0235485788434743,0,0.0008702119230292,0,0.1755445152521133
0,0.0048327683471143,0,0.013972433283925,0,0.0001169651732197,0,0.0525873452425003
0,0.0041993912309408,0,0.0071078808978199,0,0.0004605681169778,0,0.0301894955337047
0,0.0054934830404818,0,0.0181196462363004,0,0.0001273314410354,0,0.0112493922933936
0,0.0263361353427171,0,0.1909107714891433,0,0.0118246423080563,0,0.0927986949682235
0,0.0305317044258117,0,0.1090771183371543,0,0.0002861171669792,0,0.0876965746283531
0,0.0281429644674062,0,0.1275922805070877,0,0.002505739685148,0,0.1217970326542854
0,0.2448306232690811,0,0.3415082395076751,0,0.0491839237511158,0,0.3145968019962311
0,0.0018067988567054,0,0.0091464482247829,0,2.9086077120155096e-05,0,0.0012025755131617
0,0.0046716718934476,0,0.0213752444833517,0,1.3626990948978346e-05,0,0.0286703314632177
0,0.0017583759035915,0,0.0086334943771362,0,4.8806188715389e-05,0,0.0015633107395842
0,0.0015247333794832,0,0.0070882588624954,0,2.091283749905415e-05,0,0.0015576027799397
0,0.1638827174901962,0,0.8220698833465576,0,0.0209991931915283,0,0.4117391407489776
0,0.1841308325529098,0,0.5035812258720398,0,0.0003798316756729,0,0.1862723082304
0,0.1926255673170089,0,0.4860239326953888,0,0.0005902455304749,0,0.2113838642835617
0,0.0107568064704537,0,0.223267063498497,0,0.0003494511183816,0,0.0387335941195488
0,0.0161589216440916,0,0.1573483198881149,0,0.0006707531283609,0,0.0281507819890975
0,0.0155912861227989,0,0.1270123422145843,0,0.000959864410106,0,0.036392156034708
0,0.0292670857161283,0,0.1806252151727676,0,1.3225054317445029e-05,0,0.0985731184482574
0,0.009466235525906,0,0.0247504767030477,0,3.358711546752602e-05,0,0.0056599755771458
0,0.0025747653562575,0,0.0130512323230504,0,1.2988135722480363e-06,0,0.0107469223439693
0,0.0025821002200245,0,0.0025037489831447,0,2.563426096457988e-05,0,0.0012493565445765
0,0.0143479630351066,0,0.0436761118471622,0,7.842046761652455e-05,0,0.0061802370473742
0,0.0037626011762768,0,0.0092481169849634,0,2.4101557301037246e-06,0,0.0020399643108248
0,0.002191316569224,0,0.0032257791608572,0,1.951447302417364e-05,0,0.0019248505122959
0,0.0048272954300045,0,0.0188600439578294,0,0.0001272864028578,0,0.0111429104581475
0,0.0026644265744835,0,0.0035059079527854,0,6.487058271886781e-06,0,0.0029374533332884
0,0.0012787556042894,0,0.0019693400245159,0,1.7186752302222885e-05,0,0.0012013814412057
0,0.2284960150718689,0,0.5360563397407532,0,0.0075851553119719,0,0.6664372086524963
0,0.1632470935583114,0,0.461875855922699,0,0.0046923421323299,0,0.5062545537948608
0,0.1582252234220504,0,0.3040018081665039,0,0.0027881755959242,0,0.2802521288394928
0,0.0685851797461509,0,0.4597149491310119,0,0.0083831874653697,0,0.6322036385536194
0,0.0092895096167922,0,0.0261763650923967,0,0.0014484270941466,0,0.0028538010083138
0,0.1003391966223716,0,0.2360914349555969,0,0.0016437075100839,0,0.3797295987606048
0,0.4831084311008453,0,0.1419022232294082,0,0.6873636841773987,0,0.5448718070983887
0,0.0357118360698223,0,0.056493654847145,0,0.0250625666230916,0,0.1347035467624664
0,0.0704501569271087,0,0.160367339849472,0,0.0073978165164589,0,0.5531289577484131
0,0.0532381869852542,0,0.3916442692279815,0,0.3346759974956512,0,0.6003759503364563
0,0.0257576163858175,0,0.0043712551705539,0,2.0038869479321875e-05,0,0.0047826650552451
0,0.0034609227441251,0,0.0119638592004776,0,5.026715371059254e-05,0,0.0070282719098031
0,0.032858807593584,0,0.0911694765090942,0,0.0024441783316433,0,0.1228011548519134
0,0.252779483795166,0,0.163939893245697,0,0.018648587167263,0,0.0671712756156921
0,0.1458463370800018,0,0.2610985338687897,0,0.000128868559841,0,0.5539220571517944
0,0.1191712617874145,0,0.2241009622812271,0,2.658481389516965e-05,0,0.4205151498317718
0,0.0109285358339548,0,0.0020526344887912,0,6.22483275947161e-05,0,0.0023564479779452
0,0.106436088681221,0,0.4032976329326629,0,0.1944269388914108,0,0.5828445553779602
0,0.0077227130532264,0,0.0044694296084344,0,7.898966578068212e-05,0,0.0846146792173385
0,0.0026010307483375,0,0.0021666761022061,0,8.765975394453562e-07,0,0.0027796239592134
0,0.0168800838291645,0,0.0226491671055555,0,2.089049303322099e-05,0,0.1407859474420547
0,0.0231254883110523,0,0.1728511750698089,0,0.0014022840186953,0,0.1050760075449943
0,0.0020163611043244,0,0.0331125780940055,0,6.099157690186985e-05,0,0.0396032333374023
0,0.0296507868915796,0,0.0693293809890747,0,0.0012033907696604,0,0.1080173999071121
0,0.0023236291017383,0,0.0585054829716682,0,8.090250048553571e-05,0,0.0261294320225715
0,0.0027816074434667,0,0.0871803313493728,0,0.0001946001866599,0,0.0491052120923996
0,0.0024617747403681,0,0.0009918796131387,0,2.091140231641475e-05,0,0.0011224054032936
0,0.0028158109635114,0,0.1369962990283966,0,0.0001005901794997,0,0.0221574380993843
0,0.0026044372934848,0,0.0018107005162164,0,0.0003588729305192,0,0.0012964444467797
0,0.0395448096096515,0,0.0318890176713466,0,1.1463004739198368e-05,0,0.0116256494075059
0,0.5746769905090332,0,0.9125590920448304,0,0.0287642907351255,0,0.8681873679161072
0,0.5723888278007507,0,0.9396939277648926,0,0.0806398019194603,0,0.8656330108642578
0,0.5823774337768555,0,0.934718132019043,0,0.0297850221395492,0,0.8708791136741638
0,0.0042776274494826,0,0.0039670513942837,0,3.535186988301575e-05,0,0.0085113551467657
0,0.0045540379360318,0,0.0049156113527715,0,9.7349526186008e-05,0,0.0147161139175295
0,0.0111242681741714,0,0.0165201481431722,0,0.0001127165232901,0,0.0515873096883297
0,0.0132619952782988,0,0.0111719872802495,0,4.276447361917235e-05,0,0.0138879530131816
0,0.010043759830296,0,0.0070821670815348,0,0.0002711920824367,0,0.0184023212641477
0,0.0089156674221158,0,0.0585318766534328,0,0.0032988644670695,0,0.0078012733720242
0,0.4121512770652771,0,0.9614166021347046,0,0.6253960728645325,0,0.7545561790466309
0,0.4021616578102112,0,0.8519272208213806,0,0.0175225306302309,0,0.2660039365291595
0,0.0050451289862394,0,0.0093800425529479,0,0.0006980284233577,0,0.0166302397847175
0,0.0028468891978263,0,0.0043119499459862,0,1.9758042981266044e-05,0,0.0006170533015392
0,0.0850981473922729,0,0.1171502098441124,0,0.0001000213596853,0,0.0429325811564922
0,0.0016064820811152,0,0.0022455169819295,0,8.145164611050859e-05,0,0.0014875308843329
0,0.0041512991301715,0,0.0038493727333843,0,5.091096682008356e-06,0,0.006670122500509
0,0.0020051216706633,0,0.0061665629036724,0,0.0001073347157216,0,0.0027196684386581
0,0.0014205884654074,0,0.0031052271369844,0,5.214798147790134e-05,0,0.0005752084543928
0,0.0020686706993728,0,0.0049071004614233,0,0.0001439272164134,0,0.0033855573274195
0,0.0016106434632092,0,0.0032523153349757,0,8.486807200824842e-05,0,0.0014811129076406
0,0.0046011800877749,0,0.0055436096154153,0,5.2826203500444535e-06,0,0.0132902171462774
0,0.0016053582075983,0,0.0090791704133152,0,0.0003619287163019,0,0.0023469454608857
0,0.5266551971435547,0,0.6661611795425415,0,0.0117396917194128,0,0.276015967130661
0,0.0304354354739189,0,0.01879807934165,0,5.129882265464403e-05,0,0.0019938622135668
0,0.0009210189455188,0,0.006212115753442,0,5.989757937641116e-06,0,0.0004016644088551
0,0.0107593946158885,0,0.013093969784677,0,1.1124981256216415e-06,0,0.0039287377148866
0,0.0059487367980182,0,0.0140516720712184,0,9.59087901719613e-06,0,0.0032698682043701
0,0.0084358612075448,0,0.0212594475597143,0,4.692976744991029e-06,0,0.0044537992216646
1,0.2613808214664459,1,0.8206846117973328,1,0.0122856693342328,1,0.7626610398292542
1,0.3338554799556732,1,0.91986483335495,1,0.3760223686695099,1,0.5874344110488892
1,0.0897074192762374,1,0.1075053513050079,1,0.0056839124299585,1,0.1633349061012268
1,0.0226979665458202,1,0.0731391608715057,1,0.000757961475756,1,0.2696552276611328
1,0.1070466861128807,1,0.1930291056632995,1,0.0082745598629117,1,0.1437103301286697
1,0.7922579050064087,1,0.9601168632507324,1,0.9864897727966307,1,0.4944613575935364
1,0.987613081932068,1,0.9899566769599916,1,0.999964952468872,1,0.9764278531074524
1,0.0036460889969021,1,0.0055100158788263,1,0.0192800797522068,1,0.003954101819545
1,0.004850260913372,1,0.0096242344006896,1,0.40012127161026,1,0.0379935726523399
1,0.0153926266357302,1,0.0179678332060575,1,0.6518880128860474,1,0.4289857447147369
1,0.0162843186408281,1,0.0578763671219348,1,0.0001938900968525,1,0.5487907528877258
1,0.0833980739116668,1,0.507926344871521,1,0.98441481590271,1,0.6371927261352539
1,0.0969639793038368,1,0.1753405034542083,1,0.0010285875760018,1,0.1849949061870575
1,0.0078423684462904,1,0.1573320031166076,1,0.4190399050712585,1,0.2826832830905914
1,0.5020058751106262,1,0.7174739837646484,1,0.0088417818769812,1,0.3726886808872223
1,0.0063222832977771,1,0.0220717675983905,1,1.721116859698668e-06,1,0.168878749012947
1,0.0290908310562372,1,0.0403287373483181,1,9.618806871003471e-06,1,0.4911215901374817
1,0.0979571491479873,1,0.0172179248183965,1,0.0002578005951363,1,0.0149928592145442
1,0.1477410048246383,1,0.521626353263855,1,0.678130030632019,1,0.6097087860107422
1,0.2473409473896026,1,0.5375941395759583,1,0.0279688891023397,1,0.6367475986480713
1,0.5815768837928772,1,0.9301069974899292,1,0.9768871665000916,1,0.6754958629608154
1,0.3008466958999634,1,0.9521867036819458,1,0.5227782130241394,1,0.8811918497085571
1,0.5964301824569702,1,0.8979674577713013,1,0.3563973009586334,1,0.7739307284355164
1,0.1470222473144531,1,0.5860646367073059,1,0.8091679215431213,1,0.4906854927539825
1,0.1329213976860046,1,0.333605945110321,1,0.896896481513977,1,0.4817722141742706
1,0.0978162214159965,1,0.252331405878067,1,0.93568354845047,1,0.4564536213874817
0,0.0276899188756942,0,0.1675449609756469,0,0.4753280282020569,0,0.6011048555374146
0,0.0043254047632217,0,0.1255436241626739,0,8.050124597502872e-05,0,0.0297267455607652
0,0.004232891369611,0,0.0116481129080057,0,0.2021727859973907,0,0.3216933012008667
0,0.0098020248115062,0,0.0455943383276462,0,0.0005456189974211,0,0.0118363937363028
0,0.0162735972553491,0,0.0274792853742837,0,6.0613932873820886e-05,0,0.0103836487978696
0,0.2373139858245849,0,0.6951462030410767,0,0.0838680192828178,0,0.3966990411281585
0,0.0084652993828058,0,0.051178153604269,0,0.0067197293974459,0,0.0118938321247696
0,0.0024805653374642,0,0.0018996675498783,0,3.378872179382597e-06,0,0.0055431155487895
0,0.0818467438220977,0,0.5468926429748535,0,0.2700125575065613,0,0.5894049406051636
0,0.0010534287430346,0,0.0131128216162323,0,0.0026311285328119,0,0.0149743091315031
0,0.0101953260600566,0,0.0663066059350967,0,0.0018683252856135,0,0.0198454968631267
0,0.0034576256293803,0,0.0107733411714434,0,0.0014155862154439,0,0.3912616074085235
0,0.0037594225723296,0,0.0491448789834976,0,0.0019108013948425,0,0.3533275425434112
0,0.4532636702060699,0,0.8007925152778625,0,0.2057438939809799,0,0.723346471786499
0,0.0022903778590261,0,0.0007006583618931,0,0.0004650578775908,0,0.0018401691922917
0,0.0059352009557187,0,0.030258035287261,0,0.0014875719789415,0,0.028046054765582
0,0.0012967229122295,0,0.0158552546054124,0,2.589432881450193e-07,0,0.0044559435918927
0,0.0013241443084552,0,0.0196919403970241,0,0.0001153393823187,0,0.0011179444845765
0,0.0020334995351731,0,0.0654830932617187,0,1.2233999768795911e-05,0,0.0104409763589501
0,0.3370424509048462,0,0.7592096328735352,0,0.0017102169804275,0,0.3957118988037109
0,0.0265643503516912,0,0.1351770013570785,0,0.0024802088737487,0,0.0252779405564069
0,0.005338619928807,0,0.0574920624494552,0,3.991588073404273e-06,0,0.0047149620950222
0,0.0095806829631328,0,0.0198243334889411,0,5.666632318934717e-07,0,0.068299613893032
0,0.0050152288749814,0,0.0183120444416999,0,0.0004643192805815,0,0.0748457983136177
0,0.0037922896444797,0,0.0057024778798222,0,3.886026388499886e-05,0,0.0066683469340205
0,0.0080149350687861,0,0.0047282795421779,0,0.0001068029960151,0,0.0243033841252326
0,0.0030193873681128,0,0.0138436090201139,0,0.0002205400960519,0,0.0375875420868396
0,0.0043892241083085,0,0.005403493065387,0,7.000626283115707e-06,0,0.007486892864108
0,0.0026998817920684,0,0.0079484628513455,0,1.3535846846934874e-05,0,0.0064560896717011
0,0.0015493754763156,0,0.0094581237062811,0,0.0009279099176637,0,0.0038661703001707
0,0.3744260668754577,0,0.4032886922359466,0,0.5656149387359619,0,0.5473895072937012
0,0.5021997690200806,0,0.6164979934692383,0,0.1264158934354782,0,0.5900132060050964
0,0.65883868932724,0,0.7826785445213318,0,0.1448235064744949,0,0.6574308276176453
0,0.327998548746109,0,0.436136931180954,0,0.6273677945137024,0,0.4701586365699768
0,0.2848159074783325,0,0.4751312732696533,0,0.0199236627668142,0,0.524787187576294
0,0.4373659789562225,0,0.9458269476890564,0,0.9010897874832152,0,0.6651396751403809
0,0.0168886557221412,0,0.0142182344570755,0,0.0001140994208981,0,0.0451340824365615
0,0.0015270757721737,0,0.0354752838611602,0,0.000394221075112,0,0.2149046808481216
0,0.0356931053102016,0,0.0128390239551663,0,0.0002583192544989,0,0.0758743286132812
0,0.0024161231704056,0,0.0283659789711236,0,0.000256331753917,0,0.2614721059799194
0,0.016229785978794,0,0.0064302533864974,0,1.8899554561357945e-05,0,0.0014159987913444
0,0.0019087373511865,0,0.0174123719334602,0,0.0002400662924628,0,0.1692960262298584
0,0.0339188873767852,0,0.0141884572803974,0,0.0054216491989791,0,0.0866792723536491
0,0.0022711006458848,0,0.0255875010043382,0,4.190174877294339e-06,0,0.0140362214297056
0,0.0030231473501771,0,0.0089898072183132,0,0.0001113702383008,0,0.0092085087671875
0,0.0045816800557076,0,0.0852212458848953,0,0.0010734535753726,0,0.0218256786465644
0,0.0734240338206291,0,0.1216236054897308,0,0.4436995089054107,0,0.2472465336322784
0,0.0150315705686807,0,0.0053999191150069,0,0.0001624217111384,0,0.0039449664764106
0,0.0512225367128849,0,0.0025138740893453,0,0.0006082927575334,0,0.0322279036045074
0,0.0059765046462416,0,0.0161755923181772,0,0.0022497356403619,0,0.0161099173128604
0,0.0513782426714897,0,0.0072415070608258,0,0.0097632342949509,0,0.0212144758552312
0,0.1073901131749153,0,0.0035531944595277,0,0.0003434227546676,0,0.008524902164936
0,0.0041344254277646,0,0.0100960321724414,0,0.0004707727930508,0,0.0208206549286842
0,0.0194891691207885,0,0.0155359525233507,0,0.0009729896555654,0,0.1177105605602264
0,0.0071093114092946,0,0.0572660714387893,0,8.189393702195957e-05,0,0.0150552447885274
0,0.0077781546860933,0,0.0800100639462471,0,0.0015910789370536,0,0.017956705763936
0,0.0010710275964811,0,0.0005099819973111,0,4.546187028608983e-06,0,0.0006466070772148
0,0.1066070944070816,0,0.0154325636103749,0,0.0135528445243835,0,0.22965107858181
0,0.0078864684328436,0,0.0192542076110839,0,4.417790114530362e-05,0,0.015833742916584
0,0.108393058180809,0,0.0582840703427791,0,0.000276576320175,0,0.1851857155561447
0,0.2847053408622741,0,0.0729720145463943,0,0.0048795300535857,0,0.1920139342546463
0,0.0085446862503886,0,0.1086611077189445,0,0.0008358386112377,0,0.0722458884119987
0,0.0448786653578281,0,0.0036925843451172,0,7.20072966942098e-06,0,0.0145584857091307
0,0.001552413101308,0,0.0012661024229601,0,5.634603803628124e-05,0,0.001149944961071
0,0.0062828543595969,0,0.0571010038256645,0,0.0003991297853644,0,0.0456723347306251
0,0.0016556815244257,0,0.0012987067457288,0,5.360586874303408e-05,0,0.0015494484687224
0,0.0091945100575685,0,0.1171798482537269,0,0.0003266390704084,0,0.133217915892601
0,0.0027175620198249,0,0.0015436602989211,0,3.5265096812509e-05,0,0.0011939785908907
0,0.0011991256615146,0,0.057614155113697,0,0.0002355291653657,0,0.0135787827894091
0,0.002747640479356,0,0.0105101615190505,0,0.000256395782344,0,0.092345118522644
0,0.0272673964500427,0,0.146903783082962,0,1.1732466191460844e-05,0,0.0216152984648942
0,0.0038647013716399,0,0.0464218445122242,0,2.665825149961165e-06,0,0.0025949219707399
0,0.0023838062770664,0,0.0025997618213295,0,1.3539334986489848e-06,0,0.0039505464956164
0,0.0031505317892879,0,0.0224398504942655,0,6.139623565104557e-06,0,0.0071597611531615
0,0.0261717718094587,0,0.0336490161716938,0,0.0068042599596083,0,0.143436998128891
0,0.002603763481602,0,0.0110156694427132,0,3.25163409797824e-06,0,0.0106102200224995
0,0.2193233668804168,0,0.6903926134109497,0,0.8939346075057983,0,0.6029177308082581
0,0.1424607783555984,0,0.3072012066841125,0,0.0101522877812385,0,0.0922437384724617
0,0.0036782780662178,0,0.0129398498684167,0,6.553385901497677e-06,0,0.0010153653565794
0,0.0194459054619073,0,0.0728578865528106,0,7.053930312395096e-05,0,0.003490530885756
0,0.1354424655437469,0,0.1433807760477066,0,0.0036539549473673,0,0.1239939630031585
0,0.0165034923702478,0,0.1705437004566192,0,0.0006582540809176,0,0.0063363658264279
0,0.0025104612577706,0,0.0151260895654559,0,0.0002523219154682,0,0.0056008826941251
0,0.0015382430283352,0,0.0112270945683121,0,0.0002274218568345,0,0.0153458528220653
0,0.0019170036539435,0,0.0127109084278345,0,5.877476360183209e-05,0,0.0193632580339908
0,0.0826587006449699,0,0.0562057942152023,0,0.0006916762795299,0,0.53428053855896
0,0.0227456409484148,0,0.0543447807431221,0,0.0004508284037001,0,0.4285964071750641
0,0.0901278257369995,0,0.1389617025852203,0,0.0065805977210402,0,0.0790261030197143
0,0.0723809599876403,0,0.0542770139873027,0,0.0062223626300692,0,0.093052327632904
0,0.0500625073909759,0,0.0969756841659545,0,0.0004803160263691,0,0.4120500087738037
0,0.0120185064151883,0,0.0687226727604866,0,1.1603247912717052e-05,0,0.0175023227930068
0,0.0310223754495382,0,0.1365289092063903,0,3.474272307357751e-05,0,0.0377794802188873
0,0.0041263992898166,0,0.1990233063697815,0,0.0001420262124156,0,0.4979577958583832
0,0.1251637041568756,0,0.3055995106697082,0,0.5865468978881836,0,0.1505370736122131
0,0.0016771315131336,0,0.0329887308180332,0,0.0001599218376213,0,0.1880689561367035
0,0.4661109447479248,0,0.8363657593727112,0,0.6289762854576111,0,0.8835959434509277
0,0.2023904919624328,0,0.5083364248275757,0,0.0005757012986578,0,0.4255697131156921
0,0.415445327758789,0,0.8893862366676331,0,0.0400065556168556,0,0.9002713561058044
0,0.0025143956299871,0,0.0926802679896354,0,0.00031188322464,0,0.157871127128601
0,0.0019807205535471,0,0.0126809161156415,0,2.133063844667049e-06,0,0.0025450794491916
0,0.0028408947400748,0,0.0062940050847828,0,2.3733829948469065e-05,0,0.0129823191091418
0,0.0028551016002893,0,0.0077780224382877,0,0.0001098763459594,0,0.0111681260168552
0,0.001901542651467,0,0.0140428096055984,0,6.79743243381381e-05,0,0.1862728893756866
0,0.0026674771215766,0,0.0109853418543934,0,0.0001106096970033,0,0.0092252725735306
0,0.0578912459313869,0,0.0072128535248339,0,0.0002661317994352,0,0.019624289125204
0,0.0039991303347051,0,0.0049799745902419,0,5.147346746525727e-05,0,0.0994926691055297
0,0.0594117082655429,0,0.2556506693363189,0,0.0002262584894197,0,0.0525067299604415
0,0.0035238300915807,0,0.1187688633799552,0,7.38194867153652e-05,0,0.012683417648077
0,0.0032262543682008,0,0.0055692810565233,0,0.0017732270061969,0,0.0087873293086886
0,0.0097050163894891,0,0.1248752549290657,0,0.00037420616718,0,0.043030921369791
0,0.0027476418763399,0,0.0045892759226262,0,0.0001731200463837,0,0.0081833144649863
0,0.3674713373184204,0,0.35712930560112,0,0.0553903505206108,0,0.7044422030448914
0,0.0209358464926481,0,0.0219979062676429,0,0.000196918612346,0,0.0209383405745029
0,0.0117228971794247,0,0.0438169799745082,0,0.0002173111861338,0,0.0345844253897666
0,0.0350126251578331,0,0.0750166028738021,0,0.0001074721585609,0,0.0613481178879737
0,0.0100619019940495,0,0.0169425141066312,0,0.0001999833475565,0,0.0219886358827352
0,0.2518887817859649,0,0.5192207098007202,0,0.2451416254043579,0,0.7093425393104553
0,0.0063030831515789,0,0.0084246015176177,0,1.880283707578201e-05,0,0.0032610620837658
0,0.0230686552822589,0,0.0204754397273063,0,9.7608586656861e-05,0,0.0280296988785266
0,0.0311036482453346,0,0.0871153250336647,0,0.0004084270331077,0,0.0548418462276458
0,0.3417847156524658,0,0.5602296590805054,0,0.1689641177654266,0,0.694919228553772
0,0.0041755032725632,0,0.0089100645855069,0,6.135342118795961e-05,0,0.0559287406504154
0,0.0055118687450885,0,0.0063450522720813,0,1.4911239304638002e-05,0,0.0237052626907825
0,0.0080397594720125,0,0.0053875255398452,0,0.0002021922846324,0,0.0514322482049465
0,0.1913472414016723,0,0.0428469255566597,0,0.0596235506236553,0,0.7340121269226074
0,0.0902581885457038,0,0.1051156893372535,0,0.0439100712537765,0,0.2935716807842254
0,0.0039267474785447,0,0.0088444491848349,0,0.0010505975224077,0,0.1009505689144134
0,0.0030734799802303,0,0.0134799182415008,0,3.965083578805206e-06,0,0.0030585988424718
0,0.2866084575653076,0,0.1522946506738662,0,0.1339436024427414,0,0.5316939949989319
0,0.0006270936573855,0,0.0034162057563662,0,4.017511400888907e-06,0,0.0053937891498208
0,0.028060920536518,0,0.0586590021848678,0,0.0009696858469396,0,0.1882345229387283
0,0.3993555605411529,0,0.2346710115671157,0,0.4414763152599334,0,0.5874802470207214
0,0.134867250919342,0,0.1628575325012207,0,0.188204139471054,0,0.7279566526412964
0,0.9184648990631104,0,0.9676395058631896,0,0.99953031539917,0,0.9138282537460328
0,0.3754754364490509,0,0.9310200810432434,0,0.0118018202483654,0,0.901470184326172
0,0.2705581486225128,0,0.6946846842765808,0,0.0233750659972429,0,0.7333559393882751
0,0.0024084923788905,0,0.0009853917872533,0,3.899948569596745e-05,0,0.0010199171956628
0,0.0033548369538038,0,0.0019460549810901,0,1.1010125490429346e-05,0,0.0037813780363649
0,0.3256532549858093,0,0.6136514544487,0,0.1418303847312927,0,0.7260637283325195
0,0.0305645558983087,0,0.0992696210741996,0,0.0002294460864504,0,0.5146520137786865
0,0.0012649345444515,0,0.0069168582558631,0,1.004066871246323e-05,0,0.0006516767898574
0,0.0053383037447929,0,0.0743716284632682,0,1.3172441867936868e-05,0,0.0086667919531464
0,0.3741251230239868,0,0.003944621887058,0,1.1960466508753598e-05,0,0.0768305510282516
0,0.0093561774119734,0,0.0030619276221841,0,1.8700689906836487e-05,0,0.0064412876963615
0,0.0025091411080211,0,0.0019852861296385,0,0.0045374687761068,0,0.0273859184235334
0,0.0320867523550987,0,0.0268249046057462,0,5.351760773919523e-05,0,0.0505779050290584
0,0.3146612644195556,0,0.2679992020130157,0,0.0782286152243614,0,0.1797693371772766
0,0.005995875224471,0,0.0056006303057074,0,2.3259523004526272e-05,0,0.0082457894459366
0,0.2011712938547134,0,0.6216356158256531,0,0.3905709087848663,0,0.6118428707122803
0,0.0914865136146545,0,0.147583931684494,0,0.0121028255671262,0,0.0425626598298549
0,0.7172971963882446,0,0.1674790531396865,0,0.0005517932004295,0,0.3126449882984161
0,0.0292505901306867,0,0.3569769859313965,0,0.0689755231142044,0,0.0060466080904006
0,0.0662179216742515,0,0.0238607805222272,0,8.03496950538829e-05,0,0.0211903769522905
0,0.11858781427145,0,0.4071523547172546,0,0.0343396291136741,0,0.5800157785415649
0,0.1136544793844223,0,0.0267808735370636,0,8.80671213963069e-05,0,0.0217255596071481
0,0.0499693118035793,0,0.2597099244594574,0,0.0457962825894355,0,0.0071891983970999
0,0.2478506416082382,0,0.5415003299713135,0,0.3960306942462921,0,0.6604764461517334
0,0.0111434618011116,0,0.054240521043539,0,2.027341179200448e-05,0,0.0217014867812395
0,0.0017118735704571,0,0.0148496003821492,0,0.0002829519216902,0,0.0067829960025846
0,0.0617911480367183,0,0.1755565851926803,0,0.9452848434448242,0,0.5697652101516724
0,0.0028951766435056,0,0.0118250157684087,0,3.410850331420079e-05,0,0.0024260217323899
0,0.1741484999656677,0,0.1819298565387725,0,0.0002603340835776,0,0.8363931179046631
0,0.0034791845828294,0,0.0060160094872117,0,0.0092384619638323,0,0.0826508626341819
0,0.0057286359369754,0,0.0179509464651346,0,0.0129266772419214,0,0.3865719735622406
0,0.0037288814783096,0,0.0141346752643585,0,0.0186916776001453,0,0.2681419551372528
0,0.655937135219574,0,0.9262349605560304,0,0.0399943143129348,0,0.7338479161262512
0,0.5548458099365234,0,0.9367955923080444,0,0.0004103083920199,0,0.7423494458198547
0,0.764837920665741,0,0.4456953108310699,0,0.1412283629179,0,0.4693454205989837
0,0.0071456497535109,0,0.0047577526420354,0,0.0003897017450071,0,0.0091266287490725
0,0.0023175196256488,0,0.0083834463730454,0,2.6215209345537005e-06,0,0.0011949110776185
0,0.0135782994329929,0,0.0186693128198385,0,0.0001795945863705,0,0.0148207210004329
0,0.0667971074581146,0,0.0457552298903465,0,4.772866304847412e-06,0,0.00177793786861
0,0.0009364942088723,0,0.0169988013803958,0,4.132968388148584e-05,0,0.0011827985290437
0,0.0009606932871975,0,0.0590129978954792,0,0.0039405957795679,0,0.0154993627220392
0,0.1918034106492996,0,0.1412743031978607,0,2.5333229132229466e-05,0,0.0053825224749743
0,0.0011638230644166,0,0.0667664781212806,0,0.0018691505538299,0,0.0158171225339174
0,0.2343348860740661,0,0.5120069980621338,0,0.0008393099415116,0,0.0266578942537307
0,0.1201079711318016,0,0.4821454584598541,0,0.0266471747308969,0,0.1024057567119598
0,0.1982254981994629,0,0.4214662909507751,0,0.0442590005695819,0,0.064063549041748
0,0.2525568902492523,0,0.5926839113235474,0,0.7464783787727356,0,0.3140066564083099
0,0.0135726984590291,0,0.0322802439332008,0,4.942212763126008e-05,0,0.0051824729889631
0,0.0013117596972733,0,0.1103028580546379,0,2.5577948690624908e-05,0,0.0029263477772474
0,0.0005234717391431,0,0.00505828903988,0,6.95150902174646e-07,0,0.0047462312504649
0,0.0063383602537214,0,0.112719252705574,0,2.1017910967202624e-06,0,0.0135983098298311
0,0.0039027913007885,0,0.0537920147180557,0,5.7922006817534566e-05,0,0.00592384301126
0,0.0071047819219529,0,0.0344722718000412,0,2.3808546757209115e-05,0,0.003044594079256
0,0.0063999877311289,0,0.0609145164489746,0,6.388132169377059e-05,0,0.0063154031522572
0,0.0046572824940085,0,0.0382721573114395,0,4.055893805343658e-05,0,0.0034167885314673
0,0.0062459898181259,0,0.0158415772020816,0,7.785929483361542e-06,0,0.0011835255427286
0,0.0112479217350482,0,0.2322041690349578,0,0.0003252085007261,0,0.0029186932370066
0,0.0017071025213226,0,0.0016847957158461,0,7.303501661226619e-06,0,0.0007145341369323
0,0.0101376678794622,0,0.0831431150436401,0,4.811416147276759e-05,0,0.0021579435560852
0,0.0014561649877578,0,0.0013198453234508,0,4.151251687289914e-06,0,0.0004875437589362
0,0.0056427838280797,0,0.0319562591612339,0,4.11245709983632e-05,0,0.0009105456410907
0,0.0041976510547101,0,0.0082783717662096,0,0.0001536290219519,0,0.1339569836854934
0,0.0061553250998258,0,0.0074057299643754,0,8.963505933934357e-06,0,0.0029556916560977
0,0.0039507979527115,0,0.0092617189511656,0,7.592487963847816e-05,0,0.1349040865898132
0,0.0068847388029098,0,0.0386860482394695,0,6.819506779720541e-06,0,0.0024246557150036
0,0.0053501282818615,0,0.0080688996240496,0,2.6518875529291108e-05,0,0.0029121560510247
0,0.0054048998281359,0,0.0086169000715017,0,0.0004682992585003,0,0.2024887055158615
0,0.0161050893366336,0,0.0204810015857219,0,0.0007214180077426,0,0.0117488736286759
0,0.0022943036165088,0,0.1956998258829116,0,1.6068397599156015e-05,0,0.0213919188827276
0,0.0020012266468256,0,0.0202604960650205,0,9.70481996773742e-05,0,0.0080073680728673
0,0.0040086805820465,0,0.0283324271440505,0,7.773266406729817e-05,0,0.0125658651813864
0,0.007398166693747,0,0.1404434889554977,0,0.0014708827948197,0,0.015614129602909
0,0.0018023151205852,0,0.0092248935252428,0,9.497537394054234e-05,0,0.0008233425905928
0,0.000874625518918,0,0.0056310552172362,0,1.591957698110491e-05,0,0.0007363678305409
0,0.5661361217498779,0,0.8447673916816711,0,0.9242677688598632,0,0.8129972219467163
0,0.7609304189682007,0,0.841135561466217,0,0.8473936319351196,0,0.8573612570762634
0,0.8076463341712952,0,0.8717440962791443,0,0.945793867111206,0,0.8637520670890808
0,0.0837113037705421,0,0.0061587914824485,0,0.0707776024937629,0,0.001119450200349
0,0.0311728361994028,0,0.3223304748535156,0,0.0014642536407336,0,0.0481111817061901
0,0.009390939027071,0,0.0208796095103025,0,5.384080736803298e-07,0,0.0017853616736829
0,0.0693563818931579,0,0.0052270512096583,0,0.0048018340021371,0,0.0020779308397322
0,0.2489838302135467,0,0.2589595019817352,0,0.0750733911991119,0,0.4344477951526642
0,0.0210822448134422,0,0.0740741863846778,0,0.0003669281722977,0,0.0290727838873863
0,0.0492867119610309,0,0.0054588830098509,0,2.1695535906474103e-05,0,0.0005726759554818
0,0.15538190305233,0,0.4437161386013031,0,1.5349201930803247e-05,0,0.2244349420070648
0,0.021359883248806,0,0.0245449114590883,0,1.5704058569099288e-06,0,0.0039377687498927
0,0.2297783643007278,0,0.2843106985092163,0,0.0006449961219914,0,0.8430126309394836
0,0.0142270205542445,0,0.0378067381680011,0,0.2547662854194641,0,0.5018054246902466
0,0.0072475187480449,0,0.0136771416291594,0,1.5471268852707e-05,0,0.0087693789973855
0,0.0337735451757907,0,0.0299599710851907,0,0.026043202728033,0,0.5251569151878357
0,0.0044180676341056,0,0.0152230877429246,0,3.349991675349884e-05,0,0.022507905960083
0,0.0137089416384696,0,0.019746545702219,0,0.0472734607756137,0,0.5213335156440735
0,0.0051969531923532,0,0.0088163996115326,0,1.221761885972228e-05,0,0.0180860627442598
0,0.0536960661411285,0,0.0203191023319959,0,2.4680304022695054e-07,0,0.007886859588325
0,0.0026268609799444,0,0.0028742412105202,0,5.423278707894497e-06,0,0.0010862206108868
0,0.0289615672081708,0,0.0100627467036247,0,2.740552815794217e-07,0,0.0352165959775447
0,0.0017918907105922,0,0.0061894604004919,0,0.0031428360380232,0,0.0006314537604339
0,0.6996675133705139,0,0.7496374249458313,0,0.0310272984206676,0,0.8388974666595459
0,0.5756269693374634,0,0.6478973627090454,0,0.4840580523014068,0,0.6682138442993164
0,0.2111216932535171,0,0.3553816378116607,0,0.2209339141845703,0,0.7256527543067932
0,0.1047911494970321,0,0.0273796301335096,0,0.0503386780619621,0,0.5919880867004395
0,0.4901835322380066,0,0.6372354030609131,0,0.1081439182162284,0,0.629968523979187
0,0.2318614423274994,0,0.5234079360961914,0,0.6056750416755676,0,0.74848473072052
0,0.2494124919176101,0,0.0557742938399314,0,0.1741286665201187,0,0.7571643590927124
0,0.0027736166957765,0,0.0029546010773628,0,1.17799463623669e-05,0,0.0004355649289209
0,0.4666207432746887,0,0.6613322496414185,0,0.0739953219890594,0,0.4904150366783142
0,0.4078890979290008,0,0.6821327805519104,0,0.5663906335830688,0,0.686167299747467
0,0.5008955001831055,0,0.0931566506624221,0,0.2725921273231506,0,0.7810870409011841
0,0.0022140878718346,0,0.0020254866685718,0,3.421372821321711e-05,0,0.0004491554573178
0,0.0152329113334417,0,0.0415231585502624,0,0.5723342895507812,0,0.3489453792572021
0,0.0393623113632202,0,0.0221884027123451,0,0.0004385430074762,0,0.1856263726949691
1,0.5630201101303101,1,0.5821488499641418,1,0.2333916127681732,1,0.8506620526313782
1,0.297795683145523,1,0.5337111353874207,1,0.2430039197206497,1,0.7000008821487427
1,0.19441719353199,1,0.4640706181526184,1,0.0614989921450614,1,0.5882553458213806
1,0.3007057905197143,1,0.7544738054275513,1,0.5635426044464111,1,0.5657082200050354
1,0.5670034289360046,1,0.9541119933128356,1,0.990296185016632,1,0.8454091548919678
1,0.7090821862220764,1,0.853802502155304,1,0.776572048664093,1,0.7681627869606018
1,0.0681178942322731,1,0.1948300451040268,1,0.0010850582038983,1,0.0280323959887027
1,0.343783289194107,1,0.7760072350502014,1,0.5431500673294067,1,0.679568886756897
1,0.2716619372367859,1,0.0150116104632616,1,0.9118837118148804,1,0.4577859044075012
1,0.4817465841770172,1,0.7140790224075317,1,0.2411352097988128,1,0.6910519599914551
1,0.2025885134935379,1,0.4468831121921539,1,0.0092561114579439,1,0.5757214426994324
1,0.5746458172798157,1,0.9284584522247314,1,0.4238935708999634,1,0.8707829117774963
1,0.0041859610937535,1,0.0094151366502046,1,0.0066876383498311,1,0.0017667665379121
1,0.3800708055496216,1,0.4610410034656524,1,0.6630804538726807,1,0.626767635345459
1,0.5708725452423096,1,0.7672948837280273,1,0.481240451335907,1,0.4125215709209442
1,0.7398760318756104,1,0.9318817853927612,1,0.7582694888114929,1,0.7771475315093994
1,0.5383439660072327,1,0.6692399978637695,1,0.7761006951332092,1,0.4884531199932098
1,0.3099675476551056,1,0.7385526895523071,1,0.6113114953041077,1,0.5994294285774231
1,0.7285473346710205,1,0.8065048456192017,1,0.5532845258712769,1,0.6787438988685608
1,0.482914537191391,1,0.1463968157768249,1,0.2035517990589141,1,0.3877118825912475
1,0.2126937210559845,1,0.0793777331709861,1,0.0217053052037954,1,0.2912696897983551
1,0.4783350527286529,1,0.2700271606445312,1,0.2260862439870834,1,0.5456180572509766
1,0.3036301732063293,1,0.0650298744440078,1,0.0560622923076152,1,0.0973356217145919
1,0.2605285942554474,1,0.0977924168109893,1,0.2101704329252243,1,0.5792341232299805
1,0.276538997888565,1,0.5222477316856384,1,0.8030205368995667,1,0.7388776540756226
1,0.0163217354565858,1,0.2026127874851226,1,0.001846119062975,1,0.2094001770019531
1,0.8625444769859314,1,0.9817619323730468,1,0.9999712705612184,1,0.9696126580238342
0,0.1988933086395263,0,0.3611227869987488,0,0.0124014094471931,0,0.1653265506029129
0,0.0130117731168866,0,0.1372712701559066,0,0.0001028517144732,0,0.0174476169049739
0,0.000522484187968,0,0.0135350385680794,0,1.8477960111340508e-05,0,0.0004430473782122
0,0.000601819017902,0,0.0148965921252965,0,7.6166465987626e-06,0,0.0010995520278811
0,0.0068181920796632,0,0.0124122183769941,0,7.894614100223407e-05,0,0.0067359739914536
0,0.0847818553447723,0,0.4587797522544861,0,0.0785268545150756,0,0.532817006111145
0,0.0064040999859571,0,0.0071210577152669,0,0.0001588043523952,0,0.0043278555385768
0,0.347065806388855,0,0.6989259719848633,0,0.2027643918991089,0,0.437006264925003
0,0.0755216479301452,0,0.0663686245679855,0,0.0082528619095683,0,0.0225930847227573
0,0.0051505579613149,0,0.0077733504585921,0,0.0011350606800988,0,0.0056450823321938
0,0.0021295817568898,0,0.0180184952914714,0,3.151852797600441e-05,0,0.0280385687947273
0,0.0836511179804802,0,0.1942678689956665,0,0.0266384948045015,0,0.1951417773962021
0,0.9193899631500244,0,0.985383152961731,0,0.9936673045158386,0,0.8660955429077148
0,0.0409833528101444,0,0.0198279470205307,0,0.0037807459011673,0,0.0186321791261434
0,0.1243801638484001,0,0.8865610361099243,0,0.0367960669100284,0,0.7666515707969666
0,0.0817149803042411,0,0.0715689063072204,0,0.0002024938439717,0,0.0575870834290981
0,0.0288498029112815,0,0.0268704779446125,0,0.0005597512354142,0,0.0504708141088485
0,0.1164320111274719,0,0.0329967737197876,0,0.0002824112889356,0,0.0964541286230087
0,0.0344299040734767,0,0.0083220209926366,0,9.42457772907801e-05,0,0.0148717360571026
0,0.0467877388000488,0,0.054463405162096,0,5.497266465681605e-05,0,0.0478314459323883
0,0.065614104270935,0,0.1837800294160843,0,1.0588924851617776e-05,0,0.6530875563621521
0,0.0150030450895428,0,0.1176697015762329,0,7.57307352614589e-05,0,0.8261355757713318
0,0.8717422485351562,0,0.9768436551094056,0,0.9971207976341248,0,0.9248783588409424
0,0.0026437428314238,0,0.0037521382328122,0,1.119692296924768e-05,0,0.0026916693896055
0,0.2897303402423858,0,0.3829833269119262,0,0.013792373239994,0,0.3486576676368713
0,0.4022836685180664,0,0.749778687953949,0,0.008214559406042,0,0.386709451675415
0,0.1281803995370865,0,0.1971725970506668,0,0.0146181704476475,0,0.1340687572956085
0,0.4433970749378204,0,0.4613725841045379,0,0.0039828149601817,0,0.5388185977935791
0,0.1252243816852569,0,0.6107744574546814,0,0.5095951557159424,0,0.2275604009628296
0,0.0024963193573057,0,0.00630823103711,0,0.0001347712968708,0,0.0038550868630409
0,0.0994089618325233,0,0.0312721878290176,0,0.0004488203558139,0,0.0510012209415435
0,0.0076958909630775,0,0.0338244810700416,0,4.843627539230511e-05,0,0.0049895509146153
0,0.0058271791785955,0,0.0197587702423334,0,0.0001023929580696,0,0.0260185897350311
0,0.0187626499682664,0,0.0460241250693798,0,3.5065495467279106e-05,0,0.2028964161872863
0,0.0023948298767209,0,0.0102339470759034,0,1.306097510678228e-05,0,0.0036163399927318
0,0.0100830541923642,0,0.1357811689376831,0,0.1000668406486511,0,0.1214139312505722
0,0.0032016828190535,0,0.0035767352674156,0,2.9911996534792703e-05,0,0.0009039298747666
0,0.0032468847930431,0,0.0017681588651612,0,2.537799446145073e-06,0,0.0022676254156976
0,0.009503080509603,0,0.0364659130573272,0,0.0009944911580532,0,0.015449671074748
0,0.0035675838589668,0,0.0072594541124999,0,6.404412124538794e-05,0,0.0143093420192599
0,0.0058468696661293,0,0.0073526203632354,0,0.0001255220558959,0,0.0188495032489299
0,0.0789602771401405,0,0.1113007813692092,0,2.3131886337068863e-05,0,0.0856135562062263
0,0.0155533058568835,0,0.0744069516658783,0,0.0026718596927821,0,0.0380418375134468
0,0.0010544207179918,0,0.0195121951401233,0,3.327224112581462e-05,0,0.0015417042886838
0,0.0040675001218914,0,0.0132313044741749,0,2.4197726816055365e-05,0,0.0094574624672532
0,0.005589360371232,0,0.0089910309761762,0,4.558580258162692e-05,0,0.0108532235026359
0,0.018564123660326,0,0.0189864858984947,0,0.000307780021103,0,0.0121213691309094
0,0.3042612075805664,0,0.3358574509620666,0,0.5383328199386597,0,0.4197584092617035
0,0.0036723327357321,0,0.0194075070321559,0,2.0440385924302973e-05,0,0.0125425215810537
0,0.0633649155497551,0,0.1587038785219192,0,0.0470596142113208,0,0.4396766722202301
0,0.1201014518737793,0,0.24502032995224,0,0.0014336686581373,0,0.4053732454776764
0,0.0039652972482144,0,0.0167523752897977,0,1.6030147889978252e-05,0,0.0058515220880508
0,0.0378927737474441,0,0.1425299197435379,0,0.0100019676610827,0,0.3456023335456848
0,0.0357976183295249,0,0.2016243189573288,0,0.0589976124465465,0,0.2550026178359985
0,0.0042853197082877,0,0.0698799043893814,0,9.54651550273411e-05,0,0.0566897317767143
0,0.0069282595068216,0,0.0506342500448226,0,1.138231709774118e-05,0,0.0886012390255928
0,0.009339366108179,0,0.0418622754514217,0,0.0001052299921866,0,0.1436351984739303
0,0.0013109153369441,0,0.0033342423848807,0,4.931140210828744e-06,0,0.0062407446093857
0,0.0012024724856019,0,0.0022573638707399,0,3.688291371872765e-06,0,0.0052745845168828
0,0.029942475259304,0,0.0232652686536312,0,0.000348383153323,0,0.0287440419197082
0,0.0297927167266607,0,0.0094779515638947,0,6.684226718789432e-06,0,0.0018488985951989
0,0.0038891567382961,0,0.0381857268512249,0,0.000108334395918,0,0.0114468364045023
0,0.0870644897222518,0,0.3078024685382843,0,0.0015034461393952,0,0.0071593471802771
0,0.0663157403469085,0,0.0140004409477114,0,2.792620580294169e-05,0,0.001463383086957
0,0.0020394129678606,0,0.0625484585762023,0,0.0003579283657018,0,0.0327084697782993
0,0.0014707237714901,0,0.009825044311583,0,2.7338119252817705e-05,0,0.0052074431441724
0,0.0076582138426601,0,0.0076015265658497,0,5.753746518166736e-05,0,0.0207810681313276
0,0.0019904521759599,0,0.0042872023768723,0,1.4990614545240533e-05,0,0.0089364927262067
0,0.0129702575504779,0,0.0140991089865565,0,0.0002533492806833,0,0.0161930713802576
0,0.0033164154738187,0,0.036303985863924,0,0.0001750500232446,0,0.0108157340437173
0,0.1561512053012848,0,0.2659289538860321,0,0.0014327745884656,0,0.4979103207588196
0,0.001286266837269,0,0.0044944398105144,0,4.86772250951617e-06,0,0.0029335343278944
0,0.0104088196530938,0,0.0049713347107172,0,1.0945134818030056e-05,0,0.0210504066199064
0,0.0061408937908709,0,0.0103182587772607,0,0.0148263406008481,0,0.0217449758201837
0,0.0027628396637737,0,0.0157422218471765,0,0.0057002883404493,0,0.0191038530319929
0,0.0035172663629055,0,0.0164400022476911,0,1.606542537047062e-05,0,0.0044616139493882
0,0.6180408000946045,0,0.730527937412262,0,0.0634747073054313,0,0.3149342536926269
0,0.5075124502182007,0,0.2386229932308197,0,0.004836113192141,0,0.6046059131622314
0,0.4021150767803192,0,0.2089024037122726,0,0.0001626613229745,0,0.6665523648262024
0,0.3007175624370575,0,0.3726924657821655,0,0.0058599053882062,0,0.7200778126716614
0,0.0805215463042259,0,0.8477017283439636,0,0.4609312713146209,0,0.5727840662002563
0,0.0379288978874683,0,0.1384705305099487,0,0.0708647519350051,0,0.2006427943706512
0,0.0021679950878024,0,0.0098355943337082,0,2.921980012615677e-06,0,0.0011936367955058
0,0.0029769071843475,0,0.0069679515436291,0,5.453532139654271e-05,0,0.0018853221554309
0,0.0045395973138511,0,0.0055960617028176,0,1.487392819399247e-05,0,0.0020385279785841
0,0.1331617683172226,0,0.3256482779979706,0,0.0011648839572444,0,0.0109458519145846
0,0.0038054068572819,0,0.0063581704162061,0,6.02567961323075e-05,0,0.0003604054800234
0,0.0305782463401556,0,0.1046924665570259,0,0.0148131139576435,0,0.0634552538394928
0,0.0583260878920555,0,0.0409702099859714,0,0.0877665057778358,0,0.1926762461662292
0,0.027198564261198,0,0.0222507826983928,0,0.0007800637395121,0,0.0358212403953075
0,0.0013131020823493,0,0.0054050767794251,0,0.0001184466018457,0,0.0036654130090028
0,0.0026462145615369,0,0.0247251261025667,0,1.37267434183741e-05,0,0.0179335698485374
0,0.0034323541913181,0,0.0188265610486269,0,1.7224145267391577e-05,0,0.0463750623166561
0,0.0028613815084099,0,0.060859452933073,0,7.666054443689063e-06,0,0.0424505434930324
0,0.0455368645489215,0,0.0086889956146478,0,0.0023250996600836,0,0.0149892549961805
0,0.0014943348942324,0,0.0117251724004745,0,1.3430346371023916e-05,0,0.0222824923694133
0,0.152272880077362,0,0.3894785046577453,0,0.1357274204492569,0,0.5776696801185608
0,0.0056311516091227,0,0.035944178700447,0,2.282558125443757e-05,0,0.008155851624906
0,0.0113779976963996,0,0.0266628023236989,0,7.679371628910303e-05,0,0.0020330457482486
0,0.0064810654148459,0,0.2088902443647384,0,0.0011110609630122,0,0.2907265722751617
0,0.0046857013367116,0,0.0701150819659233,0,0.0004236560489516,0,0.2910370230674743
0,0.0034470225218683,0,0.0017987611936405,0,1.637142645449785e-06,0,0.001791124115698
0,0.0017916340148076,0,0.0086590275168418,0,7.511503554269439e-06,0,0.0043454733677208
0,0.0256700552999973,0,0.0046429014764726,0,0.0001126619390561,0,0.0042077843099832
0,0.0049008666537702,0,0.0084731960669159,0,0.000676752300933,0,0.009175706654787
0,0.0214533954858779,0,0.0080451732501387,0,0.1355907320976257,0,0.2703582346439361
0,0.0054874238558113,0,0.0093030361458659,0,0.0171950571238994,0,0.0090690003708004
0,0.0201705135405063,0,0.0076754679903388,0,6.698918878100812e-05,0,0.0030368894804269
0,0.0050892103463411,0,0.0093942014500498,0,0.0043304413557052,0,0.006101993843913
0,0.6639243364334106,0,0.8152324557304382,0,0.9067725539207458,0,0.8227036595344543
0,0.2780447602272033,0,0.6569581627845764,0,0.6030318140983582,0,0.6915580630302429
0,0.0074024745263159,0,0.0284522883594036,0,2.831494202837348e-05,0,0.0134595222771167
0,0.0032210003118962,0,0.0076846866868436,0,0.0005932785570621,0,0.032683826982975
0,0.0122425956651568,0,0.0225755777209997,0,9.262387175112964e-05,0,0.0178136304020881
0,0.0028170095756649,0,0.0096746608614921,0,0.0031953719444572,0,0.0781851112842559
0,0.0102344928309321,0,0.0321940556168556,0,0.0003846540348604,0,0.0222371350973844
0,0.003535556839779,0,0.0106645943596959,0,0.003710399614647,0,0.0576703362166881
0,0.002021191176027,0,0.0024838605895638,0,4.2734958697110415e-05,0,0.0016642372356727
0,0.0131691303104162,0,0.0082518206909298,0,0.0005852478789165,0,0.0670114979147911
0,0.0052164797671139,0,0.0153130544349551,0,0.0006124851643107,0,0.0165888518095016
0,0.0069667045027017,0,0.0183982327580451,0,0.0001614281645743,0,0.0052688554860651
0,0.027675362303853,0,0.0950561538338661,0,0.0040840548463165,0,0.0485113225877285
0,0.0030531105585396,0,0.0015864227898418,0,7.136038675525924e-06,0,0.0032196689862757
0,0.0013570361770689,0,0.0032313908450305,0,2.2244357751333155e-05,0,0.0014317646855488
0,0.0032024225220084,0,0.0112758353352546,0,0.000196156091988,0,0.0016505104722455
0,0.002940941369161,0,0.0131543530151247,0,4.60566661786288e-06,0,0.0125522539019584
0,0.0056130187585949,0,0.0086121559143066,0,0.000159455143148,0,0.0020960033871233
0,0.0019596740603446,0,0.0036050535272806,0,5.321458502294263e-06,0,0.0019455788424238
0,0.0076932404190301,0,0.0122943799942731,0,1.6240479453699663e-05,0,0.0129670351743698
0,0.0272265467792749,0,0.0115864668041467,0,2.4468240553687792e-06,0,0.0063015725463628
0,0.0051386528648436,0,0.0111717339605093,0,6.260689406190068e-05,0,0.0026790560223162
0,0.4116874635219574,0,0.0354686751961708,0,0.0002534807135816,0,0.2671714425086975
0,0.0865271389484405,0,0.3057633638381958,0,0.0133822681382298,0,0.1199831143021583
0,0.0061493539251387,0,0.242744579911232,0,6.616000609938055e-05,0,0.062222983688116
0,0.0618363320827484,0,0.4752912819385528,0,0.0007493189768865,0,0.4363126456737518
0,0.0141931939870119,0,0.1318559199571609,0,0.0045709796249866,0,0.1209212094545364
0,0.0155346989631652,0,0.1311519145965576,0,0.0010262976866215,0,0.1503594815731048
0,0.0198487900197505,0,0.1404894292354583,0,0.0008131185895763,0,0.1002222448587417
0,0.0158761665225029,0,0.1332211196422577,0,0.030220091342926,0,0.0249079465866088
0,0.0202109161764383,0,0.0105963433161377,0,0.0037333448417484,0,0.0084424642845988
0,0.0202230121940374,0,0.0715913251042366,0,0.0019642724655568,0,0.320741057395935
0,0.0178390871733427,0,0.2782313823699951,0,0.2322523146867752,0,0.0472817793488502
0,0.0129029219970107,0,0.0061552762053906,0,0.0005811764276586,0,0.0079192779958248
0,0.0073946272023022,0,0.0396166555583477,0,0.0006016042316332,0,0.2535484731197357
0,0.103229746222496,0,0.3914324641227722,0,0.9369757175445556,0,0.8686670064926147
0,0.0068109170533716,0,0.0073813879862427,0,0.0011142954463139,0,0.0131496554240584
0,0.0208440199494361,0,0.0079309707507491,0,5.681296897819266e-05,0,0.0061365333385765
0,0.3356154561042785,0,0.7948492169380188,0,0.9847114086151124,0,0.6538482308387756
0,0.4062592983245849,0,0.538653552532196,0,0.948306441307068,0,0.5341764092445374
0,0.4436432123184204,0,0.7366308569908142,0,0.9456310272216796,0,0.582957923412323
0,0.078122042119503,0,0.0160880517214536,0,0.0057490793988108,0,0.1007763370871543
0,0.1071688011288642,0,0.0261869933456182,0,0.0249372106045484,0,0.1357173919677734
0,0.0119170481339097,0,0.0104004740715026,0,0.0001670293422648,0,0.0853096544742584
0,0.007036343216896,0,0.019757380709052,0,0.0009454361279495,0,0.0209623575210571
0,0.0109505346044898,0,0.0071132136508822,0,0.0005280363257043,0,0.0259697958827018
0,0.0155877722427248,0,0.0133592011407017,0,0.0008778215269558,0,0.0761987790465354
0,0.0070863864384591,0,0.0073663308285176,0,6.964326894376427e-05,0,0.0674376860260963
0,0.081251136958599,0,0.1329153478145599,0,0.2414227128028869,0,0.2318022698163986
0,0.0929853916168212,0,0.1835848689079284,0,0.0020662359893321,0,0.5316087603569031
0,0.0196105428040027,0,0.0171091333031654,0,8.643161709187552e-05,0,0.0344563759863376
0,0.0029290551319718,0,0.0395203940570354,0,0.0002779591304715,0,0.0122391078621149
0,0.003411112120375,0,0.0151048777624964,0,5.341960422811098e-05,0,0.039900317788124
0,0.0264227334409952,0,0.0316280461847782,0,0.0024197774473577,0,0.0646024048328399
0,0.013867768459022,0,0.0287583656609058,0,6.553647108376026e-05,0,0.1074976250529289
0,0.0034516237210482,0,0.0041892621666193,0,4.914267719868803e-06,0,0.015355865471065
0,0.0022537496406584,0,0.0373404696583747,0,2.216905159002636e-05,0,0.0053232247009873
0,0.0244119260460138,0,0.0294407363981008,0,0.0051735565066337,0,0.0727690607309341
0,0.0014060516841709,0,0.0042285001836717,0,1.5416391761391424e-05,0,0.0027393314521759
0,0.0528769008815288,0,0.025729265064001,0,0.004282824229449,0,0.0888083130121231
0,0.0201363265514373,0,0.0180979873985052,0,0.00032107665902,0,0.0958680063486099
0,0.0027816907968372,0,0.0037966375239193,0,5.831519956700504e-06,0,0.0122048379853367
0,0.0026959017850458,0,0.0310620665550231,0,7.331242522923276e-05,0,0.0091928988695144
0,0.0019642445258796,0,0.0030032319482415,0,2.888070412154775e-06,0,0.0044448883272707
0,0.2339720129966735,0,0.0953750908374786,0,0.0005381707451306,0,0.0893788337707519
0,0.0526367835700511,0,0.0456889532506465,0,0.0035028676502406,0,0.1310925632715225
0,0.0495416708290576,0,0.2430350035429,0,0.004624159540981,0,0.3577273786067962
0,0.0031174214091151,0,0.0062446231022477,0,6.436463445425034e-05,0,0.0068845562636852
0,0.0028448649682104,0,0.0142934368923306,0,0.0002628944639582,0,0.0070377425290644
0,0.0185513030737638,0,0.1015815213322639,0,0.0046501369215548,0,0.0141337318345904
0,0.0398578308522701,0,0.0785302445292472,0,0.4977536201477051,0,0.2509475350379944
0,0.1100035905838012,0,0.4652733206748962,0,0.0036382798571139,0,0.6960530281066895
0,0.5515358448028564,0,0.9570598006248474,0,0.0801807790994644,0,0.851466953754425
0,0.031826376914978,0,0.042968638241291,0,0.0025723236612975,0,0.2193451523780822
0,0.0584932453930377,0,0.157499074935913,0,0.0074387686327099,0,0.124858483672142
0,0.0028698400128632,0,0.0025978682097047,0,2.784857861115597e-05,0,0.0004369849630165
0,0.1567772179841995,0,0.0296048317104578,0,0.0235481020063161,0,0.6294676065444946
0,0.0188160389661788,0,0.0588959455490112,0,0.0254378970712423,0,0.1771620959043502
0,0.0080792680382728,0,0.0034285432193428,0,0.0001337570574833,0,0.0007146355346776
0,0.2021202147006988,0,0.2399423718452453,0,0.0159281715750694,0,0.1892598122358322
0,0.0646767765283584,0,0.0275973360985517,0,0.0060250181704759,0,0.6242141723632812
0,0.0438310354948043,0,0.0493290610611438,0,0.0003086592187173,0,0.1330717206001281
0,0.0988794416189193,0,0.3360144197940826,0,0.2215547710657119,0,0.4192108511924743
0,0.0108033241704106,0,0.0023176341783255,0,7.733378151897341e-05,0,0.0007240462582558
0,0.1031656488776207,0,0.0642066076397895,0,0.215081438422203,0,0.7904648780822754
0,0.0025568339042365,0,0.0043757609091699,0,0.0002031949261436,0,0.0052489778026938
0,0.0021575891878455,0,0.0060864090919494,0,2.0961435438948683e-05,0,0.0118958828970789
0,0.0018379503162577,0,0.0059890528209507,0,0.0001421595370629,0,0.0127511052414774
0,0.2832873165607452,0,0.3524495363235473,0,0.2511567771434784,0,0.1086739003658294
0,0.0016501781065016,0,0.0060305949300527,0,0.0006638893391937,0,0.0030341118108481
0,0.0015016997931525,0,0.0029780662152916,0,1.3097484043100849e-05,0,0.0041626766324043
0,0.0129330065101385,0,0.1969745010137558,0,0.0028477569576352,0,0.6170097589492798
0,0.0194358751177787,0,0.0695881620049476,0,0.0007390082464553,0,0.0043546347878873
0,0.0030002910643815,0,0.0076159788295626,0,8.315079867315944e-06,0,0.0129808289930224
0,0.0129616847261786,0,0.113987423479557,0,0.0001990428281715,0,0.0228574778884649
0,0.016154084354639,0,0.0429383926093578,0,1.828372296586167e-05,0,0.0011158345732837
0,0.0163757354021072,0,0.0899266079068183,0,0.0001995781640289,0,0.0270714350044727
0,0.0018690322758629,0,0.0131409773603081,0,9.075945854419842e-05,0,0.0084706526249647
0,0.02919377759099,0,0.1415431648492813,0,0.0001457968028262,0,0.0278325621038675
0,0.0212974585592746,0,0.058720089495182,0,0.0019566910341382,0,0.0052972096018493
0,0.0057141450233757,0,0.0138985216617584,0,1.1542711035872344e-05,0,0.0135407950729131
0,0.0011957671958953,0,0.0018814147915691,0,1.1691519830492323e-05,0,0.0016566077247262
0,0.1260017305612564,0,0.2466505765914917,0,0.0008947533206082,0,0.2125283926725387
0,0.0032524617854505,0,0.0818627104163169,0,7.099381036823615e-05,0,0.004455966874957
0,0.0018346518045291,0,0.0035054800100624,0,2.8579661375260912e-05,0,0.0038730315864086
0,0.1036311835050582,0,0.2058136761188507,0,0.0004804180935025,0,0.2293940186500549
0,0.0045022442936897,0,0.042550042271614,0,9.991952538257465e-06,0,0.0038026475813239
0,0.2029483467340469,0,0.2949144244194031,0,0.1752640455961227,0,0.1130374446511268
0,0.0605885237455368,0,0.0643769279122352,0,0.0004284754977561,0,0.1538490951061248
0,0.2217844873666763,0,0.3795053660869598,0,0.0070266178809106,0,0.2394437491893768
0,0.002732136985287,0,0.0197751149535179,0,3.139589534839615e-05,0,0.0025008434895426
0,0.0054477578960359,0,0.0119325723499059,0,8.88127487996826e-06,0,0.0034057686571031
0,0.0025168387219309,0,0.0045883916318416,0,0.0001445902453269,0,0.0043255523778498
0,0.0431316569447517,0,0.1427610069513321,0,0.0308872479945421,0,0.3274614810943603
0,0.0040406729094684,0,0.0062083257362246,0,2.4766231945250183e-05,0,0.0143061280250549
0,0.0036985627375543,0,0.0072520282119512,0,0.000107526902866,0,0.0187130235135555
0,0.0043841637670993,0,0.0805227681994438,0,9.32859256863594e-05,0,0.0131256440654397
0,0.0036465118173509,0,0.0142805045470595,0,3.818569894065149e-06,0,0.0061494708061218
0,0.0113790063187479,0,0.0151300393044948,0,0.0003492705582175,0,0.0089269066229462
0,0.0038637139368802,0,0.0155007513239979,0,4.167288352618925e-06,0,0.0042117903940379
0,0.0026395770255476,0,0.0054618380963802,0,5.36554853169946e-06,0,0.007713952101767
0,0.0021911840885877,0,0.0204257257282733,0,7.415479558403604e-06,0,0.001548258238472
0,0.002909128088504,0,0.0138830291107296,0,0.0017483700066804,0,0.0029782787896692
0,0.0045033856295049,0,0.0068800589069724,0,0.0002101483987644,0,0.0050355424173176
0,0.0249900426715612,0,0.0185586549341678,0,1.106566378439311e-05,0,0.0036883191205561
0,0.3135316371917724,0,0.3383055925369262,0,0.0029619669076055,0,0.0842755138874054
0,0.0032818159088492,0,0.0155274951830506,0,4.953721509082243e-05,0,0.0028690840117633
0,0.0063821314834058,0,0.0275134500116109,0,2.4532433599233627e-05,0,0.0037607646081596
0,0.2721875607967376,0,0.339167445898056,0,0.0033111586235463,0,0.0877348780632019
0,0.3744754493236542,0,0.1938680559396743,0,0.2077595740556717,0,0.3209791481494903
0,0.5283864736557007,0,0.8096917271614075,0,5.142945883562789e-05,0,0.7891315221786499
0,0.0161167345941066,0,0.0084894839674234,0,0.0007025750237517,0,0.0746895298361778
0,0.0025081436615437,0,0.0195298828184604,0,1.2672085176745895e-05,0,0.0028545460663735
0,0.2160601019859314,0,0.2166196405887603,0,0.0235756710171699,0,0.122366651892662
0,0.0077648553997278,0,0.0637921914458274,0,0.0003319368115626,0,0.0247924346476793
0,0.0564059540629386,0,0.4127968251705169,0,0.0102835875004529,0,0.3353961408138275
0,0.0043509169481694,0,0.0062497206963598,0,1.553825131850317e-05,0,0.0008845042902976
0,0.0305903777480125,0,0.1509447693824768,0,0.0248997528105974,0,0.0283483956009149
1,0.4571991562843323,1,0.7395354509353638,1,0.2139729261398315,1,0.8131209015846252
1,0.0151266288012266,1,0.0591019690036773,1,0.0011633724207058,1,0.1616813242435455
1,0.7697976231575012,1,0.9393259286880492,1,0.977788269519806,1,0.8768956065177917
1,0.6160582900047302,1,0.8954086303710938,1,0.3310374617576599,1,0.7134842872619629
1,0.6239334344863892,1,0.9670029878616332,1,0.3738483786582947,1,0.8149526715278625
1,0.0248862858861684,1,0.147869125008583,1,0.5307799577713013,1,0.0780410319566726
1,0.0135945873335003,1,0.1448879837989807,1,0.3592525124549866,1,0.055839754641056
1,0.1061226427555084,1,0.1377672702074051,1,0.5195783972740173,1,0.1537301987409591
1,0.1393968164920807,1,0.1655997186899185,1,0.0088490061461925,1,0.3260028660297394
1,0.0602613948285579,1,0.0872590169310569,1,0.0038151012267917,1,0.2379696667194366
1,0.3224113583564758,1,0.1619395315647125,1,0.0829650983214378,1,0.5583467483520508
1,0.4073351621627807,1,0.4742831289768219,1,0.0189959648996591,1,0.2651023864746094
1,0.4323386549949646,1,0.8313459157943726,1,0.6551131010055542,1,0.7637125253677368
1,0.0628750026226043,1,0.0375767946243286,1,0.0010135521879419,1,0.0179231017827987
1,0.55875164270401,1,0.9361475706100464,1,0.9285616278648376,1,0.7504687309265137
1,0.8275132775306702,1,0.9760857820510864,1,0.9955963492393494,1,0.753996729850769
1,0.4946978390216827,1,0.9631497859954834,1,0.0023544982541352,1,0.8509379029273987
1,0.6738654971122742,1,0.8792394995689392,1,0.0489012263715267,1,0.6444504857063293
1,0.002019167644903,1,0.0119314361363649,1,3.4012639389402466e-06,1,0.0027995822019875
1,0.3524418473243713,1,0.7344024181365967,1,0.9775952696800232,1,0.7277344465255737
1,0.1930652111768722,1,0.1773772686719894,1,0.0409214794635772,1,0.263120174407959
0,0.0037590570282191,0,0.0664181932806968,0,1.6387656387450988e-06,0,0.0360267758369445
0,0.0027858987450599,0,0.0047142440453171,0,4.504657044890337e-05,0,0.0175967216491699
0,0.0061812535859644,0,0.0042711617425084,0,4.543760041997302e-06,0,0.0074522937647998
0,0.0050698425620794,0,0.0063295909203588,0,2.765963927231496e-06,0,0.0047195004299283
0,0.002428077859804,0,0.0124558508396148,0,1.6489886547788046e-05,0,0.0015480165602639
0,0.0045262654311954,0,0.0109651237726211,0,9.671503903518897e-06,0,0.0303018037229776
0,0.0043867244385182,0,0.0464029088616371,0,0.0011320323683321,0,0.0306242052465677
0,0.0302868019789457,0,0.0912200510501861,0,0.0003292254987172,0,0.1645431965589523
0,0.008089879527688,0,0.0135038085281848,0,7.93886065366678e-05,0,0.0030533066019415
0,0.0889122933149337,0,0.0360241904854774,0,0.5951471924781799,0,0.2070500999689102
0,0.006497242487967,0,0.0843398794531822,0,0.0003749825409613,0,0.0106596387922763
0,0.0196056235581636,0,0.0995004996657371,0,0.0001968311116797,0,0.0203545279800891
0,0.1235231906175613,0,0.1894587725400924,0,0.004104021936655,0,0.0646735355257988
0,0.0431894734501838,0,0.0933158621191978,0,0.040865670889616,0,0.1012364327907562
0,0.2464679032564163,0,0.9601667523384094,0,0.0021441855933517,0,0.3145981132984161
0,0.5983538627624512,0,0.9173019528388976,0,0.9772354960441588,0,0.7150288224220276
0,0.7005337476730347,0,0.665887713432312,0,0.7789167165756226,0,0.8755043148994446
0,0.4578381776809692,0,0.8410648703575134,0,0.9688109755516052,0,0.8006049394607544
0,0.455574631690979,0,0.4764533936977386,0,0.957643747329712,0,0.7110446691513062
0,0.138692557811737,0,0.1941629648208618,0,0.0001491466246079,0,0.1328258663415908
0,0.1131785586476326,0,0.0602618530392646,0,0.0004284599563106,0,0.0626227110624313
0,0.0173018313944339,0,0.2519311308860779,0,0.0003629447310231,0,0.0300619471818208
0,0.0072040017694234,0,0.0800585746765136,0,9.57868542172946e-05,0,0.008573617786169
0,0.0485767722129821,0,0.08680971711874,0,0.0002020724059548,0,0.1682315468788147
0,0.0731866136193275,0,0.0185722485184669,0,0.0052370131015777,0,0.0186782404780387
0,0.0164479836821556,0,0.1480150073766708,0,0.0014693371485918,0,0.0576676130294799
0,0.0026265762280672,0,0.0759294629096984,0,0.0354926884174346,0,0.1880410462617874
0,0.0180373210459947,0,0.0880903378129005,0,0.0003096457512583,0,0.0220390353351831
0,0.0229125618934631,0,0.0338228829205036,0,0.0001431481650797,0,0.0161816254258155
0,0.0690356194972992,0,0.0757533609867096,0,0.0001793686824385,0,0.03971529006958
0,0.0539664402604103,0,0.0485518425703048,0,0.0002943029103334,0,0.0957175567746162
0,0.0531783364713192,0,0.0730652660131454,0,0.0003686003619804,0,0.066943272948265
0,0.0487832427024841,0,0.0425733625888824,0,0.0017968133324757,0,0.1320472061634063
0,0.4780836105346679,0,0.7340964078903198,0,0.121198758482933,0,0.7339910864830017
0,0.3197197914123535,0,0.9034212827682496,0,0.0192926786839962,0,0.7823972702026367
0,0.2210239768028259,0,0.0675859376788139,0,0.5197619795799255,0,0.1207210198044776
0,0.0741949751973152,0,0.1037478521466255,0,0.3566266000270843,0,0.0646319240331649
0,0.0007615885115228,0,0.0104309609159827,0,6.261109774641227e-06,0,0.0012753523187711
0,0.0033580160234123,0,0.0137645117938518,0,2.6041507226182148e-05,0,0.0009375428198836
0,0.0019412810215726,0,0.0017938038799911,0,4.462425295059802e-06,0,0.0007767354836687
0,0.0028511891141533,0,0.0138212805613875,0,0.0004438579198904,0,0.0114954030141234
0,0.0011845930712297,0,0.0078470893204212,0,5.681280526914634e-06,0,0.0022848926018923
0,0.001490241033025,0,0.0020539010874927,0,1.378400429530302e-05,0,0.0008234484121203
0,0.0008836801280267,0,0.0209994651377201,0,7.171917241066694e-05,0,0.0015195430023595
0,0.0013619582168757,0,0.0009481699671596,0,8.067381713772193e-06,0,0.0012191068381071
0,0.0009102465119212,0,0.0031937456224113,0,2.04457614927378e-06,0,0.0172580871731042
0,0.0011728341924026,0,0.0114651098847389,0,3.4027855235763127e-06,0,0.0021150149405002
0,0.0459090396761894,0,0.730490505695343,0,0.2595326006412506,0,0.5161179304122925
0,0.0009654876776039,0,0.0129525968804955,0,4.742615419672802e-05,0,0.0012166226515546
0,0.0193050932139158,0,0.428278237581253,0,0.0448982715606689,0,0.5590696930885315
0,0.0013225872535258,0,0.0085999062284827,0,2.1904470486333597e-05,0,0.0004897154285572
0,0.1187824383378028,0,0.7450474500656128,0,0.1597852408885955,0,0.575945258140564
0,0.297780692577362,0,0.6049965620040894,0,0.5592594742774963,0,0.6937845349311829
0,0.3953368365764618,0,0.8634353876113892,0,0.6127185821533203,0,0.833337664604187
0,0.0811638608574867,0,0.1285341531038284,0,0.0003829293127637,0,0.4101674258708954
0,0.248478814959526,0,0.5109512209892273,0,0.0031896666623651,0,0.0333550833165645
0,0.0724884644150734,0,0.18616883456707,0,0.0122673911973834,0,0.5134468078613281
0,0.7280663847923279,0,0.8844101428985596,0,0.308015763759613,0,0.6149637699127197
0,0.0018909827340394,0,0.0067663174122571,0,6.301484518189682e-06,0,0.0081986198201775
0,0.0059228399768471,0,0.0097064180299639,0,0.0001072790619218,0,0.03633688762784
0,0.0168816354125738,0,0.1070748642086982,0,4.635572986444458e-05,0,0.0230654776096344
0,0.0100632272660732,0,0.0940392240881919,0,7.012736750766635e-05,0,0.0122965229675173
0,0.004109519533813,0,0.0145069947466254,0,0.0004649473412428,0,0.0132663641124963
0,0.0024361009709537,0,0.0079490942880511,0,3.98453303205315e-05,0,0.0091615766286849
0,0.0016142803942784,0,0.0148520991206169,0,0.0001292498054681,0,0.0051918374374508
0,0.0028936574235558,0,0.023889809846878,0,0.0003734800266101,0,0.0081805596128106
0,0.6776884198188782,0,0.9404021501541138,0,0.1296940147876739,0,0.2872965335845947
0,0.2856466472148895,0,0.0366866923868656,0,0.0016798074357211,0,0.4916630387306213
0,0.0100243352353572,0,0.0289258044213056,0,0.008280873298645,0,0.0467454046010971
0,0.0028986171819269,0,0.1393081247806549,0,0.0012334495550021,0,0.0660750046372413
0,0.2287518829107284,0,0.5307804346084595,0,0.1071293279528617,0,0.537212073802948
0,0.1032140105962753,0,0.3302204012870788,0,0.0056108818389475,0,0.5608615875244141
0,0.0821360722184181,0,0.6275282502174377,0,0.0159469358623027,0,0.6465725898742676
0,0.0188435036689043,0,0.2009898424148559,0,0.0362466648221015,0,0.1330642104148864
0,0.0886213853955268,0,0.5245676636695862,0,0.0086349276825785,0,0.4140691459178924
0,0.1265096962451934,0,0.2799425721168518,0,0.199335902929306,0,0.4472286105155945
0,0.1978810280561447,0,0.7500110268592834,0,0.4539992213249206,0,0.803564190864563
0,0.0833687037229538,0,0.7071946263313293,0,0.5005691051483154,0,0.8478787541389465
0,0.0316853560507297,0,0.4290618896484375,0,0.0106294890865683,0,0.2112753242254257
0,0.0781946703791618,0,0.2706610560417175,0,0.0839119553565979,0,0.4276918172836303
0,0.0196750070899724,0,0.4590592980384826,0,0.0010483295191079,0,0.0177819561213254
0,0.0149494372308254,0,0.2309600561857223,0,0.0007216930389404,0,0.0133240260183811
0,0.0227085165679454,0,0.277532160282135,0,0.0038945153355598,0,0.0114865694195032
0,0.1684629321098327,0,0.198695570230484,0,5.285874431137927e-05,0,0.0245837122201919
0,0.0058137439191341,0,0.0052112461999058,0,2.1600528270937502e-05,0,0.0204831641167402
0,0.0047021531499922,0,0.0028834037948399,0,0.0017154808156192,0,0.0053029078990221
0,0.0174943134188652,0,0.0047710412181913,0,0.0003457475686445,0,0.0171189028769731
0,0.213635578751564,0,0.5871621966362,0,0.016100388020277,0,0.2252481281757354
0,0.0236072391271591,0,0.0362192466855049,0,1.5033261661301369e-05,0,0.1084222868084907
0,0.0406694486737251,0,0.0503615774214267,0,1.2118577615183312e-05,0,0.0828654989600181
0,0.0383081585168838,0,0.1607342362403869,0,9.089275408769026e-05,0,0.1568606197834015
0,0.6385934948921204,0,0.676202654838562,0,0.0076127215288579,0,0.5204465389251709
0,0.0038436246104538,0,0.022718733176589,0,0.0007462063222192,0,0.1186492964625358
0,0.403877705335617,0,0.5379434823989868,0,0.1760579943656921,0,0.7156749963760376
0,0.1840196698904037,0,0.0525464154779911,0,0.0441046208143234,0,0.2184525579214096
0,0.0037514430005103,0,0.018765153363347,0,0.0018953030230477,0,0.1067458465695381
0,0.4262907803058624,0,0.4674968421459198,0,0.1766785085201263,0,0.7302678823471069
0,0.2096139937639236,0,0.0398188717663288,0,0.0308961700648069,0,0.3967419862747192
0,0.0035239625722169,0,0.0174584686756134,0,0.0080230981111526,0,0.137686014175415
0,0.4065044522285461,0,0.5538070797920227,0,0.5864566564559937,0,0.7373787760734558
0,0.0571292527019977,0,0.1992652267217636,0,0.0006812427891418,0,0.287566065788269
0,0.0066362922079861,0,0.0460400730371475,0,8.866903954185545e-05,0,0.0390900187194347
0,0.0039414227940142,0,0.0346168205142021,0,3.837902477243915e-05,0,0.069732092320919
0,0.0079299882054328,0,0.0189571548253297,0,0.0007572958129458,0,0.0315955840051174
0,0.0050930022262036,0,0.0556887574493885,0,0.0011134756496176,0,0.0199075378477573
0,0.1579847782850265,0,0.2125611454248428,0,0.000547178031411,0,0.030630825087428
0,0.0369875393807888,0,0.0819333493709564,0,0.0011874065967276,0,0.0756591707468032
0,0.0204828176647424,0,0.1086352467536926,0,0.0006944007473066,0,0.0226171221584081
0,0.0140706105157732,0,0.0330292247235775,0,0.0013485021190717,0,0.0270295068621635
0,0.0016626811120659,0,0.0028816822450608,0,0.0001004499572445,0,0.0013675783993676
0,0.0051919165998697,0,0.0224495660513639,0,6.051615491742268e-05,0,0.002552653895691
0,0.0244126617908477,0,0.0727044567465782,0,0.0002574537647888,0,0.0370069816708564
0,0.0140587026253342,0,0.0330045595765113,0,0.0001034909073496,0,0.0089698545634746
0,0.002729820087552,0,0.0018641833448782,0,2.5625779016991143e-05,0,0.0010893812868744
0,0.0039289337582886,0,0.0018719612853601,0,0.0001162818007287,0,0.0011208374053239
0,0.0501330532133579,0,0.5047164559364319,0,0.1009912490844726,0,0.0644623562693595
0,0.0114153465256094,0,0.0281396433711051,0,0.0041418415494263,0,0.0136569254100322
0,0.0076985200867056,0,0.0029330363031476,0,0.0001656540262047,0,0.0025636982172727
0,0.0035993559285998,0,0.0036958211567252,0,5.4908327001612633e-05,0,0.0032725080382078
0,0.0177524387836456,0,0.0197937376797199,0,0.0004581829125527,0,0.001330780563876
0,0.0142304087057709,0,0.0163371618837118,0,0.0032898134086281,0,0.294672816991806
0,0.005990145727992,0,0.0293500870466232,0,5.06376636622008e-05,0,0.3452917337417602
0,0.0464412830770015,0,0.3214524984359741,0,0.0011014831252396,0,0.1119315177202224
0,0.0109929544851183,0,0.0093044377863407,0,1.7242221872493246e-07,0,0.0129297561943531
0,0.010303670540452,0,0.0358976013958454,0,7.303473012143513e-06,0,0.0116312550380826
0,0.0978546887636184,0,0.081360213458538,0,1.607017475180328e-05,0,0.322840541601181
0,0.019610583782196,0,0.0110461004078388,0,3.1656491046305746e-05,0,0.027353623881936
0,0.0090754479169845,0,0.0485857687890529,0,1.857144889072515e-05,0,0.0058504487387835
0,0.00257363403216,0,0.0036404188722372,0,9.26726424950175e-05,0,0.0057887113653123
0,0.0020129478070884,0,0.0085543012246489,0,7.487178663723171e-05,0,0.0015243827365338
0,0.0024430020712316,0,0.0197473671287298,0,8.931508637033403e-05,0,0.0017150692874565
0,0.0026601026766002,0,0.1406012922525406,0,0.0001100524095818,0,0.0080133657902479
0,0.0055066440254449,0,0.0052375691011548,0,2.5435674615437165e-05,0,0.0078677386045455
0,0.0007047581602819,0,0.0173059422522783,0,5.520431841432583e-06,0,0.0005222121253609
0,0.0009307815344072,0,0.0293520521372556,0,2.4924765966716222e-05,0,0.0004409726825542
0,0.0024670790880918,0,0.0030970429070293,0,3.94593553210143e-06,0,0.0019366586348041
0,0.0140839535742998,0,0.0508533492684364,0,9.921564014803153e-06,0,0.0226132646203041
0,0.254200279712677,0,0.8304164409637451,0,0.395910233259201,0,0.7463781833648682
0,0.0236564017832279,0,0.1051929965615272,0,0.0011961926938965,0,0.2362626194953918
0,0.0609932541847229,0,0.0736877545714378,0,0.002006416907534,0,0.01707499101758
0,0.0226578880101442,0,0.0892582088708877,0,0.0022350405342876,0,0.1486193835735321
0,0.0207615103572607,0,0.2945182025432586,0,0.0013265957823023,0,0.2312662303447723
0,0.0008475753711536,0,0.0112097989767789,0,8.743876605876721e-06,0,0.0008240356110036
0,0.016011144965887,0,0.1016737595200538,0,0.0012562901247292,0,0.1273620575666427
0,0.0006938520236872,0,0.0115841962397098,0,4.364342021290213e-05,0,0.0008226489298976
0,0.0353893339633941,0,0.0240620281547307,0,0.0002458099334035,0,0.0151371825486421
0,0.1244506314396858,0,0.5143865942955017,0,0.0206965990364551,0,0.1877330392599105
0,0.0580807849764823,0,0.3117066025733948,0,0.0783023834228515,0,0.1201900839805603
0,0.0205508917570114,0,0.0336336269974708,0,4.06273829867132e-05,0,0.0885286629199981
0,0.1265839338302612,0,0.4544297754764557,0,0.0250618569552898,0,0.1207226440310478
0,0.1008956208825111,0,0.0122557487338781,0,0.0001202139537781,0,0.0795371085405349
0,0.0146933021023869,0,0.012683518230915,0,8.742534555494785e-05,0,0.0478735491633415
0,0.0067140026949346,0,0.0315271317958831,0,0.0003443068708293,0,0.1195040792226791
0,0.0123356878757476,0,0.0164129678159952,0,2.5718885808601044e-05,0,0.0826171487569809
0,0.0205383859574794,0,0.0377913936972618,0,0.0002358608471695,0,0.0301729142665863
0,0.0232760589569807,0,0.0180721953511238,0,0.0012858919799327,0,0.4105269014835357
0,0.0155627094209194,0,0.0258177034556865,0,0.000131317981868,0,0.0136780468747019
0,0.002329085022211,0,0.0092664984986186,0,0.0067271995358169,0,0.2400835901498794
0,0.0187423732131719,0,0.0372025370597839,0,0.0001853769790614,0,0.0264466200023889
0,0.3955221772193908,0,0.3384190499782562,0,0.7575894594192505,0,0.7967103719711304
0,0.0133681036531925,0,0.1533300578594207,0,3.96836330764927e-05,0,0.0166129600256681
0,0.0491532236337661,0,0.0394167117774486,0,0.0004463062214199,0,0.1584146171808242
0,0.0034533101134002,0,0.0121936220675706,0,0.0029185654129832,0,0.0209520515054464
0,0.0168516989797353,0,0.0011450094170868,0,6.598394520551665e-06,0,0.0017296406440436
0,0.015815807506442,0,0.0146307172253727,0,6.968626621528529e-06,0,0.0181401167064905
0,0.0034740169066935,0,0.0026211941149085,0,1.823569618863985e-05,0,0.0020187688060104
0,0.2811857163906097,0,0.8642537593841553,0,0.0241360031068325,0,0.8866587281227112
0,0.186227411031723,0,0.4688701927661896,0,0.0010115620680153,0,0.7335600256919861
0,0.1325817108154297,0,0.8274708986282349,0,0.1462268233299255,0,0.7452994585037231
0,0.007703483570367,0,0.0029015154577791,0,1.4368491974892096e-05,0,0.0020647242199629
0,0.0860350057482719,0,0.3398918807506561,0,0.0307737682014703,0,0.0603768862783908
0,0.1101949736475944,0,0.3302974104881286,0,0.049137394875288,0,0.3449317514896393
0,0.1710341870784759,0,0.6832687258720398,0,0.055557582527399,0,0.4838331341743469
0,0.645630955696106,0,0.5633024573326111,0,0.1208664625883102,0,0.6736502051353455
0,0.0021063145250082,0,0.0044720447622239,0,0.000636693148408,0,0.0048054223880171
0,0.0104895019903779,0,0.0047249728813767,0,1.181341190203966e-06,0,0.0110362442210316
0,0.002717544324696,0,0.0307449009269475,0,3.27387751895003e-05,0,0.0025645494461059
0,0.0024270929861813,0,0.0220197383314371,0,0.0002200378949055,0,0.0014977384125813
0,0.0041733365505933,0,0.0147259915247559,0,6.312305049505085e-05,0,0.0019985986873507
0,0.0027774320915341,0,0.0152142979204654,0,5.136922118254006e-05,0,0.0018449006602168
0,0.013599332422018,0,0.0937157794833183,0,2.421541103103664e-05,0,0.0201705321669578
0,0.37103933095932,0,0.3626103699207306,0,0.4723816812038421,0,0.2816039323806762
0,0.0787940472364425,0,0.2419005781412124,0,0.0920858159661293,0,0.1716112941503524
0,0.0933805406093597,0,0.275542140007019,0,0.543205976486206,0,0.2474352717399597
0,0.0482836887240409,0,0.4076832830905914,0,0.0538118332624435,0,0.5400496125221252
0,0.3216973543167114,0,0.6863865256309509,0,0.6145655512809753,0,0.8053560256958008
0,0.4200247228145599,0,0.524109959602356,0,0.780742347240448,0,0.8186748027801514
0,0.0497280247509479,0,0.4787583649158478,0,0.0001811752154026,0,0.0453341975808143
0,0.0062016593292355,0,0.0110761607065796,0,5.324988160282373e-05,0,0.0015563678462058
0,0.4487160444259643,0,0.4219716787338257,0,0.0727065801620483,0,0.5330029129981995
0,0.0217447262257337,0,0.0359720736742019,0,0.0021439776755869,0,0.077312059700489
0,0.3432724177837372,0,0.5283656716346741,0,0.5390651822090149,0,0.6160134077072144
0,0.0104130152612924,0,0.0384758673608303,0,1.1546466339495964e-05,0,0.0203452799469232
0,0.0037125914823263,0,0.0013420191826298,0,5.741594941355288e-05,0,0.000855227233842
0,0.0022593548055738,0,0.0067258207127451,0,0.0001425189402652,0,0.0019769468344748
0,0.0007653926149941,0,0.003842000151053,0,0.0002670569811016,0,0.0009469569777138
0,0.0022212350741028,0,0.001208305126056,0,9.274505282519384e-05,0,0.0009359318646602
0,0.0041987891308963,0,0.003041029907763,0,5.9624257119139656e-05,0,0.0013740027789026
0,0.000996207119897,0,0.002878546481952,0,0.0001658120600041,0,0.0010651742340996
0,0.0027908137999475,0,0.0015473793027922,0,6.175686576170847e-05,0,0.0011190787190571
0,0.0032375184819102,0,0.002454197499901,0,2.3549069737782705e-05,0,0.0013328975765034
0,0.1142885759472847,0,0.2942160367965698,0,0.0020703813061118,0,0.1153353974223136
0,0.0935047343373298,0,0.0951178967952728,0,0.0004048352420795,0,0.1256258636713028
0,0.14787158370018,0,0.1420533806085586,0,0.0064050257205963,0,0.1044144332408905
0,0.0630764886736869,0,0.264831006526947,0,0.0060576279647648,0,0.3668303787708282
0,0.0049516311846673,0,0.0023344682995229,0,9.426882570551244e-06,0,0.0004929194692522
0,0.0078817754983901,0,0.0042025609873235,0,1.1293094758002551e-05,0,0.0072167539037764
0,0.008489335887134,0,0.0119868218898773,0,0.0002187355712521,0,0.0099815530702471
0,0.0176929458975791,0,0.0108648343011736,0,3.027788807230536e-06,0,0.1062219217419624
0,0.0886715054512023,0,0.0129663757979869,0,8.657893317831622e-07,0,0.0902373641729354
0,0.0013710055500268,0,0.0322522968053817,0,8.188597712432966e-05,0,0.002557513769716
0,0.1638896167278289,0,0.386925995349884,0,0.1170179545879364,0,0.4167289435863495
0,0.037624929100275,0,0.0441881380975246,0,0.0002152117085643,0,0.1232167780399322
0,0.0011175461113452,0,0.0265973787754774,0,2.856540959328413e-05,0,0.0008909620228223
0,0.0011245742207393,0,0.0156372189521789,0,1.5606550505253836e-06,0,0.0022386079654097
0,0.0798156931996345,0,0.1302188038825988,0,0.1031633615493774,0,0.2511458992958069
0,0.0063369693234562,0,0.0113805886358022,0,0.0014887679135426,0,0.0232209283858537
0,0.0070462650619447,0,0.024071155115962,0,0.0343474820256233,0,0.1119342148303985
0,0.0315316319465637,0,0.0129458690062165,0,0.00201320159249,0,0.0227825585752725
0,0.0066237426362931,0,0.0007172217592597,0,0.0002034337812801,0,0.004051306284964
0,0.0010582316899672,0,0.0008491424378007,0,6.704874067509081e-06,0,0.0019067998509854
0,0.0020675617270171,0,0.0007251943461596,0,6.182616198202595e-05,0,0.005612064152956
0,0.0442430675029754,0,0.1421575397253036,0,0.0080320481210947,0,0.1217944622039794
0,0.0608554817736148,0,0.2186606526374817,0,0.0066046533174812,0,0.1495479196310043
0,0.0014909130986779,0,0.0061758370138704,0,3.241843296564184e-05,0,0.0052527110092341
0,0.0015851591015234,0,0.0147476624697446,0,0.0012434520758688,0,0.0039187902584671
0,0.0006856102263554,0,0.0079641081392765,0,6.760146061424166e-05,0,0.0021030118223279
0,0.0018274427857249,0,0.0063978834077715,0,4.034207086078823e-05,0,0.0015524678165093
0,0.0036495032254606,0,0.0142073919996619,0,8.199755393434316e-05,0,0.0061797890812158
0,0.0022760806605219,0,0.0076259789057075,0,0.0001740784500725,0,0.0054156151600182
0,0.0007072570151649,0,0.0057439440861344,0,2.2917363821761683e-05,0,0.0011068728053942
0,0.0016647086013108,0,0.0089923776686191,0,0.0001588132872711,0,0.0146322716027498
0,0.0021038756240159,0,0.0072549465112388,0,0.000154895504238,0,0.0133140431717038
0,0.0664594620466232,0,0.0191478487104177,0,0.0002194087865063,0,0.0745559185743331
0,0.0038760758470743,0,0.0017425108235329,0,4.3726681724365335e-06,0,0.0006839066627435
0,0.0020857332274317,0,0.0067721563391387,0,0.0004702590522356,0,0.0058111427351832
0,0.0006330856122076,0,0.0080309156328439,0,0.0001262881414731,0,0.0032939857337623
0,0.0034543555229902,0,0.0056134369224309,0,0.0001447844988433,0,0.0361662320792675
0,0.0626999512314796,0,0.0175466649234294,0,0.0003434006357565,0,0.0648535043001174
0,0.005742460489273,0,0.0021501397714018,0,1.6978587154881097e-05,0,0.0007887802785262
0,0.0010867727687582,0,0.0044579454697668,0,5.224961569183506e-06,0,0.0014324929798021
0,0.0050763078033924,0,0.0057272533886134,0,1.0535459296079352e-05,0,0.0008755890885367
0,0.3849178552627563,0,0.0268616043031215,0,2.868330557248555e-05,0,0.1149881482124328
0,0.0050595514476299,0,0.015449090860784,0,4.97762557643e-05,0,0.0091859558597207
0,0.0031224000267684,0,0.0050930799916386,0,3.794382337218849e-07,0,0.0043367124162614
0,0.0016031129052862,0,0.0379723012447357,0,2.7293834136798974e-05,0,0.0017020618543028
0,0.2079662382602691,0,0.0388802103698253,0,0.0009839554550126,0,0.1103841736912727
0,0.0780608132481575,0,0.1120356097817421,0,0.0041407640092074,0,0.0829366445541381
0,0.0088717527687549,0,0.0032056709751486,0,8.7904860265553e-05,0,0.0093364818021655
0,0.1048853918910026,0,0.2808961272239685,0,0.0300212204456329,0,0.2357236295938491
0,0.0572712235152721,0,0.2528406679630279,0,0.002215223852545,0,0.0969233736395835
0,0.0044089555740356,0,0.0089978277683258,0,0.0008747660322114,0,0.0193199627101421
0,0.0341719537973403,0,0.0133388079702854,0,0.000210594094824,0,0.0254319831728935
0,0.0887405946850776,0,0.0096833631396293,0,3.3989923394983634e-05,0,0.0510892532765865
0,0.0103967301547527,0,0.0831851810216903,0,0.0003062494797632,0,0.0449217520654201
0,0.0701343044638633,0,0.4897887408733368,0,0.0477104224264621,0,0.2174636423587799
0,0.1130469813942909,0,0.0527865402400493,0,0.0053647686727344,0,0.0865309983491897
0,0.0333909466862678,0,0.2611923515796661,0,0.0033094703685492,0,0.0303863547742366
0,0.0278283711522817,0,0.1321046352386474,0,4.860687840846367e-05,0,0.0311602037400007
0,0.00983970426023,0,0.0147469416260719,0,0.0901337787508964,0,0.054671723395586
0,0.0655139237642288,0,0.2093612551689148,0,0.033395517617464,0,0.0313717201352119
0,0.0016771770315244,0,0.001637878944166,0,2.6819467166205868e-05,0,0.0010697285179048
0,0.0020813420414924,0,0.0018662685761228,0,0.0004293860692996,0,0.0009601681376807
0,0.0033778804354369,0,0.0023548230528831,0,0.0002646642096806,0,0.0011102516436949
0,0.0218258183449506,0,0.036598440259695,0,0.0028040388133376,0,0.2368512451648712
0,0.0043466454371809,0,0.013320947997272,0,3.642837327788584e-05,0,0.0182364396750926
1,0.1912480592727661,1,0.4968561232089996,1,0.0035294857807457,1,0.1360118091106414
1,0.0521655343472957,1,0.1296209990978241,1,0.0043744374997913,1,0.0170129593461751
1,0.2793284654617309,1,0.5886483192443848,1,8.936526137404144e-05,1,0.248845100402832
1,0.3713322579860687,1,0.6244938373565674,1,0.0448104813694953,1,0.5692823529243469
1,0.1567616611719131,1,0.1697868704795837,1,0.8825454115867615,1,0.5631800293922424
1,0.789360761642456,1,0.6541202664375305,1,0.0344086550176143,1,0.280270904302597
1,0.0061113191768527,1,0.0447432547807693,1,0.0013629118911921,1,0.066864788532257
1,0.0065169371664524,1,0.0457644760608673,1,0.0005945779848843,1,0.1330674886703491
1,0.0480164848268032,1,0.0979853570461273,1,0.0017759003676474,1,0.1747810542583465
1,0.5442073941230774,1,0.7576197385787964,1,0.7429682612419128,1,0.7506455779075623
1,0.4324017167091369,1,0.9470562934875488,1,0.9569302201271056,1,0.8659958243370056
1,0.6731396317481995,1,0.9737842679023744,1,0.7645256519317627,1,0.7495729923248291
1,0.5123465061187744,1,0.8195886611938477,1,0.0209790635854005,1,0.7625565528869629
1,0.5638522505760193,1,0.6469358801841736,1,0.002349647693336,1,0.2337719500064849
1,0.5905352234840393,1,0.71605384349823,1,0.1286982148885727,1,0.7610470652580261
0,0.0087431361898779,0,0.077426478266716,0,2.1070143702672794e-05,0,0.0476635284721851
0,0.0057048117741942,0,0.0325809009373188,0,0.0001018162802211,0,0.1038508936762809
0,0.4344733357429504,0,0.65761798620224,0,0.2484493404626846,0,0.821297824382782
0,0.0028602443635463,0,0.0005367683479562,0,8.342791261384264e-05,0,0.0005809402209706
0,0.1386296600103378,0,0.0140070840716362,0,0.0005223420448601,0,0.019296983256936
0,0.3431890308856964,0,0.2264891862869262,0,0.0550294704735279,0,0.3620078563690185
0,0.0267083030194044,0,0.0061334162019193,0,0.0005923782009631,0,0.0671191811561584
0,0.4646811485290527,0,0.2664147615432739,0,0.0163850933313369,0,0.6113149523735046
0,0.3854649364948272,0,0.2018547356128692,0,0.0066777658648788,0,0.55141681432724
0,0.0088537251576781,0,0.0035511150490492,0,0.0011724370997399,0,0.0665764510631561
0,0.2001697421073913,0,0.0700518190860748,0,0.0011130678467452,0,0.4932393133640289
0,0.4369141161441803,0,0.6201064586639404,0,0.7152565121650696,0,0.6534884572029114
0,0.3281565308570862,0,0.5703645944595337,0,0.1360480636358261,0,0.7746104001998901
0,0.0273793507367372,0,0.0102593405172228,0,0.0003396934189368,0,0.0011490482138469
0,0.0014523738063871,0,0.0040527493692934,0,2.1981246391078457e-05,0,0.0011994946980848
0,0.0015323092229664,0,0.0015897001139819,0,1.3520560969482176e-05,0,0.0007783474284224
0,0.001210767775774,0,0.0039810291491448,0,0.0011384425451979,0,0.0015004063025116
0,0.0010562766110524,0,0.0259078461676836,0,0.0001066295881173,0,0.0616560913622379
0,0.0028930697590112,0,0.0279751829802989,0,4.914493274554843e-07,0,0.0041858498007059
0,0.0101059395819902,0,0.0138720916584134,0,1.741782034514472e-05,0,0.0273233763873577
0,0.0822844952344894,0,0.0119825368747115,0,0.0213821344077587,0,0.1038359180092811
0,0.0010312142549082,0,0.0059871231205761,0,3.573158028302714e-05,0,0.0003261701203882
0,0.0277703274041414,0,0.0189134664833545,0,4.633699427358806e-05,0,0.0122807631269097
0,0.0023923555854707,0,0.0085713807493448,0,4.441522105480544e-05,0,0.0039112125523388
0,0.0118854902684688,0,0.0896983593702316,0,0.0022825470659881,0,0.0136228865012526
0,0.0152598451822996,0,0.0294577442109584,0,1.632688145036809e-05,0,0.0193758606910705
0,0.0260384008288383,0,0.0113013591617345,0,0.0013323843013495,0,0.0778925791382789
0,0.0045159813016653,0,0.0486767776310443,0,4.357108537078602e-06,0,0.0246286112815141
0,0.0054159951396286,0,0.021100390702486,0,0.0001276772090932,0,0.0035815788432955
0,0.0034373132511973,0,0.0676765665411949,0,1.0329085853300056e-05,0,0.0250117890536785
0,0.0049960939213633,0,0.0168237406760454,0,9.9574463092722e-05,0,0.0030208230018615
0,0.0025261873379349,0,0.0189953688532114,0,0.0001004254372674,0,0.0048682997003197
0,0.0678561776876449,0,0.056227870285511,0,0.0005209453520365,0,0.4649223089218139
0,0.0120907109230756,0,0.006406255532056,0,5.511628114618361e-05,0,0.0215156003832817
0,0.0034931041300296,0,0.0040901224128901,0,1.4719907085236628e-05,0,0.0047090295702219
0,0.0028820466250181,0,0.001124077825807,0,7.291531346709235e-06,0,0.0032686779741197
0,0.2459858059883117,0,0.1449228227138519,0,5.412792597780936e-05,0,0.2207444310188293
0,0.1202602460980415,0,0.1568616926670074,0,0.0007900568307377,0,0.1303281635046005
0,0.0958609655499458,0,0.695290207862854,0,0.058522742241621,0,0.7589864730834961
0,0.0030729481950402,0,0.032198891043663,0,3.677196446005837e-06,0,0.0034229771699756
0,0.0017897699726745,0,0.0101078627631068,0,8.996087854029611e-05,0,0.0017005732515826
0,0.0209215730428695,0,0.0937646999955177,0,0.0014260467141866,0,0.0363302677869796
0,0.0020019237417727,0,0.0104667106643319,0,0.0002008518786169,0,0.0017644152976572
0,0.0090544251725077,0,0.0530628785490989,0,0.0005348193226382,0,0.0722091123461723
0,0.002699275733903,0,0.0202091634273529,0,6.013503661961295e-05,0,0.0216236282140016
0,0.0082003688439726,0,0.0057768351398408,0,6.212026164575946e-07,0,0.0157195702195167
0,0.0025557638145983,0,0.0173583887517452,0,7.661011295567732e-06,0,0.0173765774816274
0,0.1001546159386634,0,0.2034672498703003,0,0.2729828655719757,0,0.4058500826358795
0,0.002176787238568,0,0.0139917200431227,0,1.2749555025948212e-05,0,0.0214915033429861
0,0.1787637174129486,0,0.2390642017126083,0,0.1164162456989288,0,0.2868037521839142
0,0.6857024431228638,0,0.6185628771781921,0,0.0106586636975407,0,0.1724815368652343
0,0.1776167899370193,0,0.8834702372550964,0,0.473621517419815,0,0.6865360140800476
0,0.7460960149765015,0,0.9789915084838868,0,0.8762943148612976,0,0.7778801321983337
0,0.1490439772605896,0,0.8872969150543213,0,0.7476990818977356,0,0.7066956162452698
0,0.004405434243381,0,0.0355135425925254,0,3.0264636734500527e-06,0,0.0106058306992053
0,0.0017439946532249,0,0.0565705262124538,0,9.397503163199872e-06,0,0.0072179599665105
0,0.0019415367860347,0,0.0364566706120967,0,1.7501007505416055e-06,0,0.0068072602152824
0,0.0012530616950243,0,0.0055807875469326,0,5.376930403144797e-06,0,0.0027996168937534
0,0.1366731971502304,0,0.0900804251432418,0,0.0034884035121649,0,0.1945116817951202
0,0.2060469090938568,0,0.1779114454984665,0,0.0229515116661787,0,0.3155014812946319
0,0.3890585303306579,0,0.4605833292007446,0,0.5572306513786316,0,0.4766750037670135
0,0.1689413487911224,0,0.2298641204833984,0,4.672754698731296e-07,0,0.2889283299446106
0,0.5346684455871582,0,0.9180384278297424,0,0.0011049585882574,0,0.7888337969779968
0,0.192122682929039,0,0.3342770040035248,0,0.9179036617279052,0,0.6850884556770325
0,0.1938050836324691,0,0.3940807282924652,0,0.009495947510004,0,0.6194726228713989
0,0.2150191813707351,0,0.5234123468399048,0,0.0057527795433998,0,0.613183856010437
0,0.1653000265359878,0,0.320706844329834,0,0.0098022567108273,0,0.606722354888916
0,0.0013747357297688,0,0.0029560625553131,0,2.957696960947942e-05,0,0.0005646704230457
0,0.0008545157616026,0,0.0037025548517704,0,2.6512743716011755e-06,0,0.0012888420606032
0,0.0101861199364066,0,0.0421443209052085,0,0.0240927152335643,0,0.03978131711483
0,0.0187748540192842,0,0.0263056643307209,0,0.0002086846216116,0,0.0384726598858833
0,0.0055764629505574,0,0.0059233400970697,0,5.607464845525101e-05,0,0.0130774229764938
0,0.0254895854741334,0,0.0762311518192291,0,1.042048643284943e-05,0,0.0441682152450084
0,0.0029133027419447,0,0.0039735906757414,0,0.0001783886254997,0,0.0009478922002017
0,0.0090265087783336,0,0.1385619789361953,0,0.0001989638985833,0,0.0601446963846683
0,0.0059122904203832,0,0.0600237622857093,0,2.853222213161644e-05,0,0.0483330339193344
0,0.0004554895276669,0,0.0116784879937767,0,9.105891876970418e-06,0,0.0008582133450545
0,0.0008584799943491,0,0.0347450412809848,0,2.897293416026514e-05,0,0.0007322119781747
0,0.187649592757225,0,0.1822380423545837,0,0.0145127838477492,0,0.3803612887859344
0,0.03466472402215,0,0.0411607436835765,0,0.0003041742311324,0,0.1390597373247146
0,0.0643793642520904,0,0.0163258165121078,0,0.0112690851092338,0,0.058718666434288
0,0.0020052245818078,0,0.0073582604527473,0,0.0001084389004972,0,0.003438806394115
0,0.0464481860399246,0,0.5342928171157837,0,0.0001802940969355,0,0.0212305840104818
0,0.0007851331029087,0,0.0244942288845777,0,0.000529815966729,0,0.0029384561348706
0,0.005582966376096,0,0.0452512688934803,0,0.0001084180112229,0,0.0058916769921779
0,0.0115106934681534,0,0.0607197880744934,0,0.0075270701199769,0,0.0043858769349753
0,0.0121334167197346,0,0.1466743797063827,0,0.0042313584126532,0,0.0204906985163688
0,0.0043219309300184,0,0.0132782598957419,0,8.277556480607018e-05,0,0.0142578547820448
0,0.0010725739412009,0,0.0029982645064592,0,8.479441930830944e-06,0,0.0028663284610956
0,0.0012340841349214,0,0.0145887257531285,0,3.0945466278353706e-05,0,0.002221166389063
0,0.0011971086496487,0,0.011015928350389,0,4.188149614492431e-05,0,0.0026599348057061
0,0.0075873560272157,0,0.0191057566553354,0,0.0002416278002783,0,0.0020004552789032
0,0.008852981030941,0,0.0411496050655841,0,0.0015607784735038,0,0.0064018736593425
0,0.0383322201669216,0,0.1938595920801162,0,0.0026550258044153,0,0.0492953844368457
0,0.0361823886632919,0,0.1337478458881378,0,0.0071458807215094,0,0.0442876555025577
0,0.0097324270755052,0,0.0405185334384441,0,7.120161171769723e-05,0,0.0096121253445744
0,0.0077789495699107,0,0.0118965497240424,0,4.170231113675982e-05,0,0.0024065901525318
0,0.1989657133817672,0,0.1884534209966659,0,0.0943624228239059,0,0.6629244685173035
0,0.2086867243051529,0,0.1945367455482483,0,0.0516838580369949,0,0.6793970465660095
0,0.1365377306938171,0,0.207198366522789,0,0.031011089682579,0,0.6312522888183594
0,0.0059482692740857,0,0.006522802170366,0,3.9939368434716016e-05,0,0.0054851346649229
0,0.0330228693783283,0,0.0280959252268075,0,0.0002361644001211,0,0.0374624542891979
0,0.0031567509286105,0,0.0018730787560343,0,0.0006788587779738,0,0.0347858220338821
0,0.4758686125278473,0,0.6287989020347595,0,0.0804522857069969,0,0.1231206208467483
0,0.0059915231540799,0,0.0092624723911285,0,5.076095476397313e-05,0,0.0083946110680699
0,0.0270795561373233,0,0.0433162003755569,0,0.0012840072158724,0,0.0728530883789062
0,0.0653132796287536,0,0.3009135127067566,0,0.0251349657773971,0,0.0288792252540588
0,0.0058827553875744,0,0.0923212096095085,0,1.1034744602511635e-05,0,0.0674564242362976
0,0.0043487381190061,0,0.007056157104671,0,1.2368085663183592e-05,0,0.0053649116307497
0,0.0030070336069911,0,0.010315341874957,0,5.598697953246301e-06,0,0.0186905991286039
0,0.0011883763363584,0,0.0013231477933004,0,0.0002532473881728,0,0.0047915340401232
0,0.0537788420915603,0,0.1269062459468841,0,0.8183516263961792,0,0.4497526288032532
0,0.0338867828249931,0,0.0413055568933486,0,0.1131889373064041,0,0.3670430779457092
0,0.3655556738376617,0,0.6866710782051086,0,0.5815319418907166,0,0.6116045117378235
0,0.0030880516860634,0,0.0027523823082447,0,2.05176047529676e-06,0,0.0010574330808594
0,0.0041017248295247,0,0.002752284053713,0,2.3855116069171345e-06,0,0.0013772537931799
0,0.2903872728347778,0,0.4486347138881683,0,0.4063810110092163,0,0.4960945248603821
0,0.0022236970253288,0,0.0013831534888595,0,1.6414605852332897e-05,0,0.0048883045092225
0,0.0103514371439814,0,0.0101766111329197,0,0.0001757916616043,0,0.0252324733883142
0,0.0026234625838696,0,0.000994486385025,0,2.527069227653556e-06,0,0.002566275652498
0,0.1868746131658554,0,0.3048646748065948,0,0.1503167897462844,0,0.4392747581005096
0,0.0444448962807655,0,0.0049566705711185,0,0.001747872447595,0,0.0918783172965049
0,0.0987590029835701,0,0.0735377222299575,0,0.1421793699264526,0,0.1937314867973327
0,0.3011163175106048,0,0.4512987732887268,0,0.1442690044641494,0,0.5178290605545044
0,0.0019453095737844,0,0.0016663435380905,0,9.210730058839545e-05,0,0.0050306352786719
0,0.0488524176180362,0,0.2114857137203216,0,0.0862650945782661,0,0.0299213398247957
0,0.0012423256412148,0,0.0047625871375203,0,1.679676461208146e-05,0,0.0004259492852725
0,0.0010999474907293,0,0.014549964107573,0,1.2507026440289335e-05,0,0.0006832203362137
0,0.0078747877851128,0,0.0022093534935265,0,0.0017818681662902,0,0.1077875345945358
0,0.0200427453964948,0,0.0068204882554709,0,0.0017101876437664,0,0.0891798213124275
0,0.0019297547405585,0,0.0136836199089884,0,2.2490512492368e-05,0,0.0013376314891502
0,0.0010930725838989,0,0.0046194894239306,0,2.3201155272545293e-06,0,0.0004056522739119
0,0.0009764656424522,0,0.007579973898828,0,3.720542281371309e-06,0,0.0006262487731873
0,0.0076203481294214,0,0.0020661738235503,0,0.000506923883222,0,0.0901679173111915
0,0.0241963118314743,0,0.0075441915541887,0,0.0047386060468852,0,0.2364435046911239
0,0.0042203324846923,0,0.0376556180417537,0,3.0460316793323727e-06,0,0.0005576498806476
0,0.0005326832761056,0,0.0191453322768211,0,2.694140732728556e-07,0,0.0062896073795855
0,0.0018532410031184,0,0.0109725575894117,0,1.1274209100520238e-05,0,0.0008110266644507
0,0.0060509252361953,0,0.0031170495785772,0,8.520322444383055e-05,0,0.1554973572492599
0,0.014429036527872,0,0.0053607886657118,0,0.002891109092161,0,0.0706253573298454
0,0.0085196318104863,0,0.0210518818348646,0,7.258658570208354e-06,0,0.0511067248880863
0,0.0133345974609255,0,0.0163481999188661,0,2.4655684683239087e-05,0,0.1394774913787841
0,0.0119309751316905,0,0.053558450192213,0,0.0040599331259727,0,0.5499635934829712
0,0.0084138885140419,0,0.0896060541272163,0,0.0080975396558642,0,0.0955957323312759
0,0.4482481777667999,0,0.783621609210968,0,0.4353581666946411,0,0.4868946075439453
0,0.2236051559448242,0,0.0534172542393207,0,0.0030992650426924,0,0.0812845677137374
0,0.009606952778995,0,0.0520776771008968,0,0.0010917462641373,0,0.130290001630783
0,0.0075576626695692,0,0.0742309466004371,0,0.0003166656533721,0,0.0062902122735977
0,0.1308040618896484,0,0.144790768623352,0,0.0379196777939796,0,0.1503182202577591
0,0.0118999471887946,0,0.0224589835852384,0,0.000346178014297,0,0.0034776092506945
0,0.0017757288878783,0,0.0109272999688982,0,1.841939047153573e-05,0,0.0052320868708193
0,0.0121259428560733,0,0.0150121739134192,0,2.7289440822642064e-06,0,0.0156073216348886
0,0.0040040952153503,0,0.0045623914338648,0,7.607899533468299e-06,0,0.0041504791006445
0,0.0075187254697084,0,0.0393315739929676,0,0.0003820009878836,0,0.1276433169841766
0,0.0035078013315796,0,0.0357836410403251,0,0.0004081901861354,0,0.1328230798244476
0,0.0014998855767771,0,0.0037754152435809,0,0.0786328315734863,0,0.1162695214152336
0,0.1182282194495201,0,0.0691017657518386,0,0.0025281540583819,0,0.0856186151504516
0,0.1286194920539856,0,0.0902208015322685,0,0.0077412710525095,0,0.412897527217865
0,0.1545050293207168,0,0.392095535993576,0,0.0545998029410839,0,0.4353666603565216
0,0.2516539394855499,0,0.3601929247379303,0,0.046374998986721,0,0.1588116437196731
0,0.0772622227668762,0,0.7187889218330383,0,0.0136575028300285,0,0.2730278670787811
0,0.022025529295206,0,0.0229590758681297,0,0.0001101064699469,0,0.0526998676359653
0,0.0009844149462878,0,0.0012758906232193,0,9.711763595987575e-06,0,0.0010554342297837
0,0.0241199992597103,0,0.0465361885726451,0,0.0003580923657864,0,0.0369167365133762
0,0.0033219920005649,0,0.0147463316097855,0,0.0001170584582723,0,0.0033700009807944
0,0.0012177645694464,0,0.0012060984736308,0,1.2071838682459202e-05,0,0.0011328873224556
0,0.0467981621623039,0,0.0902269259095192,0,9.113020496442914e-05,0,0.0394635647535324
0,0.0032009889837354,0,0.0145101435482501,0,0.000737867609132,0,0.0034501773770898
0,0.001196528901346,0,0.0009997821180149,0,7.3337641879334114e-06,0,0.0008207614882849
0,0.2465756982564926,0,0.1361881047487259,0,0.021496333181858,0,0.0943228602409362
0,0.0019949947018176,0,0.028283055871725,0,0.0005200414452701,0,0.0241956729441881
0,0.0012736727949231,0,0.0077106384560465,0,0.0001289361534873,0,0.0039632581174373
0,0.0025068316608667,0,0.0202038772404193,0,0.0003002119483426,0,0.0030554917175322
0,0.0187496151775121,0,0.023643672466278,0,0.0604196637868881,0,0.0122420815750956
0,0.1835266500711441,0,0.3717557191848755,0,0.0007639923715032,0,0.2346447706222534
0,0.0722766295075416,0,0.1178136244416236,0,0.0682547762989997,0,0.0346113480627536
0,0.1180702745914459,0,0.3438306152820587,0,0.1580209732055664,0,0.2058248668909073
0,0.0032927682623267,0,0.0204712077975273,0,0.0046937721781432,0,0.0206208974123001
0,0.0610911473631858,0,0.0157057512551546,0,9.822980064200236e-05,0,0.198778435587883
0,0.0153916450217366,0,0.0117154465988278,0,0.000439847150119,0,0.0022625916171818
0,0.0115277525037527,0,0.0081035671755671,0,1.0753161404863931e-05,0,0.001869527855888
0,0.0144949601963162,0,0.0044005685485899,0,6.30420763627626e-05,0,0.0092673962935805
0,0.0111874267458915,0,0.011563510634005,0,0.0003588982217479,0,0.0278745964169502
0,0.0008482787525281,0,0.0106650311499834,0,2.6760442324302858e-06,0,0.0102471895515918
0,0.0321626923978328,0,0.029889577999711,0,0.0001473676675232,0,0.0056403679773211
0,0.0093271667137742,0,0.00899856723845,0,0.0026532560586929,0,0.0016737027326598
0,0.3371828198432922,0,0.2207435071468353,0,0.0002276711311424,0,0.0450721755623817
0,0.1111307516694068,0,0.0372725836932659,0,0.0002041838743025,0,0.1107422560453414
0,0.4520659446716308,0,0.8687801957130432,0,0.0096206814050674,0,0.6398086547851562
0,0.5932560563087463,0,0.7218912243843079,0,0.5735882520675659,0,0.6090491414070129
0,0.0359044410288333,0,0.0991621240973472,0,0.0009855148382484,0,0.0385743156075477
0,0.0109330881386995,0,0.0080007379874587,0,0.0183512885123491,0,0.0137147642672061
0,0.0990267544984817,0,0.2511235177516937,0,0.0070234718732535,0,0.0790534764528274
0,0.0084912944585084,0,0.1628441363573074,0,0.0021605119109153,0,0.0102591617032885
0,0.1755536198616027,0,0.4807294607162475,0,0.008949383161962,0,0.0407410785555839
0,0.0016667465679347,0,0.0339312441647052,0,1.0510399988561405e-05,0,0.001859659445472
0,0.0325068607926368,0,0.2494638115167617,0,0.0002393650793237,0,0.031421672552824
0,0.0012311285827308,0,0.0077792578376829,0,1.0511172149563208e-05,0,0.001250943285413
0,0.0588159002363681,0,0.1810710579156875,0,0.0001167739392258,0,0.0184099879115819
0,0.003618175163865,0,0.0023353726137429,0,2.4080025468720123e-05,0,0.0015275569166988
0,0.0009920785669237,0,0.0042731878347694,0,3.2522573292226298e-06,0,0.0029491980094462
0,0.0049299737438559,0,0.2891179323196411,0,0.0001573951303726,0,0.1588642001152038
0,0.003079026704654,0,0.0077964286319911,0,8.492892447975464e-06,0,0.0048600044101476
0,0.0674447938799858,0,0.0482966378331184,0,0.0042924489825963,0,0.0028833213727921
0,0.0893020778894424,0,0.038157433271408,0,0.003963871859014,0,0.0041780895553529
0,0.0090922741219401,0,0.0057872137986123,0,0.0006414090166799,0,0.0261744447052478
0,0.0045192088000476,0,0.0032688039354979,0,7.536741759395227e-05,0,0.0011837752535939
0,0.0083237448707222,0,0.0060573094524443,0,0.0012479204451665,0,0.025431640446186
0,0.0026195663958787,0,0.002100397599861,0,4.5442007831297815e-05,0,0.0009594053844921
0,0.0455882586538791,0,0.0129841044545173,0,0.0007268798071891,0,0.0068362946622073
0,0.0071307499893009,0,0.016768405213952,0,4.2726474021037575e-06,0,0.0069939563982188
0,0.0247763749212026,0,0.0354603081941604,0,0.0142010347917675,0,0.4983173310756683
0,0.0077852820977568,0,0.0163240022957324,0,4.188569164398359e-06,0,0.0054838573560118
0,0.0102177653461694,0,0.009184212423861,0,0.0049762595444917,0,0.2926723659038543
0,0.0063656000420451,0,0.0110234962776303,0,3.5229420518589905e-06,0,0.003155339276418
0,0.0106824580579996,0,0.0245564207434654,0,0.0286896396428346,0,0.5345407724380493
0,0.3586060702800751,0,0.8123294711112976,0,0.1984800696372985,0,0.6926590204238892
0,0.0033567647915333,0,0.0098535036668181,0,8.89554121386027e-06,0,0.0048961085267364
0,0.0011483074631541,0,0.0095173558220267,0,1.5808727766852826e-05,0,0.0019618044607341
0,0.0014080348191782,0,0.0127243185415863,0,7.46469377190806e-05,0,0.0030402480624616
0,0.0040245857089757,0,0.0473103784024715,0,2.220161331933923e-05,0,0.0048738191835582
0,0.0022221261169761,0,0.0158820692449808,0,8.992213224701118e-06,0,0.0039521548897027
