fold_1_labels,fold_1_predictions,fold_2_labels,fold_2_predictions,fold_3_labels,fold_3_predictions,fold_4_labels,fold_4_predictions
1,0.4040725231170654,1,0.7214874625205994,1,0.8824062347412109,1,0.2091969549655914
1,0.862291693687439,1,0.7072765827178955,1,0.9440202116966248,1,0.8195933699607849
1,0.4499249756336212,1,0.1527531594038009,1,0.8613778948783875,1,0.690095841884613
1,0.1284272521734237,1,0.130494475364685,1,0.0673364996910095,1,0.0203865766525268
1,0.1811200976371765,1,0.2214738428592682,1,0.9251965284347534,1,0.2261700481176376
1,0.5120642781257629,1,0.4195513129234314,1,0.7925175428390503,1,0.0573902428150177
1,0.107160709798336,1,0.2273057997226715,1,0.9897229671478271,1,0.2446394115686416
1,0.2436146140098571,1,0.335297554731369,1,0.9128851294517516,1,0.3893937468528747
1,0.4474794864654541,1,0.2320310622453689,1,0.8853002786636353,1,0.512013852596283
1,0.5696027278900146,1,0.3185836672782898,1,0.7894369959831238,1,0.6516770720481873
1,0.4808961451053619,1,0.3197744190692901,1,0.699533224105835,1,0.3521247208118438
1,0.8383408784866333,1,0.858760416507721,1,0.9144355058670044,1,0.8394473791122437
1,0.1546483039855957,1,0.1761337667703628,1,0.0330374427139759,1,0.3174684643745422
1,0.1068262159824371,1,0.0040428801439702,1,0.0157039072364568,1,0.0203838441520929
1,0.7032074928283691,1,0.3005513548851013,1,0.5427237153053284,1,0.8117324709892273
1,0.8052024245262146,1,0.2541426718235016,1,0.5578742623329163,1,0.737765908241272
1,0.9704850912094116,1,0.8966585397720337,1,0.9983900785446168,1,0.91831636428833
1,0.4727737009525299,1,0.247341126203537,1,0.9912848472595216,1,0.18646040558815
1,0.9295299649238586,1,0.7970871329307556,1,0.9985259175300598,1,0.9002805352210999
1,0.2058398127555847,1,0.6384839415550232,1,0.9814426302909852,1,0.4326094090938568
1,0.5219817161560059,1,0.2970593273639679,1,0.3819417357444763,1,0.7557004690170288
0,0.0620145350694656,0,0.1199234947562217,0,0.0886086523532867,0,0.0132009079679846
0,0.0040169954299926,0,0.014666742645204,0,0.0040814974345266,0,0.0100400820374488
0,0.0429322719573974,0,0.0879886746406555,0,0.0062963790260255,0,0.0232646148651838
0,0.0036168002989143,0,0.0094197988510131,0,0.0030260176863521,0,0.0124070178717374
0,0.1252145320177078,0,0.0754784792661666,0,0.0235648844391107,0,0.0383757054805755
0,0.0061971354298293,0,0.0102317687124013,0,0.0086373360827565,0,0.0132428025826811
0,0.0582769364118576,0,0.0551922358572483,0,0.0084705287590622,0,0.0182791482657194
0,0.0345142260193824,0,0.0156138511374592,0,0.0219633765518665,0,0.0287261698395013
0,0.1100305542349815,0,0.0254273079335689,0,0.1321312487125396,0,0.4122234284877777
0,0.0084499167278409,0,0.0342420600354671,0,0.009262247942388,0,0.0568301044404506
0,0.0021249873097985,0,0.0237814672291278,0,0.0026671611703932,0,0.0010833420092239
0,0.0010366440983489,0,0.0272646509110927,0,0.0002119623386533,0,0.0002773582236841
0,0.0103166224434971,0,0.0520356893539428,0,0.0820407792925834,0,0.0183256920427083
0,0.0007347373757511,0,0.0076722358353435,0,0.0004862519272137,0,0.0007615703507326
0,0.0049559301696717,0,0.1406973749399185,0,0.0074861659668385,0,0.0474873334169387
0,0.0248406138271093,0,0.0993013232946395,0,0.0124417291954159,0,0.0186514649540185
0,0.0037964857183396,0,0.0051217940635979,0,0.0038224207237362,0,0.0272179618477821
0,0.0065770233049988,0,0.0079535208642482,0,0.0063994354568421,0,0.0296451300382614
0,0.0035226265899837,0,0.050115667283535,0,0.02789824642241,0,0.0291977766901254
0,0.0328282192349433,0,0.0685571283102035,0,0.0292877182364463,0,0.0069824941456317
0,0.0040259696543216,0,0.0501685813069343,0,0.047030858695507,0,0.0091417422518134
0,0.0425638556480407,0,0.1388278752565384,0,0.0075962808914482,0,0.0177680868655443
0,0.012986964546144,0,0.0884108245372772,0,0.0291518215090036,0,0.0565011911094188
0,0.0058326292783021,0,0.1813869625329971,0,0.0049077989533543,0,0.0847803428769111
0,0.4369083642959595,0,0.6387879848480225,0,0.1519105434417724,0,0.6232732534408569
0,0.2168463170528412,0,0.4803581535816192,0,0.9756341576576232,0,0.8032007217407227
0,0.0145719069987535,0,0.0193911287933588,0,0.4207647144794464,0,0.6167342662811279
0,0.0531720593571662,0,0.0628072395920753,0,0.2035229504108429,0,0.0990920141339302
0,0.3588724732398987,0,0.7235201597213745,0,0.1601725071668625,0,0.6542024612426758
0,0.3541593849658966,0,0.52483731508255,0,0.9779028296470642,0,0.8231595158576965
0,0.024362226948142,0,0.035154890269041,0,0.0476797111332416,0,0.6174935102462769
0,0.0229776110500097,0,0.0199363660067319,0,0.0161991938948631,0,0.035840980708599
0,0.4402314126491546,0,0.6896803379058838,0,0.543049693107605,0,0.6170113682746887
0,0.5905160903930664,0,0.6133613586425781,0,0.9922927618026732,0,0.7781363129615784
0,0.0153858577832579,0,0.0354024097323417,0,0.0483114346861839,0,0.383021742105484
0,0.0510011352598667,0,0.0522624626755714,0,0.0213454719632864,0,0.0197733771055936
0,0.0005308238905854,0,0.0494707897305488,0,0.0109061077237129,0,0.0024998837616294
0,0.1107819154858589,0,0.0106270378455519,0,0.0073512108065187,0,0.010781199671328
0,0.0513448342680931,0,0.2368881106376648,0,0.0989455804228782,0,0.2439470142126083
0,0.0726606398820877,0,0.1035786792635917,0,0.7445707321166992,0,0.1034980490803718
0,0.0109055526554584,0,0.0248905438929796,0,0.003333022352308,0,0.0332991816103458
0,0.0056856856681406,0,0.0179536025971174,0,0.0036692267749458,0,0.104744017124176
0,0.0026871291920542,0,0.0088963145390152,0,0.0015270182630047,0,0.0182442106306552
0,0.015489237383008,0,0.0120118428021669,0,0.0020595942623913,0,0.0246121995151042
0,0.079471655189991,0,0.0359044298529624,0,0.0173816829919815,0,0.0227844640612602
0,0.0261911917477846,0,0.0079311020672321,0,0.0066319876350462,0,0.0323207154870033
0,0.0193927157670259,0,0.0303430929780006,0,0.0168315097689628,0,0.0115905096754431
0,0.1006398350000381,0,0.1140593215823173,0,0.6318666934967041,0,0.1143407225608825
0,0.622215986251831,0,0.532800018787384,0,0.891125500202179,0,0.8509538769721985
0,0.1565912812948227,0,0.3947898149490356,0,0.1698187738656997,0,0.1204469501972198
0,0.0106754414737224,0,0.0666326209902763,0,0.0484844632446765,0,0.0044404929503798
0,0.7242783308029175,0,0.8770883679389954,0,0.93208247423172,0,0.8183675408363342
0,0.0029961473774164,0,0.0118182972073555,0,0.0025537421461194,0,0.0141621036455035
0,0.0134543376043438,0,0.0104082655161619,0,0.0031892703846096,0,0.017771964892745
0,0.1721059679985046,0,0.0427175685763359,0,0.0153585467487573,0,0.0788851827383041
0,0.0018093023682013,0,0.0115718524903059,0,0.0011387359118089,0,0.0258269701153039
0,0.0079332422465085,0,0.0069199809804558,0,0.0029995236545801,0,0.0060228905640542
0,0.1135786548256874,0,0.0473151504993438,0,0.0317139476537704,0,0.0850703120231628
0,0.0023789608385413,0,0.0174382124096155,0,0.0013862197520211,0,0.0618745051324367
0,0.0092956591397523,0,0.0102119650691747,0,0.0027441291604191,0,0.0060589234344661
0,0.0672778561711311,0,0.0518282316625118,0,0.0445266515016555,0,0.1146121993660926
0,0.0164735596626997,0,0.0341636724770069,0,0.308665931224823,0,0.110364481806755
0,0.013604880310595,0,0.0117404609918594,0,0.0027750032022595,0,0.0126462411135435
0,0.0037852078676223,0,0.0203090235590934,0,0.3116230964660644,0,0.0498989857733249
0,0.0030132785905152,0,0.0206712260842323,0,0.0014564193552359,0,0.0006809929036535
0,0.0046000555157661,0,0.014313087798655,0,0.0006215717294253,0,0.0010857364395633
0,0.0101522197946906,0,0.0191085822880268,0,0.0009514539851807,0,0.0018614882137626
0,0.009296590462327,0,0.0208063200116157,0,0.0007476049941033,0,0.0023744045756757
0,0.0999151691794395,0,0.0104964822530746,0,0.4235608279705047,0,0.1045108139514923
0,0.1042732819914817,0,0.0166509412229061,0,0.1702955216169357,0,0.0954044088721275
0,0.27395761013031,0,0.1952951103448867,0,0.0741244554519653,0,0.0502361096441745
0,0.181121677160263,0,0.5789411067962646,0,0.0222018398344516,0,0.2101793587207794
0,0.3856915235519409,0,0.540518045425415,0,0.102787047624588,0,0.446583092212677
0,0.0104045681655406,0,0.0214342214167118,0,0.0063519338145852,0,0.0011318743927404
0,0.0049330885522067,0,0.0404623448848724,0,0.0090008126571774,0,0.0026599890552461
0,0.0013974427711218,0,0.0473051369190216,0,0.0223004911094903,0,0.1415043920278549
0,0.0174880065023899,0,0.3617237210273742,0,0.0329493582248687,0,0.1000058352947235
0,0.087059661746025,0,0.061963852494955,0,0.0333049334585666,0,0.0680245533585548
0,0.0131802577525377,0,0.0053550554439425,0,0.0190346464514732,0,0.0017045326530933
0,0.0236714407801628,0,0.0983755737543106,0,0.1144624426960945,0,0.0146585712209343
0,0.0074208308942615,0,0.0254895538091659,0,0.0034862307365983,0,0.0004259162524249
0,0.0432321242988109,0,0.0121441492810845,0,0.006178181618452,0,0.0016583413816988
0,0.0095825288444757,0,0.036783292889595,0,0.0024853213690221,0,0.000662250444293
0,0.0029206699691712,0,0.0382796972990036,0,0.0001191484989249,0,0.0014257031725719
0,0.0105997938662767,0,0.0122276926413178,0,0.0098866410553455,0,0.0016625568969175
0,0.0297870226204395,0,0.0286724027246236,0,0.2011294215917587,0,0.0414210632443428
0,0.0138869136571884,0,0.050974640995264,0,0.0031073049176484,0,0.0007773178513161
0,0.0211921036243438,0,0.1349718123674392,0,0.0054635554552078,0,0.0082858679816126
0,0.3130544424057007,0,0.2028061002492904,0,0.1362057328224182,0,0.2262643277645111
0,0.1328594982624054,0,0.1421990096569061,0,0.0219697467982769,0,0.1720510423183441
0,0.5700923800468445,0,0.3484327495098114,0,0.8334271907806396,0,0.0973579362034797
0,0.0865998491644859,0,0.374908447265625,0,0.3683440089225769,0,0.030854707583785
0,0.1500807106494903,0,0.3328897058963775,0,0.746945321559906,0,0.0348203927278518
0,0.0992729514837265,0,0.3280785679817199,0,0.502804696559906,0,0.0307334382086992
0,0.0039049251936376,0,0.1037212088704109,0,0.0011194763937965,0,0.0012302956311032
0,0.2781981527805328,0,0.1687103807926178,0,0.7358567118644714,0,0.5416396856307983
0,0.0693040788173675,0,0.1140091493725776,0,0.5988203883171082,0,0.4115914702415466
0,0.1056003496050834,0,0.1518214493989944,0,0.3920575678348541,0,0.3030974566936493
0,0.246191069483757,0,0.4006670117378235,0,0.0161311905831098,0,0.4854107797145843
0,0.1531657874584198,0,0.0492991283535957,0,0.0604600608348846,0,0.2767649292945862
0,0.0066983848810195,0,0.1687483638525009,0,0.0502682216465473,0,0.0091295102611184
0,0.0122354421764612,0,0.0366939641535282,0,0.0065542375668883,0,0.0841961055994033
0,0.0072547034360468,0,0.0248575862497091,0,0.0235591307282447,0,0.0611027367413044
0,0.0257291458547115,0,0.0718999505043029,0,0.002084587002173,0,0.0108254617080092
0,0.0067273145541548,0,0.036853589117527,0,0.0007556403870694,0,0.0072247800417244
0,0.0129509568214416,0,0.0306948535144329,0,0.0010857447050511,0,0.0005984762101434
0,0.096199594438076,0,0.031279195100069,0,0.848078727722168,0,0.196248397231102
0,0.0483560003340244,0,0.0096963122487068,0,0.1260444223880767,0,0.0754375532269477
0,0.0063130785711109,0,0.0473811738193035,0,0.0061854291707277,0,0.0284306332468986
0,0.0091784428805112,0,0.0091523136943578,0,0.0008427021093666,0,0.0049963686615228
0,0.0199397858232259,0,0.0065811928361654,0,0.0013511523138731,0,0.0049223490059375
0,0.0040016858838498,0,0.0041592940688133,0,0.0007513646851293,0,0.0013872510753571
0,0.0139126917347311,0,0.006096628960222,0,0.0006443212041631,0,0.0043475902639329
0,0.004090825561434,0,0.0036535381805151,0,0.0008064116700552,0,0.0014249450759962
0,0.1301375180482864,0,0.0353874713182449,0,0.942842662334442,0,0.0595939047634601
0,0.0189093127846717,0,0.0365374162793159,0,0.015202535316348,0,0.012602518312633
0,0.003216119017452,0,0.0174809508025646,0,0.0030024540610611,0,0.0019615683704614
0,0.0103852609172463,0,0.0290028788149356,0,0.0008601205190643,0,0.0075965747237205
0,0.0081287790089845,0,0.0229726284742355,0,0.0115131670609116,0,0.0040385629981756
0,0.0161920897662639,0,0.0415954738855361,0,0.0153775960206985,0,0.0291249323636293
0,0.0074838455766439,0,0.0260429419577121,0,0.0012558216694742,0,0.0051432843320071
0,0.0076300939545035,0,0.0146082621067762,0,0.0103475404903292,0,0.0018159620231017
0,0.008666394278407,0,0.1959773302078247,0,0.0052297641523182,0,0.3728995323181152
0,0.0504363626241683,0,0.0053904722444713,0,0.0001328202342847,0,0.0264200661331415
0,0.0200946573168039,0,0.0435308776795864,0,0.0035677873529493,0,0.0183631218969821
0,0.0060296286828815,0,0.0086413705721497,0,0.0018164521316066,0,0.0102084809914231
0,0.013995406217873,0,0.0241026859730482,0,0.0008922375855036,0,0.0022826825734227
0,0.0233359187841415,0,0.0402489006519317,0,0.0013997296337038,0,0.0191464349627494
0,0.0396461710333824,0,0.0054200887680053,0,0.0001095346960937,0,0.0234974734485149
0,0.0160730835050344,0,0.0324692390859127,0,0.0027275909669697,0,0.017802195623517
0,0.0048426832072436,0,0.007310826331377,0,0.0010536971967667,0,0.0053831678815186
0,0.074194312095642,0,0.1850445866584777,0,0.5132768750190735,0,0.0199679844081401
0,0.4008781909942627,0,0.2500942349433899,0,0.668263852596283,0,0.3996035754680633
0,0.5670592188835144,0,0.5250230431556702,0,0.1149086877703666,0,0.571182370185852
0,0.0234902780503034,0,0.0455496944487094,0,0.0035279532894492,0,0.0038490013685077
0,0.0073117674328386,0,0.0130452392622828,0,0.0134283816441893,0,0.0151581382378935
0,0.0423140712082386,0,0.0360712744295597,0,0.0039428141899406,0,0.3801230192184448
0,0.0232034232467412,0,0.0741082057356834,0,0.0561889521777629,0,0.0409528650343418
0,0.0035791611298918,0,0.0155097115784883,0,0.0383469276130199,0,0.0059220739640295
0,0.0323371924459934,0,0.0517301671206951,0,0.0085428124293684,0,0.0478038266301155
0,0.1472985744476318,0,0.0427521206438541,0,0.0219591986387968,0,0.0078257229179143
0,0.0345507748425006,0,0.0315074771642684,0,0.0058172647841274,0,0.0457287430763244
0,0.0548585690557956,0,0.0256456416100263,0,0.013639798387885,0,0.2622001469135284
0,0.0282297562807798,0,0.0335886068642139,0,0.0203115344047546,0,0.0027617639862
0,0.0068364865146577,0,0.3977565765380859,0,0.0086051523685455,0,0.018889132887125
0,0.2238204777240753,0,0.231203407049179,0,0.0159243904054164,0,0.0585286058485507
0,0.2472404688596725,0,0.3230211436748504,0,0.4269964694976806,0,0.0977754518389701
0,0.0218436866998672,0,0.006973635405302,0,0.0058903284370899,0,0.0077787176705896
0,0.0009503035107627,0,0.0953911170363426,0,0.0026209997013211,0,0.0799232348799705
0,0.0062452470883727,0,0.0061720716767013,0,0.0010074154706671,0,0.0203514099121093
0,0.0110011640936136,0,0.0075509352609515,0,0.0051697981543838,0,0.0071083111688494
0,0.532769501209259,0,0.4219080209732055,0,0.6599986553192139,0,0.2704779505729675
0,0.6264682412147522,0,0.4381749927997589,0,0.8194036483764648,0,0.3019684553146362
0,0.6469053626060486,0,0.3943252563476562,0,0.9187782406806946,0,0.3728340566158294
0,0.005448579788208,0,0.017539070919156,0,0.0015344343846663,0,0.0117000918835401
0,0.0063714142888784,0,0.0156000489369034,0,0.002895625308156,0,0.044627197086811
0,0.006149785593152,0,0.0124126570299267,0,0.0054015945643186,0,0.0262782592326402
0,0.0175859834998846,0,0.0862317681312561,0,0.0174661185592412,0,0.8917893171310425
0,0.0053349095396697,0,0.0033551971428096,0,0.0406073331832885,0,0.0002468948368914
0,0.0164516940712928,0,0.0130084538832306,0,0.0006829228950664,0,0.0032738829031586
0,0.0006196632166393,0,0.0079976310953497,0,0.0003632657753769,0,0.0004277205152902
0,0.0054797264747321,0,0.0161333940923213,0,0.0399446934461593,0,0.0007389128440991
0,0.0119116427376866,0,0.0122490152716636,0,0.001460540224798,0,0.0014979970874264
0,0.0017769030528143,0,0.0205545704811811,0,0.0006055577541701,0,0.0082318373024463
0,0.0067459256388247,0,0.0082957362756133,0,0.1758302748203277,0,0.0006499753217212
0,0.0095684695988893,0,0.0020555641967803,0,0.0032070623710751,0,0.0013635479845106
0,0.0019946745596826,0,0.0299166683107614,0,0.0012133358977735,0,0.000872534175869
0,0.023918529972434,0,0.4966074824333191,0,0.3993072211742401,0,0.0592449158430099
0,0.2169835418462753,0,0.2102404683828354,0,0.7161180973052979,0,0.0885175466537475
0,0.0241985339671373,0,0.2503352761268616,0,0.2204212397336959,0,0.032527532428503
0,0.2422375231981277,0,0.443534255027771,0,0.0532610341906547,0,0.3298670947551727
0,0.00263975514099,0,0.0065754470415413,0,0.0041166604496538,0,0.0011217762948945
0,0.1735221594572067,0,0.1315484195947647,0,0.6128688454627991,0,0.0146586950868368
0,0.3372538089752197,0,0.4986980557441711,0,0.5409123301506042,0,0.0026518460363149
0,0.000659177894704,0,0.2932258546352386,0,0.0330122634768486,0,0.0233991052955389
0,0.2161069065332412,0,0.3892059028148651,0,0.4691761136054992,0,0.1050712764263153
0,0.2708849012851715,0,0.3846263885498047,0,0.3060672581195831,0,0.4150867164134979
0,0.0196328833699226,0,0.0228839311748743,0,0.0047444971278309,0,0.0884725451469421
0,0.0419738441705703,0,0.0528623461723327,0,0.0130869168788194,0,0.0049538514576852
0,0.0610008314251899,0,0.0146174961701035,0,0.0088919308036565,0,0.2973672151565552
0,0.1076167896389961,0,0.0705701485276222,0,0.0138619150966405,0,0.0287772808223962
0,0.2030286192893982,0,0.1066494286060333,0,0.0423386357724666,0,0.0450543314218521
0,0.110215425491333,0,0.0473881363868713,0,0.0047081466764211,0,0.0348819196224212
0,0.0105891916900873,0,0.0113345049321651,0,0.0012500844895839,0,0.0070647951215505
0,0.1234081983566284,0,0.1683651655912399,0,0.6025041937828064,0,0.0101541988551616
0,0.0069991764612495,0,0.0218249130994081,0,0.1045521646738052,0,0.0212319027632474
0,0.0208580773323774,0,0.015218298882246,0,0.0012833103537559,0,0.0039594387635588
0,0.0215543638914823,0,0.0519964024424552,0,0.0057596559636294,0,0.0174563098698854
0,0.0133646251633763,0,0.0373832993209362,0,0.0058303955011069,0,0.0018885713070631
0,0.0074018230661749,0,0.0099082933738827,0,0.0127893388271331,0,0.0051208594813942
0,0.119942121207714,0,0.208799347281456,0,0.1335485428571701,0,0.0849020928144455
0,0.0029562972486019,0,0.0196329001337289,0,0.0003693522012326,0,0.013162731193006
0,0.0040486520156264,0,0.0181995909661054,0,0.0019102196674793,0,0.0523477084934711
0,0.0037413891404867,0,0.0087943216785788,0,0.0002353159361518,0,0.0010503887897357
0,0.0028569605201482,0,0.02374904230237,0,0.0028063221834599,0,0.0299991983920335
0,0.0421397686004638,0,0.0353506170213222,0,0.0317402780055999,0,0.0081752445548772
0,0.0451733581721782,0,0.0737992152571678,0,0.0233988016843795,0,0.0349942333996295
0,0.596794605255127,0,0.6119390726089478,0,0.7388035655021667,0,0.4913069903850555
0,0.5121439695358276,0,0.5315654873847961,0,0.791298508644104,0,0.4254268705844879
0,0.6058161854743958,0,0.5981332659721375,0,0.8453553915023804,0,0.4457042217254638
0,0.0192502997815608,0,0.0188698545098304,0,0.0019587595015764,0,0.0014367760159075
0,0.0178794506937265,0,0.0152949606999754,0,0.0253149308264255,0,0.0021635866723954
0,0.0966385677456855,0,0.0299813263118267,0,0.0018039415590465,0,0.0015212695579975
0,0.056224413216114,0,0.0500444360077381,0,0.0095739932730793,0,0.0319049358367919
0,0.0412313379347324,0,0.0210646111518144,0,0.0012156091397628,0,0.0021662507206201
0,0.0414166525006294,0,0.038070410490036,0,0.0111203975975513,0,0.021804004907608
0,0.7430733442306519,0,0.9401565790176392,0,0.9877954721450806,0,0.4126231968402862
0,0.5265051126480103,0,0.7076919674873352,0,0.616481602191925,0,0.173317551612854
0,0.1168504804372787,0,0.0569246262311935,0,0.1629504114389419,0,0.0089930919930338
0,0.0121237952262163,0,0.0351142846047878,0,0.001147813629359,0,0.0017536892555654
0,0.1123075187206268,0,0.2403434067964553,0,0.073924221098423,0,0.0086572226136922
0,0.0038643951993435,0,0.0187390707433223,0,0.0065041217021644,0,0.0019890572875738
0,0.0027010987978428,0,0.0084665678441524,0,0.0006823991425335,0,0.0159414820373058
0,0.0018419036641716,0,0.0031386392656713,0,0.0001321406016359,0,0.0002269297547172
0,0.00628676218912,0,0.0370013080537319,0,0.0022521675564348,0,0.0035903342068195
0,0.0015044063329696,0,0.0030082173179835,0,0.0002085447777062,0,0.0001554078189656
0,0.0149897625669837,0,0.0411702506244182,0,0.0064363060519099,0,0.0105494735762476
0,0.002861309563741,0,0.0063148522749543,0,0.0006641212385147,0,0.0146974045783281
0,0.002763407304883,0,0.0029328425880521,0,0.0006163256475701,0,0.0008736190502531
0,0.8067399859428406,0,0.498169481754303,0,0.9954196214675904,0,0.7078439593315125
0,0.1684834361076355,0,0.0142717882990837,0,0.59928297996521,0,0.0063834856264293
0,0.0016245022416114,0,0.0049509122036397,0,0.0001289843639824,0,0.000670738692861
0,0.007247497793287,0,0.0222116354852914,0,0.0006541418842971,0,0.0071618696674704
0,0.0038843362126499,0,0.0121230585500597,0,0.0006131249829195,0,0.002638176549226
0,0.0052390801720321,0,0.0188457425683736,0,0.0012666513212025,0,0.0063578956760466
1,0.4489261507987976,1,0.5599544644355774,1,0.4039850831031799,1,0.6267920136451721
1,0.7808356285095215,1,0.483847826719284,1,0.8966350555419922,1,0.7441251277923584
1,0.2365868538618087,1,0.2501657605171203,1,0.6051156520843506,1,0.2436342537403106
1,0.0841061770915985,1,0.0548247508704662,1,0.1778458058834076,1,0.1574058085680008
1,0.0916709080338478,1,0.1031535640358924,1,0.5994279384613037,1,0.1712437272071838
1,0.5952634215354919,1,0.942794144153595,1,0.3623818457126617,1,0.7093737721443176
1,0.9230169653892516,1,0.9773374795913696,1,0.9993476271629332,1,0.9766443371772766
1,0.0144985085353255,1,0.0085214208811521,1,0.0374425649642944,1,0.0086261555552482
1,0.1341613382101059,1,0.0398278497159481,1,0.4564509391784668,1,0.052337147295475
1,0.4286805689334869,1,0.0340704657137393,1,0.96042662858963,1,0.2017421275377273
1,0.3436392545700073,1,0.091016985476017,1,0.4739333987236023,1,0.353445291519165
1,0.1174239218235015,1,0.2448727339506149,1,0.9938470721244812,1,0.3419129252433777
1,0.1100680008530616,1,0.2991114556789398,1,0.2906088232994079,1,0.1076133996248245
1,0.1714367717504501,1,0.2042800486087799,1,0.5076339244842529,1,0.337188720703125
1,0.5599915385246277,1,0.3075126409530639,1,0.4051422774791717,1,0.3996238708496094
1,0.0394133813679218,1,0.0423925518989563,1,0.0150213493034243,1,0.0160688441246747
1,0.114857330918312,1,0.0571701116859912,1,0.1787776499986648,1,0.0787214487791061
1,0.0233448930084705,1,0.0334894172847271,1,0.0246066786348819,1,0.0053527196869254
1,0.2199705392122268,1,0.2518543004989624,1,0.8883987069129944,1,0.497767686843872
1,0.4805083870887756,1,0.6257945895195007,1,0.6782368421554565,1,0.4860794842243194
1,0.4546181261539459,1,0.3769525289535522,1,0.9873461127281188,1,0.8052926659584045
1,0.8239562511444092,1,0.8845193982124329,1,0.9745056629180908,1,0.7211245894432068
1,0.5475746989250183,1,0.6208219528198242,1,0.8051106929779053,1,0.922867715358734
1,0.1911519914865493,1,0.2879691123962402,1,0.6543854475021362,1,0.264629453420639
1,0.1805831044912338,1,0.2402927875518798,1,0.8782095909118652,1,0.3468270599842071
1,0.2964042127132416,1,0.3145665824413299,1,0.9951634407043456,1,0.6080000996589661
0,0.3936029374599457,0,0.1871849596500396,0,0.8829980492591858,0,0.0311850924044847
0,0.3377732932567596,0,0.2595231831073761,0,0.3635666966438293,0,0.0399574041366577
0,0.0370349548757076,0,0.0107070887461304,0,0.8489571809768677,0,0.1409598141908645
0,0.0045400974340736,0,0.0107924602925777,0,0.0146809099242091,0,0.0018801356200128
0,0.0058616693131625,0,0.0246595125645399,0,0.1347909569740295,0,0.0014009458245709
0,0.0311029199510812,0,0.6514718532562256,0,0.2437903136014938,0,0.2444401532411575
0,0.010580982081592,0,0.0420049019157886,0,0.0048740967176854,0,0.0020490628667175
0,0.001062593772076,0,0.0277763158082962,0,0.0010478885378688,0,0.0005837581702508
0,0.0599962063133716,0,0.7567213177680969,0,0.0059002265334129,0,0.1300265192985534
0,0.0171629413962364,0,0.0314485318958759,0,0.0018132982077077,0,0.0233328379690647
0,0.0078042461536824,0,0.0356754809617996,0,0.0173647180199623,0,0.0030704645905643
0,0.0366162396967411,0,0.0496114790439605,0,0.0434806384146213,0,0.0495301522314548
0,0.0821782276034355,0,0.0812717378139495,0,0.0570908822119236,0,0.1460321098566055
0,0.5983025431632996,0,0.394260823726654,0,0.5895171761512756,0,0.4477828443050384
0,0.0075499988161027,0,0.0257345084100961,0,0.0063314293511211,0,0.0104466881603002
0,0.0035046588163822,0,0.0149745196104049,0,0.0092749642208218,0,0.0787515416741371
0,0.003949649631977,0,0.1754580736160278,0,0.0022138119675219,0,0.0294888168573379
0,0.01621107570827,0,0.0093154590576887,0,0.0016096468316391,0,0.0056327511556446
0,0.0125091755762696,0,0.0788704752922058,0,0.006435458548367,0,0.0046991477720439
0,0.1420715898275375,0,0.5200204253196716,0,0.0283170454204082,0,0.1827691495418548
0,0.0028391759842634,0,0.0328554660081863,0,0.0060891932807862,0,0.0225207954645156
0,0.0322131961584091,0,0.0514458082616329,0,0.0243595857173204,0,0.0300843305885791
0,0.0118254786357283,0,0.1437851339578628,0,0.0118923131376504,0,0.1535250842571258
0,0.0181486196815967,0,0.0315023623406887,0,0.0185742769390344,0,0.0047115734778344
0,0.0050959270447492,0,0.0394604280591011,0,0.0048922835849225,0,0.0044119078665971
0,0.0160767640918493,0,0.0107100186869502,0,0.0115963229909539,0,0.0500459410250186
0,0.0041869487613439,0,0.0132045801728963,0,0.0092989271506667,0,0.0016790167428553
0,0.0028278829995542,0,0.0243972893804311,0,0.0021751585882157,0,0.0026336659211665
0,0.0026159547269344,0,0.0216298606246709,0,0.0023035607300698,0,0.0038683856837451
0,0.0073782061226665,0,0.0242873728275299,0,0.0126179428771138,0,0.0914304852485656
0,0.4409649074077606,0,0.3874309957027435,0,0.0740907341241836,0,0.4942505955696106
0,0.5304446816444397,0,0.502926230430603,0,0.1502023041248321,0,0.4967933595180511
0,0.8242108821868896,0,0.6129170060157776,0,0.9707885384559632,0,0.8934512734413147
0,0.3983248472213745,0,0.2171531766653061,0,0.2789718508720398,0,0.54420405626297
0,0.273244559764862,0,0.1741354167461395,0,0.0136912427842617,0,0.0188522096723318
0,0.701262354850769,0,0.2697815597057342,0,0.8161900043487549,0,0.7238430976867676
0,0.0044537931680679,0,0.0029579112306237,0,0.0104833114892244,0,0.0237246286123991
0,0.0114463772624731,0,0.0103135704994201,0,0.0029356915038079,0,0.0580776594579219
0,0.0326540358364582,0,0.0322485566139221,0,0.0134101677685976,0,0.0120067736133933
0,0.0172937326133251,0,0.0213188305497169,0,0.0099483076483011,0,0.1319552361965179
0,0.0094199273735284,0,0.0115992594510316,0,0.0011033912887796,0,0.0002526957832742
0,0.0115320794284343,0,0.0101104108616709,0,0.0018768152222037,0,0.0947560667991638
0,0.0459697321057319,0,0.0401031784713268,0,0.1844717264175415,0,0.0275350473821163
0,0.0015151809202507,0,0.0106014385819435,0,0.0002855457132682,0,0.0030786141287535
0,0.0015560137107968,0,0.0049158842302858,0,0.007608147803694,0,0.0013331178342923
0,0.0013356717536225,0,0.0105706239119172,0,0.0116651700809597,0,0.0067029395140707
0,0.0029144801665097,0,0.0718504190444946,0,0.0108712930232286,0,0.1907928138971328
0,0.1615884602069854,0,0.0248792637139558,0,0.0060907430015504,0,0.5444939732551575
0,0.0085240565240383,0,0.0278120040893554,0,0.0260414294898509,0,0.0528673008084297
0,0.1145411357283592,0,0.079706460237503,0,0.0129114389419555,0,0.2377116382122039
0,0.0033218816388398,0,0.0091632818803191,0,0.0198124069720506,0,0.0077817649580538
0,0.0089864442124962,0,0.0210473611950874,0,0.0215051602572202,0,0.0212438106536865
0,0.0263358000665903,0,0.0163904596120119,0,0.0101035833358764,0,0.2073175311088562
0,0.0023256039712578,0,0.0519144833087921,0,0.006011155899614,0,0.0153696136549115
0,0.0037317560054361,0,0.0389971770346164,0,0.010544303804636,0,0.0049447515048086
0,0.0123152378946542,0,0.0180452689528465,0,0.0045078983530402,0,0.0232760328799486
0,0.0103199435397982,0,0.0180810093879699,0,0.0007552569732069,0,0.0013713560765609
0,0.6599652171134949,0,0.1556879132986068,0,0.2368624806404113,0,0.2665415108203888
0,0.0103469928726553,0,0.0206664334982633,0,0.0285214018076658,0,0.0279232133179903
0,0.0512240566313266,0,0.0610706247389316,0,0.0137162478640675,0,0.0540499798953533
0,0.0753795951604843,0,0.0382568053901195,0,0.0511187501251697,0,0.1405061930418014
0,0.0152122126892209,0,0.0179297421127557,0,0.0254627875983715,0,0.0074539268389344
0,0.0485006682574749,0,0.0147998128086328,0,0.0008758256444707,0,0.0784111469984054
0,0.0005171822267584,0,0.0181325133889913,0,0.0002961261780001,0,0.0004269410273991
0,0.0091942576691508,0,0.0241096075624227,0,0.0038318154402077,0,0.0090388525277376
0,0.0008303464855998,0,0.0189747344702482,0,0.000306003174046,0,0.0004504321259446
0,0.0145009756088256,0,0.025410983711481,0,0.0172958802431821,0,0.0148103851824998
0,0.0004601845867,0,0.0353435985743999,0,0.0006836417596787,0,0.0006269513978622
0,0.0534179508686065,0,0.0211804658174514,0,0.0043627861887216,0,0.016115790233016
0,0.0261222254484891,0,0.0362211540341377,0,0.0046202656812965,0,0.0132423462346196
0,0.0148758105933666,0,0.0748855993151664,0,0.0015438608825206,0,0.0091570317745208
0,0.0348552279174327,0,0.0310060493648052,0,0.0004075158503837,0,0.0023460369557142
0,0.0092446571215987,0,0.0027087165508419,0,0.0002041836705757,0,0.0034155435860157
0,0.0109921563416719,0,0.0063637001439929,0,0.0001321390882367,0,0.0047091855667531
0,0.0047262264415621,0,0.0932661965489387,0,0.0108486581593751,0,0.0579431504011154
0,0.0076689408160746,0,0.003382945433259,0,0.0001563260157126,0,0.0053383666090667
0,0.7453620433807373,0,0.1854773908853531,0,0.9947243332862854,0,0.548017680644989
0,0.0458513647317886,0,0.0155480401590466,0,0.0776244103908538,0,0.0436117760837078
0,0.0032404067460447,0,0.0159815866500139,0,0.003858622862026,0,0.0022815100383013
0,0.0043102409690618,0,0.0181772764772176,0,0.0136717958375811,0,0.0115772429853677
0,0.0441154278814792,0,0.0284955445677042,0,0.0300519634038209,0,0.0116419550031423
0,0.0050287214107811,0,0.010533002205193,0,0.0017616240074858,0,0.0052080038003623
0,0.0341779477894306,0,0.0210867412388324,0,0.0134541355073452,0,0.0877631232142448
0,0.0024588315282016,0,0.00645148800686,0,0.0007882418576627,0,0.0024151627440005
0,0.0051459395326673,0,0.0146274119615554,0,0.0545844733715057,0,0.0098858186975121
0,0.034945860505104,0,0.0896771252155304,0,0.1646525412797927,0,0.1019995510578155
0,0.0125992549583315,0,0.0595132708549499,0,0.0404365099966526,0,0.0431705527007579
0,0.0137299690395593,0,0.0470603257417678,0,0.0026400564238429,0,0.0052797482348978
0,0.015959458425641,0,0.0584209039807319,0,0.0158064011484384,0,0.0060797980986535
0,0.0206933133304119,0,0.0871331915259361,0,0.0800503715872764,0,0.0450410172343254
0,0.0393421873450279,0,0.0281644705682992,0,0.0005438290536403,0,0.0157167539000511
0,0.0109853977337479,0,0.0179795753210783,0,0.0018346292199566,0,0.005927387624979
0,0.030373927205801,0,0.0487493686378002,0,0.0160328932106494,0,0.0186980869621038
0,0.320014089345932,0,0.0817892923951149,0,0.0141398720443248,0,0.025637399405241
0,0.0383978113532066,0,0.0614156387746334,0,0.0425915084779262,0,0.0191561058163642
0,0.718868613243103,0,0.8075506687164307,0,0.0926408097147941,0,0.4833700060844421
0,0.2725816965103149,0,0.3329219222068786,0,0.1777587532997131,0,0.3894690871238708
0,0.5361044406890869,0,0.278407871723175,0,0.7079310417175293,0,0.7935361862182617
0,0.0269397087395191,0,0.0329616591334342,0,0.0065102935768663,0,0.0111900437623262
0,0.0241485331207513,0,0.0091893645003438,0,0.0387907437980175,0,0.0056509203277528
0,0.0162181556224823,0,0.0150763252750039,0,0.0208920817822217,0,0.0056491545401513
0,0.0264403894543647,0,0.0174524411559104,0,0.0049755321815609,0,0.0030046175234019
0,0.0225974563509225,0,0.0699656829237937,0,0.0124715035781264,0,0.2484023869037628
0,0.0141329737380146,0,0.0099029531702399,0,0.0059662475250661,0,0.0022302237339317
0,0.0660231187939643,0,0.093668058514595,0,0.001628617872484,0,0.0455575697124004
0,0.0601311288774013,0,0.0158608965575695,0,0.0364907495677471,0,0.0944520905613899
0,0.1035820618271827,0,0.6776619553565979,0,0.7577440738677979,0,0.1811241656541824
0,0.0024771282915025,0,0.0367400348186492,0,0.0029995150398463,0,0.0369240716099739
0,0.0053032180294394,0,0.0051280185580253,0,0.0142195038497447,0,0.0065480680204927
0,0.0029230632353574,0,0.043609395623207,0,0.0454355925321579,0,0.0544380769133567
0,0.0090689621865749,0,0.0095422361046075,0,0.0077923866920173,0,0.0074417060241103
0,0.7728115320205688,0,0.6930738091468811,0,0.2814822196960449,0,0.1622999757528305
0,0.0103965820744633,0,0.0307721700519323,0,0.024219810962677,0,0.1502493470907211
0,0.0075271734967827,0,0.0048466487787663,0,0.0023147331085056,0,0.0029102072585374
0,0.0066807875409722,0,0.0041172448545694,0,0.0026678561698645,0,0.0027809394523501
0,0.0065914765000343,0,0.0249159596860408,0,0.0161885134875774,0,0.0796532407402992
0,0.6189640164375305,0,0.7447593808174133,0,0.923059344291687,0,0.3841599822044372
0,0.0042536878027021,0,0.0119301499798893,0,0.0500240735709667,0,0.0041222181171178
0,0.0078914910554885,0,0.0303912442177534,0,0.0344915091991424,0,0.0715459361672401
0,0.0071603269316256,0,0.0052371323108673,0,0.0039842659607529,0,0.002486269455403
0,0.7527781128883362,0,0.6247581839561462,0,0.828446626663208,0,0.2822296619415283
0,0.0094924541190266,0,0.0170417949557304,0,0.0071677374653518,0,0.0006316966610029
0,0.0022862029727548,0,0.0058939764276146,0,0.0020068360026925,0,0.0006301389657892
0,0.0087124463170766,0,0.0280798245221376,0,0.0038655367679893,0,0.0005782805383205
0,0.4843346178531647,0,0.456883817911148,0,0.9462815523147584,0,0.6719080209732056
0,0.0734536275267601,0,0.1069455221295356,0,0.3374496102333069,0,0.2155191749334335
0,0.0266968812793493,0,0.0110521763563156,0,0.017898878082633,0,0.001019723364152
0,0.0021368861198425,0,0.1103467345237732,0,0.0080335102975368,0,0.0001293627428822
0,0.0943403542041778,0,0.1408729702234268,0,0.0333888083696365,0,0.3455924391746521
0,0.0030499449931085,0,0.0037851196248084,0,0.0012964160414412,0,0.0011049533495679
0,0.0361689887940883,0,0.0437957271933555,0,0.0359715968370437,0,0.019839122891426
0,0.0418135300278663,0,0.08510123193264,0,0.3303665518760681,0,0.2198360115289688
0,0.3951756954193115,0,0.329691082239151,0,0.9629294276237488,0,0.4784204065799713
0,0.8037316799163818,0,0.8269505500793457,0,0.9609482288360596,0,0.6867850422859192
0,0.7062886953353882,0,0.5126535296440125,0,0.8187075257301331,0,0.8954344391822815
0,0.1337251216173172,0,0.1025881245732307,0,0.0038603330031037,0,0.2957014441490173
0,0.0021140167955309,0,0.0111469672992825,0,0.0042748642154037,0,0.0006559873581863
0,0.0013257527025416,0,0.0048678792081773,0,0.000346982415067,0,8.279916801257059e-05
0,0.3514024913311004,0,0.0544489808380603,0,0.7322471737861633,0,0.6012930870056152
0,0.0599813722074031,0,0.0412546023726463,0,0.5621200203895569,0,0.1777612715959549
0,0.0022191584575921,0,0.0090352268889546,0,0.0004877876199316,0,0.0016029877588152
0,0.0019049756228923,0,0.009388075210154,0,0.0008196243434213,0,0.0105632953345775
0,0.0092049464583396,0,0.1025077328085899,0,0.0054545179009437,0,0.2674658000469208
0,0.0006058969302102,0,0.0050936620682477,0,0.0025830594822764,0,0.0019774409011006
0,0.0104846227914094,0,0.0050187893211841,0,0.0126290498301386,0,0.0138395484536886
0,0.0263185054063797,0,0.4710486531257629,0,0.0621747188270092,0,0.0676166117191314
0,0.0233502872288227,0,0.1248773336410522,0,0.0093512861058115,0,0.0111597198992967
0,0.0008850176818668,0,0.0073651769198477,0,0.0011929390020668,0,0.0036670607514679
0,0.2928483486175537,0,0.4617148041725158,0,0.9619137048721312,0,0.1213454082608223
0,0.3227604031562805,0,0.1272058337926864,0,0.4554417133331299,0,0.0127742607146501
0,0.1881690770387649,0,0.7763455510139465,0,0.698469877243042,0,0.884107768535614
0,0.3929653763771057,0,0.449779212474823,0,0.9192302823066713,0,0.0658008530735969
0,0.0307866055518388,0,0.5207993984222412,0,0.0264580976217985,0,0.35148486495018
0,0.2215856313705444,0,0.4815768301486969,0,0.7831097841262817,0,0.0876649990677833
0,0.025291983038187,0,0.2864329814910888,0,0.0065166745334863,0,0.0355805158615112
0,0.3639845550060272,0,0.4332634508609772,0,0.8955553770065308,0,0.0383427776396274
0,0.3009852766990661,0,0.5405675172805786,0,0.8218482136726379,0,0.2191386371850967
0,0.0062533728778362,0,0.0538555458188056,0,0.0609593279659748,0,0.0014211282832548
0,0.0194124076515436,0,0.0228778440505266,0,0.0052887913770973,0,0.0027226575184613
0,0.1591078341007232,0,0.2342721670866012,0,0.9649478197097778,0,0.0228644236922264
0,0.1146066859364509,0,0.0333766601979732,0,0.0102985268458724,0,0.0144295804202556
0,0.3382938206195831,0,0.62831711769104,0,0.4667563140392303,0,0.3096023797988891
0,0.02050157263875,0,0.0225650481879711,0,0.7809222340583801,0,0.1284660249948501
0,0.0203385241329669,0,0.0799774006009101,0,0.6413782835006714,0,0.2720294296741485
0,0.0093593643978238,0,0.0145146045833826,0,0.1241331398487091,0,0.1373402178287506
0,0.6042764782905579,0,0.4817963242530823,0,0.7776551842689514,0,0.547896146774292
0,0.659808337688446,0,0.4676502346992492,0,0.0034862176980823,0,0.6829173564910889
0,0.8706733584403992,0,0.6573143601417542,0,0.9428234100341796,0,0.7952263951301575
0,0.0123553974553942,0,0.0116802034899592,0,0.010818381793797,0,0.0038113493937999
0,0.002453057328239,0,0.039574421942234,0,0.0012964322231709,0,0.0026918165385723
0,0.0053487149998545,0,0.1048738062381744,0,0.0060185533948242,0,0.0139471236616373
0,0.1601152122020721,0,0.1109267026185989,0,0.0098276752978563,0,0.0118394177407026
0,0.0070383758284151,0,0.0618502795696258,0,0.0011123255826532,0,0.0058275763876736
0,0.0029679350554943,0,0.0398726947605609,0,0.0004482572549022,0,0.00545703060925
0,0.3666383028030395,0,0.1000716611742973,0,0.0060730134136974,0,0.0075555643998086
0,0.0034836479462683,0,0.0469055026769638,0,0.0007898622425273,0,0.0025617820210754
0,0.5522844195365906,0,0.2538467049598694,0,0.0033866658341139,0,0.0095560364425182
0,0.0351806357502937,0,0.0719243437051773,0,0.4580385684967041,0,0.4163455367088318
0,0.0757109448313713,0,0.0747025087475776,0,0.9228236079216005,0,0.2195555418729782
0,0.3798849582672119,0,0.2332769632339477,0,0.992714822292328,0,0.5306476950645447
0,0.0106177311390638,0,0.0117345862090587,0,0.0025031727273017,0,0.0044196010567247
0,0.0023657074198126,0,0.0435560718178749,0,0.0006664303946308,0,0.0032182917930185
0,0.0018855554517358,0,0.007155860774219,0,0.003323903074488,0,0.000516012252774
0,0.0048165200278162,0,0.1421334594488144,0,0.0029027368873357,0,0.0018969093216583
0,0.0884157121181488,0,0.1549591124057769,0,0.0348026342689991,0,0.0092883994802832
0,0.0268736016005277,0,0.0531195253133773,0,0.0032484221737831,0,0.0166880991309881
0,0.0811393186450004,0,0.1618982851505279,0,0.0420207045972347,0,0.004105744883418
0,0.0096655683591961,0,0.0473064817488193,0,0.0037276733200997,0,0.0041815945878624
0,0.016241118311882,0,0.23121377825737,0,0.0006860520225018,0,0.0028073857538402
0,0.0321684665977954,0,0.0519969686865806,0,0.0052901562303304,0,0.0420902967453002
0,0.0097494637593626,0,0.0055480911396443,0,0.0005387545679695,0,0.0012668098788708
0,0.0199964269995689,0,0.0426468588411808,0,0.0024066679179668,0,0.0067385206930339
0,0.0027060566935688,0,0.0045263404026627,0,0.0004824683419428,0,0.0027387451846152
0,0.022237405180931,0,0.0271558444947004,0,0.0016744144959375,0,0.0181562304496765
0,0.0095122139900922,0,0.0171515475958585,0,0.0208402555435895,0,0.0171943958848714
0,0.1574785411357879,0,0.0123465964570641,0,0.0103515833616256,0,0.0011375362519174
0,0.0176756661385297,0,0.0213498994708061,0,0.0074356812983751,0,0.0216298773884773
0,0.050221063196659,0,0.0231291577219963,0,0.0128937000408768,0,0.026950404047966
0,0.1479817777872085,0,0.0504894293844699,0,0.1041600927710533,0,0.057329948991537
0,0.0075052515603601,0,0.0236689336597919,0,0.0094112250953912,0,0.0283271893858909
0,0.296332985162735,0,0.0860182419419288,0,0.0996992439031601,0,0.007513809017837
0,0.0168663989752531,0,0.0245848335325717,0,0.0004424448998179,0,0.0029541726689785
0,0.0055916798301041,0,0.0046016392298042,0,0.0010487100807949,0,0.0006979329627938
0,0.011901993304491,0,0.022669730708003,0,0.0006720395176671,0,0.0036410866305232
0,0.0126407882198691,0,0.027504501864314,0,0.0009842526633292,0,0.0007087167468853
0,0.0011777057079598,0,0.0134868081659078,0,0.000161577379913,0,0.0001426740782335
0,0.0017410814762115,0,0.011729622259736,0,0.0001419601321686,0,6.291313911788166e-05
0,0.7028021812438965,0,0.6382355690002441,0,0.9583263397216796,0,0.7887259125709534
0,0.6639609932899475,0,0.6605081558227539,0,0.9618182182312012,0,0.855393648147583
0,0.7992327809333801,0,0.7264716029167175,0,0.9778386354446412,0,0.8860282301902771
0,0.0395191013813018,0,0.0150420134887099,0,0.0219910722225904,0,0.0663334429264068
0,0.3881425261497497,0,0.6945574879646301,0,0.3655126690864563,0,0.24033223092556
0,0.0386320240795612,0,0.0459553450345993,0,0.3128603994846344,0,0.1816216111183166
0,0.0791613832116127,0,0.0124866012483835,0,0.0092140007764101,0,0.0313662439584732
0,0.1077535301446914,0,0.0862720981240272,0,0.5172342658042908,0,0.1853252500295639
0,0.0180159024894237,0,0.0752639025449752,0,0.0277818199247121,0,0.0430152043700218
0,0.0107831070199608,0,0.0088380221277475,0,0.0036579777952283,0,0.0132264550775289
0,0.0750434845685958,0,0.126758873462677,0,0.3357948660850525,0,0.0316229797899723
0,0.0319105722010135,0,0.0544226504862308,0,0.0600807927548885,0,0.0998214557766914
0,0.794461727142334,0,0.5701528191566467,0,0.9305225014686584,0,0.4000023305416107
0,0.2502187192440033,0,0.063255563378334,0,0.5011093020439148,0,0.0955987200140953
0,0.0008460858953185,0,0.0092714680358767,0,0.0002246135118184,0,0.00061145395739
0,0.2621068656444549,0,0.0813951194286346,0,0.2080145329236984,0,0.0774111524224281
0,0.0009057494462467,0,0.0116202160716056,0,0.000418023468228,0,0.0009400960989296
0,0.211153507232666,0,0.0500025264918804,0,0.3279101848602295,0,0.0441093333065509
0,0.0008812748128548,0,0.0138152549043297,0,0.0006649208371527,0,0.0011155619286
0,0.0729690641164779,0,0.516290545463562,0,0.0039292532019317,0,0.004311769735068
0,0.0061582722701132,0,0.0244735181331634,0,0.0010676566744223,0,0.0014952693600207
0,0.0671764388680458,0,0.2886349260807037,0,0.0032807413954287,0,0.0124138724058866
0,0.0010061868233606,0,0.0360145904123783,0,0.0001790238602552,0,0.0004409213725011
0,0.6341339349746704,0,0.4868340790271759,0,0.957158625125885,0,0.5860708355903625
0,0.5396488308906555,0,0.9342654943466188,0,0.5596679449081421,0,0.5848012566566467
0,0.4077543616294861,0,0.3686615824699402,0,0.971724271774292,0,0.072602167725563
0,0.198606863617897,0,0.2857104837894439,0,0.2655665278434753,0,0.1783102750778198
0,0.5722120404243469,0,0.9469717144966124,0,0.6760716438293457,0,0.5118838548660278
0,0.5617620348930359,0,0.4269540905952453,0,0.9881137013435364,0,0.1645852178335189
0,0.1974266171455383,0,0.3056870996952057,0,0.2842951118946075,0,0.2115159183740615
0,0.0219000857323408,0,0.0865125358104705,0,0.0024496593978255,0,0.0021625626832246
0,0.6613028645515442,0,0.9333499670028688,0,0.4922917485237121,0,0.3166832625865936
0,0.5752024054527283,0,0.4149041771888733,0,0.9969921112060548,0,0.1407155096530914
0,0.3089829981327057,0,0.3922673463821411,0,0.7478588819503784,0,0.6320174932479858
0,0.0068684173747897,0,0.1086838841438293,0,0.0019377438584342,0,0.0023528186138719
0,0.1463488042354583,0,0.3191703259944916,0,0.5515390038490295,0,0.7276128530502319
0,0.0074262144044041,0,0.0910326689481735,0,0.022863321006298,0,0.0151567012071609
1,0.6226754784584045,1,0.283018410205841,1,0.8811724781990051,1,0.212166741490364
1,0.6577508449554443,1,0.5323423147201538,1,0.5851801633834839,1,0.3710198104381561
1,0.3732972741127014,1,0.3957677483558655,1,0.49055877327919,1,0.123139388859272
1,0.6158410310745239,1,0.5251010656356812,1,0.669171929359436,1,0.2629267275333404
1,0.7761539220809937,1,0.8213734030723572,1,0.9848909974098206,1,0.8052405714988708
1,0.7443057298660278,1,0.3073676228523254,1,0.9844499230384828,1,0.3397864401340484
1,0.4813632071018219,1,0.0777858793735504,1,0.6842702031135559,1,0.7632507681846619
1,0.6117522716522217,1,0.2081248760223388,1,0.982133686542511,1,0.6792638301849365
1,0.493934154510498,1,0.320182740688324,1,0.9878550171852112,1,0.6634513139724731
1,0.6265375018119812,1,0.7930068373680115,1,0.9036861658096312,1,0.465436041355133
1,0.2114639431238174,1,0.1738875806331634,1,0.7038920521736145,1,0.0947502329945564
1,0.7563027739524841,1,0.6299205422401428,1,0.987686812877655,1,0.7925976514816284
1,0.3343729078769684,1,0.0595519803464412,1,0.3010428547859192,1,0.1741358190774917
1,0.2291518300771713,1,0.9180994033813475,1,0.0462585426867008,1,0.2092040330171585
1,0.3901181817054748,1,0.9262041449546814,1,0.5662596225738525,1,0.0814591720700264
1,0.7343611121177673,1,0.8658977746963501,1,0.9709544777870178,1,0.3192642629146576
1,0.7461211681365967,1,0.4930319786071777,1,0.8357254862785339,1,0.5763773322105408
1,0.3765207529067993,1,0.3340000510215759,1,0.5786561369895935,1,0.4110212326049804
1,0.8149055242538452,1,0.6937693953514099,1,0.9277838468551636,1,0.8766606450080872
1,0.5471751093864441,1,0.337660014629364,1,0.039440631866455,1,0.218002051115036
1,0.1325048059225082,1,0.1616909950971603,1,0.0336583293974399,1,0.0868744477629661
1,0.657076358795166,1,0.6120186448097229,1,0.3019449412822723,1,0.31606125831604
1,0.2244617491960525,1,0.1614396423101425,1,0.9968055486679076,1,0.5118141174316406
1,0.5222256779670715,1,0.4637119770050049,1,0.4480114579200744,1,0.8225210905075073
1,0.8121074438095093,1,0.5883578062057495,1,0.7691320776939392,1,0.9428931474685668
1,0.0699423104524612,1,0.1948952078819275,1,0.7863026857376099,1,0.077410839498043
1,0.9903027415275574,1,0.9613395929336548,1,0.9992081522941588,1,0.9697778820991516
0,0.0417897067964077,0,0.0565282441675663,0,0.1292245388031005,0,0.0989476442337036
0,0.0028927603270858,0,0.0070129809901118,0,0.0009170704870484,0,0.002558269072324
0,0.0006046750932,0,0.0071225585415959,0,0.0001153142002294,0,0.0004133023321628
0,0.0007170095923356,0,0.0065287402831017,0,0.000274386111414,0,0.003156297840178
0,0.0017726126825436,0,0.0097494311630725,0,0.0247597023844718,0,0.0202767346054315
0,0.876797080039978,0,0.6849759221076965,0,0.7866113781929016,0,0.7759720087051392
0,0.0023670773953199,0,0.0048709525726735,0,0.0077099669724702,0,0.007711564656347
0,0.8127009272575378,0,0.502513587474823,0,0.8914002180099487,0,0.4542915523052215
0,0.0199916865676641,0,0.0108496146276593,0,0.0162088256329298,0,0.0060508539900183
0,0.023350678384304,0,0.0446391850709915,0,0.0024975615087896,0,0.0152603602036833
0,0.0269627682864666,0,0.0223287306725978,0,0.0055450345389544,0,0.2568971514701843
0,0.1495049893856048,0,0.0481977015733718,0,0.0105296475812792,0,0.0187383722513914
0,0.5680605173110962,0,0.8346742987632751,0,0.9844120144844056,0,0.8077781200408936
0,0.0894535928964614,0,0.1418014168739318,0,0.5838361382484436,0,0.0139607638120651
0,0.0615807957947254,0,0.4069852828979492,0,0.3472016751766205,0,0.5536941885948181
0,0.0864668563008308,0,0.1057619154453277,0,0.111373983323574,0,0.03103300742805
0,0.0379557274281978,0,0.0942978113889694,0,0.0586512461304664,0,0.0069338297471404
0,0.0641229748725891,0,0.0790839418768882,0,0.1329458057880401,0,0.0176556091755628
0,0.0129973720759153,0,0.1709198951721191,0,0.0033758487552404,0,0.0078577399253845
0,0.0736589580774307,0,0.0982138887047767,0,0.0446577034890651,0,0.0163328703492879
0,0.5611132383346558,0,0.1984127908945083,0,0.3856112957000732,0,0.2154412865638733
0,0.3018107712268829,0,0.1881342232227325,0,0.3266624808311462,0,0.316976249217987
0,0.9271044731140136,0,0.9536342024803162,0,0.9715008735656738,0,0.9202311635017396
0,0.0033767134882509,0,0.0071717496030032,0,0.0005580624565482,0,0.0077862255275249
0,0.1291956603527069,0,0.0989817306399345,0,0.0529804788529872,0,0.0315318778157234
0,0.4912054240703583,0,0.2942180037498474,0,0.2333535104990005,0,0.073288045823574
0,0.2499089837074279,0,0.0910633131861686,0,0.8944761753082275,0,0.1788244694471359
0,0.1484504789113998,0,0.513263463973999,0,0.5703926086425781,0,0.1369585245847702
0,0.2754564881324768,0,0.368734747171402,0,0.4729713201522827,0,0.4570945799350738
0,0.0753915235400199,0,0.090796522796154,0,0.0065813986584544,0,0.0218026917427778
0,0.3988449871540069,0,0.0263506360352039,0,0.0022702072747051,0,0.0181326139718294
0,0.0052901841700077,0,0.008543006144464,0,0.0057480656541883,0,0.0102606816217303
0,0.0055069467052817,0,0.0367014892399311,0,0.0074260174296796,0,0.0056000063195824
0,0.017160840332508,0,0.1198664382100105,0,0.6567159295082092,0,0.080207847058773
0,0.0053972075693309,0,0.0192857291549444,0,0.0009814837248995,0,0.0042048282921314
0,0.002312074182555,0,0.0570000633597373,0,0.0024059067945927,0,0.003197991522029
0,0.0017480995738878,0,0.0075553208589553,0,0.0011442243121564,0,0.0006187965627759
0,0.0004261278372723,0,0.0893551632761955,0,0.0007523678359575,0,0.002039284678176
0,0.0116874007508158,0,0.0185363162308931,0,0.0274701826274395,0,0.0052589261904358
0,0.0015074176480993,0,0.0437469817698001,0,0.000417423172621,0,0.0219701752066612
0,0.0016597977373749,0,0.011222431436181,0,0.0012549058301374,0,0.0016578584909439
0,0.0056257764808833,0,0.2737941145896911,0,0.0168256014585495,0,0.0560085289180278
0,0.0203909054398536,0,0.0288348719477653,0,0.021808473393321,0,0.0081519754603505
0,0.0012375771766528,0,0.0058221924118697,0,0.000814021739643,0,0.0110881859436631
0,0.0014225738123059,0,0.0669402182102203,0,0.0006135844741947,0,0.0104828616604208
0,0.0008597057894803,0,0.0077559323981404,0,0.0013872543349862,0,0.0008864351548254
0,0.0309167299419641,0,0.0377542525529861,0,0.2457811832427978,0,0.0685860887169838
0,0.7760202884674072,0,0.3008669018745422,0,0.0738744437694549,0,0.1213869601488113
0,0.0114482995122671,0,0.0062465495429933,0,0.047079287469387,0,0.0309811830520629
0,0.4876407086849212,0,0.0835580676794052,0,0.9018902778625488,0,0.242383673787117
0,0.2243477702140808,0,0.1056181788444519,0,0.5331094861030579,0,0.0260918494313955
0,0.0156900342553854,0,0.0091472780331969,0,0.012757608667016,0,0.0176658648997545
0,0.0744455829262733,0,0.0624613687396049,0,0.929906129837036,0,0.1507409811019897
0,0.1772658228874206,0,0.0710430294275283,0,0.9588904976844788,0,0.2097675651311874
0,0.4778347611427307,0,0.0573763400316238,0,0.0060038599185645,0,0.0172196421772241
0,0.4309223592281341,0,0.035950519144535,0,0.0075784530490636,0,0.0143943596631288
0,0.5857441425323486,0,0.0674061626195907,0,0.030406180769205,0,0.0510775595903396
0,0.001452688477002,0,0.011283322237432,0,0.0005695739528164,0,0.0021070393268018
0,0.0012034618994221,0,0.0080969883129,0,0.0013925663661211,0,0.0020174300298094
0,0.0113723669201135,0,0.0192258153110742,0,0.0003724044072441,0,0.0104861464351415
0,0.0035623954609036,0,0.0087089426815509,0,0.0005720565095543,0,0.0199339780956506
0,0.0074110310524702,0,0.0185994412750005,0,0.1087560355663299,0,0.0445131435990333
0,0.0040481253527104,0,0.0201140120625495,0,0.0129514634609222,0,0.0292647071182727
0,0.0050899111665785,0,0.0092829205095767,0,0.0009228336857631,0,0.0148716801777482
0,0.0053156027570366,0,0.0129249244928359,0,0.6184597611427307,0,0.050267145037651
0,0.0089007513597607,0,0.0045888535678386,0,0.0003586025559343,0,0.0011443539988249
0,0.0025262308772653,0,0.0046878545545041,0,0.0003588004037737,0,0.0012825031299144
0,0.0006816809182055,0,0.0114878686144948,0,0.0006573456339538,0,0.0018303467659279
0,0.0133453058078885,0,0.0086436178535223,0,0.0016435667639598,0,0.000830199336633
0,0.000808649812825,0,0.0107365753501653,0,0.0002806783595588,0,0.0026504111010581
0,0.7971788644790649,0,0.409462034702301,0,0.918245792388916,0,0.8577474355697632
0,0.0002882723347283,0,0.0153281958773732,0,0.0031812600791454,0,0.0004729745851363
0,0.0107324887067079,0,0.0092311976477503,0,0.0010469537228345,0,0.0008385589462704
0,0.1249894052743911,0,0.1195291206240654,0,0.1249845027923584,0,0.02697822637856
0,0.0517058707773685,0,0.0862319618463516,0,0.1414024233818054,0,0.0330662131309509
0,0.0198228172957897,0,0.0210376717150211,0,0.0012478419812396,0,0.0024474372621625
0,0.5906974673271179,0,0.2685712873935699,0,0.9252627491950988,0,0.6452722549438477
0,0.4777017533779144,0,0.2395401298999786,0,0.6177642941474915,0,0.2079234421253204
0,0.275054782629013,0,0.1525153815746307,0,0.2362556904554367,0,0.2914831340312958
0,0.4541850090026855,0,0.2220115512609481,0,0.1094908788800239,0,0.3132532238960266
0,0.3266375064849853,0,0.3864543437957763,0,0.4060423672199249,0,0.5434479713439941
0,0.248515710234642,0,0.2767360806465149,0,0.0758031085133552,0,0.4391091763973236
0,0.0090520000085234,0,0.0055805048905313,0,0.001295453403145,0,0.0002909270115196
0,0.0208596885204315,0,0.0207517780363559,0,0.0082369931042194,0,0.0010271486826241
0,0.0236770175397396,0,0.0370169840753078,0,0.0109546324238181,0,0.0012628344120457
0,0.4754470884799957,0,0.4136412143707275,0,0.8669193387031555,0,0.2800650596618652
0,0.0626434981822967,0,0.0105987079441547,0,0.0001845113147282,0,0.0003787875757552
0,0.0433506779372692,0,0.1104838475584983,0,0.8949034214019775,0,0.2184907793998718
0,0.1846179813146591,0,0.0675803795456886,0,0.9056068062782288,0,0.6445013880729675
0,0.0435309372842311,0,0.0737883150577545,0,0.0408821664750576,0,0.0106149613857269
0,0.008961253799498,0,0.0370025746524333,0,0.0036866159643977,0,0.0081962468102574
0,0.0040350370109081,0,0.0137475430965423,0,0.0017926133004948,0,0.0796113237738609
0,0.0016536327311769,0,0.0048015178181231,0,0.0077622286044061,0,0.0503715015947818
0,0.0016307319747284,0,0.0044140717945992,0,0.000884904351551,0,0.0143486717715859
0,0.0032626853790134,0,0.0091677298769354,0,0.0067971739917993,0,0.0044121779501438
0,0.0048214895650744,0,0.0079578980803489,0,0.0066025732085108,0,0.0388566143810749
0,0.1330182999372482,0,0.1185144037008285,0,0.2945037484169006,0,0.2163363397121429
0,0.0406387113034725,0,0.0648899674415588,0,0.0170416254550218,0,0.0054024602286517
0,0.3013153672218323,0,0.1048331633210182,0,0.1508222371339798,0,0.0259104706346988
0,0.1420615166425705,0,0.0769407674670219,0,0.0527582690119743,0,0.4730720520019531
0,0.0389450751245021,0,0.0258054435253143,0,0.2869043946266174,0,0.3421648442745209
0,0.0004165892023593,0,0.0136967031285166,0,0.0008685427019372,0,0.0005478989332914
0,0.0106772296130657,0,0.0398006178438663,0,0.0335369259119033,0,0.030960664153099
0,0.033635351806879,0,0.0390466637909412,0,0.001994146965444,0,0.0041917255148291
0,0.0670347213745117,0,0.0233786180615425,0,0.026735970750451,0,0.0945789664983749
0,0.1425291299819946,0,0.0043044900521636,0,0.744428277015686,0,0.006165622267872
0,0.1648745685815811,0,0.0232344176620244,0,0.0999034568667411,0,0.1597320586442947
0,0.0242030080407857,0,0.0268484316766262,0,0.0006917300634086,0,0.0023034128826111
0,0.1096158698201179,0,0.0260853916406631,0,0.0332797467708587,0,0.1022601276636123
0,0.3155717253684997,0,0.5781565308570862,0,0.9946605563163756,0,0.8939194679260254
0,0.0827593058347702,0,0.116534523665905,0,0.979132354259491,0,0.6625984907150269
0,0.0059884255751967,0,0.0096461530774831,0,0.0005588841158896,0,0.0027908205520361
0,0.003200439736247,0,0.0230451319366693,0,0.0019451178377494,0,0.0285354014486074
0,0.0046052709221839,0,0.0097402427345514,0,0.0015302698593586,0,0.0038299323059618
0,0.0023705719504505,0,0.0215351209044456,0,0.0079824198037385,0,0.0172420740127563
0,0.0032854459714144,0,0.0047988956794142,0,0.0152511410415172,0,0.0026439842768013
0,0.0018423690926283,0,0.0335141755640506,0,0.0077817584387958,0,0.0060560815036296
0,0.0005174262914806,0,0.0088063748553395,0,0.0009946873178705,0,0.0049098203890025
0,0.014032058417797,0,0.0073822368867695,0,0.0178533270955085,0,0.0247869659215211
0,0.1087972596287727,0,0.1065677776932716,0,0.3889502584934234,0,0.0338443219661712
0,0.0004411904665175,0,0.0032230787910521,0,0.0014399559004232,0,0.0026134080253541
0,0.1407620459794998,0,0.2131527066230774,0,0.0945585444569587,0,0.0355181954801082
0,0.0014397016493603,0,0.0068024555221199,0,0.0008197489078156,0,0.0102702938020229
0,0.00034517122549,0,0.0067099621519446,0,0.0005882627447135,0,0.0051548182964324
0,0.0063212704844772,0,0.008621891029179,0,0.0013722641160711,0,0.0013053535949438
0,0.010124116204679,0,0.0419770367443561,0,0.0241989679634571,0,0.0059487479738891
0,0.0052222851663827,0,0.0076734125614166,0,0.0004407066735439,0,0.0013362799072638
0,0.0002771559811662,0,0.0052797482348978,0,0.0002509361656848,0,0.001223946455866
0,0.0113735413178801,0,0.0186817683279514,0,0.0215021390467882,0,0.0027127850335091
0,0.0082940449938178,0,0.0217545125633478,0,0.0042936210520565,0,0.0293557532131671
0,0.0052844057790935,0,0.0180849190801382,0,0.0022059564944356,0,0.0054113427177071
0,0.4512963593006134,0,0.21636663377285,0,0.0332960113883018,0,0.0635904967784881
0,0.1397551447153091,0,0.3721520006656647,0,0.3812294602394104,0,0.0969333574175834
0,0.006610935088247,0,0.0706687495112419,0,0.0012983109336346,0,0.6174958944320679
0,0.097778670489788,0,0.1116250082850456,0,0.2076161205768585,0,0.6371085047721863
0,0.0088749565184116,0,0.0616048537194728,0,0.0284016877412796,0,0.0513710901141166
0,0.0078853564336895,0,0.0583894066512584,0,0.0077445949427783,0,0.0242679957300424
0,0.0066442340612411,0,0.0468349307775497,0,0.0110870711505413,0,0.0200980994850397
0,0.0897067561745643,0,0.1695869415998459,0,0.0268489457666873,0,0.0172205455601215
0,0.0596835017204284,0,0.0146435648202896,0,0.7941814064979553,0,0.0312987379729747
0,0.1565552353858947,0,0.3991433084011078,0,0.1614850908517837,0,0.2605980634689331
0,0.3088222146034241,0,0.4015369117259979,0,0.7595499157905579,0,0.0650717467069625
0,0.0312318541109561,0,0.004453947301954,0,0.8007413744926453,0,0.0370271354913711
0,0.0186634082347154,0,0.3025748133659363,0,0.3687147796154022,0,0.2769691050052643
0,0.4823210537433624,0,0.2730395197868347,0,0.3970970213413238,0,0.0135326124727725
0,0.0376297384500503,0,0.0096394084393978,0,0.7966936230659485,0,0.0284438002854585
0,0.0954980105161666,0,0.0233571548014879,0,0.0338847748935222,0,0.0540014244616031
0,0.8063746094703674,0,0.7008517384529114,0,0.9927722811698914,0,0.3820064961910248
0,0.6027028560638428,0,0.5179342031478882,0,0.94878351688385,0,0.4568476378917694
0,0.806901216506958,0,0.7519866824150085,0,0.9838297963142396,0,0.6005556583404541
0,0.0093504600226879,0,0.0275769960135221,0,0.0478023327887058,0,0.0022257610689848
0,0.0080014569684863,0,0.0188223123550415,0,0.0139789842069149,0,0.0014198943972587
0,0.0138480495661497,0,0.0163513589650392,0,0.008111136034131,0,0.0020392779260873
0,0.0593542270362377,0,0.0256192218512296,0,0.0060742306523025,0,0.0036797341890633
0,0.053053043782711,0,0.0230845194309949,0,0.0042923185974359,0,0.0036525819450616
0,0.0850887596607208,0,0.0352952256798744,0,0.0042713116854429,0,0.0101118711754679
0,0.0655990019440651,0,0.0214522518217563,0,0.0375624187290668,0,0.0258627999573946
0,0.6388899087905884,0,0.1350588500499725,0,0.2383517324924469,0,0.8523811101913452
0,0.1803213357925415,0,0.0877564996480941,0,0.0565232709050178,0,0.0326934233307838
0,0.0315106622874736,0,0.0093992296606302,0,0.5565890073776245,0,0.0491970032453537
0,0.0022855829447507,0,0.0196786168962717,0,0.0096272937953472,0,0.0024031456559896
0,0.0254445895552635,0,0.0341491550207138,0,0.0095887938514351,0,0.0501127913594245
0,0.6884921789169312,0,0.4046379625797272,0,0.1228177547454834,0,0.3801644444465637
0,0.0379925370216369,0,0.0637572333216667,0,0.2070928663015365,0,0.0150203201919794
0,0.0084185637533664,0,0.0072924043051898,0,0.0015917404089123,0,0.01480183750391
0,0.0007976905326358,0,0.0235877875238657,0,0.0026550677139312,0,0.0017644118051975
0,0.5201398730278015,0,0.1423723846673965,0,0.8994870185852051,0,0.710254430770874
0,0.0016016825102269,0,0.0023461661767214,0,0.0007721370784565,0,0.001670068828389
0,0.6526463031768799,0,0.240279421210289,0,0.375762790441513,0,0.4273960292339325
0,0.0246916990727186,0,0.0832833275198936,0,0.1849680691957473,0,0.0127133866772055
0,0.0022985972464084,0,0.0073121208697557,0,0.0013941063079982,0,0.0052634458988904
0,0.0009448810014873,0,0.015448766760528,0,0.0020047714933753,0,0.0020015009213238
0,0.0063571040518581,0,0.0124501399695873,0,0.0026646913029253,0,0.0453063286840915
0,0.745894730091095,0,0.1924591362476349,0,0.0405808389186859,0,0.3204861581325531
0,0.1282034814357757,0,0.4041947722434997,0,0.0285145547240972,0,0.0706814900040626
0,0.0271921288222074,0,0.1314389854669571,0,0.0114890811964869,0,0.0795261114835739
0,0.0009287471184507,0,0.0225481204688549,0,0.001658265478909,0,0.0035174502991139
0,0.0008959339465945,0,0.0308243911713361,0,0.0037008863873779,0,0.0059122429229319
0,0.0257925596088171,0,0.0212356932461261,0,0.0058328723534941,0,0.0061061223968863
0,0.0725139528512954,0,0.0439228452742099,0,0.3231743574142456,0,0.0053113661706447
0,0.343400239944458,0,0.3872133195400238,0,0.7109451293945312,0,0.3180798888206482
0,0.6847671866416931,0,0.5841633677482605,0,0.3440268039703369,0,0.4593371450901031
0,0.0086921956390142,0,0.0314497090876102,0,0.0259870085865259,0,0.0166250616312026
0,0.0512560307979583,0,0.467344731092453,0,0.2192082703113556,0,0.373613566160202
0,0.0317322984337806,0,0.0049163363873958,0,0.0042692963033914,0,0.0199227165430784
0,0.0396534092724323,0,0.1407539099454879,0,0.0433666296303272,0,0.3499970138072967
0,0.0122215840965509,0,0.0345230475068092,0,0.0903875976800918,0,0.0072479168884456
0,0.0795584022998809,0,0.0049503622576594,0,0.0297346860170364,0,0.0169522687792778
0,0.0527503080666065,0,0.4414379000663757,0,0.1954728960990905,0,0.2472111731767654
0,0.0445432476699352,0,0.1251741498708725,0,0.0698543414473533,0,0.2235693633556366
0,0.0371373891830444,0,0.0322288386523723,0,0.068056508898735,0,0.0192992128431797
0,0.0679157823324203,0,0.1430773586034774,0,0.5903893709182739,0,0.0946250557899475
0,0.0417527332901954,0,0.0077093034051358,0,0.0021315475460141,0,0.0152412848547101
0,0.0937603190541267,0,0.1760119497776031,0,0.0167586132884025,0,0.2289357781410217
0,0.0116543779149651,0,0.0161046646535396,0,0.0005290617700666,0,0.0052113574929535
0,0.0597590468823909,0,0.0084955552592873,0,0.0071416865102946,0,0.0437213629484176
0,0.010882107540965,0,0.0245324671268463,0,0.0008218074217438,0,0.0197572596371173
0,0.3545064032077789,0,0.1082762852311134,0,0.454066514968872,0,0.0090068196877837
0,0.0325103774666786,0,0.0792963728308677,0,0.0007833413546904,0,0.3229028582572937
0,0.0156874954700469,0,0.0079918801784515,0,0.0019283996662124,0,0.0426952876150608
0,0.6411259174346924,0,0.5808283686637878,0,0.8420854210853577,0,0.4458934068679809
0,0.009764164686203,0,0.0212604142725467,0,0.0164875425398349,0,0.052093282341957
0,0.0011220050510019,0,0.0118264369666576,0,0.0007519778446294,0,0.0036894092336297
0,0.0875264704227447,0,0.1255738586187362,0,0.0105046182870864,0,0.053180031478405
0,0.0045626191422343,0,0.0039664465002715,0,0.0077169011346995,0,0.0011937932576984
0,0.050155472010374,0,0.0864741206169128,0,0.0206716358661651,0,0.0743741020560264
0,0.0015425985911861,0,0.0218736603856086,0,0.0011608612257987,0,0.0267852749675512
0,0.1094579771161079,0,0.1821588724851608,0,0.0128525020554661,0,0.0394623987376689
0,0.0097022661939263,0,0.0316884703934192,0,0.0137693807482719,0,0.0284230355173349
0,0.0017487943405285,0,0.0198449455201625,0,0.0020723664201796,0,0.0194449797272682
0,0.0022644072305411,0,0.0068887798115611,0,0.0008742890204302,0,0.0045349448919296
0,0.0536715164780616,0,0.2785570025444031,0,0.7573789358139038,0,0.0315004177391529
0,0.0143394777551293,0,0.0268538501113653,0,0.0068327505141496,0,0.0169281680136919
0,0.0046593211591243,0,0.0120421722531318,0,0.0025567647535353,0,0.0063586095348
0,0.0268673431128263,0,0.3505676686763763,0,0.8976612687110901,0,0.0256608258932828
0,0.001936481683515,0,0.0370787531137466,0,0.0098920939490199,0,0.0056490739807486
0,0.1214628294110298,0,0.0717676505446434,0,0.9668247699737548,0,0.2061672806739807
0,0.1938725709915161,0,0.1700918674468994,0,0.1021029129624366,0,0.0337453968822956
0,0.4309734106063843,0,0.088399164378643,0,0.0205221381038427,0,0.0294979456812143
0,0.0009534995770081,0,0.0083099724724888,0,0.0007453020079992,0,0.0002775799075607
0,0.0014464185805991,0,0.0018610752886161,0,0.0017850844888016,0,0.0003665581170935
0,0.1217553541064262,0,0.0091481078416109,0,0.3329519927501678,0,0.0460415557026863
0,0.1965796649456024,0,0.2631708681583404,0,0.017503997310996,0,0.1853164583444595
0,0.0129535542801022,0,0.0082961870357394,0,0.0247974917292594,0,0.0629819631576538
0,0.019646406173706,0,0.0123796155676245,0,0.1411982774734497,0,0.2000349909067154
0,0.0417061708867549,0,0.0787998512387275,0,0.2653246819972992,0,0.0669882893562316
0,0.0013888982357457,0,0.0039772666059434,0,0.0034903103951364,0,0.0218208339065313
0,0.0036643696948885,0,0.0042104166932404,0,0.0383221134543418,0,0.054980095475912
0,0.0021939987782388,0,0.0071834316477179,0,0.0030699097551405,0,0.0081754466518759
0,0.0123074911534786,0,0.0216102916747331,0,0.057240106165409,0,0.0007686818717047
0,0.0016534989699721,0,0.0064429603517055,0,0.0004928632988594,0,0.005333540495485
0,0.0034145747777074,0,0.0348076187074184,0,0.0006151634152047,0,0.0004436261369846
0,0.0869847610592842,0,0.0614475905895233,0,0.0567547492682933,0,0.0022216220386326
0,0.0078426916152238,0,0.0081509919837117,0,0.0007707043550908,0,0.000451497384347
0,0.2911178171634674,0,0.1004567667841911,0,0.2533561587333679,0,0.1732582300901413
0,0.0048243249766528,0,0.0291739292442798,0,0.001264744088985,0,0.0014630235964432
0,0.0041701928712427,0,0.0345288626849651,0,0.0015988545492291,0,0.0019591136369854
0,0.161650002002716,0,0.0581819675862789,0,0.2619686424732208,0,0.1577984541654586
0,0.2512132525444031,0,0.4418056607246399,0,0.8796233534812927,0,0.2746935784816742
0,0.3194620311260223,0,0.4350914359092712,0,0.0413051135838031,0,0.5538267493247986
0,0.0109487697482109,0,0.0126098841428756,0,0.0078513184562325,0,0.0610568262636661
0,0.0144278984516859,0,0.0249127801507711,0,0.0053781410679221,0,0.0066384365782141
0,0.083112820982933,0,0.0664193257689476,0,0.3036494851112366,0,0.3359071612358093
0,0.0102225793525576,0,0.0096130920574069,0,0.027744248509407,0,0.0090496819466352
0,0.1068575009703636,0,0.1736780703067779,0,0.5429622530937195,0,0.5235216021537781
0,0.0070742783136665,0,0.0064424448646605,0,0.0105358054861426,0,0.0013180344831198
0,0.0364810489118099,0,0.1246587112545967,0,0.9309343099594116,0,0.2138938307762146
1,0.7451564073562622,1,0.3016073405742645,1,0.9960748553276062,1,0.870281457901001
1,0.0087430039420723,1,0.0752149447798729,1,0.0246659461408853,1,0.1117687076330185
1,0.2856798768043518,1,0.7083473801612854,1,0.8610674738883972,1,0.387920469045639
1,0.525415301322937,1,0.7414134740829468,1,0.9929089546203612,1,0.7657148241996765
1,0.8020135760307312,1,0.7232218980789185,1,0.9981582760810852,1,0.8827332854270935
1,0.1386690437793731,1,0.0907721742987632,1,0.0266106892377138,1,0.0266675893217325
1,0.064938798546791,1,0.0641446858644485,1,0.1056204959750175,1,0.0140378717333078
1,0.2251822650432586,1,0.1209745556116104,1,0.1651282906532287,1,0.0555578097701072
1,0.1066508591175079,1,0.0357847735285759,1,0.5245968103408813,1,0.5268949866294861
1,0.1014367491006851,1,0.018445810303092,1,0.7773285508155823,1,0.5284169912338257
1,0.3044096231460571,1,0.069632776081562,1,0.9669283032417296,1,0.6220358610153198
1,0.2784467935562134,1,0.3159563541412353,1,0.3428811728954315,1,0.5872901082038879
1,0.7343828678131104,1,0.5602467656135559,1,0.8248798847198486,1,0.4798273146152496
1,0.0061169662512838,1,0.037907388061285,1,0.0024689186830073,1,0.0009894374525174
1,0.8689876198768616,1,0.9099400639533995,1,0.9923496246337892,1,0.8721783757209778
1,0.9527938961982728,1,0.7696477174758911,1,0.98655903339386,1,0.9256770014762878
1,0.7938647866249084,1,0.7064588069915771,1,0.5861712694168091,1,0.9110610485076904
1,0.8807359337806702,1,0.6788495182991028,1,0.4094088077545166,1,0.8116593360900879
1,0.002024081768468,1,0.0097304787486791,1,0.0015335921198129,1,0.0023752497509121
1,0.4060469269752502,1,0.3125751614570617,1,0.9860315322875975,1,0.686650276184082
1,0.3222768306732178,1,0.4152710437774658,1,0.861556351184845,1,0.0949634984135627
0,0.0039686057716608,0,0.0335981287062168,0,0.0015432252548635,0,0.0107722021639347
0,0.0034383537713438,0,0.0471738390624523,0,0.0046115485019981,0,0.0146101359277963
0,0.1141582801938057,0,0.0156539399176836,0,0.0084755644202232,0,0.293904036283493
0,0.006663376931101,0,0.0184181965887546,0,0.0016302523436024,0,0.0031251767650246
0,0.0085696429014205,0,0.0103793228045105,0,0.0014734889846295,0,0.0043387855403125
0,0.0011523349676281,0,0.0112801054492592,0,0.0292698182165622,0,0.0076152044348418
0,0.0015717631904408,0,0.0602998062968254,0,0.0049516097642481,0,0.0127825736999511
0,0.0283884033560752,0,0.2832395136356354,0,0.0055974498391151,0,0.1309399455785751
0,0.0091981375589966,0,0.0071135140024125,0,0.0123495692387223,0,0.5420733690261841
0,0.1552483439445495,0,0.0828684717416763,0,0.6223769187927246,0,0.2319389134645462
0,0.0587034597992897,0,0.0521977618336677,0,0.009291891939938,0,0.0273828972131013
0,0.069346860051155,0,0.0430065505206584,0,0.0047662365250289,0,0.0326322354376316
0,0.0200177915394306,0,0.1458292305469513,0,0.0916889756917953,0,0.0288345180451869
0,0.0141590610146522,0,0.2222348004579544,0,0.2971051335334778,0,0.0597011670470237
0,0.6982889771461487,0,0.382286936044693,0,0.839414119720459,0,0.6463037729263306
0,0.672981321811676,0,0.5178818106651306,0,0.6855747103691101,0,0.7445270419120789
0,0.7438578009605408,0,0.5422268509864807,0,0.0752941966056823,0,0.44210946559906
0,0.6663513779640198,0,0.4409122765064239,0,0.8563857674598694,0,0.8193774819374084
0,0.5443322062492371,0,0.2690783143043518,0,0.1836211532354354,0,0.4322806298732757
0,0.2352973967790603,0,0.4610812067985534,0,0.8715630769729614,0,0.7907216548919678
0,0.0504321865737438,0,0.01443537697196,0,0.4945765137672424,0,0.1668275594711303
0,0.1748738288879394,0,0.2066818475723266,0,0.026634681969881,0,0.0204872395843267
0,0.0251328982412815,0,0.0218856148421764,0,0.0001278965501114,0,0.0006312564364634
0,0.2776286005973816,0,0.3287521004676819,0,0.5431052446365356,0,0.6800549030303955
0,0.0261978451162576,0,0.0144183067604899,0,0.2657466828823089,0,0.3254991173744201
0,0.1052855253219604,0,0.1019741371273994,0,0.1001130044460296,0,0.0207976810634136
0,0.258743941783905,0,0.086856223642826,0,0.4594467878341675,0,0.7624520659446716
0,0.116110511124134,0,0.0493935160338878,0,0.0002217745059169,0,0.0022220343817025
0,0.0207321215420961,0,0.0072558806277811,0,0.0030158010777086,0,0.0036168138030916
0,0.0022820702288299,0,0.0069617847912013,0,0.0125186443328857,0,0.0086717624217271
0,0.0019544081296771,0,0.016297286376357,0,0.0118937529623508,0,0.0085697276517748
0,0.0127075091004371,0,0.0076172691769897,0,0.0090620918199419,0,0.0062271826900541
0,0.0047310199588537,0,0.0678648129105568,0,0.1345399469137191,0,0.0701913833618164
0,0.7719064354896545,0,0.3951290845870971,0,0.8133925795555115,0,0.1284234076738357
0,0.770089864730835,0,0.5682660937309265,0,0.4945105612277984,0,0.5497865080833435
0,0.2954911887645721,0,0.1938370019197464,0,0.0988499298691749,0,0.1513718962669372
0,0.4781794250011444,0,0.1784457713365554,0,0.0543474480509758,0,0.1943713575601577
0,0.0003554967406671,0,0.0058414284139871,0,0.0015484448522329,0,0.0005869751912541
0,0.002816345077008,0,0.0355467684566974,0,0.0008696867735125,0,0.0049268729053437
0,0.0048878518864512,0,0.0027008680626749,0,0.0003023910685442,0,0.0004280359717085
0,0.005110930185765,0,0.0209780633449554,0,0.0018369969911873,0,0.019428526982665
0,0.0003534356947056,0,0.0051008611917495,0,0.0011565334862098,0,0.0015282685635611
0,0.0102974381297826,0,0.005278734024614,0,0.0695048198103904,0,0.001766892732121
0,0.0011690964456647,0,0.0218176655471324,0,0.0028575637843459,0,0.0018385471776127
0,0.0015816011000424,0,0.0015840326668694,0,0.0005127798649482,0,6.506768113467842e-05
0,0.007612538523972,0,0.0069209085777401,0,0.0011651407694444,0,0.003366652643308
0,0.0004262952134013,0,0.0054771699942648,0,0.0035445308312773,0,0.0009884240571409
0,0.8133144974708557,0,0.1951811164617538,0,0.9914093613624572,0,0.3778477311134338
0,0.0042654303833842,0,0.0097302533686161,0,0.0005157293053343,0,0.0015072383685037
0,0.6193642616271973,0,0.1631812453269958,0,0.9643125534057616,0,0.3104621469974518
0,0.0065839369781315,0,0.0129475258290767,0,0.0004335043777246,0,0.0004626251757144
0,0.6863551735877991,0,0.3655945658683777,0,0.7878119945526123,0,0.3001414537429809
0,0.8896779417991638,0,0.8162631988525391,0,0.671320378780365,0,0.8425844311714172
0,0.771456778049469,0,0.8518773317337036,0,0.8446884751319885,0,0.363974392414093
0,0.0159429851919412,0,0.2878979742527008,0,0.0146771995350718,0,0.1389204263687133
0,0.0265778731554746,0,0.3516559600830078,0,0.0081775998696684,0,0.0103620775043964
0,0.0327075868844985,0,0.1228717863559722,0,0.0012934757396578,0,0.0231688041239976
0,0.6632274389266968,0,0.2305052280426025,0,0.9896233677864076,0,0.273630827665329
0,0.003077253466472,0,0.0248170718550682,0,0.0055171931162476,0,0.0058974111452698
0,0.004751622211188,0,0.0690280571579933,0,0.0034983765799552,0,0.0042075547389686
0,0.0300850830972194,0,0.0758687853813171,0,0.3694437742233276,0,0.1316935867071151
0,0.0049750721082091,0,0.0390672013163566,0,0.0345219671726226,0,0.0504365898668766
0,0.0220702812075614,0,0.0145531520247459,0,0.0014436691999435,0,0.0104976519942283
0,0.0175725203007459,0,0.0494735240936279,0,0.0012677399208769,0,0.0129546038806438
0,0.0186288319528102,0,0.0477290451526641,0,0.0025622609537094,0,0.0266081281006336
0,0.0354238860309124,0,0.0311965439468622,0,0.3367590010166168,0,0.0123256482183933
0,0.3425541222095489,0,0.3823058307170868,0,0.3962836563587188,0,0.6351245641708374
0,0.0167420171201229,0,0.1407074630260467,0,0.66839599609375,0,0.0242655556648969
0,0.0053653973154723,0,0.1445367634296417,0,0.0064480016008019,0,0.0015698464121669
0,0.0010272200452163,0,0.1796045750379562,0,0.002008180366829,0,0.0013953496236354
0,0.2351933717727661,0,0.2118277102708816,0,0.914780855178833,0,0.5556700229644775
0,0.1047486439347267,0,0.1964280754327774,0,0.8810096383094788,0,0.4719206094741821
0,0.3341692090034485,0,0.2767001986503601,0,0.8667489886283875,0,0.4427437782287597
0,0.2625928819179535,0,0.1049538403749466,0,0.9819653630256652,0,0.1845367103815078
0,0.5541080236434937,0,0.2226165831089019,0,0.6292215585708618,0,0.2030230164527893
0,0.2937568724155426,0,0.2785587310791015,0,0.9881340861320496,0,0.0834538489580154
0,0.5733892917633057,0,0.4291509389877319,0,0.5547799468040466,0,0.464719295501709
0,0.717628538608551,0,0.442240446805954,0,0.9320682883262634,0,0.5260830521583557
0,0.3910268247127533,0,0.1990360170602798,0,0.2202445864677429,0,0.2279026508331298
0,0.3469414710998535,0,0.1720879524946212,0,0.9063809514045716,0,0.0368335880339145
0,0.0038652431685477,0,0.0126783186569809,0,0.0004012453428003,0,0.0059729563072323
0,0.0029029231518507,0,0.0089463759213685,0,0.0005341373616829,0,0.0099219717085361
0,0.0036900083068758,0,0.0325062423944473,0,0.0003457291459199,0,0.0107496194541454
0,0.0031320818234235,0,0.0348769277334213,0,0.0053370832465589,0,0.0088165123015642
0,0.004431021399796,0,0.2204454690217971,0,0.0006630580755881,0,0.0102722132578492
0,0.0009331804467365,0,0.01269091386348,0,0.0006168316467665,0,0.0020348276011645
0,0.0144134555011987,0,0.0165150128304958,0,0.0100237531587481,0,0.002378053497523
0,0.6825146079063416,0,0.5010263323783875,0,0.4312669932842254,0,0.5776621699333191
0,0.0573657900094985,0,0.046854306012392,0,0.0013219297397881,0,0.0543360002338886
0,0.0548205785453319,0,0.0578144900500774,0,0.0129203265532851,0,0.1020611375570297
0,0.0890992134809494,0,0.098359890282154,0,0.0206343792378902,0,0.0092649441212415
0,0.2333924174308776,0,0.0517259389162063,0,0.7748320698738098,0,0.3037738502025604
0,0.0909361019730568,0,0.2003567963838577,0,0.0107962023466825,0,0.1808942109346389
0,0.7658752202987671,0,0.7122685313224792,0,0.3111363053321838,0,0.4884831607341766
0,0.0121365375816822,0,0.1262984573841095,0,0.0988217294216156,0,0.1949667036533355
0,0.0646670386195182,0,0.2015528678894043,0,0.0607491917908191,0,0.1498310267925262
0,0.7779077887535095,0,0.7444795370101929,0,0.1519973427057266,0,0.4260584115982055
0,0.0486698932945728,0,0.1033412218093872,0,0.5954590439796448,0,0.297738641500473
0,0.1022652760148048,0,0.1508540213108062,0,0.0576866641640663,0,0.2481393814086914
0,0.7984213829040527,0,0.7694645524024963,0,0.1929106265306472,0,0.5183163285255432
0,0.1496660411357879,0,0.0531060844659805,0,0.045076236128807,0,0.0938786789774894
0,0.0395688414573669,0,0.0271199829876422,0,0.0174356624484062,0,0.0101726250723004
0,0.0370958223938941,0,0.0248830690979957,0,0.0051574716344475,0,0.0157837457954883
0,0.0286502726376056,0,0.0160696655511856,0,0.0321850851178169,0,0.0051669441163539
0,0.0073411762714385,0,0.0277716126292943,0,0.0275080278515815,0,0.0116724902763962
0,0.1921056061983108,0,0.0212262496352195,0,0.3857911229133606,0,0.5680275559425354
0,0.2315408885478973,0,0.02318243868649,0,0.1505238115787506,0,0.2601858079433441
0,0.0305180773138999,0,0.0322387181222438,0,0.0090375710278749,0,0.2692485451698303
0,0.012230722233653,0,0.0507882535457611,0,0.6468051671981812,0,0.0060322266072034
0,0.0031463948544114,0,0.0106125781312584,0,0.0003317065129522,0,0.0010835288558155
0,0.0037143256049603,0,0.120875597000122,0,0.0019428670639172,0,0.0011725404765456
0,0.2794500887393951,0,0.1523568481206894,0,0.0066622411832213,0,0.2562055587768554
0,0.0119577059522271,0,0.0204506758600473,0,0.0073984256014227,0,0.0052043586038053
0,0.002903472399339,0,0.0531397685408592,0,0.0003495167184155,0,0.0103634418919682
0,0.0037672976031899,0,0.1012096405029296,0,0.0014090368058532,0,0.0039345496334135
0,0.3869537711143493,0,0.3695201277732849,0,0.0657669901847839,0,0.2540705502033233
0,0.0191137734800577,0,0.0135553758591413,0,0.0749854072928428,0,0.0095043648034334
0,0.0043373629450798,0,0.0769157409667968,0,0.0011860936647281,0,0.0142047526314854
0,0.0062287263572216,0,0.0491500049829483,0,0.0006317613879218,0,0.0012084777699783
0,0.0232498440891504,0,0.0923579782247543,0,0.0010342465247958,0,0.0045102229341864
0,0.0031876899302005,0,0.0379849635064601,0,0.0889056846499443,0,0.0853048861026763
0,0.011440772563219,0,0.0906553193926811,0,0.0614664740860462,0,0.4952650964260101
0,0.1886266320943832,0,0.2676090598106384,0,0.1718059480190277,0,0.020497653633356
0,0.0191618464887142,0,0.0167591627687215,0,0.1091654002666473,0,0.0041621588170528
0,0.0469501614570617,0,0.0424328334629535,0,0.0467589274048805,0,0.0239178072661161
0,0.0364238135516643,0,0.5247401595115662,0,0.0597070679068565,0,0.1443379372358322
0,0.0168332699686288,0,0.0070460983552038,0,0.0093058617785573,0,0.0007384134223684
0,0.0096954060718417,0,0.0473612956702709,0,0.0004080832004547,0,0.0010246416786685
0,0.019957959651947,0,0.0309393312782049,0,0.0007998800720088,0,0.0043671065941452
0,0.010801694355905,0,0.0230232812464237,0,0.0002797566121444,0,0.0084400065243244
0,0.0014358897460624,0,0.0203024428337812,0,5.517828685697168e-05,0,0.0005191309028305
0,0.0025511889252811,0,0.076486587524414,0,0.0153337884694337,0,0.011230319738388
0,0.0065634348429739,0,0.0423147529363632,0,0.0024059205316007,0,0.0047748442739248
0,0.0043092891573905,0,0.0142406271770596,0,0.0001154179335571,0,0.0006270523881539
0,0.0019172017928212,0,0.0214172173291444,0,0.0005045643774792,0,0.0008500142721459
0,0.0600514747202396,0,0.0493185967206954,0,0.0093236686661839,0,0.0051290793344378
0,0.0187977515161037,0,0.0680801048874855,0,0.007086856290698,0,0.020867895334959
0,0.6839421987533569,0,0.5439507365226746,0,0.712452232837677,0,0.8746479153633118
0,0.0296450387686491,0,0.0551659539341926,0,0.2334255874156952,0,0.0063457312062382
0,0.0050051091238856,0,0.0872680842876434,0,0.0034211967140436,0,0.0041477242484688
0,0.0221146550029516,0,0.0818575322628021,0,0.2226278781890869,0,0.0036810664460062
0,0.0416911952197551,0,0.0389664284884929,0,0.1009275317192077,0,0.0139134116470813
0,0.014656133018434,0,0.0232371687889099,0,0.0051376540213823,0,0.0085369134321808
0,0.0186701174825429,0,0.048634547740221,0,0.365899920463562,0,0.0045856786891818
0,0.0097646312788128,0,0.0424162223935127,0,0.0047121187672019,0,0.0018415844533592
0,0.0071535878814756,0,0.0522389411926269,0,0.0060464446432888,0,0.0047403359785676
0,0.0437250137329101,0,0.1172482818365097,0,0.0063822069205343,0,0.1854752898216247
0,0.0346033498644828,0,0.1684719771146774,0,0.0021316215861588,0,0.2295605242252349
0,0.0113221146166324,0,0.0594775378704071,0,0.0094145145267248,0,0.0077576399780809
0,0.0295424275100231,0,0.1199453473091125,0,0.0047771874815225,0,0.0735373273491859
0,0.0824282094836235,0,0.0485914088785648,0,0.0051647508516907,0,0.0430407598614692
0,0.0321053676307201,0,0.0240720901638269,0,0.0113735944032669,0,0.0301494877785444
0,0.0154825551435351,0,0.0428707152605056,0,0.0234423074871301,0,0.023062003776431
0,0.0249897334724664,0,0.0332248471677303,0,0.0235349852591753,0,0.0209975522011518
0,0.0161085557192564,0,0.0331236645579338,0,0.0039542540907859,0,0.1201008483767509
0,0.0259451959282159,0,0.170208141207695,0,0.0221605636179447,0,0.1415420472621917
0,0.0098634036257863,0,0.1412186920642852,0,0.0081669520586729,0,0.0661029666662216
0,0.0229500476270914,0,0.0027258354239165,0,0.0968282893300056,0,0.0229640360921621
0,0.0234306566417217,0,0.19057697057724,0,0.2630670666694641,0,0.0585607625544071
0,0.6292474865913391,0,0.6073614358901978,0,0.6628495454788208,0,0.6588561534881592
0,0.0153022296726703,0,0.0882755070924758,0,0.0061277886852622,0,0.0036197160370647
0,0.0085230804979801,0,0.1426789462566375,0,0.0835147202014923,0,0.0121985729783773
0,0.0022278151009231,0,0.0063922656700015,0,0.0316828228533268,0,0.0122612752020359
0,0.0051725381053984,0,0.0297371484339237,0,0.0003697114007081,0,0.0252305548638105
0,0.0063711190596222,0,0.0048127938061952,0,0.0001761199964676,0,0.0009183777146972
0,0.0077112289145588,0,0.02631670050323,0,0.0058142626658082,0,0.0267685540020465
0,0.6464889645576477,0,0.7462587356567383,0,0.8847859501838684,0,0.8333912491798401
0,0.6607657074928284,0,0.6261262893676758,0,0.8957822322845459,0,0.8796835541725159
0,0.5838401317596436,0,0.896578311920166,0,0.984642207622528,0,0.8198785781860352
0,0.0015122066251933,0,0.0092633599415421,0,0.0002130552747985,0,0.0012170694535598
0,0.1162627190351486,0,0.3404633402824402,0,0.0111312055960297,0,0.0670487508177757
0,0.0117193171754479,0,0.0878021344542503,0,0.0682133361697197,0,0.0568323284387588
0,0.0394148640334606,0,0.3603112995624542,0,0.0188868027180433,0,0.3031060099601745
0,0.0105526251718401,0,0.2526997029781341,0,0.0185103192925453,0,0.1627505272626876
0,0.0216554887592792,0,0.0164918880909681,0,0.0017107396852225,0,0.0246333982795476
0,0.0151025438681244,0,0.0159474443644285,0,0.0033263002987951,0,0.0083434088155627
0,0.0091941235587,0,0.0338961817324161,0,0.0238462202250957,0,0.0147244129329919
0,0.00751189654693,0,0.0507627762854099,0,0.0941154733300209,0,0.0058768796734511
0,0.0156213650479912,0,0.076326660811901,0,0.4806978404521942,0,0.0085559440776705
0,0.0052432171069085,0,0.0411091856658458,0,0.0600424744188785,0,0.0029297459404915
0,0.0160329677164554,0,0.0161824394017457,0,0.0020176460966467,0,0.0133807891979813
0,0.4342081546783447,0,0.2262164950370788,0,0.8053350448608398,0,0.4475573599338531
0,0.049611397087574,0,0.0372287891805172,0,0.5694854855537415,0,0.4119887351989746
0,0.1827971935272216,0,0.0725358948111534,0,0.743920624256134,0,0.36412513256073
0,0.47051802277565,0,0.4308923184871673,0,0.7329680323600769,0,0.1243157237768173
0,0.0216479077935218,0,0.1711786836385727,0,0.1967559456825256,0,0.0430738404393196
0,0.0823080465197563,0,0.2135934084653854,0,0.3189403116703033,0,0.0698494762182235
0,0.0742931813001632,0,0.2404926270246505,0,0.7835115194320679,0,0.0585561767220497
0,0.2401768267154693,0,0.0472048185765743,0,0.0113155245780944,0,0.0145263951271772
0,0.531578540802002,0,0.4572636783123016,0,0.0978749543428421,0,0.2913906276226043
0,0.0041872235015034,0,0.0348401367664337,0,0.2095750719308853,0,0.0184587314724922
0,0.4881160259246826,0,0.5549151301383972,0,0.1291916072368621,0,0.2974056601524353
0,0.0060440748929977,0,0.0039900015108287,0,0.0018068668432533,0,0.0058322995901107
0,0.0031637796200811,0,0.0213678106665611,0,0.0153797902166843,0,0.1068409755825996
0,0.0008355196914635,0,0.0405175760388374,0,0.0005638435250148,0,0.0042673666030168
0,0.0036548906937241,0,0.0111558632925152,0,0.0050206137821078,0,0.0011086969170719
0,0.0087208477780222,0,0.0169796738773584,0,0.0103027326986193,0,0.1703447103500366
0,0.001822491758503,0,0.0226491875946521,0,0.0117745352908968,0,0.0058396589010953
0,0.0017448000144213,0,0.0095413206145167,0,0.0025045291986316,0,0.0007654793444089
0,0.0055304081179201,0,0.0172778647392988,0,0.0143629563972353,0,0.1008461043238639
0,0.0028409152291715,0,0.030680937692523,0,0.000853267207276,0,0.0052693057805299
0,0.031914085149765,0,0.226615160703659,0,0.0043739518150687,0,0.1069223880767822
0,0.2559141814708709,0,0.0531756356358528,0,0.4739294350147247,0,0.5642250180244446
0,0.1186776608228683,0,0.0342109650373458,0,0.4207402467727661,0,0.5340613722801208
0,0.1818462014198303,0,0.3568294048309326,0,0.938961923122406,0,0.066665694117546
0,0.0045349798165261,0,0.0362201035022735,0,0.0004288248601369,0,0.0014157297555357
0,0.0052874744869768,0,0.005356297828257,0,0.0003381104324944,0,0.0132668698206543
0,0.0024085119366645,0,0.0066972710192203,0,0.0007381967152468,0,0.0064407479949295
0,0.0109872631728649,0,0.0095884138718247,0,0.0161108467727899,0,0.0011366901453584
0,0.0338040329515934,0,0.0232090074568986,0,0.0037927778903394,0,0.0015125192003324
0,0.0130847245454788,0,0.015393522568047,0,0.0153081007301807,0,0.0016873633721843
0,0.0146484170109033,0,0.422493040561676,0,0.4761964976787567,0,0.0794593691825866
0,0.0022935713641345,0,0.0787299573421478,0,0.0038305891212075,0,0.0143679184839129
0,0.0059951874427497,0,0.0103734517470002,0,0.0005547474138438,0,0.0019063405925408
0,0.0110100656747818,0,0.0161572620272636,0,0.0029009680729359,0,0.0022228590678423
0,0.0056523773819208,0,0.1965879797935485,0,0.0670455172657966,0,0.0709704831242561
0,0.0722486078739166,0,0.0845247209072113,0,0.2460141479969024,0,0.4949003159999847
0,0.0136252054944634,0,0.0487688221037387,0,0.0246170368045568,0,0.0143721867352724
0,0.0629995241761207,0,0.1819431185722351,0,0.0044712359085679,0,0.1086592376232147
0,0.0113081326708197,0,0.0019171449821442,0,0.0005616114940494,0,0.0031850938685238
0,0.0021057822741568,0,0.0062708472833037,0,0.0004158117226324,0,0.0127366706728935
0,0.0130280731245875,0,0.0099803889170289,0,0.001531126210466,0,0.0810125768184661
0,0.1131125539541244,0,0.29460409283638,0,0.2828320264816284,0,0.3701212108135223
0,0.3446286916732788,0,0.4990081191062927,0,0.1039171889424324,0,0.3682793080806732
0,0.0140108428895473,0,0.023219808936119,0,0.0056246188469231,0,0.0070360763929784
0,0.005857250187546,0,0.0561289601027965,0,0.0315694101154804,0,0.0055416962131857
0,0.0048316288739442,0,0.0326277166604995,0,0.005786286201328,0,0.0059267608448863
0,0.0040003480389714,0,0.0183333531022071,0,0.0092056076973676,0,0.0011600749567151
0,0.0013470464618876,0,0.0720157325267791,0,0.0063689458183944,0,0.0069853109307587
0,0.010482664220035,0,0.0234641265124082,0,0.0121198613196611,0,0.0110168689861893
0,0.0045690038241446,0,0.0232949834316968,0,0.0021060991566628,0,0.0021772345062345
0,0.0032937887590378,0,0.0388869158923625,0,0.181581437587738,0,0.0100176883861422
0,0.0010714342352002,0,0.042936697602272,0,0.0046343589201569,0,0.0211066715419292
0,0.0398455820977687,0,0.0980657637119293,0,0.0026987148448824,0,0.0102764843031764
0,0.06703682243824,0,0.0056497068144381,0,0.0057101720012724,0,0.0163227077573537
0,0.0103925019502639,0,0.0228957440704107,0,0.0026268495712429,0,0.0060625509358942
0,0.0034944221843034,0,0.0351767465472221,0,0.0037463635671883,0,0.0080151092261075
0,0.0012383661232888,0,0.1082475781440734,0,0.0336660146713256,0,0.0163419153541326
0,0.0316109061241149,0,0.0721487700939178,0,0.0039454628713428,0,0.0103235617280006
0,0.0596698708832263,0,0.0059498925693333,0,0.0039481678977608,0,0.0107306512072682
0,0.0017330115661025,0,0.015563909895718,0,0.0008640234591439,0,0.0007641987758688
0,0.008785692974925,0,0.0036124344915151,0,0.001909093465656,0,0.0004209552134852
0,0.1519374996423721,0,0.0563594549894332,0,0.0037949371617287,0,0.0966557413339614
0,0.0160920526832342,0,0.0152645455673336,0,0.0022989879362285,0,0.0112447775900363
0,0.0055991779081523,0,0.0097475675866007,0,0.001424407120794,0,0.0130423717200756
0,0.0067585511133074,0,0.0466324649751186,0,0.0015571090625599,0,0.0471194051206111
0,0.0473035462200641,0,0.0762165039777755,0,0.0266944002360105,0,0.0583358593285083
0,0.0507250018417835,0,0.0148520218208432,0,0.0089794527739286,0,0.0076012965291738
0,0.0434056669473648,0,0.0576740019023418,0,0.0339639447629451,0,0.1988945007324218
0,0.0667773857712745,0,0.1380543410778045,0,0.0269414838403463,0,0.2044394016265869
0,0.030956320464611,0,0.1641249656677246,0,0.001647358876653,0,0.0350475795567035
0,0.0017057647928595,0,0.009620763361454,0,0.06116534024477,0,0.246001735329628
0,0.0107331573963165,0,0.0096914786845445,0,0.0008634774130769,0,0.0018308111466467
0,0.1670775860548019,0,0.0778421908617019,0,0.0253669861704111,0,0.0970707014203071
0,0.0029426447581499,0,0.0269643515348434,0,0.00049861689331,0,0.0078067132271826
0,0.0179008562117815,0,0.077527716755867,0,0.0527026653289794,0,0.0769226402044296
0,0.0092399809509515,0,0.0155222257599234,0,0.014441967010498,0,0.0036317554768174
0,0.0112083768472075,0,0.297364592552185,0,0.0080459155142307,0,0.0759106874465942
0,0.0086983572691679,0,0.3362047970294952,0,0.001101812114939,0,0.0438723713159561
0,0.0216758195310831,0,0.0168022997677326,0,0.044934120029211,0,0.0044566649012267
0,0.006912421900779,0,0.0392108559608459,0,0.0869630128145217,0,0.0044990545138716
0,0.0002872328041121,0,0.0294341873377561,0,0.0003735079953912,0,0.0048792497254908
0,0.0007985681877471,0,0.0404716320335865,0,0.0029973909258842,0,0.0118323732167482
0,0.0010777813149616,0,0.0186408255249261,0,0.0026417910121381,0,0.0068150642327964
0,0.0223621390759944,0,0.0871214196085929,0,0.0958736464381218,0,0.0748777240514755
0,0.0106981014832854,0,0.0753802061080932,0,0.0072487089782953,0,0.0473943538963794
1,0.0444516725838184,1,0.0915118083357811,1,0.0086399782449007,1,0.0286767464131116
1,0.2150166928768158,1,0.0169020406901836,1,0.0336414687335491,1,0.0311279166489839
1,0.3046255111694336,1,0.2570964992046356,1,0.5561661124229431,1,0.0675995424389839
1,0.4158297181129455,1,0.1414549648761749,1,0.5198343396186829,1,0.5735542178153992
1,0.7056107521057129,1,0.3492504060268402,1,0.3563445806503296,1,0.2884920537471771
1,0.6208499073982239,1,0.1839890480041504,1,0.9016025066375732,1,0.1450613290071487
1,0.0435172840952873,1,0.0270332638174295,1,0.020022228360176,1,0.2235806435346603
1,0.0598672777414321,1,0.0529155172407627,1,0.0091932723298668,1,0.3854681551456451
1,0.1187493205070495,1,0.0719031989574432,1,0.1094972863793373,1,0.3812279403209686
1,0.9350417256355286,1,0.7029644250869751,1,0.992576539516449,1,0.7051764130592346
1,0.4302240908145904,1,0.5829752683639526,1,0.9683495759963988,1,0.5446711778640747
1,0.8631834983825684,1,0.6200650334358215,1,0.9976614713668824,1,0.9048351049423218
1,0.3796062171459198,1,0.4522435665130615,1,0.7532055974006653,1,0.5315492153167725
1,0.3816860020160675,1,0.2171035856008529,1,0.5930055379867554,1,0.4650227129459381
1,0.6518006324768066,1,0.4285338222980499,1,0.6881669163703918,1,0.6155762672424316
0,0.0418739058077335,0,0.0133650535717606,0,0.5187695026397705,0,0.0080456295982003
0,0.0572539381682872,0,0.0176110528409481,0,0.8403487801551819,0,0.010736615397036
0,0.4504490792751312,0,0.3738566040992737,0,0.8949910402297974,0,0.8709442019462585
0,0.0234950222074985,0,0.0055065075866878,0,0.0007293920498341,0,0.0070622605271637
0,0.0234474036842584,0,0.0280895456671714,0,0.0170554984360933,0,0.1275837123394012
0,0.4737811982631683,0,0.1571434438228607,0,0.9503124952316284,0,0.4499408900737762
0,0.0401997230947017,0,0.066320776939392,0,0.0030938601121306,0,0.023721745237708
0,0.6032889485359192,0,0.3960119187831878,0,0.2779558598995209,0,0.493378221988678
0,0.5599531531333923,0,0.2833993136882782,0,0.3414894044399261,0,0.4082947373390198
0,0.0331739857792854,0,0.0530249066650867,0,0.0017994726076722,0,0.0410241112112998
0,0.258232057094574,0,0.0684341266751289,0,0.2222564965486526,0,0.4470111131668091
0,0.3811413943767547,0,0.4450768828392029,0,0.9621802568435668,0,0.5630859732627869
0,0.6174780130386353,0,0.7711188793182373,0,0.2512535154819488,0,0.7234118580818176
0,0.0085558099672198,0,0.0317859500646591,0,0.0030114613473415,0,0.0030898095574229
0,0.0348018333315849,0,0.0247829556465148,0,0.0018828919855877,0,0.02067207172513
0,0.0213025510311126,0,0.0156969670206308,0,0.0005364773096516,0,0.0077368966303765
0,0.0134047996252775,0,0.0145653830841183,0,0.0027141540776938,0,0.0068934657610952
0,0.0144723551347851,0,0.0271167419850826,0,0.0022877759765833,0,0.0172304436564445
0,0.0184616558253765,0,0.0317678973078727,0,0.0028451234102249,0,0.006280958186835
0,0.0053984564729034,0,0.0078046885319054,0,0.008257676847279,0,0.1453888416290283
0,0.1406672298908233,0,0.0925406366586685,0,0.9450227618217468,0,0.0927025526762008
0,0.0034411228261888,0,0.0024666357785463,0,0.0003944966301787,0,0.0013698099646717
0,0.02620605006814,0,0.0296044033020734,0,0.0080784168094396,0,0.1287381649017334
0,0.0222156587988138,0,0.0659758076071739,0,0.0045066918246448,0,0.0015618243487551
0,0.015561212785542,0,0.0187638495117425,0,0.0180926602333784,0,0.0104675600305199
0,0.0187668334692716,0,0.0337471887469291,0,0.0403198041021823,0,0.154895007610321
0,0.0735280141234397,0,0.0712008327245712,0,0.377830445766449,0,0.0353030897676944
0,0.0334077514708042,0,0.0606659352779388,0,0.0195188112556934,0,0.0268791653215885
0,0.0048554055392742,0,0.0275080427527427,0,0.009384075179696,0,0.0026062065735459
0,0.0224829409271478,0,0.0407791100442409,0,0.006980110425502,0,0.0289774779230356
0,0.0050115012563765,0,0.0324381403625011,0,0.0191201642155647,0,0.0018788098823279
0,0.0032273142132908,0,0.0142340222373604,0,0.0252749286592006,0,0.0018755184719339
0,0.0198143571615219,0,0.2743841409683227,0,0.0039889691397547,0,0.1332685798406601
0,0.0152797354385256,0,0.0767604187130928,0,0.0045621208846569,0,0.0155278081074357
0,0.0055810897611081,0,0.0452647432684898,0,0.0018542654579505,0,0.0045125959441065
0,0.0006649664719589,0,0.0037495242431759,0,0.0015281469095498,0,0.0003997909952886
0,0.1860189735889434,0,0.1626567244529724,0,0.1517445147037506,0,0.0612459927797317
0,0.0077267619781196,0,0.4898113906383514,0,0.094122901558876,0,0.0255980305373668
0,0.2871237695217132,0,0.4159643352031708,0,0.7603501081466675,0,0.2661292850971222
0,0.0081775765866041,0,0.0661388859152793,0,0.0062601203098893,0,0.0023804067168384
0,0.0045609669759869,0,0.054969310760498,0,0.0029129509348422,0,0.0019170584855601
0,0.0096853980794548,0,0.0442037880420684,0,0.0140959415584802,0,0.0133285271003842
0,0.0056889704428613,0,0.0594210475683212,0,0.0012833885848522,0,0.0036368281580507
0,0.0024674325250089,0,0.0414086431264877,0,0.0148796113207936,0,0.0038659826386719
0,0.0215909052640199,0,0.067698486149311,0,0.0218157991766929,0,0.0152485724538564
0,0.0075949388556182,0,0.0460941083729267,0,0.0002669052919372,0,0.0034099873155355
0,0.0108767403289675,0,0.0657348856329917,0,0.0090706208720803,0,0.0276074912399053
0,0.0689162984490394,0,0.2252839356660843,0,0.2472805827856063,0,0.0566297359764575
0,0.0071011367253959,0,0.026886174455285,0,0.0191689953207969,0,0.0417861454188823
0,0.1113217324018478,0,0.2002789378166198,0,0.3970914185047149,0,0.0772435292601585
0,0.3551937043666839,0,0.1619678288698196,0,0.0813167318701744,0,0.1160242110490799
0,0.5674013495445251,0,0.2510036826133728,0,0.6571583151817322,0,0.4978573620319366
0,0.8347622156143188,0,0.8080982565879822,0,0.8008964657783508,0,0.9764214158058168
0,0.5581094026565552,0,0.2952950894832611,0,0.8798552751541138,0,0.4707909524440765
0,0.0132250552996993,0,0.048302337527275,0,0.002944853156805,0,0.0437074676156044
0,0.0061039524152874,0,0.0236352160573005,0,0.0024403145071119,0,0.0069761918857693
0,0.0034948938991874,0,0.0170175768435001,0,0.0011792677687481,0,0.0152514716610312
0,0.0022614228073507,0,0.0067200921475887,0,0.002710158471018,0,0.0008201946620829
0,0.1982064098119735,0,0.0742602124810218,0,0.8925618529319763,0,0.258488118648529
0,0.6006527543067932,0,0.1562395989894867,0,0.9293065071105956,0,0.3656978905200958
0,0.5540561676025391,0,0.196785494685173,0,0.9224323630332948,0,0.5679997205734253
0,0.0423675589263439,0,0.0143244694918394,0,0.0122120371088385,0,0.0240941569209098
0,0.0083777429535985,0,0.3381223380565643,0,0.557537317276001,0,0.0983342006802558
0,0.5997876524925232,0,0.7727665901184082,0,0.2778356969356537,0,0.3251887261867523
0,0.0774679034948349,0,0.3064766824245453,0,0.3453546464443207,0,0.1188391968607902
0,0.1700393855571746,0,0.4547832012176513,0,0.1516037434339523,0,0.1793112903833389
0,0.1104738712310791,0,0.3713421821594238,0,0.5635570287704468,0,0.2573855817317962
0,0.0003724427369888,0,0.0097072524949908,0,0.000152486434672,0,0.0003894366091117
0,0.0122597552835941,0,0.0153430942445993,0,0.0007597021176479,0,0.0042593348771333
0,0.0088619096204638,0,0.026658734306693,0,0.0011430428130552,0,0.0143012935295701
0,0.0102804861962795,0,0.020003717392683,0,0.0046354327350854,0,0.0081266295164823
0,0.0219632964581251,0,0.0212836619466543,0,0.00350620620884,0,0.0144771179184317
0,0.0044775824062526,0,0.0770758166909217,0,0.8233394622802734,0,0.0636672750115394
0,0.014636087231338,0,0.0150522487238049,0,0.1061230078339576,0,0.0013182075927034
0,0.0037889422383159,0,0.1811335235834121,0,0.3934273421764374,0,0.0442288964986801
0,0.0035334108397364,0,0.0955052822828292,0,0.3059575259685516,0,0.0836898908019065
0,0.0017572354990988,0,0.0059903813526034,0,0.0012757180957123,0,0.0005883154808543
0,0.0060688415542244,0,0.014600109308958,0,0.0018719744402915,0,0.0037796215619891
0,0.0708102211356163,0,0.229240283370018,0,0.0063505135476589,0,0.2233727872371673
0,0.0213142149150371,0,0.1169789582490921,0,0.0018148687668144,0,0.0114307794719934
0,0.0042377416975796,0,0.0143073443323373,0,0.0067108073271811,0,0.0021598797757178
0,0.0163917429745197,0,0.0194840896874666,0,0.0072377095930278,0,0.0206942968070507
0,0.0868344753980636,0,0.019924946129322,0,0.0014277657028287,0,0.0407567620277404
0,0.0168680604547262,0,0.0899884030222892,0,0.0035190798807889,0,0.040584310889244
0,0.0142202274873852,0,0.0276644341647624,0,0.0061079827137291,0,0.0146851865574717
0,0.0091876536607742,0,0.0083891442045569,0,0.0058723632246255,0,0.0026407521218061
0,0.0145758930593729,0,0.0198529660701751,0,0.0039552310481667,0,0.0116830011829733
0,0.0144252609461545,0,0.0481199063360691,0,0.0392604209482669,0,0.1862134039402008
0,0.0036018618848174,0,0.0151519691571593,0,0.0060498756356537,0,0.001379890134558
0,0.0233999248594045,0,0.0143605386838316,0,0.0005350780556909,0,0.0057205781340599
0,0.0376688428223133,0,0.0142356343567371,0,0.0005150779034011,0,0.0086083300411701
0,0.0141757046803832,0,0.0393633879721164,0,0.0356979966163635,0,0.0029108813032507
0,0.0050022583454847,0,0.0344393141567707,0,0.1168928146362304,0,0.0018841425189748
0,0.0074338805861771,0,0.0604689233005046,0,0.0037635704502463,0,0.0100034130737185
0,0.0072971689514815,0,0.0660351291298866,0,0.002765494864434,0,0.0085296183824539
0,0.010747586376965,0,0.0179761908948421,0,0.0023474243935197,0,0.0059608961455523
0,0.0028000029269605,0,0.009299318306148,0,0.0008232213440351,0,0.0038013814482837
0,0.1089734509587287,0,0.0359065309166908,0,0.030741972848773,0,0.0067829000763595
0,0.2231780141592025,0,0.0734317526221275,0,0.0320820063352584,0,0.0134573634713888
0,0.2595647573471069,0,0.0599200390279293,0,0.2399091571569442,0,0.0352823249995708
0,0.0114489095285534,0,0.0190595258027315,0,0.0015950052766129,0,0.0197115801274776
0,0.6861476302146912,0,0.167860746383667,0,0.327364057302475,0,0.0231156628578901
0,0.0005286613013595,0,0.0105300694704055,0,0.0002386449923506,0,0.0013516574399545
0,0.6325060725212097,0,0.1522928029298782,0,0.2649003267288208,0,0.835325300693512
0,0.058780662715435,0,0.0363589785993099,0,0.0008538319962099,0,0.0434277355670928
0,0.7721803188323975,0,0.254003494977951,0,0.3536171913146972,0,0.0343245081603527
0,0.0082230167463421,0,0.0129808904603123,0,0.0013283112784847,0,0.0266385003924369
0,0.0099212182685732,0,0.0219653509557247,0,0.1265687644481659,0,0.1063082963228225
0,0.0146509008482098,0,0.0167144183069467,0,0.0004925711546093,0,0.0125246280804276
0,0.3423528373241424,0,0.0171678885817527,0,0.1443065553903579,0,0.0021414440125226
0,0.0005549972411245,0,0.0049604889936745,0,5.451405013445765e-05,0,0.0016420158790424
0,0.1266348659992218,0,0.1557425111532211,0,0.1179945617914199,0,0.1702613830566406
0,0.1421863436698913,0,0.0751929804682731,0,0.6563467979431152,0,0.3990341424942016
0,0.637240469455719,0,0.7851013541221619,0,0.9462339282035828,0,0.5351093411445618
0,0.0294957160949707,0,0.0286900848150253,0,0.0071688471361994,0,0.0238053686916828
0,0.0341859050095081,0,0.0204120241105556,0,0.0122976414859294,0,0.0196175165474414
0,0.6841350197792053,0,0.3121645748615265,0,0.851043164730072,0,0.3617098927497864
0,0.0071259583346545,0,0.0094590168446302,0,0.0019551373552531,0,0.0051435669884085
0,0.0149497538805007,0,0.066398300230503,0,0.0056412476114928,0,0.0105235734954476
0,0.0055593731813132,0,0.0066597517579793,0,0.0012382935965433,0,0.0029501458629965
0,0.5731387138366699,0,0.3114798665046692,0,0.2574416399002075,0,0.287750095129013
0,0.096524566411972,0,0.0444963723421096,0,0.4660630822181701,0,0.0394664816558361
0,0.0643505081534385,0,0.2127174139022827,0,0.0419061742722988,0,0.1775488704442978
0,0.7252305150032043,0,0.4304454624652862,0,0.4941163957118988,0,0.3990936875343323
0,0.0179945044219493,0,0.0119340447708964,0,0.0093989539891481,0,0.007075862493366
0,0.1113458350300788,0,0.2628614604473114,0,0.1342597603797912,0,0.055202942341566
0,0.0017548949690535,0,0.0138403419405221,0,0.0017676657298579,0,0.0002963653823826
0,0.0078887483105063,0,0.0524361133575439,0,0.0002096148964483,0,0.0018496053526178
0,0.0903120562434196,0,0.0774587765336036,0,0.0208893120288848,0,0.0355365760624408
0,0.0680837929248809,0,0.0498677231371402,0,0.0297165550291538,0,0.0153971957042813
0,0.011152003891766,0,0.0274484120309352,0,0.0002679626632016,0,0.0023782278876751
0,0.0135294049978256,0,0.0639396011829376,0,0.0002576561237219,0,0.0010765504557639
0,0.0007971191080287,0,0.0026387146208435,0,0.0004023381043225,0,0.0006613961304537
0,0.0986258462071418,0,0.0469665043056011,0,0.0254200026392936,0,0.0304941926151514
0,0.0496085919439792,0,0.041376132518053,0,0.023879675194621,0,0.0117085315287113
0,0.0347953885793685,0,0.1625833809375763,0,0.0013326298212632,0,0.0003272234462201
0,0.0127709172666072,0,0.0253219194710254,0,0.0033868285827338,0,0.0010466568637639
0,0.0007906070095486,0,0.0034216826315969,0,0.0010663646971806,0,0.001181167201139
0,0.0811168178915977,0,0.0711812824010849,0,0.0020023353863507,0,0.006852641236037
0,0.072801187634468,0,0.0594943836331367,0,0.2828550040721893,0,0.0219852477312088
0,0.0025395848788321,0,0.0279673524200916,0,0.0039668739773333,0,0.0024023009464144
0,0.0018881766591221,0,0.0286373700946569,0,0.0030657944735139,0,0.0023584701120853
0,0.0062356190755963,0,0.0411654114723205,0,0.0021857789251953,0,0.0041949809528887
0,0.0147356884554028,0,0.4962929785251617,0,0.9900074005126952,0,0.7336373329162598
0,0.2986533343791961,0,0.4186657071113586,0,0.0976429209113121,0,0.2226310968399047
0,0.4356974363327026,0,0.2832771241664886,0,0.7903459072113037,0,0.3447095453739166
0,0.0122119914740324,0,0.4202599227428436,0,0.9869405627250672,0,0.5300248265266418
0,0.0039836792275309,0,0.1364721208810806,0,0.1759254187345504,0,0.0511771813035011
0,0.2132595777511596,0,0.0814640894532203,0,0.672133207321167,0,0.1229861080646514
0,0.0148687465116381,0,0.0210572779178619,0,0.0292857382446527,0,0.0057215243577957
0,0.0280736926943063,0,0.0607526823878288,0,0.0028526508249342,0,0.0206485483795404
0,0.0123601173982024,0,0.0190091300755739,0,0.0035409384872764,0,0.004515002015978
0,0.001886453712359,0,0.0619289502501487,0,0.0014220244484022,0,0.0142445508390665
0,0.0050205877050757,0,0.0995798036456108,0,0.0030034850351512,0,0.200119286775589
0,0.0006325979484245,0,0.0532714277505874,0,0.0017563992878422,0,0.0509536974132061
0,0.0583697222173213,0,0.0220195688307285,0,0.6182763576507568,0,0.0186930522322654
0,0.2325821667909622,0,0.3848132789134979,0,0.5364623665809631,0,0.4628222584724426
0,0.1619941741228103,0,0.4590659737586975,0,0.7108428478240967,0,0.1451071798801422
0,0.0800645723938942,0,0.0525713376700878,0,0.0507982075214386,0,0.0275098215788602
0,0.0320520885288715,0,0.2180051952600479,0,0.0568054318428039,0,0.1056327745318412
0,0.1512055546045303,0,0.7641741633415222,0,0.9415880441665648,0,0.6202364563941956
0,0.0278773829340934,0,0.0126378061249852,0,0.0255931261926889,0,0.0057744672521948
0,0.0002319441409781,0,0.0529646128416061,0,0.0001530450681457,0,0.0001555522321723
0,0.0228065829724073,0,0.0223946869373321,0,0.0126944025978446,0,0.0064114173874258
0,0.0307594835758209,0,0.061101596802473,0,0.0043058288283646,0,0.0174455493688583
0,0.0002412187750451,0,0.0694132819771766,0,0.0001955991465365,0,0.0001228212495334
0,0.0498313419520854,0,0.0531616657972335,0,0.0096605541184544,0,0.0011099178809672
0,0.0124757289886474,0,0.0305819455534219,0,0.0141793107613921,0,0.0068269446492195
0,0.0002255438303109,0,0.0457602366805076,0,0.0001610118633834,0,0.0001206994638778
0,0.0272115599364042,0,0.1427807956933975,0,0.0329490974545478,0,0.0088938931003212
0,0.0031748642213642,0,0.0149312065914273,0,0.0094430446624755,0,0.0496819950640201
0,0.0007717935950495,0,0.006475550122559,0,0.0005846418789587,0,0.0021753003820776
0,0.136994332075119,0,0.0202562287449836,0,0.328583300113678,0,0.0089269066229462
0,0.0242344550788402,0,0.0100341401994228,0,0.1854214668273925,0,0.0081032300367951
0,0.2679467499256134,0,0.2077664285898208,0,0.742400586605072,0,0.193664088845253
0,0.5038365721702576,0,0.1245151981711387,0,0.6384114623069763,0,0.1673278361558914
0,0.0212941020727157,0,0.3903214335441589,0,0.1537374705076217,0,0.0614145174622535
0,0.019781420007348,0,0.0484719388186931,0,0.0306407790631055,0,0.3415835201740265
0,0.290308803319931,0,0.4473633170127868,0,0.2948466837406158,0,0.506198525428772
0,0.0363365299999713,0,0.0513447187840938,0,0.0012841380666941,0,0.0139434859156608
0,0.0054839821532368,0,0.0213362239301204,0,0.0046062520705163,0,0.0005086627206765
0,0.033929418772459,0,0.0694905072450637,0,0.0054920292459428,0,0.0006481251330114
0,0.0848356783390045,0,0.0171258375048637,0,0.2566653192043304,0,0.0143091939389705
0,0.019252810627222,0,0.0181504245847463,0,0.0003750465402845,0,0.000863793422468
0,0.0127196721732616,0,0.0223179757595062,0,0.0067398836836218,0,0.0079467482864856
0,0.0012727197026833,0,0.0145930172875523,0,0.0003890297084581,0,0.0044287922792136
0,0.2321060299873352,0,0.0853621363639831,0,0.1694633662700653,0,0.0883830413222312
0,0.013789533637464,0,0.0872298777103424,0,0.0302324146032333,0,0.0065664881840348
0,0.5753568410873413,0,0.6965891718864441,0,0.7547346353530884,0,0.1208892837166786
0,0.7105482220649719,0,0.441232681274414,0,0.9623113870620728,0,0.3258449733257293
0,0.0352712571620941,0,0.0588775277137756,0,0.8785160183906555,0,0.1804630607366562
0,0.0709290727972984,0,0.0570669323205947,0,0.0398802645504474,0,0.0766480565071106
0,0.2249714583158493,0,0.2482247948646545,0,0.4679983854293823,0,0.3705493807792663
0,0.0427206084132194,0,0.0074886362999677,0,0.156729519367218,0,0.1354694366455078
0,0.0509378686547279,0,0.0909899622201919,0,0.6815343499183655,0,0.4834012985229492
0,0.0033030752092599,0,0.0424955748021602,0,0.0015093302354216,0,0.0034303246065974
0,0.0267222449183464,0,0.1136789470911026,0,0.0039470074698328,0,0.5222033858299255
0,0.0015647509135305,0,0.0193676874041557,0,0.0009847441688179,0,0.0035396264865994
0,0.0166822951287031,0,0.0582573860883712,0,0.0165562890470027,0,0.4924668967723846
0,0.0107620693743228,0,0.0553390234708786,0,0.0036415585782378,0,0.0075202835723757
0,0.0077854478731751,0,0.0107415094971656,0,0.0357954874634742,0,0.0015973176341503
0,0.0077942940406501,0,0.0287553388625383,0,0.0012023905292153,0,0.0077349813655018
0,0.0076746330596506,0,0.0569536425173282,0,0.0017703175544738,0,0.0005108925397507
0,0.0185307692736387,0,0.007745899260044,0,0.0030102459713816,0,0.0023691153619438
0,0.0086175967007875,0,0.0066656717099249,0,0.0516983531415462,0,0.0030490956269204
0,0.0141723863780498,0,0.0355988293886184,0,0.0017613028176128,0,0.2537610530853271
0,0.0092440200969576,0,0.0082926796749234,0,0.0005884124548174,0,0.0106186233460903
0,0.0197821855545043,0,0.1986824125051498,0,0.0328109189867973,0,0.3840049505233764
0,0.0043183560483157,0,0.006423344835639,0,0.0005637605208903,0,0.0068318252451717
0,0.0361228324472904,0,0.0115709425881505,0,0.0048340298235416,0,0.0007881058845669
0,0.0036405154969543,0,0.0076825167052447,0,0.0029290455859154,0,0.0011329379631206
0,0.3415138721466064,0,0.1964446753263473,0,0.0427567958831787,0,0.2656294107437134
0,0.0070665753446519,0,0.0146416723728179,0,0.0044181728735566,0,0.0032007514964789
0,0.2187361866235733,0,0.1066033914685249,0,0.0214798394590616,0,0.151107370853424
0,0.0085021052509546,0,0.0155908912420272,0,0.0150019247084856,0,0.0020762386266142
0,0.2186250388622284,0,0.1298643499612808,0,0.0125330062583088,0,0.1666707843542099
0,0.7936692833900452,0,0.2947089672088623,0,0.1714243590831756,0,0.771540641784668
0,0.0304538644850254,0,0.0103429649025201,0,0.0069795418530702,0,0.0138387540355324
0,0.0014125105226412,0,0.0196553748100996,0,0.0065823839977383,0,0.002612960524857
0,0.0014687154907733,0,0.0119306333363056,0,0.0049156905151903,0,0.0013322934973984
0,0.0013808965450152,0,0.0331610217690467,0,0.0005126237520016,0,0.0001758454745868
0,0.0084314905107021,0,0.0918028876185417,0,0.0017126699676737,0,0.0019433950074017
