fold_1_labels,fold_1_predictions,fold_2_labels,fold_2_predictions,fold_3_labels,fold_3_predictions,fold_4_labels,fold_4_predictions
1,0.5728628039360046,1,0.0903472602367401,1,0.201037973165512,1,0.2426082789897918
1,0.8104732632637024,1,0.363438218832016,1,0.5929118394851685,1,0.8345729112625122
1,0.0684041976928711,1,0.248960480093956,1,0.8016207218170166,1,0.6355465650558472
1,0.1116351261734962,1,0.1544170677661895,1,0.2136993259191513,1,0.4564425945281982
1,0.0308344569057226,1,0.1570228189229965,1,0.1741896420717239,1,0.2898383140563965
1,0.7361360788345337,1,0.2575229108333587,1,0.4686984717845917,1,0.758318305015564
1,0.0856804326176643,1,0.1516886353492736,1,0.3057084381580353,1,0.2904126942157745
1,0.258962869644165,1,0.0789562910795211,1,0.3790887594223022,1,0.5521523952484131
1,0.243209421634674,1,0.2491291463375091,1,0.5220835208892822,1,0.7262253165245056
1,0.2114670425653457,1,0.290971964597702,1,0.4878792762756347,1,0.7613018751144409
1,0.2119936197996139,1,0.2047673612833023,1,0.4769074916839599,1,0.5966665148735046
1,0.803538978099823,1,0.3199672102928161,1,0.7762537598609924,1,0.9026322960853576
1,0.0560373961925506,1,0.0890753269195556,1,0.276303082704544,1,0.316184937953949
1,0.0868280678987503,1,0.0472664386034011,1,0.0159013923257589,1,0.0058583719655871
1,0.7989578247070312,1,0.1934760957956314,1,0.3086626231670379,1,0.5036245584487915
1,0.778617262840271,1,0.2054852396249771,1,0.3905843496322632,1,0.4680163860321045
1,0.715065062046051,1,0.4217832684516907,1,0.8877067565917969,1,0.9419451951980592
1,0.0975160896778106,1,0.0307405665516853,1,0.0181221198290586,1,0.6972455978393555
1,0.9754531383514404,1,0.1755851954221725,1,0.7012230157852173,1,0.969867467880249
1,0.3002839982509613,1,0.1393594890832901,1,0.1180179342627525,1,0.2530361711978912
1,0.5216453075408936,1,0.0855411663651466,1,0.1818143874406814,1,0.8746476173400879
0,0.0124987950548529,0,0.072261169552803,0,0.0162649676203727,0,0.0240275971591472
0,0.0042899651452898,0,0.0089003732427954,0,0.0054033338092267,0,0.0003815828240476
0,0.0286773443222045,0,0.0400490909814834,0,0.1002410128712654,0,0.1667971312999725
0,0.0083291586488485,0,0.0065926443785429,0,0.004775671288371,0,0.0007713737431913
0,0.0309271905571222,0,0.038200344890356,0,0.1149213910102844,0,0.1787579655647277
0,0.004418596625328,0,0.0074897487647831,0,0.0060253180563449,0,0.0006079403683543
0,0.0269086007028818,0,0.0385041274130344,0,0.0719234868884086,0,0.0992037504911422
0,0.0118014868348836,0,0.0347531139850616,0,0.1687773913145065,0,0.0198500752449035
0,0.0159344505518674,0,0.0548474304378032,0,0.2642200887203216,0,0.018873531371355
0,0.0128509663045406,0,0.023882370442152,0,0.0141425309702754,0,0.00018799091049
0,0.0076792715117335,0,0.0170345846563577,0,0.0129773784428834,0,0.0033270511776208
0,0.0064858328551054,0,0.0167416743934154,0,0.0087929246947169,0,0.0013233557110652
0,0.1016561314463615,0,0.0514611452817916,0,0.0504966303706169,0,0.0612904503941535
0,0.0071077602915465,0,0.0137989334762096,0,0.0086224619299173,0,0.0029337296728044
0,0.05939207598567,0,0.0280880499631166,0,0.0141177726909518,0,0.0224418900907039
0,0.109132707118988,0,0.0961183086037635,0,0.0867092385888099,0,0.3616074621677398
0,0.0013335096882656,0,0.0267596486955881,0,0.0120924310758709,0,0.0012687341077253
0,0.0028166251722723,0,0.019565662369132,0,0.0106270723044872,0,0.0006198729388415
0,0.0165323484688997,0,0.0219042915850877,0,0.0101501643657684,0,0.0219782348722219
0,0.0100310100242495,0,0.0479037798941135,0,0.1919140964746475,0,0.0800516232848167
0,0.0674854889512062,0,0.0535782612860202,0,0.021976001560688,0,0.0396760776638984
0,0.3263473510742187,0,0.135624423623085,0,0.1349652558565139,0,0.7202606797218323
0,0.0652700960636138,0,0.0414702147245407,0,0.0167597457766532,0,0.1020390465855598
0,0.0386999808251857,0,0.1528887748718261,0,0.0215787813067436,0,0.0076467460021376
0,0.2718024253845215,0,0.3033463358879089,0,0.4690526127815246,0,0.6184748411178589
0,0.2506516277790069,0,0.1681821942329406,0,0.4259136021137237,0,0.7301985621452332
0,0.0552322678267955,0,0.0364662744104862,0,0.034471645951271,0,0.0838184431195259
0,0.041111271828413,0,0.120930939912796,0,0.0618016012012958,0,0.0180439557880163
0,0.2439677268266677,0,0.2805148959159851,0,0.4006931781768799,0,0.6310588121414185
0,0.2796154916286468,0,0.1894224882125854,0,0.5331643223762512,0,0.7343425154685974
0,0.096175231039524,0,0.0505322702229023,0,0.0654760599136352,0,0.1722592413425445
0,0.0446631349623203,0,0.0816053226590156,0,0.0386923886835575,0,0.0108638405799865
0,0.23224738240242,0,0.2704159021377563,0,0.4049030840396881,0,0.5760500431060791
0,0.3923436999320984,0,0.2063170820474624,0,0.5258164405822754,0,0.7466245889663696
0,0.032590415328741,0,0.0396228767931461,0,0.0442466549575328,0,0.0366584099829196
0,0.189427375793457,0,0.1730204969644546,0,0.0201297663152217,0,0.0091166384518146
0,0.0242322944104671,0,0.0106088491156697,0,0.0366485901176929,0,0.0735669359564781
0,0.0521647594869136,0,0.031765230000019,0,0.0095419157296419,0,0.0013820582535117
0,0.0665549486875534,0,0.1045459136366844,0,0.2779665291309356,0,0.218047633767128
0,0.1050650924444198,0,0.0935866832733154,0,0.1096776500344276,0,0.1775161921977996
0,0.0258702784776687,0,0.04243865609169,0,0.0323645696043968,0,0.0018162402557209
0,0.0511194877326488,0,0.0413632243871688,0,0.03091611713171,0,0.0030287883710116
0,0.002288385760039,0,0.0173085927963256,0,0.023678483441472,0,0.0051352097652852
0,0.0219121500849723,0,0.0344619303941726,0,0.0341602265834808,0,0.0035604462027549
0,0.0221560187637805,0,0.0365045294165611,0,0.0439296141266822,0,0.0321393683552742
0,0.0043054814450442,0,0.0287891905754804,0,0.0087202619761228,0,0.1420745998620987
0,0.0061277449131011,0,0.045025885105133,0,0.0244286190718412,0,0.0067310626618564
0,0.1012611016631126,0,0.0490417145192623,0,0.0775279030203819,0,0.0710174515843391
0,0.2815532684326172,0,0.2135150581598281,0,0.4256957173347473,0,0.7842059135437012
0,0.0714118927717208,0,0.1275747269392013,0,0.1415396034717559,0,0.2055624276399612
0,0.0403320007026195,0,0.0211079120635986,0,0.0111860716715455,0,0.0421733409166336
0,0.8027018904685974,0,0.4235104918479919,0,0.7444646954536438,0,0.8930688500404358
0,0.0172036234289407,0,0.0150594376027584,0,0.0055904816836118,0,0.011695709079504
0,0.015883969143033,0,0.0129858329892158,0,0.0135131236165761,0,0.0010844070930033
0,0.0145836472511291,0,0.0716906785964965,0,0.0525980032980442,0,0.0266391076147556
0,0.0087913163006305,0,0.0223334450274705,0,0.0085633285343647,0,0.0067700645886361
0,0.0174223855137825,0,0.0150506775826215,0,0.0108680371195077,0,0.0021301778033375
0,0.0112050483003258,0,0.0536137074232101,0,0.0462246537208557,0,0.0124554876238107
0,0.0114207994192838,0,0.0175755657255649,0,0.0084961662068963,0,0.0106987627223134
0,0.0125715360045433,0,0.0155308628454804,0,0.0146599756553769,0,0.0024520189035683
0,0.141902893781662,0,0.122561439871788,0,0.0215344000607728,0,0.0504813268780708
0,0.0718723833560943,0,0.1132230162620544,0,0.0481775142252445,0,0.0228359010070562
0,0.0119427014142274,0,0.0142835052683949,0,0.00933781825006,0,0.0022582886740565
0,0.0035183993168175,0,0.0086004259064793,0,0.0156355891376733,0,0.0209772512316703
0,0.0138195902109146,0,0.0323400795459747,0,0.0259621925652027,0,0.0132613852620124
0,0.0023280524183064,0,0.0227127857506275,0,0.0057146111503243,0,0.0031180647201836
0,0.0028404304757714,0,0.0238308571279048,0,0.0063641257584095,0,0.0065399245359003
0,0.0030700792558491,0,0.023703558370471,0,0.0063374289311468,0,0.0048402617685496
0,0.0070877680554986,0,0.0385198518633842,0,0.0127593008801341,0,0.0476633757352829
0,0.0057120840065181,0,0.0369530208408832,0,0.0141676105558872,0,0.039091370999813
0,0.2147588729858398,0,0.1063973605632782,0,0.5870633721351624,0,0.2058696448802948
0,0.0734970569610595,0,0.0518716499209404,0,0.4100228250026703,0,0.1900438517332077
0,0.5473896265029907,0,0.2216900587081909,0,0.4871153235435486,0,0.7320918440818787
0,0.0054485662840306,0,0.0234203096479177,0,0.0234587136656045,0,0.0002541629364714
0,0.1313173025846481,0,0.1011243984103202,0,0.1996063441038131,0,0.0306948069483041
0,0.0696169734001159,0,0.0236397497355937,0,0.0199448782950639,0,0.082505889236927
0,0.1438939869403839,0,0.0642941147089004,0,0.07927867770195,0,0.3114811182022095
0,0.0255549866706132,0,0.0192424058914184,0,0.0777748897671699,0,0.0744145587086677
0,0.0077599375508725,0,0.046845756471157,0,0.0077283345162868,0,0.00232326076366
0,0.0157600957900285,0,0.0821756497025489,0,0.0561919100582599,0,0.0120468763634562
0,0.0108026508241891,0,0.0318921357393264,0,0.0196651592850685,0,0.0216840412467718
0,0.0115090925246477,0,0.0556151755154132,0,0.0152670117095112,0,0.0023522870615124
0,0.017192443832755,0,0.0288063958287239,0,0.0129640633240342,0,0.0307560972869396
0,0.0014991123462095,0,0.0106958607211709,0,0.0078506683930754,0,0.0007921838550828
0,0.0121693341061472,0,0.0663750246167182,0,0.0231655519455671,0,0.0033632351551204
0,0.0075744879432022,0,0.0424050875008106,0,0.0232343319803476,0,0.0114940386265516
0,0.0213464926928281,0,0.0343956016004085,0,0.0200940184295177,0,0.0450997315347194
0,0.0091167883947491,0,0.0095003610476851,0,0.0164444502443075,0,0.00332359992899
0,0.0441620647907257,0,0.1876531690359115,0,0.6273810863494873,0,0.5343276262283325
0,0.1546505689620971,0,0.0752924457192421,0,0.1931518018245697,0,0.0303226727992296
0,0.3901661336421966,0,0.0830998122692108,0,0.2910298705101013,0,0.1024991050362587
0,0.0180742051452398,0,0.141593649983406,0,0.5500350594520569,0,0.0359206274151802
0,0.0168721880763769,0,0.1512918472290039,0,0.5087725520133972,0,0.0632229074835777
0,0.0140471346676349,0,0.1478585749864578,0,0.5078285336494446,0,0.0597009621560573
0,0.0327658019959926,0,0.0535075217485427,0,0.0066609755158424,0,0.0065888199023902
0,0.4152190387248993,0,0.0671308860182762,0,0.4338469207286834,0,0.1841919273138046
0,0.1945123523473739,0,0.0811793506145477,0,0.407087117433548,0,0.3344036638736725
0,0.2046593725681305,0,0.0543116107583045,0,0.2974589467048645,0,0.1407327651977539
0,0.0850558429956436,0,0.0722868591547012,0,0.0461193695664405,0,0.0059488043189048
0,0.0517570301890373,0,0.1320549398660659,0,0.1268246620893478,0,0.2935611009597778
0,0.0046758269891142,0,0.0342972017824649,0,0.1203043982386589,0,0.00075368816033
0,0.021062109619379,0,0.0597333386540412,0,0.0136602204293012,0,0.0105801587924361
0,0.0179996732622385,0,0.062214195728302,0,0.0129186613485217,0,0.0110713308677077
0,0.0460103824734687,0,0.0936710089445114,0,0.0318008922040462,0,0.0408250577747821
0,0.008515290915966,0,0.079721450805664,0,0.0232241936028003,0,0.006487657316029
0,0.0222199521958827,0,0.0346657373011112,0,0.0160892289131879,0,0.0398272015154361
0,0.0088337669149041,0,0.0388030372560024,0,0.0147600956261157,0,0.0150021221488714
0,0.0085185654461383,0,0.041391659528017,0,0.0132649093866348,0,0.0367321744561195
0,0.0077246790751814,0,0.0288819745182991,0,0.0280507989227771,0,0.0135759096592664
0,0.0028033147100359,0,0.0131935812532901,0,0.0030180828180164,0,0.0002332574804313
0,0.0044021815992891,0,0.0119306994602084,0,0.0038121480029076,0,0.0001518197823315
0,0.0082990117371082,0,0.0131943011656403,0,0.011136244982481,0,0.0026334931608289
0,0.0036318521015346,0,0.0126899098977446,0,0.0036668444517999,0,0.0001310106890741
0,0.0073332153260707,0,0.0157103203237056,0,0.0145447617396712,0,0.0015611693961545
0,0.1225675567984581,0,0.0671539902687072,0,0.0291842762380838,0,0.0809399485588073
0,0.0306778643280267,0,0.0466735027730464,0,0.1531684398651123,0,0.0107206227257847
0,0.0144945727661252,0,0.029757410287857,0,0.0174038968980312,0,0.0055162431672215
0,0.0337628871202468,0,0.020887229591608,0,0.014963530935347,0,0.0020419815555214
0,0.0169284287840127,0,0.0244423560798168,0,0.0169204249978065,0,0.0037723407149314
0,0.0481034480035305,0,0.0438180267810821,0,0.0470403805375099,0,0.0317599549889564
0,0.0199983436614274,0,0.0140261556953191,0,0.0110109588131308,0,0.000857138657011
0,0.0029249109793454,0,0.0138769000768661,0,0.007806287612766,0,0.0038488223217427
0,0.0734200924634933,0,0.0945884957909584,0,0.1307666897773742,0,0.0691844150424003
0,0.0038003181107342,0,0.0227277092635631,0,0.0063961073756217,0,0.0009578130557201
0,0.0272555407136678,0,0.0261548198759555,0,0.0129647897556424,0,0.0134821580722928
0,0.0348120704293251,0,0.0132797211408615,0,0.0084985326975584,0,0.00265186233446
0,0.0029398885089904,0,0.023421324789524,0,0.0122507167980074,0,0.000500185706187
0,0.0351042859256267,0,0.0395360179245471,0,0.0211978331208229,0,0.0043639978393912
0,0.0041583045385777,0,0.0261601172387599,0,0.0066472529433667,0,0.0022073900327086
0,0.04346764087677,0,0.0254586357623338,0,0.0164608489722013,0,0.0076642967760562
0,0.0188888926059007,0,0.0114270877093076,0,0.0070426994934678,0,0.002052555559203
0,0.2138392180204391,0,0.1637298166751861,0,0.188562735915184,0,0.6934999227523804
0,0.4592229425907135,0,0.1127997413277626,0,0.5785800814628601,0,0.5109800696372986
0,0.1555704772472381,0,0.1595855802297592,0,0.2683560848236084,0,0.6725456714630127
0,0.0187535807490348,0,0.0320432372391223,0,0.0234152488410472,0,0.023572202771902
0,0.006707658059895,0,0.0298744533210992,0,0.0260641891509294,0,0.0150656206533312
0,0.1819641590118408,0,0.0760580822825431,0,0.0494050346314907,0,0.0030216043815016
0,0.0218591690063476,0,0.0481799840927124,0,0.0686511397361755,0,0.0678772181272506
0,0.0311115030199289,0,0.0321545302867889,0,0.0126893008127808,0,0.0080246496945619
0,0.0058148191310465,0,0.0766009762883186,0,0.0595592036843299,0,0.1211777478456497
0,0.0090551441535353,0,0.0374320708215236,0,0.0181339681148529,0,0.0697943568229675
0,0.0039770798757672,0,0.0540238358080387,0,0.0586566664278507,0,0.0044411611743271
0,0.0406250990927219,0,0.0543267726898193,0,0.0141594745218753,0,0.010235914029181
0,0.1027500927448272,0,0.0894166454672813,0,0.0633100643754005,0,0.0251655131578445
0,0.1340871006250381,0,0.1791363954544067,0,0.0782575905323028,0,0.0935413166880607
0,0.0758319199085235,0,0.0645615607500076,0,0.1153844743967056,0,0.2305510640144348
0,0.129274845123291,0,0.2423383295536041,0,0.5656457543373108,0,0.3752450346946716
0,0.0099831838160753,0,0.0141815030947327,0,0.0073644584044814,0,0.000539522327017
0,0.02841785736382,0,0.0128100113943219,0,0.0264842640608549,0,0.0211650896817445
0,0.0050627789460122,0,0.0082495538517832,0,0.0077046826481819,0,0.0009595777955837
0,0.0129411472007632,0,0.0154068926349282,0,0.0078851925209164,0,0.0009456997504457
0,0.1445425003767013,0,0.246470108628273,0,0.7154551148414612,0,0.3284357190132141
0,0.226430132985115,0,0.2358783781528473,0,0.6262540817260742,0,0.5245305299758911
0,0.163576990365982,0,0.2213703542947769,0,0.6402252912521362,0,0.3843595087528229
0,0.0687311217188835,0,0.0396407358348369,0,0.0183015242218971,0,0.0718342065811157
0,0.0701403394341468,0,0.045361291617155,0,0.0150299537926912,0,0.1620821505784988
0,0.0609941594302654,0,0.0355162695050239,0,0.024009071290493,0,0.072807028889656
0,0.0847963690757751,0,0.2130703330039978,0,0.0314076356589794,0,0.0068647400476038
0,0.0269336160272359,0,0.0374766439199447,0,0.004873109050095,0,0.0052039143629372
0,0.0034480972681194,0,0.0396813824772834,0,0.0059997239150106,0,0.0142696872353553
0,0.0255697630345821,0,0.0224716458469629,0,0.006517912261188,0,0.0011789442505687
0,0.0185800716280937,0,0.0446643345057964,0,0.0117163360118865,0,0.0061421892605721
0,0.0053518968634307,0,0.0184505991637706,0,0.008371902629733,0,0.0135233793407678
0,0.0281600449234247,0,0.0250093135982751,0,0.0056580654345452,0,0.0016497616888955
0,0.0162977371364831,0,0.0310129579156637,0,0.0079052867367863,0,0.0046039200387895
0,0.0031999377533793,0,0.0167125295847654,0,0.0067612119019031,0,0.0016903958749026
0,0.0079940874129533,0,0.0327820107340812,0,0.0069643859751522,0,0.0007089021382853
0,0.5881542563438416,0,0.0203677974641323,0,0.2728025913238525,0,0.3013606071472168
0,0.2208696454763412,0,0.1308163106441497,0,0.2619214653968811,0,0.392319768667221
0,0.3624542653560638,0,0.0228859689086675,0,0.3081965446472168,0,0.1611213237047195
0,0.1635850369930267,0,0.1140184476971626,0,0.3299053013324737,0,0.4294884204864502
0,0.1246021166443824,0,0.0195205230265855,0,0.0147593263536691,0,0.0121276564896106
0,0.3235989809036255,0,0.1323975026607513,0,0.2415598332881927,0,0.2905362844467163
0,0.0239819344133138,0,0.2013220489025116,0,0.3842945992946625,0,0.4087573289871216
0,0.0363077707588672,0,0.018756691366434,0,0.0635118260979652,0,0.0087990565225481
0,0.3143786489963531,0,0.1087476313114166,0,0.3850992619991302,0,0.5191853046417236
0,0.3535811901092529,0,0.1042242497205734,0,0.3987818658351898,0,0.5277515649795532
0,0.0857985168695449,0,0.0171424429863691,0,0.0078655052930116,0,0.0006922723841853
0,0.0108941858634352,0,0.0323044210672378,0,0.0110199144110083,0,0.0070358896628022
0,0.0527206622064113,0,0.0815756395459175,0,0.046702429652214,0,0.1288932412862777
0,0.04695850238204,0,0.0762405395507812,0,0.0292547717690467,0,0.0463359989225864
0,0.0813609138131141,0,0.1154433861374855,0,0.1244022622704505,0,0.3387187421321869
0,0.0647537931799888,0,0.084895022213459,0,0.0763001590967178,0,0.1080635115504264
0,0.0097221247851848,0,0.0173483788967132,0,0.0136277172714471,0,0.0003924875345546
0,0.1131724938750267,0,0.2109727263450622,0,0.4199552536010742,0,0.5087316036224365
0,0.0128015112131834,0,0.0389311239123344,0,0.0705922171473503,0,0.0022721025161445
0,0.0022656950168311,0,0.0128113925457,0,0.0055012279190123,0,0.0005188481882214
0,0.0711986497044563,0,0.0534415990114212,0,0.0533918663859367,0,0.0032365832012146
0,0.0933000296354293,0,0.0806422978639602,0,0.0814736410975456,0,0.0833555683493614
0,0.0145276300609111,0,0.0113996928557753,0,0.0415221787989139,0,0.0110105276107788
0,0.0988993495702743,0,0.025902185589075,0,0.2200798094272613,0,0.0752722322940826
0,0.0054742461070418,0,0.0272803362458944,0,0.0487236939370632,0,0.0092928148806095
0,0.0119938887655735,0,0.0397013053297996,0,0.0663429722189903,0,0.0088709779083728
0,0.0020026287529617,0,0.0208111405372619,0,0.006661704275757,0,0.0017286365618929
0,0.0059919347986578,0,0.0355223678052425,0,0.0667110458016395,0,0.0083162933588027
0,0.0018939034780487,0,0.0165034309029579,0,0.0166074316948652,0,0.0011156564578413
0,0.025550689548254,0,0.0501392558217048,0,0.0413113161921501,0,0.0680897682905197
0,0.6512486338615417,0,0.3357263207435608,0,0.7381060123443604,0,0.8167178630828857
0,0.6534024477005005,0,0.3598709106445312,0,0.7732486128807068,0,0.8191817402839661
0,0.6300064921379089,0,0.3176740705966949,0,0.7295830249786377,0,0.7936086654663086
0,0.0088900402188301,0,0.0196958389133214,0,0.0301376264542341,0,0.016789361834526
0,0.007299615535885,0,0.018950942903757,0,0.0391647852957248,0,0.0160040240734815
0,0.0143814226612448,0,0.0301315560936927,0,0.0430600382387638,0,0.0320563279092311
0,0.0037101667840033,0,0.0176730342209339,0,0.0278311185538768,0,0.0101698925718665
0,0.0458316393196582,0,0.0253970511257648,0,0.0210985597223043,0,0.0104209976270794
0,0.0211544428020715,0,0.0315785221755504,0,0.0621298551559448,0,0.0205579679459333
0,0.8532251119613647,0,0.3911233246326446,0,0.6881638765335083,0,0.8406379818916321
0,0.5388880372047424,0,0.331276923418045,0,0.3097752928733825,0,0.5627385377883911
0,0.0199104491621255,0,0.0632608458399772,0,0.183961421251297,0,0.0335832610726356
0,0.0083227809518575,0,0.0186596680432558,0,0.0195959527045488,0,0.0008568533230572
0,0.0939406976103782,0,0.056123849004507,0,0.1370771527290344,0,0.0343083627521991
0,0.0026774907018989,0,0.0170570332556962,0,0.0134903099387884,0,0.0007970268488861
0,0.0107746869325637,0,0.0110479071736335,0,0.0093358736485242,0,0.001619279733859
0,0.0033830692991614,0,0.0102576026692986,0,0.0040879203006625,0,0.0012736225035041
0,0.0043994588777422,0,0.015590539202094,0,0.0076996278949081,0,0.0003784953732974
0,0.0030837405938655,0,0.0092741576954722,0,0.0037084226496517,0,0.0009433944942429
0,0.0041948435828089,0,0.0202755648642778,0,0.0149004748091101,0,0.0006906556664034
0,0.0190603211522102,0,0.0152554530650377,0,0.0152430450543761,0,0.0036278367042541
0,0.001794665469788,0,0.0078232167288661,0,0.0035471722949296,0,0.0008129280176945
0,0.6708405017852783,0,0.2899995446205139,0,0.3290455937385559,0,0.7589625120162964
0,0.0181958675384521,0,0.0267976447939872,0,0.0981867462396621,0,0.0031421666499227
0,0.000683105085045,0,0.012688816525042,0,0.0074859289452433,0,0.0007694117375649
0,0.0119451042264699,0,0.0251718424260616,0,0.0159202646464109,0,0.0122185610234737
0,0.0103110643103718,0,0.0214170143008232,0,0.0190696120262146,0,0.0109052537009119
0,0.0187868047505617,0,0.0247141737490892,0,0.0254265535622835,0,0.0129841351881623
1,0.1555364727973938,1,0.2753027081489563,1,0.773499071598053,1,0.6923115849494934
1,0.810219943523407,1,0.2576236724853515,1,0.1931918710470199,1,0.674174427986145
1,0.0700166746973991,1,0.2594029307365417,1,0.3462750613689422,1,0.652265191078186
1,0.0526930838823318,1,0.1020019650459289,1,0.2574619352817535,1,0.5341503620147705
1,0.3041767179965973,1,0.1196272894740104,1,0.2128904163837433,1,0.5432764887809753
1,0.8584204316139221,1,0.4517922699451446,1,0.7161667943000793,1,0.8106154203414917
1,0.977978765964508,1,0.3708847463130951,1,0.903608500957489,1,0.9381468296051024
1,0.0058881309814751,1,0.0311939194798469,1,0.0600816123187541,1,0.0158490948379039
1,0.0188576448708772,1,0.0436783917248249,1,0.3182922899723053,1,0.030443862080574
1,0.0604622513055801,1,0.0495980940759182,1,0.5104477405548096,1,0.1666872501373291
1,0.1409371793270111,1,0.0769711285829544,1,0.1561026573181152,1,0.4043715298175812
1,0.514106273651123,1,0.0972088053822517,1,0.5911151170730591,1,0.7022372484207153
1,0.3911327421665191,1,0.1042662411928176,1,0.1303131282329559,1,0.5146297216415405
1,0.3345527052879333,1,0.1210965812206268,1,0.2646980285644531,1,0.1859570145606994
1,0.1728459000587463,1,0.2675404846668243,1,0.4920912683010101,1,0.754172682762146
1,0.0083987927064299,1,0.0568190477788448,1,0.0149387335404753,1,0.0689830929040908
1,0.0404363423585891,1,0.1003418490290641,1,0.0285516623407602,1,0.2615975737571716
1,0.0405967980623245,1,0.0817694887518882,1,0.040945753455162,1,0.0108200926333665
1,0.2026267349720001,1,0.0646338537335395,1,0.2932891547679901,1,0.4909570515155792
1,0.4370186626911163,1,0.3128208518028259,1,0.6011783480644226,1,0.3582908809185028
1,0.2156624794006347,1,0.2474324405193328,1,0.709628701210022,1,0.687043309211731
1,0.8020461797714233,1,0.3756080865859985,1,0.7996975183486938,1,0.749664843082428
1,0.683704674243927,1,0.2758887112140655,1,0.7147039771080017,1,0.8861320614814758
1,0.0721132829785347,1,0.1112886145710945,1,0.2642486989498138,1,0.4346912801265716
1,0.0807604864239692,1,0.1212498247623443,1,0.2671691477298736,1,0.3320843875408172
1,0.3586097061634063,1,0.1406500041484832,1,0.3473957479000091,1,0.4431429207324981
0,0.0080723352730274,0,0.1780594289302826,0,0.4291419684886932,0,0.145712211728096
0,0.0051143746823072,0,0.1762830168008804,0,0.5316832065582275,0,0.1003659516572952
0,0.0166119169443845,0,0.0328644625842571,0,0.0263789277523756,0,0.050441388040781
0,0.0254074353724718,0,0.037325233221054,0,0.0237369555979967,0,0.0045504141598939
0,0.0176687948405742,0,0.0278226323425769,0,0.0281188264489173,0,0.0102486507967114
0,0.4530308842658996,0,0.3385394811630249,0,0.6185896396636963,0,0.6091558337211609
0,0.0050156638026237,0,0.0717626065015792,0,0.0332817398011684,0,0.030814716592431
0,0.0041653183288872,0,0.0153693901374936,0,0.0072951009497046,0,0.0056258006952703
0,0.1170487180352211,0,0.3105116784572601,0,0.4300927817821502,0,0.2974334359169006
0,0.009286118671298,0,0.0438681840896606,0,0.0077142650261521,0,0.0155829302966594
0,0.0039082691073417,0,0.0838257223367691,0,0.0418762303888797,0,0.0397610701620578
0,0.0029652863740921,0,0.0241689439862966,0,0.0753072574734687,0,0.0045808511786162
0,0.0045783407986164,0,0.0357051193714141,0,0.312809556722641,0,0.0368189886212348
0,0.4115253984928131,0,0.3222135603427887,0,0.7513397932052612,0,0.7177615165710449
0,0.012073777616024,0,0.0139224864542484,0,0.1856341958045959,0,0.002524568233639
0,0.0060911565087735,0,0.0371464379131794,0,0.0070073646493256,0,0.0073196669109165
0,0.0030652175191789,0,0.0976509228348732,0,0.0164967682212591,0,0.0002745939127635
0,0.0033663869835436,0,0.0547974184155464,0,0.0281996596604585,0,0.0094773704186081
0,0.0089503219351172,0,0.0762779042124748,0,0.0721597522497177,0,0.0378317758440971
0,0.5213348865509033,0,0.2880689203739166,0,0.3840392529964447,0,0.7847230434417725
0,0.0813680961728096,0,0.1189563572406768,0,0.1513837724924087,0,0.1265759766101837
0,0.0053595579229295,0,0.036546416580677,0,0.0208072401583194,0,0.0176036059856414
0,0.0064468439668416,0,0.1751220524311065,0,0.016215905547142,0,0.0007354649133048
0,0.0115692522376775,0,0.0213904585689306,0,0.0415084026753902,0,0.0038278803694993
0,0.0096289943903684,0,0.0377283245325088,0,0.0061601814813911,0,0.0019577837083488
0,0.0362916253507137,0,0.0628535822033882,0,0.0102918902412056,0,0.0137620596215128
0,0.0084966272115707,0,0.0223150793462991,0,0.0156576372683048,0,0.0019839373417198
0,0.0119445761665701,0,0.0344001613557338,0,0.0060490961186587,0,0.0010967175476253
0,0.0142298340797424,0,0.0370291173458099,0,0.00523660518229,0,0.0009155561565421
0,0.0024553020484745,0,0.0186254177242517,0,0.0182572435587644,0,0.0088278278708457
0,0.2160719931125641,0,0.1307806074619293,0,0.6923359632492065,0,0.6046547889709473
0,0.4269628822803497,0,0.2478186041116714,0,0.6852884888648987,0,0.6556693911552429
0,0.8616842031478882,0,0.1989758312702179,0,0.4609691500663757,0,0.8168548345565796
0,0.5600240230560303,0,0.1485857665538787,0,0.2204349040985107,0,0.3222666978836059
0,0.075226791203022,0,0.0825967341661453,0,0.6619163751602173,0,0.1201979592442512
0,0.323047786951065,0,0.1987725645303726,0,0.5774450898170471,0,0.4388691484928131
0,0.023977942764759,0,0.0300465803593397,0,0.0341137796640396,0,0.0475722998380661
0,0.0163841322064399,0,0.0384669005870819,0,0.0293732993304729,0,0.1577064394950866
0,0.0363316051661968,0,0.0219489764422178,0,0.2347080409526825,0,0.0056935520842671
0,0.019673990085721,0,0.0384516976773738,0,0.0282716341316699,0,0.1538665443658828
0,0.046146634966135,0,0.0201305709779262,0,0.03450683131814,0,0.0113202789798378
0,0.0087440451607108,0,0.0310220289975404,0,0.0176719259470701,0,0.0950063243508338
0,0.0259803999215364,0,0.0230803824961185,0,0.325030118227005,0,0.0073796766810119
0,0.0059717306867241,0,0.0303941629827022,0,0.0057223760522902,0,0.008974271826446
0,0.0105519676581025,0,0.013451344333589,0,0.0146782118827104,0,0.0009711143211461
0,0.0094363568350672,0,0.0166303012520074,0,0.0629618763923645,0,0.0203486215323209
0,0.0376861169934272,0,0.0290100648999214,0,0.0884494706988334,0,0.4754196107387543
0,0.1231404915452003,0,0.0792051553726196,0,0.0289969239383935,0,0.006885590031743
0,0.0585929863154888,0,0.0600532852113246,0,0.0301297660917043,0,0.0035767946392297
0,0.1943303942680359,0,0.0928496941924095,0,0.0646576136350631,0,0.022182298824191
0,0.1066953018307685,0,0.0328214615583419,0,0.0631405785679817,0,0.007590175140649
0,0.0601222068071365,0,0.0252185370773077,0,0.0326719358563423,0,0.0046225753612816
0,0.3438026905059814,0,0.0588746443390846,0,0.1247167140245437,0,0.0383738242089748
0,0.0201887376606464,0,0.0120441243052482,0,0.0387342609465122,0,0.0785459801554679
0,0.0025520347990095,0,0.0348542891442775,0,0.0585567131638526,0,0.013057411648333
0,0.0021651468705385,0,0.0289014521986246,0,0.0030651343986392,0,0.0088633000850677
0,0.00271952082403,0,0.0088349822908639,0,0.0064610098488628,0,0.0002866523282136
0,0.6149647235870361,0,0.1555392295122146,0,0.3347209095954895,0,0.6496366262435913
0,0.0121077178046107,0,0.0593411549925804,0,0.0405188016593456,0,0.0124482754617929
0,0.0381262004375457,0,0.0184501372277736,0,0.2601856887340545,0,0.0497532039880752
0,0.076661042869091,0,0.0277819614857435,0,0.37785404920578,0,0.0723842456936836
0,0.0261666122823953,0,0.0397636294364929,0,0.0308874770998954,0,0.0040868194773793
0,0.0387403927743434,0,0.0658876746892929,0,0.0179795585572719,0,0.0149222314357757
0,0.0042623551562428,0,0.0161706674844026,0,0.0035979198291897,0,0.0006434988463297
0,0.0119302049279212,0,0.0358502008020877,0,0.0401894301176071,0,0.0019681341946125
0,0.0103214150294661,0,0.0273860581219196,0,0.0032469064462929,0,0.0008055783691816
0,0.0129398871213197,0,0.0374122820794582,0,0.0613156519830226,0,0.0038833694998174
0,0.0106145460158586,0,0.0267612282186746,0,0.0034863105975091,0,0.0010398918529972
0,0.0031665011774748,0,0.0466663166880607,0,0.0529901497066021,0,0.03401455655694
0,0.00714723020792,0,0.0770070850849151,0,0.0834647268056869,0,0.2310956865549087
0,0.0184348318725824,0,0.0490552820265293,0,0.0857807472348213,0,0.0005456897197291
0,0.0015264824032783,0,0.0932712033390998,0,0.0112166982144117,0,0.0017498353263363
0,0.0009722243412397,0,0.0172271896153688,0,0.0046780309639871,0,0.0002505314478185
0,0.0011045282008126,0,0.056061927229166,0,0.0053145084530115,0,0.0013012066483497
0,0.0679016187787056,0,0.0183019451797008,0,0.1333620548248291,0,0.344856858253479
0,0.0038574277423322,0,0.0229926072061061,0,0.0057791420258581,0,0.0169867668300867
0,0.2903823852539062,0,0.1703879982233047,0,0.6305656433105469,0,0.6051108241081238
0,0.0197885762900114,0,0.0603956803679466,0,0.0290657989680767,0,0.1169122606515884
0,0.0021398703102022,0,0.011093090288341,0,0.0123811848461627,0,0.0001844924845499
0,0.0102210780605673,0,0.0267132185399532,0,0.0070873228833079,0,0.0123157426714897
0,0.0157956108450889,0,0.056483969092369,0,0.0337541364133358,0,0.1645421087741851
0,0.0139131229370832,0,0.0352732650935649,0,0.0136256860569119,0,0.0325147435069084
0,0.0048513361252844,0,0.0156814660876989,0,0.0336854346096515,0,0.016060909256339
0,0.0096754692494869,0,0.0310570523142814,0,0.0350452847778797,0,0.0017546269809827
0,0.0066980044357478,0,0.0287684146314859,0,0.0248962957412004,0,0.0065141250379383
0,0.1924816817045211,0,0.0889265313744545,0,0.2966375052928924,0,0.2239181697368621
0,0.0712132304906845,0,0.0919735506176948,0,0.3288377523422241,0,0.1549344360828399
0,0.031278409063816,0,0.0357661768794059,0,0.1120431274175643,0,0.019660048186779
0,0.0350241176784038,0,0.0422567166388034,0,0.1345851123332977,0,0.0393787249922752
0,0.1386472582817077,0,0.0867240950465202,0,0.2457051575183868,0,0.2525065243244171
0,0.0169585477560758,0,0.0539856776595115,0,0.0669717639684677,0,0.035647515207529
0,0.0207151398062706,0,0.0765243545174598,0,0.0874781906604766,0,0.083485223352909
0,0.0177975706756114,0,0.0690822452306747,0,0.0267206523567438,0,0.1243984699249267
0,0.0402026958763599,0,0.0967596024274826,0,0.2355710566043853,0,0.0731731280684471
0,0.013965543359518,0,0.0482672862708568,0,0.0180491209030151,0,0.0412937551736831
0,0.4658076167106628,0,0.2935382127761841,0,0.6057701706886292,0,0.7391315698623657
0,0.1403237581253051,0,0.2347950190305709,0,0.5159122347831726,0,0.5656072497367859
0,0.4947884678840637,0,0.2019679844379425,0,0.6425499320030212,0,0.875271201133728
0,0.0117782093584537,0,0.0293883830308914,0,0.034875925630331,0,0.0999674052000045
0,0.0021653631702065,0,0.0115395383909344,0,0.0136792315170168,0,0.0010271824430674
0,0.0033060889691114,0,0.0108160758391022,0,0.0314452424645423,0,0.0018921617884188
0,0.0134880496188998,0,0.0152020286768674,0,0.0488751642405986,0,0.0026198120322078
0,0.0166988223791122,0,0.0123768066987395,0,0.0235100723803043,0,0.1432771980762481
0,0.0044332495890557,0,0.0122555717825889,0,0.0463162325322628,0,0.0018076486885547
0,0.0650704652070999,0,0.0762572512030601,0,0.0191736444830894,0,0.0128234112635254
0,0.0131424413993954,0,0.0132756102830171,0,0.0209718812257051,0,0.095346063375473
0,0.1277306824922561,0,0.0526867657899856,0,0.0288781151175498,0,0.1884798258543014
0,0.0046410574577748,0,0.0212673526257276,0,0.0093631763011217,0,0.0156995467841625
0,0.0033267762046307,0,0.01602846942842,0,0.0116008445620536,0,0.0112094925716519
0,0.0160584058612585,0,0.0228703748434782,0,0.0140140866860747,0,0.0540909618139267
0,0.003240380436182,0,0.0231511145830154,0,0.0118193794041872,0,0.0150527916848659
0,0.6089540123939514,0,0.19595268368721,0,0.6995436549186707,0,0.6823326349258423
0,0.0462572425603866,0,0.033108189702034,0,0.0353360660374164,0,0.0625076368451118
0,0.0230901297181844,0,0.0269692223519086,0,0.0200166497379541,0,0.038467064499855
0,0.0749531462788581,0,0.0260361284017562,0,0.0321680456399917,0,0.0906989276409149
0,0.0359315425157547,0,0.0297945141792297,0,0.034297302365303,0,0.0436180718243122
0,0.663912296295166,0,0.185294896364212,0,0.6110134124755859,0,0.5296971797943115
0,0.0203144140541553,0,0.0237423218786716,0,0.0044487216509878,0,0.0111126871779561
0,0.0421495474874973,0,0.0321224592626094,0,0.0393257290124893,0,0.0643920823931694
0,0.0312172435224056,0,0.0251387525349855,0,0.0211612805724143,0,0.0577551610767841
0,0.6028620004653931,0,0.1942760199308395,0,0.6588685512542725,0,0.5591205954551697
0,0.0064156739972531,0,0.0289904922246933,0,0.0154898408800363,0,0.0218811184167861
0,0.009923311881721,0,0.0212991070002317,0,0.0174875631928443,0,0.0089101996272802
0,0.0047326236963272,0,0.0335987620055675,0,0.0219822134822607,0,0.0301928129047155
0,0.2463060915470123,0,0.3195433616638183,0,0.2404195070266723,0,0.876248300075531
0,0.1436232328414917,0,0.1720213741064071,0,0.3186213970184326,0,0.612601637840271
0,0.0087066665291786,0,0.0257132165133953,0,0.0186589825898408,0,0.065982773900032
0,0.0157210323959589,0,0.0535689443349838,0,0.0479521080851554,0,0.0166162103414535
0,0.1235735267400741,0,0.0787439495325088,0,0.2373284548521042,0,0.6584585905075073
0,0.0012020436115562,0,0.0189114715903997,0,0.0017029412556439,0,0.0001579000672791
0,0.0304478965699672,0,0.1201718300580978,0,0.1255374997854232,0,0.2645951509475708
0,0.1834379285573959,0,0.1268185377120971,0,0.2751149535179138,0,0.235975444316864
0,0.1687732189893722,0,0.1834647357463836,0,0.5571382641792297,0,0.6601510643959045
0,0.8976450562477112,0,0.2922619879245758,0,0.9211631417274476,0,0.7249508500099182
0,0.3924779891967773,0,0.3024888038635254,0,0.8673251867294312,0,0.9066970348358154
0,0.5644903779029846,0,0.3023308217525482,0,0.470609575510025,0,0.5681427717208862
0,0.0047446954995393,0,0.0133680654689669,0,0.0032903463579714,0,7.101750816218555e-05
0,0.0057769725099205,0,0.0168433040380477,0,0.006393504794687,0,0.0006117628654465
0,0.1302587389945984,0,0.089943841099739,0,0.6462335586547852,0,0.291483074426651
0,0.1074581518769264,0,0.0439456887543201,0,0.2200371474027633,0,0.1150812953710556
0,0.0017832858720794,0,0.021062834188342,0,0.0091822259128093,0,0.0004878626787103
0,0.0392655581235885,0,0.0153088914230465,0,0.0822130665183067,0,0.0149134499952197
0,0.035926979035139,0,0.0823249965906143,0,0.0371884033083915,0,0.0025933166034519
0,0.0071738623082637,0,0.0268835257738828,0,0.0045833000913262,0,0.0104687102138996
0,0.0072138952091336,0,0.0201756227761507,0,0.0078396750614047,0,0.0046032601967453
0,0.0597725585103035,0,0.042801659554243,0,0.0139841251075267,0,0.2535290718078613
0,0.0893521159887313,0,0.2102647423744201,0,0.0460849702358245,0,0.268196702003479
0,0.0117435315623879,0,0.0283857658505439,0,0.0080091934651136,0,0.0197723750025033
0,0.0221243612468242,0,0.0824190825223922,0,0.202949047088623,0,0.3594491183757782
0,0.037520196288824,0,0.0625409856438636,0,0.252152144908905,0,0.0435801930725574
0,0.6091482639312744,0,0.2982891201972961,0,0.4304454624652862,0,0.0396235957741737
0,0.0153447305783629,0,0.2032220363616943,0,0.2382833212614059,0,0.0732761919498443
0,0.125177577137947,0,0.2293664962053299,0,0.2505614459514618,0,0.0080234883353114
0,0.0273898690938949,0,0.0691286996006965,0,0.2038380056619644,0,0.2198299318552017
0,0.1231740787625312,0,0.1921925097703933,0,0.1973046213388443,0,0.0063583869487047
0,0.0170197784900665,0,0.2117096781730651,0,0.2985953986644745,0,0.076480396091938
0,0.0596019476652145,0,0.1139957383275032,0,0.2726078629493713,0,0.3736090660095215
0,0.0474367290735244,0,0.0566728897392749,0,0.0982884913682937,0,0.017779791727662
0,0.0063060885295271,0,0.0364332273602485,0,0.0104656442999839,0,0.0094539923593401
0,0.0210399478673934,0,0.203538715839386,0,0.3213880360126495,0,0.1050146371126174
0,0.0629246234893798,0,0.0291130207479,0,0.0141803566366434,0,0.0020669733639806
0,0.3062069416046142,0,0.2349496930837631,0,0.5088517069816589,0,0.621110200881958
0,0.0296565294265747,0,0.0501715950667858,0,0.0897381007671356,0,0.0915069729089737
0,0.0818218290805816,0,0.0563924312591552,0,0.1031146645545959,0,0.43599733710289
0,0.0232695341110229,0,0.0496306344866752,0,0.0910072699189186,0,0.1651384383440017
0,0.2351574003696441,0,0.2964728772640228,0,0.2437139898538589,0,0.7053504586219788
0,0.7150815725326538,0,0.2599597871303558,0,0.2352679073810577,0,0.8198741674423218
0,0.7072588801383972,0,0.304156482219696,0,0.3893901109695434,0,0.7812621593475342
0,0.0075502921827137,0,0.0332184620201587,0,0.008229331113398,0,0.0168256387114524
0,0.0061470055952668,0,0.1128714233636856,0,0.0215013343840837,0,0.0057677123695611
0,0.0124475015327334,0,0.1339404433965683,0,0.0254944898188114,0,0.0081519139930605
0,0.006797740701586,0,0.0934303477406501,0,0.1406721025705337,0,0.0225555934011936
0,0.0013739621499553,0,0.0612375251948833,0,0.0349652357399463,0,0.0043051419779658
0,0.0010687485337257,0,0.0708025246858596,0,0.0578429140150547,0,0.01257477235049
0,0.0149866007268428,0,0.0960110872983932,0,0.1226056367158889,0,0.0376566983759403
0,0.0011226357892155,0,0.0830101892352104,0,0.0513261407613754,0,0.027358153834939
0,0.0247071627527475,0,0.2326243221759796,0,0.3673235177993774,0,0.1486883610486984
0,0.0312753245234489,0,0.0336951501667499,0,0.1507708430290222,0,0.3965088129043579
0,0.0722404345870018,0,0.0387430228292942,0,0.2311151772737503,0,0.4007522165775299
0,0.0985757037997245,0,0.0637953877449035,0,0.3594346046447754,0,0.5676324963569641
0,0.006270969286561,0,0.0454360283911228,0,0.0071096178144216,0,0.0270763542503118
0,0.0095998821780085,0,0.0618323348462581,0,0.0054770456627011,0,0.0085417618975043
0,0.0154711119830608,0,0.0295985434204339,0,0.0024224712979048,0,0.0082082757726311
0,0.0661621615290641,0,0.0654798820614814,0,0.0070384093560278,0,0.0725082010030746
0,0.0042610946111381,0,0.1179675161838531,0,0.1276473701000213,0,0.0380779318511486
0,0.0017908385489135,0,0.0380372554063797,0,0.0155840199440717,0,0.0710176676511764
0,0.0044628661125898,0,0.1271963119506836,0,0.1361524164676666,0,0.0377899967133998
0,0.0019117476185783,0,0.0598502978682518,0,0.0240584108978509,0,0.0619667470455169
0,0.0061862114816904,0,0.061930563300848,0,0.0108497226610779,0,0.00588513398543
0,0.0166039112955331,0,0.0365007184445858,0,0.1084623336791992,0,0.0025950206909328
0,0.0019713183864951,0,0.0063939350657165,0,0.0083622289821505,0,0.0002397501812083
0,0.0120934164151549,0,0.0328247211873531,0,0.0759315714240074,0,0.0025174578186124
0,0.0016373449470847,0,0.0083045549690723,0,0.007258113939315,0,0.000472546875244
0,0.0073874169029295,0,0.020009484142065,0,0.0399200320243835,0,0.0005342623917385
0,0.0048403306864202,0,0.0094641959294676,0,0.050402645021677,0,0.0389010980725288
0,0.0022021040786057,0,0.0213998965919017,0,0.0892250165343284,0,0.0008175338734872
0,0.0052211307920515,0,0.0101669514551758,0,0.0432034991681575,0,0.0508419089019298
0,0.0021092561073601,0,0.0227993223816156,0,0.0040974104776978,0,0.0004141745448578
0,0.0016345131443813,0,0.020720025524497,0,0.04270701110363,0,0.0013242256827652
0,0.0063891047611832,0,0.0095057599246501,0,0.0666353479027748,0,0.0601249150931835
0,0.0035652676597237,0,0.0334924682974815,0,0.1593680381774902,0,0.0091744065284729
0,0.0332639962434768,0,0.0752690583467483,0,0.0045781037770211,0,0.0204539094120264
0,0.0178919732570648,0,0.0239958837628364,0,0.0031797075644135,0,0.0006205042009241
0,0.0229633096605539,0,0.040886715054512,0,0.0171367321163415,0,0.0276007708162069
0,0.010014927946031,0,0.0501359291374683,0,0.0761051252484321,0,0.0091958446428179
0,0.003556077601388,0,0.0594670996069908,0,0.0064534842967987,0,0.0009673121385276
0,0.002577984239906,0,0.035507071763277,0,0.0043603219091892,0,0.0024130770470947
0,0.6734113097190857,0,0.316509336233139,0,0.6753144860267639,0,0.8291884660720825
0,0.7118451595306396,0,0.3089684247970581,0,0.6970999240875244,0,0.7898776531219482
0,0.7447044253349304,0,0.3592104017734527,0,0.7166327834129333,0,0.8434824347496033
0,0.049223106354475,0,0.0419058091938495,0,0.0176772326231002,0,0.006063338369131
0,0.0400568656623363,0,0.2205428779125213,0,0.5147250890731812,0,0.1604493856430053
0,0.0042828423902392,0,0.0405246615409851,0,0.0110632721334695,0,0.0531738363206386
0,0.05101228505373,0,0.0354732945561409,0,0.0138980001211166,0,0.0033917231485247
0,0.050989955663681,0,0.0369333140552043,0,0.1122271865606308,0,0.1667332202196121
0,0.0038607199676334,0,0.0810842812061309,0,0.0419956035912036,0,0.076525293290615
0,0.0219572931528091,0,0.0190788973122835,0,0.0124406702816486,0,0.0006478450959548
0,0.0195777304470539,0,0.050747312605381,0,0.5091906785964966,0,0.102972574532032
0,0.0031195098999887,0,0.0370441749691963,0,0.0109960604459047,0,0.0297835171222686
0,0.3970918357372284,0,0.1870982348918914,0,0.5896040201187134,0,0.6876086592674255
0,0.0296352468430995,0,0.0741583257913589,0,0.3804305493831634,0,0.0996674299240112
0,0.080599159002304,0,0.0162268932908773,0,0.0100449547171592,0,0.0021553440019488
0,0.0513628348708152,0,0.0770870819687843,0,0.4261552989482879,0,0.1310294866561889
0,0.0289253573864698,0,0.0190925244241952,0,0.0129446741193532,0,0.0021042118314653
0,0.0285976454615592,0,0.0649290680885315,0,0.4181885421276092,0,0.1092680096626281
0,0.0575179085135459,0,0.0197716634720563,0,0.0091107171028852,0,0.002470011357218
0,0.0526168830692768,0,0.1041427925229072,0,0.0238468460738658,0,0.0652631893754005
0,0.0038117063231766,0,0.0232148878276348,0,0.0055760187096893,0,0.0003473365213721
0,0.0485759675502777,0,0.0973514467477798,0,0.0101561406627297,0,0.0700490474700927
0,0.0010006941156461,0,0.0077882586047053,0,0.0037928537931293,0,0.0005254646530374
0,0.6511616110801697,0,0.0894950553774833,0,0.5839849710464478,0,0.7497420907020569
0,0.8558762073516846,0,0.36237633228302,0,0.8438723087310791,0,0.9174296855926514
0,0.1674041450023651,0,0.1178112924098968,0,0.5750979781150818,0,0.576728343963623
0,0.1286202371120453,0,0.0761471837759018,0,0.2848366200923919,0,0.2357197552919387
0,0.771591067314148,0,0.3655986189842224,0,0.7883917689323425,0,0.9205982089042664
0,0.2697273790836334,0,0.1537899374961853,0,0.6762097477912903,0,0.7560511231422424
0,0.1552380621433258,0,0.0976828411221504,0,0.3880655467510223,0,0.276698887348175
0,0.0039571924135088,0,0.0149528579786419,0,0.0128887118771672,0,0.0013450365513563
0,0.6121693253517151,0,0.3829985857009887,0,0.79632568359375,0,0.913087010383606
0,0.2604872286319732,0,0.1239898279309272,0,0.7303226590156555,0,0.8693888783454895
0,0.2129093557596206,0,0.1253470778465271,0,0.3673523962497711,0,0.2896953225135803
0,0.0029108978342264,0,0.0175288040190935,0,0.0106521546840667,0,0.0006763570709154
0,0.043165847659111,0,0.0483627058565616,0,0.3874461054801941,0,0.1028404235839843
0,0.0571418106555938,0,0.1329799443483352,0,0.186307743191719,0,0.1890828013420105
1,0.4215907156467438,1,0.1257212460041046,1,0.7656961679458618,1,0.6009290814399719
1,0.2967551946640014,1,0.404310405254364,1,0.6772992014884949,1,0.3230250477790832
1,0.291867583990097,1,0.3760390877723694,1,0.5919618010520935,1,0.1893258243799209
1,0.3030275702476501,1,0.2743773758411407,1,0.5837564468383789,1,0.6447467803955078
1,0.7477926015853882,1,0.3876583874225616,1,0.8676820993423462,1,0.8839971423149109
1,0.6146782636642456,1,0.3307026624679565,1,0.6305970549583435,1,0.7400305867195129
1,0.0796979665756225,1,0.0726704970002174,1,0.1865812540054321,1,0.1290013492107391
1,0.4021040499210357,1,0.1284770518541336,1,0.5883074402809143,1,0.7004612684249878
1,0.1054596155881881,1,0.0839556232094764,1,0.2419498115777969,1,0.6348211169242859
1,0.4164661169052124,1,0.2384934425354004,1,0.4497692584991455,1,0.6393337249755859
1,0.1972212344408035,1,0.0527681000530719,1,0.4499669671058655,1,0.092372253537178
1,0.7509504556655884,1,0.1828803718090057,1,0.7820502519607544,1,0.8358758687973022
1,0.0885071605443954,1,0.026036350056529,1,0.0450862124562263,1,0.0022310300264507
1,0.3664446175098419,1,0.2215110212564468,1,0.586546778678894,1,0.714549720287323
1,0.6404283046722412,1,0.2674382925033569,1,0.6598740816116333,1,0.798816442489624
1,0.76714688539505,1,0.3154168426990509,1,0.8133534789085388,1,0.8976415991783142
1,0.555761456489563,1,0.2720477283000946,1,0.3932084441184997,1,0.6370895504951477
1,0.2899600863456726,1,0.139552503824234,1,0.661720871925354,1,0.5369147658348083
1,0.917140781879425,1,0.4158448874950409,1,0.5521489977836609,1,0.7354367971420288
1,0.4629557430744171,1,0.1895844787359237,1,0.5287473797798157,1,0.3411652743816376
1,0.4260757863521576,1,0.1144765615463256,1,0.3659099042415619,1,0.1126720160245895
1,0.5626306533813477,1,0.208327516913414,1,0.6077964305877686,1,0.5532086491584778
1,0.0550160631537437,1,0.1016489788889885,1,0.022672526538372,1,0.1065992191433906
1,0.686730146408081,1,0.1832593828439712,1,0.5337895154953003,1,0.5017761588096619
1,0.780563473701477,1,0.3261281251907348,1,0.6236206293106079,1,0.8088629841804504
1,0.0930075421929359,1,0.1355666071176529,1,0.2170451134443283,1,0.0381698682904243
1,0.9818450212478638,1,0.4859184920787811,1,0.9352022409439088,1,0.9591505527496338
0,0.0210655592381954,0,0.0716445222496986,0,0.2065554857254028,0,0.1330991089344024
0,0.0161353014409542,0,0.0250736605376005,0,0.0176435969769954,0,0.0174647681415081
0,0.001089212601073,0,0.008944178931415,0,0.0085923755541443,0,0.0004456698079593
0,0.0009809756884351,0,0.0084137124940752,0,0.0074403639882802,0,0.0006397691904567
0,0.0151022542268037,0,0.0471902713179588,0,0.0110924532637,0,0.0056368708610534
0,0.7336618900299072,0,0.220546543598175,0,0.2085228860378265,0,0.7765361666679382
0,0.0471763536334037,0,0.0390060320496559,0,0.0188603829592466,0,0.0073844278231263
0,0.6567695140838623,0,0.1630193591117859,0,0.2876788675785064,0,0.8706756234169006
0,0.0336484424769878,0,0.0383007079362869,0,0.0273912027478218,0,0.0203852858394384
0,0.0180408470332622,0,0.0479500889778137,0,0.0254105236381292,0,0.011645944789052
0,0.0114557426422834,0,0.0384987965226173,0,0.0149948522448539,0,0.006571025121957
0,0.0343813523650169,0,0.0537529624998569,0,0.1958688199520111,0,0.033867560327053
0,0.701831042766571,0,0.3663811683654785,0,0.742494523525238,0,0.976292073726654
0,0.0853155553340911,0,0.0533999651670455,0,0.0164079722017049,0,0.0557989925146102
0,0.1019801571965217,0,0.2439861297607422,0,0.310197651386261,0,0.6643338799476624
0,0.2653852701187134,0,0.1065145060420036,0,0.1406149268150329,0,0.087960347533226
0,0.0400973446667194,0,0.06434828042984,0,0.102379024028778,0,0.028963828459382
0,0.1275242120027542,0,0.0953384041786193,0,0.0978903919458389,0,0.0401464477181434
0,0.1071127206087112,0,0.0415511205792427,0,0.0487888753414154,0,0.0209915973246097
0,0.2464436292648315,0,0.0825676172971725,0,0.0955476537346839,0,0.082965463399887
0,0.1761825531721115,0,0.2015068531036377,0,0.1752506345510482,0,0.1501092314720153
0,0.0813902094960212,0,0.2019637078046798,0,0.3120325803756714,0,0.2008509486913681
0,0.9508992433547974,0,0.4174789488315582,0,0.6672013401985168,0,0.9656517505645752
0,0.0144611112773418,0,0.030527850612998,0,0.0085773635655641,0,0.0074453274719417
0,0.2131927609443664,0,0.0873383954167366,0,0.2118696570396423,0,0.1848837286233902
0,0.2159478366374969,0,0.0890295803546905,0,0.2264646589756012,0,0.3495785295963287
0,0.0404621325433254,0,0.0583375729620456,0,0.0442488975822925,0,0.0633503869175911
0,0.6614822745323181,0,0.2190336883068084,0,0.1133302375674247,0,0.8120342493057251
0,0.4175147712230682,0,0.173049196600914,0,0.2048766613006591,0,0.7309492826461792
0,0.0039519066922366,0,0.0239451006054878,0,0.0461725369095802,0,0.0032793227583169
0,0.0526087693870067,0,0.0480736754834651,0,0.0318136550486087,0,0.0011006366694346
0,0.0094192111864686,0,0.0579276531934738,0,0.0073688770644366,0,0.023978492245078
0,0.012097718194127,0,0.0946600064635276,0,0.0353265888988971,0,0.0113792521879076
0,0.1822883486747741,0,0.0258036348968744,0,0.1677871197462082,0,0.13860984146595
0,0.0059195677749812,0,0.0327193029224872,0,0.0214880891144275,0,0.0003854994138237
0,0.0301349610090255,0,0.059882964938879,0,0.0653172209858894,0,0.002319908933714
0,0.0016536524053663,0,0.0104900514706969,0,0.0056259310804307,0,8.37984262034297e-05
0,0.0026532993651926,0,0.0137656843289732,0,0.0070825321599841,0,0.0007463194197043
0,0.0129665527492761,0,0.0232789814472198,0,0.0079519376158714,0,0.0272000823169946
0,0.010533245280385,0,0.0180735923349857,0,0.0117811672389507,0,0.0018444159068167
0,0.0056199324317276,0,0.0631774440407753,0,0.0280120633542537,0,0.0348108634352684
0,0.1202493757009506,0,0.170225128531456,0,0.1242695301771164,0,0.3288253843784332
0,0.0086078736931085,0,0.0205531828105449,0,0.0111661683768033,0,0.0373210534453392
0,0.0017938901437446,0,0.0173972938209772,0,0.0158279258757829,0,0.0020352469291538
0,0.0084532294422388,0,0.0282081998884677,0,0.0130865965038537,0,0.0033658668398857
0,0.0031566624529659,0,0.0438324250280857,0,0.0214003510773181,0,0.0199996549636125
0,0.02109313942492,0,0.0606311783194541,0,0.0322829820215702,0,0.0300365816801786
0,0.2545728683471679,0,0.1762317270040512,0,0.5219398736953735,0,0.4948088228702545
0,0.0432856231927871,0,0.042712777853012,0,0.031842540949583,0,0.0149423200637102
0,0.1073531210422515,0,0.2018966674804687,0,0.4573307633399963,0,0.5192869901657104
0,0.0366441123187541,0,0.1344280242919922,0,0.3749802410602569,0,0.2286217659711837
0,0.0134910019114613,0,0.0281186420470476,0,0.0194848831743001,0,0.0030472930520772
0,0.0457018688321113,0,0.1816494762897491,0,0.2947456538677215,0,0.244331955909729
0,0.0380959250032901,0,0.1429209411144256,0,0.2422254979610443,0,0.2678510546684265
0,0.0159223731607198,0,0.0348077043890953,0,0.0594255812466144,0,0.0024263716768473
0,0.0215486101806163,0,0.041795078665018,0,0.0528335347771644,0,0.0042979712598025
0,0.0322688333690166,0,0.0374115779995918,0,0.0695360228419303,0,0.0055696531198918
0,0.002218589419499,0,0.0093388324603438,0,0.0100344289094209,0,0.0034193664323538
0,0.0016111027216538,0,0.0103153130039572,0,0.0102493911981582,0,0.0051498860120773
0,0.0313292481005191,0,0.0583766177296638,0,0.008452701382339,0,0.0524067692458629
0,0.0093335406854748,0,0.0206692852079868,0,0.0072746276855468,0,0.0001930787257151
0,0.0023228419013321,0,0.0094553809612989,0,0.0257150642573833,0,0.0033871293999254
0,0.0147166112437844,0,0.0302753746509552,0,0.0097175855189561,0,0.0318694487214088
0,0.0169877465814352,0,0.0194918867200613,0,0.0075927576981484,0,0.0002292294084327
0,0.0017565883463248,0,0.0104353660717606,0,0.0273930579423904,0,0.0101345777511596
0,0.0018169899703934,0,0.028465449810028,0,0.0125375157222151,0,0.0080023473128676
0,0.0081242397427558,0,0.0241995193064212,0,0.041718740016222,0,0.0034774525556713
0,0.003725117072463,0,0.0099036637693643,0,0.0034888959489762,0,0.0033092140220105
0,0.0070529375225305,0,0.0344080775976181,0,0.0733004361391067,0,0.0041955905035138
0,0.0054269917309284,0,0.0157864652574062,0,0.0024455157108604,0,0.0026187670882791
0,0.760627031326294,0,0.1657759994268417,0,0.1369925290346145,0,0.3850132822990417
0,0.0034240477252751,0,0.019106363877654,0,0.0117694269865751,0,0.0002288668911205
0,0.0202431418001651,0,0.0316692627966403,0,0.0396516472101211,0,0.0062848166562616
0,0.0221502911299467,0,0.0752085000276565,0,0.032013963907957,0,0.0509552508592605
0,0.0185743160545825,0,0.0820168629288673,0,0.0328326486051082,0,0.0251261591911315
0,0.0053043747320771,0,0.0371711403131485,0,0.010185370221734,0,0.0023520018439739
0,0.4312896728515625,0,0.1892174780368805,0,0.636661946773529,0,0.6602845191955566
0,0.6092878580093384,0,0.2033422887325287,0,0.2777972817420959,0,0.5841218829154968
0,0.3343865573406219,0,0.106955774128437,0,0.3220576643943786,0,0.5643231272697449
0,0.3605715632438659,0,0.119085855782032,0,0.3082561492919922,0,0.6017431616783142
0,0.5073855519294739,0,0.1236859411001205,0,0.6163886189460754,0,0.8313653469085693
0,0.0620432682335376,0,0.0822478383779525,0,0.2171946167945861,0,0.6560057401657104
0,0.0033165528438985,0,0.0314260311424732,0,0.0027573455590754,0,0.0022100631613284
0,0.0044301650486886,0,0.0562191866338253,0,0.0032826382666826,0,0.0057626636698842
0,0.0093502299860119,0,0.0950194671750068,0,0.0053154691122472,0,0.006568927783519
0,0.0336726941168308,0,0.107681505382061,0,0.3171057999134063,0,0.1029122024774551
0,0.0038299921434372,0,0.0151728466153144,0,0.0066946134902536,0,0.0006888040225021
0,0.0473224706947803,0,0.0968717187643051,0,0.1509480029344558,0,0.185392215847969
0,0.6374662518501282,0,0.0691719278693199,0,0.1685538291931152,0,0.544992983341217
0,0.0043454836122691,0,0.0374614559113979,0,0.0863929390907287,0,0.002985009457916
0,0.0017950995825231,0,0.0229056775569915,0,0.0127531830221414,0,0.0012049248907715
0,0.0139221679419279,0,0.0571169592440128,0,0.0484896004199981,0,0.0329263433814048
0,0.018758350983262,0,0.031744334846735,0,0.0675393790006637,0,0.0248667206615209
0,0.0067540137097239,0,0.02375422231853,0,0.1360989958047866,0,0.0276561360806226
0,0.0294926855713129,0,0.0181296337395906,0,0.0151328183710575,0,0.0098899509757757
0,0.015675313770771,0,0.0194496996700763,0,0.0144171006977558,0,0.0041447454132139
0,0.1082106232643127,0,0.1385924369096756,0,0.2501806914806366,0,0.3361870646476745
0,0.0142688704654574,0,0.0347796492278575,0,0.0321402214467525,0,0.0026947264559566
0,0.0153734367340803,0,0.0191858168691396,0,0.0280570853501558,0,0.002328913193196
0,0.0441056564450264,0,0.1021038293838501,0,0.1325942426919937,0,0.518014132976532
0,0.0067787473089993,0,0.0705641284584999,0,0.1618799269199371,0,0.3826916813850403
0,0.0016402126057073,0,0.0125254476442933,0,0.0096454517915844,0,0.0005320089403539
0,0.0097301620990037,0,0.0125797055661678,0,0.0101173566654324,0,0.0099862329661846
0,0.0301994290202856,0,0.0915125608444213,0,0.0356125012040138,0,0.0280573386698961
0,0.3591706454753876,0,0.0337926745414733,0,0.0634309276938438,0,0.0040494231507182
0,0.043422807008028,0,0.0531368926167488,0,0.0255009867250919,0,0.1857721358537674
0,0.4067434966564178,0,0.0498604141175746,0,0.0713900923728942,0,0.0055225905962288
0,0.032419703900814,0,0.0720845311880111,0,0.0520454384386539,0,0.0330902710556983
0,0.3681552112102508,0,0.0341851636767387,0,0.0445785447955131,0,0.0046314210630953
0,0.3931801319122314,0,0.0976996123790741,0,0.6926916837692261,0,0.724883496761322
0,0.3500920236110687,0,0.0500380247831344,0,0.6560741066932678,0,0.5300880074501038
0,0.0299622863531112,0,0.041904792189598,0,0.0102090882137417,0,0.0437145642936229
0,0.0036986698396503,0,0.0079359132796525,0,0.0067611127160489,0,0.0352487787604332
0,0.038893673568964,0,0.0399932153522968,0,0.0119861215353012,0,0.0769621357321739
0,0.0066518699750304,0,0.0070414463989436,0,0.0100083816796541,0,0.0668333321809768
0,0.0269158948212862,0,0.0337098985910415,0,0.013020085170865,0,0.0758521109819412
0,0.0096083991229534,0,0.0296259932219982,0,0.0512360446155071,0,0.0130041819065809
0,0.0067247785627841,0,0.0105762053281068,0,0.0085530765354633,0,0.0004223317082505
0,0.0088203670457005,0,0.0314431749284267,0,0.028301291167736,0,0.0963270738720893
0,0.0424459539353847,0,0.0313472524285316,0,0.012789225205779,0,0.0198471397161483
0,0.0033660077024251,0,0.0211768690496683,0,0.0127512319013476,0,0.0005213156691752
0,0.0768558457493782,0,0.0892937257885932,0,0.0352399498224258,0,0.1638690084218979
0,0.0041505736298859,0,0.0139823360368609,0,0.0054065510630607,0,0.0007615685462951
0,0.0105553679168224,0,0.0128732277080416,0,0.0081254346296191,0,0.0005628896178677
0,0.0120145995169878,0,0.0232691001147031,0,0.0108198365196585,0,0.0036726903636008
0,0.0102346232160925,0,0.043100219219923,0,0.0219124406576156,0,0.0044087464921176
0,0.0099041080102324,0,0.0254516266286373,0,0.012203418649733,0,0.0037173284217715
0,0.0037889149971306,0,0.0087490351870656,0,0.0053689205087721,0,0.0005856624920852
0,0.0315160788595676,0,0.0135508617386221,0,0.0063388585112988,0,0.0068380334414541
0,0.0239307507872581,0,0.0344422608613967,0,0.0147388931363821,0,0.0042434907518327
0,0.0120242079719901,0,0.0425646230578422,0,0.0170100014656782,0,0.0067559876479208
0,0.1007598116993904,0,0.0408401675522327,0,0.1060738936066627,0,0.053748719394207
0,0.0958178639411926,0,0.0835473388433456,0,0.1229149922728538,0,0.535280704498291
0,0.0243986863642931,0,0.1040565595030784,0,0.0161032676696777,0,0.0130258155986666
0,0.1787903159856796,0,0.2237343192100525,0,0.442406415939331,0,0.8171383738517761
0,0.0254083760082721,0,0.0437516681849956,0,0.0602482184767723,0,0.0585176348686218
0,0.0175510626286268,0,0.0526314117014408,0,0.0517678037285804,0,0.0980148836970329
0,0.0156468283385038,0,0.0438719987869262,0,0.0462898164987564,0,0.0595426447689533
0,0.0099153034389019,0,0.1639101207256317,0,0.1564629673957824,0,0.1569293290376663
0,0.0385132730007171,0,0.0327484793961048,0,0.0115777058526873,0,0.2083962112665176
0,0.538506269454956,0,0.0816863253712654,0,0.2928032279014587,0,0.6532104015350342
0,0.0108272852376103,0,0.1843264251947403,0,0.2742085754871368,0,0.3060746490955353
0,0.0182510130107402,0,0.0358080305159091,0,0.0196497440338134,0,0.0740441530942916
0,0.131255030632019,0,0.0355050638318061,0,0.1067488938570022,0,0.1369167566299438
0,0.0144936591386795,0,0.1885555833578109,0,0.2851308286190033,0,0.5812157392501831
0,0.0103510562330484,0,0.039952628314495,0,0.0165458973497152,0,0.1266985982656479
0,0.029310779646039,0,0.0488335415720939,0,0.0257089659571647,0,0.0066446652635931
0,0.690322995185852,0,0.3234253227710724,0,0.4347393214702606,0,0.6568395495414734
0,0.1445517539978027,0,0.2700230777263641,0,0.674323320388794,0,0.6692197918891907
0,0.2976494133472442,0,0.3322266936302185,0,0.7721269726753235,0,0.7614348530769348
0,0.1302721500396728,0,0.0707058534026146,0,0.0268726870417594,0,0.0131320506334304
0,0.1286542117595672,0,0.0691085234284401,0,0.0278881341218948,0,0.0075339013710618
0,0.0218688920140266,0,0.0490737929940223,0,0.0205723587423563,0,0.0310912858694791
0,0.0192612186074256,0,0.017566543072462,0,0.0668175742030143,0,0.0070217121392488
0,0.0297385044395923,0,0.0196398757398128,0,0.0872644558548927,0,0.0354537032544612
0,0.0385834947228431,0,0.0211519598960876,0,0.0588167198002338,0,0.0746883079409599
0,0.0676417127251625,0,0.0364023223519325,0,0.0296763852238655,0,0.2331643998622894
0,0.1113394871354103,0,0.0910834819078445,0,0.4506551325321197,0,0.0868043303489685
0,0.0683122649788856,0,0.0914878696203231,0,0.0444529466331005,0,0.3695293366909027
0,0.004622156266123,0,0.0173423327505588,0,0.0537349693477153,0,0.0026417532935738
0,0.0255031213164329,0,0.0385591834783554,0,0.0258256625384092,0,0.0012723379768431
0,0.0070188380777835,0,0.0997004136443138,0,0.027507958933711,0,0.0069214748218655
0,0.1630152314901352,0,0.0861073359847068,0,0.110937662422657,0,0.1936960220336914
0,0.0427449122071266,0,0.0592463500797748,0,0.0319238826632499,0,0.080013170838356
0,0.0044525540433824,0,0.0090128825977444,0,0.0118644293397665,0,0.001599617418833
0,0.0253113768994808,0,0.0319362208247184,0,0.0095612592995166,0,0.0005293432623147
0,0.0504675954580307,0,0.0647049471735954,0,0.3459941148757934,0,0.0553808324038982
0,0.0034892426338046,0,0.0871647149324417,0,0.0043690763413906,0,0.0014226272469386
0,0.1063609719276428,0,0.0863817334175109,0,0.1975656449794769,0,0.2030281573534011
0,0.0886329337954521,0,0.0668160244822502,0,0.0287547018378973,0,0.0700450092554092
0,0.002810908248648,0,0.007595248054713,0,0.0099324034526944,0,0.0013601875398308
0,0.012977291829884,0,0.0399109683930873,0,0.0169723778963089,0,0.0007980306982062
0,0.0021826771553605,0,0.0742637813091278,0,0.0056689865887165,0,0.0024125115014612
0,0.1552581489086151,0,0.1051693931221962,0,0.1999218463897705,0,0.1874414086341858
0,0.0216594096273183,0,0.0995597392320633,0,0.0859234631061554,0,0.3053009212017059
0,0.0635618269443512,0,0.0829464420676231,0,0.115079790353775,0,0.3818112015724182
0,0.0031368941999971,0,0.0111448336392641,0,0.0130873229354619,0,0.0028139515779912
0,0.0074801137670874,0,0.0139244198799133,0,0.0172476731240749,0,0.0037406960036605
0,0.0701522454619407,0,0.1069591119885444,0,0.0403189063072204,0,0.0287358444184064
0,0.0513589419424533,0,0.0748245269060134,0,0.2403585016727447,0,0.1126613840460777
0,0.0952110216021537,0,0.2160137295722961,0,0.5961287617683411,0,0.6688684821128845
0,0.7583110332489014,0,0.3706697523593902,0,0.7083698511123657,0,0.8683239817619324
0,0.044870376586914,0,0.0686228424310684,0,0.1148467883467674,0,0.0650291517376899
0,0.1487897932529449,0,0.139548972249031,0,0.0660783424973487,0,0.0440757535398006
0,0.0088579403236508,0,0.007083237171173,0,0.0068870801478624,0,0.0002366005355725
0,0.0647764652967453,0,0.107209101319313,0,0.3212476670742035,0,0.1937963962554931
0,0.0509063452482223,0,0.0876859128475189,0,0.0726442709565162,0,0.0639393404126167
0,0.0300683826208114,0,0.0117315901443362,0,0.0100013073533773,0,0.000423230434535
0,0.187478169798851,0,0.1646983027458191,0,0.07388586550951,0,0.0420626476407051
0,0.0279191844165325,0,0.0869427025318145,0,0.2603232264518738,0,0.1683899909257888
0,0.0508382655680179,0,0.0581940561532974,0,0.0512118078768253,0,0.0229603927582502
0,0.2917467951774597,0,0.1519723385572433,0,0.2471492737531662,0,0.3128669261932373
0,0.0418628975749015,0,0.0191123485565185,0,0.0116692008450627,0,0.0002955654344987
0,0.1275554001331329,0,0.1225216314196586,0,0.4307197332382202,0,0.2092731148004531
0,0.0211178846657276,0,0.0124524841085076,0,0.0159217976033687,0,0.000496044231113
0,0.0156618542969226,0,0.0162523593753576,0,0.0169535242021083,0,0.0018123112386092
0,0.0210423860698938,0,0.0213365368545055,0,0.0169435385614633,0,0.0003745443245861
0,0.047754842787981,0,0.1822618991136551,0,0.194358229637146,0,0.0754613429307937
0,0.0052747344598174,0,0.0146259143948555,0,0.0114397164434194,0,0.0016586652491241
0,0.0030070694629102,0,0.0150899952277541,0,0.0082698855549097,0,0.0042720502242445
0,0.1274969726800918,0,0.2491027563810348,0,0.5994145274162292,0,0.7156227231025696
0,0.0243622660636901,0,0.0529230684041976,0,0.0187925677746534,0,0.0214480012655258
0,0.0071011199615895,0,0.0185869149863719,0,0.0087935477495193,0,0.0157868061214685
0,0.0376443266868591,0,0.0543072149157524,0,0.1791597306728363,0,0.0374426506459713
0,0.0335383787751197,0,0.0316395200788974,0,0.0064903725869953,0,0.0070123067125678
0,0.0279289502650499,0,0.057346511632204,0,0.1865420490503311,0,0.0322765335440635
0,0.0126602817326784,0,0.0173878241330385,0,0.0097605884075164,0,0.0125777386128902
0,0.0211413837969303,0,0.0556208193302154,0,0.18815977871418,0,0.0288690757006406
0,0.0262033939361572,0,0.0635606348514556,0,0.023565350100398,0,0.026604663580656
0,0.0118682887405157,0,0.0242342017590999,0,0.0186369083821773,0,0.0185016077011823
0,0.0040641115047037,0,0.0090324776247143,0,0.0081786597147583,0,0.0008379754144698
0,0.0257364567369222,0,0.0789319947361946,0,0.1611960232257843,0,0.1175573468208313
0,0.0048448462039232,0,0.0146555826067924,0,0.0072637340053915,0,0.0042914566583931
0,0.0095729669556021,0,0.0102934297174215,0,0.0139507446438074,0,0.0053240251727402
0,0.0221843030303716,0,0.0722242444753646,0,0.1931456923484802,0,0.1857942938804626
0,0.0052478569559752,0,0.0292449165135622,0,0.0154965752735733,0,0.00327785522677
0,0.183254987001419,0,0.1285427808761596,0,0.3940986692905426,0,0.2144294679164886
0,0.3147308528423309,0,0.0791395902633667,0,0.0371849983930587,0,0.7198944091796875
0,0.2873870432376861,0,0.0987094268202781,0,0.0529374442994594,0,0.6912462711334229
0,0.0115016680210828,0,0.0376373380422592,0,0.0096822520717978,0,0.0027537501882761
0,0.0082886740565299,0,0.031863372772932,0,0.0061302287504076,0,0.0042085740715265
0,0.0210271850228309,0,0.0290052574127912,0,0.0155475586652755,0,0.0106251472607254
0,0.0518547818064689,0,0.1868377178907394,0,0.4653489887714386,0,0.2014693170785904
0,0.0018942902097478,0,0.0160041768103837,0,0.0135898068547248,0,0.001682546804659
0,0.0020587367471307,0,0.0197491887956857,0,0.01082403678447,0,0.0039365305565297
0,0.0036406866274774,0,0.0459864437580108,0,0.0270812455564737,0,0.0096656512469053
0,0.0083532975986599,0,0.0288362074643373,0,0.024184912443161,0,0.003586288774386
0,0.0127603281289339,0,0.0399411618709564,0,0.0271511897444725,0,0.0526036843657493
0,0.0074046505615115,0,0.043481845408678,0,0.0266620051115751,0,0.0058419071137905
0,0.0148621629923582,0,0.0370848216116428,0,0.0675747618079185,0,0.0027037169784307
0,0.0012919631553813,0,0.023228233680129,0,0.0104890866205096,0,0.0015002177096903
0,0.0071045709773898,0,0.0280436351895332,0,0.0175963584333658,0,0.0155179928988218
0,0.005905638448894,0,0.029342645779252,0,0.0494443289935588,0,0.0174902267754077
0,0.0042976797558367,0,0.0388615652918815,0,0.0100444182753562,0,0.0516612343490123
0,0.2432702928781509,0,0.1249879896640777,0,0.140631228685379,0,0.2099037319421768
0,0.0092697469517588,0,0.0269089266657829,0,0.0521054044365882,0,0.0065378677099943
0,0.0086429808288812,0,0.0195987783372402,0,0.0363742224872112,0,0.0130835976451635
0,0.2529535591602325,0,0.1216552183032035,0,0.1262301951646804,0,0.1845198720693588
0,0.3462181389331817,0,0.0782612860202789,0,0.3274761438369751,0,0.0995804741978645
0,0.0804699137806892,0,0.0850988924503326,0,0.3346847295761108,0,0.3704451620578766
0,0.0167739260941743,0,0.0375850312411785,0,0.0469562001526355,0,0.0175152830779552
0,0.0088741136714816,0,0.0191574729979038,0,0.0806369855999946,0,0.0059339315630495
0,0.2410816103219986,0,0.129539206624031,0,0.2139005959033966,0,0.2283158600330352
0,0.0049850717186927,0,0.0283144954591989,0,0.0323394015431404,0,0.0092692654579877
0,0.0375222750008106,0,0.0506332777440547,0,0.3326479792594909,0,0.3706544935703277
0,0.0072539024986326,0,0.0157204419374465,0,0.0099602909758687,0,0.000363222847227
0,0.0269954707473516,0,0.0445391610264778,0,0.1819887459278106,0,0.0388264507055282
1,0.5539991855621338,1,0.1524175405502319,1,0.633340060710907,1,0.7430832982063293
1,0.1289623826742172,1,0.0492069870233535,1,0.2235694825649261,1,0.0386147536337375
1,0.8524786233901978,1,0.2699384987354278,1,0.4748185575008392,1,0.9007129669189453
1,0.8004986643791199,1,0.3547991216182709,1,0.4728696942329407,1,0.7117734551429749
1,0.8123014569282532,1,0.3253827095031738,1,0.7427389621734619,1,0.8599339723587036
1,0.0487210638821125,1,0.0826745256781578,1,0.3178799748420715,1,0.0818399339914321
1,0.0386732667684555,1,0.0723718032240867,1,0.3084025382995605,1,0.1157688125967979
1,0.1411081403493881,1,0.116330973803997,1,0.3809418082237243,1,0.2662829756736755
1,0.0174125600606203,1,0.054705411195755,1,0.1482284516096115,1,0.0193185359239578
1,0.0145212486386299,1,0.0683518201112747,1,0.1783073842525482,1,0.0529355853796005
1,0.0642002001404762,1,0.0921078771352768,1,0.330481618642807,1,0.2179199904203415
1,0.239760473370552,1,0.2945688962936401,1,0.6218873262405396,1,0.537632942199707
1,0.2549102902412414,1,0.3031935691833496,1,0.5239485502243042,1,0.8705825805664062
1,0.062084712088108,1,0.06238554418087,1,0.0989607349038124,1,0.3807630836963653
1,0.9573894143104552,1,0.331885814666748,1,0.5513723492622375,1,0.8939837217330933
1,0.7158187031745911,1,0.4915533661842346,1,0.8370984792709351,1,0.9272516965866088
1,0.6422407031059265,1,0.391118586063385,1,0.6365941762924194,1,0.9211450219154358
1,0.6136220693588257,1,0.2154688686132431,1,0.7923786044120789,1,0.6883102655410767
1,0.0053430227562785,1,0.0105504840612411,1,0.0080100614577531,1,0.0008274438441731
1,0.4491026103496551,1,0.2057020366191864,1,0.4137419164180755,1,0.5636606216430664
1,0.4761000573635101,1,0.1555659621953964,1,0.1891008913516998,1,0.2207822650671005
0,0.0562140755355358,0,0.0839830040931701,0,0.0143298283219337,0,0.0058020339347422
0,0.0237023700028657,0,0.0356768146157264,0,0.0118892937898635,0,0.0225993413478136
0,0.119418516755104,0,0.0554789490997791,0,0.0209469757974147,0,0.0024865546729415
0,0.0208055730909109,0,0.0439920239150524,0,0.0166474673897027,0,0.0020635584369301
0,0.0098404390737414,0,0.025722911581397,0,0.0031756160315126,0,0.0041068685241043
0,0.0142695335671305,0,0.0303103532642126,0,0.0698440298438072,0,0.003494186559692
0,0.0155658973380923,0,0.0514152571558952,0,0.0324678346514701,0,0.0502827130258083
0,0.2509044408798218,0,0.0714156031608581,0,0.0834374949336052,0,0.1987939924001693
0,0.0146869672462344,0,0.035422995686531,0,0.011435710825026,0,0.0151776485145092
0,0.427130788564682,0,0.1063116490840911,0,0.3642055094242096,0,0.0090831108391284
0,0.015621974132955,0,0.046040866523981,0,0.0640909671783447,0,0.0324299484491348
0,0.010502784512937,0,0.0466753356158733,0,0.0457792282104492,0,0.0905535221099853
0,0.2713603973388672,0,0.0363835282623767,0,0.132876843214035,0,0.1298665106296539
0,0.0701649412512779,0,0.0424508489668369,0,0.1284962594509124,0,0.2238817662000656
0,0.2823376655578613,0,0.2745038270950317,0,0.694765567779541,0,0.5781294107437134
0,0.6323564648628235,0,0.366643875837326,0,0.8207020163536072,0,0.866371750831604
0,0.4669523239135742,0,0.3094996213912964,0,0.8155528903007507,0,0.6886375546455383
0,0.2747240662574768,0,0.3497767746448517,0,0.8081642985343933,0,0.8093888759613037
0,0.0361721999943256,0,0.1850117146968841,0,0.678381085395813,0,0.4672686159610748
0,0.7269072532653809,0,0.2785480618476867,0,0.1499255448579788,0,0.0557355321943759
0,0.0186053905636072,0,0.0648098811507225,0,0.0251275934278965,0,0.0240988060832023
0,0.0532035492360591,0,0.0756301656365394,0,0.3422047197818756,0,0.11773182451725
0,0.0228879582136869,0,0.0531825795769691,0,0.024685114622116,0,0.0062948488630354
0,0.535516083240509,0,0.2448292821645736,0,0.1020379066467285,0,0.0269833914935588
0,0.0190272647887468,0,0.0880478173494339,0,0.0495715774595737,0,0.0172244198620319
0,0.0110851218923926,0,0.0615449920296669,0,0.3087604939937591,0,0.0518520548939704
0,0.0558013543486595,0,0.0548933409154415,0,0.2101341038942337,0,0.3106355369091034
0,0.0802851393818855,0,0.0861727818846702,0,0.0917464941740036,0,0.0693656653165817
0,0.0089407386258244,0,0.0532821305096149,0,0.0850640013813972,0,0.0054455078206956
0,0.0408145673573017,0,0.0737871751189231,0,0.0786844193935394,0,0.0205784905701875
0,0.0734496787190437,0,0.0800777226686477,0,0.1307709366083145,0,0.1178282648324966
0,0.0691918581724166,0,0.0669749081134796,0,0.0791815519332885,0,0.0396401546895504
0,0.0446520186960697,0,0.1482916474342346,0,0.1986720114946365,0,0.2715164124965668
0,0.671836793422699,0,0.2975620925426483,0,0.7136426568031311,0,0.4009339809417724
0,0.7329639792442322,0,0.3194909989833832,0,0.7934091687202454,0,0.5794609189033508
0,0.0551208481192588,0,0.0318924747407436,0,0.1652411073446273,0,0.0239930357784032
0,0.0258238334208726,0,0.0253634061664342,0,0.1738993376493454,0,0.0174493268132209
0,0.0010252896463498,0,0.0078346068039536,0,0.0088426526635885,0,0.0003268193977419
0,0.0090607767924666,0,0.0063626090995967,0,0.0018208035035058,0,0.0003521237522363
0,0.002900447929278,0,0.013091092929244,0,0.0072932224720716,0,0.000136353468406
0,0.0065437518060207,0,0.0407278761267662,0,0.0679172053933143,0,0.040533673018217
0,0.0012163809733465,0,0.0071523380465805,0,0.0129281505942344,0,0.0005456372164189
0,0.0026832076255232,0,0.0187705289572477,0,0.0131219690665602,0,0.0005440880195237
0,0.008239459246397,0,0.0059678619727492,0,0.0018205920932814,0,0.000316179357469
0,0.0013470208505168,0,0.0135435974225401,0,0.003068613121286,0,5.122706352267414e-05
0,0.0021873780060559,0,0.0172529779374599,0,0.0051456266082823,0,0.0070856348611414
0,0.001362205366604,0,0.007710485253483,0,0.0100060952827334,0,0.0006377954850904
0,0.1403591185808181,0,0.1252016574144363,0,0.5208284854888916,0,0.5138872265815735
0,0.0029160287231206,0,0.023967333137989,0,0.006092888303101,0,0.0005276305018924
0,0.0766569972038269,0,0.0819360315799713,0,0.4658877849578857,0,0.4117906391620636
0,0.004712195135653,0,0.0346065275371074,0,0.0091989859938621,0,0.0005464676069095
0,0.2004060745239257,0,0.138531818985939,0,0.4829210937023163,0,0.4862949848175049
0,0.5451366305351257,0,0.4160493314266205,0,0.5997424125671387,0,0.6558495163917542
0,0.7272604703903198,0,0.4723340272903442,0,0.6216368675231934,0,0.7879465818405151
0,0.1254788488149643,0,0.0796251967549324,0,0.1913932710886001,0,0.4596511721611023
0,0.2921089828014374,0,0.1231349632143974,0,0.1133567616343498,0,0.1461040079593658
0,0.4084742963314056,0,0.1334017813205719,0,0.1546358913183212,0,0.2892394661903381
0,0.4590160250663757,0,0.1489450484514236,0,0.4043506979942322,0,0.6355636715888977
0,0.0117174787446856,0,0.0338092371821403,0,0.052752785384655,0,0.0036010611802339
0,0.0884444564580917,0,0.0217045862227678,0,0.0158199202269315,0,0.0019026251975446
0,0.0695090144872665,0,0.0239895619451999,0,0.0675773918628692,0,0.0260305125266313
0,0.0152511559426784,0,0.0222052652388811,0,0.0465698391199111,0,0.0090166358277201
0,0.0237790327519178,0,0.0224498473107814,0,0.0198866613209247,0,0.0732565522193908
0,0.011178720742464,0,0.0247102007269859,0,0.0184925459325313,0,0.0708570331335067
0,0.0170813463628292,0,0.0298949088901281,0,0.0139308888465166,0,0.0027314343024045
0,0.0109295155853033,0,0.0291508045047521,0,0.0194748044013977,0,0.0162927769124507
0,0.1406697332859039,0,0.1583141088485717,0,0.7221264839172363,0,0.8196201920509338
0,0.6017374992370605,0,0.027363633736968,0,0.162087082862854,0,0.1163935512304306
0,0.0452516712248325,0,0.1963269561529159,0,0.0280716717243194,0,0.0408654287457466
0,0.017067302018404,0,0.2189858853816986,0,0.0573873668909072,0,0.0287542734295129
0,0.4914783239364624,0,0.1565780341625213,0,0.4175125956535339,0,0.7951499223709106
0,0.3327089548110962,0,0.122856505215168,0,0.2549293935298919,0,0.7160064578056335
0,0.3743233382701874,0,0.1901949644088745,0,0.3081545829772949,0,0.764154851436615
0,0.0297929067164659,0,0.1500539928674698,0,0.4934900999069214,0,0.2748797237873077
0,0.283348798751831,0,0.2455172091722488,0,0.313483715057373,0,0.1528965085744857
0,0.1080558821558952,0,0.285524308681488,0,0.5114388465881348,0,0.4858936667442322
0,0.2681030631065368,0,0.2493986040353775,0,0.5987760424613953,0,0.328086256980896
0,0.1587601900100708,0,0.2378665953874588,0,0.6076772809028625,0,0.425519198179245
0,0.1232600286602974,0,0.1890566051006317,0,0.1599772125482559,0,0.2268837690353393
0,0.0952514111995697,0,0.2875798344612121,0,0.4023634791374206,0,0.4540309011936188
0,0.0665082782506942,0,0.0523436851799488,0,0.0144047671929001,0,0.0191898923367261
0,0.0509781911969184,0,0.0494929552078247,0,0.0127498507499694,0,0.0291420742869377
0,0.0251931305974721,0,0.0519494414329528,0,0.0115311983972787,0,0.0370487421751022
0,0.100763015449047,0,0.1067319512367248,0,0.0169530231505632,0,0.0102687431499362
0,0.0042521795257925,0,0.1956284791231155,0,0.0145992739126086,0,0.0023894805926829
0,0.0106050195172429,0,0.0240750443190336,0,0.0236955527216196,0,0.0069957613013684
0,0.0522115305066108,0,0.0199352018535137,0,0.0143990889191627,0,0.009744401089847
0,0.2335329949855804,0,0.1989750564098358,0,0.4579148590564728,0,0.6922450661659241
0,0.0245663616806268,0,0.0492040812969207,0,0.0251814406365156,0,0.012040345929563
0,0.0477766580879688,0,0.0770056769251823,0,0.057643674314022,0,0.0230564307421445
0,0.047225248068571,0,0.0596793927252292,0,0.198791965842247,0,0.2680337429046631
0,0.7219632267951965,0,0.1958153247833252,0,0.340158075094223,0,0.1790057569742202
0,0.0249971244484186,0,0.041664682328701,0,0.0605229437351226,0,0.0883641168475151
0,0.6708086133003235,0,0.3343670070171356,0,0.5520004630088806,0,0.7497133016586304
0,0.1667119413614273,0,0.1193284168839454,0,0.1676326096057891,0,0.0447670146822929
0,0.0137505624443292,0,0.0579765662550926,0,0.030150506645441,0,0.0510538294911384
0,0.6193764805793762,0,0.3797069787979126,0,0.5792155265808105,0,0.7469580769538879
0,0.3673639893531799,0,0.1417644917964935,0,0.294504851102829,0,0.1594336628913879
0,0.0160581432282924,0,0.0711313635110855,0,0.0386027283966541,0,0.0491977073252201
0,0.6827385425567627,0,0.3587587177753448,0,0.5906190276145935,0,0.7851852178573608
0,0.1051779687404632,0,0.0469642207026481,0,0.0407399721443653,0,0.543544352054596
0,0.0124450167641043,0,0.01658246666193,0,0.0077775553800165,0,0.1107978150248527
0,0.0116767426952719,0,0.0197217185050249,0,0.0067647318355739,0,0.0661932006478309
0,0.0080889081582427,0,0.0399272330105304,0,0.0462099500000476,0,0.0246979482471942
0,0.0619784668087959,0,0.0380821898579597,0,0.0695277228951454,0,0.0233713742345571
0,0.2164837419986724,0,0.099168911576271,0,0.1100061610341072,0,0.0077107180841267
0,0.1475636065006256,0,0.0896033346652984,0,0.2115185856819152,0,0.0046138688921928
0,0.0612361952662467,0,0.0647072866559028,0,0.0941473916172981,0,0.0013311133952811
0,0.0438387393951416,0,0.0356821790337562,0,0.0267558749765157,0,0.0198463089764118
0,0.0054029724560678,0,0.0192981753498315,0,0.0064572519622743,0,0.0020319439936429
0,0.0082457857206463,0,0.0199650414288043,0,0.0328245311975479,0,0.0040452484972774
0,0.0212191194295883,0,0.0498676672577858,0,0.1040026769042015,0,0.0089899562299251
0,0.0534142293035984,0,0.0183213651180267,0,0.0086061730980873,0,0.0037180858198553
0,0.0057419375516474,0,0.0332542136311531,0,0.0152591792866587,0,0.0068166484124958
0,0.0227621924132108,0,0.0383678041398525,0,0.0074449400417506,0,0.0041615720838308
0,0.0104391537606716,0,0.0812990665435791,0,0.0927630215883255,0,0.0199935175478458
0,0.0432300008833408,0,0.0216261502355337,0,0.0169963557273149,0,0.0057981903664767
0,0.0123668080195784,0,0.0388316474854946,0,0.0201540142297744,0,0.0087994644418358
0,0.0137715507298707,0,0.0357038602232933,0,0.0120960660278797,0,0.0097909243777394
0,0.0083492901176214,0,0.0195271670818328,0,0.0185515116900205,0,0.0022775374818593
0,0.0212187133729457,0,0.0142495725303888,0,0.1049585714936256,0,0.0321358069777488
0,0.0056348079815506,0,0.0201855506747961,0,0.1208317503333091,0,0.0559114105999469
0,0.11738321185112,0,0.0889341011643409,0,0.0499247126281261,0,0.1658515781164169
0,0.0074846073985099,0,0.0294194053858518,0,0.0253618601709604,0,0.0046637277118861
0,0.0186465829610824,0,0.0500152334570884,0,0.0065365610644221,0,0.0081986933946609
0,0.1581654250621795,0,0.3520041406154632,0,0.0444654151797294,0,0.0083325188606977
0,0.0069611184298992,0,0.0291745588183403,0,0.2517575621604919,0,0.1490813791751861
0,0.0340937823057174,0,0.0346708893775939,0,0.1338379681110382,0,0.0086802840232849
0,0.019198702648282,0,0.025685328990221,0,0.0098724188283085,0,0.008142165839672
0,0.0022083017975091,0,0.0154991513118147,0,0.0434452816843986,0,0.0012556350557133
0,0.0029956032522022,0,0.0140632642433047,0,0.0297835376113653,0,0.0006284571718424
0,0.0094522237777709,0,0.0309326201677322,0,0.0135868852958083,0,0.0059203677810728
0,0.011688832193613,0,0.0288839116692543,0,0.0179854445159435,0,0.0025000823661684
0,0.0016997470520436,0,0.023110494017601,0,0.005479859188199,0,0.0011062915436923
0,0.0025295563973486,0,0.0111631667241454,0,0.0184988416731357,0,0.0002621268504299
0,0.0082559464499354,0,0.0213835053145885,0,0.0220489203929901,0,0.0011334432056173
0,0.0676633715629577,0,0.1478752940893173,0,0.0218744203448295,0,0.0073932199738919
0,0.7015515565872192,0,0.2774976789951324,0,0.5099706649780273,0,0.7337762713432312
0,0.3066911697387695,0,0.0357675366103649,0,0.1029558628797531,0,0.1558581739664077
0,0.0195032991468906,0,0.0303173772990703,0,0.0190245993435382,0,0.0675632134079933
0,0.2822856903076172,0,0.0388428792357444,0,0.063341736793518,0,0.1219924688339233
0,0.1789241433143615,0,0.0891734883189201,0,0.0990360081195831,0,0.1084449589252471
0,0.0020311581902205,0,0.0191846191883087,0,0.009836146607995,0,0.0004748296341858
0,0.3219937980175018,0,0.0323226861655712,0,0.0270869024097919,0,0.0854083448648452
0,0.0018867152975872,0,0.0205105431377887,0,0.0054566781036555,0,0.0001210378541145
0,0.0370511226356029,0,0.0870539546012878,0,0.0164441261440515,0,0.0332233235239982
0,0.3271307349205017,0,0.0471340417861938,0,0.0513998866081237,0,0.4963422119617462
0,0.1665684878826141,0,0.0493982471525669,0,0.0509517602622509,0,0.3269470334053039
0,0.0448803529143333,0,0.0952490046620369,0,0.0222891122102737,0,0.066154807806015
0,0.1363293379545211,0,0.0548963360488414,0,0.047653429210186,0,0.3243924975395202
0,0.0426404438912868,0,0.0606714524328708,0,0.0147225940600037,0,0.0252855606377124
0,0.0387060120701789,0,0.1003624200820922,0,0.0211864132434129,0,0.0734484419226646
0,0.0067513943649828,0,0.0543269775807857,0,0.1672539710998535,0,0.0267737116664648
0,0.0330801829695701,0,0.0452566668391227,0,0.1510503739118576,0,0.2635988295078277
0,0.0460166372358799,0,0.0919536799192428,0,0.0494849495589733,0,0.0556749664247036
0,0.0331378132104873,0,0.1255480647087097,0,0.0452456846833229,0,0.0379202514886856
0,0.0472769625484943,0,0.068753957748413,0,0.0189996119588613,0,0.0332439839839935
0,0.0106127830222249,0,0.0358549058437347,0,0.0093761757016181,0,0.0923766046762466
0,0.2232158780097961,0,0.0266318190842866,0,0.0304843708872795,0,0.028387863188982
0,0.375764399766922,0,0.3411491513252258,0,0.3955204784870147,0,0.8022899627685547
0,0.0065787550993263,0,0.0419817455112934,0,0.0057813837192952,0,0.0013168938457965
0,0.1701129972934723,0,0.0330528765916824,0,0.1385456770658493,0,0.1911168992519378
0,0.0057720425538718,0,0.0209702756255865,0,0.1580247730016708,0,0.0083246231079101
0,0.0269005689769983,0,0.0354365929961204,0,0.0086580943316221,0,0.0003784237487707
0,0.006203502882272,0,0.0350951254367828,0,0.0101950475946068,0,0.0045557394623756
0,0.0033588809892535,0,0.0136576201766729,0,0.0180069562047719,0,0.0030972915701568
0,0.5349665284156799,0,0.2796444594860077,0,0.6390597820281982,0,0.8167728185653687
0,0.4502882957458496,0,0.2060339897871017,0,0.6869632005691528,0,0.7130151987075806
0,0.3360698819160461,0,0.1848784983158111,0,0.4436127841472626,0,0.7064719200134277
0,0.0080541018396615,0,0.0103647476062178,0,0.0179246645420789,0,0.0016529212007299
0,0.0685278326272964,0,0.3000365197658539,0,0.4175025522708893,0,0.4406482279300689
0,0.3533008098602295,0,0.1877260357141494,0,0.4572906792163849,0,0.4027262926101684
0,0.376699686050415,0,0.2510170936584472,0,0.4659259021282196,0,0.3765511512756347
0,0.8177760243415833,0,0.2876970171928406,0,0.5421082973480225,0,0.5897376537322998
0,0.006637719925493,0,0.0547583103179931,0,0.0229614041745662,0,0.001010006875731
0,0.0101664224639534,0,0.0365437380969524,0,0.0125141777098178,0,0.014504199847579
0,0.0092329774051904,0,0.0169934313744306,0,0.0247892588376998,0,0.0014940510736778
0,0.0034837883431464,0,0.0300625637173652,0,0.0191546957939863,0,0.0077215475030243
0,0.0036728754639625,0,0.031929925084114,0,0.0167214497923851,0,0.012528970837593
0,0.0046353908255696,0,0.0297725573182106,0,0.0132616581395268,0,0.007103971671313
0,0.0442542694509029,0,0.0325142554938793,0,0.0310770291835069,0,0.0164685770869255
0,0.6095519065856934,0,0.1753848940134048,0,0.3682573139667511,0,0.3397295773029327
0,0.3393437266349792,0,0.0592583492398262,0,0.1169227957725524,0,0.3114647269248962
0,0.4947071075439453,0,0.0688976794481277,0,0.1763230711221695,0,0.2512769401073456
0,0.0912430137395858,0,0.1917759478092193,0,0.4707348644733429,0,0.3043037950992584
0,0.158056691288948,0,0.1810220032930374,0,0.299381673336029,0,0.4259299635887146
0,0.1672789603471756,0,0.1860777884721756,0,0.3837244212627411,0,0.4812624752521515
0,0.0183357764035463,0,0.2202714383602142,0,0.672482967376709,0,0.0271123424172401
0,0.0189970172941684,0,0.0213791318237781,0,0.0313732400536537,0,0.001607613521628
0,0.4596931338310241,0,0.2407361716032028,0,0.3848500847816467,0,0.5048092007637024
0,0.0201610997319221,0,0.0376334264874458,0,0.0414315313100814,0,0.0711445361375808
0,0.4957379698753357,0,0.2745604217052459,0,0.5983495116233826,0,0.6095284819602966
0,0.0095590837299823,0,0.0331829041242599,0,0.0115433689206838,0,0.0242255702614784
0,0.026178365573287,0,0.012729070149362,0,0.0237617753446102,0,0.0007687038159929
0,0.0104899918660521,0,0.0080219861119985,0,0.0073544406332075,0,0.0044714882969856
0,0.0027955342084169,0,0.0095676016062498,0,0.0043790857307612,0,0.0016466617817059
0,0.0293962005525827,0,0.0129933273419737,0,0.0201248321682214,0,0.0011850394075736
0,0.0011404108954593,0,0.0143868448212742,0,0.0144836781546473,0,0.0018017593538388
0,0.0013180307578295,0,0.0079280938953161,0,0.0052394978702068,0,0.0006838711560703
0,0.0353882797062397,0,0.0124380439519882,0,0.0217826198786497,0,0.001327974256128
0,0.0015811221674084,0,0.0229341220110654,0,0.0108500653877854,0,0.0028251558542251
0,0.0172482077032327,0,0.1211164817214012,0,0.320902556180954,0,0.104615218937397
0,0.1584426462650299,0,0.0298172179609537,0,0.1239091530442237,0,0.0221909414976835
0,0.1439723223447799,0,0.0333338119089603,0,0.1981365531682968,0,0.0359518341720104
0,0.0166232697665691,0,0.0801533311605453,0,0.3299509584903717,0,0.397100567817688
0,0.0097593115642666,0,0.0400635413825511,0,0.0089348722249269,0,0.0014455911004915
0,0.0142663940787315,0,0.0143044060096144,0,0.0042896210215985,0,0.0040628416463732
0,0.0060938009992241,0,0.0164734590798616,0,0.0079374499619007,0,0.0021161776967346
0,0.0507466755807399,0,0.0488232113420963,0,0.0258695818483829,0,0.0987761467695236
0,0.0379706248641014,0,0.0485888421535491,0,0.0085688196122646,0,0.0553078278899192
0,0.018530374392867,0,0.0392977707087993,0,0.0183220412582159,0,0.0013047109823673
0,0.1338903307914734,0,0.0436748452484607,0,0.1416440308094024,0,0.4462117254734039
0,0.0800827220082283,0,0.0297664813697338,0,0.0353005416691303,0,0.1728713661432266
0,0.0120569486171007,0,0.0280482806265354,0,0.0057386527769267,0,0.0003062588220927
0,0.0056668552570044,0,0.0313823781907558,0,0.0058897980488836,0,0.0001974631013581
0,0.0368064381182193,0,0.0299815144389867,0,0.1220664381980896,0,0.295898824930191
0,0.0099045801907777,0,0.0242832712829113,0,0.0387567244470119,0,0.0069868629798293
0,0.0294006522744894,0,0.0847019031643867,0,0.0776174664497375,0,0.2676070928573608
0,0.0113187255337834,0,0.0521628595888614,0,0.0638386160135269,0,0.026853384450078
0,0.0206117127090692,0,0.0079471766948699,0,0.011675669811666,0,0.0002366519620409
0,0.0043455124832689,0,0.0115438308566808,0,0.0122238686308264,0,0.0006038129795342
0,0.0244294870644807,0,0.0127484472468495,0,0.0101460069417953,0,0.0009692379389889
0,0.0894993096590042,0,0.1253020316362381,0,0.4004842936992645,0,0.0778252333402633
0,0.2909187078475952,0,0.0958718657493591,0,0.366985410451889,0,0.2154459804296493
0,0.0060283336788415,0,0.0187588427215814,0,0.0246382802724838,0,0.0052651083096861
0,0.0153830265626311,0,0.0127713754773139,0,0.0209367778152227,0,0.0075548738241195
0,0.0050875637680292,0,0.0105278985574841,0,0.0233437083661556,0,0.0024355668574571
0,0.0075923521071672,0,0.0069958143867552,0,0.0260408502072095,0,0.0014939919346943
0,0.0077576315961778,0,0.007353535387665,0,0.0221911370754241,0,0.0054199881851673
0,0.0051590702496469,0,0.0176493655890226,0,0.0189857799559831,0,0.004398719407618
0,0.0021840804256498,0,0.0080627957358956,0,0.0179525781422853,0,0.0010280531132593
0,0.0045925555750727,0,0.0072792363353073,0,0.0259386897087097,0,0.0077967792749404
0,0.00513008935377,0,0.0079419752582907,0,0.0170044526457786,0,0.0046287183649837
0,0.0222486220300197,0,0.0626025274395942,0,0.0373034626245498,0,0.0756282657384872
0,0.0073788166046142,0,0.0098346192389726,0,0.007286527659744,0,0.000141161843203
0,0.0061095203272998,0,0.0187112279236316,0,0.0227216854691505,0,0.0090980492532253
0,0.0056258938275277,0,0.0104690752923488,0,0.0276968199759721,0,0.0026350766420364
0,0.0092583112418651,0,0.0080422656610608,0,0.0315991565585136,0,0.0154987284913659
0,0.0288404412567615,0,0.0653401762247085,0,0.0423695221543312,0,0.0687834247946739
0,0.0079126460477709,0,0.0090234167873859,0,0.0076416209340095,0,0.0001379850145895
0,0.0025489693507552,0,0.0208437889814376,0,0.0077102547511458,0,0.0002719284384511
0,0.0065734069794416,0,0.0169793870300054,0,0.0100657157599926,0,0.0008896089857444
0,0.0439311675727367,0,0.0525440201163291,0,0.0649897903203964,0,0.0094310361891984
0,0.0116330599412322,0,0.0195039957761764,0,0.0538097396492958,0,0.0011719230096787
0,0.0044093262404203,0,0.0293928682804107,0,0.0078444434329867,0,0.0012152228737249
0,0.0074496204033494,0,0.0274538360536098,0,0.0140763679519295,0,0.0005442931433208
0,0.2085243314504623,0,0.1126021519303321,0,0.0363498479127883,0,0.1104051992297172
0,0.1284100115299224,0,0.0622075758874416,0,0.0612310655415058,0,0.0491794720292091
0,0.0159485302865505,0,0.0233104806393384,0,0.0946369022130966,0,0.0077946260571479
0,0.2742877304553985,0,0.076423093676567,0,0.0619724579155445,0,0.560910701751709
0,0.1310544312000274,0,0.051553837954998,0,0.0658763721585273,0,0.2566697895526886
0,0.0149973537772893,0,0.0414960496127605,0,0.0236337650567293,0,0.0457447580993175
0,0.0165009554475545,0,0.057728461921215,0,0.0531428381800651,0,0.0226795393973588
0,0.045932114124298,0,0.041025910526514,0,0.0817538052797317,0,0.0079111009836196
0,0.071335032582283,0,0.0386977270245552,0,0.0371006019413471,0,0.1815617680549621
0,0.1122682243585586,0,0.0694329217076301,0,0.1939278692007064,0,0.2604381144046783
0,0.177702710032463,0,0.0489344708621501,0,0.0983110964298248,0,0.0570707395672798
0,0.2265907973051071,0,0.1360160112380981,0,0.0450708903372287,0,0.0147403050214052
0,0.2044496834278106,0,0.1675926744937896,0,0.035757303237915,0,0.0154323382303118
0,0.0330150723457336,0,0.0306563023477792,0,0.0089103141799569,0,0.013379568234086
0,0.0596821643412113,0,0.0365003049373626,0,0.0635461807250976,0,0.0822244510054588
0,0.0009431937360204,0,0.0119498269632458,0,0.0072454949840903,0,0.0013406772632151
0,0.0017264934722334,0,0.0123510509729385,0,0.0080366684123873,0,0.0023179496638476
0,0.0021846967283636,0,0.0176522675901651,0,0.0073645529337227,0,0.0048323580995202
0,0.1675828248262405,0,0.0720026195049285,0,0.1916818618774414,0,0.2596684396266937
0,0.0161336436867713,0,0.044848695397377,0,0.2344826161861419,0,0.0071199624799191
1,0.1924197971820831,1,0.2037813663482666,1,0.0404433719813823,1,0.0319129005074501
1,0.2892568409442901,1,0.1741778254508972,1,0.114571176469326,1,0.0070003801956772
1,0.0666133761405944,1,0.1020567342638969,1,0.2380727082490921,1,0.1405383795499801
1,0.5983938574790955,1,0.1649025380611419,1,0.6745095252990723,1,0.5918641090393066
1,0.4022598564624786,1,0.1864340454339981,1,0.7989596128463745,1,0.5131651163101196
1,0.4408372938632965,1,0.2184544205665588,1,0.2226439267396927,1,0.2552923560142517
1,0.0210291091352701,1,0.0746660456061363,1,0.032190017402172,1,0.2366088181734085
1,0.0174049586057662,1,0.1111902743577957,1,0.0630908161401748,1,0.3751485347747803
1,0.0784396007657051,1,0.1262803524732589,1,0.0662524849176406,1,0.4511021375656128
1,0.8061009645462036,1,0.3822702169418335,1,0.7299056649208069,1,0.8706001043319702
1,0.8017208576202393,1,0.4750089049339294,1,0.8175583481788635,1,0.9050887823104858
1,0.733212947845459,1,0.2243454158306121,1,0.6193711757659912,1,0.7185947895050049
1,0.5147818326950073,1,0.1443666517734527,1,0.3263643682003021,1,0.7870243787765503
1,0.4414581954479217,1,0.237351506948471,1,0.2205433994531631,1,0.6007581353187561
1,0.7542704939842224,1,0.1501635760068893,1,0.209403321146965,1,0.8383481502532959
0,0.0222144573926925,0,0.0315701849758625,0,0.0135937174782156,0,0.0177543610334396
0,0.0227239727973938,0,0.0363372564315795,0,0.0213537458330392,0,0.0221197605133056
0,0.1400954723358154,0,0.1921417117118835,0,0.6046831011772156,0,0.6389288306236267
0,0.0235627982765436,0,0.0095480335876345,0,0.0068075410090386,0,0.0006402968429028
0,0.0136359371244907,0,0.0252008903771638,0,0.0856392607092857,0,0.0588343292474746
0,0.351318746805191,0,0.2076658904552459,0,0.4186391830444336,0,0.5106663107872009
0,0.0122068962082266,0,0.0266305338591337,0,0.0363652445375919,0,0.1078797876834869
0,0.3890890777111053,0,0.2269489020109176,0,0.5515714883804321,0,0.6992203593254089
0,0.1165536046028137,0,0.2155864983797073,0,0.4713402390480041,0,0.5810196399688721
0,0.0088710524141788,0,0.0276836603879928,0,0.0333714708685874,0,0.081633023917675
0,0.2546368837356567,0,0.0327810905873775,0,0.3998913168907165,0,0.0819504335522651
0,0.043219581246376,0,0.154478371143341,0,0.4763877391815185,0,0.4509386420249939
0,0.7784776091575623,0,0.2499435693025589,0,0.8046119213104248,0,0.682951807975769
0,0.0054097287356853,0,0.0108044864609837,0,0.0118668107315897,0,0.0005828964058309
0,0.022288741543889,0,0.0191183350980281,0,0.01378786098212,0,0.0017629427602514
0,0.018263628706336,0,0.0131504666060209,0,0.0077360360883176,0,0.0003328938910271
0,0.0036652875132858,0,0.0179555378854274,0,0.0139712234959006,0,0.0034743980504572
0,0.0019376904238015,0,0.0396108590066432,0,0.0221186149865388,0,0.1126696765422821
0,0.0079664066433906,0,0.0406246185302734,0,0.0070678428746759,0,0.0159160457551479
0,0.052730843424797,0,0.0614549592137336,0,0.0425399504601955,0,0.0071211624890565
0,0.0376797467470169,0,0.0465168207883834,0,0.0274473633617162,0,0.0872827619314193
0,0.0009050424559973,0,0.0120005020871758,0,0.0048227505758404,0,0.0002679547760635
0,0.0320282354950904,0,0.0566644370555877,0,0.0400728024542331,0,0.0162013061344623
0,0.004269752651453,0,0.0204373076558113,0,0.0417939461767673,0,0.0036588518414646
0,0.0886893197894096,0,0.0536332353949546,0,0.0467687435448169,0,0.0175337642431259
0,0.0459569133818149,0,0.0547707416117191,0,0.0265358500182628,0,0.0166210178285837
0,0.022102752700448,0,0.0437068119645118,0,0.0166230369359254,0,0.0675204321742057
0,0.0287507325410842,0,0.0539387054741382,0,0.1441157460212707,0,0.0127165578305721
0,0.0110594229772686,0,0.0240450743585824,0,0.0093580298125743,0,0.0016711432253941
0,0.0220228768885135,0,0.0524370744824409,0,0.0926214978098869,0,0.0092511670663952
0,0.0072836345061659,0,0.0256965886801481,0,0.0085098911076784,0,0.0008197711431421
0,0.006341709755361,0,0.0248151458799839,0,0.0101467631757259,0,0.0009844313608482
0,0.3019511997699737,0,0.0317399762570858,0,0.0693112015724182,0,0.3038184344768524
0,0.0733194053173065,0,0.039945550262928,0,0.0618096590042114,0,0.0037092347629368
0,0.0216167066246271,0,0.0266653671860694,0,0.0173274353146553,0,0.0019259830005466
0,0.0116173019632697,0,0.0094378003850579,0,0.0028494230937212,0,0.0002427736617391
0,0.3827670514583587,0,0.0921940505504608,0,0.0392340198159217,0,0.2913455367088318
0,0.0578967034816741,0,0.2898368537425995,0,0.0973085835576057,0,0.0650199875235557
0,0.1997002214193344,0,0.2548108100891113,0,0.5825772285461426,0,0.4423156678676605
0,0.0339792035520076,0,0.0410718247294425,0,0.0192822720855474,0,0.0108396662399172
0,0.0033491416834294,0,0.0132104093208909,0,0.0142168505117297,0,0.0050230701453983
0,0.0104477675631642,0,0.0331163965165615,0,0.0403877645730972,0,0.0205555390566587
0,0.004642991349101,0,0.0120455482974648,0,0.0207224488258361,0,0.0040520257316529
0,0.0124064106494188,0,0.1252235770225525,0,0.1322739422321319,0,0.0821625813841819
0,0.0130687123164534,0,0.0283624324947595,0,0.0202373266220092,0,0.0078339921310544
0,0.0246728640049695,0,0.0437693446874618,0,0.0130982836708426,0,0.0212438814342021
0,0.0134812761098146,0,0.0257537029683589,0,0.0170670300722122,0,0.0041065793484449
0,0.1998068541288375,0,0.1383434683084488,0,0.3042526841163635,0,0.6316500306129456
0,0.0132903596386313,0,0.0234351400285959,0,0.0135340765118598,0,0.0051700286567211
0,0.1663660109043121,0,0.1286425143480301,0,0.2559784948825836,0,0.5197653770446777
0,0.1196976453065872,0,0.1733817160129547,0,0.5336887836456299,0,0.3657597601413727
0,0.2680814564228058,0,0.1876453012228012,0,0.6370730996131897,0,0.651803195476532
0,0.6761500239372253,0,0.4224279820919037,0,0.879753589630127,0,0.9664515256881714
0,0.2299860268831253,0,0.1768891662359237,0,0.6214903593063354,0,0.6174594163894653
0,0.0196466855704784,0,0.0270568840205669,0,0.0219772979617118,0,0.0319918729364872
0,0.0172185450792312,0,0.0205978155136108,0,0.0206515099853277,0,0.0323692597448825
0,0.0140270981937646,0,0.0252011064440011,0,0.0241115987300872,0,0.0140736941248178
0,0.0035298732109367,0,0.0201308671385049,0,0.0067284265533089,0,0.0011261329054832
0,0.1475411057472229,0,0.0969152376055717,0,0.1846627742052078,0,0.0339274629950523
0,0.290181428194046,0,0.1312529444694519,0,0.3424354791641235,0,0.272207498550415
0,0.2872819304466247,0,0.1297115981578827,0,0.3523752391338348,0,0.2532625794410705
0,0.0406011752784252,0,0.2038107961416244,0,0.1180085688829422,0,0.0191621165722608
0,0.1877545863389969,0,0.3045057654380798,0,0.5117543935775757,0,0.4849576354026794
0,0.2137088626623153,0,0.2056120336055755,0,0.6788313984870911,0,0.7234327793121338
0,0.3444533050060272,0,0.1456774026155471,0,0.2378504276275634,0,0.7140102386474609
0,0.3960971236228943,0,0.2112589925527572,0,0.3432148694992065,0,0.7761772871017456
0,0.4457240998744964,0,0.1562824249267578,0,0.2735502421855926,0,0.744708240032196
0,0.0019209736492484,0,0.0073849731124937,0,0.0039883665740489,0,0.0001691649085842
0,0.0033514364622533,0,0.0083330310881137,0,0.0114734517410397,0,0.0006612306460738
0,0.0362633429467678,0,0.0217376686632633,0,0.0303297750651836,0,0.0221238508820533
0,0.0063494844362139,0,0.0203951355069875,0,0.0322477780282497,0,0.0170328672975301
0,0.0195783860981464,0,0.013487372547388,0,0.0175782423466444,0,0.0024250790011137
0,0.0069146053865551,0,0.0266066882759332,0,0.1322142034769058,0,0.0234808102250099
0,0.0385668911039829,0,0.0332211628556251,0,0.0116955442354083,0,0.0056455638259649
0,0.0065478514879941,0,0.0302399136126041,0,0.1429194808006286,0,0.0301914643496274
0,0.0024110886733978,0,0.0296356584876775,0,0.1024222448468208,0,0.0283819269388914
0,0.0038735375273972,0,0.0229689572006464,0,0.0065112896263599,0,0.0013757939450442
0,0.0114147709682583,0,0.024242827668786,0,0.0070860437117516,0,0.0034210095182061
0,0.1024122238159179,0,0.1395291537046432,0,0.1762038767337799,0,0.4696841537952423
0,0.024558050557971,0,0.0926004722714424,0,0.1029878631234169,0,0.1781563460826873
0,0.0239623431116342,0,0.0397330373525619,0,0.0764855667948722,0,0.0368801839649677
0,0.0092740571126341,0,0.0189179703593254,0,0.0086584137752652,0,0.0024904904421418
0,0.0463936440646648,0,0.0990386828780174,0,0.021104022860527,0,0.0890360251069068
0,0.0034662224352359,0,0.0271073281764984,0,0.0112846791744232,0,0.002757731359452
0,0.0072252554818987,0,0.0111814523115754,0,0.0298176035284996,0,0.0025249440222978
0,0.0058611859567463,0,0.0156395975500345,0,0.0195813458412885,0,0.0027640275657176
0,0.0081850141286849,0,0.0137371066957712,0,0.0581442639231681,0,0.0096615301445126
0,0.0764580219984054,0,0.0248083006590604,0,0.0214350502938032,0,0.0441751293838024
0,0.0026052289176732,0,0.0103582832962274,0,0.0052684312686324,0,0.0035361684858798
0,0.0040456769056618,0,0.0172160286456346,0,0.007783927489072,0,0.002626413712278
0,0.0041341092437505,0,0.0210404209792614,0,0.0078524332493543,0,0.0026169368065893
0,0.0139167867600917,0,0.02366529032588,0,0.0232762861996889,0,0.0013334080576896
0,0.0197144094854593,0,0.0275514759123325,0,0.0504934079945087,0,0.0016362135065719
0,0.0160745754837989,0,0.1520812511444091,0,0.0295987483114004,0,0.0057051740586757
0,0.0185917541384696,0,0.1595802307128906,0,0.031285360455513,0,0.0052681234665215
0,0.0060820286162197,0,0.075183130800724,0,0.0144600709900259,0,0.0046127280220389
0,0.0063977562822401,0,0.0126624638214707,0,0.0318614579737186,0,0.0028867849614471
0,0.0217385850846767,0,0.0915768444538116,0,0.1989695727825164,0,0.2291479855775833
0,0.0247161295264959,0,0.0971882343292236,0,0.2958279848098755,0,0.3838835060596466
0,0.0220515113323926,0,0.1067546755075454,0,0.3248519599437713,0,0.3869966864585876
0,0.1146861836314201,0,0.0262602865695953,0,0.0101173901930451,0,0.0219558291137218
0,0.055684395134449,0,0.1561386585235595,0,0.0218587908893823,0,0.0076837092638015
0,0.0124070178717374,0,0.0194048509001731,0,0.0059011550620198,0,0.002022490138188
0,0.4102329015731811,0,0.1585144698619842,0,0.2039631605148315,0,0.2041064500808715
0,0.1818005889654159,0,0.0422041900455951,0,0.0106252068653702,0,0.036068819463253
0,0.0404110960662364,0,0.0952699482440948,0,0.0107762422412633,0,0.0062795863486826
0,0.0436016358435153,0,0.0308664459735155,0,0.0300424918532371,0,0.0043808803893625
0,0.0303793549537658,0,0.0885551795363426,0,0.1365300267934799,0,0.0127550680190324
0,0.0960526317358017,0,0.0264227408915758,0,0.0086871683597564,0,0.0130117191001772
0,0.0050403946079313,0,0.0444369539618492,0,0.009047950617969,0,0.001016765134409
0,0.0037623401731252,0,0.0170764233916997,0,0.003922389820218,0,0.0009241531370207
0,0.5594534873962402,0,0.0856050848960876,0,0.1479901075363159,0,0.1380106657743454
0,0.0287903416901826,0,0.0689855217933654,0,0.4657350778579712,0,0.2170190215110778
0,0.5738264918327332,0,0.1236672401428222,0,0.6832420229911804,0,0.868587851524353
0,0.014153211377561,0,0.0162611901760101,0,0.0067082210443913,0,0.0004422574420459
0,0.015945266932249,0,0.0167903620749712,0,0.0048919101245701,0,0.0013259932165965
0,0.1348109990358352,0,0.3475845754146576,0,0.4556351602077484,0,0.8485702276229858
0,0.0076943435706198,0,0.022889083251357,0,0.0340455286204814,0,0.0005138813285157
0,0.0100165214389562,0,0.0140682365745306,0,0.0136068053543567,0,0.0041961264796555
0,0.0057901884429156,0,0.0202663522213697,0,0.0322915129363536,0,0.0043655824847519
0,0.1348254382610321,0,0.3475196659564972,0,0.3685615956783294,0,0.8616270422935486
0,0.0469078719615936,0,0.0753292962908744,0,0.353825181722641,0,0.0102842962369322
0,0.2481069415807724,0,0.1031423509120941,0,0.4698651731014251,0,0.386020302772522
0,0.2470641881227493,0,0.3919789493083954,0,0.5364737510681152,0,0.8725684881210327
0,0.0056825843639671,0,0.0234664492309093,0,0.0475335419178009,0,0.0008644775953143
0,0.0352549627423286,0,0.0392276123166084,0,0.0726978033781051,0,0.0311984233558177
0,0.0007352760294452,0,0.0139933470636606,0,0.0065907202661037,0,0.0003890247025992
0,0.0083496877923607,0,0.0269536059349775,0,0.0043282192200422,0,0.0002029056922765
0,0.0121321436017751,0,0.0659570172429084,0,0.0632515698671341,0,0.041118536144495
0,0.0136216105893254,0,0.0588005110621452,0,0.4551113545894623,0,0.0437992103397846
0,0.0086229545995593,0,0.0175895765423774,0,0.0033320009242743,0,0.0004565985000226
0,0.0033802180550992,0,0.0231478083878755,0,0.0069143800064921,0,0.000341550388839
0,0.000874042394571,0,0.0146491043269634,0,0.004819746594876,0,0.0003378577821422
0,0.0095672355964779,0,0.057636372745037,0,0.0698856115341186,0,0.0507244206964969
0,0.0194689091295003,0,0.0658278837800026,0,0.4602735936641693,0,0.0291406456381082
0,0.0033370293676853,0,0.1133873686194419,0,0.0129912374541163,0,0.002587251830846
0,0.020639119669795,0,0.0470335483551025,0,0.0027057414408773,0,0.0110356099903583
0,0.0007073793676681,0,0.0146450009196996,0,0.0041300044395029,0,0.0003786162415053
0,0.0878030061721801,0,0.0507616586983203,0,0.0426011718809604,0,0.0739218965172767
0,0.0089406324550509,0,0.0454763211309909,0,0.5633653998374939,0,0.037149753421545
0,0.0103320628404617,0,0.0134207885712385,0,0.0160608924925327,0,0.0930477082729339
0,0.0184475127607584,0,0.0156255960464477,0,0.018654927611351,0,0.0993442609906196
0,0.0469532944262027,0,0.0232658125460147,0,0.0390655435621738,0,0.2276258915662765
0,0.0665104985237121,0,0.0241408497095108,0,0.1470609158277511,0,0.1840459704399109
0,0.6319912075996399,0,0.1629476696252823,0,0.576580286026001,0,0.6639665365219116
0,0.1061162650585174,0,0.1845409274101257,0,0.4541177153587341,0,0.2892824411392212
0,0.0194806456565856,0,0.0326067730784416,0,0.1533766537904739,0,0.2225347161293029
0,0.0121157737448811,0,0.053920991718769,0,0.0124649284407496,0,0.0527000315487384
0,0.1030825152993202,0,0.0380373075604438,0,0.4215356409549713,0,0.2635578513145447
0,0.0376029498875141,0,0.0493155904114246,0,0.0285654254257679,0,0.000634544994682
0,0.0073205949738621,0,0.0230249483138322,0,0.0087604438886046,0,0.0045474776998162
0,0.0067546116188168,0,0.0177234094589948,0,0.0043106563389301,0,0.0050045014359056
0,0.0062627759762108,0,0.0237504914402961,0,0.0115136886015534,0,0.0023891406599432
0,0.0139675717800855,0,0.0290615931153297,0,0.102870836853981,0,0.018827386200428
0,0.0248547159135341,0,0.0208019912242889,0,0.0768130347132682,0,0.0149414632469415
0,0.0040426938794553,0,0.0323930792510509,0,0.0248613040894269,0,0.0787987634539604
0,0.0621096715331077,0,0.0812171325087547,0,0.2162342071533203,0,0.0243556816130876
0,0.0610134117305278,0,0.0962774530053138,0,0.129893958568573,0,0.3125447332859039
0,0.3829528987407684,0,0.1328126192092895,0,0.4122098982334137,0,0.4950768053531647
0,0.2357379049062729,0,0.1303815841674804,0,0.4502876102924347,0,0.3346085250377655
0,0.8339457511901855,0,0.183017686009407,0,0.4681489765644073,0,0.7915979027748108
0,0.0334304459393024,0,0.0386118665337562,0,0.0054917689412832,0,0.0276045259088277
0,0.0018788367742672,0,0.0108866551890969,0,0.0057335700839757,0,0.0006781034753657
0,0.0348366983234882,0,0.0373087972402572,0,0.0051657948642969,0,0.0168933030217885
0,0.0103134717792272,0,0.0212223473936319,0,0.0159840323030948,0,0.0083328932523727
0,0.0025737797841429,0,0.013849189504981,0,0.0092880139127373,0,0.0011401317315176
0,0.01927319355309,0,0.057130366563797,0,0.136537492275238,0,0.0267044715583324
0,0.0063934531062841,0,0.0231864359229803,0,0.0088881328701972,0,0.0103451134636998
0,0.0024085522163659,0,0.0094520989805459,0,0.0066926600411534,0,0.0005242896731942
0,0.3521857559680938,0,0.0488858819007873,0,0.2042325735092163,0,0.2892109751701355
0,0.0225791316479444,0,0.0503980927169323,0,0.0293998476117849,0,0.025250069797039
0,0.0024901418946683,0,0.0116680841892957,0,0.0102417254820466,0,0.0024117175489664
0,0.0059577608481049,0,0.0352612175047397,0,0.0322803035378456,0,0.0042020161636173
0,0.0430335141718387,0,0.0467914156615734,0,0.031671866774559,0,0.0117134815081954
0,0.0585266947746276,0,0.1111206263303756,0,0.5785911679267883,0,0.114375315606594
0,0.1231747567653656,0,0.1056458428502082,0,0.0912096947431564,0,0.0637244805693626
0,0.2846854031085968,0,0.0457455180585384,0,0.3815313577651977,0,0.1583829224109649
0,0.0198154300451278,0,0.0350624769926071,0,0.1535910218954086,0,0.0360732413828372
0,0.0966327339410781,0,0.0829537138342857,0,0.0674206614494323,0,0.1528791487216949
0,0.0118381669744849,0,0.0315971635282039,0,0.0089339800179004,0,0.0049016526900231
0,0.010806362144649,0,0.0334114022552967,0,0.0140962461009621,0,0.0136115178465843
0,0.0201040245592594,0,0.0407098866999149,0,0.036805409938097,0,0.0437370464205741
0,0.0282980147749185,0,0.0308158006519079,0,0.0092136748135089,0,0.0933398529887199
0,0.0062406174838542,0,0.0436661429703235,0,0.0035749345552176,0,0.0085492525249719
0,0.0125697059556841,0,0.0958200544118881,0,0.0061807697638869,0,0.0127395978197455
0,0.0065815644338727,0,0.0087701920419931,0,0.0039329333230853,0,0.0002022651751758
0,0.3189482092857361,0,0.0475497618317604,0,0.0514729022979736,0,0.0577688738703727
0,0.0252631176263093,0,0.0244376026093959,0,0.0299528129398822,0,0.3446691036224365
0,0.1186167672276496,0,0.1652565598487854,0,0.5901084542274475,0,0.5958713889122009
0,0.5577349662780762,0,0.3238494992256164,0,0.6018164753913879,0,0.6043076515197754
0,0.0303408429026603,0,0.081073373556137,0,0.1873355358839035,0,0.0765940099954605
0,0.1334487646818161,0,0.0495161041617393,0,0.064007855951786,0,0.0027458237018436
0,0.4428324997425079,0,0.1520023494958877,0,0.0900396555662155,0,0.1464103162288665
0,0.1245873495936393,0,0.0588522255420684,0,0.044647742062807,0,0.0342486202716827
0,0.3657028377056122,0,0.1419580280780792,0,0.0853702798485755,0,0.063651829957962
0,0.0063015008345246,0,0.01716342382133,0,0.0108445500954985,0,0.0122541738674044
0,0.0308273192495107,0,0.0210818722844123,0,0.0746152475476265,0,0.0515565909445285
0,0.0025960551574826,0,0.0113731017336249,0,0.0092800967395305,0,0.0061419592238962
0,0.0239295773208141,0,0.0232386011630296,0,0.0611174665391445,0,0.0064031295478343
0,0.0071784518659114,0,0.0278467275202274,0,0.0534254722297191,0,0.0124215334653854
0,0.0105884773656725,0,0.0430681966245174,0,0.0030293005984276,0,0.0026937564834952
0,0.0166701264679431,0,0.0223812852054834,0,0.1073525696992874,0,0.0503373444080352
0,0.0290188286453485,0,0.0279588177800178,0,0.0095792990177869,0,0.0195221677422523
0,0.0148188900202512,0,0.0279108975082635,0,0.0043179974891245,0,0.0092906020581722
0,0.020903842523694,0,0.0322503224015235,0,0.0050427434034645,0,0.013369663618505
0,0.0041106143034994,0,0.0145426029339432,0,0.0674839466810226,0,0.0107777323573827
0,0.0044606951996684,0,0.0196264274418354,0,0.007138661108911,0,0.0008794763125479
0,0.0102433748543262,0,0.0131128337234258,0,0.0650854483246803,0,0.0123282019048929
0,0.003356923116371,0,0.0185633283108472,0,0.0063844844698905,0,0.0007993695326149
0,0.0063798064365983,0,0.0375416576862335,0,0.0506560429930686,0,0.0201916471123695
0,0.0410179123282432,0,0.0400797091424465,0,0.0135376555845141,0,0.0059283203445374
0,0.336689293384552,0,0.1067632809281349,0,0.4235288798809051,0,0.5347219109535217
0,0.0352593995630741,0,0.0402830429375171,0,0.0097605511546134,0,0.00333644868806
0,0.1762610077857971,0,0.0506813526153564,0,0.3091613352298736,0,0.3208309412002563
0,0.0205209143459796,0,0.0310179516673088,0,0.0081497356295585,0,0.0024044492747634
0,0.4102739095687866,0,0.1003379672765731,0,0.4105539321899414,0,0.4182828962802887
0,0.4911992847919464,0,0.3758571445941925,0,0.7053474187850952,0,0.6583489179611206
0,0.0012050063814967,0,0.0251061990857124,0,0.0052401884458959,0,0.0044028582051396
0,0.0025220096576958,0,0.0205320883542299,0,0.0136697581037878,0,0.0003690752200782
0,0.0026532083284109,0,0.0146738281473517,0,0.0159455072134733,0,0.000702389224898
0,0.0379293337464332,0,0.0352257899940013,0,0.0269203037023544,0,0.0015767524018883
0,0.0345049649477005,0,0.0367186143994331,0,0.0473508760333061,0,0.0029592993669211
