fold_1_labels,fold_1_predictions,fold_2_labels,fold_2_predictions,fold_3_labels,fold_3_predictions,fold_4_labels,fold_4_predictions
1,0.7478060722351074,1,0.3996298611164093,1,0.3296794295310974,1,0.2257194817066192
1,0.9236000776290894,1,0.600554883480072,1,0.6608717441558838,1,0.8204143643379211
1,0.5217286348342896,1,0.6139349937438965,1,0.4576015174388885,1,0.4277183711528778
1,0.0318979434669017,1,0.4356707632541656,1,0.1114356368780136,1,0.2026118338108062
1,0.011052212677896,1,0.2371184080839157,1,0.4783074557781219,1,0.2934579849243164
1,0.172999769449234,1,0.5559061169624329,1,0.180807739496231,1,0.3539798259735107
1,0.0827434882521629,1,0.415469765663147,1,0.4674758911132812,1,0.3243167400360107
1,0.5922088027000427,1,0.3668112456798553,1,0.5323207378387451,1,0.2922305166721344
1,0.7566355466842651,1,0.4592247009277344,1,0.6293323636054993,1,0.3976045846939087
1,0.7738762497901917,1,0.4920636713504791,1,0.685375988483429,1,0.503378689289093
1,0.8315126299858093,1,0.2774554491043091,1,0.4718020856380462,1,0.3112759888172149
1,0.885138988494873,1,0.6454496383666992,1,0.6455888152122498,1,0.9263248443603516
1,0.1450538635253906,1,0.0712023377418518,1,0.3714278042316437,1,0.3047709763050079
1,0.134239912033081,1,0.0646108239889144,1,0.022506833076477,1,0.0340714119374752
1,0.8768439888954163,1,0.4014657437801361,1,0.2729520797729492,1,0.5315319895744324
1,0.8921555876731873,1,0.4428264200687408,1,0.356224000453949,1,0.5480031967163086
1,0.4424459040164947,1,0.7187840342521667,1,0.8346419334411621,1,0.6970856189727783
1,0.0044929380528628,1,0.0172136239707469,1,0.1958739608526229,1,0.0588970631361007
1,0.9538225531578064,1,0.4629959166049957,1,0.8609516024589539,1,0.5821208953857422
1,0.030219554901123,1,0.0841558128595352,1,0.1593994349241256,1,0.0178564302623271
1,0.4569613039493561,1,0.0186089742928743,1,0.369223803281784,1,0.5048335194587708
0,0.0244175475090742,0,0.0622525513172149,0,0.0159562304615974,0,0.0027299241628497
0,0.0005610801745206,0,0.0201469752937555,0,0.0014451519818976,0,0.0027274405583739
0,0.0279697887599468,0,0.1344395279884338,0,0.2114249914884567,0,0.0156748946756124
0,0.0008274954743683,0,0.0186926610767841,0,0.0019503477960824,0,0.0049504372291266
0,0.0547860860824584,0,0.1510393619537353,0,0.2354882657527923,0,0.0110306618735194
0,0.0010718727717176,0,0.0163060575723648,0,0.0024686122778803,0,0.0025430538225919
0,0.0465500056743621,0,0.0904685258865356,0,0.1667270958423614,0,0.0078648021444678
0,0.0208814479410648,0,0.0824452117085456,0,0.1048411056399345,0,0.052575945854187
0,0.0425602607429027,0,0.099694512784481,0,0.2653778195381164,0,0.0989938452839851
0,0.0015715034678578,0,0.0311442036181688,0,0.0043361149728298,0,0.0095655499026179
0,0.0018790130270645,0,0.0331931002438068,0,0.0031775378156453,0,0.0023573595099151
0,0.0013313016388565,0,0.0432366915047168,0,0.0059355096891522,0,0.0034075961448252
0,0.0176575519144535,0,0.0195202901959419,0,0.0087165124714374,0,0.0592909976840019
0,0.002431672764942,0,0.0221233144402503,0,0.0061947219073772,0,0.0034192625898867
0,0.2254729866981506,0,0.0825607478618621,0,0.0351268388330936,0,0.0387445576488971
0,0.1013427078723907,0,0.2695866227149963,0,0.0859977379441261,0,0.1173492893576622
0,0.004275404382497,0,0.0187701769173145,0,0.0132438419386744,0,0.0200608316808938
0,0.0014595759566873,0,0.0186818111687898,0,0.0069827255792915,0,0.0069623179733753
0,0.0512864403426647,0,0.0642095953226089,0,0.0176748968660831,0,0.0265694856643676
0,0.0180628430098295,0,0.007957411929965,0,0.1558555662631988,0,0.0520985126495361
0,0.3145361542701721,0,0.0448399968445301,0,0.0284274518489837,0,0.0459881573915481
0,0.1789787858724594,0,0.2799379825592041,0,0.1551764458417892,0,0.3201594650745392
0,0.0153559371829032,0,0.0916036143898963,0,0.0100336568430066,0,0.0375041142106056
0,0.195216104388237,0,0.1064302548766136,0,0.0100421532988548,0,0.0175817180424928
0,0.2224906980991363,0,0.6098222136497498,0,0.557693362236023,0,0.4985182285308838
0,0.3014919757843017,0,0.4476790428161621,0,0.4717341065406799,0,0.4907778203487396
0,0.0051144231110811,0,0.0706164538860321,0,0.0093670822679996,0,0.0600954815745353
0,0.2779951691627502,0,0.0316083058714866,0,0.0584403425455093,0,0.0572204776108264
0,0.2253590673208236,0,0.6173474788665771,0,0.5576519966125488,0,0.5649533271789551
0,0.258440226316452,0,0.5647157430648804,0,0.5031835436820984,0,0.4362679123878479
0,0.0056012463755905,0,0.1051936075091362,0,0.0163207575678825,0,0.0831123515963554
0,0.1089032813906669,0,0.0385462418198585,0,0.0301688555628061,0,0.0463880747556686
0,0.1874095946550369,0,0.571733832359314,0,0.4497392177581787,0,0.4887980818748474
0,0.3285220563411712,0,0.6055405735969543,0,0.5865703225135803,0,0.5859866142272949
0,0.0070655378513038,0,0.0675319209694862,0,0.0065865698270499,0,0.0256241243332624
0,0.1438769847154617,0,0.0433756411075592,0,0.0054476521909236,0,0.0171814747154712
0,0.0517425797879695,0,0.0519258975982666,0,0.0030942673329263,0,0.0492273792624473
0,0.0046941684558987,0,0.0251603443175554,0,0.0087278420105576,0,0.0068055200390517
0,0.0809170082211494,0,0.2851326465606689,0,0.1418095380067825,0,0.0747803747653961
0,0.1451684534549713,0,0.2300535887479782,0,0.2248385846614837,0,0.0918398350477218
0,0.0300586149096488,0,0.1897860169410705,0,0.0164926834404468,0,0.0166333056986331
0,0.0460310615599155,0,0.1965540647506714,0,0.0101590361446142,0,0.012630003504455
0,0.0018586772494018,0,0.0183729622513055,0,0.0040414063259959,0,0.0178994219750165
0,0.0378030538558959,0,0.2012914568185806,0,0.0283860806375741,0,0.0121158650144934
0,0.0375845320522785,0,0.1195929571986198,0,0.0287862587720155,0,0.0324189625680446
0,0.0044555417262017,0,0.0975204557180404,0,0.0084676332771778,0,0.0080795930698513
0,0.01115467492491,0,0.0290074460208416,0,0.0265416149049997,0,0.0280176252126693
0,0.0296921599656343,0,0.1317395716905594,0,0.0740090981125831,0,0.07120181620121
0,0.7171308398246765,0,0.5387169718742371,0,0.8375570774078369,0,0.6627138257026672
0,0.1391024887561798,0,0.0696772411465644,0,0.0362591929733753,0,0.0669710785150528
0,0.0166978351771831,0,0.0210747104138135,0,0.0063895503990352,0,0.0082295406609773
0,0.4773712456226349,0,0.7120556831359863,0,0.6697199940681458,0,0.7576992511749268
0,0.0004774543340317,0,0.0160507764667272,0,0.0056577455252408,0,0.0107013620436191
0,0.0007081813528202,0,0.0929338708519935,0,0.0163430403918027,0,0.0060189012438058
0,0.0249197818338871,0,0.2125860899686813,0,0.0306392684578895,0,0.0418640337884426
0,0.0005072522908449,0,0.0171260200440883,0,0.0058635007590055,0,0.0053756698034703
0,0.0009633638546802,0,0.0973693132400512,0,0.0180424489080905,0,0.0063266581855714
0,0.0385457202792167,0,0.2037510275840759,0,0.0262068323791027,0,0.0212561581283807
0,0.0007014197180978,0,0.0174504946917295,0,0.0063009988516569,0,0.0107908565551042
0,0.0008600840228609,0,0.0880043283104896,0,0.0162535347044467,0,0.0049354787915945
0,0.0072838068008422,0,0.143640711903572,0,0.001796951284632,0,0.0392258502542972
0,0.0342513993382453,0,0.1410619765520095,0,0.0207360107451677,0,0.0233970899134874
0,0.0017176143592223,0,0.0194017756730318,0,0.0148305064067244,0,0.0033295184839516
0,0.0066734184511005,0,0.0306474212557077,0,0.0088928341865539,0,0.0842724442481994
0,0.0098454859107732,0,0.0177647322416305,0,0.0030520993750542,0,0.0351030491292476
0,0.0014460048405453,0,0.0092849554494023,0,0.0027475070673972,0,0.0078600710257887
0,0.0022663020063191,0,0.009538410231471,0,0.0021811053156852,0,0.0113328052684664
0,0.0017706098733469,0,0.0096734911203384,0,0.0027016564272344,0,0.0093182139098644
0,0.013575424440205,0,0.0149016883224248,0,0.0372845195233821,0,0.019572926685214
0,0.0334199555218219,0,0.0145147470757365,0,0.0198488738387823,0,0.0276601370424032
0,0.2392504215240478,0,0.205846756696701,0,0.6554285287857056,0,0.1610537469387054
0,0.7517894506454468,0,0.0950237214565277,0,0.3817925155162811,0,0.053250964730978
0,0.5260764360427856,0,0.4483365416526794,0,0.702917754650116,0,0.1585745066404342
0,0.0141886305063962,0,0.0375037044286727,0,0.0025349846109747,0,0.0027140867896378
0,0.0243100170046091,0,0.2346275597810745,0,0.1901349574327469,0,0.0589175298810005
0,0.0345824994146823,0,0.0416880026459693,0,0.0527893155813217,0,0.0331612788140773
0,0.0770811066031456,0,0.1006089523434639,0,0.0185834970325231,0,0.028035532683134
0,0.0578344613313674,0,0.2432972490787506,0,0.0181978773325681,0,0.3180961310863495
0,0.0219097845256328,0,0.0756478235125541,0,0.0072710402309894,0,0.0123394597321748
0,0.0311283003538846,0,0.060321882367134,0,0.009282674640417,0,0.0375213697552681
0,0.0835748761892318,0,0.0511348731815815,0,0.0441965907812118,0,0.02452770806849
0,0.0541471503674984,0,0.0541195981204509,0,0.0172081068158149,0,0.0078135784715414
0,0.0498806573450565,0,0.0537546873092651,0,0.0279693473130464,0,0.0246158000081777
0,0.0007680495036765,0,0.0145011730492115,0,0.001033131731674,0,0.0058712218888103
0,0.0052801640704274,0,0.0578910857439041,0,0.0126756336539983,0,0.0150683037936687
0,0.0068994648754596,0,0.2284566611051559,0,0.0098102670162916,0,0.0194742940366268
0,0.0893088653683662,0,0.0628185793757438,0,0.0618730820715427,0,0.0273353438824415
0,0.0053886626847088,0,0.0602124370634555,0,0.0049622594378888,0,0.004084600135684
0,0.1007628589868545,0,0.3851148784160614,0,0.6698626279830933,0,0.4145113229751587
0,0.167479932308197,0,0.0608364529907703,0,0.0067906104959547,0,0.0835877880454063
0,0.4995304644107818,0,0.4225505888462066,0,0.0735208317637443,0,0.2907954156398773
0,0.1839995235204696,0,0.1143172085285186,0,0.1123957857489585,0,0.1999128013849258
0,0.1902854591608047,0,0.1642716377973556,0,0.1034254655241966,0,0.2792948782444
0,0.201995387673378,0,0.1904703378677368,0,0.1035913750529289,0,0.3249326050281524
0,0.0030726941768079,0,0.0337958037853241,0,0.0151239382103085,0,0.0062244096770882
0,0.2495544701814651,0,0.3185180425643921,0,0.2050100117921829,0,0.5287199020385742
0,0.0724754855036735,0,0.447546899318695,0,0.0943987593054771,0,0.2675718069076538
0,0.0767821446061134,0,0.3414355814456939,0,0.1155171543359756,0,0.3474724888801574
0,0.5006918907165527,0,0.1219919025897979,0,0.0191003922373056,0,0.13650444149971
0,0.0479416958987712,0,0.3797649443149566,0,0.4889508485794067,0,0.1069812104105949
0,0.0074192760512232,0,0.0307761374861001,0,0.0287757683545351,0,0.0125027801841497
0,0.0041636670939624,0,0.0517755337059497,0,0.0059833186678588,0,0.0235080420970916
0,0.0077809221111238,0,0.0574806965887546,0,0.0056512760929763,0,0.0253756623715162
0,0.1464166641235351,0,0.1024265959858894,0,0.0057426295243203,0,0.0079742074012756
0,0.0048379749059677,0,0.0138864377513527,0,0.0012228324776515,0,0.00298976409249
0,0.1254865825176239,0,0.0151083264499902,0,0.0025244902353733,0,0.0138789368793368
0,0.0049584018997848,0,0.0171703025698661,0,0.0102547360584139,0,0.0159178078174591
0,0.0188543889671564,0,0.012194650247693,0,0.0365747846662998,0,0.0195655189454555
0,0.0049153920263051,0,0.111702412366867,0,0.011858332902193,0,0.0158985946327447
0,0.0002323248190805,0,0.0105969030410051,0,0.0010952579323202,0,0.0016745770117267
0,0.0002714135334827,0,0.0109817823395133,0,0.0009424453601241,0,0.0022174390032887
0,0.0015026696491986,0,0.0233209542930126,0,0.0046534799039363,0,0.0043645468540489
0,0.0001854004949564,0,0.0100457603111863,0,0.0008480285760015,0,0.0016060868510976
0,0.0026646596379578,0,0.0414192155003547,0,0.0061928988434374,0,0.0043851733207702
0,0.0784228518605232,0,0.0367039702832698,0,0.0224688164889812,0,0.0316344201564788
0,0.0266602709889411,0,0.0532901138067245,0,0.2746267914772033,0,0.0210479442030191
0,0.0049554123543202,0,0.0239727552980184,0,0.0037522378843277,0,0.0074646137654781
0,0.0044373571872711,0,0.0320797637104988,0,0.0022095753811299,0,0.0362046882510185
0,0.0108414245769381,0,0.0205920320004224,0,0.0028878764715045,0,0.0075477268546819
0,0.0663747563958168,0,0.1532519310712814,0,0.0212275870144367,0,0.0403367429971694
0,0.0018777900841087,0,0.0275870487093925,0,0.0010063861263915,0,0.0192995555698871
0,0.0048497943207621,0,0.0154729634523391,0,0.0023676846176385,0,0.0054335640743374
0,0.0226656328886747,0,0.1491589397192001,0,0.1624502837657928,0,0.0345578230917453
0,0.0012666138354688,0,0.0767714381217956,0,0.018443264067173,0,0.0049455822445452
0,0.0030435726512223,0,0.0267865993082523,0,0.0096713947132229,0,0.0149498088285326
0,0.0053675430826842,0,0.0340704657137393,0,0.0049855588003993,0,0.0056521957740187
0,0.0007391681428998,0,0.0578599013388156,0,0.0048014242202043,0,0.0032852571457624
0,0.0076893391087651,0,0.0804344564676284,0,0.0143592301756143,0,0.0059017287567257
0,0.0012545322533696,0,0.0770535990595817,0,0.0195797029882669,0,0.0042048245668411
0,0.0039253174327313,0,0.0361373126506805,0,0.0069771469570696,0,0.0162567067891359
0,0.0042809676378965,0,0.0290759317576885,0,0.0056475610472261,0,0.0035756698343902
0,0.024804750457406,0,0.5260875225067139,0,0.3745873868465423,0,0.2373025268316269
0,0.5943983793258667,0,0.3464380502700805,0,0.4664147496223449,0,0.7590247988700867
0,0.4029191732406616,0,0.3185931146144867,0,0.177305519580841,0,0.369508683681488
0,0.0672804936766624,0,0.0190383307635784,0,0.0358822047710418,0,0.0105876484885811
0,0.0028713536448776,0,0.1181021705269813,0,0.0098136244341731,0,0.0039379671216011
0,0.0146172493696212,0,0.0516135953366756,0,0.0012598652392625,0,0.1166954264044761
0,0.0735463425517082,0,0.1234335750341415,0,0.0308010205626487,0,0.0191339328885078
0,0.004444696009159,0,0.0839925333857536,0,0.0036944427993148,0,0.0021097841672599
0,0.0032291309908032,0,0.051040880382061,0,0.2594501674175262,0,0.0195274855941534
0,0.0295020621269941,0,0.0428113564848899,0,0.0204840060323476,0,0.0282867066562175
0,0.0016751878429204,0,0.0531618110835552,0,0.0496498569846153,0,0.0077731404453516
0,0.003930574748665,0,0.286731094121933,0,0.0070099858567118,0,0.0183681845664978
0,0.089880958199501,0,0.0458614230155944,0,0.0207627862691879,0,0.031761460006237
0,0.1357953548431396,0,0.0702922716736793,0,0.2963071763515472,0,0.005669058766216
0,0.3313122987747192,0,0.2065858244895935,0,0.0063398680649697,0,0.1129236668348312
0,0.4535002410411834,0,0.5066858530044556,0,0.7905104160308838,0,0.328551322221756
0,0.0010564568219706,0,0.0137531943619251,0,0.00550925033167,0,0.0023508956655859
0,0.0024488975759595,0,0.0926738455891609,0,0.0820144638419151,0,0.0048786848783493
0,0.0016569249564781,0,0.0113180531188845,0,0.0055171065032482,0,0.0018828355241566
0,0.0018776863580569,0,0.0136221880093216,0,0.0036568779032677,0,0.0025098084006458
0,0.6053758859634399,0,0.6497983336448669,0,0.7816433310508728,0,0.2985385954380035
0,0.4279467463493347,0,0.5700015425682068,0,0.5914819240570068,0,0.328839898109436
0,0.607546329498291,0,0.5514931678771973,0,0.6477290987968445,0,0.3692877888679504
0,0.0258030295372009,0,0.0751896426081657,0,0.1983373463153839,0,0.0673961341381073
0,0.0142846871167421,0,0.0810322389006614,0,0.1250605136156082,0,0.0803072080016136
0,0.025397777557373,0,0.0655018016695976,0,0.0906095802783966,0,0.0767006799578666
0,0.0061582340858876,0,0.1841210126876831,0,0.0237804166972637,0,0.0134656587615609
0,0.0012373715871945,0,0.0239815302193164,0,0.0143336076289415,0,0.0066635254770517
0,0.0192750822752714,0,0.0287225972861051,0,0.0103641310706734,0,0.0046303402632474
0,0.0006107788649387,0,0.0232065860182046,0,0.0041605699807405,0,0.002281095366925
0,0.0012770644389092,0,0.034554649144411,0,0.0376891195774078,0,0.0043866182677447
0,0.0107363015413284,0,0.0336431786417961,0,0.0052538546733558,0,0.0038216360844671
0,0.0008185090264305,0,0.0231491681188344,0,0.0019562609959393,0,0.0037935958243906
0,0.0006607071845792,0,0.0372100956737995,0,0.0346642024815082,0,0.0039376490749418
0,0.0054115657694637,0,0.0220040325075387,0,0.011566650122404,0,0.0055335219949483
0,0.0004446555685717,0,0.0159358419477939,0,0.0016582797979936,0,0.0054435329511761
0,0.7690613865852356,0,0.2655209004878998,0,0.5202339291572571,0,0.199919655919075
0,0.146684855222702,0,0.3361850678920746,0,0.6061909794807434,0,0.0856094881892204
0,0.6702122092247009,0,0.2022225707769394,0,0.1235090792179107,0,0.0726706013083458
0,0.2281598299741745,0,0.404701828956604,0,0.5638182759284973,0,0.1840714961290359
0,0.0144707383587956,0,0.0192431136965751,0,0.0044655534438788,0,0.0275440104305744
0,0.2818922400474548,0,0.2400998920202255,0,0.0729928538203239,0,0.1302348524332046
0,0.0825972557067871,0,0.3010254502296448,0,0.5769766569137573,0,0.029131930321455
0,0.0293193906545639,0,0.1676253080368042,0,0.0563616342842578,0,0.0723840519785881
0,0.6003007292747498,0,0.3101321160793304,0,0.2419559806585312,0,0.1611231416463852
0,0.6597486734390259,0,0.304348886013031,0,0.4191308915615082,0,0.2830765545368194
0,0.0114805549383163,0,0.1383125931024551,0,0.0021000187844038,0,0.0020592678338289
0,0.0090306857600808,0,0.0237814504653215,0,0.0108798434957861,0,0.0107893757522106
0,0.0492650754749774,0,0.1566838324069976,0,0.0068638236261904,0,0.2567227780818939
0,0.0316421948373317,0,0.0926432982087135,0,0.2839550971984863,0,0.0081656510010361
0,0.3666257560253143,0,0.2350115031003952,0,0.3588999211788177,0,0.0228451211005449
0,0.1068635210394859,0,0.2289730012416839,0,0.1655220538377761,0,0.0305463206022977
0,0.005992283578962,0,0.0435223616659641,0,0.0076206652447581,0,0.0022192005999386
0,0.2687440812587738,0,0.1377851366996765,0,0.2967771887779236,0,0.2263319492340088
0,0.0027223713696002,0,0.0477267950773239,0,0.0685732811689376,0,0.0043796184472739
0,0.0008895095088519,0,0.0142311118543148,0,0.0019342149607837,0,0.0012579287867993
0,0.0068861609324812,0,0.0494507476687431,0,0.0338073894381523,0,0.0153307933360338
0,0.0072466162964701,0,0.0272253025323152,0,0.1714874356985092,0,0.0408564396202564
0,0.0029508501756936,0,0.0136589678004384,0,0.0045221443288028,0,0.0060845515690743
0,0.277740478515625,0,0.1681106686592102,0,0.1516203880310058,0,0.0659041926264762
0,0.0144388042390346,0,0.2337855249643325,0,0.0030177668668329,0,0.0090096173807978
0,0.0071259513497352,0,0.2719532251358032,0,0.0052338563837111,0,0.0126282135024666
0,0.0007890339475125,0,0.0460800305008888,0,0.0011320225894451,0,0.0038499482907354
0,0.1054413765668869,0,0.2400749921798706,0,0.0056273024529218,0,0.0085875876247882
0,0.0022511745337396,0,0.029040440917015,0,0.0014567357720807,0,0.0032179048284888
0,0.0197259131819009,0,0.0310988314449787,0,0.0231854133307933,0,0.0270006284117698
0,0.7930147051811218,0,0.6214712858200073,0,0.5388903021812439,0,0.7173675298690796
0,0.785810112953186,0,0.6782763600349426,0,0.5382917523384094,0,0.6180356740951538
0,0.8239783644676208,0,0.6346246600151062,0,0.4863996505737304,0,0.6224653124809265
0,0.0156601425260305,0,0.0318466648459434,0,0.0023827506229281,0,0.0063270656391978
0,0.0148422364145517,0,0.0432935431599617,0,0.0036763637326657,0,0.0099813705310225
0,0.0593928098678588,0,0.0400279052555561,0,0.0065089087001979,0,0.0109913321211934
0,0.0139289759099483,0,0.0363047942519187,0,0.0313297845423221,0,0.0569113977253437
0,0.0158763621002435,0,0.0584178455173969,0,0.0080924173817038,0,0.0105947935953736
0,0.0404709838330745,0,0.1113252416253089,0,0.021748749539256,0,0.0099896807223558
0,0.7426033020019531,0,0.7440481781959534,0,0.7870444655418396,0,0.8218382000923157
0,0.8018545508384705,0,0.5529653429985046,0,0.6379398703575134,0,0.6259528398513794
0,0.0168501194566488,0,0.2486359179019928,0,0.1081569865345954,0,0.0160101018846035
0,0.0038146388251334,0,0.0148406885564327,0,0.0005269605317153,0,0.0029795803129673
0,0.0776760503649711,0,0.2252212613821029,0,0.0304108336567878,0,0.0121235204860568
0,0.0017343566287308,0,0.0212757010012865,0,0.0029685914050787,0,0.0061006755568087
0,0.0025065990630537,0,0.0229546558111906,0,0.0027665956877171,0,0.0038658655248582
0,0.0090662762522697,0,0.0253314524888992,0,0.0118673481047153,0,0.0033883594442158
0,0.0008757755276747,0,0.0182190146297216,0,0.0035834065638482,0,0.0042259232141077
0,0.0083289062604308,0,0.0203330814838409,0,0.0076570222154259,0,0.0036288523115217
0,0.0016228574095293,0,0.0283037386834621,0,0.0053467364050447,0,0.0070683085359632
0,0.0065330965444445,0,0.0365055054426193,0,0.0050019142217934,0,0.0060302121564745
0,0.008149373345077,0,0.0217063054442405,0,0.0105390464887022,0,0.0025350642390549
0,0.8233155608177185,0,0.3620555698871612,0,0.3605272471904754,0,0.5335536003112793
0,0.0802178755402565,0,0.0595950223505497,0,0.045196458697319,0,0.070286177098751
0,0.0026452131569385,0,0.0116241313517093,0,0.0061974083073437,0,0.0065395929850637
0,0.0126142660155892,0,0.0353038720786571,0,0.005627286620438,0,0.0164747256785631
0,0.0083122598007321,0,0.0297804232686758,0,0.0061200484633445,0,0.0114729385823011
0,0.0110176177695393,0,0.034901350736618,0,0.0122550800442695,0,0.0207051169127225
1,0.3171487152576446,1,0.6820712089538574,1,0.7179802060127258,1,0.8237524628639221
1,0.7429251074790955,1,0.2150915414094925,1,0.1377210468053817,1,0.1370210349559784
1,0.126692846417427,1,0.5189525485038757,1,0.2695197761058807,1,0.0999233722686767
1,0.0739204362034797,1,0.4176740050315857,1,0.3101548254489898,1,0.1073997542262077
1,0.2735661268234253,1,0.361271858215332,1,0.385748416185379,1,0.1016658544540405
1,0.3537198901176452,1,0.6411594152450562,1,0.8050235509872437,1,0.8895780444145203
1,0.9622026681900024,1,0.2812207639217376,1,0.9899174571037292,1,0.9871341586112976
1,0.0098344245925545,1,0.0251428019255399,1,0.011437333188951,1,0.0130281765013933
1,0.0461534149944782,1,0.0663261488080024,1,0.0825641974806785,1,0.0317685715854167
1,0.2041964679956436,1,0.0990226194262504,1,0.2230829149484634,1,0.3178862333297729
1,0.043586928397417,1,0.107729285955429,1,0.5382384061813354,1,0.276712566614151
1,0.7905247807502747,1,0.1968734413385391,1,0.8340944647789001,1,0.4503749310970306
1,0.0714413821697235,1,0.2280695587396621,1,0.0468870662152767,1,0.1231750771403312
1,0.3686127662658691,1,0.1061660349369049,1,0.1322298943996429,1,0.2412449717521667
1,0.6972429752349854,1,0.5161225199699402,1,0.2451663017272949,1,0.6081641912460327
1,0.0039746323600411,1,0.0305839888751506,1,0.0065073827281594,1,0.0106898993253707
1,0.0230262018740177,1,0.0526864156126976,1,0.0255224499851465,1,0.0287203919142484
1,0.2116297334432602,1,0.0247066672891378,1,0.0191164258867502,1,0.004683825187385
1,0.7055251598358154,1,0.1517711728811264,1,0.8084799647331238,1,0.4016587138175964
1,0.8179174661636353,1,0.5060626864433289,1,0.1720233559608459,1,0.3414848744869232
1,0.3376077115535736,1,0.677396297454834,1,0.6854434609413147,1,0.6361542344093323
1,0.9085233807563782,1,0.6497528553009033,1,0.7151521444320679,1,0.6572747230529785
1,0.3709371984004974,1,0.5397736430168152,1,0.3912650048732757,1,0.7342200875282288
1,0.4259852766990661,1,0.3103061616420746,1,0.5152115225791931,1,0.3595615029335022
1,0.3720712959766388,1,0.3071019947528839,1,0.6637641787528992,1,0.3568638861179352
1,0.6709589958190918,1,0.2480058670043945,1,0.6056037545204163,1,0.6991457343101501
0,0.0958140790462493,0,0.1344967782497406,0,0.3059547841548919,0,0.0224654395133256
0,0.0353774316608905,0,0.0548546351492404,0,0.1612067222595214,0,0.0168359763920307
0,0.1093282252550125,0,0.0190876089036464,0,0.0150249982252717,0,0.0184530317783355
0,0.0014760751510038,0,0.0473075248301029,0,0.0170833636075258,0,0.0077323368750512
0,0.0028039158787578,0,0.0507078655064106,0,0.0672787129878997,0,0.0034700410906225
0,0.5126891136169434,0,0.3250142931938171,0,0.3224137127399444,0,0.4946752488613128
0,0.014294384047389,0,0.1299804300069809,0,0.0363677740097045,0,0.0153584387153387
0,0.0053319698199629,0,0.0302764661610126,0,0.0015398265095427,0,0.0023983572609722
0,0.1134593412280082,0,0.3154915869235992,0,0.1774266511201858,0,0.3430204689502716
0,0.0034544884692877,0,0.0395631492137908,0,0.0069520599208772,0,0.0047263721935451
0,0.013523519039154,0,0.1339798420667648,0,0.0233540814369916,0,0.0128469327464699
0,0.0010443322826176,0,0.067084401845932,0,0.0690942034125328,0,0.0046061603352427
0,0.0042000971734523,0,0.1344798803329467,0,0.1028643473982811,0,0.017269155010581
0,0.3286862671375274,0,0.6278707385063171,0,0.4918526411056518,0,0.5017831921577454
0,0.0033972726669162,0,0.0627097785472869,0,0.0364241078495979,0,0.0127688385546207
0,0.0107819475233554,0,0.0408627800643444,0,0.0298796836286783,0,0.0081021292135119
0,0.0054881661199033,0,0.0126671846956014,0,0.0007133319159038,0,0.0019185333512723
0,0.0012138832826167,0,0.0219688955694437,0,0.0011188031639903,0,0.0063042151741683
0,0.0192300844937562,0,0.0260985866189003,0,0.0354765802621841,0,0.0358319766819477
0,0.2524944245815277,0,0.5308653116226196,0,0.0975049287080764,0,0.2349251806735992
0,0.0129868667572736,0,0.0699535757303237,0,0.0404950976371765,0,0.0657049044966697
0,0.0004915550816804,0,0.021864578127861,0,0.0056714643724262,0,0.0112173482775688
0,0.0052738939411938,0,0.0529303215444088,0,0.0018702993402257,0,0.0035517360083758
0,0.0014166758628562,0,0.0482458472251892,0,0.0229849722236394,0,0.0025362835731357
0,0.0011698573362082,0,0.0175958070904016,0,0.0021613261196762,0,0.0034778290428221
0,0.0008129295310936,0,0.1951577067375183,0,0.0109907565638422,0,0.0135884387418627
0,0.0017009377479553,0,0.0307148937135934,0,0.0144869117066264,0,0.0017025400884449
0,0.0014459511730819,0,0.014338263310492,0,0.0020151014905422,0,0.0026379104238003
0,0.0009811891941353,0,0.0151620116084814,0,0.001833778922446,0,0.0029398563783615
0,0.0030449284240603,0,0.0252042226493358,0,0.0022802294697612,0,0.0047629009932279
0,0.451282650232315,0,0.4068353772163391,0,0.3192339539527893,0,0.4846596717834472
0,0.4850090444087982,0,0.4979988932609558,0,0.3265924751758575,0,0.6136509776115417
0,0.9049633741378784,0,0.4621538519859314,0,0.7640771865844727,0,0.5973571538925171
0,0.8705853819847107,0,0.2081109136343002,0,0.4861395359039306,0,0.2332893908023834
0,0.2853078246116638,0,0.3927091360092163,0,0.5531032085418701,0,0.3450058102607727
0,0.6436095833778381,0,0.4448026418685913,0,0.6706551909446716,0,0.6148422956466675
0,0.0155106438323855,0,0.0913095772266388,0,0.0298753194510936,0,0.0412797518074512
0,0.0020652636885643,0,0.0315363816916942,0,0.0027954489924013,0,0.117448553442955
0,0.0332993268966674,0,0.17580047249794,0,0.0770074278116226,0,0.0044595450162887
0,0.0015371243935078,0,0.0291185341775417,0,0.0026512395124882,0,0.1098911315202713
0,0.0139201181009411,0,0.006380220875144,0,0.0083893062546849,0,0.0195248611271381
0,0.001154557801783,0,0.0236782748252153,0,0.0024506640620529,0,0.0534103214740753
0,0.0988444909453392,0,0.1811352670192718,0,0.1171130836009979,0,0.0108386995270848
0,0.0085818618535995,0,0.0278283264487981,0,0.0354571193456649,0,0.0016725087771192
0,0.0117810452356934,0,0.0286603514105081,0,0.1038668006658554,0,0.0039599766023457
0,0.0104846032336354,0,0.0429459176957607,0,0.2151698917150497,0,0.0138127617537975
0,0.0355127565562725,0,0.176118791103363,0,0.1458274871110916,0,0.0795058533549308
0,0.1067561656236648,0,0.0267719887197017,0,0.02255679666996,0,0.0224156901240348
0,0.0080333016812801,0,0.172711968421936,0,0.0058422368019819,0,0.0094860354438424
0,0.1547615677118301,0,0.0900877192616462,0,0.096070758998394,0,0.0176694486290216
0,0.0294161047786474,0,0.1659826040267944,0,0.0156873408704996,0,0.0090284794569015
0,0.0127989146858453,0,0.0999555885791778,0,0.0107971699908375,0,0.0035406020469963
0,0.1086215898394584,0,0.0786197483539581,0,0.0409462936222553,0,0.0205659996718168
0,0.035208947956562,0,0.1219992935657501,0,0.0224719289690256,0,0.0589376762509346
0,0.0458463989198207,0,0.1553049087524414,0,0.2652653455734253,0,0.0054080481640994
0,0.0020473736803978,0,0.0730071067810058,0,0.0328135304152965,0,0.0083175394684076
0,0.001785145024769,0,0.0207321718335151,0,0.0006924212211742,0,0.0017384247621521
0,0.8402187824249268,0,0.3231514990329742,0,0.3932054042816162,0,0.3873216807842254
0,0.0177816394716501,0,0.098998948931694,0,0.0452844500541687,0,0.0179014336317777
0,0.0782516747713089,0,0.1893892735242843,0,0.0291747413575649,0,0.0716344565153122
0,0.0786398127675056,0,0.2669219076633453,0,0.0258350986987352,0,0.1124732792377471
0,0.001883729128167,0,0.0513669177889823,0,0.0824270471930503,0,0.0057231057435274
0,0.0146691324189305,0,0.1069389879703521,0,0.0091277593746781,0,0.0032379801850765
0,0.0003033300454262,0,0.0162793323397636,0,0.0018134026322513,0,0.0022288062609732
0,0.0009631994762457,0,0.0617391802370548,0,0.0621658787131309,0,0.0032999229151755
0,0.000319544924423,0,0.0186875723302364,0,0.0014154143864288,0,0.0042657763697206
0,0.0011902370024472,0,0.0799293518066406,0,0.090939812362194,0,0.0060742856003344
0,0.0004112986207474,0,0.0154835516586899,0,0.0016593508189544,0,0.0042449133470654
0,0.0042177885770797,0,0.0248651318252086,0,0.0044456184841692,0,0.0074919504113495
0,0.0132028656080365,0,0.0239526536315679,0,0.023302637040615,0,0.0203962922096252
0,0.0101430239155888,0,0.0798569396138191,0,0.0086601814255118,0,0.0090513750910758
0,0.0132546285167336,0,0.0308635495603084,0,0.0134124513715505,0,0.0051495679654181
0,0.0011234601261094,0,0.0235919598489999,0,0.0043889014050364,0,0.0092524522915482
0,0.0067557953298091,0,0.0242250170558691,0,0.0081486366689205,0,0.0029294185806065
0,0.0903073325753212,0,0.1080513596534729,0,0.0342072919011116,0,0.0361077412962913
0,0.0144114568829536,0,0.0811311677098274,0,0.0152391586452722,0,0.0080684646964073
0,0.620490550994873,0,0.4117349982261657,0,0.7120683789253235,0,0.5666472911834717
0,0.0262489076703786,0,0.3571144640445709,0,0.0380251221358776,0,0.0519769601523876
0,0.0036036663223057,0,0.0107347732409834,0,0.0020776845049113,0,0.0039570326916873
0,0.0010904382215812,0,0.0872024744749069,0,0.0028167548589408,0,0.0081160208210349
0,0.0067089833319187,0,0.2779924273490906,0,0.027373231947422,0,0.0805126205086708
0,0.002271186094731,0,0.1163956671953201,0,0.0061239218339324,0,0.0153916301205754
0,0.0038428707048296,0,0.0454508997499942,0,0.0064461510628461,0,0.0076259071938693
0,0.0021893323864787,0,0.025043299421668,0,0.0026500429958105,0,0.0229583922773599
0,0.0055662258528172,0,0.0324061065912246,0,0.0072900643572211,0,0.0112132877111434
0,0.1336344182491302,0,0.1008811071515083,0,0.2512328028678894,0,0.0515741407871246
0,0.0959132760763168,0,0.0882280096411705,0,0.1203617602586746,0,0.0179869588464498
0,0.0528856702148914,0,0.1127292364835739,0,0.1849046796560287,0,0.0343017652630806
0,0.0486326515674591,0,0.1349187493324279,0,0.2256162762641906,0,0.0365226007997989
0,0.1159086674451828,0,0.0969680324196815,0,0.1530600935220718,0,0.0375900156795978
0,0.0358318611979484,0,0.0960953682661056,0,0.0282261334359645,0,0.0877019241452217
0,0.0517592281103134,0,0.1439092308282852,0,0.0351230464875698,0,0.1192881241440773
0,0.0182443987578153,0,0.2000970393419265,0,0.0267307721078395,0,0.0995783358812332
0,0.129559114575386,0,0.2472089082002639,0,0.6764616966247559,0,0.2351533323526382
0,0.0134460991248488,0,0.0939734950661659,0,0.0088957892730832,0,0.0533163025975227
0,0.5137444734573364,0,0.6916404366493225,0,0.9311531782150269,0,0.7976486682891846
0,0.2015463262796402,0,0.7543397545814514,0,0.2207085639238357,0,0.1144351735711097
0,0.5107696652412415,0,0.7198743224143982,0,0.6958909630775452,0,0.7906140685081482
0,0.0132092023268342,0,0.2055102884769439,0,0.0381006076931953,0,0.0666336491703987
0,0.0024112828541547,0,0.0222807582467794,0,0.0032064921688288,0,0.010161755606532
0,0.0043804333545267,0,0.0372848026454448,0,0.0028982255607843,0,0.0469227246940135
0,0.013386046513915,0,0.0630531683564186,0,0.0051111094653606,0,0.0541794560849666
0,0.0141115169972181,0,0.0255163013935089,0,0.0070118089206516,0,0.0351123139262199
0,0.0062927938997745,0,0.0412541143596172,0,0.0052801240235567,0,0.0502017363905906
0,0.0509107671678066,0,0.0699525848031044,0,0.0083069624379277,0,0.0153549266979098
0,0.0040186652913689,0,0.0346656069159507,0,0.0055942735634744,0,0.0612570270895957
0,0.0179532244801521,0,0.3589325547218323,0,0.092504121363163,0,0.0246959310024976
0,0.0334314405918121,0,0.3936788737773895,0,0.0214074905961751,0,0.0043397624976933
0,0.0020329083781689,0,0.053476870059967,0,0.0057517294771969,0,0.013830623589456
0,0.0482552722096443,0,0.3139168322086334,0,0.0591068379580974,0,0.0074775866232812
0,0.0048397220671176,0,0.0601597428321838,0,0.0061681880615651,0,0.0147646879777312
0,0.2109942436218261,0,0.617387056350708,0,0.7672014832496643,0,0.5042764544487
0,0.0073742228560149,0,0.0290418155491352,0,0.0246372427791357,0,0.0204168818891048
0,0.0059385718777775,0,0.0873166173696518,0,0.0259019937366247,0,0.0161054581403732
0,0.0109549108892679,0,0.1071941554546356,0,0.0389651954174041,0,0.0226740650832653
0,0.0063798730261623,0,0.0258588306605815,0,0.0300724655389785,0,0.0138216773048043
0,0.2395853102207183,0,0.5629352927207947,0,0.8791497945785522,0,0.4964552223682403
0,0.0168027393519878,0,0.0805049911141395,0,0.0096227405592799,0,0.014682937413454
0,0.0063637485727667,0,0.02729969099164,0,0.0346366018056869,0,0.0175857618451118
0,0.0077497856691479,0,0.1099826171994209,0,0.0325958617031574,0,0.021193454042077
0,0.2305467128753662,0,0.5851444005966187,0,0.8829451203346252,0,0.5003527402877808
0,0.0268208440393209,0,0.046141181141138,0,0.0037809521891176,0,0.0195181928575038
0,0.0130778113380074,0,0.0361257866024971,0,0.0071807936765253,0,0.015108710154891
0,0.0243872236460447,0,0.0711966529488563,0,0.003984753973782,0,0.011398097500205
0,0.1199683174490928,0,0.5583668351173401,0,0.4321710765361786,0,0.6663066744804382
0,0.1378534734249115,0,0.3306963443756103,0,0.6753329038619995,0,0.3366263508796692
0,0.0153142465278506,0,0.008011307567358,0,0.0041942838579416,0,0.0092476187273859
0,0.0047900290228426,0,0.015628470107913,0,0.0040329983457922,0,0.0043498696759343
0,0.0966682285070419,0,0.2794519364833832,0,0.591274082660675,0,0.3054116368293762
0,0.0024862175341695,0,0.0149417221546173,0,0.0026630989741533,0,0.0012839797418564
0,0.0044772126711905,0,0.1094482317566871,0,0.5704423189163208,0,0.0386126562952995
0,0.4291642606258392,0,0.2154759019613266,0,0.8014768958091736,0,0.1796238720417022
0,0.1551526188850402,0,0.4907427728176117,0,0.3495804071426391,0,0.3219631314277649
0,0.5276253819465637,0,0.4081127047538757,0,0.9293433427810668,0,0.6824502944946289
0,0.5178207159042358,0,0.6610172986984253,0,0.8513344526290894,0,0.5433908104896545
0,0.32083460688591,0,0.2043978571891784,0,0.5830839276313782,0,0.6423158049583435
0,0.0008927274611778,0,0.0353376902639865,0,0.0005744140944443,0,0.0019519773777574
0,0.0004257285036146,0,0.042764563113451,0,0.0014311743434518,0,0.0017734490102156
0,0.3382039964199066,0,0.3782855570316314,0,0.5576292872428894,0,0.3434658050537109
0,0.0566549114882946,0,0.0791274830698967,0,0.0625274553894996,0,0.0501943528652191
0,0.0025100780185312,0,0.0098966807126998,0,0.0027726171538233,0,0.0024159108288586
0,0.0033339508809149,0,0.0598907023668289,0,0.000772880623117,0,0.009680981747806
0,0.0396948121488094,0,0.112007051706314,0,0.0190253108739852,0,0.0123352175578475
0,0.0010268124751746,0,0.0921021327376365,0,0.001952541177161,0,0.0035249907523393
0,0.0010103662498295,0,0.0306029412895441,0,0.0286942422389984,0,0.035920150578022
0,0.1504743993282318,0,0.2607605755329132,0,0.1298717111349105,0,0.0102502610534429
0,0.2985656857490539,0,0.2877468764781952,0,0.4779895842075348,0,0.035387635231018
0,0.0014729937538504,0,0.1290626972913742,0,0.0050175730139017,0,0.0053049335256218
0,0.1816785782575607,0,0.2446289360523224,0,0.5338570475578308,0,0.4826662540435791
0,0.2013545930385589,0,0.0482234768569469,0,0.3327941298484802,0,0.0904408320784568
0,0.5227131843566895,0,0.1978173404932022,0,0.0769263431429863,0,0.1997567117214203
0,0.0209954585880041,0,0.0369662567973136,0,0.7670091986656189,0,0.036158487200737
0,0.0273171812295913,0,0.0241524558514356,0,0.0222508460283279,0,0.0275348536670207
0,0.1445094645023346,0,0.198203906416893,0,0.365842342376709,0,0.4107525944709778
0,0.0517456345260143,0,0.0127970781177282,0,0.0282384771853685,0,0.0442738942801952
0,0.0264128185808658,0,0.0368081256747245,0,0.7855386137962341,0,0.0322481654584407
0,0.2349364012479782,0,0.2652802169322967,0,0.5425849556922913,0,0.4722631871700287
0,0.0762253105640411,0,0.0645139887928962,0,0.0201599709689617,0,0.019644496962428
0,0.0028056257870048,0,0.0235404185950756,0,0.004803869407624,0,0.0060513988137245
0,0.1311496943235397,0,0.3158903121948242,0,0.2895783483982086,0,0.0156645532697439
0,0.0003899750881828,0,0.0236900001764297,0,0.0017832265002653,0,0.0062378239817917
0,0.0807090401649475,0,0.6883726716041565,0,0.7736658453941345,0,0.3857125341892242
0,0.0345906130969524,0,0.0429882928729057,0,0.0203851629048585,0,0.1025085225701332
0,0.1151726692914962,0,0.0625372305512428,0,0.0062481397762894,0,0.1701650172472
0,0.0362435728311538,0,0.0422612130641937,0,0.0113797839730978,0,0.1243188455700874
0,0.2674744725227356,0,0.4607352316379547,0,0.3953847587108612,0,0.2381183356046676
0,0.0439817458391189,0,0.4891676008701324,0,0.3023500442504883,0,0.6514372229576111
0,0.2703485488891601,0,0.5784083604812622,0,0.8089016079902649,0,0.7381700873374939
0,0.0080144237726926,0,0.0074943020008504,0,0.0018988747615367,0,0.0045507168397307
0,0.0161785967648029,0,0.015726625919342,0,0.0021394691430032,0,0.0021786873694509
0,0.0432232692837715,0,0.1211166903376579,0,0.0055673741735517,0,0.0023121368139982
0,0.0743410885334014,0,0.0545675493776798,0,0.0007059876224957,0,0.0072802877984941
0,0.0008201191667467,0,0.0421823933720588,0,0.0137100303545594,0,0.0063315345905721
0,0.0007276289979927,0,0.0299464426934719,0,0.0069670965895056,0,0.008007769472897
0,0.122679091989994,0,0.0483086928725242,0,0.0005717365420423,0,0.0201437380164861
0,0.0007443984504789,0,0.032345101237297,0,0.0047382144257426,0,0.0092913173139095
0,0.101613663136959,0,0.1452508419752121,0,0.0544301345944404,0,0.0691949278116226
0,0.0631829723715782,0,0.1980319321155548,0,0.2739806175231933,0,0.3819828629493713
0,0.0306563340127468,0,0.237669751048088,0,0.5140032172203064,0,0.26792773604393
0,0.0771929770708084,0,0.3035522103309631,0,0.5426496863365173,0,0.4335947334766388
0,0.0022780979052186,0,0.0457549318671226,0,0.0070178573951125,0,0.0023478050716221
0,0.0173078961670398,0,0.0348605625331401,0,0.005963428877294,0,0.0030024454463273
0,0.0238267909735441,0,0.0301130004227161,0,0.0004169242747593,0,0.0023822281509637
0,0.1466578543186187,0,0.0638773962855339,0,0.0105137918144464,0,0.0476679243147373
0,0.0120021300390362,0,0.0298598017543554,0,0.1371709406375885,0,0.0202655848115682
0,0.0012047465424984,0,0.021737465634942,0,0.0079520167782902,0,0.0050280559808015
0,0.0123527506366372,0,0.0308608468621969,0,0.138305127620697,0,0.0321326926350593
0,0.0020728872623294,0,0.0296680387109518,0,0.0676310509443283,0,0.0087586175650358
0,0.0011925902217626,0,0.0423121862113475,0,0.0025859419256448,0,0.0065690926276147
0,0.0754026249051094,0,0.1396555751562118,0,0.0182755514979362,0,0.0126155372709035
0,0.000607970461715,0,0.01321651507169,0,0.0010189497843384,0,0.0027951675001531
0,0.0233967415988445,0,0.1451905518770218,0,0.0163099654018878,0,0.0097305616363883
0,0.0014162429142743,0,0.0122634060680866,0,0.0012970101088285,0,0.0036801537498831
0,0.0243810545653104,0,0.0831601470708847,0,0.0055279303342103,0,0.0074034868739545
0,0.0035796596202999,0,0.1092313975095748,0,0.0627478063106536,0,0.0347687192261219
0,0.0600812658667564,0,0.0753953456878662,0,0.0289051868021488,0,0.0169128365814685
0,0.0043946621008217,0,0.1954510509967804,0,0.066839650273323,0,0.037691731005907
0,0.0028777609113603,0,0.0259293429553508,0,0.0056527531705796,0,0.0052312156185507
0,0.0192961376160383,0,0.0595992989838123,0,0.0397324338555336,0,0.0172706358134746
0,0.0045049679465591,0,0.1176646202802658,0,0.0676800534129142,0,0.0593738667666912
0,0.1385392546653747,0,0.1205875426530838,0,0.1849299967288971,0,0.0207213722169399
0,0.0025948195252567,0,0.0238408986479043,0,0.0077989525161683,0,0.0034216206986457
0,0.002952585928142,0,0.017196699976921,0,0.001011773594655,0,0.0055957306176424
0,0.0036061259452253,0,0.0224175453186035,0,0.0081902295351028,0,0.0123705361038446
0,0.0154031831771135,0,0.065887838602066,0,0.0122670456767082,0,0.0085586905479431
0,0.0086354250088334,0,0.0138316182419657,0,0.0021535698324441,0,0.002772175706923
0,0.004384892527014,0,0.0122380293905735,0,0.0010614758357405,0,0.0048215193673968
0,0.7215120196342468,0,0.7047698497772217,0,0.7921937108039856,0,0.7769498825073242
0,0.6844707131385803,0,0.6908043622970581,0,0.6082044839859009,0,0.7913395762443542
0,0.7642244696617126,0,0.7444847226142883,0,0.7685734033584595,0,0.8429238796234131
0,0.0193876419216394,0,0.0402343980967998,0,0.0126541620120406,0,0.0143232978880405
0,0.023156588897109,0,0.0727023109793663,0,0.5254614353179932,0,0.0485570095479488
0,0.0050723832100629,0,0.0153362015262246,0,0.0025095611345022,0,0.0085457442328333
0,0.0142560992389917,0,0.0373304262757301,0,0.0136223407462239,0,0.0194747876375913
0,0.3207006156444549,0,0.0370714664459228,0,0.1384058743715286,0,0.1585245430469513
0,0.0104852225631475,0,0.028393717482686,0,0.2557390928268432,0,0.0359639339148998
0,0.0102137932553887,0,0.0225043483078479,0,0.0152050061151385,0,0.0130077991634607
0,0.1729142516851425,0,0.1362543553113937,0,0.2225681245326995,0,0.2143438756465912
0,0.0092071210965514,0,0.0194556824862957,0,0.0019152454333379,0,0.0079173194244503
0,0.2875495553016662,0,0.4828073680400848,0,0.6771181225776672,0,0.6310099959373474
0,0.1785129010677337,0,0.3427550494670868,0,0.38031867146492,0,0.2394611686468124
0,0.0137544441968202,0,0.0420187748968601,0,0.0052769538015127,0,0.0076090116053819
0,0.1550242900848388,0,0.3906319439411163,0,0.3186681568622589,0,0.3279212117195129
0,0.0120346127077937,0,0.0518656075000762,0,0.0112717850133776,0,0.0045689973048865
0,0.1511366516351699,0,0.3966726958751678,0,0.3653666079044342,0,0.268609881401062
0,0.012536465190351,0,0.0464535132050514,0,0.0026039008516818,0,0.0062101883813738
0,0.0093582505360245,0,0.1705603897571563,0,0.0090720700100064,0,0.0264643002301454
0,0.0004409293469507,0,0.0293832216411829,0,0.0017100158147513,0,0.0042279041372239
0,0.0104772439226508,0,0.0770069137215614,0,0.001997185871005,0,0.0126522909849882
0,0.0026707164943218,0,0.0250923186540603,0,0.0044223736040294,0,0.001275991438888
0,0.785302460193634,0,0.3592345416545868,0,0.8097423911094666,0,0.798549234867096
0,0.8238686323165894,0,0.7198013663291931,0,0.7664119601249695,0,0.8302133083343506
0,0.6159664392471313,0,0.2604641616344452,0,0.6680550575256348,0,0.4194328188896179
0,0.2405455708503723,0,0.3836567103862762,0,0.4311641454696655,0,0.051608357578516
0,0.766907811164856,0,0.7945050001144409,0,0.6932790279388428,0,0.7954049706459045
0,0.7012030482292175,0,0.3632166683673858,0,0.8470476269721985,0,0.5208913087844849
0,0.2841633260250091,0,0.4548125565052032,0,0.5269219279289246,0,0.1261805593967437
0,0.0014042638940736,0,0.0182290468364954,0,0.0015842377906665,0,0.0040457211434841
0,0.6667240858078003,0,0.8062258362770081,0,0.6513555645942688,0,0.8459077477455139
0,0.794128954410553,0,0.3895066380500793,0,0.8967294692993164,0,0.5326412320137024
0,0.3499761521816253,0,0.5126529932022095,0,0.4323454201221466,0,0.2295337170362472
0,0.0006780295516364,0,0.0204449109733104,0,0.0021890783682465,0,0.0025389569345861
0,0.0404775291681289,0,0.2247751802206039,0,0.2674848139286041,0,0.1834671944379806
0,0.152514562010765,0,0.3200947642326355,0,0.0794218629598617,0,0.0761634185910224
1,0.5391566753387451,1,0.6254130601882935,1,0.7993927001953125,1,0.3624027371406555
1,0.4824383854866028,1,0.6866053342819214,1,0.5001206994056702,1,0.4615648090839386
1,0.3291795551776886,1,0.5427260398864746,1,0.4871435463428497,1,0.3233132660388946
1,0.3052033483982086,1,0.5068594813346863,1,0.2735845744609833,1,0.6705120801925659
1,0.562899112701416,1,0.754051685333252,1,0.7830677032470703,1,0.8734101057052612
1,0.1965993791818618,1,0.6759551763534546,1,0.8289672136306763,1,0.6122545003890991
1,0.4809932112693786,1,0.0568841993808746,1,0.0561583712697029,1,0.0895513594150543
1,0.8099772334098816,1,0.3570134341716766,1,0.8287310004234314,1,0.5138083696365356
1,0.2972099781036377,1,0.034351609647274,1,0.4976035058498382,1,0.7206233143806458
1,0.7227376699447632,1,0.5969793200492859,1,0.9150810837745668,1,0.1867630630731582
1,0.2266214787960052,1,0.3529040217399597,1,0.1613777875900268,1,0.3923413157463074
1,0.7596086263656616,1,0.6987021565437317,1,0.6812236905097961,1,0.8570276498794556
1,0.0206321720033884,1,0.0526318289339542,1,0.0707720220088958,1,0.0099538983777165
1,0.5159448981285095,1,0.4652427136898041,1,0.3804276883602142,1,0.4076610505580902
1,0.6332083940505981,1,0.6577160358428955,1,0.2858835458755493,1,0.6243405938148499
1,0.7788942456245422,1,0.6849865317344666,1,0.860975444316864,1,0.7528699040412903
1,0.2930956780910492,1,0.2939247488975525,1,0.3344984352588653,1,0.7727576494216919
1,0.6256422996520996,1,0.3647363483905792,1,0.691071093082428,1,0.6951497197151184
1,0.8371322154998779,1,0.4940080344676971,1,0.6811745762825012,1,0.7775799632072449
1,0.5451434850692749,1,0.2024613916873932,1,0.1558563560247421,1,0.2110684812068939
1,0.4969765245914459,1,0.1033729910850524,1,0.0504996813833713,1,0.2285484671592712
1,0.6253434419631958,1,0.2231012731790542,1,0.275475412607193,1,0.3533087968826294
1,0.1530517786741256,1,0.0712669566273689,1,0.6406574845314026,1,0.0373817048966884
1,0.4566019177436828,1,0.2152131646871566,1,0.4841199517250061,1,0.4983649253845215
1,0.4732522964477539,1,0.5754279494285583,1,0.7670371532440186,1,0.7085914611816406
1,0.1864586323499679,1,0.3197635412216186,1,0.0929205045104026,1,0.0406283177435398
1,0.9655205011367798,1,0.7836579084396362,1,0.9638219475746156,1,0.8773433566093445
0,0.1361921280622482,0,0.4005490839481354,0,0.2301346361637115,0,0.1822466403245926
0,0.015442419797182,0,0.0389872267842292,0,0.0201103668659925,0,0.0153031712397933
0,0.0008759858901612,0,0.0133304269984364,0,0.0011141563300043,0,0.0028921635821461
0,0.0014690099051222,0,0.0140177896246314,0,0.0017153314547613,0,0.0038731107488274
0,0.0007685836753807,0,0.144780620932579,0,0.001974425278604,0,0.017606608569622
0,0.6043762564659119,0,0.5341851115226746,0,0.106916919350624,0,0.5077822804450989
0,0.0012937326682731,0,0.1366708427667617,0,0.0065842987969517,0,0.0222707036882638
0,0.7738601565361023,0,0.4592281579971313,0,0.2713494598865509,0,0.3314715325832367
0,0.033461183309555,0,0.0916464030742645,0,0.0281153060495853,0,0.0669357255101203
0,0.0807311981916427,0,0.1282284706830978,0,0.0127884838730096,0,0.0197489950805902
0,0.0180308073759078,0,0.0378029942512512,0,0.006372969597578,0,0.0102699492126703
0,0.1095287129282951,0,0.0933656394481659,0,0.3329165577888489,0,0.0748413577675819
0,0.6596778035163879,0,0.8559232950210571,0,0.9809958338737488,0,0.8456991314888
0,0.0170882418751716,0,0.0938034355640411,0,0.0186391733586788,0,0.0094464709982275
0,0.0804115086793899,0,0.7185160517692566,0,0.4813758730888366,0,0.4731404483318329
0,0.0231408011168241,0,0.353348970413208,0,0.0119828023016452,0,0.075767733156681
0,0.0120313595980405,0,0.3419609367847442,0,0.0234497785568237,0,0.0932787805795669
0,0.0078068231232464,0,0.3104409873485565,0,0.011077388189733,0,0.1191057562828064
0,0.0023161848075687,0,0.0791758000850677,0,0.0106429168954491,0,0.0302759353071451
0,0.0047725238837301,0,0.1601356714963913,0,0.0092138042673468,0,0.0290000233799219
0,0.2602604329586029,0,0.1778584271669387,0,0.3918034732341766,0,0.0454412288963794
0,0.1382679194211959,0,0.3750495016574859,0,0.5382785201072693,0,0.1325464844703674
0,0.8316745758056641,0,0.6407184600830078,0,0.8810924291610718,0,0.9483717679977416
0,0.0081502217799425,0,0.0319398269057273,0,0.0036864827852696,0,0.0109131261706352
0,0.5955877304077148,0,0.367435097694397,0,0.4644784033298492,0,0.2142824381589889
0,0.6739248633384705,0,0.3278523981571197,0,0.7257543206214905,0,0.2734123468399048
0,0.0493142791092395,0,0.0780831947922706,0,0.044915173202753,0,0.0764975100755691
0,0.1531935036182403,0,0.2918765246868133,0,0.2549585998058319,0,0.2924191951751709
0,0.168934166431427,0,0.257719874382019,0,0.3750292658805847,0,0.2547950148582458
0,0.0015461235307157,0,0.0262719970196485,0,0.0021467877086251,0,0.0036772910971194
0,0.0149850603193044,0,0.0208904519677162,0,0.0056457808241248,0,0.0170863196253776
0,0.002504498232156,0,0.0360679142177104,0,0.0072995391674339,0,0.0142033379524946
0,0.0031047624070197,0,0.0513926930725574,0,0.0052174474112689,0,0.0213018022477626
0,0.1582446098327636,0,0.14563649892807,0,0.0218120981007814,0,0.0247594509273767
0,0.002697778167203,0,0.018050605431199,0,0.0016108304262161,0,0.0067869005724787
0,0.002708179410547,0,0.0413198992609977,0,0.006838678382337,0,0.0143225034698843
0,0.0003755859215743,0,0.0197684653103351,0,0.0025797185953706,0,0.0023611935321241
0,0.0009240026120096,0,0.0514530502259731,0,0.0030619448516517,0,0.0021582329645752
0,0.0083240158855915,0,0.0302939154207706,0,0.0329087153077125,0,0.0046061100438237
0,0.0033964796457439,0,0.1199728623032569,0,0.00533087272197,0,0.0142092956230044
0,0.1342662721872329,0,0.1322956383228302,0,0.0068375831469893,0,0.0211781598627567
0,0.3459460735321045,0,0.3252389430999756,0,0.0187153294682502,0,0.2641522586345672
0,0.010209203697741,0,0.0364362671971321,0,0.0590057708323001,0,0.0052545028738677
0,0.0038930287119001,0,0.0170300640165805,0,0.0017095690127462,0,0.0034352883230894
0,0.0027002026326954,0,0.1293844580650329,0,0.0030986391939222,0,0.0107464250177145
0,0.0556148812174797,0,0.1089383289217948,0,0.0072557609528303,0,0.00796639919281
0,0.0197074841707944,0,0.0489488095045089,0,0.0035364055074751,0,0.0043591130524873
0,0.2882402837276459,0,0.3313268423080444,0,0.3913693726062774,0,0.7251735329627991
0,0.0066548604518175,0,0.0429542586207389,0,0.0087941009551286,0,0.0459483750164508
0,0.1352910846471786,0,0.2172248363494873,0,0.200936734676361,0,0.2833729684352875
0,0.0463972203433513,0,0.3259260356426239,0,0.352322369813919,0,0.3983310461044311
0,0.0096912588924169,0,0.0370318442583084,0,0.0025742927100509,0,0.0219269338995218
0,0.0412309616804122,0,0.097078301012516,0,0.2434373050928115,0,0.1313216686248779
0,0.0575298778712749,0,0.0943097621202468,0,0.2456794828176498,0,0.1279558688402176
0,0.0848228856921196,0,0.1084704995155334,0,0.004522489849478,0,0.0294951144605875
0,0.0850225761532783,0,0.1119280532002449,0,0.0027833816129714,0,0.1082982718944549
0,0.2186419516801834,0,0.1026080027222633,0,0.0050656595267355,0,0.0835776478052139
0,0.00342040322721,0,0.0257284343242645,0,0.0014276814181357,0,0.0033426447771489
0,0.0023231657687574,0,0.0320647992193698,0,0.0012791265035048,0,0.002222676994279
0,0.0277471709996461,0,0.1138286739587783,0,0.0268844459205865,0,0.0117221837863326
0,0.007098467554897,0,0.0520347468554973,0,0.0021427953615784,0,0.0019738916307687
0,0.0078150788322091,0,0.0200295746326446,0,0.0134597122669219,0,0.0565249100327491
0,0.0112577434629201,0,0.1486909389495849,0,0.0195005033165216,0,0.0504461973905563
0,0.0071249599568545,0,0.0486319735646247,0,0.0039849961176514,0,0.0032154158689081
0,0.0040354146622121,0,0.0198895707726478,0,0.0457201711833477,0,0.0824587047100067
0,0.0032664199825376,0,0.0671010464429855,0,0.0053033758886158,0,0.0089779794216156
0,0.021075315773487,0,0.0667671337723732,0,0.006632543168962,0,0.0120561756193637
0,0.0029430463910102,0,0.0130381677299737,0,0.0042427773587405,0,0.0023169540800154
0,0.0379584170877933,0,0.0960289016366005,0,0.0112266074866056,0,0.0064130816608667
0,0.0054061482660472,0,0.0222502015531063,0,0.0089623164385557,0,0.0037191687151789
0,0.0187030397355556,0,0.3480676114559173,0,0.2561389505863189,0,0.3661425411701202
0,0.0004394376883283,0,0.0241718683391809,0,0.001440554508008,0,0.0037459614686667
0,0.0239651352167129,0,0.0634010881185531,0,0.009514145553112,0,0.0120440730825066
0,0.0263028386980295,0,0.1154839843511581,0,0.0056657423265278,0,0.069908320903778
0,0.0155063848942518,0,0.1108134239912033,0,0.0048961737193167,0,0.0576288849115371
0,0.0018187715904787,0,0.0233904775232076,0,0.0029802008066326,0,0.0045599150471389
0,0.3486859202384949,0,0.5605590343475342,0,0.8099636435508728,0,0.5031912326812744
0,0.817983865737915,0,0.1089202165603637,0,0.5995699167251587,0,0.1582521200180053
0,0.7099437117576599,0,0.1372747719287872,0,0.5302820205688477,0,0.2877319455146789
0,0.5680019855499268,0,0.1518142074346542,0,0.5087525248527527,0,0.5289185643196106
0,0.6964750289916992,0,0.2033970355987548,0,0.4952243864536285,0,0.3980971574783325
0,0.0797524377703666,0,0.1830359548330307,0,0.0908654704689979,0,0.2928238213062286
0,0.0021051282528787,0,0.0295197200030088,0,0.0019370439695194,0,0.0014605381293222
0,0.0028565204702317,0,0.0322829224169254,0,0.0025498522445559,0,0.0017071334877982
0,0.0033827107399702,0,0.0300308465957641,0,0.0016448377864435,0,0.0014775918098166
0,0.1468852907419204,0,0.1160598844289779,0,0.1573351770639419,0,0.4153444170951843
0,0.0013415438588708,0,0.0219756010919809,0,0.0035162738058716,0,0.0038981225807219
0,0.017773438245058,0,0.1951351463794708,0,0.3292553722858429,0,0.0743397772312164
0,0.3062372803688049,0,0.0634484142065048,0,0.0970451161265373,0,0.0600158870220184
0,0.0268997196108102,0,0.0465601943433284,0,0.0532978735864162,0,0.0072014778852462
0,0.0021194275468587,0,0.0195518936961889,0,0.0017727998783811,0,0.0088523821905255
0,0.0016138041391968,0,0.220332384109497,0,0.0168139617890119,0,0.0237829387187957
0,0.0015582867199555,0,0.055885162204504,0,0.0069101927801966,0,0.0180029608309268
0,0.0026371877174824,0,0.2284440249204635,0,0.0437489636242389,0,0.0122606856748461
0,0.0058979671448469,0,0.0934593379497528,0,0.2672731578350067,0,0.0062856832519173
0,0.004655139055103,0,0.0347716212272644,0,0.001848746323958,0,0.0092175919562578
0,0.138972669839859,0,0.4055903553962707,0,0.2923286557197571,0,0.257739394903183
0,0.003689550794661,0,0.0335649289190769,0,0.0037657395005226,0,0.0067762043327093
0,0.022828359156847,0,0.0273131970316171,0,0.0063762380741536,0,0.0116626303642988
0,0.0290758367627859,0,0.0895695984363555,0,0.5404229164123535,0,0.0682198926806449
0,0.0027126970235258,0,0.0852242559194564,0,0.3587289154529571,0,0.0652652978897094
0,0.003243283368647,0,0.0656454786658287,0,0.002252999227494,0,0.001690435456112
0,0.0062422971241176,0,0.0335833840072155,0,0.0037773558869957,0,0.0162373408675193
0,0.0199820660054683,0,0.043123360723257,0,0.0084309251978993,0,0.0033751828595995
0,0.0055268686264753,0,0.0631819888949394,0,0.020524064078927,0,0.0230959113687276
0,0.0717772394418716,0,0.0115144057199358,0,0.1522810161113739,0,0.0416731014847755
0,0.0088027920573949,0,0.0542284734547138,0,0.033515203744173,0,0.0659984573721885
0,0.0212885625660419,0,0.0477920100092887,0,0.0092262802645564,0,0.0031789261847734
0,0.0052333353087306,0,0.0417266525328159,0,0.0254407711327075,0,0.0207504387944936
0,0.2419562637805938,0,0.6082457900047302,0,0.7396769523620605,0,0.6912388205528259
0,0.3644888699054718,0,0.3705992698669433,0,0.390576422214508,0,0.4083747565746307
0,0.0248238947242498,0,0.0351058915257453,0,0.0259542781859636,0,0.0124932937324047
0,0.0122233107686042,0,0.0253381486982107,0,0.0086408797651529,0,0.0078633595257997
0,0.0205363519489765,0,0.0308227501809597,0,0.0567602775990963,0,0.0123504698276519
0,0.0066845440305769,0,0.0221773125231266,0,0.0159229263663291,0,0.0111613515764474
0,0.0100618544965982,0,0.0322302095592021,0,0.0529359243810176,0,0.0199261661618948
0,0.0059930426068603,0,0.0431285873055458,0,0.0051321093924343,0,0.017643429338932
0,0.0016954649472609,0,0.0349076054990291,0,0.0009559869067743,0,0.001070806174539
0,0.0392764620482921,0,0.0746153593063354,0,0.0950852185487747,0,0.0330587960779666
0,0.0330575928092002,0,0.0340299792587757,0,0.0110166715458035,0,0.0288464892655611
0,0.0048784208483994,0,0.0753897652029991,0,0.0075629805214703,0,0.0027753182221204
0,0.1983813494443893,0,0.0768425017595291,0,0.0739144459366798,0,0.0842069834470748
0,0.0011929554166272,0,0.0362689010798931,0,0.0018691149307414,0,0.0028445622883737
0,0.0022049662657082,0,0.0762520655989646,0,0.0010098341153934,0,0.0011144308373332
0,0.0048943851143121,0,0.0580498166382312,0,0.0070155807770788,0,0.0055392552167177
0,0.0138786425814032,0,0.0574666298925876,0,0.0087848408147692,0,0.0098182456567883
0,0.0047165402211248,0,0.0627465099096298,0,0.0084617463871836,0,0.00529893534258
0,0.0042741699144244,0,0.0279641058295965,0,0.0007544886320829,0,0.0011596158146858
0,0.0058764643035829,0,0.0375386737287044,0,0.0047012739814817,0,0.0322400629520416
0,0.0072753890417516,0,0.098586194217205,0,0.0071057849563658,0,0.0344737246632576
0,0.0176029708236455,0,0.090775229036808,0,0.0112835615873336,0,0.0080846464261412
0,0.2820520401000976,0,0.186601847410202,0,0.0079960767179727,0,0.0439995042979717
0,0.0516134165227413,0,0.0728176236152648,0,0.0573597587645053,0,0.1909929513931274
0,0.0020694318227469,0,0.1369576156139373,0,0.0066502853296697,0,0.01409169472754
0,0.1158249452710151,0,0.6125597357749939,0,0.178493782877922,0,0.8256179094314575
0,0.0130532355979084,0,0.0523699559271335,0,0.0056739230640232,0,0.0090107880532741
0,0.0176372993737459,0,0.0500142611563205,0,0.005728397052735,0,0.0074541103094816
0,0.014163308776915,0,0.0576203390955925,0,0.0052452888339757,0,0.006737477146089
0,0.0221819635480642,0,0.0322279036045074,0,0.6786326169967651,0,0.1382615715265274
0,0.0052517666481435,0,0.0505274720489978,0,0.0454323440790176,0,0.0202519185841083
0,0.1091539189219474,0,0.3445000946521759,0,0.3766807317733764,0,0.0704147294163703
0,0.024420965462923,0,0.066932275891304,0,0.5822174549102783,0,0.144706442952156
0,0.0034371628426015,0,0.0277072675526142,0,0.0630474388599395,0,0.0144010856747627
0,0.0943027511239051,0,0.2236346155405044,0,0.0595551505684852,0,0.0177360735833644
0,0.1859003752470016,0,0.1453146487474441,0,0.7467120289802551,0,0.3855797350406647
0,0.0031277108937501,0,0.0322106033563613,0,0.0634299218654632,0,0.0148341786116361
0,0.0143094891682267,0,0.0818029344081878,0,0.0333000570535659,0,0.0144660864025354
0,0.7555064558982849,0,0.6611301898956299,0,0.290973961353302,0,0.8191548585891724
0,0.1540941148996353,0,0.6131287217140198,0,0.1700963973999023,0,0.8044583797454834
0,0.3106788396835327,0,0.7146691679954529,0,0.3330386281013489,0,0.813288152217865
0,0.0175487026572227,0,0.0452563054859638,0,0.0136234620586037,0,0.0266840383410453
0,0.0161911938339471,0,0.0582909770309925,0,0.0130583774298429,0,0.029118750244379
0,0.0100782476365566,0,0.057675652205944,0,0.0075127780437469,0,0.0100678307935595
0,0.0050687654875218,0,0.0311273764818906,0,0.0120535977184772,0,0.0065494421869516
0,0.0167641304433345,0,0.0285392478108406,0,0.0214126519858837,0,0.0132871158421039
0,0.1075511947274208,0,0.0492478944361209,0,0.0304533652961254,0,0.021256536245346
0,0.0235489625483751,0,0.1404226124286651,0,0.0216687060892581,0,0.0542108081281185
0,0.4443496763706207,0,0.2866260111331939,0,0.4520815312862396,0,0.3328869938850403
0,0.0094192204996943,0,0.0478821881115436,0,0.0441050864756107,0,0.1185197234153747
0,0.0089097283780574,0,0.0752724185585975,0,0.0077567216940224,0,0.0853023380041122
0,0.0058413255028426,0,0.0717577189207077,0,0.0080610150471329,0,0.0049950149841606
0,0.0027918068226426,0,0.0299717113375663,0,0.017587911337614,0,0.0215032640844583
0,0.0007257630350068,0,0.2674382627010345,0,0.1164958626031875,0,0.3067585229873657
0,0.0027938743587583,0,0.032282568514347,0,0.0167737361043691,0,0.0493261106312274
0,0.0028462533373385,0,0.0485744923353195,0,0.0016459501348435,0,0.0093529960140585
0,0.0022509731352329,0,0.0626022666692733,0,0.0045056995004415,0,0.0051525789313018
0,0.0787936747074127,0,0.1909030079841613,0,0.5324289798736572,0,0.1045239046216011
0,0.0011865643318742,0,0.015453022904694,0,0.0036632993724197,0,0.0015357880620285
0,0.0049966792576014,0,0.2886268198490143,0,0.1307135820388794,0,0.2149732708930969
0,0.0027866647578775,0,0.0344659872353076,0,0.0165740400552749,0,0.0346438027918338
0,0.0020340376067906,0,0.0401409417390823,0,0.0009901027660816,0,0.0136780347675085
0,0.0026882370002567,0,0.0480558946728706,0,0.0031284454744309,0,0.0029187581967562
0,0.000800633453764,0,0.0172291677445173,0,0.004315732512623,0,0.0041028936393558
0,0.0293263904750347,0,0.2371920794248581,0,0.0969138815999031,0,0.2481001615524292
0,0.3158127069473266,0,0.0397264547646045,0,0.2930569350719452,0,0.1816565990447998
0,0.0777138397097587,0,0.0505061000585556,0,0.1106420457363128,0,0.2443143725395202
0,0.0028130209539085,0,0.0429046154022216,0,0.0046080406755208,0,0.0079865846782922
0,0.0073835402727127,0,0.0485499501228332,0,0.0057709533721208,0,0.0110575659200549
0,0.0959662348031997,0,0.0491668544709682,0,0.0038338967133313,0,0.0494147278368473
0,0.1293059140443802,0,0.3481927514076233,0,0.0977154225111007,0,0.1267409324645996
0,0.5050953030586243,0,0.6487618088722229,0,0.9128197431564332,0,0.433597058057785
0,0.6320226788520813,0,0.6122022867202759,0,0.8503965139389038,0,0.8571842908859253
0,0.0302232783287763,0,0.0971878543496131,0,0.2745513617992401,0,0.0175780020654201
0,0.2111480087041854,0,0.3474001884460449,0,0.0902710109949112,0,0.0308777242898941
0,0.0035760046448558,0,0.0147602353245019,0,0.0039586550556123,0,0.002074054442346
0,0.0635236948728561,0,0.6087560057640076,0,0.4881845414638519,0,0.1837405860424041
0,0.0359855554997921,0,0.0856218785047531,0,0.264210045337677,0,0.0150411315262317
0,0.0091274613514542,0,0.0155159747228026,0,0.0059182099066674,0,0.0025321382563561
0,0.3060471415519714,0,0.3659354150295257,0,0.0758818984031677,0,0.0282577890902757
0,0.0277461782097816,0,0.5506600737571716,0,0.5203762054443359,0,0.1295898556709289
0,0.2221163511276245,0,0.1937391012907028,0,0.0582414083182811,0,0.0359697937965393
0,0.3651847541332245,0,0.1840937137603759,0,0.5429614782333374,0,0.0700153410434722
0,0.0058341529220342,0,0.0140144145116209,0,0.005428516305983,0,0.0028980178758502
0,0.0953502058982849,0,0.6009004712104797,0,0.7544066309928894,0,0.2478907108306884
0,0.0012374682119116,0,0.016713760793209,0,0.0025574651081115,0,0.0037011306267231
0,0.0004205417353659,0,0.0334522984921932,0,0.0049788788892328,0,0.0085772462189197
0,0.0023969144094735,0,0.0288934092968702,0,0.0065537067130208,0,0.0081891762092709
0,0.2775850594043731,0,0.2734318375587463,0,0.6756465435028076,0,0.5042703747749329
0,0.007011427078396,0,0.0208467785269022,0,0.0047070030122995,0,0.0087585300207138
0,0.0005192105891183,0,0.0245933644473552,0,0.0061843330040574,0,0.0063090864568948
0,0.7557881474494934,0,0.35164675116539,0,0.6158893704414368,0,0.3072018623352051
0,0.0147628644481301,0,0.1334311068058014,0,0.2847729027271271,0,0.0308035127818584
0,0.0019065020605921,0,0.0549255087971687,0,0.0059785787016153,0,0.0045584719628095
0,0.0251379571855068,0,0.3380597531795501,0,0.0521002560853958,0,0.0543977320194244
0,0.0252414941787719,0,0.0941749736666679,0,0.1067486405372619,0,0.008923515677452
0,0.0252562258392572,0,0.3500580191612243,0,0.0436589457094669,0,0.0736101865768432
0,0.0033277373295277,0,0.0649450942873954,0,0.0080103715881705,0,0.0033743712119758
0,0.0157429240643978,0,0.3258001804351806,0,0.1960477828979492,0,0.0402000993490219
0,0.0670887157320976,0,0.1534069329500198,0,0.3239519596099853,0,0.0267073474824428
0,0.0035519029479473,0,0.074182853102684,0,0.0099064232781529,0,0.005899051669985
0,0.0011841034283861,0,0.0098823467269539,0,0.0030151372775435,0,0.0011362079530954
0,0.0258116479963064,0,0.3478562831878662,0,0.0366631224751472,0,0.0469385348260402
0,0.0026570761110633,0,0.0296086873859167,0,0.0069532054476439,0,0.0040120705962181
0,0.001757928985171,0,0.0146221332252025,0,0.0093147372826933,0,0.0042736544273793
0,0.0205743443220853,0,0.3469817340373993,0,0.0541968457400798,0,0.0575845316052436
0,0.0024786721915006,0,0.0319932028651237,0,0.0116796372458338,0,0.0039016862865537
0,0.1600034236907959,0,0.476249098777771,0,0.7212448716163635,0,0.1438412964344024
0,0.0746485367417335,0,0.2236287742853164,0,0.2912332415580749,0,0.0504714213311672
0,0.4807121753692627,0,0.150141641497612,0,0.2907230854034424,0,0.0405952185392379
0,0.0048167738132178,0,0.0126304775476455,0,0.0376826934516429,0,0.0017653583781793
0,0.0005578200216405,0,0.0673716738820076,0,0.0086531639099121,0,0.0087947035208344
0,0.0108240889385342,0,0.0395443141460418,0,0.0101751405745744,0,0.0520271435379982
0,0.0477114506065845,0,0.3334472179412842,0,0.4676012694835663,0,0.166622519493103
0,0.0072756363078951,0,0.0302227456122636,0,0.0109180370345711,0,0.0195237584412097
0,0.0057371677830815,0,0.0281226243823766,0,0.0165973342955112,0,0.0211680307984352
0,0.0354183465242385,0,0.0274355970323085,0,0.0201283786445856,0,0.0099042300134897
0,0.0012392398202791,0,0.0924733206629753,0,0.0036498345434665,0,0.0062295203097164
0,0.0024452179204672,0,0.1334277242422104,0,0.1047427803277969,0,0.0131261618807911
0,0.0013522041263058,0,0.1561147570610046,0,0.0051263864152133,0,0.0061140190809965
0,0.0221875570714473,0,0.0200900845229625,0,0.003482497530058,0,0.01481101103127
0,0.0056339744478464,0,0.0222437418997287,0,0.0117543609812855,0,0.0094941891729831
0,0.0020733675919473,0,0.0168699342757463,0,0.0090410141274333,0,0.0123757161200046
0,0.0048068384639918,0,0.0447572506964206,0,0.1027447804808616,0,0.0088503528386354
0,0.0124780721962451,0,0.0671063289046287,0,0.011673891916871,0,0.0139035172760486
0,0.1333294659852981,0,0.4049698710441589,0,0.4888388812541961,0,0.0416415743529796
0,0.0057123112492263,0,0.048752088099718,0,0.0013911831192672,0,0.010017741471529
0,0.0117148673161864,0,0.056292351335287,0,0.0010006917873397,0,0.0202907975763082
0,0.088791087269783,0,0.4176879227161407,0,0.4449609220027923,0,0.0432840511202812
0,0.373078316450119,0,0.2362246364355087,0,0.3500311374664306,0,0.5091800689697266
0,0.5072035789489746,0,0.544598400592804,0,0.7659243941307068,0,0.3566668033599853
0,0.0338945351541042,0,0.2108352482318878,0,0.0241157449781894,0,0.0138707226142287
0,0.0134431524202227,0,0.0351626202464103,0,0.0020160786807537,0,0.0063781654462218
0,0.0681110024452209,0,0.5464144349098206,0,0.5783953070640564,0,0.0659746676683425
0,0.0098625803366303,0,0.0778124183416366,0,0.0083216913044452,0,0.0111530823633074
0,0.0315961837768554,0,0.1868079304695129,0,0.1332042217254638,0,0.208729863166809
0,0.0106288818642497,0,0.0262518487870693,0,0.0018171991687268,0,0.0065133227035403
0,0.0483717955648899,0,0.0514429174363613,0,0.0145193729549646,0,0.0617338940501213
1,0.9144840836524964,1,0.2564274072647095,1,0.908458411693573,1,0.6935214400291443
1,0.0113291414454579,1,0.1776221841573715,1,0.0787507072091102,1,0.0393126532435417
1,0.7107378244400024,1,0.4679412245750427,1,0.5721603631973267,1,0.7794182896614075
1,0.6007984280586243,1,0.5523476004600525,1,0.7829978466033936,1,0.5795527100563049
1,0.908312976360321,1,0.7230515480041504,1,0.7574265599250793,1,0.7765410542488098
1,0.1509820222854614,1,0.1137637048959732,1,0.0245226491242647,1,0.2864255011081695
1,0.0462703928351402,1,0.0729969516396522,1,0.0358958393335342,1,0.1492638885974884
1,0.4026125371456146,1,0.1672557741403579,1,0.057723231613636,1,0.4464240670204162
1,0.0663338154554367,1,0.1319035291671753,1,0.0650896430015564,1,0.0773176699876785
1,0.0725725665688514,1,0.1214399486780166,1,0.1260798126459121,1,0.0926232561469078
1,0.1231677085161209,1,0.3071406185626983,1,0.398464173078537,1,0.2775491178035736
1,0.2632149457931518,1,0.5467514395713806,1,0.6062130928039551,1,0.5666910409927368
1,0.3505332767963409,1,0.7633791565895081,1,0.4458447396755218,1,0.868159830570221
1,0.0711571872234344,1,0.0195895340293645,1,0.0077069359831511,1,0.0484014861285686
1,0.7918973565101624,1,0.6885494589805603,1,0.846310555934906,1,0.7636630535125732
1,0.8674827218055725,1,0.6719841957092285,1,0.8284768462181091,1,0.7965787053108215
1,0.4533266425132751,1,0.7985646724700928,1,0.1533373892307281,1,0.7576625347137451
1,0.6974548101425171,1,0.6322580575942993,1,0.2046203911304474,1,0.6061364412307739
1,0.0017758320318534,1,0.0199950113892555,1,0.0019274821970611,1,0.0024344872217625
1,0.4026041328907013,1,0.6751627326011658,1,0.7474715709686279,1,0.6495615243911743
1,0.1371904909610748,1,0.2625530064105987,1,0.4466322660446167,1,0.1779753565788269
0,0.0040228278376162,0,0.1754318177700042,0,0.0473967976868152,0,0.0046905428171157
0,0.0044107809662818,0,0.0830831527709961,0,0.0028324918821454,0,0.0349062606692314
0,0.002941837767139,0,0.0242712795734405,0,0.0186949241906404,0,0.0315187908709049
0,0.0175166632980108,0,0.0349225997924804,0,0.0072043631225824,0,0.0167279578745365
0,0.0067288507707417,0,0.0571787655353546,0,0.0249371174722909,0,0.0050778994336724
0,0.0024416334927082,0,0.0841221958398819,0,0.0262050423771142,0,0.0160348713397979
0,0.0325651951134204,0,0.0584628097712993,0,0.0595830157399177,0,0.0191402100026607
0,0.1028657108545303,0,0.205215647816658,0,0.0959865450859069,0,0.0736910253763198
0,0.0058272257447242,0,0.1217900291085243,0,0.0396441295742988,0,0.0238449331372976
0,0.397193044424057,0,0.1145677044987678,0,0.5385787487030029,0,0.133926659822464
0,0.0177174918353557,0,0.1763030737638473,0,0.0091064739972352,0,0.0639113187789917
0,0.037360742688179,0,0.2147724479436874,0,0.0095418523997068,0,0.0514565221965312
0,0.0635664537549018,0,0.1374197602272033,0,0.0077424435876309,0,0.4185463190078735
0,0.0233555752784013,0,0.0477655753493309,0,0.0064026899635791,0,0.2644160985946655
0,0.1919849514961242,0,0.7090104818344116,0,0.285952091217041,0,0.5139728784561157
0,0.7927776575088501,0,0.6534610986709595,0,0.3848901391029358,0,0.7978395819664001
0,0.3318915665149688,0,0.6365301012992859,0,0.611954927444458,0,0.654638946056366
0,0.7982043623924255,0,0.558517336845398,0,0.4934497475624084,0,0.6813800930976868
0,0.1872481107711792,0,0.3754597902297973,0,0.5409488677978516,0,0.5113061666488647
0,0.6106401085853577,0,0.4089861214160919,0,0.2276815772056579,0,0.1786093264818191
0,0.043820634484291,0,0.1239634230732917,0,0.0163994319736957,0,0.1178017258644104
0,0.0304175950586795,0,0.1085758581757545,0,0.0198169834911823,0,0.1387800574302673
0,0.0630131810903549,0,0.0536610521376132,0,0.0042387745343148,0,0.0171544011682271
0,0.3724240660667419,0,0.3185710608959198,0,0.1315739750862121,0,0.1069587096571922
0,0.1258522868156433,0,0.0819369331002235,0,0.1487129181623459,0,0.0872098356485366
0,0.0265391562134027,0,0.1065902262926101,0,0.1198432147502899,0,0.0962204113602638
0,0.0081765679642558,0,0.0930478051304817,0,0.088357038795948,0,0.0806272774934768
0,0.5108299851417542,0,0.1072091236710548,0,0.008037862367928,0,0.1104137375950813
0,0.0754692405462265,0,0.1834142059087753,0,0.0602270178496837,0,0.0202740021049976
0,0.0314052142202854,0,0.084764264523983,0,0.111568845808506,0,0.0775899067521095
0,0.0391690768301487,0,0.1954457759857177,0,0.075161263346672,0,0.063930943608284
0,0.011350835673511,0,0.0913232490420341,0,0.0308321379125118,0,0.1583552211523056
0,0.0471483059227466,0,0.2429520636796951,0,0.1387079805135727,0,0.0820793211460113
0,0.7602725625038147,0,0.5072858333587646,0,0.4130257666110992,0,0.7467172145843506
0,0.7556113004684448,0,0.6428807973861694,0,0.4663102626800537,0,0.8190373778343201
0,0.1535763144493103,0,0.1017720028758049,0,0.0444938652217388,0,0.0236602313816547
0,0.1199358105659484,0,0.1103287786245346,0,0.1113244816660881,0,0.0121664274483919
0,0.0009953191038221,0,0.0426104329526424,0,0.0024719515349715,0,0.0016158875077962
0,0.0013748267665505,0,0.010551793500781,0,0.0024892278015613,0,0.0028603817336261
0,0.0010444899089634,0,0.037787202745676,0,0.0044666603207588,0,0.0022873603738844
0,0.0248357616364955,0,0.0448656678199768,0,0.0052354554645717,0,0.018353970721364
0,0.000818376080133,0,0.0330666713416576,0,0.0044964621774852,0,0.0018874219385907
0,0.0034275935031473,0,0.0457103736698627,0,0.0064610131084918,0,0.0051019140519201
0,0.0014930390752851,0,0.008263261988759,0,0.002157176611945,0,0.0019661851692944
0,0.0008337894687429,0,0.0207100678235292,0,0.0019340546568855,0,0.0026328680105507
0,0.0013730961363762,0,0.019382681697607,0,0.0166433155536651,0,0.0011622980237007
0,0.0012307174038141,0,0.0557898767292499,0,0.0049910121597349,0,0.0021561596076935
0,0.5591901540756226,0,0.2060359120368957,0,0.6094238758087158,0,0.2382525205612182
0,0.000526386720594,0,0.0183707606047391,0,0.0017800497589632,0,0.004094788338989
0,0.2686032652854919,0,0.0966915264725685,0,0.4426409900188446,0,0.1591637432575225
0,0.0020591719076037,0,0.0217814669013023,0,0.001107677235268,0,0.0039661317132413
0,0.8317643404006958,0,0.2597744464874267,0,0.5615251660346985,0,0.2916169464588165
0,0.3945610523223877,0,0.8101149797439575,0,0.5682209730148315,0,0.521519660949707
0,0.6668317914009094,0,0.6971811652183533,0,0.7452653050422668,0,0.8236290812492371
0,0.118809275329113,0,0.1949467211961746,0,0.0676326975226402,0,0.0148189030587673
0,0.2054411172866821,0,0.1527160555124282,0,0.1929858177900314,0,0.0232842341065406
0,0.2578544914722442,0,0.1707170456647873,0,0.1780249774456024,0,0.057255920022726
0,0.6637090444564819,0,0.2091395258903503,0,0.8803998231887817,0,0.5250247120857239
0,0.0040142834186553,0,0.0239675231277942,0,0.0129695245996117,0,0.0022323892917484
0,0.0015672178706154,0,0.0632249861955642,0,0.0032271714881062,0,0.0125063769519329
0,0.0256705209612846,0,0.0626774653792381,0,0.0077904406934976,0,0.0318119935691356
0,0.0182077977806329,0,0.0247334074229002,0,0.0056007709354162,0,0.0171028170734643
0,0.0052390699274837,0,0.0896805524826049,0,0.0423601381480693,0,0.0204499382525682
0,0.0033611818216741,0,0.060477390885353,0,0.0070144389756023,0,0.0368756130337715
0,0.0057196607813239,0,0.0186364166438579,0,0.0045555126853287,0,0.0064421147108078
0,0.0043880245648324,0,0.0247742030769586,0,0.0038769338279962,0,0.0053280238062143
0,0.5945441722869873,0,0.6141619086265564,0,0.5976478457450867,0,0.8009151220321655
0,0.0406878255307674,0,0.2156072258949279,0,0.3009625971317291,0,0.0570117570459842
0,0.0796664878726005,0,0.2414554953575134,0,0.0173061676323413,0,0.0014504712307825
0,0.0868187919259071,0,0.029042575508356,0,0.0171467326581478,0,0.0029726757202297
0,0.5564379096031189,0,0.2277953177690506,0,0.6884068846702576,0,0.4113596081733703
0,0.2859388589859009,0,0.1317415237426757,0,0.3935979008674621,0,0.423428326845169
0,0.4159556031227112,0,0.1877585798501968,0,0.1383116245269775,0,0.322142481803894
0,0.4826713502407074,0,0.2551267445087433,0,0.4906206429004669,0,0.3541589677333832
0,0.3703065812587738,0,0.4785706400871277,0,0.0947437062859535,0,0.1652742773294448
0,0.5111186504364014,0,0.6018691658973694,0,0.6829330921173096,0,0.2381309419870376
0,0.5694093108177185,0,0.4945015609264374,0,0.4708569347858429,0,0.4659799933433532
0,0.5902832746505737,0,0.3133712112903595,0,0.5026968717575073,0,0.5508438348770142
0,0.4099388420581817,0,0.4509766101837158,0,0.1666176468133926,0,0.2960035800933838
0,0.3953466713428497,0,0.5877383351325989,0,0.626622200012207,0,0.1427489072084427
0,0.0528233759105205,0,0.078973114490509,0,0.0210730917751789,0,0.0702968016266822
0,0.0046554394066333,0,0.0795315280556678,0,0.0190732404589653,0,0.059799276292324
0,0.3388621807098388,0,0.0810794532299041,0,0.0148375304415822,0,0.023126270622015
0,0.0335501171648502,0,0.0466400124132633,0,0.1381644606590271,0,0.0031232894398272
0,0.0080043040215969,0,0.0533803962171077,0,0.0013702881988137,0,0.0028617815114557
0,0.0064572799019515,0,0.0401256494224071,0,0.0067688887938857,0,0.0069660218432545
0,0.0101496037095785,0,0.0117484359070658,0,0.0216570869088172,0,0.0202768817543983
0,0.2159787863492965,0,0.5133461952209473,0,0.6453057527542114,0,0.5428072214126587
0,0.018088661134243,0,0.0728742852807045,0,0.1398236453533172,0,0.0047787721268832
0,0.0292893908917903,0,0.0915613770484924,0,0.1297789216041565,0,0.0066662714816629
0,0.0134175838902592,0,0.0357978902757167,0,0.0706386268138885,0,0.1032434627413749
0,0.1469317972660064,0,0.2920305430889129,0,0.2890070676803589,0,0.2041474431753158
0,0.0582350119948387,0,0.0574920624494552,0,0.0268954001367092,0,0.0196957290172576
0,0.5589401125907898,0,0.3722635507583618,0,0.6848850846290588,0,0.6422455310821533
0,0.0626879185438156,0,0.0777177959680557,0,0.1843481212854385,0,0.0238903854042291
0,0.025077112019062,0,0.0586173050105571,0,0.0182473491877317,0,0.0143262865021824
0,0.5686585903167725,0,0.4601469039916992,0,0.7473846673965454,0,0.7046911716461182
0,0.2445265352725982,0,0.068691186606884,0,0.2831211984157562,0,0.1310494244098663
0,0.0160401482135057,0,0.0728836804628372,0,0.0286769848316907,0,0.0280362274497747
0,0.5566937327384949,0,0.4358225464820862,0,0.7263579368591309,0,0.6955816745758057
0,0.3557347357273102,0,0.0648135691881179,0,0.0086995251476764,0,0.1052934527397155
0,0.0036514247767627,0,0.0366690345108509,0,0.0026233615353703,0,0.0101111698895692
0,0.0033301736693829,0,0.0384274832904338,0,0.0017040100647136,0,0.0066844234243035
0,0.0282914657145738,0,0.1890280693769455,0,0.0197369772940874,0,0.06070077419281
0,0.0189071409404277,0,0.1460534930229187,0,0.0090996911749243,0,0.0458695292472839
0,0.4652703702449798,0,0.3025254011154175,0,0.1890438050031662,0,0.0400210171937942
0,0.555145263671875,0,0.3247474431991577,0,0.3474034965038299,0,0.1090418100357055
0,0.2845728993415832,0,0.2442479282617569,0,0.0766492411494255,0,0.0347414277493953
0,0.0220723524689674,0,0.060763020068407,0,0.0047232396900653,0,0.0219934061169624
0,0.0006826047319918,0,0.0134679274633526,0,0.0021667184773832,0,0.0036762044765055
0,0.0011040837271139,0,0.0471142902970314,0,0.0129941357299685,0,0.0318813361227512
0,0.0478083007037639,0,0.4083773493766784,0,0.0296629257500171,0,0.0734515935182571
0,0.0047431262210011,0,0.0552541203796863,0,0.0022028102539479,0,0.0349698774516582
0,0.0004874831356573,0,0.0223061125725507,0,0.0018147875089198,0,0.0049650738947093
0,0.0008648211951367,0,0.0123017821460962,0,0.0019545308314263,0,0.0134275145828723
0,0.2100348472595214,0,0.46784308552742,0,0.1802853345870971,0,0.2749076187610626
0,0.0070396186783909,0,0.145904928445816,0,0.0097846845164895,0,0.0294123888015747
0,0.0011185015318915,0,0.0192626360803842,0,0.0102086216211318,0,0.0046420418657362
0,0.0007797048310749,0,0.009830524213612,0,0.0067651323042809,0,0.0091988863423466
0,0.0040030525997281,0,0.027833180502057,0,0.0036602830514311,0,0.0053782127797603
0,0.0033955501858145,0,0.2840610444545746,0,0.0196084789931774,0,0.0138522954657673
0,0.0054345484822988,0,0.3857617080211639,0,0.0285573825240135,0,0.0428849197924137
0,0.2004352062940597,0,0.1666899472475052,0,0.4587298929691314,0,0.0234803855419158
0,0.0373479276895523,0,0.0410174988210201,0,0.0032790547702461,0,0.0088171362876892
0,0.001227423781529,0,0.0083792759105563,0,0.0077714961953461,0,0.0324314385652542
0,0.5350341200828552,0,0.0723270326852798,0,0.0506147146224975,0,0.0337924621999263
0,0.0040060826577246,0,0.0280539449304342,0,0.0252725891768932,0,0.0418742410838604
0,0.0038788879755884,0,0.0532530769705772,0,0.0018339578527957,0,0.0166362226009368
0,0.0010141998063772,0,0.0425616689026355,0,0.0027924799360334,0,0.0073641943745315
0,0.0037296181544661,0,0.0146117825061082,0,0.0024901975411921,0,0.0325830392539501
0,0.0062769060023128,0,0.0148399211466312,0,0.0028338606934994,0,0.0107996501028537
0,0.0106603931635618,0,0.0960139632225036,0,0.0034738138783723,0,0.0077937147580087
0,0.0006677513010799,0,0.0458778068423271,0,0.0057743904180824,0,0.0140106938779354
0,0.0026661148294806,0,0.0138496970757842,0,0.0010907519608736,0,0.0048463474959135
0,0.0091353869065642,0,0.0283051487058401,0,0.0029737781733274,0,0.003818264696747
0,0.0009949606610462,0,0.0511920116841793,0,0.0018123249756172,0,0.0085687758401036
0,0.0274167526513338,0,0.2730013728141784,0,0.0451275259256362,0,0.0041636135429143
0,0.8342791795730591,0,0.4997517466545105,0,0.4200011789798736,0,0.6254027485847473
0,0.4496322870254516,0,0.0368129275739192,0,0.0204445328563451,0,0.0385045185685157
0,0.0487183891236782,0,0.1426803022623062,0,0.0287408288568258,0,0.072057157754898
0,0.4105773270130157,0,0.0347771309316158,0,0.0386621803045272,0,0.0322784781455993
0,0.0743591785430908,0,0.1462953686714172,0,0.1285672485828399,0,0.0404114946722984
0,0.0016522966325283,0,0.0099060581997036,0,0.0015809165779501,0,0.0043234378099441
0,0.1741960197687149,0,0.0245101898908615,0,0.0206435304135084,0,0.0227359775453805
0,0.0030497047118842,0,0.0071793217211961,0,0.0004758649447467,0,0.0029079695232212
0,0.0120274778455495,0,0.0282700266689062,0,0.0099903363734483,0,0.0450469367206096
0,0.0688340067863464,0,0.022030645981431,0,0.2603826224803924,0,0.0245050098747015
0,0.0373583175241947,0,0.0347449705004692,0,0.1443336755037307,0,0.021937858313322
0,0.0186112467199563,0,0.0423183776438236,0,0.0184941422194242,0,0.0881483703851699
0,0.0168084129691123,0,0.0367726497352123,0,0.2120544165372848,0,0.0200124513357877
0,0.028345949947834,0,0.0705787613987922,0,0.0184473153203725,0,0.0144785810261964
0,0.0829223245382309,0,0.0799953415989875,0,0.0128693552687764,0,0.0958451926708221
0,0.0887201800942421,0,0.1688541024923324,0,0.1847238391637802,0,0.0444637648761272
0,0.0144066559150815,0,0.26832315325737,0,0.0666223913431167,0,0.0310077480971813
0,0.0957126915454864,0,0.1394691914319992,0,0.0211937110871076,0,0.0318037942051887
0,0.0173013359308242,0,0.1197884678840637,0,0.0633779466152191,0,0.0193319600075483
0,0.0517879389226436,0,0.1324941515922546,0,0.0148439155891537,0,0.0159665290266275
0,0.0053674769587814,0,0.0173163004219532,0,0.0638999864459037,0,0.0361239872872829
0,0.0935154035687446,0,0.0208306647837162,0,0.0926864072680473,0,0.1074694991111755
0,0.3815855085849762,0,0.4351050555706024,0,0.0933913514018058,0,0.926061749458313
0,0.0056816460564732,0,0.0311121270060539,0,0.0129700871184468,0,0.0090116346254944
0,0.2519505023956299,0,0.2279812842607498,0,0.0051673213019967,0,0.0236478690057992
0,0.0283079706132411,0,0.0514512211084365,0,0.0016018380410969,0,0.0467437393963336
0,0.0116333235055208,0,0.0687767639756202,0,0.0057100723497569,0,0.0024951193481683
0,0.0067142155021429,0,0.1345852166414261,0,0.0334380194544792,0,0.0084226205945014
0,0.0058565502986311,0,0.0232152063399553,0,0.0048554865643382,0,0.0105209667235612
0,0.0369169935584068,0,0.6827932596206665,0,0.5733629465103149,0,0.6644414663314819
0,0.0150510454550385,0,0.6189256906509399,0,0.4537278115749359,0,0.5589160919189453
0,0.5912900567054749,0,0.5579642653465271,0,0.3045445680618286,0,0.4330357313156128
0,0.0012736557982861,0,0.0493755675852298,0,0.0025273363571614,0,0.0021264115348458
0,0.417976438999176,0,0.3766255378723144,0,0.3494309782981872,0,0.251942902803421
0,0.6948024034500122,0,0.5012704730033875,0,0.7217652201652527,0,0.1100274249911308
0,0.8401445150375366,0,0.46809783577919,0,0.6169605255126953,0,0.351214587688446
0,0.9216598868370056,0,0.6584776043891907,0,0.8059264421463013,0,0.1491792201995849
0,0.0023125922307372,0,0.0270415041595697,0,0.008299765177071,0,0.0058946241624653
0,0.0650128424167633,0,0.0264194644987583,0,0.0038805815856903,0,0.0061999931931495
0,0.0027695139870047,0,0.0175159890204668,0,0.0012398880207911,0,0.0124343372881412
0,0.0214879680424928,0,0.045324184000492,0,0.0081152031198143,0,0.0062920930795371
0,0.017972519621253,0,0.0405096188187599,0,0.0079675484448671,0,0.0063514136709272
0,0.0133968945592641,0,0.0286273453384637,0,0.00496829720214,0,0.0053151790052652
0,0.0052401288412511,0,0.1208108961582183,0,0.0807772204279899,0,0.0181068833917379
0,0.5489392280578613,0,0.6220081448554993,0,0.4284745454788208,0,0.4498516619205475
0,0.0781782791018486,0,0.2810700535774231,0,0.0549469888210296,0,0.2070526480674743
0,0.1022599041461944,0,0.2734387516975403,0,0.1142858639359474,0,0.2263729125261306
0,0.0514837279915809,0,0.3673058748245239,0,0.7297960519790649,0,0.180487260222435
0,0.5654544830322266,0,0.2056800276041031,0,0.6594653725624084,0,0.1160658746957779
0,0.6913325190544128,0,0.2434306293725967,0,0.7561769485473633,0,0.2144314497709274
0,0.4214964210987091,0,0.403999388217926,0,0.6214954257011414,0,0.1790992319583892
0,0.0430729798972606,0,0.0427182503044605,0,0.0034387968480587,0,0.0513690151274204
0,0.5106191635131836,0,0.1994623988866806,0,0.2372417449951172,0,0.6286378502845764
0,0.0039770156145095,0,0.0406553670763969,0,0.1304396241903305,0,0.0086621176451444
0,0.5194364786148071,0,0.2869013547897339,0,0.4255537688732147,0,0.6189399361610413
0,0.0199751108884811,0,0.0345238000154495,0,0.0169398766010999,0,0.0106518324464559
0,0.00170912547037,0,0.0233642607927322,0,0.0019617632497102,0,0.017138859257102
0,0.0016777567798271,0,0.0403119511902332,0,0.0022525491658598,0,0.0032551761250942
0,0.0006766597507521,0,0.0089215766638517,0,0.0045096748508512,0,0.00209581409581
0,0.0015234837774187,0,0.0243589412420988,0,0.003546914551407,0,0.0079167829826474
0,0.0036698456387966,0,0.0611434392631053,0,0.0053060003556311,0,0.0048262141644954
0,0.0004946753615513,0,0.0091401394456624,0,0.0032806228846311,0,0.0016276009846478
0,0.0022466026712208,0,0.0245628431439399,0,0.0039614802226424,0,0.0072657726705074
0,0.0012849266640841,0,0.0300910994410514,0,0.0030500337015837,0,0.0048119509592652
0,0.0821027010679245,0,0.1484645307064056,0,0.0405681356787681,0,0.0257721953094005
0,0.0567883439362049,0,0.0989972501993179,0,0.0427067466080188,0,0.0301701854914426
0,0.0984350591897964,0,0.0867853909730911,0,0.1222074702382087,0,0.0647366717457771
0,0.0301562808454036,0,0.3216120898723602,0,0.4912963509559631,0,0.1386299282312393
0,0.0003224008250981,0,0.0338736101984977,0,0.0017150538042187,0,0.0028405559714883
0,0.0004082543891854,0,0.0171472392976284,0,0.0021717159543186,0,0.0051661231555044
0,0.0007497207261621,0,0.0204779896885156,0,0.0036418733652681,0,0.0135030709207057
0,0.0190195981413126,0,0.0501303859055042,0,0.0020579493138939,0,0.0072484142147004
0,0.025410421192646,0,0.0601683668792247,0,0.0041784546338021,0,0.0099175134673714
0,0.000985374324955,0,0.0163776706904172,0,0.005032917484641,0,0.0142365852370858
0,0.222784161567688,0,0.2883718907833099,0,0.1015868261456489,0,0.1889147460460662
0,0.0356896109879016,0,0.0991198271512985,0,0.0070204096846282,0,0.0247838888317346
0,0.0001609647442819,0,0.0193172842264175,0,0.0029860765207558,0,0.0062583908438682
0,0.0001314619294134,0,0.0140771679580211,0,0.001874744775705,0,0.0043403124436736
0,0.0401012971997261,0,0.2627536058425903,0,0.0685397759079933,0,0.0520219840109348
0,0.1215736046433448,0,0.1151193156838417,0,0.0233379304409027,0,0.0221996065229177
0,0.082955777645111,0,0.1460381001234054,0,0.0441511645913124,0,0.0352304093539714
0,0.0784691572189331,0,0.334836333990097,0,0.223914161324501,0,0.0200557392090559
0,0.006532812025398,0,0.038854956626892,0,0.005971860140562,0,0.0069262194447219
0,0.0024639549665153,0,0.0249347817152738,0,0.0065414644777774,0,0.0025995254982262
0,0.0113116893917322,0,0.0562425814568996,0,0.0062165623530745,0,0.0094552868977189
0,0.0647289603948593,0,0.2821428775787353,0,0.0433696247637271,0,0.0943949222564697
0,0.1108014285564422,0,0.2885140478610992,0,0.0676200538873672,0,0.2883710265159607
0,0.008636767975986,0,0.0209996979683637,0,0.0026751563418656,0,0.0074917026795446
0,0.0124187432229518,0,0.0433913730084896,0,0.0136598469689488,0,0.0017744671786203
0,0.0048827729187905,0,0.0307432021945714,0,0.0013422288466244,0,0.0028874615672975
0,0.0138387279585003,0,0.0225011873990297,0,0.0051510953344404,0,0.0237215794622898
0,0.0145901860669255,0,0.0167347826063632,0,0.0047895787283778,0,0.0237292181700468
0,0.0078930407762527,0,0.0281718391925096,0,0.00268145208247,0,0.0068142344243824
0,0.0031992732547223,0,0.0607870072126388,0,0.0008599664433859,0,0.001840011565946
0,0.0123957516625523,0,0.0251309275627136,0,0.0073168538510799,0,0.0465789660811424
0,0.0048539703711867,0,0.0144369658082723,0,0.0035136996302753,0,0.0063427221029996
0,0.0249948129057884,0,0.1647674888372421,0,0.1085330173373222,0,0.0231651905924081
0,0.000868568837177,0,0.0084910662844777,0,0.0020359754562377,0,0.0053430330008268
0,0.007268700748682,0,0.0320528037846088,0,0.0024903542362153,0,0.0076464167796075
0,0.0081827919930219,0,0.0563743077218532,0,0.0014897004002705,0,0.003899092786014
0,0.0126589760184288,0,0.0165893584489822,0,0.0067026787437498,0,0.0634964555501937
0,0.0124737303704023,0,0.1653736978769302,0,0.1493845880031585,0,0.025601428002119
0,0.0007178792147897,0,0.0090803988277912,0,0.0013854905264452,0,0.0061191054992377
0,0.0001349028316326,0,0.038282323628664,0,0.0043913670815527,0,0.0023810476996004
0,0.003133273217827,0,0.0211799293756485,0,0.015249072574079,0,0.0078738080337643
0,0.0409277416765689,0,0.4824618101119995,0,0.0465449541807174,0,0.0487568229436874
0,0.0112218931317329,0,0.0812727138400077,0,0.0013728601625189,0,0.0073812375776469
0,0.0011699041351675,0,0.02520770765841,0,0.0084834257140755,0,0.0044913128949701
0,0.0012716763885691,0,0.0429288707673549,0,0.004833954386413,0,0.0040266430005431
0,0.0546550117433071,0,0.1059226766228675,0,0.0546382777392864,0,0.1030019596219062
0,0.0166802834719419,0,0.1188649535179138,0,0.0486931763589382,0,0.0836861804127693
0,0.0331612788140773,0,0.1198529154062271,0,0.0116468835622072,0,0.0113955130800604
0,0.1489489376544952,0,0.3101808130741119,0,0.4834484457969665,0,0.3997709453105926
0,0.1010074615478515,0,0.0567429549992084,0,0.3084477484226227,0,0.0503291711211204
0,0.0073698465712368,0,0.0689558386802673,0,0.0132530322298407,0,0.0579993166029453
0,0.0488580912351608,0,0.1562941819429397,0,0.0499195978045463,0,0.0801106542348861
0,0.0188635177910327,0,0.3869591057300567,0,0.0248557105660438,0,0.0230645481497049
0,0.0207117982208728,0,0.0534421764314174,0,0.2516997158527374,0,0.0341412611305713
0,0.2330036014318466,0,0.2319069355726242,0,0.616147518157959,0,0.1275100260972976
0,0.0447903685271739,0,0.0710891410708427,0,0.1139243841171264,0,0.0863807573914527
0,0.1891532987356186,0,0.3477104902267456,0,0.1312321871519088,0,0.0071298796683549
0,0.0620139576494693,0,0.369070440530777,0,0.0824024602770805,0,0.0074645285494625
0,0.1557093262672424,0,0.027187367901206,0,0.0140276197344064,0,0.0154432384297251
0,0.3115849196910858,0,0.2637816369533539,0,0.0336275212466716,0,0.0171035137027502
0,0.0053007081151008,0,0.0515883788466453,0,0.0024721196386963,0,0.0047855740413069
0,0.0054643638432025,0,0.0379877611994743,0,0.0030911536887288,0,0.0051312549039721
0,0.0067125814966857,0,0.0544319711625576,0,0.0022465374786406,0,0.0058960220776498
0,0.0475076772272586,0,0.0227352511137723,0,0.0083887474611401,0,0.1320962607860565
0,0.0814223736524581,0,0.0749547779560089,0,0.0190853141248226,0,0.0257069822400808
1,0.2095492631196975,1,0.191384956240654,1,0.0183102488517761,1,0.0208371691405773
1,0.2185574918985366,1,0.0936525091528892,1,0.0154242115095257,1,0.036081489175558
1,0.1461015045642852,1,0.4221180975437164,1,0.0889752358198165,1,0.1334921866655349
1,0.3095933496952057,1,0.5808370113372803,1,0.315829187631607,1,0.4665968120098114
1,0.4623794853687286,1,0.5947585105895996,1,0.6537961959838867,1,0.6915696263313293
1,0.3308839797973633,1,0.3769411444664001,1,0.283930629491806,1,0.6414341926574707
1,0.0051344544626772,1,0.0192477386444807,1,0.0077428692020475,1,0.0491796843707561
1,0.0179617274552583,1,0.0309009496122598,1,0.0149681055918335,1,0.0884988754987716
1,0.043129589408636,1,0.0430828295648098,1,0.0180372856557369,1,0.1198555007576942
1,0.7039518356323242,1,0.6887919902801514,1,0.8653356432914734,1,0.8634195327758789
1,0.6797131896018982,1,0.841412365436554,1,0.8232885599136353,1,0.862193763256073
1,0.6456704139709473,1,0.3949147164821625,1,0.631010890007019,1,0.6897074580192566
1,0.5754126906394958,1,0.233348399400711,1,0.4424981772899627,1,0.6007803082466125
1,0.4474039673805237,1,0.256320059299469,1,0.1873809993267059,1,0.4067915081977844
1,0.8009136915206909,1,0.2011668533086776,1,0.3094189763069153,1,0.5912535786628723
0,0.0050226366147398,0,0.0174429826438426,0,0.0300943441689014,0,0.0355547107756137
0,0.0089769111946225,0,0.0154301943257451,0,0.0950197950005531,0,0.041605319827795
0,0.5870428681373596,0,0.3246618509292602,0,0.5350183248519897,0,0.5667094588279724
0,0.0028659482486546,0,0.0115852011367678,0,0.001600926159881,0,0.0036381969694048
0,0.0164408031851053,0,0.0692035481333732,0,0.2263669818639755,0,0.0496336035430431
0,0.229839488863945,0,0.4186168313026428,0,0.7197199463844299,0,0.2538491189479828
0,0.0300950482487678,0,0.0804016813635826,0,0.0255823191255331,0,0.0450249835848808
0,0.630974292755127,0,0.445494681596756,0,0.6535130143165588,0,0.367203027009964
0,0.4013771116733551,0,0.3997501134872436,0,0.6061333417892456,0,0.2918334305286407
0,0.0398227535188198,0,0.0682112425565719,0,0.0165805239230394,0,0.0386949963867664
0,0.4830078482627868,0,0.1361328959465026,0,0.2605620324611664,0,0.2621766030788421
0,0.5521934628486633,0,0.6918573379516602,0,0.5312775373458862,0,0.5666772127151489
0,0.5553438067436218,0,0.7324492931365967,0,0.4867714345455169,0,0.7812171578407288
0,0.0010211927583441,0,0.026281151920557,0,0.0018371214391663,0,0.0030109786894172
0,0.002517094835639,0,0.0185704175382852,0,0.001728942617774,0,0.0039508803747594
0,0.0008682187763042,0,0.0148685863241553,0,0.0010389907984063,0,0.0042906985618174
0,0.0037726003210991,0,0.0549517273902893,0,0.0046061952598392,0,0.0043706307187676
0,0.0010734857060015,0,0.0218832623213529,0,0.0088445702567696,0,0.0204252433031797
0,0.0017114458605647,0,0.0146090378984808,0,0.0043830228969454,0,0.0125268111005425
0,0.0036897156387567,0,0.2177397310733795,0,0.0087851360440254,0,0.025102749466896
0,0.0652226656675338,0,0.0531569607555866,0,0.028490450233221,0,0.2322568446397781
0,0.001391475321725,0,0.0183436330407857,0,0.003763448446989,0,0.0027797427028417
0,0.0410565100610256,0,0.1963945925235748,0,0.0296036712825298,0,0.0264034830033779
0,0.0083482395857572,0,0.0641667917370796,0,0.0176093224436044,0,0.0083785988390445
0,0.0187861192971467,0,0.0868058055639267,0,0.0263814013451337,0,0.0457154177129268
0,0.0208131447434425,0,0.1585045456886291,0,0.0092090126127004,0,0.0692294985055923
0,0.0250728912651538,0,0.0478218048810958,0,0.0346936322748661,0,0.1776278018951416
0,0.0072304019704461,0,0.1193321496248245,0,0.0071637416258454,0,0.0417917296290397
0,0.0014947577146813,0,0.0159980338066816,0,0.0012163643259555,0,0.0026588493492454
0,0.0038682811427861,0,0.0769663229584693,0,0.0062365857884287,0,0.031209398061037
0,0.0014221232850104,0,0.0164156146347522,0,0.0010085308458656,0,0.0025303217116743
0,0.0010353294201195,0,0.0184040330350399,0,0.0017300631152465,0,0.0028937521856278
0,0.1501741558313369,0,0.1402192115783691,0,0.3488497734069824,0,0.0706214755773544
0,0.0665241628885269,0,0.0545142702758312,0,0.0036405345890671,0,0.0474831834435462
0,0.0164082963019609,0,0.0319226831197738,0,0.0025105366948992,0,0.0077913510613143
0,0.0022475444711744,0,0.0156840924173593,0,0.0007675772067159,0,0.0013119627255946
0,0.0740778297185897,0,0.1868691742420196,0,0.2361093163490295,0,0.0188207104802131
0,0.0500453226268291,0,0.0248943474143743,0,0.0062740659341216,0,0.0217599924653768
0,0.6208590269088745,0,0.6175482273101807,0,0.8074766993522644,0,0.1770203113555908
0,0.0137486485764384,0,0.0833872929215431,0,0.0014644139446318,0,0.0028132561128586
0,0.006048884242773,0,0.0458196178078651,0,0.0039956071414053,0,0.0049637546762824
0,0.0032619021367281,0,0.0753666684031486,0,0.1072083786129951,0,0.0087000597268342
0,0.0043091787956655,0,0.0514897443354129,0,0.004294155165553,0,0.0073369443416595
0,0.0251695644110441,0,0.1696006953716278,0,0.0476777404546737,0,0.0147339636459946
0,0.0044432808645069,0,0.0266275182366371,0,0.0120461098849773,0,0.0209347046911716
0,0.0149142080917954,0,0.0971536785364151,0,0.0114077031612396,0,0.0092208236455917
0,0.0057142484001815,0,0.0297459419816732,0,0.0147684328258037,0,0.010393095202744
0,0.171439379453659,0,0.4185153543949127,0,0.821319043636322,0,0.0776565819978714
0,0.0047653838992118,0,0.0253670029342174,0,0.0229833889752626,0,0.0092367604374885
0,0.149661585688591,0,0.4424688816070556,0,0.6675251126289368,0,0.0962059870362281
0,0.41441810131073,0,0.4883927702903747,0,0.1865706890821457,0,0.2824413776397705
0,0.5473454594612122,0,0.6255285143852234,0,0.7539620995521545,0,0.5647910237312317
0,0.5223140716552734,0,0.7223418354988098,0,0.6705924272537231,0,0.8275885581970215
0,0.5933719277381897,0,0.5948261022567749,0,0.7313797473907471,0,0.4928535521030426
0,0.012326099909842,0,0.0895028188824653,0,0.0054119257256388,0,0.029002159833908
0,0.0144632719457149,0,0.117484912276268,0,0.0071793859824538,0,0.0307314172387123
0,0.0116944471374154,0,0.1070402339100837,0,0.01295982953161,0,0.0144071020185947
0,0.0003142991918139,0,0.0182641446590423,0,0.0038909041322767,0,0.002227121964097
0,0.1138266399502754,0,0.2111895978450775,0,0.2227253466844558,0,0.1004119589924812
0,0.1074938848614692,0,0.3294423520565033,0,0.615445613861084,0,0.2873001992702484
0,0.3637904524803161,0,0.3485163748264313,0,0.3281382024288177,0,0.3215586543083191
0,0.0838552266359329,0,0.5103220343589783,0,0.0165933575481176,0,0.029711790382862
0,0.4850043356418609,0,0.2903101146221161,0,0.5830457210540771,0,0.0758203715085983
0,0.3957302868366241,0,0.7475687265396118,0,0.3810769021511078,0,0.1517352163791656
0,0.1747606247663498,0,0.3008301854133606,0,0.3294252753257751,0,0.5766213536262512
0,0.3702243864536285,0,0.427790105342865,0,0.6170939803123474,0,0.6097978949546814
0,0.2616007328033447,0,0.3567900359630584,0,0.4430672526359558,0,0.5554869771003723
0,0.0013096798211336,0,0.0142035726457834,0,0.0073557845316827,0,0.0031027940567582
0,0.0009330977336503,0,0.013125860132277,0,0.0016052833525463,0,0.0013636228395625
0,0.0086711477488279,0,0.0312970615923404,0,0.0107487067580223,0,0.004042615648359
0,0.0034211231395602,0,0.0416753478348255,0,0.0129296397790312,0,0.0115668512880802
0,0.0017024654662236,0,0.0231934767216444,0,0.0022846448700875,0,0.0120601467788219
0,0.0077488282695412,0,0.0598707199096679,0,0.0193391218781471,0,0.121294230222702
0,0.0077952677384018,0,0.0144849773496389,0,0.0038130662869662,0,0.0146346148103475
0,0.014378753490746,0,0.0756905376911163,0,0.0126208253204822,0,0.1286206543445587
0,0.0066196215339004,0,0.0497185625135898,0,0.0136003624647855,0,0.1572181433439254
0,0.0007739378488622,0,0.0121211921796202,0,0.0125035932287573,0,0.0076300729997456
0,0.0030240141786634,0,0.0312613360583782,0,0.0065184072591364,0,0.008371315896511
0,0.3529830873012543,0,0.1481514126062393,0,0.2638091444969177,0,0.1779867112636566
0,0.1661662310361862,0,0.08338014036417,0,0.0913665816187858,0,0.0508645772933959
0,0.0507994331419467,0,0.084229826927185,0,0.0640312284231185,0,0.0316293239593505
0,0.0025375192053616,0,0.0112337404862046,0,0.0032365694642066,0,0.0174496937543153
0,0.6002184152603149,0,0.1427451968193054,0,0.0127866603434085,0,0.061811938881874
0,0.0014704837230965,0,0.0086868349462747,0,0.0026174830272793,0,0.0085391290485858
0,0.0058876206167042,0,0.0361674502491951,0,0.017574330791831,0,0.0087529104202985
0,0.0063542365096509,0,0.0416374765336513,0,0.0125143658369779,0,0.0108360312879085
0,0.0244815051555633,0,0.0684593766927719,0,0.0248070936650037,0,0.0081564029678702
0,0.0787535831332206,0,0.1585882157087326,0,0.0146848149597644,0,0.0214326977729797
0,0.0013574854237958,0,0.0256314910948276,0,0.0011278635356575,0,0.0040913792327046
0,0.0005043934215791,0,0.0241531245410442,0,0.001048693084158,0,0.0016149561852216
0,0.0004494476306717,0,0.0247789155691862,0,0.0015260871732607,0,0.0017469150479882
0,0.0032434312161058,0,0.0307325962930917,0,0.0066396789625287,0,0.0555588826537132
0,0.0043327729217708,0,0.0354196168482303,0,0.0251781623810529,0,0.0445590838789939
0,0.0382712185382843,0,0.1729384511709213,0,0.0805378630757331,0,0.0093235149979591
0,0.0435592196881771,0,0.1609752625226974,0,0.1137900352478027,0,0.0074844267219305
0,0.0057028885930776,0,0.0446747168898582,0,0.0617053546011447,0,0.0107363723218441
0,0.002083700383082,0,0.0494688935577869,0,0.0010988498106598,0,0.0048108347691595
0,0.0765038579702377,0,0.1393770426511764,0,0.1157964020967483,0,0.17615507543087
0,0.124552696943283,0,0.1865805834531784,0,0.1632150709629058,0,0.2008361220359802
0,0.0881302505731582,0,0.1900788247585296,0,0.1986780911684036,0,0.2097358405590057
0,0.0008543207659386,0,0.0221036430448293,0,0.002614561934024,0,0.0125683275982737
0,0.226591482758522,0,0.1050028279423713,0,0.0037806720938533,0,0.0241860263049602
0,0.0006824576412327,0,0.0200392547994852,0,0.0024874287191778,0,0.0111162047833204
0,0.3182588219642639,0,0.4078001976013183,0,0.089217908680439,0,0.4487667381763458
0,0.0007952512241899,0,0.0244417246431112,0,0.002545999828726,0,0.0206819046288728
0,0.2464934587478637,0,0.0542505495250225,0,0.0061261658556759,0,0.0218104012310504
0,0.0381856895983219,0,0.0610829479992389,0,0.0054881894029676,0,0.0413627587258815
0,0.0017696197610348,0,0.28489750623703,0,0.029650492593646,0,0.0199559330940246
0,0.000392842979636,0,0.0206581261008977,0,0.0019336233381181,0,0.0102058220654726
0,0.0062569533474743,0,0.0308661516755819,0,0.0048595564439892,0,0.0075509785674512
0,0.0003922255418729,0,0.0213496852666139,0,0.0014534752117469,0,0.0090166619047522
0,0.1376451551914215,0,0.1219930648803711,0,0.1228313967585563,0,0.1666236817836761
0,0.0783659890294075,0,0.3766681551933288,0,0.0478774718940258,0,0.3332650363445282
0,0.8328983187675476,0,0.4758453965187073,0,0.3887487947940826,0,0.6902889609336853
0,0.00741882994771,0,0.0356571376323699,0,0.0010204886784777,0,0.0034370797220617
0,0.0094928788021206,0,0.0281254574656486,0,0.0013038284378126,0,0.0052574295550584
0,0.1414916068315506,0,0.3309142887592315,0,0.1960045099258422,0,0.6703625321388245
0,0.0043128035031259,0,0.0237386357039213,0,0.0024065421894192,0,0.0063120913691818
0,0.0045895939692854,0,0.025499714538455,0,0.0011797553161159,0,0.014591577462852
0,0.0105714667588472,0,0.0293880440294742,0,0.0075634308159351,0,0.0046487399376928
0,0.1302924454212188,0,0.4273725748062134,0,0.2557947933673858,0,0.7009342312812805
0,0.2917755246162414,0,0.1404689848423004,0,0.0225360803306102,0,0.0929833054542541
0,0.3979748487472534,0,0.0864648222923278,0,0.0447143949568271,0,0.259781002998352
0,0.1838473677635193,0,0.4870187044143677,0,0.2259320616722107,0,0.7227487564086914
0,0.0065149888396263,0,0.0220477376133203,0,0.0037816006224602,0,0.0058949850499629
0,0.0518037676811218,0,0.1063571795821189,0,0.0737290605902671,0,0.0371679477393627
0,0.0017756720772013,0,0.0122057981789112,0,0.001843677018769,0,0.0029903869144618
0,0.0012821540003642,0,0.0125449560582637,0,0.0038657702971249,0,0.0018361990805715
0,0.0704898461699485,0,0.1633289605379104,0,0.0156670324504375,0,0.0468649752438068
0,0.2548902630805969,0,0.207473412156105,0,0.2951570451259613,0,0.1280529648065567
0,0.0016475602751597,0,0.0160915609449148,0,0.0045160413719713,0,0.0031479001045227
0,0.0009904116159304,0,0.0131892235949635,0,0.0016025595832616,0,0.0058798613026738
0,0.0015744735719636,0,0.0108430925756692,0,0.0031318094115704,0,0.0034326300956308
0,0.0893385782837867,0,0.1346050947904586,0,0.0121988551691174,0,0.1237533241510391
0,0.3574764430522918,0,0.1981165409088134,0,0.2957827746868133,0,0.1158815994858741
0,0.0056129177100956,0,0.0267290417104959,0,0.0064943241886794,0,0.0085373735055327
0,0.0018505675252526,0,0.0202329959720373,0,0.0011424664407968,0,0.0028469408862292
0,0.0012950128875672,0,0.0107755623757839,0,0.0051372274756431,0,0.0023800851777195
0,0.0343519262969493,0,0.205213651061058,0,0.0072501469403505,0,0.0929936170578002
0,0.4180368185043335,0,0.2294806391000747,0,0.4427143931388855,0,0.138951227068901
0,0.0458869487047195,0,0.0234233699738979,0,0.0062004961073398,0,0.0071284044533967
0,0.1300912350416183,0,0.0198766738176345,0,0.0118053974583745,0,0.0065015833824872
0,0.0630502700805664,0,0.0328665524721145,0,0.0396009646356105,0,0.0109597891569137
0,0.1536353528499603,0,0.0762499943375587,0,0.0475918874144554,0,0.0627513378858566
0,0.434144526720047,0,0.2658908069133758,0,0.058020681142807,0,0.1822169870138168
0,0.3971200287342071,0,0.2519839406013489,0,0.5727147459983826,0,0.2932983636856079
0,0.1178567484021186,0,0.0391875468194484,0,0.0444506295025348,0,0.0799964442849159
0,0.0518555380403995,0,0.047519352287054,0,0.0668126940727233,0,0.0078782681375741
0,0.5084171891212463,0,0.3147444128990173,0,0.0763895139098167,0,0.0585862547159194
0,0.012856725603342,0,0.0241634640842676,0,0.012947179377079,0,0.0245505068451166
0,0.0089931301772594,0,0.0350536443293094,0,0.0088038407266139,0,0.004693177063018
0,0.0064834062941372,0,0.0415837951004505,0,0.0224733687937259,0,0.0167947877198457
0,0.0016195302596315,0,0.0198310893028974,0,0.0040244115516543,0,0.0039977310225367
0,0.0053711822256445,0,0.3718417286872864,0,0.0183792449533939,0,0.1009331941604614
0,0.0063508292660117,0,0.2167766392230987,0,0.0058045787736773,0,0.0089698461815714
0,0.0135125005617737,0,0.008491993881762,0,0.057655032724142,0,0.0200281105935573
0,0.045653436332941,0,0.5868699550628662,0,0.1939521580934524,0,0.0943079516291618
0,0.0765074640512466,0,0.476782888174057,0,0.2182475924491882,0,0.2561154663562774
0,0.2054916471242904,0,0.5475890040397644,0,0.5250067710876465,0,0.1562217324972152
0,0.4435293972492218,0,0.411082774400711,0,0.3286097347736358,0,0.3291353583335876
0,0.6254504323005676,0,0.4179089665412903,0,0.4428871273994446,0,0.4585586488246918
0,0.1539169996976852,0,0.0189325213432312,0,0.0289217792451381,0,0.0138969030231237
0,0.0004767698701471,0,0.0243836231529712,0,0.0010922455694526,0,0.0027384222485125
0,0.0129613783210515,0,0.0241867918521165,0,0.008616117760539,0,0.0071674254722893
0,0.0052457842975854,0,0.0230433326214551,0,0.0021186035592108,0,0.0064447461627423
0,0.0006236705812625,0,0.023994592949748,0,0.0013657307717949,0,0.0035542650148272
0,0.1083751544356346,0,0.1205003261566162,0,0.0738757848739624,0,0.0321369506418705
0,0.0031884356867522,0,0.021241595968604,0,0.0046381461434066,0,0.0032637554686516
0,0.0005840642843395,0,0.0235072150826454,0,0.0010007980745285,0,0.0026766911614686
0,0.2876447737216949,0,0.2702557146549225,0,0.1078063398599624,0,0.050933614373207
0,0.0018175271106883,0,0.0474661700427532,0,0.0166803710162639,0,0.0068388138897717
0,0.0025405599735677,0,0.0580799132585525,0,0.0022619641385972,0,0.003035687142983
0,0.0355649255216121,0,0.1150738075375557,0,0.1334938704967498,0,0.010388633236289
0,0.0523075945675373,0,0.105557881295681,0,0.0414964742958545,0,0.0207537021487951
0,0.298046201467514,0,0.3918929398059845,0,0.384482204914093,0,0.2686301469802856
0,0.2817634344100952,0,0.2872225642204284,0,0.077042706310749,0,0.2308096885681152
0,0.6382337808609009,0,0.1908135414123535,0,0.6536113619804382,0,0.1335879564285278
0,0.0244988445192575,0,0.220852255821228,0,0.006430484354496,0,0.0329091623425483
0,0.0110885882750153,0,0.4382921159267425,0,0.0156351923942565,0,0.1515409499406814
0,0.0023202984593808,0,0.0768330469727516,0,0.0078346254304051,0,0.0065675736404955
0,0.0146416034549474,0,0.0176878590136766,0,0.1250137537717819,0,0.0034183056559413
0,0.0099455509334802,0,0.0461342968046665,0,0.0026264351326972,0,0.0048507074825465
0,0.047024916857481,0,0.016729149967432,0,0.026544252410531,0,0.0110124638304114
0,0.0032498245127499,0,0.0264050345867872,0,0.0059431050904095,0,0.0048190965317189
0,0.0082236817106604,0,0.0937428399920463,0,0.0088670626282691,0,0.0119280805811285
0,0.00198440765962,0,0.0180595926940441,0,0.0016997787170112,0,0.0022965513635426
0,0.029011258855462,0,0.0832362920045852,0,0.0033882304560393,0,0.0295192152261734
0,0.0501229725778102,0,0.1454950869083404,0,0.0049224244430661,0,0.0359415784478187
0,0.158383309841156,0,0.6443310379981995,0,0.7438756823539734,0,0.3880444467067718
0,0.7352725863456726,0,0.4324561655521393,0,0.635259211063385,0,0.6427819728851318
0,0.1842781752347946,0,0.239526480436325,0,0.1300800889730453,0,0.098288357257843
0,0.0214703846722841,0,0.0319294743239879,0,0.0047084367834031,0,0.0252204351127147
0,0.4322369396686554,0,0.2997521758079529,0,0.1641747802495956,0,0.176399752497673
0,0.1166929230093956,0,0.1619706600904464,0,0.0264843795448541,0,0.0949989259243011
0,0.6004876494407654,0,0.2654892802238464,0,0.1703839898109436,0,0.0750791057944297
0,0.0029814352747052,0,0.0131169632077217,0,0.0035599116235971,0,0.0023402539081871
0,0.0559902787208557,0,0.0754285454750061,0,0.194970041513443,0,0.0129092149436473
0,0.0016007220838218,0,0.0116626909002661,0,0.001775613753125,0,0.0028425571508705
0,0.1050852686166763,0,0.074001170694828,0,0.1620634794235229,0,0.0134434681385755
0,0.0166767016053199,0,0.0351555608212947,0,0.0063692415133118,0,0.0205181706696748
0,0.0012460522120818,0,0.0118973460048437,0,0.0012882425216957,0,0.0018914856482297
0,0.0153641290962696,0,0.0781230032444,0,0.186451718211174,0,0.0109548540785908
0,0.0078888712450861,0,0.0227801967412233,0,0.0036136447452008,0,0.0066479300148785
0,0.0780240893363952,0,0.0613294169306755,0,0.0323911979794502,0,0.0085405269637703
0,0.0243756603449583,0,0.0709275752305984,0,0.0344614796340465,0,0.0112545164301991
0,0.0055519752204418,0,0.0236665047705173,0,0.0470694378018379,0,0.0199310090392828
0,0.0050858799368143,0,0.0240883901715278,0,0.0055018956772983,0,0.0046602096408605
0,0.0113997738808393,0,0.0305297523736953,0,0.021322825923562,0,0.0203219074755907
0,0.0036212760023772,0,0.019602196291089,0,0.0030060531571507,0,0.0033593995030969
0,0.0188760180026292,0,0.0536269657313823,0,0.0804771110415458,0,0.0234819911420345
0,0.007278598845005,0,0.035435501486063,0,0.003368875477463,0,0.0113606210798025
0,0.1430463790893554,0,0.3693902492523193,0,0.2871077060699463,0,0.3269350230693817
0,0.0044206213206052,0,0.0305629950016737,0,0.0028476756997406,0,0.0100527051836252
0,0.0977968797087669,0,0.1363065093755722,0,0.1316278278827667,0,0.2155200093984604
0,0.0032828224357217,0,0.0244596879929304,0,0.0019157879287377,0,0.007551142014563
0,0.200680211186409,0,0.2615202367305755,0,0.3265811800956726,0,0.3841790854930877
0,0.707746148109436,0,0.6671533584594727,0,0.8621749877929688,0,0.6473907828330994
0,0.0057960823178291,0,0.031966432929039,0,0.0380796417593956,0,0.0088736312463879
0,0.0010752379894256,0,0.0406648367643356,0,0.0012382976710796,0,0.0011336888419464
0,0.0012825478333979,0,0.0295210666954517,0,0.0017615660326555,0,0.0012628230033442
0,0.0003382957947906,0,0.0913709998130798,0,0.0014160663122311,0,0.0023944254498928
0,0.0011746695963665,0,0.1048948913812637,0,0.0017381383804604,0,0.0121365087106823
