fold_1_labels,fold_1_predictions,fold_2_labels,fold_2_predictions,fold_3_labels,fold_3_predictions,fold_4_labels,fold_4_predictions
1,0.0411691851913929,1,0.0671470537781715,1,0.5303491950035095,1,0.5358447432518005
1,0.8612449169158936,1,0.9776924252510072,1,0.8273250460624695,1,0.7942377328872681
1,0.1331808418035507,1,0.2958675622940063,1,0.2055697292089462,1,0.3982451558113098
1,0.2487576901912689,1,0.0470126010477542,1,0.014609407633543,1,0.1664320081472396
1,0.4123962819576263,1,0.1601535677909851,1,0.2620616853237152,1,0.2395669966936111
1,0.8515427112579346,1,0.6019457578659058,1,0.2996717989444732,1,0.1638671606779098
1,0.4809602797031402,1,0.4963158369064331,1,0.2926665842533111,1,0.4459198713302612
1,0.2465886622667312,1,0.7400380969047546,1,0.8729893565177917,1,0.6370518207550049
1,0.7074775695800781,1,0.2699746191501617,1,0.6357865929603577,1,0.3545170724391937
1,0.7702307105064392,1,0.6787866950035095,1,0.5201072692871094,1,0.3516533672809601
1,0.7381942868232727,1,0.2061938047409057,1,0.0272213127464056,1,0.295287549495697
1,0.3260033726692199,1,0.7796312570571899,1,0.9658726453781128,1,0.8405305743217468
1,0.0952850729227066,1,0.4502153694629669,1,0.0706254318356514,1,0.8424713015556335
1,0.0010785465128719,1,0.0030012496281415,1,0.0369905866682529,1,0.0051764114759862
1,0.3630469441413879,1,0.4704343378543854,1,0.8563470840454102,1,0.3397615551948547
1,0.5048102736473083,1,0.527533233165741,1,0.6279096603393555,1,0.3716636300086975
1,0.9761865139007568,1,0.7208840847015381,1,0.9505778551101683,1,0.9448425769805908
1,0.1450305730104446,1,0.0124978655949234,1,0.126420184969902,1,0.2395962327718734
1,0.7234589457511902,1,0.3083541095256805,1,0.9682738780975342,1,0.7456991076469421
1,0.0389573387801647,1,0.0274526830762624,1,0.6979554295539856,1,0.2179347425699234
1,0.3137872517108917,1,0.0046906857751309,1,0.8046576380729675,1,0.2065342366695404
0,0.2064393758773803,0,0.0170434955507516,0,0.0185794662684202,0,0.0181018449366092
0,0.001634701504372,0,0.0042896070517599,0,0.0018826895393431,0,0.0079411715269088
0,0.050608042627573,0,0.0148583520203828,0,0.0130980797111988,0,0.0179769154638052
0,0.0027114409022033,0,0.0036548906937241,0,0.0057961344718933,0,0.0103509780019521
0,0.0355627089738845,0,0.034988734871149,0,0.0280752889811992,0,0.0288040284067392
0,0.0025596444029361,0,0.0025736389216035,0,0.0031085130758583,0,0.0073002236895263
0,0.0426321513950824,0,0.0144727025181055,0,0.0115453712642192,0,0.0309969652444124
0,0.0151020409539341,0,0.0078780744224786,0,0.012952409684658,0,0.3432577252388
0,0.0292175002396106,0,0.0198052078485488,0,0.074185162782669,0,0.5871930122375488
0,0.0519266165792942,0,0.0046484377235174,0,0.0089733013883233,0,0.0412651896476745
0,0.0013354568509384,0,0.0190924145281314,0,0.0076883677393198,0,0.0112336976453661
0,0.0019377392018213,0,0.001437620492652,0,0.0050260764546692,0,0.0129615608602762
0,0.0229764189571142,0,0.0077851354144513,0,0.0055154613219201,0,0.0578759722411632
0,0.0023630147334188,0,0.001014809240587,0,0.0056678811088204,0,0.0176937580108642
0,0.031664103269577,0,0.9561123847961426,0,0.0165723767131567,0,0.0887929946184158
0,0.0463692247867584,0,0.058211825788021,0,0.0450937263667583,0,0.2157482057809829
0,0.0057532540522515,0,0.0082596288993954,0,0.0038542666006833,0,0.0097846752032637
0,0.0017283355118706,0,0.0123605020344257,0,0.0036365205887705,0,0.0088543193414807
0,0.0211784169077873,0,0.8910883069038391,0,0.0097943916916847,0,0.0472406856715679
0,0.0299123357981443,0,0.0333394967019557,0,0.0093558505177497,0,0.0521669387817382
0,0.0210915151983499,0,0.2994759976863861,0,0.0235472824424505,0,0.0618386939167976
0,0.072815403342247,0,0.0280941147357225,0,0.0296776909381151,0,0.6159350872039795
0,0.0204141028225421,0,0.0208804029971361,0,0.0103174457326531,0,0.2359672635793686
0,0.0043402938172221,0,0.4556710124015808,0,0.0346024222671985,0,0.1896172910928726
0,0.4568323493003845,0,0.8228996992111206,0,0.5558956265449524,0,0.3147195279598236
0,0.2729710638523102,0,0.3356174528598785,0,0.5890640616416931,0,0.4495095908641815
0,0.0360821112990379,0,0.0919228866696357,0,0.0087433792650699,0,0.0552218332886695
0,0.1566367596387863,0,0.0373197272419929,0,0.0616417378187179,0,0.2082759141921997
0,0.3580599427223205,0,0.6140915751457214,0,0.451246052980423,0,0.2816216349601745
0,0.2018760740756988,0,0.5226956605911255,0,0.7815990447998047,0,0.2884659469127655
0,0.0410523079335689,0,0.0779523253440857,0,0.0785723254084587,0,0.1739975810050964
0,0.1071191728115081,0,0.0087088197469711,0,0.003005988895893,0,0.0701523870229721
0,0.4563008844852447,0,0.7696803212165833,0,0.3815340399742126,0,0.2679081559181213
0,0.2852334678173065,0,0.6624993681907654,0,0.7719267010688782,0,0.5122998356819153
0,0.0178866777569055,0,0.0453737452626228,0,0.0296447034925222,0,0.0384817980229854
0,0.0167517941445112,0,0.0134077072143554,0,0.0508804768323898,0,0.0641612038016319
0,0.0453222021460533,0,0.0067258267663419,0,0.0235432628542184,0,0.0494854934513568
0,0.0044850874692201,0,0.0071122371591627,0,0.0251471009105443,0,0.0111195482313632
0,0.0925775021314621,0,0.032627560198307,0,0.042063508182764,0,0.0506392940878868
0,0.0502495765686035,0,0.1088932603597641,0,0.31048384308815,0,0.2953488528728485
0,0.0203533787280321,0,0.0028944623190909,0,0.0106667065992951,0,0.0190866701304912
0,0.0101833380758762,0,0.0029897228814661,0,0.011466515250504,0,0.0270262155681848
0,0.0030093633104115,0,0.0062980586662888,0,0.0005397833301685,0,0.0136866001412272
0,0.01878940500319,0,0.0022224667482078,0,0.0177019145339727,0,0.010072018019855
0,0.0220582541078329,0,0.0161279458552598,0,0.0056543592363595,0,0.334413081407547
0,0.0067060673609375,0,0.0144261065870523,0,0.0178117044270038,0,0.0287585388869047
0,0.005209763534367,0,0.0091293202713131,0,0.0193225611001253,0,0.0289032962173223
0,0.06333589553833,0,0.0408834777772426,0,0.1653685420751571,0,0.093032531440258
0,0.6129258275032043,0,0.8021878004074097,0,0.4637702107429504,0,0.7411351799964905
0,0.0351536273956298,0,0.0050927051343023,0,0.0030331639572978,0,0.033184215426445
0,0.0528739988803863,0,0.010517943650484,0,0.0029228338971734,0,0.0159280952066183
0,0.6617138981819153,0,0.8928713202476501,0,0.9473400712013244,0,0.6307858824729919
0,0.0037304053548723,0,0.0049017081037163,0,0.0007825125358067,0,0.0209278687834739
0,0.0021896751131862,0,0.0012379650725051,0,0.0014199607539922,0,0.0314913876354694
0,0.01504164095968,0,0.0052969376556575,0,0.0047609331086277,0,0.1739966124296188
0,0.0066438438370823,0,0.007795728277415,0,0.0014353659935295,0,0.0237562675029039
0,0.0020631067454814,0,0.0010706995381042,0,0.0014456144999712,0,0.0143306916579604
0,0.0083993840962648,0,0.004444611724466,0,0.0026977474335581,0,0.0850271433591842
0,0.0064034876413643,0,0.0055590067058801,0,0.0010570830199867,0,0.0249246321618556
0,0.0016434430144727,0,0.0009662049706093,0,0.003152793738991,0,0.0360122695565223
0,0.0100127095356583,0,0.0417872592806816,0,0.0061526391655206,0,0.0799836963415145
0,0.0908064842224121,0,0.0066915699280798,0,0.0135694937780499,0,0.4536001980304718
0,0.0009533941047266,0,0.0031781452707946,0,0.0089598903432488,0,0.0152081623673439
0,0.0028592164162546,0,0.0033039811532944,0,0.0097670601680874,0,0.0084249507635831
0,0.0120731582865118,0,0.0117671471089124,0,0.0040236017666757,0,0.0229461695998907
0,0.0012341024121269,0,0.0048053422942757,0,0.0037967474199831,0,0.0046615833416581
0,0.0009953826665878,0,0.0048267957754433,0,0.002153948880732,0,0.0060967621393501
0,0.0011951603228226,0,0.0047625331208109,0,0.0027217229362577,0,0.0097879469394683
0,0.0396833010017871,0,0.0042779282666742,0,0.0202185846865177,0,0.0444841682910919
0,0.0288516264408826,0,0.0026479254011064,0,0.0365589521825313,0,0.0332984216511249
0,0.3251461982727051,0,0.2779956459999084,0,0.2510002255439758,0,0.6886441111564636
0,0.2984296083450317,0,0.1337732076644897,0,0.0342258177697658,0,0.6115716695785522
0,0.1816754937171936,0,0.3883625566959381,0,0.2623170912265777,0,0.335117369890213
0,0.0104804290458559,0,0.0089993281289935,0,0.010094697587192,0,0.0100892484188079
0,0.0142290787771344,0,0.0034946214873343,0,0.0109019475057721,0,0.0131882615387439
0,0.0589030273258686,0,0.0019127421546727,0,0.006434385664761,0,0.0349279902875423
0,0.1241723299026489,0,0.833349347114563,0,0.1338351219892501,0,0.1086269244551658
0,0.0060016438364982,0,0.0226075630635023,0,0.0182160213589668,0,0.2112624496221542
0,0.0037619685754179,0,0.0011632174719125,0,0.0199438072741031,0,0.0125175062566995
0,0.0099243884906172,0,0.0105822756886482,0,0.0596201047301292,0,0.456004798412323
0,0.0262213144451379,0,0.0222073122859001,0,0.0069693867117166,0,0.020915562286973
0,0.002577194944024,0,0.0017882143147289,0,0.0976160317659378,0,0.0801080167293548
0,0.0318766571581363,0,0.0275260582566261,0,0.0099744731560349,0,0.0193067081272602
0,0.0020342622883617,0,0.0013597244396805,0,0.017536524683237,0,0.0020864873658865
0,0.0018531440291553,0,0.0019716029055416,0,0.0175252314656972,0,0.2363360971212387
0,0.0044828122481703,0,0.0021735024638473,0,0.2596946656703949,0,0.015464031137526
0,0.0398804731667041,0,0.0307573936879634,0,0.0096722990274429,0,0.0390337817370891
0,0.0134116495028138,0,0.002969226334244,0,0.0029620386194437,0,0.0123243825510144
0,0.0148968510329723,0,0.2379272282123565,0,0.1995593309402465,0,0.4143073260784149
0,0.6574369668960571,0,0.041824072599411,0,0.1159923672676086,0,0.0882999971508979
0,0.2958861291408539,0,0.6270249485969543,0,0.4725808501243591,0,0.4545569717884063
0,0.3640122413635254,0,0.0392254739999771,0,0.1223628222942352,0,0.0762334391474723
0,0.2488250136375427,0,0.0277733728289604,0,0.0931267067790031,0,0.2521759867668152
0,0.2053194791078567,0,0.0248287599533796,0,0.0983054563403129,0,0.1705215275287628
0,0.0389567762613296,0,0.0052137831225991,0,0.0031386900227516,0,0.0164287723600864
0,0.0438851490616798,0,0.1015461608767509,0,0.2388505488634109,0,0.786773681640625
0,0.0380730889737606,0,0.0172781310975551,0,0.4213414490222931,0,0.3216961920261383
0,0.0183371603488922,0,0.0142003074288368,0,0.4022111892700195,0,0.6255166530609131
0,0.0769006311893463,0,0.0252227690070867,0,0.0692824199795723,0,0.0328557752072811
0,0.0333664938807487,0,0.0202996917068958,0,0.0069474163465201,0,0.3276619017124176
0,0.0252410173416137,0,0.0050775716081261,0,0.0053436108864843,0,0.0069713704288005
0,0.0095685059204697,0,0.0022969280835241,0,0.0069540976546704,0,0.1410750746726989
0,0.0424677208065986,0,0.0018508161883801,0,0.019539751112461,0,0.5303038358688354
0,0.178856149315834,0,0.0105594033375382,0,0.1024906411767005,0,0.010856295004487
0,0.0037521896883845,0,0.0049594463780522,0,0.0092658596113324,0,0.0196128617972135
0,0.1822051852941513,0,0.000737284135539,0,0.0610329359769821,0,0.0010715266689658
0,0.0115294866263866,0,0.044106438755989,0,0.059391651302576,0,0.0762296840548515
0,0.005597033072263,0,0.0025123057421296,0,0.0501967668533325,0,0.0217848196625709
0,0.0078109209425747,0,0.0105816461145877,0,0.0781153589487075,0,0.0083086397498846
0,0.0006450797081924,0,0.001251968787983,0,0.0007542507373727,0,0.0081275636330246
0,0.000464945071144,0,0.0009910794906318,0,0.0004235971427988,0,0.0089521361514925
0,0.0002693915448617,0,0.0009072496904991,0,0.0009047234198078,0,0.0156089719384908
0,0.0005617311690002,0,0.0010357362916693,0,0.0003641869407147,0,0.0086925532668828
0,0.0003344507131259,0,0.0010606044670566,0,0.0010436001466587,0,0.0103315124288201
0,0.6262145042419434,0,0.2624312043190002,0,0.0382070876657962,0,0.0798380896449089
0,0.0285806804895401,0,0.0064928508363664,0,0.0362000465393066,0,0.0219408106058836
0,0.0037162422668188,0,0.0040982104837894,0,0.0090411165729165,0,0.0066144154407083
0,0.0036017952952533,0,0.0090625025331974,0,0.0116601735353469,0,0.0268718488514423
0,0.016085522249341,0,0.0029055410996079,0,0.0091124959290027,0,0.0083849169313907
0,0.0192976202815771,0,0.0071579273790121,0,0.0102140959352254,0,0.0437547303736209
0,0.002582079032436,0,0.0062566981650888,0,0.0056701553985476,0,0.0396764948964118
0,0.0025444126222282,0,0.0033246409147977,0,0.0021652840077877,0,0.0145612368360161
0,0.3338020443916321,0,0.0144529389217495,0,0.0255180075764656,0,0.0904826745390892
0,0.0014193936949595,0,0.0066283820196986,0,0.000482965959236,0,0.0097669968381524
0,0.0042177205905318,0,0.030605936422944,0,0.0063819377683103,0,0.0085666002705693
0,0.0060831997543573,0,0.0055270493030548,0,0.000755188986659,0,0.1107663288712501
0,0.006088419817388,0,0.0014767730608582,0,0.0008967043249867,0,0.0161483883857727
0,0.0272798053920269,0,0.0036855989601463,0,0.0028496426530182,0,0.0068436837755143
0,0.0013242175336927,0,0.0036680679768323,0,0.0005825284169986,0,0.0091132232919335
0,0.0029842602089047,0,0.0416177026927471,0,0.006745436694473,0,0.0094538843259215
0,0.0040726009756326,0,0.0040190238505601,0,0.0008356243488378,0,0.062495119869709
0,0.0493506342172622,0,0.0507405847311019,0,0.1425512731075287,0,0.0445724688470363
0,0.3020452260971069,0,0.6557446122169495,0,0.2638825476169586,0,0.2161518633365631
0,0.1786688417196273,0,0.0420991778373718,0,0.1527425348758697,0,0.2570923864841461
0,0.0176472477614879,0,0.0263175703585147,0,0.0012440261198207,0,0.066115416586399
0,0.1046629026532173,0,0.0077438214793801,0,0.0021431737113744,0,0.0460232645273208
0,0.0252542309463024,0,0.0762889832258224,0,0.035455398261547,0,0.1886649131774902
0,0.0687209293246269,0,0.0470613650977611,0,0.1627395302057266,0,0.1442828178405761
0,0.0858960673213005,0,0.0019029775867238,0,0.0905090868473053,0,0.0026253834366798
0,0.0031109184492379,0,0.0331502296030521,0,0.0051901242695748,0,0.4314930140972137
0,0.0106045249849557,0,0.0792371928691864,0,0.0013395712012425,0,0.0897950679063797
0,0.0047531109303236,0,0.0125996395945549,0,0.0078345136716961,0,0.1352249383926391
0,0.0103618716821074,0,0.0180309787392616,0,0.0871031209826469,0,0.0930276289582252
0,0.4246581196784973,0,0.0134702073410153,0,0.0017077642260119,0,0.0156471822410821
0,0.0110441884025931,0,0.0101947104558348,0,0.0150791984051465,0,0.0140790604054927
0,0.3142223358154297,0,0.0040048439987003,0,0.0223582535982131,0,0.2829870879650116
0,0.1213565841317176,0,0.3976484835147857,0,0.504919171333313,0,0.3952796757221222
0,0.0014356927713379,0,0.0015337537042796,0,0.0011943306308239,0,0.1339382082223892
0,0.0321533679962158,0,0.0170687511563301,0,0.0495697781443595,0,0.0180816501379013
0,0.0039587980136275,0,0.0038120686076581,0,0.002148286672309,0,0.0294399932026863
0,0.0010611133184283,0,0.001424963469617,0,0.0017852128949016,0,0.0287656299769878
0,0.2947410047054291,0,0.5456758737564087,0,0.0215532016009092,0,0.4273522198200226
0,0.5766125917434692,0,0.3773622214794159,0,0.0162689741700887,0,0.5460711717605591
0,0.5942283272743225,0,0.3704175651073456,0,0.0078976955264806,0,0.7024890184402466
0,0.0074751693755388,0,0.0064511764794588,0,0.0066024856641888,0,0.0316252931952476
0,0.0090251909568905,0,0.0048660892061889,0,0.0046809180639684,0,0.0473747178912162
0,0.0046629155986011,0,0.0027102809399366,0,0.0045057502575218,0,0.0336758829653263
0,0.0818553790450096,0,0.1540789604187011,0,0.2723801732063293,0,0.4758560955524444
0,0.0010787853971123,0,0.0054631098173558,0,0.0005329737905412,0,0.0041368938982486
0,0.0317779034376144,0,0.0051122419536113,0,0.0011526533635333,0,0.011800224892795
0,0.0021952812094241,0,0.0010668833274394,0,0.000728782673832,0,0.002921272534877
0,0.0102940956130623,0,0.0093715079128742,0,0.000876564939972,0,0.0048305448144674
0,0.0042946306057274,0,0.0040069939568638,0,0.0007328988867811,0,0.0021732200402766
0,0.0164779480546712,0,0.0039726998656988,0,0.0027329442091286,0,0.0110658127814531
0,0.0020406430121511,0,0.0066947117447853,0,0.0009934831177815,0,0.0081679066643118
0,0.000615760567598,0,0.0020664315670728,0,0.0009114649728871,0,0.0009224244859069
0,0.0013366974890232,0,0.0018308876315131,0,0.0015661311335861,0,0.0031689465977251
0,0.3341348469257355,0,0.3065139055252075,0,0.4561241865158081,0,0.1422563046216964
0,0.0936977565288543,0,0.0091349249705672,0,0.0551801025867462,0,0.0846036970615387
0,0.2274748980998993,0,0.5642819404602051,0,0.1372667253017425,0,0.2025236338376999
0,0.2198482304811477,0,0.0683195441961288,0,0.0261332970112562,0,0.1971984952688217
0,0.126724436879158,0,0.001867878017947,0,0.001641840673983,0,0.0031136095058172
0,0.1410555094480514,0,0.0020918974187225,0,0.1096606403589248,0,0.0253864619880914
0,0.3469614684581756,0,0.8978546857833862,0,0.4632076919078827,0,0.2149729281663894
0,0.0402678288519382,0,0.0277997702360153,0,0.0355373471975326,0,0.0467735044658184
0,0.2665308713912964,0,0.0160228684544563,0,0.0337105728685855,0,0.0718139931559562
0,0.4440019130706787,0,0.0369042865931987,0,0.0510891750454902,0,0.1442036479711532
0,0.0123865203931927,0,0.0056617255322635,0,0.0067112077958881,0,0.1923958361148834
0,0.0284041706472635,0,0.4589158296585083,0,0.014958563260734,0,0.2220649421215057
0,0.0114400554448366,0,0.0329864807426929,0,0.0220903772860765,0,0.2704532742500305
0,0.1828054636716842,0,0.0008807458798401,0,0.0068413368426263,0,0.0450127348303794
0,0.2546137571334839,0,0.0013370113447308,0,0.0119908945634961,0,0.0281980577856302
0,0.4829625785350799,0,0.0007731004734523,0,0.0088554201647639,0,0.0307238101959228
0,0.0014067810261622,0,0.0061046085320413,0,0.0185677036643028,0,0.0201243441551923
0,0.1361527740955352,0,0.0367764085531234,0,0.3221682012081146,0,0.047882329672575
0,0.0154445506632328,0,0.0061185141094028,0,0.0060969875194132,0,0.0588837340474128
0,0.0027713265735656,0,0.0070742978714406,0,0.0013298930134624,0,0.0099440263584256
0,0.0090620014816522,0,0.0067689814604818,0,0.0019764681346714,0,0.232998251914978
0,0.2987135052680969,0,0.0274668615311384,0,0.0087822461500763,0,0.0124820200726389
0,0.0049141370691359,0,0.0055881813168525,0,0.0022149179130792,0,0.0193585511296987
0,0.158437043428421,0,0.1037698239088058,0,0.0120093477889895,0,0.1238382682204246
0,0.0025598052889108,0,0.0060755377635359,0,0.0035241937730461,0,0.0250992607325315
0,0.0034091852139681,0,0.0072765671648085,0,0.0073542208410799,0,0.0256793424487113
0,0.002174446824938,0,0.0028946411330252,0,0.0054569062776863,0,0.0080167781561613
0,0.0029395448509603,0,0.0050232731737196,0,0.0049014734104275,0,0.0534333102405071
0,0.0087755490094423,0,0.0043185800313949,0,0.0187838282436132,0,0.0291496310383081
0,0.274613469839096,0,0.0100367981940507,0,0.0057133161462843,0,0.1068782210350036
0,0.5444616079330444,0,0.811331570148468,0,0.6277108788490295,0,0.6997431516647339
0,0.4650786221027374,0,0.7815200686454773,0,0.6625471115112305,0,0.6075273156166077
0,0.550420880317688,0,0.7119534015655518,0,0.5130063891410828,0,0.7023468017578125
0,0.0223882868885993,0,0.0136889172717928,0,0.0034136597532778,0,0.020155007019639
0,0.0815253406763076,0,0.0135961221531033,0,0.0087893893942236,0,0.02235365845263
0,0.1140409260988235,0,0.0362446084618568,0,0.0047328388318419,0,0.0592329427599906
0,0.013379038311541,0,0.0098926210775971,0,0.0031964336521923,0,0.0074313688091933
0,0.0044618914835155,0,0.0120348334312438,0,0.0458256937563419,0,0.0367368124425411
0,0.0026576484087854,0,0.0147516671568155,0,0.0366593450307846,0,0.0414554215967655
0,0.8210507035255432,0,0.9280449748039246,0,0.9439780116081238,0,0.5938514471054077
0,0.374780535697937,0,0.2800151407718658,0,0.4606798589229584,0,0.3941969871520996
0,0.0015665576793253,0,0.0082548772916197,0,0.0409873761236667,0,0.0936987921595573
0,0.0553818270564079,0,0.0038631081115454,0,0.004609830211848,0,0.11738221347332
0,0.1030050069093704,0,0.1064688116312027,0,0.0635039508342742,0,0.0410772152245044
0,0.0041702324524521,0,0.0027016310486942,0,0.001097684376873,0,0.0182153992354869
0,0.0079766595736145,0,0.0023718364536762,0,0.0020005381666123,0,0.0168796014040708
0,0.0006919485749676,0,0.0013119371142238,0,0.005511371884495,0,0.0038693065289407
0,0.0020194048993289,0,0.0027759876102209,0,0.0013900672784075,0,0.0291795004159212
0,0.0009269167203456,0,0.0010303304297849,0,0.0056392769329249,0,0.0058768494054675
0,0.00457952497527,0,0.003027826314792,0,0.0027127370703965,0,0.07528006285429
0,0.0063152206130325,0,0.0022790583316236,0,0.0011612738016992,0,0.0372430272400379
0,0.0019171541789546,0,0.0023906514979898,0,0.0048289196565747,0,0.0045175701379776
0,0.7332356572151184,0,0.1348960995674133,0,0.8300446271896362,0,0.8340750336647034
0,0.0070516155101358,0,0.0023193450178951,0,0.0090671498328447,0,0.0072633763775229
0,0.0006356221274472,0,0.002332866191864,0,0.0010262775467708,0,0.0065583628602325
0,0.0152020221576094,0,0.010919164866209,0,0.0036303785163909,0,0.0135005563497543
0,0.0098396763205528,0,0.0111766867339611,0,0.0035219772253185,0,0.0117750288918614
0,0.0145212346687912,0,0.0073248757980763,0,0.003095642896369,0,0.0165209546685218
1,0.3059222102165222,1,0.9327953457832336,1,0.4957623183727264,1,0.6760048270225525
1,0.0578084029257297,1,0.563324511051178,1,0.5045525431632996,1,0.916214406490326
1,0.0663003027439117,1,0.0560063757002353,1,0.1487872451543808,1,0.7280409932136536
1,0.1513892263174057,1,0.0226005595177412,1,0.0971108973026275,1,0.4881863594055176
1,0.0804220810532569,1,0.054423239082098,1,0.0909569561481475,1,0.3380873203277588
1,0.8549659848213196,1,0.7194786071777344,1,0.9195541739463806,1,0.5410141944885254
1,0.9051241278648376,1,0.9913244247436525,1,0.9959384202957152,1,0.8547899127006531
1,0.0013593774056062,1,0.0047212522476911,1,0.011272975243628,1,0.0123639898374676
1,0.0033543491736054,1,0.008896630257368,1,0.0434607826173305,1,0.0264892801642417
1,0.005992644932121,1,0.0253778789192438,1,0.1627099514007568,1,0.1929721981287002
1,0.043475717306137,1,0.0192950386554002,1,0.0089825931936502,1,0.6435216665267944
1,0.0977955088019371,1,0.0065653068013489,1,0.8912385106086731,1,0.3021016120910644
1,0.637880802154541,1,0.0625080466270446,1,0.0119976811110973,1,0.0869398936629295
1,0.3136044144630432,1,0.0136187803000211,1,0.1920325607061386,1,0.1922681778669357
1,0.5697978734970093,1,0.0683699697256088,1,0.2405011802911758,1,0.8152368664741516
1,0.0047674309462308,1,0.0272373594343662,1,0.0009708969155326,1,0.2360019981861114
1,0.0073322299867868,1,0.0113401440903544,1,0.0015060353325679,1,0.6683782935142517
1,0.1989474892616272,1,0.0006002059089951,1,0.1569776684045791,1,0.0063327131792902
1,0.5847254395484924,1,0.1724242717027664,1,0.1626918017864227,1,0.6683573722839355
1,0.3438370525836944,1,0.3942962288856506,1,0.4031288027763366,1,0.1534774601459503
1,0.3400686383247375,1,0.9526216387748718,1,0.6804963946342468,1,0.379947304725647
1,0.6138749122619629,1,0.9852697253227234,1,0.9236864447593688,1,0.6700848937034607
1,0.4876834452152252,1,0.9644775390625,1,0.7884738445281982,1,0.7821560502052307
1,0.3977912068367004,1,0.0174463018774986,1,0.8486536741256714,1,0.694765031337738
1,0.5388873219490051,1,0.0702898129820823,1,0.7671321630477905,1,0.5256885290145874
1,0.2589241862297058,1,0.4244807064533233,1,0.8080480694770813,1,0.713628888130188
0,0.0281762387603521,0,0.4396491944789886,0,0.3900171816349029,0,0.1127469316124916
0,0.0160365719348192,0,0.2473635971546173,0,0.0686960518360138,0,0.1782729625701904
0,0.1560132354497909,0,0.0004983631661161,0,0.0135728828608989,0,0.0349227041006088
0,0.0040114782750606,0,0.0028414449188858,0,0.0025821994058787,0,0.0132881458848714
0,0.0015428316546604,0,0.0047750477679073,0,0.0018904695753008,0,0.0076375324279069
0,0.704711377620697,0,0.1647191196680069,0,0.8642202019691467,0,0.1002987101674079
0,0.0111048817634582,0,0.0027473305817693,0,0.1730518639087677,0,0.0225379131734371
0,0.0038286538328975,0,0.00294636702165,0,0.0009677325142547,0,0.0108523424714803
0,0.7166897654533386,0,0.0136240841820836,0,0.7561966180801392,0,0.0675029754638671
0,0.2195068001747131,0,0.0049551799893379,0,0.0019065665546804,0,0.0587154515087604
0,0.0068302014842629,0,0.0016976566985249,0,0.0414545126259326,0,0.0434917472302913
0,0.005149798002094,0,0.0078299641609191,0,0.0021766391582787,0,0.0676435679197311
0,0.1793545335531234,0,0.0233373809605836,0,0.017909400165081,0,0.1555714309215545
0,0.1362276077270507,0,0.6975541114807129,0,0.7775001525878906,0,0.6277852058410645
0,0.0018403882859274,0,0.0034697540104389,0,0.0160091537982225,0,0.0124384555965662
0,0.0058964882045984,0,0.0086584333330392,0,0.0074631897732615,0,0.012688553892076
0,0.1321712732315063,0,0.0036556217819452,0,0.4541579484939575,0,0.1778042465448379
0,0.0012917601270601,0,0.0181487444788217,0,0.0032468491699546,0,0.1566563248634338
0,0.0045047006569802,0,0.0360081568360328,0,0.003714422462508,0,0.1713791787624359
0,0.0459312833845615,0,0.2312024682760238,0,0.0340236350893974,0,0.571452796459198
0,0.0091890124604105,0,0.0240235608071088,0,0.0010378352599218,0,0.0383660830557346
0,0.0635239481925964,0,0.1443982571363449,0,0.1549848616123199,0,0.1970930844545364
0,0.0205589216202497,0,0.0185717046260833,0,0.4498026371002197,0,0.6120650172233582
0,0.0135152013972401,0,0.0016451502451673,0,0.0243211854249238,0,0.006506469566375
0,0.0021677848417311,0,0.0064547955989837,0,0.0015689700376242,0,0.0119571201503276
0,0.0039281984791159,0,0.0062324907630681,0,0.0035454605240374,0,0.1166189759969711
0,0.0063498485833406,0,0.001719519495964,0,0.0065417429432272,0,0.0105662709102034
0,0.0025501761119812,0,0.0064125470817089,0,0.0014578396221622,0,0.0078121656551957
0,0.0023097456432878,0,0.0070535885170102,0,0.0013503959635272,0,0.0165221933275461
0,0.0170876812189817,0,0.0024748127907514,0,0.0102449022233486,0,0.0406924746930599
0,0.5112243890762329,0,0.1956376433372497,0,0.4265053272247314,0,0.5107389092445374
0,0.3098468482494354,0,0.5286858677864075,0,0.7438943982124329,0,0.5949981808662415
0,0.7764069437980652,0,0.1501912623643875,0,0.7842478156089783,0,0.7292639017105103
0,0.0516526326537132,0,0.4378098845481872,0,0.1541737765073776,0,0.2916236817836761
0,0.048632975667715,0,0.0633115321397781,0,0.2174578309059143,0,0.1742965281009674
0,0.1454732567071914,0,0.940072774887085,0,0.9005350470542908,0,0.5013877153396606
0,0.0246184952557086,0,0.0049257720820605,0,0.0074070757254958,0,0.0145676555112004
0,0.0050059356726706,0,0.0106434542685747,0,0.0010134406620636,0,0.1366012394428253
0,0.0017764760414138,0,0.0033369339071214,0,0.0123370708897709,0,0.1308601349592209
0,0.0107318507507443,0,0.0120659209787845,0,0.0017063404666259,0,0.2641859948635101
0,0.0259714499115943,0,0.0004155490023549,0,0.004688462242484,0,0.0033053585793823
0,0.0053460216149687,0,0.0133942533284425,0,0.000602287822403,0,0.444864273071289
0,0.00187142950017,0,0.0028195837512612,0,0.0391076207160949,0,0.0581222921609878
0,0.0239655151963233,0,0.0140644274652004,0,0.0022133358288556,0,0.012944838963449
0,0.0010444575455039,0,0.0042029502801597,0,0.0019923103973269,0,0.0014015744673088
0,0.002212734427303,0,0.0334543362259864,0,0.0066080018877983,0,0.0094512868672609
0,0.0091450214385986,0,0.1371318995952606,0,0.0375802293419837,0,0.0652345120906829
0,0.0029903755057603,0,0.0064167901873588,0,0.0154473865404725,0,0.0435663610696792
0,0.0257804207503795,0,0.0064258957281708,0,0.0199543517082929,0,0.0266645643860101
0,0.0030824830755591,0,0.0046434588730335,0,0.0193885993212461,0,0.0805609375238418
0,0.0419444106519222,0,0.0060403747484087,0,0.0085344882681965,0,0.0424276962876319
0,0.0401402935385704,0,0.0047892997972667,0,0.011941154487431,0,0.0475506372749805
0,0.0009122568881139,0,0.0064487322233617,0,0.0153770763427019,0,0.058828480541706
0,0.0065318406559526,0,0.0068240002728998,0,0.0136818690225481,0,0.1926563680171966
0,0.008888847194612,0,0.0029406966641545,0,0.0165780745446681,0,0.0492707528173923
0,0.0087051438167691,0,0.0022543866652995,0,0.0690829753875732,0,0.0374380946159362
0,0.0005217740545049,0,0.0009979526512324,0,0.0024530151858925,0,0.0050608315505087
0,0.1747068911790847,0,0.0172345302999019,0,0.2501988708972931,0,0.9364921450614928
0,0.014329282566905,0,0.0089176064357161,0,0.0057157683186233,0,0.0116645321249961
0,0.0360976867377758,0,0.0155145619064569,0,0.0365506783127784,0,0.1337126195430755
0,0.0770127475261688,0,0.0100713241845369,0,0.0668812245130539,0,0.0697114989161491
0,0.0038198141846805,0,0.0017269480740651,0,0.002094818977639,0,0.0332462862133979
0,0.0045792385935783,0,0.004670173395425,0,0.0013015783624723,0,0.0144718252122402
0,0.0011653989786282,0,0.0008979513077065,0,0.0010862170020118,0,0.0005144628230482
0,0.0036012309137731,0,0.0024121478199958,0,0.0019437371520325,0,0.0315733104944229
0,0.0028513122815638,0,0.0018401248380541,0,0.0006767445593141,0,0.0009827595204114
0,0.003577010706067,0,0.0021801234688609,0,0.0028570473659783,0,0.0514269322156906
0,0.0007836908334866,0,0.0011954677756875,0,0.0008164676837623,0,0.0011314232833683
0,0.0105437552556395,0,0.0356485247611999,0,0.0048698959872126,0,0.1272361129522323
0,0.0162689872086048,0,0.1438763737678527,0,0.0542228482663631,0,0.345838338136673
0,0.0189369227737188,0,0.0114794941619038,0,0.0097368257120251,0,0.1103147491812706
0,0.0198135562241077,0,0.0039782947860658,0,0.0043911854736506,0,0.0518564246594905
0,0.0033276174217462,0,0.0016945312963798,0,0.0016430518589913,0,0.0009468009229749
0,0.0136279808357357,0,0.0030926645267754,0,0.0005098548717796,0,0.0232840385288
0,0.0288243778049945,0,0.0077678649686276,0,0.0173152517527341,0,0.1066892743110656
0,0.0024580413009971,0,0.0090439831838011,0,0.0034457307774573,0,0.0018509669462218
0,0.0658769160509109,0,0.2149448543787002,0,0.7398849725723267,0,0.8782554864883423
0,0.0398827940225601,0,0.0445464067161083,0,0.0697439238429069,0,0.1233331263065338
0,0.0123278815299272,0,0.0042799557559192,0,0.0015760777750983,0,0.0128598129376769
0,0.0044915941543877,0,0.0067575364373624,0,0.0316395498812198,0,0.0545522794127464
0,0.0289297625422477,0,0.1167692840099334,0,0.0429690405726432,0,0.3705171048641205
0,0.0076578194275498,0,0.0327326096594333,0,0.0106953680515289,0,0.1030660048127174
0,0.4120963513851166,0,0.0778598189353942,0,0.1388760656118393,0,0.102248914539814
0,0.0037027590442448,0,0.0036196659784764,0,0.0021615792065858,0,0.0076832841150462
0,0.0098935235291719,0,0.0055844914168119,0,0.0126846125349402,0,0.0671476125717163
0,0.1530704349279403,0,0.0127948969602584,0,0.0140656968578696,0,0.4453712105751037
0,0.1653259694576263,0,0.0198817029595375,0,0.0114127481356263,0,0.1966790407896042
0,0.0216381195932626,0,0.0177477989345788,0,0.0513882711529731,0,0.0170590803027153
0,0.0115548921748995,0,0.0097962319850921,0,0.0548686571419239,0,0.01963004283607
0,0.5193324089050293,0,0.0109838237985968,0,0.0081213200464844,0,0.3390227556228637
0,0.0145377721637487,0,0.0087901568040251,0,0.0083672832697629,0,0.0214361138641834
0,0.0282644219696521,0,0.0097166998311877,0,0.0114227421581745,0,0.0310205090790987
0,0.1618212312459945,0,0.0171184539794921,0,0.0243149865418672,0,0.2352616041898727
0,0.0432630702853202,0,0.0243971496820449,0,0.0279817376285791,0,0.1178477481007576
0,0.0868705958127975,0,0.0155468452721834,0,0.0199283119291067,0,0.1292776465415954
0,0.4006181359291076,0,0.956334352493286,0,0.8301036953926086,0,0.7420303225517273
0,0.0569086857140064,0,0.0168936364352703,0,0.122104212641716,0,0.7943005561828613
0,0.7170945405960083,0,0.0820745080709457,0,0.7941661477088928,0,0.6136325001716614
0,0.0401965305209159,0,0.0079204961657524,0,0.0356654711067676,0,0.0743393525481224
0,0.0248107090592384,0,0.0014132672222331,0,0.0016932591097429,0,0.0090887509286403
0,0.0126699414104223,0,0.0081422310322523,0,0.007496852427721,0,0.0110555849969387
0,0.0166498478502035,0,0.0203508082777261,0,0.0139211853966116,0,0.0123452479019761
0,0.0250621624290943,0,0.1474150568246841,0,0.0015471810474991,0,0.2519243359565735
0,0.0152717884629964,0,0.0112095242366194,0,0.0112299164757132,0,0.0104326298460364
0,0.0433004461228847,0,0.0296608041971921,0,0.0108031351119279,0,0.0650649219751358
0,0.0119716906920075,0,0.0058390502817928,0,0.0025219663511961,0,0.155514046549797
0,0.0457399822771549,0,0.3225461840629577,0,0.0100367218255996,0,0.0907770991325378
0,0.0067043425515294,0,0.0070265615358948,0,0.0035221278667449,0,0.0114607065916061
0,0.0214767195284366,0,0.0012756736250594,0,0.0010908112162724,0,0.0099529540166258
0,0.0050815073773264,0,0.0048108645714819,0,0.0077472077682614,0,0.0054392796009778
0,0.0190910659730434,0,0.0022922372445464,0,0.0013500384520739,0,0.0122808897867798
0,0.7407135963439941,0,0.0986597165465354,0,0.8640434145927429,0,0.4866890907287597
0,0.0102158216759562,0,0.0130205331370234,0,0.0088270520791411,0,0.0366819575428962
0,0.0127608105540275,0,0.0029759958852082,0,0.0015586435329169,0,0.0073023047298192
0,0.0514604821801185,0,0.0022990368306636,0,0.0018600180046632,0,0.0057255458086729
0,0.0070509742945432,0,0.0055775921791791,0,0.0089507792145013,0,0.0596741065382957
0,0.7869096398353577,0,0.1597846448421478,0,0.8563536405563354,0,0.3969334065914154
0,0.0025300292763859,0,0.0005999677232466,0,0.005085177719593,0,0.0074851098470389
0,0.0094679743051528,0,0.0092575680464506,0,0.00696591893211,0,0.0487483851611614
0,0.0565144605934619,0,0.0035964858252555,0,0.0011648318031802,0,0.0096848765388131
0,0.6700080633163452,0,0.1955072730779647,0,0.8457648754119873,0,0.3717822432518005
0,0.0021418565884232,0,0.01303440798074,0,0.0043173399753868,0,0.0380034297704696
0,0.0013420294271782,0,0.0040387408807873,0,0.0046701491810381,0,0.0105537353083491
0,0.0023189357016235,0,0.0082848612219095,0,0.0038260028231889,0,0.0157324131578207
0,0.2627375721931457,0,0.3714369535446167,0,0.1512429565191269,0,0.4505641162395477
0,0.5316675305366516,0,0.1011721119284629,0,0.0390131846070289,0,0.2131256312131881
0,0.0230418033897876,0,0.000556675135158,0,0.0130714001134037,0,0.020288934931159
0,0.0162062402814626,0,0.0010399434249848,0,0.1216275319457054,0,0.0042437808588147
0,0.43081796169281,0,0.0346605889499187,0,0.0281704161316156,0,0.254207968711853
0,0.0035864810924977,0,0.0008077175589278,0,0.0001581992110004,0,0.0017703804187476
0,0.0914365500211715,0,0.2643875181674957,0,0.0178785808384418,0,0.3145128786563873
0,0.010470706038177,0,0.1348291784524917,0,0.1052772775292396,0,0.1605482697486877
0,0.443374752998352,0,0.4076864719390869,0,0.2729668021202087,0,0.8636624217033386
0,0.1351799666881561,0,0.3324314653873443,0,0.9698895812034608,0,0.5297822952270508
0,0.6569507122039795,0,0.3983156085014343,0,0.837921679019928,0,0.7013189792633057
0,0.0293570160865783,0,0.0089804958552122,0,0.2905859053134918,0,0.1421321034431457
0,0.0015751461032778,0,0.0009901989251375,0,0.0007918837945908,0,0.0057999743148684
0,0.0016118383500725,0,0.0006815552478656,0,0.0002739064802881,0,0.0190304238349199
0,0.0134473275393247,0,0.009087479673326,0,0.2455518990755081,0,0.559683084487915
0,0.0364914312958717,0,0.0074826991185545,0,0.012685471214354,0,0.2961290180683136
0,0.0022676424123346,0,0.0029954167548567,0,0.0012394281802698,0,0.0039886147715151
0,0.0055239549838006,0,0.0051146731711924,0,0.0060279946774244,0,0.0074830991216003
0,0.0250088237226009,0,0.0164403486996889,0,0.0037609825376421,0,0.0334299989044666
0,0.0067067686468362,0,0.0074869785457849,0,0.002594924531877,0,0.0511808954179286
0,0.0084258280694484,0,0.0085526639595627,0,0.1846015006303787,0,0.0344484224915504
0,0.0132734877988696,0,0.595423698425293,0,0.0233652759343385,0,0.3880509734153747
0,0.1989720612764358,0,0.0503101088106632,0,0.0375573746860027,0,0.3146743476390838
0,0.0083537837490439,0,0.0071813720278441,0,0.0056059253402054,0,0.0418008454144001
0,0.184996411204338,0,0.0189701728522777,0,0.0292044468224048,0,0.2105698883533477
0,0.4545547664165497,0,0.6497059464454651,0,0.1336809247732162,0,0.0648314729332923
0,0.8376337289810181,0,0.0517867840826511,0,0.6671814918518066,0,0.5942671895027161
0,0.14988674223423,0,0.1660235524177551,0,0.3110897541046142,0,0.160620167851448
0,0.7948907017707825,0,0.012337302789092,0,0.1908263266086578,0,0.1612648367881775
0,0.0632024481892585,0,0.0079277083277702,0,0.0067217568866908,0,0.1148452833294868
0,0.7777856588363647,0,0.0055642179213464,0,0.1216197460889816,0,0.0294982381165027
0,0.2595833539962768,0,0.1566593199968338,0,0.3327204883098602,0,0.1701566129922866
0,0.2404961585998535,0,0.0112270368263125,0,0.021115805953741,0,0.2079458683729171
0,0.0091389445587992,0,0.0254827179014682,0,0.0198854729533195,0,0.0467546060681343
0,0.0237229280173778,0,0.0114194368943572,0,0.0025428195949643,0,0.0284246280789375
0,0.04291458055377,0,0.24920454621315,0,0.429333359003067,0,0.130534678697586
0,0.0026268495712429,0,0.0086125303059816,0,0.0313764363527298,0,0.0076196631416678
0,0.0628827810287475,0,0.189763456583023,0,0.7299079895019531,0,0.5153502225875854
0,0.017207009717822,0,0.0021510433871299,0,0.0201302412897348,0,0.6525079011917114
0,0.0284299217164516,0,0.0096980519592762,0,0.0074301133863627,0,0.7839163541793823
0,0.0067404671572148,0,0.0066337971948087,0,0.0058210990391671,0,0.3050164580345154
0,0.392517626285553,0,0.8429967164993286,0,0.275263637304306,0,0.6846108436584473
0,0.5680637955665588,0,0.7087659239768982,0,0.1482028663158416,0,0.677257776260376
0,0.8361602425575256,0,0.9382173418998718,0,0.3720774948596954,0,0.885989785194397
0,0.0192928556352853,0,0.0007543571409769,0,0.0236205533146858,0,0.0463085882365703
0,0.0468406230211257,0,0.0012479638680815,0,0.0372552014887332,0,0.025977848097682
0,0.0201526153832674,0,0.0139426328241825,0,0.15336574614048,0,0.0917802527546882
0,0.0143293440341949,0,0.3418488800525665,0,0.0291100032627582,0,0.1189755722880363
0,0.0027855795342475,0,0.0565834268927574,0,0.0016001628246158,0,0.1962662488222122
0,0.0021286285482347,0,0.0251003876328468,0,0.0014579888666048,0,0.1274301260709762
0,0.0438708513975143,0,0.2602550089359283,0,0.0320636481046676,0,0.1465409845113754
0,0.0025970852002501,0,0.0507652126252651,0,0.0022056587040424,0,0.1052042245864868
0,0.0579298101365566,0,0.1119875684380531,0,0.0692373812198638,0,0.2220231890678405
0,0.0280961543321609,0,0.0320113040506839,0,0.0136495977640151,0,0.2004764676094055
0,0.0191068165004253,0,0.0570313297212123,0,0.070518784224987,0,0.166174367070198
0,0.0364732481539249,0,0.0781992748379707,0,0.0915485471487045,0,0.5145682096481323
0,0.0028162661474198,0,0.0029064945410937,0,0.0031263076234608,0,0.0065970951691269
0,0.0261648874729871,0,0.0086683854460716,0,0.0059167402796447,0,0.0185261908918619
0,0.0025161982048302,0,0.0205580554902553,0,0.0041985162533819,0,0.0011791751021519
0,0.0119533296674489,0,0.0285784676671028,0,0.1050975471735,0,0.0016263353172689
0,0.0055292695760726,0,0.0856498628854751,0,0.0881363973021507,0,0.0944332256913185
0,0.00289894384332,0,0.195248857140541,0,0.0261561702936887,0,0.0853643268346786
0,0.0061497124843299,0,0.1091643273830413,0,0.0547643117606639,0,0.094574898481369
0,0.0012396122328937,0,0.4231216311454773,0,0.0210780855268239,0,0.0856893137097358
0,0.0180534403771162,0,0.0062893186695873,0,0.0030902663711458,0,0.0065771853551268
0,0.0064634620212018,0,0.0207485351711511,0,0.0073329382576048,0,0.012686881236732
0,0.0015270981239154,0,0.0024197602178901,0,0.0040099425241351,0,0.0118040731176733
0,0.0042715268209576,0,0.0104223657399415,0,0.0078346142545342,0,0.0061055896803736
0,0.000787368742749,0,0.0018641549395397,0,0.0011223086621612,0,0.0072175567038357
0,0.0039552077651023,0,0.0076723811216652,0,0.0032316627912223,0,0.0053417631424963
0,0.0151657154783606,0,0.0095208082348108,0,0.0031330077908933,0,0.0241628922522068
0,0.013990931212902,0,0.0093411663547158,0,0.0184472668915987,0,0.0165183991193771
0,0.0064248233102262,0,0.0117900753393769,0,0.0021628241520375,0,0.0539716482162475
0,0.0099646179005503,0,0.0051442822441458,0,0.0028656730428338,0,0.0026916756760329
0,0.012643895111978,0,0.014254449866712,0,0.0743000134825706,0,0.0150072257965803
0,0.0142381647601723,0,0.0135799087584018,0,0.0030853713396936,0,0.0274491198360919
0,0.0212660431861877,0,0.021886333823204,0,0.0496477000415325,0,0.0223615691065788
0,0.0175446178764104,0,0.0038020894862711,0,0.0016216262010857,0,0.0243212897330522
0,0.0016743005253374,0,0.0008079708204604,0,0.000668789667543,0,0.0014454259071499
0,0.0059722117148339,0,0.0056408094242215,0,0.0057563558220863,0,0.0062456969171762
0,0.0019021147163584,0,0.0538342073559761,0,0.0095284273847937,0,0.0172424856573343
0,0.0020098772365599,0,0.0005927636520937,0,0.0018159098690375,0,0.0010764643084257
0,0.000964258739259,0,0.0006923097535036,0,0.0014803459635004,0,0.0011398774804547
0,0.6522969603538513,0,0.9302692413330078,0,0.8260232210159302,0,0.8146662712097168
0,0.6932918429374695,0,0.9137309789657592,0,0.9277316331863404,0,0.863161563873291
0,0.6005732417106628,0,0.958653688430786,0,0.9404992461204528,0,0.9221449494361876
0,0.004068864043802,0,0.0033474410884082,0,0.0192592944949865,0,0.0617605559527874
0,0.0432938672602176,0,0.1826091557741165,0,0.4551401436328888,0,0.3586027026176452
0,0.004581790883094,0,0.0354424118995666,0,0.0306518506258726,0,0.2770251035690307
0,0.0052204970270395,0,0.0065109408460557,0,0.0063039399683475,0,0.0363607630133628
0,0.1192930117249488,0,0.0073218839243054,0,0.1200169548392295,0,0.1322872936725616
0,0.0031882172916084,0,0.0781496539711952,0,0.2380231171846389,0,0.1670308709144592
0,0.001072273007594,0,0.0080347759649157,0,0.0023332824930548,0,0.0447952970862388
0,0.0638051703572273,0,0.4124058783054352,0,0.4905435740947723,0,0.1242058649659156
0,0.0017963029677048,0,0.1771172732114792,0,0.1762672662734985,0,0.2631757855415344
0,0.4662151932716369,0,0.4741415977478027,0,0.7836048007011414,0,0.7892722487449646
0,0.0483555346727371,0,0.0144414780661463,0,0.2025187164545059,0,0.2079967558383941
0,0.0086763547733426,0,0.0048537421971559,0,0.0022169877775013,0,0.0293680243194103
0,0.0693973302841186,0,0.0146743580698966,0,0.184928148984909,0,0.2737506330013275
0,0.0136140091344714,0,0.0038451529107987,0,0.0013410783139988,0,0.0138151450082659
0,0.0603801943361759,0,0.0137334754690527,0,0.1556489318609237,0,0.2875521183013916
0,0.0185854732990264,0,0.0070245889946818,0,0.0021562406327575,0,0.0201392248272895
0,0.0190758444368839,0,0.0081786094233393,0,0.04097905382514,0,0.0034165191464126
0,0.003892641980201,0,0.0015429196646437,0,0.0004235038359183,0,0.0007054526358842
0,0.0094986604526638,0,0.0025793996173888,0,0.0130036119371652,0,0.0083518559113144
0,0.0014870839659124,0,0.0009699917281977,0,0.0047612856142222,0,0.0012458183337002
0,0.277508795261383,0,0.6907248497009277,0,0.3955317139625549,0,0.5458741188049316
0,0.8619392514228821,0,0.6666156649589539,0,0.6984829306602478,0,0.4523274600505829
0,0.7977274060249329,0,0.2994681894779205,0,0.9288882613182068,0,0.6752758622169495
0,0.0210483968257904,0,0.0438471473753452,0,0.6892181634902954,0,0.1215846315026283
0,0.631594181060791,0,0.7476585507392883,0,0.577577531337738,0,0.3995296061038971
0,0.8574351668357849,0,0.6161760091781616,0,0.9810765981674194,0,0.7675660252571106
0,0.0339450910687446,0,0.0574162267148494,0,0.8246159553527832,0,0.0988649204373359
0,0.0040592337027192,0,0.0021050120703876,0,0.0133540658280253,0,0.0024645128287374
0,0.6997268199920654,0,0.758658230304718,0,0.6508801579475403,0,0.374149739742279
0,0.7991088032722473,0,0.7660749554634094,0,0.983111560344696,0,0.7126162648200989
0,0.0223102420568466,0,0.1349166184663772,0,0.8689150810241699,0,0.3276197910308838
0,0.0046782819554209,0,0.0015956044662743,0,0.0074902172200381,0,0.0025180983357131
0,0.0408680289983749,0,0.01512579806149,0,0.0075375400483608,0,0.2652530372142792
0,0.0182827003300189,0,0.0297826342284679,0,0.0082738706842064,0,0.228510782122612
1,0.5031012296676636,1,0.2119172066450119,1,0.5109277963638306,1,0.6595131754875183
1,0.3174737989902496,1,0.6646967530250549,1,0.8781594038009644,1,0.663211464881897
1,0.160548061132431,1,0.2941131293773651,1,0.8918850421905518,1,0.7193278074264526
1,0.2853003740310669,1,0.6886419653892517,1,0.4031396210193634,1,0.5782532095909119
1,0.5680565237998962,1,0.8256374001502991,1,0.9507904052734376,1,0.7166716456413269
1,0.4899027049541473,1,0.6450061202049255,1,0.7614672780036926,1,0.6471722722053528
1,0.5254262685775757,1,0.2655523419380188,1,0.0751955956220626,1,0.3028148710727691
1,0.5064592361450195,1,0.1762642860412597,1,0.2240685373544693,1,0.2688068747520447
1,0.430482268333435,1,0.1468686461448669,1,0.9345277547836304,1,0.248423621058464
1,0.826903760433197,1,0.0141384620219469,1,0.8938505053520203,1,0.3837268054485321
1,0.1788292527198791,1,0.0388964898884296,1,0.0553724616765975,1,0.3580220639705658
1,0.3488207161426544,1,0.2664380967617035,1,0.9366240501403807,1,0.7275742292404175
1,0.0011183635797351,1,0.006874079350382,1,0.0347501747310161,1,0.0273024942725896
1,0.7854213714599609,1,0.2554557621479034,1,0.672099232673645,1,0.4492650926113128
1,0.806721568107605,1,0.6050563454627991,1,0.1932738870382309,1,0.3338125944137573
1,0.9227046370506288,1,0.4318427741527557,1,0.7111172080039978,1,0.6506363749504089
1,0.0874845758080482,1,0.2675575315952301,1,0.2507436871528625,1,0.2629382014274597
1,0.402106761932373,1,0.4636570811271667,1,0.6687439680099487,1,0.6812639832496643
1,0.6248059272766113,1,0.5930240154266357,1,0.7594246864318848,1,0.5115546584129333
1,0.2532569766044616,1,0.2232975214719772,1,0.0316322036087513,1,0.2268268913030624
1,0.0355622246861457,1,0.0262251682579517,1,0.0276115909218788,1,0.0486384853720665
1,0.3387588858604431,1,0.1481433510780334,1,0.761194109916687,1,0.5135034918785095
1,0.0386975966393947,1,0.0273011941462755,1,0.0749289616942405,1,0.605239987373352
1,0.5925300717353821,1,0.8424582481384277,1,0.8642452359199524,1,0.6397444605827332
1,0.755398154258728,1,0.938584327697754,1,0.9028031826019288,1,0.8137696981430054
1,0.3124610483646393,1,0.046245377510786,1,0.0250259581953287,1,0.1857180297374725
1,0.9820721745491028,1,0.952116072177887,1,0.9946693778038024,1,0.90823495388031
0,0.0310558378696441,0,0.1065905690193176,0,0.2360722422599792,0,0.1497464925050735
0,0.0106278946623206,0,0.0093174697831273,0,0.0018939251312986,0,0.0060635539703071
0,0.001248302636668,0,0.0043718507513403,0,0.0002304924419149,0,0.1057865247130394
0,0.0023292666301131,0,0.0065234354697167,0,0.0007563686813227,0,0.0143832424655556
0,0.0091999592259526,0,0.0095631703734397,0,0.0034205464180558,0,0.0437783189117908
0,0.7970762848854065,0,0.6875001192092896,0,0.7540130019187927,0,0.4429096281528473
0,0.0095540191978216,0,0.0037100524641573,0,0.0040788040496408,0,0.0762792378664016
0,0.7913445830345154,0,0.8120050430297852,0,0.672813355922699,0,0.4435697197914123
0,0.0034005497582256,0,0.0033251403365284,0,0.0011726035736501,0,0.0126679800450801
0,0.0248621236532926,0,0.0106735629960894,0,0.0259438138455152,0,0.3331335484981537
0,0.0349604673683643,0,0.0295238550752401,0,0.0338586717844009,0,0.4610956609249115
0,0.0359881669282913,0,0.017232758924365,0,0.0213753636926412,0,0.1368157863616943
0,0.6984684467315674,0,0.6287238597869873,0,0.8642091751098633,0,0.5612502098083496
0,0.0089481435716152,0,0.0065901051275432,0,0.5795326232910156,0,0.090532049536705
0,0.0690297707915306,0,0.0203037690371274,0,0.0863152146339416,0,0.1026743501424789
0,0.0322493873536586,0,0.0066160825081169,0,0.2104040682315826,0,0.0397169031202793
0,0.0108593981713056,0,0.0322536863386631,0,0.1135400161147117,0,0.0416628047823905
0,0.0237099416553974,0,0.0109258713200688,0,0.1082111075520515,0,0.0432484149932861
0,0.0153103359043598,0,0.0266618859022855,0,0.0060427919961512,0,0.0439006127417087
0,0.0544408336281776,0,0.0073652951978147,0,0.0820808634161949,0,0.0313529446721077
0,0.2131403237581253,0,0.0019639648962765,0,0.035615500062704,0,0.1679086834192276
0,0.2163442969322204,0,0.0029022498056292,0,0.1353806555271148,0,0.49554443359375
0,0.9802399277687072,0,0.973069429397583,0,0.9489814639091492,0,0.7714378833770752
0,0.0037895776331424,0,0.0034449677914381,0,0.00140670791734,0,0.0861184671521186
0,0.0880498066544532,0,0.006006515584886,0,0.1501436084508896,0,0.0395543090999126
0,0.1947556287050247,0,0.0830507427453994,0,0.34087073802948,0,0.1483223587274551
0,0.0255824662744998,0,0.01527526602149,0,0.0089875729754567,0,0.0482710674405097
0,0.1556330025196075,0,0.8460614681243896,0,0.3007490932941437,0,0.2675641179084778
0,0.672166645526886,0,0.7194290161132812,0,0.7673021554946899,0,0.4585787653923034
0,0.0113694993779063,0,0.0151687711477279,0,0.0009286502609029,0,0.0344113074243068
0,0.0037575017195194,0,0.0039870729669928,0,0.0070452378131449,0,0.0304674059152603
0,0.0020190002396702,0,0.005440330132842,0,0.0029337839223444,0,0.0781614184379577
0,0.0017006843117997,0,0.0025920961052179,0,0.0174842681735754,0,0.0671616494655609
0,0.0877446979284286,0,0.0081001250073313,0,0.0088612725958228,0,0.0100662615150213
0,0.0184794589877128,0,0.0057997517287731,0,0.0030051057692617,0,0.0645241066813469
0,0.0767986848950386,0,0.0079002622514963,0,0.0028620618395507,0,0.0164950974285602
0,0.0011880163801833,0,0.002520331647247,0,0.001091863377951,0,0.0070887925103306
0,0.0028690774925053,0,0.0072787916287779,0,0.0014123793225735,0,0.0191949754953384
0,0.003145485650748,0,0.0070690619759261,0,0.0058601722121238,0,0.0377524048089981
0,0.006887562572956,0,0.0111666731536388,0,0.0008697874727658,0,0.0934104993939399
0,0.0038902924861758,0,0.0084732845425605,0,0.00516286958009,0,0.0625612288713455
0,0.0339646749198436,0,0.0382944978773593,0,0.0125063303858041,0,0.1819527447223663
0,0.0068041663616895,0,0.0070976414717733,0,0.002575306687504,0,0.0347805842757225
0,0.0026385113596916,0,0.0114381844177842,0,0.0006763254641555,0,0.0138683281838893
0,0.0100881196558475,0,0.0231653917580842,0,0.0015495797852054,0,0.0441674180328846
0,0.0026115616783499,0,0.0085774241015315,0,0.0037983367219567,0,0.0251515805721282
0,0.0117002362385392,0,0.0038759340532124,0,0.0095336502417922,0,0.1473724991083145
0,0.5096960663795471,0,0.3508124053478241,0,0.7925170063972473,0,0.4948464334011078
0,0.0119766723364591,0,0.0192622859030962,0,0.003067418700084,0,0.0349781028926372
0,0.0517731793224811,0,0.1137200146913528,0,0.1795662492513656,0,0.1804946511983871
0,0.2276503294706344,0,0.0530095845460891,0,0.1201423779129982,0,0.4268795251846313
0,0.0206283517181873,0,0.0131846237927675,0,0.0035595616791397,0,0.018814081326127
0,0.0397738553583622,0,0.0740771442651748,0,0.0277971886098384,0,0.0756222158670425
0,0.0258938372135162,0,0.053379651159048,0,0.0208489540964365,0,0.0870473012328147
0,0.0437134206295013,0,0.0032147141173481,0,0.004341984167695,0,0.4531199038028717
0,0.0320628583431243,0,0.0026671104133129,0,0.0040994207374751,0,0.2255288958549499
0,0.1067388281226158,0,0.003969648387283,0,0.0033917073160409,0,0.6254278421401978
0,0.0044793407432734,0,0.0050733098760247,0,0.0020610021892935,0,0.0223925989121198
0,0.001598606351763,0,0.0076246256940066,0,0.0020216454286128,0,0.0237774793058633
0,0.0166677441447973,0,0.0127428127452731,0,0.0074210804887115,0,0.0144234243780374
0,0.0146892648190259,0,0.0046601388603448,0,0.0007921305950731,0,0.0217222664505243
0,0.0051095336675643,0,0.0030480087734758,0,0.0031998679041862,0,0.0050361515022814
0,0.0897348374128341,0,0.1150397583842277,0,0.0401701740920543,0,0.1250962316989898
0,0.0130333891138434,0,0.0071492060087621,0,0.0012587275123223,0,0.0160937812179327
0,0.0019529038108885,0,0.003758706850931,0,0.0064882850274443,0,0.0040834266692399
0,0.000760005088523,0,0.0016036594752222,0,0.0006028380012139,0,0.0019532057922333
0,0.0017599443672224,0,0.001335548935458,0,0.0026772513519972,0,0.0048813642933964
0,0.0019054699223488,0,0.0011454533087089,0,0.0008665117202326,0,0.0113035859540104
0,0.0014232858084142,0,0.0013311069924384,0,0.0073928670026361,0,0.0284658521413803
0,0.0016531967557966,0,0.0024322799872606,0,0.0008223378099501,0,0.0068916021846234
0,0.2692423462867737,0,0.5334349274635315,0,0.6368043422698975,0,0.7975135445594788
0,0.0050918161869049,0,0.0037896372377872,0,0.0028538594488054,0,0.0041964850388467
0,0.0010318260174244,0,0.0008469609892927,0,0.0037194460164755,0,0.0069615901447832
0,0.3508045375347137,0,0.0072273006662726,0,0.0264295656234025,0,0.139968141913414
0,0.1336070448160171,0,0.0080585712566971,0,0.0298350602388381,0,0.1124674305319786
0,0.0039257556200027,0,0.0027356939390301,0,0.0022525188978761,0,0.0518317185342311
0,0.3321261703968048,0,0.6470003724098206,0,0.8888216614723206,0,0.6246427297592163
0,0.2188565284013748,0,0.0038067193236202,0,0.0221047382801771,0,0.0617281682789325
0,0.0360109061002731,0,0.010266407392919,0,0.0196670889854431,0,0.048627320677042
0,0.089911937713623,0,0.0108814463019371,0,0.0054799295030534,0,0.1595177799463272
0,0.2655639052391052,0,0.2148311734199524,0,0.4790858328342438,0,0.5859639048576355
0,0.1572014987468719,0,0.0753293186426162,0,0.0273165348917245,0,0.8244732618331909
0,0.0019017418380826,0,0.0009419234120287,0,0.0005449596792459,0,0.0088329156860709
0,0.0025795148685574,0,0.0021961075253784,0,0.001163727720268,0,0.0144802751019597
0,0.007058760151267,0,0.0057526179589331,0,0.0025305058807134,0,0.0160461235791444
0,0.3637852966785431,0,0.0660461410880088,0,0.0050003244541585,0,0.2413976788520813
0,0.0027196889277547,0,0.0041233729571104,0,0.0015898540150374,0,0.0039438069798052
0,0.2101963460445404,0,0.1171832233667373,0,0.1062669306993484,0,0.043797705322504
0,0.3533260226249695,0,0.0103708328679203,0,0.28523650765419,0,0.1757893562316894
0,0.1524484008550644,0,0.0202365964651107,0,0.0700947865843772,0,0.1481225490570068
0,0.0075510749593377,0,0.0059974379837512,0,0.0026001166552305,0,0.0579029396176338
0,0.0106633212417364,0,0.0108449188992381,0,0.0094508528709411,0,0.0345582924783229
0,0.0049330019392073,0,0.048751525580883,0,0.0099172974005341,0,0.0358248315751552
0,0.0094235064461827,0,0.006234626751393,0,0.0055165314115583,0,0.0174685083329677
0,0.0173054952174425,0,0.015092427842319,0,0.0266054905951023,0,0.0203711651265621
0,0.0106609528884291,0,0.0135573344305157,0,0.0022037704475224,0,0.0129542974755167
0,0.0687426179647445,0,0.2972137928009033,0,0.0227989703416824,0,0.3461078405380249
0,0.0174559820443391,0,0.0105453683063387,0,0.0043151304125785,0,0.0112907188013196
0,0.3208140432834625,0,0.0105744842439889,0,0.0232512410730123,0,0.0089273424819111
0,0.2166410386562347,0,0.049029529094696,0,0.0728611424565315,0,0.1909073144197464
0,0.0114417588338255,0,0.0251384954899549,0,0.0157762728631496,0,0.4216372072696686
0,0.0011119743576273,0,0.0088245244696736,0,0.002058308571577,0,0.0113614201545715
0,0.0088968491181731,0,0.0059481500647962,0,0.0030653486028313,0,0.029974753037095
0,0.0060594314709305,0,0.0031318480614572,0,0.022101892158389,0,0.0088006127625703
0,0.0019731326028704,0,0.0044253389351069,0,0.0230919755995273,0,0.0351070128381252
0,0.0068152057938277,0,0.0011225764174014,0,0.0630682855844497,0,0.0341318883001804
0,0.0027109561488032,0,0.0082674641162157,0,0.0773107632994651,0,0.0573137663304805
0,0.0110854608938097,0,0.0030002282001078,0,0.0241513065993785,0,0.0086208321154117
0,0.0022912584245204,0,0.0042251949198544,0,0.0553185977041721,0,0.0203073360025882
0,0.0297353602945804,0,0.7491298317909241,0,0.8336436748504639,0,0.8637371063232422
0,0.0072677987627685,0,0.4314055144786834,0,0.8133905529975891,0,0.8575742840766907
0,0.0024596001021564,0,0.0123735358938574,0,0.0029734813142567,0,0.00412940653041
0,0.0073279272764921,0,0.0187253039330244,0,0.0043719648383557,0,0.101075455546379
0,0.0029165123123675,0,0.011434206739068,0,0.0034797778353095,0,0.0063684117048978
0,0.0188047122210264,0,0.0120517406612634,0,0.0127799501642584,0,0.0606819726526737
0,0.0067800669930875,0,0.0177510827779769,0,0.0015532374382019,0,0.0045817950740456
0,0.0027301916852593,0,0.0058300052769482,0,0.0388490185141563,0,0.0118332039564847
0,0.0015367636224254,0,0.0046334443613886,0,0.0012346720322966,0,0.0194159969687461
0,0.0584315955638885,0,0.0049164486117661,0,0.0022199188824743,0,0.0079939672723412
0,0.0366933271288871,0,0.0162881612777709,0,0.0052336975932121,0,0.0176903344690799
0,0.0028524242807179,0,0.0013383878394961,0,0.0023118783719837,0,0.0035802004858851
0,0.2578408122062683,0,0.011686734855175,0,0.0079636899754405,0,0.1540961861610412
0,0.0018440779531374,0,0.0033049078192561,0,0.0015673806192353,0,0.0214738864451646
0,0.0020074713975191,0,0.0048197717405855,0,0.0010669317562133,0,0.069271519780159
0,0.0019237166270613,0,0.0043117571622133,0,0.0033208173699676,0,0.0083480887115001
0,0.0437291078269481,0,0.0036145413760095,0,0.107424758374691,0,0.1234727725386619
0,0.0033960312139242,0,0.0029834727756679,0,0.0025259663816541,0,0.0056431498378515
0,0.001322359777987,0,0.0011848181020468,0,0.0002927090099547,0,0.0052992473356425
0,0.0073273382149636,0,0.0078977923840284,0,0.0026663404423743,0,0.0065785497426986
0,0.0363590270280838,0,0.0054661626927554,0,0.0473513305187225,0,0.0578952841460704
0,0.0039445804432034,0,0.0040952339768409,0,0.0042715934105217,0,0.0050253658555448
0,0.2345482259988784,0,0.0133058838546276,0,0.054350160062313,0,0.1851409822702407
0,0.1237587109208107,0,0.2531527578830719,0,0.0304244291037321,0,0.0615385994315147
0,0.0230841431766748,0,0.016524875536561,0,0.0085598388686776,0,0.0577662140130996
0,0.0449589900672435,0,0.0163052231073379,0,0.0466013737022876,0,0.7876662611961365
0,0.0105727175250649,0,0.0164327938109636,0,0.016155743971467,0,0.0345232374966144
0,0.0147684328258037,0,0.0247927345335483,0,0.0133711667731404,0,0.0376680493354797
0,0.0160711370408535,0,0.0134200751781463,0,0.0119974669069051,0,0.0230754408985376
0,0.0120624806731939,0,0.2453669160604477,0,0.0728756710886955,0,0.1893492639064788
0,0.0028469690587371,0,0.002665028674528,0,0.0366233140230178,0,0.0299747269600629
0,0.0931471064686775,0,0.1728622764348983,0,0.0199722927063703,0,0.2202437371015548
0,0.0077063087373971,0,0.4575505256652832,0,0.2727129161357879,0,0.25342658162117
0,0.0024875779636204,0,0.0015296137426048,0,0.0044867526739835,0,0.0389554724097251
0,0.0779919326305389,0,0.1977868378162384,0,0.0254952758550643,0,0.3378049731254577
0,0.018788993358612,0,0.5974902510643005,0,0.8545262217521667,0,0.2046494334936142
0,0.0160565301775932,0,0.0025091816205531,0,0.0177658218890428,0,0.1059180945158004
0,0.0033393534831702,0,0.0069458670914173,0,0.3623595237731933,0,0.0921738222241401
0,0.225437194108963,0,0.9053718447685242,0,0.6427754759788513,0,0.0348151698708534
0,0.2225237637758255,0,0.8838595151901245,0,0.4934897422790527,0,0.4624993503093719
0,0.237322062253952,0,0.9275261759757996,0,0.691990852355957,0,0.6203563809394836
0,0.0270213764160871,0,0.0164962504059076,0,0.0023122059646993,0,0.0110850222408771
0,0.0196375641971826,0,0.0107956882566213,0,0.0022601678501814,0,0.0111154224723577
0,0.0031766120810061,0,0.0032062302343547,0,0.0075704744085669,0,0.0707795768976211
0,0.0073974165134131,0,0.0028583179228007,0,0.0095748426392674,0,0.0311560332775115
0,0.0099283391609787,0,0.0046130740083754,0,0.0052177710458636,0,0.0889085307717323
0,0.1597200483083725,0,0.0077454159036278,0,0.0053359013982117,0,0.0793250948190689
0,0.0389182083308696,0,0.0115727474913001,0,0.0082318531349301,0,0.4356730878353119
0,0.0693589150905609,0,0.574490487575531,0,0.5895652174949646,0,0.4440532326698303
0,0.0757737159729003,0,0.0189758408814668,0,0.0119894435629248,0,0.8571545481681824
0,0.0529914908111095,0,0.0030526926275342,0,0.0031063198111951,0,0.0291824862360954
0,0.0363223440945148,0,0.016335904598236,0,0.0086222868412733,0,0.0083350846543908
0,0.0015387573512271,0,0.0028080253396183,0,0.005016213748604,0,0.1121084243059158
0,0.4274523854255676,0,0.0162223875522613,0,0.1276021599769592,0,0.6199509501457214
0,0.0108375297859311,0,0.0074300039559602,0,0.0820884257555008,0,0.8129927515983582
0,0.0072425967082381,0,0.0031994434539228,0,0.0009668716811574,0,0.0364210866391658
0,0.00791996717453,0,0.0032713294494897,0,0.0033869282342493,0,0.0128314308822155
0,0.0169666577130556,0,0.3813862204551697,0,0.7340813875198364,0,0.5444055795669556
0,0.0002183157339459,0,0.0002861526445485,0,0.0014550781343132,0,0.0036078637931495
0,0.3499168455600738,0,0.0251109898090362,0,0.0971670150756836,0,0.7540115714073181
0,0.0122858304530382,0,0.0067314896732568,0,0.0927334576845169,0,0.609623372554779
0,0.0044108335860073,0,0.0016889175167307,0,0.0004986532730981,0,0.0411861278116703
0,0.0073757655918598,0,0.0127228815108537,0,0.0034594759345054,0,0.0167386345565319
0,0.0007688616751693,0,0.002755683613941,0,0.0013963304227218,0,0.0311692729592323
0,0.2981847822666168,0,0.0067751198075711,0,0.1246115788817405,0,0.7877570986747742
0,0.4578603208065033,0,0.1014029458165168,0,0.1048894450068473,0,0.1329865604639053
0,0.0357365757226944,0,0.1870186328887939,0,0.0402812957763671,0,0.2682054340839386
0,0.0057607758790254,0,0.0093280263245105,0,0.0016960348002612,0,0.0383226424455642
0,0.0047130086459219,0,0.0053760190494358,0,0.0039246552623808,0,0.0257621463388204
0,0.0156116224825382,0,0.0020294189453125,0,0.0089255198836326,0,0.0144508406519889
0,0.0853672102093696,0,0.0134769259020686,0,0.032528530806303,0,0.0666695833206176
0,0.2983113527297973,0,0.3994942009449005,0,0.2766595482826233,0,0.6339545249938965
0,0.1734105795621872,0,0.3256557583808899,0,0.8579926490783691,0,0.541664183139801
0,0.006703364662826,0,0.0061850743368268,0,0.0092189600691199,0,0.0256852358579635
0,0.0758225321769714,0,0.0204130746424198,0,0.7616636753082275,0,0.1817131489515304
0,0.0027937497943639,0,0.0057852249592542,0,0.0010745447361841,0,0.0132989175617694
0,0.2168037295341491,0,0.0048964405432343,0,0.0499354563653469,0,0.2368026226758957
0,0.0062085464596748,0,0.0060454905033111,0,0.0162500962615013,0,0.017979634925723
0,0.0032614122610539,0,0.0070912023074924,0,0.0019748716149479,0,0.0274874418973922
0,0.1353487521409988,0,0.0161187406629323,0,0.6210910081863403,0,0.40375417470932
0,0.1805313229560852,0,0.0047791940160095,0,0.0442574955523014,0,0.0819171294569969
0,0.0169430077075958,0,0.0010205532889813,0,0.3696745634078979,0,0.1187378093600273
0,0.0120670404285192,0,0.0160062629729509,0,0.021114433184266,0,0.0538230761885643
0,0.0022604838013648,0,0.0061550224199891,0,0.0019411589019,0,0.0076644457876682
0,0.2321268171072006,0,0.0153579199686646,0,0.4376894831657409,0,0.4520407915115356
0,0.0205988027155399,0,0.0039467508904635,0,0.0019721838179975,0,0.0266079790890216
0,0.0196681059896945,0,0.0095494668930768,0,0.0029814606532454,0,0.0441763028502464
0,0.0107122771441936,0,0.0056410925462841,0,0.0021265635732561,0,0.0257584210485219
0,0.2491893917322158,0,0.0782862305641174,0,0.0646369382739067,0,0.1508104056119918
0,0.0920478850603103,0,0.0052152988500893,0,0.0040103769861161,0,0.009511100128293
0,0.0436711907386779,0,0.0033792559988796,0,0.0069358460605144,0,0.0069451048038899
0,0.7670964002609253,0,0.9431686401367188,0,0.4571657180786133,0,0.8559260964393616
0,0.0231239590793848,0,0.0020681784953922,0,0.1270263642072677,0,0.080269955098629
0,0.0029005790129303,0,0.0040883878245949,0,0.0024673880543559,0,0.0391638204455375
0,0.0734524577856063,0,0.0043940260075032,0,0.0458951853215694,0,0.018931807950139
0,0.0037560330238193,0,0.0004421135236043,0,0.0446112304925918,0,0.0106087327003479
0,0.0288495905697345,0,0.0059690503403544,0,0.0738881006836891,0,0.0189891196787357
0,0.0022242849227041,0,0.0087655717507004,0,0.0038383335340768,0,0.0298903379589319
0,0.0760175213217735,0,0.0107156988233327,0,0.034364741295576,0,0.0303623490035533
0,0.0219102185219526,0,0.0023236633278429,0,0.1803605109453201,0,0.0982924327254295
0,0.0041724150069057,0,0.0132506377995014,0,0.0043248953297734,0,0.0193858575075864
0,0.0056880097836256,0,0.0095252329483628,0,0.0007938020862638,0,0.0166613832116127
0,0.1895508766174316,0,0.0136403823271393,0,0.0196900554001331,0,0.0411633439362049
0,0.0310562420636415,0,0.0524233952164649,0,0.0710060745477676,0,0.081246979534626
0,0.0229552052915096,0,0.012179248034954,0,0.001077740220353,0,0.0440943390130996
0,0.0600229799747467,0,0.0373494587838649,0,0.0097205825150012,0,0.0519380010664463
0,0.0142493462190032,0,0.0211204104125499,0,0.0824013948440551,0,0.0263470485806465
0,0.3592176437377929,0,0.0410878621041774,0,0.1624408215284347,0,0.0503621064126491
0,0.0484096594154834,0,0.0794009044766426,0,0.0384222231805324,0,0.6396219730377197
0,0.0751785561442375,0,0.5590581297874451,0,0.0113001344725489,0,0.1634306609630584
0,0.0081984875723719,0,0.0002288256364408,0,0.0085689900442957,0,0.0033210860565304
0,0.0026190134231001,0,0.0003625594545155,0,0.0084588900208473,0,0.0046815201640129
0,0.0057702120393514,0,0.0262624453753232,0,0.0237096231430768,0,0.0272386632859706
0,0.1144491508603096,0,0.3657280504703522,0,0.0982736274600029,0,0.3702487051486969
0,0.0051045017316937,0,0.0050180493853986,0,0.0014861384406685,0,0.0013555145123973
0,0.003511743620038,0,0.0108405295759439,0,0.001361594418995,0,0.0009042847668752
0,0.0197714045643806,0,0.0069921519607305,0,0.0023437098134309,0,0.0054538268595933
0,0.0013639266835525,0,0.0033057797700166,0,0.0009898244170472,0,0.0119037330150604
0,0.0058030826039612,0,0.0037198581267148,0,0.0035267346538603,0,0.0488365218043327
0,0.0012052829843014,0,0.0019401180325075,0,0.0037167649716138,0,0.0254682786762714
0,0.0244188662618398,0,0.006688468158245,0,0.0007521237130276,0,0.0141869643703103
0,0.0039397217333316,0,0.0053459629416465,0,0.0058084358461201,0,0.008888847194612
0,0.0272146519273519,0,0.0044554742053151,0,0.0012409602059051,0,0.0058209942653775
0,0.001649715588428,0,0.0142846200615167,0,0.0094844941049814,0,0.0979162827134132
0,0.0167989358305931,0,0.0068225590512156,0,0.004002105910331,0,0.0328328609466552
0,0.6020975112915039,0,0.226427674293518,0,0.1125442460179328,0,0.1219032853841781
0,0.0146220717579126,0,0.0134579837322235,0,0.0042434064671397,0,0.0577429085969924
0,0.0314092896878719,0,0.0187818817794322,0,0.002873750636354,0,0.1224773377180099
0,0.5220443606376648,0,0.1308774799108505,0,0.0692417174577713,0,0.1170311048626899
0,0.1851471662521362,0,0.0777321308851242,0,0.025764524936676,0,0.2063141912221908
0,0.104170374572277,0,0.1697997450828552,0,0.055433489382267,0,0.375596135854721
0,0.0146519821137189,0,0.0055739725939929,0,0.0105229029431939,0,0.1533878147602081
0,0.0187107939273118,0,0.003712136298418,0,0.0065307202748954,0,0.1113374158740043
0,0.4368402659893036,0,0.1174090206623077,0,0.0366244092583656,0,0.0561891533434391
0,0.1754160672426223,0,0.0072130826301872,0,0.0025100505445152,0,0.0329214558005332
0,0.1606414765119552,0,0.3870454430580139,0,0.0489613115787506,0,0.1432125121355056
0,0.0050146314315497,0,0.0012658950872719,0,0.0009537738515064,0,0.0084754833951592
0,0.1520810723304748,0,0.0840615704655647,0,0.0079280119389295,0,0.0128185702487826
1,0.2142648994922638,1,0.1442936062812805,1,0.5166985988616943,1,0.6814897060394287
1,0.0121677396818995,1,0.0107386717572808,1,0.05557731539011,1,0.0862705335021019
1,0.5940169095993042,1,0.9247612357139589,1,0.6326512694358826,1,0.5857828855514526
1,0.6548145413398743,1,0.7955774068832397,1,0.9019748568534852,1,0.5025191903114319
1,0.556199848651886,1,0.9802426695823668,1,0.8370234370231628,1,0.6429937481880188
1,0.058490440249443,1,0.0059561226516962,1,0.045719638466835,1,0.0333764851093292
1,0.0652497038245201,1,0.005393351893872,1,0.0585917383432388,1,0.0115189375355839
1,0.1201854273676872,1,0.0453772991895675,1,0.0641428008675575,1,0.0699488967657089
1,0.0544586069881916,1,0.0103079695254564,1,0.2298977375030517,1,0.5878032445907593
1,0.0268243346363306,1,0.0082990946248173,1,0.3037106394767761,1,0.4712525308132171
1,0.1461464613676071,1,0.0244516506791114,1,0.5095272064208984,1,0.7345700860023499
1,0.1234555914998054,1,0.3557776510715484,1,0.4142200946807861,1,0.4830434024333954
1,0.3854154944419861,1,0.0330670289695262,1,0.9699810743331908,1,0.7128467559814453
1,0.0205783881247043,1,0.0026912263128906,1,0.2001383602619171,1,0.0045755011960864
1,0.5777918696403503,1,0.9067874550819396,1,0.8952447175979614,1,0.844413161277771
1,0.8778931498527527,1,0.2326234430074691,1,0.7264634966850281,1,0.7217071652412415
1,0.8426442742347717,1,0.4762433767318725,1,0.4723989963531494,1,0.6662285923957825
1,0.6983157396316528,1,0.2645231485366821,1,0.872380793094635,1,0.5602498650550842
1,0.0021087594795972,1,0.0024643887300044,1,0.0025402721948921,1,0.0044340244494378
1,0.0847712382674217,1,0.8568318486213684,1,0.8748500943183899,1,0.5718546509742737
1,0.7179169058799744,1,0.0145692164078354,1,0.6834795475006104,1,0.7364018559455872
0,0.0089812343940138,0,0.0075333169661462,0,0.0163737777620553,0,0.0585383921861648
0,0.0051137581467628,0,0.0030135682318359,0,0.0033710359130054,0,0.0230779480189085
0,0.0070707993581891,0,0.0133745269849896,0,0.0051572984084486,0,0.0304693263024091
0,0.0052579934708774,0,0.0039349137805402,0,0.0054166265763342,0,0.0057945274747908
0,0.0049126520752906,0,0.0009496214915998,0,0.0006148219108581,0,0.0240510068833827
0,0.0099849980324506,0,0.0092479949817061,0,0.0073256869800388,0,0.0185007527470588
0,0.0041823806241154,0,0.002945972373709,0,0.0174815747886896,0,0.0190951991826295
0,0.0155853368341922,0,0.0205721091479063,0,0.0097396271303296,0,0.1286993026733398
0,0.0028205732814967,0,0.0114357210695743,0,0.0352214165031909,0,0.0905870795249939
0,0.0023961528204381,0,0.0145776942372322,0,0.0525753907859325,0,0.0579069405794143
0,0.029143800958991,0,0.0029485519044101,0,0.0055514802224934,0,0.0286734905093908
0,0.0253354627639055,0,0.0045537720434367,0,0.0127776637673377,0,0.0285255331546068
0,0.0180223938077688,0,0.035686582326889,0,0.0073803015984594,0,0.0250037219375371
0,0.057665292173624,0,0.0886116996407508,0,0.0174645949155092,0,0.0108820097520947
0,0.4389084577560425,0,0.3120357096195221,0,0.2015853077173233,0,0.5523876547813416
0,0.4701924622058868,0,0.5300931930541992,0,0.8755391240119934,0,0.5998972654342651
0,0.1194295883178711,0,0.8043364882469177,0,0.5935262441635132,0,0.7249355316162109
0,0.5309091806411743,0,0.5099925994873047,0,0.7682006359100342,0,0.5979453921318054
0,0.2545162439346313,0,0.3265591263771057,0,0.6612540483474731,0,0.6750910878181458
0,0.0436283573508262,0,0.5579409599304199,0,0.780714213848114,0,0.6062594056129456
0,0.0285093709826469,0,0.0043278657831251,0,0.0969225689768791,0,0.4041423499584198
0,0.2326647937297821,0,0.3175972998142242,0,0.0274986680597066,0,0.3351483345031738
0,0.0042044729925692,0,0.0150306858122348,0,0.003297861199826,0,0.0265233628451824
0,0.0149250421673059,0,0.1584085524082183,0,0.8853827714920044,0,0.3051763474941253
0,0.0281065925955772,0,0.0171798411756753,0,0.0725950747728347,0,0.40617236495018
0,0.1427566856145858,0,0.2954794466495514,0,0.0250569023191928,0,0.4712602496147156
0,0.0135390497744083,0,0.0263936053961515,0,0.0153803676366806,0,0.1060917973518371
0,0.0131776295602321,0,0.0095192212611436,0,0.0173545908182859,0,0.0913254916667938
0,0.0205607190728187,0,0.0117819663137197,0,0.0060058324597775,0,0.0167854595929384
0,0.0256272163242101,0,0.0040249489247798,0,0.0406642593443393,0,0.0105904759839177
0,0.0181454289704561,0,0.015874782577157,0,0.0040767071768641,0,0.0372701473534107
0,0.0376110859215259,0,0.0033474410884082,0,0.0108693605288863,0,0.0085153440013527
0,0.0534372776746749,0,0.0525017939507961,0,0.0201862938702106,0,0.094341829419136
0,0.4180841743946075,0,0.3875558078289032,0,0.1670145690441131,0,0.2468998432159423
0,0.460266649723053,0,0.828228235244751,0,0.4686297178268432,0,0.5252938270568848
0,0.3076027333736419,0,0.0606580190360546,0,0.1018473953008651,0,0.0374579280614852
0,0.3301594257354736,0,0.0341321639716625,0,0.1852747648954391,0,0.0248841978609561
0,0.0001850410917541,0,0.002047881251201,0,0.002144144847989,0,0.008478257805109
0,0.0006131293484941,0,0.0023863953538239,0,0.0028912231791764,0,0.0182923823595047
0,0.0066310199908912,0,0.0010807454818859,0,0.0005333046428859,0,0.0051564467139542
0,0.0645299777388572,0,0.0090247085317969,0,0.0099238129332661,0,0.0545473992824554
0,0.0004445890663191,0,0.0026651641819626,0,0.0011868580477312,0,0.0134445317089557
0,0.0139229129999876,0,0.0017026833957061,0,0.0007592717884108,0,0.0107677327468991
0,0.0009980929316952,0,0.0024497234262526,0,0.0033161733299493,0,0.0063810185529291
0,0.0006449807551689,0,0.0003031421510968,0,0.0001307661877945,0,0.0004936769837513
0,0.0026921876706182,0,0.0056149279698729,0,0.0013217427767813,0,0.0593149363994598
0,0.0002438205265207,0,0.0013051995774731,0,0.0022783135063946,0,0.0125561179593205
0,0.7280406951904297,0,0.3646385073661804,0,0.2142364531755447,0,0.7389343976974487
0,0.0020201662555336,0,0.0018508178181946,0,0.0007022704812698,0,0.014391747303307
0,0.7323776483535767,0,0.0759393125772476,0,0.0644697844982147,0,0.6087559461593628
0,0.0011681007454171,0,0.0039818901568651,0,0.0007579365628771,0,0.0152999879792332
0,0.6601582169532776,0,0.28466796875,0,0.1938430517911911,0,0.8073424100875854
0,0.2482094019651413,0,0.92138409614563,0,0.299736887216568,0,0.7011046409606934
0,0.6384279727935791,0,0.3965227305889129,0,0.9579309225082396,0,0.7746930718421936
0,0.0763593092560768,0,0.1086957976222038,0,0.0220255926251411,0,0.06283950060606
0,0.218689426779747,0,0.0115760965272784,0,0.0158988330513238,0,0.0213891603052616
0,0.1213683858513832,0,0.0130798667669296,0,0.0130353039130568,0,0.0319481939077377
0,0.11230980604887,0,0.0927085950970649,0,0.7241610288619995,0,0.7111350893974304
0,0.0073662581853568,0,0.0058608641847968,0,0.0008021604153327,0,0.047320656478405
0,0.0084084598347544,0,0.00609498238191,0,0.007276838645339,0,0.006528400350362
0,0.0369233265519142,0,0.0374211892485618,0,0.0307568479329347,0,0.030999083071947
0,0.0101119000464677,0,0.0252245925366878,0,0.0130513608455657,0,0.0225333217531442
0,0.0018025888130068,0,0.0068939616903662,0,0.0035559576936066,0,0.0611115470528602
0,0.0026887103449553,0,0.0036768876016139,0,0.0103421751409769,0,0.0775572508573532
0,0.0137392189353704,0,0.0017108039464801,0,0.0019099994096904,0,0.004651662427932
0,0.0251193661242723,0,0.0022725316230207,0,0.0044721188023686,0,0.0184917710721492
0,0.0990945026278495,0,0.0777672827243805,0,0.3916387856006622,0,0.4082235991954803
0,0.0208114124834537,0,0.034287441521883,0,0.3541671633720398,0,0.0663768053054809
0,0.025025125592947,0,0.0257737915962934,0,0.0430690310895442,0,0.0624384880065918
0,0.0409507565200328,0,0.0012957180151715,0,0.0064103086479008,0,0.0608751960098743
0,0.2395133674144745,0,0.3953366875648498,0,0.2806044816970825,0,0.2888763546943664
0,0.131443053483963,0,0.3110982775688171,0,0.0754717886447906,0,0.2693620324134826
0,0.3821215033531189,0,0.224848523736,0,0.0685476586222648,0,0.4117430746555328
0,0.1179513037204742,0,0.4979999661445617,0,0.6625500321388245,0,0.4569959342479706
0,0.3888626098632812,0,0.5967987775802612,0,0.2226137518882751,0,0.1685883402824401
0,0.1289360970258712,0,0.3494153916835785,0,0.4332338273525238,0,0.1927004307508468
0,0.5539172887802124,0,0.4929506480693817,0,0.7490413188934326,0,0.4550994038581848
0,0.6213433742523193,0,0.9168984889984132,0,0.7620041966438293,0,0.4650550484657287
0,0.394446313381195,0,0.2878552973270416,0,0.3244302868843078,0,0.3744537532329559
0,0.1901373118162155,0,0.0139577649533748,0,0.5012520551681519,0,0.3156936168670654
0,0.0080906646326184,0,0.106358878314495,0,0.0075659044086933,0,0.0878780633211135
0,0.0085017560049891,0,0.0306269507855176,0,0.0050722532905638,0,0.0586797036230564
0,0.0181833207607269,0,0.5344215631484985,0,0.0115259820595383,0,0.0985554531216621
0,0.0060054259374737,0,0.002693340415135,0,0.0209473110735416,0,0.0372251309454441
0,0.0018346963915973,0,0.0096937716007232,0,0.0737184733152389,0,0.0627873465418815
0,0.003430793993175,0,0.0069920751266181,0,0.0057827569544315,0,0.0220572091639041
0,0.00215012463741,0,0.0066479053348302,0,0.0031839208677411,0,0.0251084584742784
0,0.7516315579414368,0,0.0789519920945167,0,0.0308296363800764,0,0.6506437659263611
0,0.0226246528327465,0,0.0023191617801785,0,0.0020879979711025,0,0.0288708060979843
0,0.024525387212634,0,0.003661269089207,0,0.0054806284606456,0,0.0240133795887231
0,0.0070205423980951,0,0.1781770586967468,0,0.1850363165140152,0,0.0263712462037801
0,0.0710022523999214,0,0.0566977560520172,0,0.0407980196177959,0,0.6983628869056702
0,0.0670346021652221,0,0.0085280500352382,0,0.0069949063472449,0,0.0380610898137092
0,0.3154861032962799,0,0.734883189201355,0,0.5455632209777832,0,0.7716825008392334
0,0.1243955492973327,0,0.0038043747190386,0,0.1952749192714691,0,0.0060957362875342
0,0.0517557337880134,0,0.0056331702508032,0,0.0036335950717329,0,0.0733252614736557
0,0.4228440523147583,0,0.8926473259925842,0,0.7350367903709412,0,0.7559661865234375
0,0.5359671115875244,0,0.00877296179533,0,0.1759620159864425,0,0.0224119275808334
0,0.2353102266788482,0,0.0071873134002089,0,0.0074926097877323,0,0.1027497723698616
0,0.2793514728546142,0,0.8622034192085266,0,0.8080272674560547,0,0.7673778533935547
0,0.0136077981442213,0,0.0236396398395299,0,0.0025941210333257,0,0.2603701651096344
0,0.0117143876850605,0,0.0072888876311481,0,0.0024514577817171,0,0.01417628955096
0,0.0130602093413472,0,0.004018344450742,0,0.003734758356586,0,0.0376504398882389
0,0.0019475863082334,0,0.007827297784388,0,0.0334727466106414,0,0.0621417984366416
0,0.0119431521743536,0,0.0035053265746682,0,0.0155709255486726,0,0.0080643594264984
0,0.0198830012232065,0,0.0336000546813011,0,0.0166672747582197,0,0.084860973060131
0,0.0087396604940295,0,0.0201800055801868,0,0.0436146892607212,0,0.3384018838405609
0,0.012946356087923,0,0.0366688668727874,0,0.0770628377795219,0,0.051953338086605
0,0.0447444766759872,0,0.024286612868309,0,0.0071503743529319,0,0.0106845600530505
0,0.000976382929366,0,0.0012897993437945,0,0.0019052086863666,0,0.0022976580075919
0,0.003008090192452,0,0.0087835993617773,0,0.0649558454751968,0,0.0099062826484441
0,0.0172964297235012,0,0.0056238323450088,0,0.0110350102186203,0,0.78183913230896
0,0.0110325291752815,0,0.0115543315187096,0,0.0018517536809667,0,0.0074100596830248
0,0.0109546678140759,0,0.008931465446949,0,0.0679049044847488,0,0.0047613806091248
0,0.004190772306174,0,0.0041998280212283,0,0.0015187655808404,0,0.0642673373222351
0,0.0404652766883373,0,0.0132513670250773,0,0.0412655994296073,0,0.5379016399383545
0,0.0289719030261039,0,0.0039787385612726,0,0.0020048248115926,0,0.0057298610918223
0,0.0104056624695658,0,0.004273778758943,0,0.0140371909365057,0,0.003821677993983
0,0.0046853702515363,0,0.0077792042866349,0,0.0052612866275012,0,0.0178600270301103
0,0.0070137619040906,0,0.0207137465476989,0,0.0331541039049625,0,0.0050794100388884
0,0.0332247093319892,0,0.0164337027817964,0,0.0096208490431308,0,0.7540830373764038
0,0.2056818604469299,0,0.0884222611784935,0,0.0159922689199447,0,0.8004804849624634
0,0.239084705710411,0,0.0644333735108375,0,0.4581974744796753,0,0.0041739586740732
0,0.0037713178899139,0,0.0011692568659782,0,0.001806448912248,0,0.0091063659638166
0,0.0081358682364225,0,0.0076204561628401,0,0.0115027911961078,0,0.1875397115945816
0,0.0483988337218761,0,0.0165274702012538,0,0.1272442042827606,0,0.6738819479942322
0,0.0134107479825615,0,0.0019186467397958,0,0.1358345746994018,0,0.0088794417679309
0,0.0095712896436452,0,0.0110086221247911,0,0.0172073077410459,0,0.0120960036292672
0,0.0086022475734353,0,0.0075906882993876,0,0.0153137957677245,0,0.029154697433114
0,0.025325683876872,0,0.0085855461657047,0,0.0086736725643277,0,0.0491956286132335
0,0.01457064691931,0,0.0054492587223649,0,0.004652596078813,0,0.0108571760356426
0,0.0128764575347304,0,0.0063093197531998,0,0.0033341771923005,0,0.0211564376950263
0,0.0042551201768219,0,0.0036796014755964,0,0.0045759682543575,0,0.0096523594111204
0,0.0280415639281272,0,0.0043486473150551,0,0.0016603257972747,0,0.0318289585411548
0,0.0091412672773003,0,0.0030495102982968,0,0.00134881620761,0,0.0167464222759008
0,0.0057034995406866,0,0.0043301964178681,0,0.0251511484384536,0,0.0102704102173447
0,0.0056968787685036,0,0.0317780040204525,0,0.035022672265768,0,0.0973524898290634
0,0.2849668264389038,0,0.7191739082336426,0,0.7420790791511536,0,0.8244495987892151
0,0.0212104599922895,0,0.0549327842891216,0,0.0187557265162467,0,0.1113647520542144
0,0.007803208194673,0,0.0605786927044391,0,0.002897166647017,0,0.0662056282162666
0,0.0274431239813566,0,0.0280495230108499,0,0.0087745375931262,0,0.0750901028513908
0,0.238449290394783,0,0.0144628919661045,0,0.0111663527786731,0,0.0321390628814697
0,0.0079706283286213,0,0.0062254597432911,0,0.006457457318902,0,0.0425821430981159
0,0.022242859005928,0,0.0226522590965032,0,0.0074304081499576,0,0.0918969735503196
0,0.0090294433757662,0,0.0064881253056228,0,0.0025140773504972,0,0.0078545063734054
0,0.062120284885168,0,0.0104415630921721,0,0.0021966332569718,0,0.0619519911706447
0,0.04995908588171,0,0.0279323272407054,0,0.0113465609028935,0,0.3190546333789825
0,0.0415174067020416,0,0.0296176746487617,0,0.0044024656526744,0,0.44950932264328
0,0.0430266074836254,0,0.0078269345685839,0,0.0028292760252952,0,0.0792305693030357
0,0.0751202628016471,0,0.0147201400250196,0,0.0063673499971628,0,0.1620962768793106
0,0.009495036676526,0,0.0138330087065696,0,0.0117527721449732,0,0.0533792376518249
0,0.0046212086454033,0,0.0054898550733923,0,0.0066462424583733,0,0.0205579753965139
0,0.0057995868846774,0,0.0043636951595544,0,0.0054352805018424,0,0.027607325464487
0,0.0099382381886243,0,0.0088685043156147,0,0.0076213432475924,0,0.0573273859918117
0,0.1184602230787277,0,0.2757443487644195,0,0.0042901509441435,0,0.1797676980495453
0,0.0243448689579963,0,0.0853563174605369,0,0.0407390780746936,0,0.0664174854755401
0,0.0088314628228545,0,0.0184989124536514,0,0.0262360628694295,0,0.0524202920496463
0,0.00405556242913,0,0.0008282724884338,0,0.0363528616726398,0,0.0378653407096862
0,0.0414355210959911,0,0.0206934586167335,0,0.0359661169350147,0,0.0188221279531717
0,0.1871492862701416,0,0.8016857504844666,0,0.6218735575675964,0,0.5439075827598572
0,0.032115027308464,0,0.0159228071570396,0,0.0055170282721519,0,0.0042187739163637
0,0.5246386528015137,0,0.0363670401275157,0,0.0109090041369199,0,0.3814356327056885
0,0.0026953686028718,0,0.0077354214154183,0,0.004789381287992,0,0.0031250088941305
0,0.0122633194550871,0,0.0035700339358299,0,0.0013232314959168,0,0.0225878730416297
0,0.0042600650340318,0,0.0029109448660165,0,0.0024819625541567,0,0.0045242784544825
0,0.0041717472486197,0,0.0042650536634027,0,0.0046876207925379,0,0.0107412915676832
0,0.8048504590988159,0,0.8354505896568298,0,0.4818494021892547,0,0.8096931576728821
0,0.4948731064796448,0,0.823127269744873,0,0.3200431168079376,0,0.8256543874740601
0,0.7903951406478882,0,0.977677881717682,0,0.5883201360702515,0,0.8672456741333008
0,0.0008707136730663,0,0.0050765387713909,0,0.0016305977478623,0,0.0164845027029514
0,0.4383389353752136,0,0.0691767334938049,0,0.0488071627914905,0,0.2001465111970901
0,0.0477836467325687,0,0.5156416296958923,0,0.3988992869853973,0,0.2391034513711929
0,0.0534691400825977,0,0.7327932119369507,0,0.2973365187644958,0,0.6767287850379944
0,0.44864422082901,0,0.520280659198761,0,0.4959596991539001,0,0.3814584016799927
0,0.0015229455893859,0,0.0055351988412439,0,0.0137307895347476,0,0.055116418749094
0,0.0134539455175399,0,0.0021993031259626,0,0.0083541944622993,0,0.0240916796028614
0,0.1302271634340286,0,0.0096857734024524,0,0.0028835805132985,0,0.0080283861607313
0,0.0143738482147455,0,0.0136278914287686,0,0.0177225638180971,0,0.0342645309865474
0,0.0074816038832068,0,0.0194481257349252,0,0.0126752033829689,0,0.0311987791210412
0,0.0144782252609729,0,0.0202875807881355,0,0.0074831619858741,0,0.0304653849452734
0,0.0252737123519182,0,0.0082926684990525,0,0.0082721579819917,0,0.0058387597091495
0,0.3128332197666168,0,0.4665369093418121,0,0.7341718077659607,0,0.283724844455719
0,0.0526689849793911,0,0.1758680939674377,0,0.1071568131446838,0,0.0062707522884011
0,0.0378537662327289,0,0.3215235471725464,0,0.2920768857002258,0,0.0122115304693579
0,0.1091274544596672,0,0.1417178809642791,0,0.2328184694051742,0,0.2710835635662079
0,0.1140884235501289,0,0.2128700464963913,0,0.1992013454437255,0,0.1302510648965835
0,0.0768017321825027,0,0.1993728578090667,0,0.2757922410964966,0,0.1568803042173385
0,0.0881640836596489,0,0.1229892969131469,0,0.1772322952747345,0,0.6726406216621399
0,0.0962663665413856,0,0.0160886775702238,0,0.0062562501989305,0,0.0289698876440525
0,0.0801372900605201,0,0.524507999420166,0,0.2531746923923492,0,0.4705358743667602
0,0.0047346632927656,0,0.0099138338118791,0,0.005956258624792,0,0.0184378307312726
0,0.0464299991726875,0,0.4828265905380249,0,0.3327006101608276,0,0.481821745634079
0,0.0342490226030349,0,0.0112081188708543,0,0.0059597664512693,0,0.0561632104218006
0,0.0004719536227639,0,0.0028999240603297,0,0.0103478422388434,0,0.021264623850584
0,0.0034224521368741,0,0.005826742388308,0,0.0011819876963272,0,0.0291367098689079
0,0.0006887039053253,0,0.0060688583180308,0,0.0004359535814728,0,0.0164363924413919
0,0.0007474554004147,0,0.0037443831097334,0,0.0144239589571952,0,0.0342857278883457
0,0.0027536139823496,0,0.0030890691559761,0,0.0370499156415462,0,0.0086209746077656
0,0.0005302587524056,0,0.0046415836550295,0,0.0006221309304237,0,0.0116600254550576
0,0.0006866545299999,0,0.0036116314586251,0,0.0039663445204496,0,0.027221830561757
0,0.0017567337490618,0,0.0016086180694401,0,0.0102738719433546,0,0.003723632544279
0,0.1228988543152809,0,0.0147521654143929,0,0.0417610667645931,0,0.2114102393388748
0,0.0345949418842792,0,0.0024138258304446,0,0.0131527055054903,0,0.0282096453011035
0,0.0111674685031175,0,0.0040686167776584,0,0.0158914476633071,0,0.0907534658908844
0,0.0616588294506073,0,0.0491368249058723,0,0.0185764599591493,0,0.4886457026004791
0,0.0059255105443298,0,0.003191229654476,0,0.0229674112051725,0,0.0013327732449397
0,0.0006224167882464,0,0.0021300197113305,0,0.0005274095456115,0,0.0264772959053516
0,0.0027641735505312,0,0.0044619846157729,0,0.0010887909447774,0,0.0284423772245645
0,0.0042738397605717,0,0.0021571007091552,0,0.0178669113665819,0,0.0010794185800477
0,0.0048891273327171,0,0.0044858646579086,0,0.0213777534663677,0,0.0082863774150609
0,0.0039846822619438,0,0.0116138309240341,0,0.0072893812321126,0,0.0057927309535443
0,0.8297746181488037,0,0.0139562282711267,0,0.0286352932453155,0,0.6422238349914551
0,0.0343934781849384,0,0.0037129598204046,0,0.0067214351147413,0,0.1918431371450424
0,0.0037515976000577,0,0.0018510486697778,0,0.002278733998537,0,0.0055797165259718
0,0.002204135293141,0,0.0039478382095694,0,0.0028435247950255,0,0.0098845213651657
0,0.2449532151222229,0,0.0085527896881103,0,0.0514616258442401,0,0.7327724099159241
0,0.1348078548908233,0,0.0101522300392389,0,0.0246365033090114,0,0.0376749224960804
0,0.0667394027113914,0,0.0183845926076173,0,0.0079599162563681,0,0.1185083016753196
0,0.0435613431036472,0,0.3765228390693664,0,0.0345549657940864,0,0.096465952694416
0,0.0006665485561825,0,0.002247849246487,0,0.0020542028360068,0,0.0249382480978965
0,0.001487955218181,0,0.0048852548934519,0,0.0019250408513471,0,0.0277941022068262
0,0.0016187540022656,0,0.0047528469003736,0,0.0193855036050081,0,0.0197625551372766
0,0.0302110090851783,0,0.2867347002029419,0,0.1939054876565933,0,0.1565493047237396
0,0.0300708245486021,0,0.7010716199874878,0,0.1025300621986389,0,0.0630375072360038
0,0.0093047898262739,0,0.0044534504413604,0,0.0018689985154196,0,0.0068751024082303
0,0.0070169037207961,0,0.0042580566368997,0,0.0078452229499816,0,0.0337456539273262
0,0.0049699549563229,0,0.0054702027700841,0,0.004251985810697,0,0.0211965609341859
0,0.0206132959574461,0,0.0055614821612834,0,0.0099639883264899,0,0.0294167920947074
0,0.0131381629034876,0,0.0110855503007769,0,0.0059941415674984,0,0.0232312213629484
0,0.0072274659760296,0,0.0038211259525269,0,0.0014371571596711,0,0.0071672867052257
0,0.0066344155929982,0,0.0028126838151365,0,0.0021396656520664,0,0.012252097018063
0,0.010132941417396,0,0.0074716717936098,0,0.0214500483125448,0,0.0181104652583599
0,0.0134023847058415,0,0.0072115729562938,0,0.002265149494633,0,0.0155361052602529
0,0.0537931099534034,0,0.0583786740899086,0,0.0330282971262931,0,0.4016164541244507
0,0.0019967050757259,0,0.0015647240215912,0,0.0027296994812786,0,0.0085914004594087
0,0.0105402301996946,0,0.0036333308089524,0,0.0015579899773001,0,0.0074353050440549
0,0.0072059938684105,0,0.0049057663418352,0,0.0030479144770652,0,0.0212367195636034
0,0.0166694018989801,0,0.0192010458558797,0,0.0229104757308959,0,0.0591130442917346
0,0.0645509660243988,0,0.024295337498188,0,0.016593512147665,0,0.585388720035553
0,0.002118227770552,0,0.0013893024297431,0,0.0023320242762565,0,0.0117295943200588
0,0.0018142564222216,0,0.0009993973653763,0,0.0005609563668258,0,0.0036958681885153
0,0.0004298631974961,0,0.0012351978803053,0,0.0005261259502731,0,0.0043137287721037
0,0.0208331644535064,0,0.01947807893157,0,0.0918153300881385,0,0.0152774471789598
0,0.0279562324285507,0,0.0041225254535675,0,0.0029669755604118,0,0.0355397723615169
0,0.0041072429157793,0,0.0025921368505805,0,0.0033391278702765,0,0.004944275598973
0,0.015444841235876,0,0.0057421172969043,0,0.0088480655103921,0,0.0434638373553752
0,0.031267125159502,0,0.0104462495073676,0,0.0155237494036555,0,0.0628274083137512
0,0.0356346257030963,0,0.0241523347795009,0,0.0139851691201329,0,0.0416054837405681
0,0.0136691341176629,0,0.0079004308208823,0,0.0059702470898628,0,0.0846370235085487
0,0.1286627352237701,0,0.0976466834545135,0,0.0453496985137462,0,0.1227600872516632
0,0.0588952116668224,0,0.006579992827028,0,0.0228468310087919,0,0.0356290787458419
0,0.0076050702482461,0,0.1443988233804702,0,0.0272872392088174,0,0.0445685200393199
0,0.0014162292936816,0,0.0042822281830012,0,0.0125882737338542,0,0.0763789489865303
0,0.0127910487353801,0,0.014840186573565,0,0.0209383945912122,0,0.0247220695018768
0,0.0087460661306977,0,0.006341646425426,0,0.0089971600100398,0,0.0267850197851657
0,0.0607424080371856,0,0.1605015695095062,0,0.257283866405487,0,0.052602257579565
0,0.0043265610001981,0,0.0050058434717357,0,0.004338985774666,0,0.0041426108218729
0,0.1375602185726165,0,0.3603317737579345,0,0.5551294088363647,0,0.157372161746025
0,0.2055104523897171,0,0.2428891509771347,0,0.1434557288885116,0,0.1185601651668548
0,0.0392772443592548,0,0.0018786543514579,0,0.0220351368188858,0,0.033826008439064
0,0.1046062335371971,0,0.0460548028349876,0,0.0061451159417629,0,0.0121451439335942
0,0.0020911402534693,0,0.0053848586976528,0,0.0183837749063968,0,0.0095689445734024
0,0.0021234611049294,0,0.0028801290318369,0,0.0996186062693595,0,0.0074259787797927
0,0.0023700599558651,0,0.0048767407424747,0,0.0309434719383716,0,0.0188485421240329
0,0.0211544726043939,0,0.0096073104068636,0,0.0041190283372998,0,0.1281398385763168
0,0.0429784469306468,0,0.0017644352046772,0,0.0300419516861438,0,0.0087089221924543
1,0.0066050505265593,1,0.0102144526317715,1,0.0715462043881416,1,0.1063745617866516
1,0.0011978214606642,1,0.0005048104212619,1,0.0127948131412267,1,0.0159356389194726
1,0.0724502652883529,1,0.1572890728712082,1,0.7117549180984497,1,0.6926276683807373
1,0.2249102294445037,1,0.43448406457901,1,0.2764329314231872,1,0.351194679737091
1,0.2080133557319641,1,0.5273000001907349,1,0.6795697808265686,1,0.4118283689022064
1,0.0291896127164363,1,0.0114859733730554,1,0.8786237239837646,1,0.2164399027824401
1,0.0327568799257278,1,0.0711465179920196,1,0.002365025691688,1,0.3787434995174408
1,0.049864076077938,1,0.0728723630309104,1,0.0042556738480925,1,0.5483266711235046
1,0.0372862406075,1,0.1010262370109558,1,0.0067680482752621,1,0.6936081647872925
1,0.8877195715904236,1,0.2443907260894775,1,0.6154415607452393,1,0.6053645014762878
1,0.3519014418125152,1,0.8281130790710449,1,0.8661450743675232,1,0.7560335397720337
1,0.5845173001289368,1,0.9494519233703612,1,0.9577913880348206,1,0.8260560035705566
1,0.3799299001693725,1,0.7198746204376221,1,0.1086306124925613,1,0.1059094741940498
1,0.126832827925682,1,0.0872903764247894,1,0.2868285477161407,1,0.0519968792796134
1,0.4596001803874969,1,0.8748746514320374,1,0.4295799434185028,1,0.4830080866813659
0,0.0075165764428675,0,0.0113255521282553,0,0.0783481001853942,0,0.0607256889343261
0,0.0195785537362098,0,0.006083880085498,0,0.1326901763677597,0,0.0452889427542686
0,0.7661734819412231,0,0.72779780626297,0,0.7440361976623535,0,0.7028052806854248
0,0.00084138661623,0,0.0023488709703087,0,0.0025544392410665,0,0.0079604089260101
0,0.0134581038728356,0,0.0250385086983442,0,0.0293960366398096,0,0.0759420394897461
0,0.6127026677131653,0,0.2679060995578766,0,0.6216781735420227,0,0.5665452480316162
0,0.1896232813596725,0,0.0753261148929596,0,0.003143856767565,0,0.1139785051345825
0,0.2726846635341644,0,0.7200853228569031,0,0.7559903860092163,0,0.7696368098258972
0,0.2577355206012726,0,0.7113450765609741,0,0.7226957678794861,0,0.6552891135215759
0,0.1107545346021652,0,0.0760055631399154,0,0.002199170179665,0,0.1316742002964019
0,0.0283911116421222,0,0.2451115697622299,0,0.0173167623579502,0,0.7612066268920898
0,0.6803045868873596,0,0.7430123686790466,0,0.5143581628799438,0,0.549946665763855
0,0.7020214200019836,0,0.4650870561599731,0,0.5917433500289917,0,0.7256354689598083
0,0.0068545690737664,0,0.0033284255769103,0,0.0013138590147718,0,0.0153120690956711
0,0.0089534865692257,0,0.0031926196534186,0,0.0020421077497303,0,0.0119512295350432
0,0.0024405037984251,0,0.0022246746812015,0,0.0010254771914333,0,0.0132820392027497
0,0.0017421377124264,0,0.0051349513232707,0,0.0175496991723775,0,0.0062959911301732
0,0.0011440220987424,0,0.0275981519371271,0,0.0011466165306046,0,0.3083930313587188
0,0.0097494693472981,0,0.0132431872189044,0,0.0025107599794864,0,0.0405840203166008
0,0.0079799350351095,0,0.0048437425866723,0,0.0142464535310864,0,0.0336709097027778
0,0.3965160846710205,0,0.0259389728307724,0,0.0761216580867767,0,0.2498469948768615
0,0.0005940290866419,0,0.0011958965333178,0,0.0004376985307317,0,0.0027207317762076
0,0.0093724681064486,0,0.0061308532021939,0,0.0237193815410137,0,0.1100716292858123
0,0.0581657402217388,0,0.0027779315132647,0,0.0051035205833613,0,0.0076368637382984
0,0.0490651838481426,0,0.0020665023475885,0,0.0047250650823116,0,0.0100726597011089
0,0.0096932863816618,0,0.0130402296781539,0,0.0477462150156497,0,0.292430967092514
0,0.1294045001268386,0,0.0073018576949834,0,0.0662743896245956,0,0.1985851377248764
0,0.0232615955173969,0,0.0268339551985263,0,0.0084343655034899,0,0.0069455676712095
0,0.0041129519231617,0,0.0021111026871949,0,0.0040488904342055,0,0.0110823353752493
0,0.0179618522524833,0,0.024081002920866,0,0.0097380122169852,0,0.007364647462964
0,0.004141709767282,0,0.0017229845980182,0,0.0021069981157779,0,0.0129041736945509
0,0.0040383688174188,0,0.0016812265384942,0,0.0036601019091904,0,0.0148220574483275
0,0.0248212553560733,0,0.5373682975769043,0,0.0152226714417338,0,0.169632613658905
0,0.0942734330892562,0,0.0035522372927516,0,0.0014199971919879,0,0.0206271484494209
0,0.0056087649427354,0,0.0045562158338725,0,0.0009114331915043,0,0.014605632983148
0,0.000691809807904,0,0.0006734551861882,0,0.0005193620454519,0,0.0005704538198187
0,0.0409369021654129,0,0.3367289006710052,0,0.0762692764401435,0,0.2152983993291854
0,0.013020428828895,0,0.0017077405937016,0,0.025611225515604,0,0.0279361940920352
0,0.4436694979667663,0,0.251240462064743,0,0.867557942867279,0,0.3255651891231537
0,0.0315782167017459,0,0.0936316400766372,0,0.004961397498846,0,0.0143335731700062
0,0.0016274112276732,0,0.0075095114298164,0,0.0022272542119026,0,0.0155832506716251
0,0.0446311347186565,0,0.0020455750636756,0,0.0113447159528732,0,0.0205154493451118
0,0.0044671897776424,0,0.0038567136507481,0,0.0031207310967147,0,0.054790012538433
0,0.0223490856587886,0,0.0097435005009174,0,0.0243869852274656,0,0.0083234934136271
0,0.0566278398036956,0,0.0263828728348016,0,0.0048472676426172,0,0.031923409551382
0,0.0021363371051847,0,0.003766861045733,0,0.0554437600076198,0,0.0036104200407862
0,0.0240152329206466,0,0.0226054619997739,0,0.0118889743462204,0,0.0614314004778862
0,0.126114472746849,0,0.0312741994857788,0,0.117753118276596,0,0.1204127073287963
0,0.0185835231095552,0,0.0161470845341682,0,0.0056969407014548,0,0.0812797099351883
0,0.1510370969772339,0,0.0309734661132097,0,0.0526193678379058,0,0.0887925624847412
0,0.1319279968738556,0,0.0790465995669364,0,0.0857125893235206,0,0.3652401864528656
0,0.4820346534252167,0,0.7555583119392395,0,0.7171998620033264,0,0.6100341081619263
0,0.2380609214305877,0,0.5164251327514648,0,0.676815390586853,0,0.8726809620857239
0,0.4528942108154297,0,0.743607759475708,0,0.7948316335678101,0,0.5739896893501282
0,0.0303074102848768,0,0.0030567380599677,0,0.0029820532072335,0,0.0417799316346645
0,0.0053550475277006,0,0.0006530978134833,0,0.0079904170706868,0,0.015124931000173
0,0.0066647785715758,0,0.0010635766666382,0,0.0035747087094932,0,0.0107840793207287
0,0.0009016232215799,0,0.0022932605352252,0,0.0007878817850723,0,0.0092566404491662
0,0.181443840265274,0,0.4344804584980011,0,0.6264476776123047,0,0.5453371405601501
0,0.0831312090158462,0,0.3293004930019378,0,0.8034874200820923,0,0.7033935785293579
0,0.1432029604911804,0,0.7102557420730591,0,0.8288366794586182,0,0.6819994449615479
0,0.0171957798302173,0,0.0003262217505834,0,0.00540790008381,0,0.0118701113387942
0,0.2833085656166076,0,0.0020112071651965,0,0.0416704341769218,0,0.0986882820725441
0,0.5337944030761719,0,0.2012157142162323,0,0.386168897151947,0,0.4368454217910766
0,0.0119160655885934,0,0.0338175483047962,0,0.0276528075337409,0,0.3185849487781524
0,0.0229575056582689,0,0.0479814037680625,0,0.0437415055930614,0,0.3169997930526733
0,0.019813347607851,0,0.0234574787318706,0,0.0394027568399906,0,0.2720540165901184
0,0.0004817402223125,0,0.0017532460624352,0,0.0020205699838697,0,0.0026097912341356
0,0.0013140322407707,0,0.003085054224357,0,0.0029903643298894,0,0.0121191358193755
0,0.0081871896982193,0,0.0105033591389656,0,0.0018171223346143,0,0.0364167243242263
0,0.0076560946181416,0,0.0160817950963974,0,0.0016913078725337,0,0.0846193134784698
0,0.0036092556547373,0,0.0053935125470161,0,0.0039352858439087,0,0.0270199850201606
0,0.0548016838729381,0,0.0117204338312149,0,0.0063769267871975,0,0.0225032735615968
0,0.0056215687654912,0,0.0026035280898213,0,0.0039339661598205,0,0.0097960149869322
0,0.0363858230412006,0,0.0178475268185138,0,0.0094171436503529,0,0.073981374502182
0,0.0569989047944545,0,0.0268577951937913,0,0.0465231426060199,0,0.0404224693775177
0,0.0004950893344357,0,0.001598019618541,0,0.0002987648767884,0,0.012798024341464
0,0.0016180282691493,0,0.002299838932231,0,0.000598705606535,0,0.0055665108375251
0,0.0146897276863455,0,0.0528000704944133,0,0.37638920545578,0,0.4371169507503509
0,0.010337695479393,0,0.0210077203810215,0,0.0692580640316009,0,0.0543934404850006
0,0.0017090311739593,0,0.0056551257148385,0,0.0270516630262136,0,0.015245915390551
0,0.0100205121561884,0,0.0100512104108929,0,0.0137188145890831,0,0.0292407274246215
0,0.21492400765419,0,0.0089566558599472,0,0.0160002037882804,0,0.1447486132383346
0,0.0120551194995641,0,0.0101897213608026,0,0.0066190538927912,0,0.0478522628545761
0,0.0243588685989379,0,0.0066250478848814,0,0.0086208479478955,0,0.0952877625823021
0,0.0057643661275506,0,0.0060022617690265,0,0.0024023877922445,0,0.0223217252641916
0,0.0111177079379558,0,0.0048408661969006,0,0.006152257323265,0,0.0852404311299324
0,0.0298997480422258,0,0.0123160732910037,0,0.0117931757122278,0,0.5199522972106934
0,0.0086784213781356,0,0.0045884135179221,0,0.0020558282267302,0,0.0064774402417242
0,0.0014919505920261,0,0.0045228032395243,0,0.0004170723841525,0,0.0554765239357948
0,0.0018089552177116,0,0.0050827008672058,0,0.000500859809108,0,0.0442159846425056
0,0.0048921210691332,0,0.009352876804769,0,0.0036950500216335,0,0.0044852877035737
0,0.0016081923386082,0,0.0073391920886933,0,0.0030913711525499,0,0.0039915521629154
0,0.0173860248178243,0,0.0228362511843442,0,0.0303496308624744,0,0.0457701608538627
0,0.008364806883037,0,0.0231025516986846,0,0.0228931885212659,0,0.0507524088025093
0,0.0154052795842289,0,0.0094761969521641,0,0.0099532222375273,0,0.0274477768689394
0,0.0155381606891751,0,0.002207787008956,0,0.000915904296562,0,0.0286679901182651
0,0.0834928974509239,0,0.097255028784275,0,0.0216529946774244,0,0.203310951590538
0,0.2115756720304489,0,0.130528837442398,0,0.0148987341672182,0,0.2139163017272949
0,0.0938094481825828,0,0.1004395186901092,0,0.0166557673364877,0,0.1922980546951294
0,0.0016320958966389,0,0.0074910749681293,0,0.0045935912057757,0,0.0270572435110807
0,0.4406033158302307,0,0.0140951666980981,0,0.0040829572826623,0,0.0419262684881687
0,0.0004998348886147,0,0.0010331617668271,0,0.0009518865263089,0,0.0046649165451526
0,0.1207245513796806,0,0.4192621111869812,0,0.2551628053188324,0,0.7263562083244324
0,0.001145331072621,0,0.0120373116806149,0,0.0129629718139767,0,0.2089377641677856
0,0.5401476621627808,0,0.0095251388847827,0,0.0059916875325143,0,0.0311383213847875
0,0.033339075744152,0,0.006934680044651,0,0.0047237263061106,0,0.0831274837255477
0,0.034818310290575,0,0.0160780530422925,0,0.0117676518857479,0,0.0347018092870712
0,0.0007902420475147,0,0.0072494917549192,0,0.0058661750517785,0,0.1350054442882537
0,0.0349400639533996,0,0.0009627963881939,0,0.0010955381439998,0,0.012771176174283
0,0.0002748904225882,0,0.001584580168128,0,0.0004995571798644,0,0.0058987308293581
0,0.073669709265232,0,0.102269597351551,0,0.033942949026823,0,0.0575792528688907
0,0.3009471595287323,0,0.0123805254697799,0,0.0646364614367485,0,0.1576756983995437
0,0.4657540023326874,0,0.567753255367279,0,0.4610016942024231,0,0.7521721124649048
0,0.0029842345975339,0,0.0022352905943989,0,0.001256433664821,0,0.0086593022570014
0,0.0026396333705633,0,0.0016598840011283,0,0.001253796974197,0,0.0090952804312109
0,0.1184946820139885,0,0.2817420959472656,0,0.2393115311861038,0,0.7278716564178467
0,0.0009461390436626,0,0.0042963167652487,0,0.0011517851380631,0,0.0337633080780506
0,0.0069020432420074,0,0.0039046320598572,0,0.0096260393038392,0,0.0093495538458228
0,0.002465407596901,0,0.005592287518084,0,0.0085075898095965,0,0.0141616836190223
0,0.1296103000640869,0,0.0911861881613731,0,0.1925444304943084,0,0.7395546436309814
0,0.0028653678018599,0,0.0068631866015493,0,0.0302846655249595,0,0.3009317815303802
0,0.1173797696828842,0,0.0408454351127147,0,0.1741986572742462,0,0.400261640548706
0,0.2559861838817596,0,0.2837885022163391,0,0.4460790157318115,0,0.811677873134613
0,0.0011616522679105,0,0.0029809335246682,0,0.0018758587539196,0,0.0541381314396858
0,0.1902932673692703,0,0.2028753012418747,0,0.0274137835949659,0,0.0442947745323181
0,0.0038418194744735,0,0.0076905619353055,0,0.0034162527881562,0,0.0088929273188114
0,0.001271728426218,0,0.0031437594443559,0,0.0027932764496654,0,0.004687710199505
0,0.0148922409862279,0,0.0221224166452884,0,0.0177694503217935,0,0.0600263141095638
0,0.0094271665439009,0,0.01250312756747,0,0.0168857648968696,0,0.0619120262563228
0,0.0014042558614164,0,0.0017398942727595,0,0.0026847827248275,0,0.0042677097953855
0,0.0015398446703329,0,0.0036678763572126,0,0.002258360851556,0,0.0053185508586466
0,0.0015279300278052,0,0.0030926617328077,0,0.0014966626185923,0,0.0027240070048719
0,0.0109225483611226,0,0.0180483274161815,0,0.00941027328372,0,0.0765283927321434
0,0.0076816910877823,0,0.0117409750819206,0,0.0359212309122085,0,0.068020723760128
0,0.0064816093072295,0,0.0125895598903298,0,0.0031849758233875,0,0.0147827323526144
0,0.0016797306016087,0,0.0072962748818099,0,0.0071703405119478,0,0.0013101215008646
0,0.0021488612983375,0,0.0066749234683811,0,0.002002561232075,0,0.0045148050412535
0,0.0086162602528929,0,0.0116270361468195,0,0.0035280873998999,0,0.0548564493656158
0,0.0153792416676878,0,0.0063748871907591,0,0.0621213018894195,0,0.071240022778511
0,0.0054239220917224,0,0.0053032604046165,0,0.0088275568559765,0,0.013583343476057
0,0.0065316795371472,0,0.0034429365769028,0,0.0068037020973861,0,0.0087190875783562
0,0.0076138349249958,0,0.0029857316985726,0,0.0078110345639288,0,0.020654909312725
0,0.4845894575119018,0,0.2842792570590973,0,0.0509078055620193,0,0.0760408118367195
0,0.2469959557056427,0,0.2510295808315277,0,0.1512061953544616,0,0.3298394680023193
0,0.3490606248378753,0,0.4417696297168731,0,0.4803605377674103,0,0.622880220413208
0,0.0868870466947555,0,0.2002159208059311,0,0.0353201143443584,0,0.1264266967773437
0,0.1759762018918991,0,0.0169244464486837,0,0.0018806011648848,0,0.124054342508316
0,0.1582790464162826,0,0.0132015543058514,0,0.2818225920200348,0,0.0319949239492416
0,0.0161494705826044,0,0.0070950142107903,0,0.0067389542236924,0,0.0139263179153203
0,0.0240830946713686,0,0.0153605947270989,0,0.013045466504991,0,0.11367879062891
0,0.0179114211350679,0,0.0300014875829219,0,0.0167849715799093,0,0.0204869527369737
0,0.007099543698132,0,0.0057562687434256,0,0.027203794568777,0,0.0503552183508873
0,0.044573925435543,0,0.0344291068613529,0,0.0228619892150163,0,0.5346904397010803
0,0.0121955294162034,0,0.0107933366671204,0,0.0047593945637345,0,0.1541037261486053
0,0.0313520543277263,0,0.0010667478200048,0,0.0433121137320995,0,0.0506432019174099
0,0.0163813661783933,0,0.0201989244669675,0,0.0191661268472671,0,0.7993260025978088
0,0.0380409471690654,0,0.0346708111464977,0,0.5033531785011292,0,0.6920517086982727
0,0.0859392881393432,0,0.031353510916233,0,0.0225082729011774,0,0.3250673413276672
0,0.0455809012055397,0,0.0256933514028787,0,0.0567577891051769,0,0.1137446537613868
0,0.5772144794464111,0,0.5030725598335266,0,0.1761904805898666,0,0.7516995072364807
0,0.0390510633587837,0,0.0016290552448481,0,0.0093161407858133,0,0.0189318172633647
0,0.0012833799701184,0,0.0029930367600172,0,0.00694365426898,0,0.0047985496930778
0,0.0233560651540756,0,0.0060090953484177,0,0.0089524751529097,0,0.0309987533837556
0,0.045837577432394,0,0.0077297720126807,0,0.00585726974532,0,0.2700419425964355
0,0.0007410717662423,0,0.0039546689949929,0,0.006380305159837,0,0.0025208054576069
0,0.0214272998273372,0,0.0367703437805175,0,0.0344013646245002,0,0.0254225246608257
0,0.0054370388388633,0,0.0065606776624917,0,0.0104818176478147,0,0.2343578338623047
0,0.0007715012179687,0,0.0020168435294181,0,0.0054455623030662,0,0.0017574263038113
0,0.0884422659873962,0,0.0760926380753517,0,0.0387400910258293,0,0.0281304698437452
0,0.0193016473203897,0,0.01700159907341,0,0.0041021239012479,0,0.1206368207931518
0,0.0017663621110841,0,0.0040866644121706,0,0.0012056889245286,0,0.0206218566745519
0,0.0040341634303331,0,0.0110479239374399,0,0.0294233281165361,0,0.0528192147612571
0,0.0104455454275012,0,0.0060368687845766,0,0.010908618569374,0,0.3007961213588714
0,0.3146857023239136,0,0.0700122863054275,0,0.2513130009174347,0,0.3074350655078888
0,0.4462833106517792,0,0.2628312110900879,0,0.1272557824850082,0,0.1842568814754486
0,0.1930072903633117,0,0.032984685152769,0,0.5982480049133301,0,0.2215794026851654
0,0.0152837745845317,0,0.0163756981492042,0,0.0691436752676963,0,0.0301656164228916
0,0.2841252088546753,0,0.0365277267992496,0,0.1616033464670181,0,0.1437924951314926
0,0.0132627002894878,0,0.0043974397704005,0,0.0012672829907387,0,0.0061517059803009
0,0.1148424595594406,0,0.0003753319615498,0,0.0512072406709194,0,0.0044834041036665
0,0.0105180144309997,0,0.0252982974052429,0,0.0091829979792237,0,0.0048589594662189
0,0.1240627169609069,0,0.0008629296789877,0,0.0382104702293872,0,0.0410102121531963
0,0.015119569376111,0,0.004728153347969,0,0.0004963123938068,0,0.0050848256796598
0,0.0056580835953354,0,0.0020545322913676,0,0.0216882564127445,0,0.0967708528041839
0,0.0065855835564434,0,0.0017550779739394,0,0.0015090046217665,0,0.0079475222155451
0,0.0233467984944582,0,0.015885230153799,0,0.0560209788382053,0,0.050808660686016
0,0.2495349943637848,0,0.0338564962148666,0,0.0257589388638734,0,0.0336930267512798
0,0.1664264947175979,0,0.1382811069488525,0,0.6549856066703796,0,0.3670717179775238
0,0.2441871464252472,0,0.5870343446731567,0,0.4945142269134521,0,0.3304799795150757
0,0.0083270324394106,0,0.0221280641853809,0,0.1510246694087982,0,0.0474354363977909
0,0.0019931050483137,0,0.0089922631159424,0,0.039181962609291,0,0.0568845309317112
0,0.0263700019568204,0,0.8554154634475708,0,0.1372386515140533,0,0.2385495901107788
0,0.0069996882230043,0,0.020889637991786,0,0.1270495802164077,0,0.0266244709491729
0,0.0039877034723758,0,0.3904444277286529,0,0.0443544499576091,0,0.0518660731613636
0,0.0055506695061922,0,0.0078844465315341,0,0.000672367226798,0,0.0324804112315177
0,0.0903843194246292,0,0.0660464093089103,0,0.1526718437671661,0,0.0190261378884315
0,0.0031553709413856,0,0.0074429288506507,0,0.00055171380518,0,0.0151782548055052
0,0.0152888568118214,0,0.0161624085158109,0,0.0792284607887268,0,0.0166538693010807
0,0.003341092960909,0,0.007908446714282,0,0.0133255347609519,0,0.0069601233117282
0,0.0036664998624473,0,0.0037427344359457,0,0.0005112652434036,0,0.0068586086854338
0,0.0087945824488997,0,0.0118330931290984,0,0.0033791614696383,0,0.0248248577117919
0,0.0017907251603901,0,0.0056547499261796,0,0.0006382095161825,0,0.0073124184273183
0,0.0056860013864934,0,0.0007836169097572,0,0.0201195497065782,0,0.0389274917542934
0,0.0076763643883168,0,0.001040612347424,0,0.0164370406419038,0,0.021730575710535
0,0.005020142532885,0,0.0041017518378794,0,0.0037404154427349,0,0.0101997591555118
0,0.0043132868595421,0,0.0010445018997415,0,0.0012248281855136,0,0.0014479747042059
0,0.0107731781899929,0,0.0190764106810092,0,0.0167671088129282,0,0.0101251052692532
0,0.0028149166610091,0,0.0011399334762245,0,0.0007278592674992,0,0.0019394470145925
0,0.0075638992711901,0,0.0117650516331195,0,0.0038627360481768,0,0.0219805985689163
0,0.004038474522531,0,0.0019109225831925,0,0.0005990046774968,0,0.0020815944299101
0,0.0299829058349132,0,0.1314728707075119,0,0.3158414959907532,0,0.6346474885940552
0,0.0041296160779893,0,0.0020193338859826,0,0.0010144409025087,0,0.0035138002131134
0,0.0274149607867002,0,0.0247311145067214,0,0.1907210499048233,0,0.5253005027770996
0,0.0114811453968286,0,0.0045984513126313,0,0.0007952140294946,0,0.0041421051137149
0,0.0171219445765018,0,0.0496351607143878,0,0.2555255591869354,0,0.6966827511787415
0,0.2618284523487091,0,0.8495824337005615,0,0.5668710470199585,0,0.627627968788147
0,0.0005525411106646,0,0.0082346955314278,0,0.0007412406266666,0,0.0023898978251963
0,0.0006138889002613,0,0.0047775525599718,0,0.0007579831290058,0,0.0129234967753291
0,0.0013277763500809,0,0.0041228304617106,0,0.0010151911992579,0,0.0085209943354129
0,0.0003024196194019,0,0.0023756576701998,0,0.0017722102347761,0,0.001273910049349
0,0.0020325842779129,0,0.0055861654691398,0,0.0114045087248086,0,0.0078053018078207
