fold_1_labels,fold_1_predictions,fold_2_labels,fold_2_predictions,fold_3_labels,fold_3_predictions,fold_4_labels,fold_4_predictions
1,0.2849654853343963,1,0.4606537520885467,1,0.1357923001050949,1,0.0545157939195632
1,0.7738398909568787,1,0.8868116140365601,1,0.6879233717918396,1,0.6601795554161072
1,0.4631752073764801,1,0.738740086555481,1,0.6146105527877808,1,0.26558518409729
1,0.2220885753631591,1,0.2915018796920776,1,0.101783663034439,1,0.1289692521095276
1,0.2493109107017517,1,0.3392304182052612,1,0.2112159729003906,1,0.09025489538908
1,0.320269227027893,1,0.5747888684272766,1,0.2352005988359451,1,0.1251358389854431
1,0.2607268095016479,1,0.3521081507205963,1,0.3802379369735718,1,0.0493742153048515
1,0.123828001320362,1,0.1789010465145111,1,0.210537776350975,1,0.0106722991913557
1,0.3417331278324127,1,0.4224147498607635,1,0.6174509525299072,1,0.1901218295097351
1,0.3827610611915588,1,0.5065774917602539,1,0.5928565859794617,1,0.1495285183191299
1,0.2690218389034271,1,0.252115786075592,1,0.4633798599243164,1,0.1014890894293785
1,0.7464236617088318,1,0.4592529535293579,1,0.7499260902404785,1,0.7382583618164062
1,0.1012726426124572,1,0.1049588769674301,1,0.0943386629223823,1,0.0478029698133468
1,0.1860469579696655,1,0.0069613330997526,1,0.08070008456707,1,0.000954526127316
1,0.4776948392391205,1,0.5085930228233337,1,0.5153924226760864,1,0.3444209396839142
1,0.4278088510036468,1,0.6069235801696777,1,0.6184683442115784,1,0.517186164855957
1,0.7121017575263977,1,0.783075749874115,1,0.9259758591651917,1,0.6134013533592224
1,0.4227014183998108,1,0.0330976657569408,1,0.0664426311850547,1,0.1605722308158874
1,0.5768623948097229,1,0.3612483739852905,1,0.7244678735733032,1,0.6475978493690491
1,0.1529932171106338,1,0.0290239080786705,1,0.3403048515319824,1,0.1444181501865387
1,0.2839808762073517,1,0.0964430496096611,1,0.1864031553268432,1,0.8188946843147278
0,0.0482197403907775,0,0.1861502230167389,0,0.0506000742316246,0,0.0018961294554173
0,0.0210810974240303,0,0.0026026456616818,0,0.00032911344897,0,0.0002273542195325
0,0.0764245465397834,0,0.0304971877485513,0,0.2455729246139526,0,0.1262818425893783
0,0.0205068793147802,0,0.0028625244740396,0,0.0004953841562382,0,7.000302139203995e-05
0,0.0822692066431045,0,0.0317804329097271,0,0.3074182569980621,0,0.0603716447949409
0,0.014168556779623,0,0.0027308731805533,0,0.0003447529161348,0,4.2042320274049416e-05
0,0.0774159207940101,0,0.0230763219296932,0,0.2483904063701629,0,0.1986039876937866
0,0.0964912846684455,0,0.0133175952360033,0,0.0341103300452232,0,0.0052714203484356
0,0.1188583821058273,0,0.0288119595497846,0,0.0737499371170997,0,0.019626785069704
0,0.0136843724176287,0,0.0195534359663724,0,0.0041120611131191,0,0.0005964069277979
0,0.061024434864521,0,0.0144395045936107,0,0.0023170169442892,0,1.3085474165563936e-05
0,0.0266390107572078,0,0.0034495673608034,0,0.0003070171806029,0,0.0022825163323432
0,0.0855741873383522,0,0.0070550283417105,0,0.0183410309255123,0,0.0558560714125633
0,0.0215871818363666,0,0.0035097317304462,0,0.0002950063499156,0,0.0015176682500168
0,0.0597412474453449,0,0.2598904073238373,0,0.0190398097038269,0,0.0023550346959382
0,0.5387746691703796,0,0.0943671837449073,0,0.0386776104569435,0,0.0374667569994926
0,0.0045261257328093,0,0.0039615514688193,0,0.0012333220802247,0,0.0004667946777772
0,0.0078354636207222,0,0.0043988428078591,0,0.0004016749444417,0,0.001008159131743
0,0.0510690808296203,0,0.2403760254383087,0,0.0202776081860065,0,0.0029383180662989
0,0.0160018634051084,0,0.0158369019627571,0,0.0028856568969786,0,0.0029670153744518
0,0.0762564614415168,0,0.2995201349258423,0,0.0651599839329719,0,0.007324272301048
0,0.6249969005584717,0,0.0926501527428627,0,0.088053673505783,0,0.4015074372291565
0,0.0868277475237846,0,0.0723107159137725,0,0.0130932312458753,0,0.01919518224895
0,0.2758975923061371,0,0.0603615380823612,0,0.0434750653803348,0,0.0003187246620655
0,0.2077543139457702,0,0.3967728316783905,0,0.2043198943138122,0,0.0853967070579528
0,0.2953731417655945,0,0.295194536447525,0,0.5684967041015625,0,0.1504050493240356
0,0.0792914777994155,0,0.0110387746244668,0,0.0084885256364941,0,0.0013747225748375
0,0.130769282579422,0,0.0363801196217536,0,0.0256296824663877,0,0.0022246197331696
0,0.1938084661960601,0,0.5273911952972412,0,0.2589850723743438,0,0.1039473265409469
0,0.2117855250835418,0,0.3757152557373047,0,0.5709745287895203,0,0.1430457681417465
0,0.1201746091246604,0,0.0146998493000864,0,0.0142619563266634,0,0.0025219267699867
0,0.109315201640129,0,0.04728414863348,0,0.0117106717079877,0,0.0014043748378753
0,0.175012469291687,0,0.4991198778152466,0,0.2041979134082794,0,0.1047097593545913
0,0.2564533650875091,0,0.5393720269203186,0,0.5544551014900208,0,0.3192786872386932
0,0.1022760272026062,0,0.0160670056939125,0,0.0193194895982742,0,0.0007449526456184
0,0.2387187629938125,0,0.1551039367914199,0,0.0479742512106895,0,0.0050899563357234
0,0.1497621238231659,0,0.0231036152690649,0,0.2366087436676025,0,0.8700845837593079
0,0.0815136507153511,0,0.0041135298088192,0,0.0044872621074318,0,0.0250152386724948
0,0.1898898780345916,0,0.5116472840309143,0,0.2666600942611694,0,0.2981334328651428
0,0.2100405097007751,0,0.40120330452919,0,0.1898121833801269,0,0.0440880693495273
0,0.0949486568570137,0,0.010335792787373,0,0.0083784405142068,0,0.0037085795775055
0,0.0934071317315101,0,0.015466958284378,0,0.0076549355871975,0,0.0036314621102064
0,0.0098523907363414,0,0.0041416548192501,0,0.0067837280221283,0,0.000927053624764
0,0.1023264303803443,0,0.0085727786645293,0,0.0086052538827061,0,0.0024426849558949
0,0.0520508885383605,0,0.0138238668441772,0,0.0250343009829521,0,0.017437158152461
0,0.0259171389043331,0,0.0029046973213553,0,0.0052279462106525,0,0.3551269173622131
0,0.0508646368980407,0,0.0075927190482616,0,0.0095900623127818,0,0.008031447418034
0,0.106375366449356,0,0.0196858569979667,0,0.0136175500229001,0,0.0047330656088888
0,0.2780274748802185,0,0.2498218566179275,0,0.6038023233413696,0,0.3646144270896911
0,0.1518669128417968,0,0.1079939529299736,0,0.1176778227090835,0,0.0242051761597394
0,0.0257601514458656,0,0.0113460468128323,0,0.0229165088385343,0,0.0278215743601322
0,0.4843213260173797,0,0.817365288734436,0,0.5545163750648499,0,0.651512622833252
0,0.0191493220627307,0,0.0015095162671059,0,0.0016450703842565,0,0.0088192420080304
0,0.0066512022167444,0,0.0065281963907182,0,0.0018236603355035,0,0.0024271195288747
0,0.0325102433562278,0,0.0728172212839126,0,0.0023865804541856,0,0.0053836405277252
0,0.0132665205746889,0,0.0013360331067815,0,0.0019456798909232,0,0.00369110587053
0,0.0061844671145081,0,0.005993079394102,0,0.0009479888249188,0,0.0021893959492444
0,0.0273173972964286,0,0.0466178283095359,0,0.0032415895257145,0,0.0028611789457499
0,0.0157516524195671,0,0.001597135909833,0,0.0017152301734313,0,0.0084274774417281
0,0.0067034596577286,0,0.0070308083668351,0,0.0011079531395807,0,0.0041129398159682
0,0.1014297530055046,0,0.0415448434650898,0,0.027646342292428,0,0.0263100508600473
0,0.1907119154930114,0,0.0212469454854726,0,0.2056744396686554,0,0.0115159787237644
0,0.0169301349669694,0,0.0021689247805625,0,0.001047225552611,0,0.0035890652798116
0,0.0104645229876041,0,0.0063370084390044,0,0.1224265322089195,0,0.0387995243072509
0,0.1007622331380844,0,0.0851122438907623,0,0.0053329360671341,0,0.0037636684719473
0,0.0117244822904467,0,0.0024126262869685,0,0.0032373906578868,0,0.0007271018694154
0,0.0132726691663265,0,0.002422988647595,0,0.0025367769412696,0,0.001446335343644
0,0.0150070004165172,0,0.0026399572379887,0,0.0021736864000558,0,0.0008037855732254
0,0.0839183703064918,0,0.0140143427997827,0,0.0340103581547737,0,0.0735055357217788
0,0.0770314261317253,0,0.0142129687592387,0,0.040911741554737,0,0.0220328550785779
0,0.3060476183891296,0,0.066182442009449,0,0.5462703108787537,0,0.0842198431491851
0,0.298742264509201,0,0.0599119886755943,0,0.4141492843627929,0,0.0313872136175632
0,0.3398609459400177,0,0.31924769282341,0,0.4836299419403076,0,0.1309403330087661
0,0.0290877874940633,0,0.0090462742373347,0,0.0215292703360319,0,0.0006011720979586
0,0.1215071231126785,0,0.0976611524820327,0,0.0959970355033874,0,0.113000750541687
0,0.124940812587738,0,0.0900993421673774,0,0.1786662638187408,0,0.0586253851652145
0,0.4347786009311676,0,0.6351131796836853,0,0.036662507802248,0,0.1025351956486702
0,0.0433515794575214,0,0.0146220372989773,0,0.0035385722294449,0,0.0054007512517273
0,0.0988023653626442,0,0.0080321803689002,0,0.0077064293436706,0,0.0001413460995536
0,0.0812590792775154,0,0.0077274171635508,0,0.0447633042931556,0,0.051769096404314
0,0.1857391595840454,0,0.2047020643949508,0,0.0323736481368541,0,0.0021061750594526
0,0.0868849754333496,0,0.0062326178885996,0,0.0055986368097364,0,0.0005837431526742
0,0.1413301229476928,0,0.1509728133678436,0,0.0366398729383945,0,0.0028312678914517
0,0.0199500434100627,0,0.0031259744428098,0,0.0072181513532996,0,0.002040300052613
0,0.0834677293896675,0,0.0042463829740881,0,0.011883346363902,0,0.0009442164446227
0,0.0397341921925544,0,0.0202562194317579,0,0.0161502212285995,0,0.0115210441872477
0,0.185940071940422,0,0.2514865398406982,0,0.0536866188049316,0,0.0030190788675099
0,0.0803443193435669,0,0.0232458859682083,0,0.0148049099370837,0,0.0009326568688265
0,0.4557732939720154,0,0.2392007261514663,0,0.3290139734745025,0,0.1169914901256561
0,0.0912796929478645,0,0.0057010506279766,0,0.1604387760162353,0,0.1205687597393989
0,0.2777031660079956,0,0.1918185949325561,0,0.5075219869613647,0,0.0487184561789035
0,0.2674719095230102,0,0.0569317378103733,0,0.4532648026943207,0,0.1342376917600631
0,0.2731409668922424,0,0.0899300500750541,0,0.443545937538147,0,0.1149538606405258
0,0.2811265885829925,0,0.1049010828137397,0,0.436702013015747,0,0.1733655929565429
0,0.014386068098247,0,0.0275148544460535,0,0.0066375560127198,0,0.0123585583642125
0,0.3192726671695709,0,0.3446469008922577,0,0.0446721389889717,0,0.0893106311559677
0,0.3548131585121155,0,0.1788583546876907,0,0.0317591205239295,0,0.081624299287796
0,0.3187731802463531,0,0.1781099289655685,0,0.0333910547196865,0,0.0514733903110027
0,0.5044810175895691,0,0.0134086729958653,0,0.0467819422483444,0,0.0336275286972522
0,0.1012012287974357,0,0.1214495077729225,0,0.0483604036271572,0,0.0058088512159883
0,0.012837435118854,0,0.0040766992606222,0,0.0087883872911334,0,0.0010112671880051
0,0.060888685286045,0,0.0109792510047554,0,0.0021838704124093,0,0.0195700619369745
0,0.0647072568535804,0,0.0095731560140848,0,0.0015510574448853,0,0.0578633174300193
0,0.0827351137995719,0,0.0662634298205375,0,0.1181442812085151,0,0.0280248410999774
0,0.0422949492931366,0,0.0053114616312086,0,0.0250936467200517,0,0.0033877186942845
0,0.0350083746016025,0,0.0026435002218931,0,0.0437478497624397,0,0.0062458394095301
0,0.0718071907758712,0,0.0262371283024549,0,0.0628072097897529,0,0.0093043716624379
0,0.0584170892834663,0,0.0165211167186498,0,0.0726423785090446,0,0.0152282146736979
0,0.0529393106698989,0,0.0065686348825693,0,0.0011345234233886,0,0.0194981973618268
0,0.0146802812814712,0,0.0019762217998504,0,0.000129316249513,0,3.200536593794823e-05
0,0.0197325088083744,0,0.0015568732051178,0,0.0002598653663881,0,7.675425877096131e-05
0,0.0166276898235082,0,0.0073078642599284,0,0.0006317815859802,0,0.0013371811946853
0,0.0147428531199693,0,0.0018392105121165,0,0.000241264104261,0,0.0001022314900183
0,0.0164830572903156,0,0.0107573140412569,0,0.001342192525044,0,0.0011186437914147
0,0.0300912037491798,0,0.0789706483483314,0,0.0081760762259364,0,0.048703484237194
0,0.2632089555263519,0,0.0463755577802658,0,0.0387714020907878,0,0.051750935614109
0,0.0414907447993755,0,0.0127849513664841,0,0.0212118178606033,0,0.0050002317875623
0,0.0097522959113121,0,0.0025191945023834,0,0.0009802520507946,0,0.0004585123679134
0,0.042609017342329,0,0.0085389968007802,0,0.0145039688795804,0,0.0022359895519912
0,0.1298087537288665,0,0.0350129716098308,0,0.0608069375157356,0,0.0066348370164632
0,0.0079188318923115,0,0.0013369565131142,0,0.0006239938084036,0,0.000437094568042
0,0.0225672665983438,0,0.0020456782076507,0,0.0046413987874984,0,0.0051583186723291
0,0.0787724554538726,0,0.2345196902751922,0,0.2254543006420135,0,0.0209060981869697
0,0.0114445276558399,0,0.002331570489332,0,0.0022702235728502,0,0.0002449006424285
0,0.0309455133974552,0,0.0158266182988882,0,0.049729723483324,0,0.0172929465770721
0,0.0107613904401659,0,0.0202806144952774,0,0.0026404371019452,0,0.369819313287735
0,0.033902071416378,0,0.0149841029196977,0,0.0045991693623363,0,0.0012384811416268
0,0.0366547107696533,0,0.046762641519308,0,0.0311852656304836,0,0.0069703799672424
0,0.0125138293951749,0,0.0028125406242907,0,0.0042901774868369,0,0.0007487839902751
0,0.0285954214632511,0,0.0158772189170122,0,0.0356100611388683,0,0.0137065034359693
0,0.0132252788171172,0,0.0162930823862552,0,0.003398100612685,0,0.267488420009613
0,0.2683039307594299,0,0.3754834234714508,0,0.3444021344184875,0,0.4816666543483734
0,0.3041412830352783,0,0.3024090230464935,0,0.5547780394554138,0,0.402900367975235
0,0.3258453011512756,0,0.2753055095672607,0,0.2990925312042236,0,0.4494065940380096
0,0.0286583490669727,0,0.0219111740589141,0,0.0170483868569135,0,0.0071180616505444
0,0.128047838807106,0,0.0173401869833469,0,0.0122029241174459,0,0.0144982989877462
0,0.2095311433076858,0,0.0557422526180744,0,0.0123850088566541,0,0.002086954191327
0,0.1201648339629173,0,0.2934991419315338,0,0.1302811652421951,0,0.0584323778748512
0,0.0624374933540821,0,0.0098358774557709,0,0.0143205169588327,0,1.672887083259411e-05
0,0.0136452270671725,0,0.0149598894640803,0,0.0657338723540306,0,0.0089320130646228
0,0.0238736681640148,0,0.0282176323235034,0,0.0636092722415924,0,0.0130489598959684
0,0.0117482095956802,0,0.004015889018774,0,0.0180150382220745,0,0.0066780759952962
0,0.0449065826833248,0,0.0792728289961814,0,0.0064490586519241,0,0.1715969741344452
0,0.2496986985206604,0,0.0416840799152851,0,0.0245554354041814,0,0.2150167673826217
0,0.2304256707429886,0,0.2507952153682709,0,0.1014304086565971,0,0.0773182734847068
0,0.2467682063579559,0,0.0562984198331832,0,0.233355700969696,0,0.1877615749835968
0,0.352312296628952,0,0.3345279991626739,0,0.399468332529068,0,0.0550922751426696
0,0.0151174264028668,0,0.0013451254926621,0,0.0002691456174943,0,0.0003752866759896
0,0.0108261415734887,0,0.0545374192297458,0,0.0463529899716377,0,0.0025262704584747
0,0.0143089108169078,0,0.0014652858953922,0,0.0004439533804543,0,0.0005961438291706
0,0.015718488022685,0,0.0018614871660247,0,0.0002384980325587,0,0.0002325198292965
0,0.3040480017662048,0,0.5876790881156921,0,0.7039891481399536,0,0.2441659420728683
0,0.2311702966690063,0,0.6197298765182495,0,0.6191722750663757,0,0.1670169979333877
0,0.281363695859909,0,0.5966417789459229,0,0.6164729595184326,0,0.1742240935564041
0,0.2331886738538742,0,0.1011199355125427,0,0.0981026440858841,0,0.0266627129167318
0,0.2842828035354614,0,0.1004814803600311,0,0.128519207239151,0,0.0897009149193763
0,0.2359141260385513,0,0.0903845950961113,0,0.0824856162071228,0,0.0319723859429359
0,0.5216289758682251,0,0.04621572047472,0,0.1065507903695106,0,0.0773967802524566
0,0.0080030318349599,0,0.0122120724990963,0,0.0149949882179498,0,0.0007282512378878
0,0.0674557909369468,0,0.0064984671771526,0,0.0660572797060012,0,4.403888306114823e-05
0,0.0121855083853006,0,0.0069386051036417,0,0.0002052282943623,0,0.0035969607997685
0,0.0231125447899103,0,0.0194216482341289,0,0.1915704309940338,0,0.0055031483061611
0,0.0140145402401685,0,0.0027360480744391,0,0.0047190766781568,0,0.0001693190279183
0,0.0197671074420213,0,0.004442086443305,0,0.0005640418385155,0,0.0038530493620783
0,0.0150835197418928,0,0.0140642691403627,0,0.0452171750366687,0,0.0010944417444989
0,0.019888237118721,0,0.0023023085668683,0,0.0298741981387138,0,0.0018540333257988
0,0.0130143696442246,0,0.0017773422878235,0,0.0002334109740331,0,0.0064086900092661
0,0.218702420592308,0,0.2372453957796096,0,0.255940705537796,0,0.1619917899370193
0,0.333867073059082,0,0.0706029683351516,0,0.3293779492378235,0,0.0055588562972843
0,0.2421415299177169,0,0.1582002788782119,0,0.1635143160820007,0,0.195818543434143
0,0.2442357838153839,0,0.3623629510402679,0,0.4489106833934784,0,0.2035448253154754
0,0.0239088386297225,0,0.0154619207605719,0,0.0245519578456878,0,0.0013130602892488
0,0.1798334419727325,0,0.0422415882349014,0,0.171308159828186,0,0.0014029191806912
0,0.193327397108078,0,0.4337474405765533,0,0.4183640778064728,0,0.6659783720970154
0,0.0716850087046623,0,0.0806747898459434,0,0.0349214747548103,0,0.0154973976314067
0,0.2466092258691787,0,0.3485475480556488,0,0.3833383023738861,0,0.1656323969364166
0,0.2765232026576996,0,0.3405914902687073,0,0.5523156523704529,0,0.1335185319185257
0,0.0885421708226203,0,0.0076012243516743,0,0.0634759441018104,0,0.085325963795185
0,0.0280101615935564,0,0.006108368281275,0,0.0087138917297124,0,0.0014164040330797
0,0.2980925142765045,0,0.0107127064839005,0,0.4396752417087555,0,0.4393804669380188
0,0.3417043685913086,0,0.0191995315253734,0,0.0136573947966098,0,0.0016843194607645
0,0.3766643702983856,0,0.0437303259968757,0,0.0216032546013593,0,0.0480275377631187
0,0.3665974140167236,0,0.0300710033625364,0,0.0166163817048072,0,0.0297232810407876
0,0.0153524912893772,0,0.0058664036914706,0,0.0045912521891295,0,0.0008515651570633
0,0.1006104871630668,0,0.4328331351280212,0,0.3777597546577453,0,0.0744192525744438
0,0.0532867684960365,0,0.0103777609765529,0,0.0864921882748603,0,0.0581226535141468
0,0.0077220806851983,0,0.0028929708059877,0,0.0007578033837489,0,0.0009450227953493
0,0.0761763229966163,0,0.0082134520635008,0,0.0216551702469587,0,0.0183890517801046
0,0.0372009240090847,0,0.0992729514837265,0,0.0305852741003036,0,0.0215004291385412
0,0.0313464105129241,0,0.0035969607997685,0,0.0018471868243068,0,0.0068732169456779
0,0.0297382790595293,0,0.1893848180770874,0,0.0446574911475181,0,0.0420780964195728
0,0.015214841812849,0,0.0283595342189073,0,0.0112159680575132,0,0.0029200408607721
0,0.0192813910543918,0,0.0664603784680366,0,0.0242552831768989,0,0.0040759365074336
0,0.0301082134246826,0,0.0042220181785523,0,0.0007967519923113,0,0.0001495239848736
0,0.0158889424055814,0,0.0278581921011209,0,0.0176784321665763,0,0.006314200349152
0,0.0441971868276596,0,0.0055796955712139,0,0.0038780942559242,0,0.0001467766996938
0,0.0502239055931568,0,0.01780916005373,0,0.0063492893241345,0,0.0109733445569872
0,0.5573260188102722,0,0.7485138177871704,0,0.4520740211009979,0,0.1169628351926803
0,0.6132177710533142,0,0.7540405988693237,0,0.4833060503005981,0,0.1918578594923019
0,0.5927229523658752,0,0.7499264478683472,0,0.4677637219429016,0,0.2557229995727539
0,0.0783071666955947,0,0.005744987167418,0,0.0032455453183501,0,0.0012190766865387
0,0.1123167350888252,0,0.0081124631687998,0,0.0073222410865128,0,0.0023746306542307
0,0.221635416150093,0,0.0135086998343467,0,0.0073781851679086,0,0.0115002421662211
0,0.0158498920500278,0,0.0035180146805942,0,0.015777613967657,0,0.0787040740251541
0,0.1098232939839363,0,0.1608991622924804,0,0.0104592209681868,0,0.002024290850386
0,0.0336800478398799,0,0.1366371214389801,0,0.0086284475401043,0,0.0020560494158416
0,0.5541089177131653,0,0.6539578437805176,0,0.6939418315887451,0,0.2218370884656906
0,0.3961913287639618,0,0.379773199558258,0,0.4901109039783478,0,0.065455861389637
0,0.0631803274154663,0,0.2318809777498245,0,0.0356693975627422,0,0.0099085643887519
0,0.0165687389671802,0,0.0011263990309089,0,0.0176575258374214,0,0.0012996743898838
0,0.5130026340484619,0,0.1448826491832733,0,0.0909080579876899,0,0.3733623027801513
0,0.0254331603646278,0,0.0035890021827071,0,0.0047789649106562,0,0.0058912415988743
0,0.0135767720639705,0,0.0136948227882385,0,0.003729349002242,0,0.0006270493613556
0,0.0237794537097215,0,0.019065786153078,0,0.0092144487425684,0,0.0005624219193123
0,0.0168279279023408,0,0.0028081762138754,0,0.0056493016891181,0,0.0028215232305228
0,0.0253059081733226,0,0.0198796279728412,0,0.0076751802116632,0,0.0006722090183757
0,0.0292695425450801,0,0.0062755737453699,0,0.0094447573646903,0,0.0042856512591242
0,0.0129477279260754,0,0.0199804678559303,0,0.0060882493853569,0,0.0016780172009021
0,0.0258822403848171,0,0.018186580389738,0,0.0087633961811661,0,0.0002695598232094
0,0.7158553600311279,0,0.0881608054041862,0,0.6063698530197144,0,0.6116031408309937
0,0.066660888493061,0,0.0074043492786586,0,0.0078318789601325,0,0.0097833815962076
0,0.0072149094194173,0,0.0030778679065406,0,0.0019415646092966,0,0.000700621982105
0,0.0317743942141532,0,0.0069380565546453,0,0.006011810619384,0,0.0002473701024428
0,0.0298578515648841,0,0.0059117302298545,0,0.0057210065424442,0,0.0002422069519525
0,0.0339608006179332,0,0.0067876041866838,0,0.0077336095273494,0,0.0002506937016732
1,0.5373750329017639,1,0.6996073126792908,1,0.6726654171943665,1,0.2695587575435638
1,0.7101618647575378,1,0.5537624955177307,1,0.5848597884178162,1,0.7334893345832825
1,0.3239736258983612,1,0.1435304582118988,1,0.1986081600189209,1,0.0701808035373687
1,0.4838391542434692,1,0.1827588975429535,1,0.1618794649839401,1,0.1211011111736297
1,0.4882622957229614,1,0.1748459339141845,1,0.2071297466754913,1,0.1217977404594421
1,0.4185052514076233,1,0.6907150149345398,1,0.5768638849258423,1,0.6562427282333374
1,0.9401693344116212,1,0.9211808443069458,1,0.9205519556999208,1,0.996118426322937
1,0.0487947538495063,1,0.017974380403757,1,0.0110961413010954,1,0.0226386189460754
1,0.128047302365303,1,0.0230112262070179,1,0.0326570197939872,1,0.0366131477057933
1,0.4288857579231262,1,0.4397308528423309,1,0.2312402427196502,1,0.0981778502464294
1,0.1178147867321968,1,0.0562816485762596,1,0.2901653051376343,1,0.0801170989871025
1,0.1996601223945617,1,0.0475268363952636,1,0.6849963068962097,1,0.5979983806610107
1,0.0725417509675026,1,0.0774628967046737,1,0.0334088616073131,1,0.0436846278607845
1,0.1547417789697647,1,0.0245070233941078,1,0.3845351338386535,1,0.425863653421402
1,0.3864149451255798,1,0.2426421791315078,1,0.3973807394504547,1,0.1990409195423126
1,0.0223573967814445,1,0.0055214068852365,1,0.0055677676573395,1,0.0117639750242233
1,0.0645869523286819,1,0.0172750391066074,1,0.0489309653639793,1,0.0237444750964641
1,0.1437112390995025,1,0.0112308012321591,1,0.0974961444735527,1,0.0016807784559205
1,0.1573439240455627,1,0.1207192093133926,1,0.6122179627418518,1,0.1951711624860763
1,0.3646334409713745,1,0.5572399497032166,1,0.3447097241878509,1,0.556186854839325
1,0.3158978521823883,1,0.6977464556694031,1,0.7293052673339844,1,0.5106009840965271
1,0.407690942287445,1,0.7523622512817383,1,0.5200562477111816,1,0.4014211595058441
1,0.571063220500946,1,0.8007722496986389,1,0.7905145883560181,1,0.3894477784633636
1,0.0785679221153259,1,0.1034190133213996,1,0.3616344928741455,1,0.2133755534887313
1,0.0643059685826301,1,0.0734743252396583,1,0.3232627511024475,1,0.2417320609092712
1,0.1165450885891914,1,0.059025302529335,1,0.4874776005744934,1,0.5676758289337158
0,0.0651478841900825,0,0.5086341500282288,0,0.3486159145832062,0,0.0768396258354187
0,0.0230104699730873,0,0.3420295715332031,0,0.0623017661273479,0,0.0207570400089025
0,0.0943103358149528,0,0.0315280631184577,0,0.1884423792362213,0,0.0258058868348598
0,0.0139973536133766,0,0.0082336952909827,0,0.0014506514417007,0,0.0028555032331496
0,0.0076721129007637,0,0.0085061900317668,0,0.0011591523652896,0,0.0030646272934973
0,0.1713332086801529,0,0.5361915826797485,0,0.3379809260368347,0,0.8510643839836121
0,0.0656480193138122,0,0.1163963824510574,0,0.0838595107197761,0,0.0065736812539398
0,0.042225956916809,0,0.0111284609884023,0,0.001440834486857,0,0.0001691595825832
0,0.0998175144195556,0,0.480543315410614,0,0.4132834672927856,0,0.4164812266826629
0,0.0609445795416832,0,0.0114163747057318,0,0.0081234136596322,0,0.0191278792917728
0,0.0611831694841384,0,0.1089071407914161,0,0.0776393562555313,0,0.0044119330123066
0,0.0666965544223785,0,0.011418230831623,0,0.553406834602356,0,0.0199034437537193
0,0.219975471496582,0,0.0429248437285423,0,0.5158875584602356,0,0.1225047782063484
0,0.1482272446155548,0,0.6704910397529602,0,0.6062304973602295,0,0.666795551776886
0,0.0293299704790115,0,0.016072304919362,0,0.0354511328041553,0,0.0008479259558953
0,0.0091486601158976,0,0.0947105288505554,0,0.0404060222208499,0,0.0183648541569709
0,0.0832547768950462,0,0.0182339586317539,0,0.0196767672896385,0,0.0004647060122806
0,0.0161168575286865,0,0.0161639098078012,0,0.0029246355406939,0,0.0153257781639695
0,0.039754468947649,0,0.0387856923043727,0,0.1289750635623932,0,0.0080985892564058
0,0.4615747034549713,0,0.3038707971572876,0,0.1524596810340881,0,0.0392167083919048
0,0.1500119864940643,0,0.019893605262041,0,0.0423545986413955,0,0.2289584279060363
0,0.1499904990196228,0,0.0963117405772209,0,0.1363394260406494,0,0.0063133682124316
0,0.2184876799583435,0,0.03573939204216,0,0.051640085875988,0,0.0138075537979602
0,0.1171739175915718,0,0.017454968765378,0,0.0442434884607791,0,0.0038597867824137
0,0.0272139012813568,0,0.0042225834913551,0,0.0162459034472703,0,0.0003490954695735
0,0.0697825774550437,0,0.0241910312324762,0,0.0005727304960601,0,0.0179765783250331
0,0.1219198182225227,0,0.0223980229347944,0,0.0154917016625404,0,0.0129754412919282
0,0.0250201858580112,0,0.0042762323282659,0,0.0222118031233549,0,0.0004471568390727
0,0.0251229703426361,0,0.0037246374413371,0,0.0097507387399673,0,0.0002883863926399
0,0.0138185629621148,0,0.0045673665590584,0,0.0181123446673154,0,0.0109441801905632
0,0.3947535753250122,0,0.2064167410135269,0,0.4620656669139862,0,0.0401825234293937
0,0.5221991539001465,0,0.5909537672996521,0,0.5304480195045471,0,0.0369776263833045
0,0.567937970161438,0,0.238637089729309,0,0.4253572523593902,0,0.2405190765857696
0,0.1492528617382049,0,0.2911835014820099,0,0.2161161750555038,0,0.148664116859436
0,0.3999107182025909,0,0.4359115660190582,0,0.4972084164619446,0,0.1695362776517868
0,0.5129553079605103,0,0.7441361546516418,0,0.6277732253074646,0,0.3199859857559204
0,0.0780011266469955,0,0.0566223971545696,0,0.0600769855082035,0,0.0198926012963056
0,0.0398348905146122,0,0.0041605522856116,0,0.0388217084109783,0,0.0933295711874961
0,0.3814263939857483,0,0.1923192143440246,0,0.0759987831115722,0,0.3349268138408661
0,0.0442789904773235,0,0.0032885938417166,0,0.0349706821143627,0,0.0766726285219192
0,0.0377512276172637,0,0.0054027675651013,0,0.0157741941511631,0,0.0005701907211914
0,0.0334711633622646,0,0.0039381799288094,0,0.0187902506440877,0,0.0675968155264854
0,0.4326060116291046,0,0.4245189428329468,0,0.177958995103836,0,0.2947275936603546
0,0.0849663615226745,0,0.0381001606583595,0,0.0257366839796304,0,4.31229273090139e-05
0,0.0420340709388256,0,0.0484419912099838,0,0.040436778217554,0,0.0004424994695
0,0.0436340197920799,0,0.0745090991258621,0,0.0979445278644561,0,0.0021535430569201
0,0.1343785226345062,0,0.0892489254474639,0,0.1001872569322586,0,0.1307200789451599
0,0.1030549257993698,0,0.0091252410784363,0,0.0206289645284414,0,0.189476728439331
0,0.1784354597330093,0,0.0368528924882411,0,0.021661177277565,0,0.0038910636212676
0,0.0860195681452751,0,0.0205583795905113,0,0.0253234207630157,0,0.1232552304863929
0,0.1848704218864441,0,0.0276799984276294,0,0.0266032256186008,0,0.0036498585250228
0,0.1869706064462661,0,0.0189341679215431,0,0.0140394568443298,0,0.0120476027950644
0,0.084662839770317,0,0.0371525660157203,0,0.0370026230812072,0,0.0555647537112236
0,0.025163110345602,0,0.0713197290897369,0,0.0143039831891655,0,0.0322073958814144
0,0.0159046240150928,0,0.0859915018081665,0,0.015687258914113,0,0.0020689317025244
0,0.0306418035179376,0,0.1189358979463577,0,0.0065807476639747,0,0.0006983072380535
0,0.0040802340954542,0,0.0008567243348807,0,0.0015924317995086,0,0.0002235674328403
0,0.6192696690559387,0,0.1525134444236755,0,0.2113218754529953,0,0.1832789182662964
0,0.0144969569519162,0,0.024338124319911,0,0.0194864496588706,0,0.0098114525899291
0,0.1455136090517044,0,0.0843253210186958,0,0.3238768577575683,0,0.0153965009376406
0,0.1754182130098343,0,0.1686634123325348,0,0.4931341409683227,0,0.0717039927840232
0,0.046648770570755,0,0.0065680067054927,0,0.0726935490965843,0,0.006548261269927
0,0.034084565937519,0,0.0039612241089344,0,0.0147432629019021,0,0.0122294723987579
0,0.0064096036367118,0,0.0027574964333325,0,0.0002602139720693,0,0.0015337127260863
0,0.0383706651628017,0,0.0047014122828841,0,0.0225015077739954,0,0.0028581237420439
0,0.0046761040575802,0,0.0013920981436967,0,0.0003026024496648,0,0.0034283997956663
0,0.0532878302037715,0,0.0123216304928064,0,0.0579137280583381,0,0.0137772122398018
0,0.0052885906770825,0,0.0027855676598846,0,0.0007207188755273,0,0.003185458946973
0,0.0174603424966335,0,0.0251604560762643,0,0.0394353009760379,0,0.0381332300603389
0,0.0308818817138671,0,0.0218600258231163,0,0.0355665311217308,0,0.0141344750300049
0,0.0184752605855464,0,0.0307736583054065,0,0.0167429372668266,0,0.0002686715452
0,0.0455272682011127,0,0.0700565502047538,0,0.0014636981068179,0,0.0001257873373106
0,0.0128767844289541,0,0.0078503787517547,0,0.0017093216301873,0,0.0177167132496833
0,0.0438163504004478,0,0.0156302843242883,0,0.001214062445797,0,0.0002923623542301
0,0.1798316836357116,0,0.0788306668400764,0,0.0472787246108055,0,0.110432893037796
0,0.0201949179172515,0,0.0167807918041944,0,0.0045999665744602,0,0.0001694711681921
0,0.4054957926273346,0,0.1022871509194374,0,0.5755652785301208,0,0.0475180372595787
0,0.0758079886436462,0,0.4187669456005096,0,0.0964597091078758,0,0.0088036200031638
0,0.0185896083712577,0,0.0016954037128016,0,0.0008393882890231,0,0.0003446839109528
0,0.0209763646125793,0,0.1517761200666427,0,0.0152020007371902,0,0.0006960025057196
0,0.1090809628367424,0,0.4563817977905273,0,0.1073077991604805,0,0.0204518064856529
0,0.0243736747652292,0,0.2935061752796173,0,0.0312985777854919,0,0.0014281354378908
0,0.0255306810140609,0,0.0121382251381874,0,0.0099313016980886,0,0.0060297055169939
0,0.024379177019,0,0.0161599367856979,0,0.0039373552426695,0,0.0017795159947127
0,0.0269394889473915,0,0.0180389191955328,0,0.003148965537548,0,0.000940817524679
0,0.1803952753543853,0,0.1687347292900085,0,0.2984985411167145,0,0.0360971800982952
0,0.1632158905267715,0,0.1422664672136306,0,0.2511501014232635,0,0.0623092539608478
0,0.3368697464466095,0,0.1851468831300735,0,0.2332775592803955,0,0.6066756844520569
0,0.2760495245456695,0,0.1747974753379821,0,0.1914094984531402,0,0.588953971862793
0,0.1636659353971481,0,0.1195928528904914,0,0.3020215928554535,0,0.0262202993035316
0,0.1194887608289718,0,0.057973738759756,0,0.1288773417472839,0,0.0055502247996628
0,0.1197911724448204,0,0.052547663450241,0,0.2148610353469848,0,0.009976752102375
0,0.1280430108308792,0,0.0544719211757183,0,0.1583030521869659,0,0.0060462583787739
0,0.1215496212244033,0,0.1435724049806594,0,0.314951092004776,0,0.0402620993554592
0,0.0822604224085807,0,0.0251418799161911,0,0.0397171750664711,0,0.0255734883248806
0,0.3720488250255584,0,0.8325299024581909,0,0.7352946996688843,0,0.6183103919029236
0,0.1712228953838348,0,0.3211360871791839,0,0.3255108892917633,0,0.0010517630726099
0,0.6721696853637695,0,0.690037190914154,0,0.7413604259490967,0,0.1749646216630935
0,0.0888586938381195,0,0.0337969250977039,0,0.1186437159776687,0,0.0119890924543142
0,0.0144863240420818,0,0.0020946895238012,0,0.000714112422429,0,2.611890886328183e-05
0,0.0224020406603813,0,0.0049846149049699,0,0.0026347497478127,0,5.550279456656426e-05
0,0.0358285494148731,0,0.0137000866234302,0,0.0023257897701114,0,4.216325032757595e-05
0,0.0193693172186613,0,0.0072846245020627,0,0.0030497421976178,0,0.0091779790818691
0,0.0273028463125228,0,0.0073629044927656,0,0.0021481518633663,0,1.7668080545263365e-05
0,0.1194217130541801,0,0.0290306936949491,0,0.0079427193850278,0,0.0242835767567157
0,0.0210782643407583,0,0.0074417446739971,0,0.0053219143301248,0,0.0204120986163616
0,0.0539401434361934,0,0.1242123842239379,0,0.023208487778902,0,0.0138807259500026
0,0.045319814234972,0,0.0923169329762458,0,0.0168385487049818,0,0.0045241410844028
0,0.0214163139462471,0,0.0028411408420652,0,0.0400402471423149,0,0.002918513957411
0,0.0390990301966667,0,0.1229500696063041,0,0.030070923268795,0,0.0112933916971087
0,0.0220979452133178,0,0.0035122376866638,0,0.026345333084464,0,0.0053543243557214
0,0.261767566204071,0,0.6617908477783203,0,0.4114172160625458,0,0.6605380177497864
0,0.0448580272495746,0,0.0199743788689374,0,0.00991593580693,0,0.0208785943686962
0,0.0440787076950073,0,0.0232227463275194,0,0.0081543736159801,0,0.0006850903737358
0,0.0724763646721839,0,0.0162664540112018,0,0.0238841716200113,0,0.0062368777580559
0,0.0394294373691082,0,0.0224287398159503,0,0.0102773923426866,0,0.0298154540359973
0,0.2201986312866211,0,0.6257003545761108,0,0.3972915709018707,0,0.8284827470779419
0,0.0334122478961944,0,0.0063643180765211,0,0.0089153051376342,0,0.0049076103605329
0,0.0369213484227657,0,0.0196680128574371,0,0.0093595450744032,0,0.0264631696045398
0,0.0777759999036789,0,0.0168996807187795,0,0.0142246056348085,0,0.0037989104166626
0,0.2361983805894851,0,0.6497657895088196,0,0.4213601350784302,0,0.8198611736297607
0,0.0616560392081737,0,0.0117162587121129,0,0.0301232151687145,0,0.023203445598483
0,0.0351272486150264,0,0.0054552322253584,0,0.0301497466862201,0,0.0078981323167681
0,0.0829473510384559,0,0.030318422242999,0,0.0790369883179664,0,0.0411613807082176
0,0.2767491638660431,0,0.4098089933395386,0,0.4052845239639282,0,0.4812020063400268
0,0.3307645320892334,0,0.2510809004306793,0,0.3110201060771942,0,0.2750796675682068
0,0.0558820068836212,0,0.0040557626634836,0,0.0305401850491762,0,0.0038487124256789
0,0.0190293211489915,0,0.011853433214128,0,0.032112892717123,0,0.0014083948917686
0,0.1943029463291168,0,0.0994603261351585,0,0.2180770635604858,0,0.0782635957002639
0,0.0147105166688561,0,0.0020084928255528,0,0.0028640439268201,0,0.0157612282782793
0,0.0304955337196588,0,0.0178760178387165,0,0.0487768426537513,0,0.045892734080553
0,0.0621721893548965,0,0.1893011927604675,0,0.4329710602760315,0,0.0582703948020935
0,0.2726630568504333,0,0.4999125897884369,0,0.4505363404750824,0,0.2238514423370361
0,0.7424764037132263,0,0.841228187084198,0,0.971838653087616,0,0.9974495768547058
0,0.6698992848396301,0,0.8897383809089661,0,0.8355779647827148,0,0.9743908643722534
0,0.1943759322166443,0,0.3871850073337555,0,0.1433150619268417,0,0.0527680628001689
0,0.0065031419508159,0,0.00184058456216,0,0.0018044071039184,0,0.0002145270264009
0,0.0229537356644868,0,0.0049975584261119,0,0.0004548942379187,0,0.0005713867722079
0,0.6242567896842957,0,0.3535087406635284,0,0.7559088468551636,0,0.2534442543983459
0,0.5332056879997253,0,0.1038164347410202,0,0.3667005598545074,0,0.0573626905679702
0,0.006178290117532,0,0.0006595750455744,0,0.0007885182858444,0,2.413471884210594e-05
0,0.003866015933454,0,0.0032625193707644,0,0.0006464256439357,0,0.0024734006728976
0,0.1087592840194702,0,0.0229744333773851,0,0.0214326791465282,0,0.0225719194859266
0,0.0344727076590061,0,0.0890644267201423,0,0.014675123617053,0,0.0002256950538139
0,0.0201244633644819,0,0.0041511901654303,0,0.0004306880291551,0,0.1608950942754745
0,0.0948776304721832,0,0.2091093063354492,0,0.0376088246703147,0,0.0097916582599282
0,0.2390640377998352,0,0.3815041482448578,0,0.133245050907135,0,0.018849654123187
0,0.0540678612887859,0,0.1259271949529647,0,0.0270752683281898,0,0.0007766066701151
0,0.0907115340232849,0,0.3720097243785858,0,0.4156344830989837,0,0.1388547271490097
0,0.2882174253463745,0,0.2521685361862182,0,0.4420903623104095,0,0.4683028757572174
0,0.6559064388275146,0,0.1485974639654159,0,0.4818128943443298,0,0.5927479267120361
0,0.0927312150597572,0,0.1473448276519775,0,0.0390308499336242,0,0.1109038218855857
0,0.369951069355011,0,0.0240665078163146,0,0.2300637364387512,0,0.007643801625818
0,0.0901195034384727,0,0.3847581446170807,0,0.341187059879303,0,0.0785102248191833
0,0.2060998827219009,0,0.0099000884220004,0,0.1300886571407318,0,0.020991887897253
0,0.1005208194255828,0,0.1698677837848663,0,0.0483391173183918,0,0.1605004072189331
0,0.2087693661451339,0,0.4476183652877807,0,0.4215624928474426,0,0.1809107512235641
0,0.0675457939505577,0,0.0329055674374103,0,0.0221533179283142,0,0.0363482423126697
0,0.1277623474597931,0,0.0185829121619462,0,0.0182417910546064,0,0.0009943253826349
0,0.1990673989057541,0,0.5673667192459106,0,0.1666967719793319,0,0.5076155662536621
0,0.0275746397674083,0,0.0015437463298439,0,0.0067006950266659,0,0.0024294366594403
0,0.3205964565277099,0,0.526140034198761,0,0.1197938323020935,0,0.0365610606968402
0,0.0559441745281219,0,0.0018022690201178,0,0.1151113510131836,0,0.0587541759014129
0,0.0618648342788219,0,0.0126770054921507,0,0.1827353239059448,0,0.6392968893051147
0,0.0438648946583271,0,0.0071466378867626,0,0.1065183132886886,0,0.6330523490905762
0,0.4205641150474548,0,0.3683895170688629,0,0.2179070264101028,0,0.294807881116867
0,0.3457851707935333,0,0.4858261048793793,0,0.0593396760523319,0,0.1051870137453079
0,0.4575604200363159,0,0.2612361311912536,0,0.3302206993103027,0,0.2697589099407196
0,0.0944035202264785,0,0.0193077065050601,0,0.0425089411437511,0,0.0041262684389948
0,0.0576411634683609,0,0.0285582318902015,0,0.0230102743953466,0,0.0006983252242207
0,0.1457472741603851,0,0.0650082975625991,0,0.0721047818660736,0,0.0083547476679086
0,0.0234583970159292,0,0.0237976349890232,0,0.0375486128032207,0,0.0001841381890699
0,0.0137469545006752,0,0.0267371628433465,0,0.0792777314782142,0,0.0040226825512945
0,0.0166825838387012,0,0.0348417237401008,0,0.0581389181315898,0,0.0034992909058928
0,0.0442238263785839,0,0.0452404133975505,0,0.0937698110938072,0,0.0012782551348209
0,0.0144332889467477,0,0.0432490073144435,0,0.0388073325157165,0,0.0021489185746759
0,0.0907744243741035,0,0.294606477022171,0,0.1406516581773758,0,0.037822101265192
0,0.0349606908857822,0,0.1393133252859115,0,0.2156036794185638,0,0.0317831486463546
0,0.0354582443833351,0,0.1212172508239746,0,0.1441489607095718,0,0.0145993828773498
0,0.0406526774168014,0,0.2066592127084732,0,0.1085900589823722,0,0.0339024886488914
0,0.0907945334911346,0,0.0023763561621308,0,0.008876928128302,0,0.0032003803644329
0,0.0431481562554836,0,0.0722038075327873,0,0.0443193838000297,0,6.20699065621011e-05
0,0.0159292258322238,0,0.0074033057317137,0,0.0092081557959318,0,5.674490967066959e-05
0,0.0752266868948936,0,0.030248999595642,0,0.0527732819318771,0,0.002622150350362
0,0.0180041287094354,0,0.048894964158535,0,0.017471233382821,0,0.0139828035607934
0,0.0316070616245269,0,0.0319901257753372,0,0.0213668271899223,0,0.0142862983047962
0,0.0201126467436552,0,0.0473924949765205,0,0.0197233222424983,0,0.0179964508861303
0,0.0166668146848678,0,0.056519865989685,0,0.0184907894581556,0,0.0100450534373521
0,0.0231570992618799,0,0.0136692821979522,0,0.014794266782701,0,0.0001467049296479
0,0.0217914413660764,0,0.0374385230243206,0,0.0135287558659911,0,0.0009562019258737
0,0.0105130122974514,0,0.0010113973403349,0,0.0046229129657149,0,0.0001589397870702
0,0.023004200309515,0,0.0259440932422876,0,0.0071800285950303,0,0.0004381155304145
0,0.0057806875556707,0,0.0016412491677328,0,0.0014984009321779,0,0.0003071954997722
0,0.0187031924724578,0,0.018111228942871,0,0.0053685968741774,0,0.0002840747765731
0,0.0198704730719327,0,0.0179537553340196,0,0.0011183384340256,0,0.004933369345963
0,0.1705974042415619,0,0.009884214028716,0,0.0235296189785003,0,0.0016416914295405
0,0.0256323311477899,0,0.0266569852828979,0,0.0029590546619147,0,0.0058813360519707
0,0.0061828116886317,0,0.0119201652705669,0,0.0140003999695181,0,0.02122313529253
0,0.0491216778755188,0,0.0050268368795514,0,0.0080241411924362,0,0.0036453565116971
0,0.0348121412098407,0,0.0268438700586557,0,0.0016296168323606,0,0.0048901229165494
0,0.2181103527545929,0,0.0132991801947355,0,0.110188215970993,0,0.0216043796390295
0,0.0350310280919075,0,0.0185461398214101,0,0.0182881783694028,0,0.0013312140945345
0,0.0099643170833587,0,0.0066173016093671,0,0.0099752498790621,0,0.054943773895502
0,0.0099935866892337,0,0.0292945317924022,0,0.0617728233337402,0,0.0176335740834474
0,0.0643710121512413,0,0.1208474338054657,0,0.031314268708229,0,0.0034250549506396
0,0.0257360134273767,0,0.0039048767648637,0,0.0050272950902581,0,6.968407433305401e-06
0,0.0260201282799243,0,0.003581992117688,0,0.009655856527388,0,2.2043024728191085e-05
0,0.3694736659526825,0,0.616115927696228,0,0.8240258693695068,0,0.7283793091773987
0,0.3369389176368713,0,0.6844491958618164,0,0.825065553188324,0,0.5793533325195312
0,0.3904168903827667,0,0.6830416321754456,0,0.8708907961845398,0,0.6972565054893494
0,0.0757472366094589,0,0.0026516441721469,0,0.1690924763679504,0,0.0341165289282798
0,0.0298492237925529,0,0.4823557436466217,0,0.1712901890277862,0,0.535661518573761
0,0.0197846889495849,0,0.0423624627292156,0,0.0460291132330894,0,0.0524187497794628
0,0.0946987941861152,0,0.0030668657273054,0,0.1952900439500808,0,0.1284191012382507
0,0.044108685106039,0,0.0375915095210075,0,0.2642657458782196,0,0.4963793158531189
0,0.0151552641764283,0,0.1406471133232116,0,0.0579862557351589,0,0.0215327870100736
0,0.0519808121025562,0,0.0020169261842966,0,0.1184721365571022,0,0.0156535506248474
0,0.0797003358602523,0,0.3236655294895172,0,0.6878424286842346,0,0.5263569355010986
0,0.0310784187167882,0,0.0838566571474075,0,0.0365429520606994,0,0.2214681655168533
0,0.5087647438049316,0,0.7051190137863159,0,0.3515054285526275,0,0.2792917490005493
0,0.5767996311187744,0,0.4314590394496918,0,0.2716352641582489,0,0.1051989719271659
0,0.063818946480751,0,0.0428597852587699,0,0.0340750813484191,0,0.001659364090301
0,0.6185657382011414,0,0.4572452306747436,0,0.2470540106296539,0,0.09921246021986
0,0.0965398699045181,0,0.1173449978232383,0,0.0206167269498109,0,0.0005259805475361
0,0.5973552465438843,0,0.4413770735263824,0,0.2752937078475952,0,0.1326385587453842
0,0.0791300907731056,0,0.0360229648649692,0,0.0244124419987201,0,0.0017994794761762
0,0.2894857227802276,0,0.0373983159661293,0,0.0596900880336761,0,0.0235619377344846
0,0.0142417941242456,0,0.0024567751679569,0,0.0003713677288033,0,0.0198794640600681
0,0.0750187039375305,0,0.0086750052869319,0,0.0108120767399668,0,0.1346069425344467
0,0.0309942346066236,0,0.0156454853713512,0,0.0013538586208596,0,0.0013924627564847
0,0.1225023195147514,0,0.309112548828125,0,0.3708606362342834,0,0.0275083798915147
0,0.7389718890190125,0,0.7678297758102417,0,0.6149084568023682,0,0.4509785175323486
0,0.780386209487915,0,0.3933161795139313,0,0.296391487121582,0,0.030106795951724
0,0.2666371166706085,0,0.0772697031497955,0,0.209013745188713,0,0.8030056357383728
0,0.8026849627494812,0,0.7873053550720215,0,0.6267716884613037,0,0.3871365487575531
0,0.7926813960075378,0,0.4817999303340912,0,0.4063455462455749,0,0.065391905605793
0,0.3110835552215576,0,0.1174152269959449,0,0.263118177652359,0,0.9090580940246582
0,0.0060162972658872,0,0.0008585135801695,0,0.0165537279099226,0,0.0008162759477272
0,0.8427544236183167,0,0.8075434565544128,0,0.6241828203201294,0,0.2530064582824707
0,0.8267881274223328,0,0.4597870707511902,0,0.3937780559062958,0,0.1366403400897979
0,0.3158312439918518,0,0.1840773224830627,0,0.2618143856525421,0,0.8908060193061829
0,0.0059271068312227,0,0.0013219669926911,0,0.0029181588906794,0,0.0016248510219156
0,0.1341684460639953,0,0.0867362171411514,0,0.1100559756159782,0,0.1578569710254669
0,0.1900192350149154,0,0.0320425927639007,0,0.0086305197328329,0,0.0394193306565284
1,0.6487199664115906,1,0.5330137014389038,1,0.7462611794471741,1,0.2022790610790252
1,0.5629048347473145,1,0.5924559831619263,1,0.530184805393219,1,0.0757801309227943
1,0.6105810403823853,1,0.3358922898769378,1,0.4289316534996032,1,0.0437600724399089
1,0.6063734292984009,1,0.4406856298446655,1,0.4716927409172058,1,0.2423961609601974
1,0.4412345290184021,1,0.7971049547195435,1,0.6829379796981812,1,0.3545041084289551
1,0.5299763679504395,1,0.6710019707679749,1,0.7372515201568604,1,0.3997860252857208
1,0.1651064753532409,1,0.0191042963415384,1,0.1676499843597412,1,0.1911187767982483
1,0.2637005150318146,1,0.0361245237290859,1,0.6100972890853882,1,0.851357102394104
1,0.168753907084465,1,0.0709912925958633,1,0.4603786468505859,1,0.992020070552826
1,0.5550552606582642,1,0.3492147028446197,1,0.5997380614280701,1,0.6697172522544861
1,0.1739414632320404,1,0.0989050567150116,1,0.4351148903369903,1,0.0271468963474035
1,0.4763773679733276,1,0.5502710938453674,1,0.6671445965766907,1,0.2559344172477722
1,0.1202378496527671,1,0.0109118651598691,1,0.1583649963140487,1,0.0765497907996177
1,0.699554443359375,1,0.4138582050800323,1,0.4030113220214844,1,0.1132232844829559
1,0.8673886060714722,1,0.384107381105423,1,0.5143139958381653,1,0.1250863373279571
1,0.8751028180122375,1,0.5967080593109131,1,0.5802311897277832,1,0.0228477902710437
1,0.1390644758939743,1,0.532344400882721,1,0.368544727563858,1,0.2123970538377761
1,0.5282148718833923,1,0.3475665748119354,1,0.4774179756641388,1,0.2782971262931824
1,0.4028182625770569,1,0.6398089528083801,1,0.5656287670135498,1,0.9340401291847228
1,0.2215404361486435,1,0.216717779636383,1,0.3114532828330993,1,0.0275969058275222
1,0.2136701941490173,1,0.1783807575702667,1,0.1446084529161453,1,0.0114440042525529
1,0.2604946792125702,1,0.305886447429657,1,0.3686138987541199,1,0.0440469421446323
1,0.2541550099849701,1,0.0111068515107035,1,0.0399621427059173,1,0.0033254500012844
1,0.164076879620552,1,0.5779136419296265,1,0.6690655946731567,1,0.3863405883312225
1,0.2418181002140045,1,0.7187654376029968,1,0.8287482261657715,1,0.7810774445533752
1,0.1542895138263702,1,0.2276361733675003,1,0.1942079812288284,1,0.0066526331938803
1,0.9245368838310242,1,0.9628322720527648,1,0.9602227807044984,1,0.9791865348815918
0,0.3732418119907379,0,0.2114399224519729,0,0.2135194540023803,0,0.4340420365333557
0,0.0534438528120517,0,0.0397936031222343,0,0.0095665799453854,0,0.0008538475376553
0,0.0087006594985723,0,0.0028721729759126,0,0.0004611934709828,0,8.632553362986073e-05
0,0.0101017765700817,0,0.0045235380530357,0,0.0005476042861118,0,7.141219975892454e-05
0,0.036634873598814,0,0.0647001191973686,0,0.0112790782004594,0,0.0035808708053082
0,0.6807374954223633,0,0.7183592915534973,0,0.6396678686141968,0,0.1993742138147354
0,0.0179861355572938,0,0.0374159589409828,0,0.0130522018298506,0,0.003457365790382
0,0.7739887833595276,0,0.6409947872161865,0,0.8456771373748779,0,0.267475962638855
0,0.0250681918114423,0,0.0444980673491954,0,0.0577856190502643,0,0.0124197024852037
0,0.0195172149688005,0,0.0474914647638797,0,0.0060047172009944,0,0.0021169118117541
0,0.0346066430211067,0,0.0167564041912555,0,0.0017689072992652,0,0.0074478895403444
0,0.0928395316004753,0,0.0290387887507677,0,0.1179428398609161,0,0.0908494815230369
0,0.7098890542984009,0,0.8540554046630859,0,0.8870604038238525,0,0.9041942358016968
0,0.4235528409481048,0,0.025677727535367,0,0.1730718910694122,0,0.0029409565031528
0,0.4417884349822998,0,0.6874887347221375,0,0.5293103456497192,0,0.7724614143371582
0,0.4209057688713074,0,0.5195696353912354,0,0.0254940502345561,0,0.0212453193962574
0,0.4176464974880218,0,0.2246556580066681,0,0.0474203899502754,0,0.0232543423771858
0,0.350088506937027,0,0.3488588333129883,0,0.032519057393074,0,0.0069032693281769
0,0.1974156349897384,0,0.2023094594478607,0,0.0212241113185882,0,0.0156661849468946
0,0.4205036163330078,0,0.6097143292427063,0,0.0268783215433359,0,0.146348088979721
0,0.2832363545894623,0,0.0604225173592567,0,0.0898409858345985,0,0.0072941300459206
0,0.2223244905471801,0,0.0434839911758899,0,0.1842181533575058,0,0.0182355586439371
0,0.7024484276771545,0,0.8113062381744385,0,0.7020904421806335,0,0.9951114058494568
0,0.0179959125816822,0,0.0081319855526089,0,0.0042010569013655,0,0.0037303965073078
0,0.7482585310935974,0,0.4659087061882019,0,0.4669604301452636,0,0.2532621622085571
0,0.7603229284286499,0,0.5276094079017639,0,0.5021369457244873,0,0.2315255105495453
0,0.1177772432565689,0,0.0696770250797271,0,0.1365430653095245,0,0.0166884120553731
0,0.1922546029090881,0,0.5105862617492676,0,0.0721742063760757,0,0.1304419040679931
0,0.3430519104003906,0,0.5494646430015564,0,0.1627323627471923,0,0.5748448371887207
0,0.0204634312540292,0,0.0049457722343504,0,0.0039816424250602,0,0.0095334518700838
0,0.1285405457019806,0,0.0051772561855614,0,0.1391238421201706,0,0.1097906380891799
0,0.1139586344361305,0,0.0046054171398282,0,0.0199338607490062,0,0.0063471808098256
0,0.1009578630328178,0,0.0091243740171194,0,0.133606880903244,0,0.0260392241179943
0,0.0686795637011528,0,0.081651970744133,0,0.2651549577713012,0,0.0141115775331854
0,0.0161101669073104,0,0.0025980102363973,0,0.0049100373871624,0,4.640159386326559e-05
0,0.0349183231592178,0,0.0070760929957032,0,0.0050760782323777,0,0.0234050992876291
0,0.032461728900671,0,0.0061050541698932,0,0.0004475088207982,0,3.226656190236099e-05
0,0.1174846366047859,0,0.0047867884859442,0,0.0006850201752968,0,4.925204120809212e-05
0,0.0206490941345691,0,0.0165719650685787,0,0.0372876189649105,0,0.0115453489124774
0,0.0144148711115121,0,0.005383972544223,0,0.000613865267951,0,0.0020946068689227
0,0.0741733908653259,0,0.012987257912755,0,0.0031840705778449,0,0.0014003169490024
0,0.1716194450855255,0,0.0311167277395725,0,0.0129213305190205,0,0.0204592552036046
0,0.0187408123165369,0,0.0161949545145034,0,0.0287269670516252,0,0.0071480530314147
0,0.0063082221895456,0,0.0041166115552186,0,0.0029079348314553,0,0.0042276210151612
0,0.0254062432795763,0,0.0092719541862607,0,0.0012151980772614,0,0.0022619112860411
0,0.0716660171747207,0,0.0150471003726124,0,0.0026943022385239,0,0.0011611875379458
0,0.0649443715810775,0,0.0167506076395511,0,0.0044661429710686,0,0.0012334830826148
0,0.5200820565223694,0,0.670128345489502,0,0.5443681478500366,0,0.8788053393363953
0,0.0267961286008358,0,0.0215028543025255,0,0.0089152287691831,0,0.0170287564396858
0,0.1974619477987289,0,0.4541526436805725,0,0.4235221445560455,0,0.0858196690678596
0,0.5326960682868958,0,0.2114365100860595,0,0.3729835152626037,0,0.3693843483924866
0,0.0263507273048162,0,0.0234549716114997,0,0.0065588597208261,0,0.0110155502334237
0,0.1185235679149627,0,0.362940102815628,0,0.3632653653621673,0,0.0318101868033409
0,0.1233093664050102,0,0.2769848704338074,0,0.4186901450157165,0,0.0210526976734399
0,0.1862880736589431,0,0.0969270095229148,0,0.0096650477498769,0,0.0003442625747993
0,0.1853005737066269,0,0.0585945211350917,0,0.005954195279628,0,0.0002369637513766
0,0.1963580101728439,0,0.0999589338898658,0,0.0113817257806658,0,0.0006100534228608
0,0.0113771874457597,0,0.003691625315696,0,0.0003451258235145,0,0.0002527336182538
0,0.0147613789886236,0,0.0030206765513867,0,0.0002511743514332,0,0.0002199196023866
0,0.0363353192806243,0,0.0236039571464061,0,0.0478641912341117,0,0.0202860068529844
0,0.0133941592648625,0,0.0112654473632574,0,0.0217248182743787,0,0.0003152369754388
0,0.0159627608954906,0,0.0080598564818501,0,0.063123419880867,0,0.002186543541029
0,0.0549848191440105,0,0.3603992462158203,0,0.0396227613091468,0,0.0022637124639004
0,0.0152747640386223,0,0.0095248240977525,0,0.0176300387829542,0,0.0005700094625353
0,0.0210099648684263,0,0.0082860952243208,0,0.1466405093669891,0,0.0085332738235592
0,0.008347425609827,0,0.0041332691907882,0,0.0009535726858302,0,0.0024531551171094
0,0.0192453879863023,0,0.0121552348136901,0,0.0034357241820544,0,0.0011334141017869
0,0.007499644998461,0,0.0051335166208446,0,0.0004724219616036,0,0.0003186170943081
0,0.0200105980038642,0,0.023194471374154,0,0.0058031789958477,0,0.0036490021739155
0,0.0070884199813008,0,0.0110910357907414,0,0.0032507327850908,0,0.0001488779380451
0,0.1079101040959358,0,0.4083298444747925,0,0.0850829631090164,0,0.4455945491790771
0,0.0130411684513092,0,0.0050702542066574,0,0.0003468745562713,0,0.0001040058486978
0,0.0297571830451488,0,0.0095764528959989,0,0.0043309507891535,0,0.0006480970769189
0,0.1587859988212585,0,0.0551960952579975,0,0.2103248238563537,0,0.1320750117301941
0,0.1280873566865921,0,0.0304971579462289,0,0.091505229473114,0,0.106488786637783
0,0.0641533657908439,0,0.0064412876963615,0,0.0052770092152059,0,0.003944142255932
0,0.4575837850570678,0,0.5824621319770813,0,0.7106819152832031,0,0.1542711704969406
0,0.3309036195278168,0,0.0656877979636192,0,0.2513282895088196,0,0.0003189766721334
0,0.2203836143016815,0,0.1232004165649414,0,0.1760967820882797,0,0.0043474417179822
0,0.2473499923944473,0,0.0898871123790741,0,0.2116160988807678,0,0.0302985478192567
0,0.2642063200473785,0,0.4703094661235809,0,0.6963394284248352,0,0.0685593336820602
0,0.4028747975826263,0,0.0957630574703216,0,0.501720666885376,0,0.1868258416652679
0,0.0437591671943664,0,0.0073719955980777,0,0.0016603495460003,0,0.0001458111219108
0,0.0862985253334045,0,0.008564094081521,0,0.0057514728978276,0,0.0011083543067798
0,0.0830032899975776,0,0.008551899343729,0,0.0044558402150869,0,0.0008295358275063
0,0.3394614458084106,0,0.0176626220345497,0,0.3037760555744171,0,0.2130880802869796
0,0.0501110777258873,0,0.0050646383315324,0,0.0042273178696632,0,0.0011445485288277
0,0.1536098271608352,0,0.1424351781606674,0,0.02528727799654,0,0.0003944174968637
0,0.2897171974182129,0,0.0306126195937395,0,0.4770587086677551,0,0.4363372325897217
0,0.03005001693964,0,0.0126042924821376,0,0.0605933479964733,0,0.0028950748965144
0,0.0113240415230393,0,0.0022821081802248,0,0.0010546704288572,0,0.0004730406217277
0,0.0173371247947216,0,0.0967056229710578,0,0.0058504766784608,0,0.0055109281092882
0,0.023906035348773,0,0.1208320707082748,0,0.0151493139564991,0,0.0521140098571777
0,0.0181575305759906,0,0.0423213168978691,0,0.0243814121931791,0,0.0139816785231232
0,0.0427443161606788,0,0.0687129646539688,0,0.113302931189537,0,0.0021511395461857
0,0.0118537964299321,0,0.030132183805108,0,0.0040340735577046,0,0.0045076133683323
0,0.2102715373039245,0,0.1985806077718734,0,0.3248399496078491,0,0.315566211938858
0,0.0410943813621997,0,0.0072733745910227,0,0.0016314976383,0,0.0060705472715198
0,0.0643062219023704,0,0.0050958399660885,0,0.0535882115364074,0,0.0143590616062283
0,0.1183525994420051,0,0.0239797011017799,0,0.1844296753406524,0,0.1026867479085922
0,0.0726934522390365,0,0.0247881114482879,0,0.0750126764178276,0,0.0348615869879722
0,0.0186708029359579,0,0.0084766056388616,0,0.0008388561545871,0,0.0001441390049876
0,0.0187498871237039,0,0.0176516789942979,0,0.0035023016389459,0,0.0005070688202977
0,0.1123444139957428,0,0.023979602381587,0,0.0875744968652725,0,0.0614013187587261
0,0.079510897397995,0,0.0350145623087883,0,0.0587260201573371,0,0.0821266695857048
0,0.1101478785276413,0,0.0126837519928812,0,0.1344255059957504,0,0.3198832273483276
0,0.1191879510879516,0,0.0111112305894494,0,0.0745322555303573,0,0.0424432009458541
0,0.108069434762001,0,0.023540960624814,0,0.0716952085494995,0,0.0209279526025056
0,0.07119732350111,0,0.0147737152874469,0,0.0334831736981868,0,0.0478864721953868
0,0.5554915070533752,0,0.6009904742240906,0,0.4899179339408874,0,0.1617596298456192
0,0.2583965063095093,0,0.1930703967809677,0,0.5417234301567078,0,0.1282809376716613
0,0.0121066644787788,0,0.0305824521929025,0,0.0116175869479775,0,0.0082029206678271
0,0.0186857841908931,0,0.0088096680119633,0,0.0030135593842715,0,0.0169273745268583
0,0.0115756820887327,0,0.0479981452226638,0,0.048230841755867,0,0.0140868006274104
0,0.0173703096807003,0,0.0100508499890565,0,0.0117796352133154,0,0.0335850939154624
0,0.0112058827653527,0,0.01932761259377,0,0.0153327966108918,0,0.0430191606283187
0,0.0323311872780323,0,0.0145601611584424,0,0.0070796688087284,0,0.0018526000203564
0,0.0076973075047135,0,0.010208211839199,0,0.0038698599673807,0,0.0001836657902458
0,0.034194029867649,0,0.0153900329023599,0,0.0231734681874513,0,0.0085376314818859
0,0.0206863470375537,0,0.0254721734672784,0,0.0078478939831256,0,0.0118399811908602
0,0.0277439169585704,0,0.0048725544475018,0,0.0136997187510132,0,0.000945244799368
0,0.0264884196221828,0,0.0707697421312332,0,0.0585224963724613,0,0.0390870943665504
0,0.0175631046295166,0,0.0178069565445184,0,0.001067548408173,0,0.0006274535553529
0,0.0077966242097318,0,0.0106316460296511,0,0.002418742980808,0,0.0001352122926618
0,0.0190855227410793,0,0.0035311866085976,0,0.0014510245528072,0,0.0008648974471725
0,0.0414105206727981,0,0.0241288710385561,0,0.0028920138720422,0,0.0127782970666885
0,0.0213506612926721,0,0.0039545148611068,0,0.0014646498020738,0,0.0005189951043576
0,0.0031973456498235,0,0.0015317969955503,0,0.0005136680556461,0,0.0040487772785127
0,0.0310210566967725,0,0.0213772654533386,0,0.0041131586767733,0,0.0008130446076393
0,0.1174615770578384,0,0.0415850505232811,0,0.0051334043964743,0,0.0008976582903414
0,0.0262735076248645,0,0.006739845033735,0,0.0031655395869165,0,0.0012039502616971
0,0.2740417718887329,0,0.0742787346243858,0,0.2504797279834747,0,0.0247883014380931
0,0.1340113133192062,0,0.0534974932670593,0,0.1789188534021377,0,0.0267823785543441
0,0.0245756413787603,0,0.0403467193245887,0,0.020138980820775,0,0.0260725542902946
0,0.3485355079174042,0,0.6279264092445374,0,0.2767581343650818,0,0.7098562121391296
0,0.0663221627473831,0,0.054944097995758,0,0.0173508990556001,0,0.0057363626547157
0,0.064832866191864,0,0.0813785940408706,0,0.0170087721198797,0,0.0095228450372815
0,0.06314517557621,0,0.0547550283372402,0,0.0150542259216308,0,0.0074421949684619
0,0.0386375449597835,0,0.0719657316803932,0,0.0456270389258861,0,0.2993428409099579
0,0.1280320286750793,0,0.0036984416656196,0,0.1002666428685188,0,0.0038860728964209
0,0.3722123503684997,0,0.2322003692388534,0,0.0291699580848217,0,0.0960206016898155
0,0.0829078182578086,0,0.3372412025928497,0,0.1183969378471374,0,0.8435547351837158
0,0.0652781873941421,0,0.0015335076022893,0,0.0944697260856628,0,0.0027606596704572
0,0.1685395687818527,0,0.0964281782507896,0,0.0046726833097636,0,0.0086989207193255
0,0.1640015840530395,0,0.4853944778442383,0,0.5106874108314514,0,0.9132809638977052
0,0.0514985062181949,0,0.0028148819692432,0,0.1331406980752945,0,0.0056505342945456
0,0.266489028930664,0,0.0068756234832108,0,0.1014575511217117,0,0.0038545925635844
0,0.4593905806541443,0,0.8362974524497986,0,0.7759177088737488,0,0.5413809418678284
0,0.3964286148548126,0,0.5854753255844116,0,0.5306122303009033,0,0.7030910849571228
0,0.4225601255893707,0,0.6020892262458801,0,0.4985390305519104,0,0.6707886457443237
0,0.0980356335639953,0,0.0649267807602882,0,0.0216752383857965,0,0.0186618063598871
0,0.1029483675956726,0,0.0564994625747203,0,0.0309866555035114,0,0.0224448461085557
0,0.1226596087217331,0,0.0305328220129013,0,0.1906388252973556,0,0.0158143918961286
0,0.0331826843321323,0,0.0255472231656312,0,0.0042189378291368,0,0.0035763734485954
0,0.0972917675971984,0,0.1072317436337471,0,0.0163458622992038,0,0.0055990554392337
0,0.1568730622529983,0,0.0975565090775489,0,0.0290046371519565,0,0.005246665328741
0,0.1474337577819824,0,0.0364946611225605,0,0.1977460533380508,0,0.0873766168951988
0,0.1481028795242309,0,0.3739654421806335,0,0.1491412669420242,0,0.0150634786114096
0,0.1819163858890533,0,0.0315712690353393,0,0.5721477270126343,0,0.2321275323629379
0,0.0323146618902683,0,0.0070713944733142,0,0.0055990614928305,0,0.0008705462096258
0,0.010185707360506,0,0.0091172158718109,0,0.0018500842852517,0,0.0012686954578384
0,0.0788536220788955,0,0.0022624246776103,0,0.0062504345551133,0,0.014447241090238
0,0.112258993089199,0,0.0295883268117904,0,0.0991143435239791,0,0.0062680845148861
0,0.0953908041119575,0,0.0071259345859289,0,0.3287063241004944,0,0.0740917772054672
0,0.0267456769943237,0,0.0037529098335653,0,0.0006438880809582,0,0.0007910109125077
0,0.0107156531885266,0,0.0191673506051301,0,0.0013645087601616,0,0.0002616459387354
0,0.0937607958912849,0,0.2341296821832656,0,0.1832042187452316,0,0.0156428199261426
0,0.0741249099373817,0,0.0018135440768674,0,0.0032227369956672,0,0.0028216841164976
0,0.0909307450056076,0,0.0478864200413227,0,0.1651300340890884,0,0.0417949296534061
0,0.1369993835687637,0,0.0079250829294323,0,0.3912221789360046,0,0.0836038962006568
0,0.0213057864457368,0,0.0024742267560213,0,0.0003875143593177,0,0.0011736713349819
0,0.0087942257523536,0,0.0130329905077815,0,0.0005888554151169,0,0.0015084486221894
0,0.0608462318778038,0,0.0015960595337674,0,0.0037719050887972,0,0.0006545265787281
0,0.0976402536034584,0,0.0185014568269252,0,0.1184551641345024,0,0.0240613054484128
0,0.0968391001224517,0,0.0173642132431268,0,0.0301008354872465,0,0.0278576482087373
0,0.161022812128067,0,0.1039517670869827,0,0.0882610455155372,0,0.1702562570571899
0,0.0125870341435074,0,0.0027375679928809,0,0.0010304433526471,0,0.0001412912533851
0,0.011097558774054,0,0.0023524852003902,0,0.0031424055341631,0,0.0002516887907404
0,0.1851238310337066,0,0.0202952101826667,0,0.0235003232955932,0,0.0919407755136489
0,0.4578291773796081,0,0.1096072420477867,0,0.2077032476663589,0,0.0864927694201469
0,0.4029691219329834,0,0.2708351612091064,0,0.4880360662937164,0,0.0420001037418842
0,0.4668925404548645,0,0.658765435218811,0,0.5894836187362671,0,0.3961625695228576
0,0.062763437628746,0,0.0455113276839256,0,0.1611777693033218,0,0.0650759935379028
0,0.1910544484853744,0,0.0533708333969116,0,0.0804332941770553,0,0.0055328868329524
0,0.0178774502128362,0,0.0030144890770316,0,0.0007364401244558,0,0.0007927177357487
0,0.1074091717600822,0,0.3088334798812866,0,0.1743914484977722,0,0.0068115498870611
0,0.0602998957037925,0,0.0514092408120632,0,0.1919006109237671,0,0.0374303087592124
0,0.0317877829074859,0,0.0047304676845669,0,0.0009024595492519,0,0.0006904769688844
0,0.2398097962141037,0,0.0703515037894249,0,0.0916291251778602,0,0.0106282504275441
0,0.0943535938858985,0,0.1982183009386062,0,0.1126415356993675,0,0.0026539338286966
0,0.1237446740269661,0,0.0165722984820604,0,0.0554960146546363,0,0.2666535973548889
0,0.1081780046224594,0,0.1334657669067382,0,0.2720542252063751,0,0.2692242562770843
0,0.0277758948504924,0,0.0041939471848309,0,0.0008873253827914,0,0.001067133503966
0,0.119277536869049,0,0.3764337599277496,0,0.3193530440330505,0,0.0087856668978929
0,0.0263886544853448,0,0.0008671348914504,0,0.0049624643288552,0,0.0121585680171847
0,0.051693420857191,0,0.0040418859571218,0,0.0022988794371485,0,0.006207154598087
0,0.05262141674757,0,0.0035244247410446,0,0.0132375257089734,0,0.032197255641222
0,0.1779073029756546,0,0.2006665468215942,0,0.2062390744686126,0,0.0126781649887561
0,0.0086018526926636,0,0.008264884352684,0,0.0010030636331066,0,6.512497930089012e-05
0,0.0086954347789287,0,0.0055158901959657,0,0.0006859222776256,0,2.8461701731430367e-05
0,0.2600571513175964,0,0.4028587937355041,0,0.4703214466571808,0,0.1977239400148391
0,0.0420958586037159,0,0.1168615445494651,0,0.022540146484971,0,0.0038403526414185
0,0.033031590282917,0,0.019556151703,0,0.0026432059239596,0,0.0012619933113455
0,0.0597260929644107,0,0.0344214737415313,0,0.0106857996433973,0,3.767767339013517e-05
0,0.0518038086593151,0,0.085141621530056,0,0.021756637841463,0,0.0003665293043013
0,0.0617293678224086,0,0.0363045744597911,0,0.0127728348597884,0,4.940836879541166e-05
0,0.0312712080776691,0,0.0375006757676601,0,0.0056586125865578,0,0.0019902579952031
0,0.0561619102954864,0,0.0358508862555027,0,0.007252890150994,0,7.887652827776037e-06
0,0.0493482612073421,0,0.1086940467357635,0,0.0381647944450378,0,0.0064120669849216
0,0.0538972467184066,0,0.0551676526665687,0,0.0085271596908569,0,0.003108280012384
0,0.0122003322467207,0,0.0011943136341869,0,0.0006820883718319,0,0.0066615655086934
0,0.182409793138504,0,0.1746138930320739,0,0.0945615470409393,0,0.0030571829993277
0,0.0538108609616756,0,0.0756014361977577,0,0.0029334309510886,0,0.0004674545489251
0,0.0211362671107053,0,0.0022506187669932,0,0.0037609233986586,0,0.0617849305272102
0,0.17250856757164,0,0.1985386610031128,0,0.1017144173383712,0,0.0055412128567695
0,0.0508263930678367,0,0.0694079995155334,0,0.0037464741617441,0,0.0009726732387207
0,0.7659124135971069,0,0.5744257569313049,0,0.4832462072372436,0,0.0036637887824326
0,0.2845660150051117,0,0.0883919894695282,0,0.1398505270481109,0,0.3829128444194793
0,0.3563884198665619,0,0.1295113414525985,0,0.1198702454566955,0,0.5893895626068115
0,0.0410495474934577,0,0.0072685214690864,0,0.0107724769040942,0,0.0007502199732698
0,0.0317854136228561,0,0.0090230163186788,0,0.0033269089180976,0,0.0006213274318724
0,0.0727129727602005,0,0.0037844576872885,0,0.0064273690804839,0,0.0038085496053099
0,0.2515096068382263,0,0.2157073765993118,0,0.3620648980140686,0,0.0828343853354454
0,0.0162514988332986,0,0.0037001655437052,0,0.0288685075938701,0,0.0081274528056383
0,0.0177069809287786,0,0.0056324037723243,0,0.0377128012478351,0,0.0094312811270356
0,0.0621644482016563,0,0.0625253543257713,0,0.0274185724556446,0,0.000445738871349
0,0.0145008731633424,0,0.0113474382087588,0,0.0562530867755413,0,0.002855090657249
0,0.0186833720654249,0,0.0169778428971767,0,0.1379826366901397,0,0.006118172314018
0,0.01627779006958,0,0.0213120225816965,0,0.1251214295625686,0,0.0111087104305624
0,0.0295177195221185,0,0.0051623526960611,0,0.0068610282614827,0,0.0074721993878483
0,0.0060363165102899,0,0.0035368171520531,0,0.0078155593946576,0,0.0010669413022696
0,0.0244705118238925,0,0.0152539489790797,0,0.0063006794080138,0,0.0006696672644466
0,0.0335405170917511,0,0.0373426266014575,0,0.0008248416124843,0,0.0134147619828581
0,0.3075970709323883,0,0.0215929485857486,0,0.0044119395315647,0,0.0035991249606013
0,0.2622502744197845,0,0.1092885732650756,0,0.05529061332345,0,0.3561142683029175
0,0.0199526343494653,0,0.0008630731026642,0,0.000756014836952,0,0.00127453438472
0,0.0161388758569955,0,0.0018546936335042,0,0.0017998025286942,0,0.001876440946944
0,0.2652419507503509,0,0.0872814506292343,0,0.0891689211130142,0,0.4652956128120422
0,0.1550733149051666,0,0.181747168302536,0,0.3468535840511322,0,0.0238231141120195
0,0.3719941973686218,0,0.1712232679128646,0,0.3803834319114685,0,0.1073411181569099
0,0.1338273137807846,0,0.0326301492750644,0,0.04642004519701,0,0.0765456929802894
0,0.0303921196609735,0,0.0009823733707889,0,0.0081369569525122,0,0.0026228402275592
0,0.1777772158384323,0,0.1606785655021667,0,0.0575093813240528,0,0.3710494935512543
0,0.0644988715648651,0,0.0113330734893679,0,0.021321652457118,0,0.0044554616324603
0,0.0478001348674297,0,0.0446408987045288,0,0.4649595022201538,0,0.1815155744552612
0,0.0470509305596351,0,0.0051986323669552,0,0.0078683486208319,0,0.0019736248068511
0,0.1286667883396148,0,0.060184221714735,0,0.1728578805923462,0,0.0160591304302215
1,0.3269926905632019,1,0.3839426636695862,1,0.5265748500823975,1,0.237623319029808
1,0.1922599375247955,1,0.1047182828187942,1,0.3478423655033111,1,0.9009313583374025
1,0.6846719980239868,1,0.8237308263778687,1,0.5835316181182861,1,0.9814131259918212
1,0.6410807967185974,1,0.4337993860244751,1,0.6245176196098328,1,0.2407400161027908
1,0.6921296119689941,1,0.7932671308517456,1,0.6350272297859192,1,0.8410295844078064
1,0.0557301826775074,1,0.0578209199011325,1,0.2512212693691253,1,0.0632402971386909
1,0.0427155122160911,1,0.0406247414648532,1,0.2205607444047927,1,0.0466169603168964
1,0.1472468078136444,1,0.1972571313381195,1,0.3250901401042938,1,0.1293849050998687
1,0.123548574745655,1,0.0344294868409633,1,0.0701833218336105,1,0.0568999834358692
1,0.1266132891178131,1,0.024925073608756,1,0.026359923183918,1,0.0290482733398675
1,0.2429518401622772,1,0.0668237283825874,1,0.1908386647701263,1,0.1780384629964828
1,0.6924887299537659,1,0.7681335210800171,1,0.5439231991767883,1,0.5339481234550476
1,0.8196629285812378,1,0.6841284036636353,1,0.7814550399780273,1,0.3531953394412994
1,0.0677440091967582,1,0.0112658562138676,1,0.0652910023927688,1,0.0103687290102243
1,0.5678338408470154,1,0.8209505081176758,1,0.3945499956607818,1,0.8346098065376282
1,0.8495231866836548,1,0.8160916566848755,1,0.9212925434112548,1,0.9476215839385986
1,0.7341997027397156,1,0.3113741278648376,1,0.4430638551712036,1,0.4053134024143219
1,0.734142541885376,1,0.6042604446411133,1,0.398937314748764,1,0.0414449162781238
1,0.0147776659578084,1,0.006011129822582,1,0.0023465021513402,1,0.0193936731666326
1,0.3798629939556122,1,0.5259828567504883,1,0.8426516652107239,1,0.8434505462646484
1,0.3151306509971618,1,0.1102723702788353,1,0.3490907251834869,1,0.0464078038930892
0,0.0654002130031585,0,0.0250108148902654,0,0.00323644769378,0,0.0006155308219604
0,0.0324785746634006,0,0.0403356179594993,0,0.0037722850684076,0,0.0020463226828724
0,0.0536025799810886,0,0.006042085122317,0,0.0030079728458076,0,0.0007428454700857
0,0.0757314637303352,0,0.0100887818261981,0,0.0034810516517609,0,0.0035513159818947
0,0.0338227115571498,0,0.0050564897246658,0,0.0010853656567633,0,0.0005345945246517
0,0.0622480362653732,0,0.0245065987110137,0,0.010243427939713,0,0.0003641417715698
0,0.0165469143539667,0,0.0400578752160072,0,0.0503551624715328,0,0.238669216632843
0,0.047018464654684,0,0.163592517375946,0,0.0514905489981174,0,0.0551417060196399
0,0.0396696664392948,0,0.0056480001658201,0,0.001649658079259,0,0.0146238300949335
0,0.2395095080137252,0,0.299890398979187,0,0.6787447929382324,0,0.0764712393283844
0,0.0501005388796329,0,0.0181122161448001,0,0.0303827561438083,0,0.0064250463619828
0,0.0545752942562103,0,0.0189979374408721,0,0.0310900695621967,0,0.0139145636931061
0,0.0238719172775745,0,0.0359597951173782,0,0.0131498714908957,0,0.0119714373722672
0,0.0327794514596462,0,0.0186906550079584,0,0.0103456350043416,0,0.029784370213747
0,0.4335201382637024,0,0.4150518476963043,0,0.6475493311882019,0,0.2917484045028686
0,0.7537977695465088,0,0.676659345626831,0,0.4294035136699676,0,0.8856874704360962
0,0.4760201573371887,0,0.7241269946098328,0,0.735878586769104,0,0.5400078892707825
0,0.6938666701316833,0,0.6255742311477661,0,0.5633591413497925,0,0.7052711844444275
0,0.2509870827198028,0,0.5463119149208069,0,0.726043164730072,0,0.2621136009693146
0,0.2941138446331024,0,0.0994949489831924,0,0.1269632279872894,0,0.0471850670874118
0,0.1305011212825775,0,0.0326625853776931,0,0.0529270507395267,0,0.0220305006951093
0,0.1539359092712402,0,0.0130336228758096,0,0.1037820130586624,0,0.1470302045345306
0,0.0425535663962364,0,0.0682987347245216,0,0.0036856320220977,0,0.0015430968487635
0,0.2212314754724502,0,0.0641129836440086,0,0.1077124625444412,0,0.0382768511772155
0,0.0997486934065818,0,0.0208943095058202,0,0.0184322781860828,0,0.0218634251505136
0,0.1524544209241867,0,0.0091192368417978,0,0.0695598870515823,0,0.0745255425572395
0,0.060208972543478,0,0.0176757983863353,0,0.2872234284877777,0,0.0777566134929657
0,0.0404006950557231,0,0.1209114789962768,0,0.007252306677401,0,0.0070695667527616
0,0.0881538912653923,0,0.0479931756854057,0,0.0516199097037315,0,0.0043454119004309
0,0.0586942285299301,0,0.0220023114234209,0,0.0332080349326133,0,0.0002631349198054
0,0.1203763335943222,0,0.0646218359470367,0,0.0106954686343669,0,0.0038768032100051
0,0.0458657406270504,0,0.0206544660031795,0,0.0415722727775573,0,0.0003601209609769
0,0.1387879997491836,0,0.05826211348176,0,0.034243144094944,0,0.0197241604328155
0,0.4798626601696014,0,0.7379803657531738,0,0.6020283102989197,0,0.2553412914276123
0,0.5054110884666443,0,0.8010832071304321,0,0.6291666030883789,0,0.2501187622547149
0,0.1698105782270431,0,0.2531144618988037,0,0.0386890023946762,0,0.0127431843429803
0,0.1514453440904617,0,0.1488003581762313,0,0.0411189012229442,0,0.0077630397863686
0,0.0075413500890135,0,0.0028436412103474,0,0.0008985495660454,0,0.0002567478222772
0,0.0060834642499685,0,0.0073908511549234,0,0.002434336580336,0,6.285700510488823e-05
0,0.0163861848413944,0,0.0081284334883093,0,0.0036103806924074,0,0.0002330454008188
0,0.2241507321596145,0,0.0133320083841681,0,0.0068803778849542,0,0.054546058177948
0,0.0108181573450565,0,0.0025205835700035,0,0.0014556781388819,0,0.0018011120846495
0,0.0218663047999143,0,0.015877703204751,0,0.0107590295374393,0,0.0007617601659148
0,0.009151984937489,0,0.0163303595036268,0,0.0043588997796177,0,0.000316178164212
0,0.0225943922996521,0,0.0024118414148688,0,0.0020834712777286,0,0.001373179256916
0,0.016487518325448,0,0.0021786191500723,0,0.000601258536335,0,0.0018789744935929
0,0.0107649946585297,0,0.0023323448840528,0,0.0013206040021032,0,0.0004255292587913
0,0.0932232216000557,0,0.348430335521698,0,0.2578814923763275,0,0.1725949198007583
0,0.006725606508553,0,0.0134664885699749,0,0.0014736637240275,0,0.0003793359210249
0,0.0813741981983184,0,0.1918546855449676,0,0.1537539511919021,0,0.1332343816757202
0,0.0054255970753729,0,0.0204465109854936,0,0.0008022934198379,0,0.0027055768296122
0,0.1544746309518814,0,0.5086307525634766,0,0.1838745325803756,0,0.1507991552352905
0,0.272599458694458,0,0.816907525062561,0,0.6945134401321411,0,0.2829131186008453
0,0.562613308429718,0,0.7704944014549255,0,0.7224976420402527,0,0.6494705080986023
0,0.1648709774017334,0,0.3005338907241821,0,0.0815780982375145,0,0.0659487545490264
0,0.1173740029335022,0,0.2991563677787781,0,0.0166039727628231,0,0.0002631384413689
0,0.0417397357523441,0,0.1701121777296066,0,0.0588520802557468,0,0.0047535956837236
0,0.2417908608913421,0,0.4131969809532165,0,0.6934332847595215,0,0.0144593371078372
0,0.01404385920614,0,0.0064463065937161,0,0.0095123760402202,0,0.0010824641212821
0,0.0346798785030841,0,0.0887780264019966,0,0.0864042565226554,0,0.0140890199691057
0,0.0541224218904972,0,0.0416880324482917,0,0.0055516459979116,0,0.0069192140363156
0,0.0365692824125289,0,0.0505604781210422,0,0.004423591773957,0,0.0141251683235168
0,0.0474885553121566,0,0.1260850727558136,0,0.0253287907689809,0,0.0047107059508562
0,0.045883908867836,0,0.0563944093883037,0,0.0099325357005,0,0.0086620897054672
0,0.0197595544159412,0,0.0289566274732351,0,0.019015684723854,0,0.0018631961429491
0,0.1337810009717941,0,0.0271204933524131,0,0.069737508893013,0,0.009065075777471
0,0.5107120871543884,0,0.1901394873857498,0,0.7855157256126404,0,0.0943973734974861
0,0.0575150251388549,0,0.1255517601966858,0,0.112069196999073,0,0.0044857049360871
0,0.1968190521001815,0,0.1136462390422821,0,0.0139579018577933,0,0.0668489187955856
0,0.1027515605092048,0,0.1996740251779556,0,0.0193253271281719,0,0.1894317716360092
0,0.2197784185409546,0,0.2296175807714462,0,0.2305699586868286,0,0.1288107186555862
0,0.2091019451618194,0,0.2145052254199981,0,0.1210139840841293,0,0.1328868716955185
0,0.2540367543697357,0,0.3682010471820831,0,0.1927292943000793,0,0.2058642953634262
0,0.0864050313830375,0,0.2002830356359481,0,0.5050144195556641,0,0.0849919989705085
0,0.2684098482131958,0,0.3363891243934631,0,0.1801496148109436,0,0.020092025399208
0,0.2776516675949096,0,0.1306281238794326,0,0.2449455112218856,0,0.0912147611379623
0,0.3525864481925964,0,0.1552856713533401,0,0.5378491282463074,0,0.1767351180315017
0,0.2968324422836303,0,0.1217122375965118,0,0.4767388999462127,0,0.2773590981960296
0,0.2097470760345459,0,0.0653696358203888,0,0.1433936357498169,0,0.0071845138445496
0,0.2657212018966675,0,0.078469231724739,0,0.2427124381065368,0,0.0918141975998878
0,0.0288103390485048,0,0.475538969039917,0,0.0250868257135152,0,0.0019421264296397
0,0.0340457558631897,0,0.4852190017700195,0,0.030921870842576,0,0.0036726277321577
0,0.0292087532579898,0,0.5042218565940857,0,0.0308470539748668,0,0.0027067540213465
0,0.0729818865656852,0,0.1266665458679199,0,0.0185936968773603,0,0.0002939568657893
0,0.0477063134312629,0,0.032368466258049,0,0.0319164954125881,0,0.0006615350721403
0,0.0314552746713161,0,0.005630224943161,0,0.0019048214890062,0,0.0006162848439998
0,0.0124957589432597,0,0.0068939328193664,0,0.0025136682670563,0,0.0018709119176492
0,0.1601746976375579,0,0.1804088801145553,0,0.4363745152950287,0,0.2123208045959472
0,0.2401362955570221,0,0.0361305773258209,0,0.0105375740677118,0,0.0019745568279176
0,0.225087508559227,0,0.0453593730926513,0,0.0141791030764579,0,0.0024110258091241
0,0.2130834758281707,0,0.1099737659096717,0,0.2582071721553802,0,0.8414030075073242
0,0.5991073846817017,0,0.6571322083473206,0,0.3503433465957641,0,0.2268182039260864
0,0.0572428442537784,0,0.0181742906570434,0,0.0309607069939374,0,0.0252186004072427
0,0.2618189752101898,0,0.4987752139568329,0,0.5955387949943542,0,0.1542424112558365
0,0.074176549911499,0,0.0093014799058437,0,0.0424108691513538,0,0.1831805408000946
0,0.0664573833346366,0,0.0220296122133731,0,0.0230190958827734,0,0.0200200602412223
0,0.2751559913158417,0,0.5575697422027588,0,0.6619488000869751,0,0.1742021292448043
0,0.102325364947319,0,0.0262648779898881,0,0.1113980710506439,0,0.2640308439731598
0,0.072058655321598,0,0.0208210442215204,0,0.0278696119785308,0,0.0183854009956121
0,0.3066056370735168,0,0.5597389340400696,0,0.6159152388572693,0,0.1870942562818527
0,0.2526925504207611,0,0.0485501699149608,0,0.0070319301448762,0,0.2021385878324508
0,0.0369099117815494,0,0.0110506284981966,0,0.0085588851943612,0,0.0153577690944075
0,0.0447941906750202,0,0.0097026508301496,0,0.0065586981363594,0,0.0077788089402019
0,0.0864067375659942,0,0.0468047261238098,0,0.0035610601771622,0,0.0029480303637683
0,0.0476913303136825,0,0.0123287653550505,0,0.0139084132388234,0,0.0123382564634084
0,0.1959401071071624,0,0.0654893368482589,0,0.1022012084722518,0,0.0149640571326017
0,0.1734785437583923,0,0.0796143114566803,0,0.1159941777586937,0,0.0758299976587295
0,0.1167270317673683,0,0.0507077798247337,0,0.078561894595623,0,0.0102746374905109
0,0.0366856791079044,0,0.0172479096800088,0,0.0196580104529857,0,0.0053426376543939
0,0.0104129668325185,0,0.0014603323070332,0,0.0010812712134793,0,0.0026052945759147
0,0.0305909197777509,0,0.0041953134350478,0,0.0020095165818929,0,0.005561867263168
0,0.1382707059383392,0,0.1000011339783668,0,0.0067921443842351,0,0.0005588579806499
0,0.0255016963928937,0,0.0122296391054987,0,0.0141160618513822,0,0.0005424405680969
0,0.0136412875726819,0,0.0011130552738904,0,0.0002428113657515,0,0.0008509763283655
0,0.0061733494512736,0,0.0017212148522958,0,0.0007343202014453,0,0.0025476145092397
0,0.2943919897079468,0,0.3846887648105621,0,0.0427380837500095,0,0.0018777515506371
0,0.0284553933888673,0,0.0118136322125792,0,0.0084322718903422,0,0.0008728606044314
0,0.0180586203932762,0,0.0026294507551938,0,0.0002867113507818,0,0.0012663460802286
0,0.0061502638272941,0,0.0024966956116259,0,0.0009740401292219,0,0.0020089880563318
0,0.0271706935018301,0,0.0072237881831824,0,0.0014626281335949,0,0.0004236740642227
0,0.0426264815032482,0,0.0582316666841506,0,0.0351473987102508,0,0.0063299355097115
0,0.0712697058916091,0,0.0830853059887886,0,0.0163929648697376,0,0.0096122436225414
0,0.0461346432566642,0,0.0669053792953491,0,0.1692882031202316,0,0.0094574661925435
0,0.042310394346714,0,0.0115585252642631,0,0.0136475441977381,0,0.0002577347622718
0,0.234455406665802,0,0.0771536827087402,0,0.0536261647939682,0,0.021001923829317
0,0.5124083757400513,0,0.3377077579498291,0,0.2764649987220764,0,0.2387841045856475
0,0.145805150270462,0,0.0006889001815579,0,0.0171574968844652,0,8.902742411009967e-05
0,0.1149168610572815,0,0.032073862850666,0,0.0642620772123336,0,9.817024692893028e-05
0,0.0191379189491271,0,0.0122173652052879,0,0.001045816228725,0,0.0341176278889179
0,0.0140369543805718,0,0.0018753730691969,0,0.007602781523019,0,0.000629594491329
0,0.0150032304227352,0,0.0087856007739901,0,0.0085561303421854,0,0.0006238106288947
0,0.0307491421699523,0,0.0381519049406051,0,0.0122578684240579,0,0.0027696113102138
0,0.0113114649429917,0,0.005037544760853,0,0.0076016094535589,0,0.0096989404410123
0,0.0162526499480009,0,0.0008143805898725,0,0.0004805697244592,0,1.2492172572819982e-05
0,0.0068213110789656,0,0.0045632128603756,0,0.0018971521640196,0,0.0002454080968163
0,0.0431953221559524,0,0.0047848923131823,0,0.0103382468223571,0,0.0027584054041653
0,0.162482351064682,0,0.0699189528822898,0,0.0151349641382694,0,0.0007982817478477
0,0.4247843027114868,0,0.7407017350196838,0,0.5126978754997253,0,0.8690785765647888
0,0.061947476118803,0,0.0264124758541584,0,0.0671260878443718,0,0.0284641589969396
0,0.0278099309653043,0,0.0461776368319988,0,0.017580447718501,0,0.0056178946979343
0,0.0592059381306171,0,0.0226388294249773,0,0.0869550183415412,0,0.0216708593070507
0,0.1083432659506797,0,0.0870319977402687,0,0.0929250866174697,0,0.0981090441346168
0,0.0081241438165307,0,0.0045152055099606,0,0.001992612844333,0,0.0009945925557985
0,0.0463567711412906,0,0.02095253393054,0,0.068569429218769,0,0.0242648720741271
0,0.0056220726110041,0,0.0020955349318683,0,0.0054387100972235,0,0.0006136402953416
0,0.0449616201221942,0,0.022294633090496,0,0.0150449397042393,0,0.003057291964069
0,0.1349187046289444,0,0.1043906882405281,0,0.0672154575586319,0,0.0382792875170707
0,0.1777598857879638,0,0.1085385531187057,0,0.0917111411690712,0,0.045011032372713
0,0.0808459296822547,0,0.0320828594267368,0,0.0631744191050529,0,0.0059783291071653
0,0.111221969127655,0,0.0824966132640838,0,0.0943404734134674,0,0.10413558781147
0,0.389419823884964,0,0.0292443688958883,0,0.0382527336478233,0,0.0147553207352757
0,0.1970413029193878,0,0.032193973660469,0,0.050002571195364,0,0.0011946503072977
0,0.112477570772171,0,0.0134670091792941,0,0.0304843839257955,0,0.0094947405159473
0,0.2377262711524963,0,0.0708221420645713,0,0.0308310687541961,0,0.0059600882232189
0,0.0746490210294723,0,0.03213781863451,0,0.0064149843528866,0,0.0045002484694123
0,0.3658163547515869,0,0.0458399280905723,0,0.1426286697387695,0,0.3634402453899383
0,0.1782107204198837,0,0.0216225497424602,0,0.0594925135374069,0,0.296504259109497
0,0.0392353385686874,0,0.0075733484700322,0,0.0191689450293779,0,0.1034684553742408
0,0.0316478498280048,0,0.0131812393665313,0,0.0049471473321318,0,0.0060993833467364
0,0.5130658745765686,0,0.8674157857894897,0,0.7513318657875061,0,0.5040431618690491
0,0.0227396935224533,0,0.0099334679543972,0,0.0172298867255449,0,0.0016801273450255
0,0.130605861544609,0,0.1908444762229919,0,0.0101797962561249,0,0.193930521607399
0,0.0170510318130254,0,0.0204679388552904,0,0.013978898525238,0,0.0319150127470493
0,0.0620119459927082,0,0.0070283222012221,0,0.0208227504044771,0,0.0015991399995982
0,0.0676765218377113,0,0.0170260183513164,0,0.0174004882574081,0,0.0046363282017409
0,0.0344505347311496,0,0.0056528681889176,0,0.0035360557958483,0,0.0016482005594298
0,0.3087779283523559,0,0.6233187913894653,0,0.3332328498363495,0,0.5875727534294128
0,0.2428150773048401,0,0.3948285579681396,0,0.3073482513427734,0,0.3401459753513336
0,0.1544404476881027,0,0.4827457964420318,0,0.1868255585432052,0,0.3331658244132995
0,0.0235740039497613,0,0.0073038595728576,0,0.0007169196614995,0,0.000836101884488
0,0.2344309240579605,0,0.0607605390250682,0,0.2646646797657013,0,0.0356055758893489
0,0.5659285187721252,0,0.5703262686729431,0,0.5371076464653015,0,0.8387452363967896
0,0.6504668593406677,0,0.6582141518592834,0,0.5369161367416382,0,0.960574507713318
0,0.7893884181976318,0,0.6326779723167419,0,0.7092737555503845,0,0.982477366924286
0,0.0950546339154243,0,0.0071996473707258,0,0.0134257143363356,0,0.0180467180907726
0,0.0514513291418552,0,0.0136756543070077,0,0.0139401545748114,0,0.005845142994076
0,0.07448710501194,0,0.0065357005223631,0,0.0096443444490432,0,0.0073611168190836
0,0.0228532776236534,0,0.0201977808028459,0,0.0205357875674963,0,0.0043105967342853
0,0.0255316533148288,0,0.0258466061204671,0,0.0186975002288818,0,0.0026358535978943
0,0.0240454338490962,0,0.0181142147630453,0,0.013271439820528,0,0.0021427159663289
0,0.0262280814349651,0,0.0251365303993225,0,0.0117378225550055,0,0.0049631753936409
0,0.086546815931797,0,0.2551707923412323,0,0.2892259955406189,0,0.146375373005867
0,0.0510365776717662,0,0.2657726109027862,0,0.0553822070360183,0,0.0574566014111042
0,0.052024558186531,0,0.3618555665016174,0,0.1121059358119964,0,0.1123164966702461
0,0.2935760021209717,0,0.4334821701049804,0,0.1761050820350647,0,0.0596952401101589
0,0.6932230591773987,0,0.5238563418388367,0,0.3388384580612182,0,0.5148344039916992
0,0.7711455821990967,0,0.5468288660049438,0,0.4609928727149963,0,0.3618666231632232
0,0.3529011309146881,0,0.0403338260948658,0,0.4614154100418091,0,0.082352414727211
0,0.0916465669870376,0,0.0145616671070456,0,0.0153485340997576,0,0.0019610184244811
0,0.2140461206436157,0,0.3784858882427215,0,0.2952728569507599,0,0.2653527855873108
0,0.0416179075837135,0,0.0191528536379337,0,0.0643929541110992,0,0.0198618061840534
0,0.2342613339424133,0,0.4246301651000976,0,0.4441260397434234,0,0.1282208412885666
0,0.1679268628358841,0,0.0526145286858081,0,0.0059966365806758,0,0.0022583564277738
0,0.0058313072659075,0,0.0015367058804258,0,0.0005098179681226,0,0.0086495112627744
0,0.0064413766376674,0,0.0057277609594166,0,0.0004088919959031,0,0.0005615775007754
0,0.0076162884943187,0,0.0016972844023257,0,0.0018647271208465,0,0.0080816345289349
0,0.0080670230090618,0,0.0023865769617259,0,0.0010746117914095,0,0.0227576401084661
0,0.0162816680967807,0,0.0040219165384769,0,0.0007441289490088,0,0.0019493603613227
0,0.0079289646819233,0,0.0018003918230533,0,0.0016351613448932,0,0.0112214749678969
0,0.0084139006212353,0,0.0023968778550624,0,0.0012357897358015,0,0.040486566722393
0,0.0122879957780241,0,0.002448207931593,0,0.0001539882068755,0,0.0018294792389497
0,0.3248865604400635,0,0.1162087023258209,0,0.2403056323528289,0,0.0050858096219599
0,0.0927799269556999,0,0.0239093042910099,0,0.0949005261063575,0,0.0356991291046142
0,0.1194017753005027,0,0.0305251106619834,0,0.1015003770589828,0,0.0177959613502025
0,0.2878891229629516,0,0.083814799785614,0,0.4011388421058655,0,0.0856099128723144
0,0.0086985137313604,0,0.0010798295261338,0,0.0001306168851442,0,0.0053579313680529
0,0.0157487038522958,0,0.0029521819669753,0,0.0012871657963842,0,0.0127213187515735
0,0.0181517861783504,0,0.0058123962953686,0,0.0010352293029427,0,0.0135764330625534
0,0.0147106600925326,0,0.0012220656499266,0,0.0089845582842826,0,2.717133247642778e-05
0,0.0173574369400739,0,0.0046969694085419,0,0.0119068566709756,0,0.0061685531400144
0,0.0118875680491328,0,0.0239647012203931,0,0.0101397978141903,0,0.001600143732503
0,0.1756026148796081,0,0.3213526606559753,0,0.0846315249800682,0,0.0861256569623947
0,0.0641424879431724,0,0.0951011776924133,0,0.0169208217412233,0,0.0720615237951278
0,0.0095039196312427,0,0.017376659438014,0,0.0010071391006931,0,0.0002556183899287
0,0.010122749954462,0,0.0103338807821273,0,0.0067663881927728,0,5.012373731005937e-05
0,0.1349092721939087,0,0.2593713700771332,0,0.0578564591705799,0,0.125040054321289
0,0.0178963970392942,0,0.0260382685810327,0,0.0531962253153324,0,0.0140728401020169
0,0.1442564576864242,0,0.0961910039186477,0,0.010149230249226,0,0.0004699117562267
0,0.0408610850572586,0,0.0571064092218875,0,0.0149593483656644,0,0.0050171874463558
0,0.0832402557134628,0,0.0284989960491657,0,0.0017182407900691,0,0.0006739604868926
0,0.0287892185151577,0,0.0032952167093753,0,0.0017187446355819,0,0.0007304626051336
0,0.0379067808389663,0,0.0043486761860549,0,0.0014962664572522,0,0.0005087943281978
0,0.1208889186382293,0,0.3209520876407623,0,0.2632229030132293,0,0.5945857167243958
0,0.145101711153984,0,0.3966814279556274,0,0.241100400686264,0,0.115415334701538
0,0.0396163538098335,0,0.00596091337502,0,0.0004258788831066,0,0.0015614860458299
0,0.0065175299532711,0,0.0138897942379117,0,0.0059802425093948,0,0.0005936394445598
0,0.0100477198138833,0,0.0052181398496031,0,0.0008377211051993,0,0.0008107743342407
0,0.0108485044911503,0,0.0056815277785062,0,0.0132030630484223,0,0.0019229386234655
0,0.0098123736679553,0,0.0073103588074445,0,0.02043978869915,0,0.0093681532889604
0,0.0364064648747444,0,0.0054605067707598,0,0.0004431187408044,0,0.0016438500024378
0,0.0073977289721369,0,0.0025566210970282,0,0.0002280430926475,0,0.0001394940627506
0,0.0094170225784182,0,0.0065239183604717,0,0.0710128396749496,0,0.0377379953861236
0,0.0073598693124949,0,0.0049736090004444,0,0.0043546468950808,0,0.0080202976241707
0,0.1191891133785247,0,0.0237681549042463,0,0.0547837279736995,0,0.0974306464195251
0,0.0199541952461004,0,0.0018435339443385,0,0.0003229194553568,0,0.0003548797685652
0,0.0482745692133903,0,0.0054214536212384,0,0.0009070456726476,0,0.0039739981293678
0,0.0113413361832499,0,0.0081172110512852,0,0.0015805637231096,0,0.0010550387669354
0,0.0109755955636501,0,0.0083603356033563,0,0.0203275997191667,0,0.0416987687349319
0,0.1484774351119995,0,0.0200676899403333,0,0.0543088018894195,0,0.1909370869398117
0,0.0208158567547798,0,0.0020180619321763,0,0.0004426436207722,0,9.887024498311804e-05
0,0.0076606129296123,0,0.0023531252518296,0,0.0007771779200993,0,0.0078337956219911
0,0.0234921351075172,0,0.0059709204360842,0,0.0007330012740567,0,0.001080077025108
0,0.332126259803772,0,0.0981979519128799,0,0.0458065867424011,0,0.0116610918194055
0,0.0859541445970535,0,0.0095999361947178,0,0.0033516432158648,0,0.0040542953647673
0,0.0102924201637506,0,0.0380364879965782,0,0.0019239025423303,0,6.448302883654833e-05
0,0.0165746919810771,0,0.0163090843707323,0,0.0033072205260396,0,0.0006598727195523
0,0.0402315817773342,0,0.2978206574916839,0,0.0219185389578342,0,0.0104340761899948
0,0.0612533204257488,0,0.1100142300128936,0,0.0624410025775432,0,0.0247725043445825
0,0.1153893321752548,0,0.0240317080169916,0,0.0403018631041049,0,0.0118819400668144
0,0.4518800973892212,0,0.3808310329914093,0,0.108675017952919,0,0.0145845394581556
0,0.0874677672982215,0,0.2446775138378143,0,0.0625045225024223,0,0.0078127793967723
0,0.0307743456214666,0,0.0458924174308776,0,0.0066377888433635,0,0.0091587416827678
0,0.0533424988389015,0,0.0061788228340446,0,0.0083554433658719,0,0.0079877488315105
0,0.3382598161697387,0,0.0606457404792308,0,0.0462589226663112,0,0.0044005098752677
0,0.0496879629790782,0,0.0878495946526527,0,0.0446288436651229,0,0.0218626242130994
0,0.4663369059562683,0,0.3419460952281952,0,0.3535667657852173,0,0.0050437408499419
0,0.0291691962629556,0,0.1609339267015457,0,0.0454744584858417,0,0.015125747770071
0,0.21400186419487,0,0.055430818349123,0,0.0235303584486246,0,0.0326919630169868
0,0.22910837829113,0,0.0810862183570861,0,0.0248021315783262,0,0.007899503223598
0,0.1227039843797683,0,0.0300122182816267,0,0.0272969827055931,0,0.0061896662227809
0,0.1187342628836631,0,0.1181835010647773,0,0.0545372925698757,0,0.0334605500102043
0,0.0291234478354454,0,0.0044249421916902,0,0.0004728454514406,0,0.0006255112821236
0,0.028326166793704,0,0.0050415974110364,0,0.0006717219366692,0,0.0006138128810562
0,0.032532837241888,0,0.006348714698106,0,0.0004915463505312,0,0.0025049436371773
0,0.0862388387322425,0,0.1044741347432136,0,0.2982430756092071,0,0.1659291535615921
0,0.0935489758849144,0,0.0158076174557209,0,0.1746739596128463,0,0.0814672484993934
1,0.316592276096344,1,0.248696893453598,1,0.1053439527750015,1,0.024181542918086
1,0.3328524827957153,1,0.0243935845792293,1,0.0398226641118526,1,0.0004014376027043
1,0.5755883455276489,1,0.4317301213741302,1,0.1591284871101379,1,0.6157517433166504
1,0.3026034235954284,1,0.3168315291404724,1,0.5752930641174316,1,0.0976859107613563
1,0.3147454261779785,1,0.3565077781677246,1,0.2221295237541198,1,0.0255130752921104
1,0.7251543998718262,1,0.0623064674437046,1,0.1937255859375,1,0.1650442332029342
1,0.0334200486540794,1,0.0075674727559089,1,0.0099893352016806,1,0.0087238531559705
1,0.0393584892153739,1,0.011915348470211,1,0.0143551947548985,1,0.0141006018966436
1,0.0488412640988826,1,0.0315168425440788,1,0.0245120543986558,1,0.0217258185148239
1,0.5284789800643921,1,0.1809675395488739,1,0.7085133194923401,1,0.0110650099813938
1,0.4913763403892517,1,0.8516474962234497,1,0.773126482963562,1,0.91071218252182
1,0.6500754356384277,1,0.510834276676178,1,0.5712198615074158,1,0.7756729125976562
1,0.4702684879302978,1,0.2422633320093155,1,0.1139963716268539,1,0.6015657186508179
1,0.5428887009620667,1,0.109582670032978,1,0.028880026191473,1,0.1569996625185012
1,0.5178393721580505,1,0.2416307628154754,1,0.0416348986327648,1,0.8927648663520813
0,0.0654169395565986,0,0.0303164273500442,0,0.0139180049300193,0,0.0044356156140565
0,0.0615729205310344,0,0.0245712529867887,0,0.0217296946793794,0,0.0071318745613098
0,0.387579470872879,0,0.1922772377729416,0,0.7099403738975525,0,0.296394795179367
0,0.0245542060583829,0,0.0026868556160479,0,0.0011248264927417,0,0.0055701998062431
0,0.0555271618068218,0,0.0224909782409667,0,0.1004608049988746,0,0.0228724796324968
0,0.1804028302431106,0,0.3430384993553161,0,0.3309256136417389,0,0.1727933287620544
0,0.0783435851335525,0,0.0161161012947559,0,0.0540718473494052,0,0.0775269046425819
0,0.2446824461221695,0,0.4286535680294037,0,0.6060976386070251,0,0.2283333092927932
0,0.1858323663473129,0,0.3033722043037414,0,0.5633226633071899,0,0.2521831393241882
0,0.0601354949176311,0,0.0198192112147808,0,0.0327562168240547,0,0.0644096657633781
0,0.3270947635173797,0,0.1533591598272323,0,0.1193409338593483,0,0.3072348237037658
0,0.4147974550724029,0,0.3332654535770416,0,0.8053842782974243,0,0.3909361660480499
0,0.6950734257698059,0,0.7766141891479492,0,0.5956599116325378,0,0.3946185111999511
0,0.0073799206875264,0,0.0017644427716732,0,0.0004984864499419,0,0.0001741850428516
0,0.0110060423612594,0,0.0019300827989354,0,0.0047919433563947,0,0.0092920511960983
0,0.009991755709052,0,0.0009656095644459,0,0.0025870020035654,0,0.0012609360273927
0,0.0470394529402256,0,0.020152049139142,0,0.0183909330517053,0,0.0090746628120541
0,0.0267668105661869,0,0.0048521552234888,0,0.017863405868411,0,0.0110057620331645
0,0.054745864123106,0,0.0222155600786209,0,0.0111188245937228,0,0.002739752177149
0,0.0678035989403724,0,0.0117568271234631,0,0.0103506948798894,0,0.0100101958960294
0,0.1609541475772857,0,0.0064687621779739,0,0.0259137563407421,0,0.1824379563331604
0,0.0062472778372466,0,0.0011835367185994,0,0.0011881872778758,0,0.0016525986138731
0,0.0580274052917957,0,0.0174670349806547,0,0.0061717028729617,0,0.0132488217204809
0,0.0383296981453895,0,0.0094791566953063,0,0.0033417709637433,0,0.002619240200147
0,0.0552740432322025,0,0.0187272783368825,0,0.0163163393735885,0,0.0047615724615752
0,0.0737476721405983,0,0.0176873765885829,0,0.0052735009230673,0,0.0207216069102287
0,0.105481818318367,0,0.0048372996971011,0,0.0348812565207481,0,0.1521283388137817
0,0.0463357828557491,0,0.0268970802426338,0,0.0102270720526576,0,0.003773889504373
0,0.0429144836962223,0,0.0031133193988353,0,0.0173813570290803,0,0.0002328570699319
0,0.0593742318451404,0,0.026203203946352,0,0.0112141752615571,0,0.0070099062286317
0,0.0394952073693275,0,0.0027858419343829,0,0.0133401826024055,0,0.0001485761604271
0,0.0342174395918846,0,0.0035227555781602,0,0.0122478948906064,0,0.0002184135810239
0,0.2023686915636062,0,0.1705784201622009,0,0.1119044199585914,0,0.04244826734066
0,0.0349621139466762,0,0.0078323688358068,0,0.0023206749465316,0,0.0380697660148143
0,0.0180796384811401,0,0.0070416224189102,0,0.0014160237042233,0,0.0060312980785965
0,0.0187013112008571,0,0.0057122898288071,0,0.0021844701841473,0,0.0001369402161799
0,0.2403769642114639,0,0.0204161964356899,0,0.053115289658308,0,0.0113659100607037
0,0.1441836506128311,0,0.1251086592674255,0,0.1392759829759597,0,0.7970426678657532
0,0.3639388382434845,0,0.2869143784046173,0,0.6203137040138245,0,0.1468491852283477
0,0.043127104640007,0,0.0811924561858177,0,0.0069069149903953,0,1.9141250959364697e-05
0,0.016456177458167,0,0.0050315475091338,0,0.0277265291661024,0,0.023784739896655
0,0.0379018820822238,0,0.0205768719315528,0,0.0718106254935264,0,0.0245460961014032
0,0.0219221673905849,0,0.0046714101918041,0,0.0195971336215734,0,0.0215584356337785
0,0.1394377797842025,0,0.0261282008141279,0,0.0087896334007382,0,0.4171920716762543
0,0.015488676726818,0,0.009424427524209,0,0.0017179772257804,0,0.0061990064568817
0,0.1532013118267059,0,0.0606718882918357,0,0.1094903126358985,0,0.0003060951130464
0,0.0227793045341968,0,0.0178535375744104,0,0.001008768682368,0,0.002885139780119
0,0.3006340861320495,0,0.2862239181995392,0,0.3856585025787353,0,0.0206147637218236
0,0.0141451181843876,0,0.0098241111263632,0,0.0018056312110275,0,0.0072106583975255
0,0.2993336915969848,0,0.2649127542972564,0,0.42829629778862,0,0.0188974626362323
0,0.7151045799255371,0,0.4769575893878937,0,0.5610905885696411,0,0.3961906135082245
0,0.432911604642868,0,0.739587664604187,0,0.6334713697433472,0,0.2074535638093948
0,0.9240512251853944,0,0.8120782375335693,0,0.8648422360420227,0,0.9910135865211488
0,0.4270319640636444,0,0.7452778816223145,0,0.6360136866569519,0,0.1173919215798378
0,0.0401668660342693,0,0.021985912695527,0,0.0076263765804469,0,0.0034990613348782
0,0.0252294931560754,0,0.0228993184864521,0,0.0093888947740197,0,0.0076841008849442
0,0.0305023081600666,0,0.0169291589409112,0,0.0058026695623993,0,0.0024346134159713
0,0.0116841960698366,0,0.0028665617574006,0,0.022716486826539,0,0.0001468584669055
0,0.1542735695838928,0,0.1337572038173675,0,0.2113071531057357,0,0.0216938257217407
0,0.2063265293836593,0,0.2735013663768768,0,0.335789680480957,0,0.0513060502707958
0,0.2610126733779907,0,0.3067699372768402,0,0.3361325860023498,0,0.0817552953958511
0,0.2008219212293625,0,0.0195974372327327,0,0.0446244925260543,0,0.0012442903826013
0,0.1835774332284927,0,0.4459128081798553,0,0.4151829183101654,0,0.8882575035095215
0,0.6991928815841675,0,0.6876327991485596,0,0.1869880408048629,0,0.4310975670814514
0,0.1522099375724792,0,0.2803495228290558,0,0.095688447356224,0,0.045098852366209
0,0.172291874885559,0,0.420687586069107,0,0.0843220800161361,0,0.0245519168674945
0,0.1780632734298706,0,0.3381005227565765,0,0.0822475776076316,0,0.0406741164624691
0,0.0150575153529644,0,0.004935645032674,0,0.0030326824635267,0,5.5570690165041015e-05
0,0.0179060716181993,0,0.001595206442289,0,0.0001818324963096,0,0.0002473828499205
0,0.0146806119009852,0,0.0134128304198384,0,0.0043875891715288,0,0.0018877983093261
0,0.0162077229470014,0,0.0130860479548573,0,0.0043185800313949,0,0.0018002223223447
0,0.0398003011941909,0,0.0039479783736169,0,0.0075917956419289,0,0.0048051853664219
0,0.1106414720416069,0,0.029256235808134,0,0.0047211241908371,0,0.0059004365466535
0,0.0124380150809884,0,0.0042077526450157,0,0.0121806543320417,0,0.0051387622952461
0,0.0892419815063476,0,0.0283531434834003,0,0.0087853437289595,0,0.0089164217934012
0,0.1272174268960952,0,0.0236970167607069,0,0.0056794295087456,0,0.004940565675497
0,0.0025188890285789,0,0.0045057525858283,0,0.0014397832565009,0,0.0004179531824775
0,0.0040587512776255,0,0.0113811464980244,0,0.0012939852895215,0,0.0099692428484559
0,0.3358154296875,0,0.2010957598686218,0,0.234510987997055,0,0.4005576968193054
0,0.2868050634860992,0,0.1011708751320838,0,0.1857957541942596,0,0.4693337678909302
0,0.2062729597091674,0,0.0424899384379386,0,0.2520451247692108,0,0.0064177168533205
0,0.0243531297892332,0,0.0049117058515548,0,0.0006224950775504,0,0.0003727588336914
0,0.1458574086427688,0,0.0637654736638069,0,0.0059619019739329,0,0.0993037149310112
0,0.030550954863429,0,0.0060309688560664,0,0.0095946695655584,0,0.0018455232493579
0,0.0203694757074117,0,0.0163692310452461,0,0.007289077155292,0,0.0009640542557463
0,0.0263845827430486,0,0.0245254468172788,0,0.0093444054946303,0,0.0015894958050921
0,0.0234448462724685,0,0.0260060727596282,0,0.0114125749096274,0,0.0021977173164486
0,0.060909453779459,0,0.044723879545927,0,0.0124610317870974,0,0.0032283298205584
0,0.0167058482766151,0,0.0040301633998751,0,0.0007505256216973,0,0.0014086067676544
0,0.0103527903556823,0,0.0008349972194992,0,0.0008092707139439,0,0.0013995063491165
0,0.0131080700084567,0,0.0010679856641218,0,0.000994905247353,0,0.004136627074331
0,0.0383508317172527,0,0.0087191127240657,0,0.0012388816103339,0,0.0008998360135592
0,0.0457046739757061,0,0.0112953558564186,0,0.0019074894953519,0,0.0022312572691589
0,0.1653319895267486,0,0.0384637340903282,0,0.0223329253494739,0,0.1127198636531829
0,0.1690541952848434,0,0.043143268674612,0,0.0243914276361465,0,0.1105554774403572
0,0.0708432272076606,0,0.0162663236260414,0,0.0054393573664128,0,0.0217453613877296
0,0.023806570097804,0,0.0054551595821976,0,0.0004811258986592,0,0.0013656455557793
0,0.29810631275177,0,0.347728282213211,0,0.1845515221357345,0,0.0692862421274185
0,0.4004510641098022,0,0.3918236792087555,0,0.2449082434177398,0,0.0958438888192176
0,0.2906903624534607,0,0.3255510628223419,0,0.2143688201904297,0,0.0583206303417682
0,0.0208689868450164,0,0.0060658906586468,0,0.00058301363606,0,0.0076056350953876
0,0.3502369821071625,0,0.0501882508397102,0,0.0183739345520734,0,0.0085130492225289
0,0.0122060347348451,0,0.0057196235284209,0,0.0017810277640819,0,0.0004635751829482
0,0.6022049784660339,0,0.3105217218399048,0,0.1712967604398727,0,0.4502863585948944
0,0.0259199850261211,0,0.0059576309286057,0,0.0007193746278062,0,0.0138336531817913
0,0.3917603194713592,0,0.0194305423647165,0,0.0174343157559633,0,0.008314449340105
0,0.2662006616592407,0,0.0249524861574172,0,0.0130264479666948,0,0.0024491443764418
0,0.0350456461310386,0,0.0949701964855194,0,0.0396628603339195,0,0.0208099577575922
0,0.0204997155815362,0,0.005318502895534,0,0.0003896910056937,0,0.0081622414290905
0,0.2254232317209243,0,0.0036104563623666,0,0.0027868237812072,0,0.0026029092259705
0,0.0044887657277286,0,0.0012868660269305,0,0.0007648172904737,0,0.0003136965970043
0,0.1447195410728454,0,0.080436959862709,0,0.1004441902041435,0,0.3863182961940765
0,0.1504377424716949,0,0.1656930446624755,0,0.5091687440872192,0,0.2795428931713104
0,0.403546929359436,0,0.5342509150505066,0,0.6217578649520874,0,0.1899186670780182
0,0.0166535414755344,0,0.0047547668218612,0,0.0001593662163941,0,0.0012597885215654
0,0.0145824775099754,0,0.0053825173527002,0,0.000211297039641,0,0.0016207649605348
0,0.2823634147644043,0,0.2988647520542145,0,0.2369320541620254,0,0.1811875253915786
0,0.0553624108433723,0,0.0041765975765883,0,0.0016992625314742,0,0.0015059850411489
0,0.1678021848201751,0,0.0107202334329485,0,0.0041591259650886,0,0.0023472690954804
0,0.0628618374466896,0,0.0127214984968304,0,0.0041222218424081,0,0.0040850113146007
0,0.2374544143676757,0,0.2997795045375824,0,0.2355823814868927,0,0.2639153301715851
0,0.147630825638771,0,0.140950009226799,0,0.1262426525354385,0,0.0203702952712774
0,0.232539415359497,0,0.0998663678765297,0,0.0726751610636711,0,0.280612051486969
0,0.3024111092090606,0,0.366870641708374,0,0.2861537933349609,0,0.2489312589168548
0,0.0332303158938884,0,0.0040555936284363,0,0.002311143791303,0,0.0019594959449023
0,0.047853983938694,0,0.0192733574658632,0,0.0815701261162757,0,0.0053258384577929
0,0.0084248920902609,0,0.0008616035338491,0,0.00220911600627,0,9.078031871467827e-05
0,0.0064502502791583,0,0.0023967490997165,0,0.0006484721088781,0,0.0003453246608842
0,0.2473473995923996,0,0.0381827019155025,0,0.0148059604689478,0,0.0636008903384208
0,0.4596678018569946,0,0.0871371924877166,0,0.3548391163349151,0,0.0587202571332454
0,0.0072489362210035,0,0.0025985073298215,0,0.0017362671205773,0,0.001226877910085
0,0.0090786954388022,0,0.0045989817008376,0,0.0006713936454616,0,0.0032393133733421
0,0.0046110535040497,0,0.0009169128607027,0,0.0011437002103775,0,0.0002453371998853
0,0.2339306771755218,0,0.0279805846512317,0,0.0135188763961195,0,0.0422002561390399
0,0.4188564717769623,0,0.1249079033732414,0,0.2672477960586548,0,0.0217879991978406
0,0.0548547729849815,0,0.0277985259890556,0,0.0016385440248996,0,6.255968037294224e-05
0,0.0250605512410402,0,0.0028050616383552,0,0.0089512355625629,0,0.0002777490590233
0,0.0040253214538097,0,0.0011270182440057,0,0.001420194748789,0,0.0001231747446581
0,0.2634870409965515,0,0.0787011682987213,0,0.007000655401498,0,0.0750042274594307
0,0.2565358579158783,0,0.0247775334864854,0,0.2662200331687927,0,0.180693432688713
0,0.1107200011610984,0,0.0145274046808481,0,0.0287198722362518,0,0.0251590870320796
0,0.1459892988204956,0,0.0220542568713426,0,0.0308733917772769,0,0.0126266255974769
0,0.2498524487018585,0,0.2003401815891266,0,0.0504555627703666,0,0.0097312601283192
0,0.0671223178505897,0,0.0233388114720582,0,0.0344985537230968,0,0.041818767786026
0,0.2981706261634826,0,0.3809674680233001,0,0.6091067790985107,0,0.1174972504377365
0,0.3826520442962646,0,0.2008032947778701,0,0.41639244556427,0,0.6557291746139526
0,0.0656276494264602,0,0.0292820092290639,0,0.0359398536384105,0,0.0446587726473808
0,0.1408208161592483,0,0.0397173762321472,0,0.0123585285618901,0,0.0026222902815788
0,0.1128949746489524,0,0.2154496908187866,0,0.3233523666858673,0,0.3799594640731811
0,0.038964033126831,0,0.0087026469409465,0,0.0170260891318321,0,0.0033350363373756
0,0.0088377548381686,0,0.0088534951210021,0,0.0006672677118331,0,0.0003551566624082
0,0.0232563056051731,0,0.0454623326659202,0,0.0005291578709147,0,0.014052259735763
0,0.0158009864389896,0,0.0049872221425175,0,0.0003721390676219,0,0.0008347609546035
0,0.1461325138807296,0,0.0498991906642913,0,0.0045367320999503,0,0.0380402132868766
0,0.0463545806705951,0,0.0400340147316455,0,0.0037468837108463,0,0.0057905726134777
0,0.0340335667133331,0,0.0047042444348335,0,0.1197260543704032,0,0.0788671597838401
0,0.3380422294139862,0,0.4795360863208771,0,0.1296579390764236,0,0.0124721089377999
0,0.428612470626831,0,0.2472407072782516,0,0.2118198573589325,0,0.0756399929523468
0,0.3813166618347168,0,0.4160529375076294,0,0.1314605176448822,0,0.0121381450444459
0,0.1668739169836044,0,0.199761614203453,0,0.2054036110639572,0,0.0139906555414199
0,0.4730591177940368,0,0.6561477184295654,0,0.2179168462753296,0,0.0479825586080551
0,0.0881129801273346,0,0.0179578065872192,0,0.0276061445474624,0,0.0019044807413592
0,0.0233337096869945,0,0.0064869942143559,0,0.0002352791489101,0,0.0012822896242141
0,0.0893874317407608,0,0.0269529428333044,0,0.0237421840429306,0,0.007512763608247
0,0.0167825073003768,0,0.0014241447206586,0,0.003764582099393,0,0.0092765856534242
0,0.0204656720161438,0,0.0086831897497177,0,0.000295345991617,0,0.0021954588592052
0,0.1515804976224899,0,0.2012347280979156,0,0.1221654638648033,0,0.2582072019577026
0,0.0229538492858409,0,0.0023808674886822,0,0.012808003462851,0,0.0281888209283351
0,0.0232831183820962,0,0.0125588970258831,0,0.0001960252266144,0,0.0014484572457149
0,0.123413398861885,0,0.1838391721248626,0,0.1185231283307075,0,0.0407419092953205
0,0.0206552278250455,0,0.0309892781078815,0,0.0070445802994072,0,0.0331230349838733
0,0.0075425566174089,0,0.0062111793085932,0,0.0005524989101104,0,0.0053855152800679
0,0.0485341027379035,0,0.0309551898390054,0,0.0216973777860403,0,0.0020166113972663
0,0.1147385612130165,0,0.0071977600455284,0,0.0100109055638313,0,0.0029296693392097
0,0.3287816643714905,0,0.1599006503820419,0,0.3158591985702514,0,0.2872030138969421
0,0.1970595270395279,0,0.1025150120258331,0,0.0163421817123889,0,0.0154574858024716
0,0.4224353432655334,0,0.2869634330272674,0,0.2715362310409546,0,0.1230140551924705
0,0.0903073102235794,0,0.0471883714199066,0,0.2400612980127334,0,0.0493333972990512
0,0.1156988888978958,0,0.01581646874547,0,0.0064276186749339,0,0.1344148516654968
0,0.035492405295372,0,0.0039607817307114,0,0.0020671740639954,0,0.0012618203181773
0,0.0522089228034019,0,0.008339824154973,0,0.0101546151563525,0,0.0007964046671986
0,0.0798307508230209,0,0.0992212742567062,0,0.0346949808299541,0,0.0001028570113703
0,0.1081217974424362,0,0.0089432820677757,0,0.0209170039743185,0,0.0051683387719094
0,0.0991402715444564,0,0.0181174576282501,0,0.0017382982186973,0,0.0002795281470753
0,0.0366151705384254,0,0.0920695886015892,0,0.002849242882803,0,0.0007099690847098
0,0.0148694869130849,0,0.0024677822366356,0,0.0010907992254942,0,0.0002206917706644
0,0.310013860464096,0,0.0352716222405433,0,0.0116463070735335,0,0.019719012081623
0,0.1348571926355362,0,0.0220830868929624,0,0.0764710903167724,0,0.0026209633797407
0,0.4056147933006286,0,0.6995413899421692,0,0.5298128128051758,0,0.7906144857406616
0,0.2187508046627044,0,0.4221642613410949,0,0.4867256283760071,0,0.0429151467978954
0,0.078224167227745,0,0.0302435550838708,0,0.0415737964212894,0,0.0315843634307384
0,0.1233857199549675,0,0.0124501399695873,0,0.2785080373287201,0,0.0517864786088466
0,0.2915728390216827,0,0.111675426363945,0,0.1572480350732803,0,0.0264915619045496
0,0.1452416330575943,0,0.0994749143719673,0,0.0277546178549528,0,0.1012312471866607
0,0.2180829048156738,0,0.0452219098806381,0,0.0928166285157203,0,0.0620908290147781
0,0.006360987201333,0,0.0031642864923924,0,0.0002841763489414,0,0.0030551245436072
0,0.1467667073011398,0,0.1404642760753631,0,0.2967534363269806,0,0.0024393408093601
0,0.005450515076518,0,0.00256182346493,0,0.0002242076443508,0,0.0069372579455375
0,0.0594098344445228,0,0.0666217282414436,0,0.1673848032951355,0,0.0011725716758519
0,0.0611632689833641,0,0.0085446303710341,0,0.0096911126747727,0,0.0131086930632591
0,0.0166336260735988,0,0.0045058513060212,0,0.0009600775665603,0,0.0003545776125974
0,0.0374961234629154,0,0.0422768108546733,0,0.0339716151356697,0,0.003034267341718
0,0.0141531657427549,0,0.011622498743236,0,0.0184778776019811,0,0.0080372234806418
0,0.0912222638726234,0,0.0299022365361452,0,0.0041660722345113,0,0.0004918060149066
0,0.0970855727791786,0,0.0247024912387132,0,0.0036714307498186,0,0.0018948258366435
0,0.0143717797473073,0,0.0191925708204507,0,0.0221186615526676,0,0.0060964380390942
0,0.0093808267265558,0,0.0046243090182542,0,0.0092730894684791,0,0.0006289620068855
0,0.0202506072819232,0,0.0385679863393306,0,0.0676884651184082,0,0.0096369786188006
0,0.0086573576554656,0,0.002731600543484,0,0.0093584759160876,0,0.0003311245236545
0,0.1914944648742675,0,0.0112426886335015,0,0.0263716205954551,0,0.0040110284462571
0,0.0128806224092841,0,0.0184196699410676,0,0.0030560947488993,0,0.0015849636401981
0,0.2286564111709594,0,0.2523255348205566,0,0.4166032373905182,0,0.9105374813079834
0,0.0131298135966062,0,0.0164667777717113,0,0.003272148547694,0,0.0014667460927739
0,0.2671405971050262,0,0.1476810127496719,0,0.3234162926673889,0,0.9425229430198668
0,0.0118461241945624,0,0.0176876671612262,0,0.001847821753472,0,0.0010829984676092
0,0.2487318217754364,0,0.3113116025924682,0,0.3923357725143432,0,0.954809844493866
0,0.4342195689678192,0,0.7695885896682739,0,0.7410076260566711,0,0.3640553951263428
0,0.0060855578631162,0,0.0025328199844807,0,0.0046674041077494,0,0.0098370714113116
0,0.0072754779830574,0,0.0036695024464279,0,0.0001792260882211,0,0.0001300450821872
0,0.0050938068889081,0,0.0021972854156047,0,0.0002739467017818,0,0.0001490454014856
0,0.0196661055088043,0,0.0090339379385113,0,0.000797048502136,0,0.0002213847037637
0,0.0321041718125343,0,0.0186310280114412,0,0.0157330129295587,0,0.0023740872275084
