fold_1_labels,fold_1_predictions,fold_2_labels,fold_2_predictions,fold_3_labels,fold_3_predictions,fold_4_labels,fold_4_predictions
1,0.599723219871521,1,0.3398356139659881,1,0.0805855989456176,1,0.0606333799660205
1,0.689138650894165,1,0.7225289344787598,1,0.7445363998413086,1,0.9769484400749208
1,0.5292861461639404,1,0.4224518537521362,1,0.3892005085945129,1,0.901823103427887
1,0.253094881772995,1,0.5755327939987183,1,0.0636909902095794,1,0.3807711005210876
1,0.3486234545707702,1,0.5357065200805664,1,0.0474011935293674,1,0.0884245261549949
1,0.4001752138137817,1,0.7962746620178223,1,0.4358631372451782,1,0.6576371788978577
1,0.3683524429798126,1,0.393297791481018,1,0.114229641854763,1,0.1454418003559112
1,0.350965291261673,1,0.132634162902832,1,0.3546385169029236,1,0.8623911142349243
1,0.4464510381221771,1,0.4397349059581756,1,0.0609737187623977,1,0.1031599193811416
1,0.4697135090827942,1,0.4904035627841949,1,0.0738419741392135,1,0.1255052387714386
1,0.3233981728553772,1,0.3306329250335693,1,0.0312305148690938,1,0.0832211002707481
1,0.8710888028144836,1,0.6215223670005798,1,0.7667288184165955,1,0.9812890291213988
1,0.2509697377681732,1,0.1379544287919998,1,0.1134088933467865,1,0.4853728711605072
1,0.0286686457693576,1,0.0384506210684776,1,0.0155677217990159,1,0.1351829618215561
1,0.3663721680641174,1,0.3028255701065063,1,0.1003547981381416,1,0.8044404983520508
1,0.3456284701824188,1,0.4160449504852295,1,0.1754624396562576,1,0.8533162474632263
1,0.9447142481803894,1,0.9517558813095092,1,0.8635204434394836,1,0.9443577527999878
1,0.0894905552268028,1,0.0487976856529712,1,0.0090167252346873,1,0.2352052927017212
1,0.563428521156311,1,0.710753858089447,1,0.596366822719574,1,0.9410607218742372
1,0.1869590282440185,1,0.4986764192581177,1,0.1942553073167801,1,0.0280380267649889
1,0.4064910113811493,1,0.1531299948692321,1,0.2526237368583679,1,0.9869301319122314
0,0.0193947236984968,0,0.1107587367296218,0,0.0558552108705043,0,0.0184321925044059
0,0.0107403798028826,0,0.0025146873667836,0,0.0006684127729386,0,0.0024296690244227
0,0.0971001982688903,0,0.2946677505970001,0,0.0106709189713001,0,0.0731369107961654
0,0.0133435595780611,0,0.0027008447796106,0,0.0011553751537576,0,0.0026385325472801
0,0.157533586025238,0,0.0845867097377777,0,0.0238711237907409,0,0.0096492459997534
0,0.0075508491136133,0,0.0025321457069367,0,0.0003257508797105,0,0.0003887368366122
0,0.0921548977494239,0,0.1950945407152176,0,0.0202507358044385,0,0.0386364795267581
0,0.0458247885107994,0,0.0075490921735763,0,0.0345791243016719,0,0.0167424734681844
0,0.0657430440187454,0,0.0182607471942901,0,0.0510115623474121,0,0.0418852418661117
0,0.0180715229362249,0,0.0179862100630998,0,0.0033900651615113,0,0.0005253266426734
0,0.0041731465607881,0,0.0299454852938652,0,0.0012737358920276,0,0.000332767580403
0,0.0063823158852756,0,0.00434385612607,0,0.0028652439359575,0,0.0114199109375476
0,0.0566787421703338,0,0.0066485535353422,0,0.0044344342313706,0,0.0824980735778808
0,0.0053545958362519,0,0.0049993232823908,0,0.0025487064849585,0,0.0044607082381844
0,0.0577443465590477,0,0.0240117143839597,0,0.059200495481491,0,0.0205121859908103
0,0.2652688920497894,0,0.1099728792905807,0,0.0381636805832386,0,0.5062809586524963
0,0.0052071688696742,0,0.0090914657339453,0,0.000795601052232,0,0.0029432561714202
0,0.0063366638496518,0,0.0123426550999283,0,0.0011267649242654,0,0.0069381417706608
0,0.0512951873242855,0,0.022473944351077,0,0.0554317235946655,0,0.0174488853663206
0,0.0174085386097431,0,0.0262012146413326,0,0.0040845531038939,0,0.0004935346660204
0,0.0486326999962329,0,0.0194649733603,0,0.1460585743188858,0,0.0551659986376762
0,0.1301874369382858,0,0.2344188392162323,0,0.0389760807156562,0,0.8760260343551636
0,0.0119436802342534,0,0.0112476833164691,0,0.0114355748519301,0,0.029497105628252
0,0.0992760807275772,0,0.0315832793712616,0,0.0312145538628101,0,0.0406983606517314
0,0.4670225083827972,0,0.4904068410396576,0,0.1213157549500465,0,0.0075096394866704
0,0.4599630832672119,0,0.456921637058258,0,0.0859584137797355,0,0.357900321483612
0,0.0867192819714546,0,0.026154464110732,0,0.0109740952029824,0,0.0207717791199684
0,0.1469711512327194,0,0.3702462315559387,0,0.0165911559015512,0,0.0185106378048658
0,0.447332888841629,0,0.5185075402259827,0,0.1393104791641235,0,0.0192058458924293
0,0.4846324622631073,0,0.4713321328163147,0,0.1063236221671104,0,0.1586467772722244
0,0.1224483028054237,0,0.042404968291521,0,0.0176944527775049,0,0.0165371168404817
0,0.0855989977717399,0,0.1782496124505996,0,0.0066499141976237,0,0.0122541738674044
0,0.5370322465896606,0,0.5451499223709106,0,0.1112525388598442,0,0.0075255851261317
0,0.5637953877449036,0,0.5529019832611084,0,0.1227348670363426,0,0.3099287748336792
0,0.0751897394657135,0,0.0296609755605459,0,0.0161789469420909,0,0.0096968989819288
0,0.229308009147644,0,0.4400441944599151,0,0.0258207935839891,0,0.0087276892736554
0,0.0189202222973108,0,0.0101976795122027,0,0.0001272525405511,0,0.0041014538146555
0,0.0099951894953846,0,0.0015798158710822,0,0.0008208337821997,0,0.0045433244667947
0,0.2086797952651977,0,0.0640284568071365,0,0.1252768337726593,0,0.0328803099691867
0,0.4467934072017669,0,0.2326602488756179,0,0.2133426666259765,0,0.4461888968944549
0,0.0399575941264629,0,0.0040863268077373,0,0.0185148306190967,0,0.0059150038287043
0,0.1183305084705352,0,0.0047835959121584,0,0.0154955219477415,0,0.0207193624228239
0,0.0070674349553883,0,0.0256637260317802,0,0.0020400923676788,0,0.0031382571905851
0,0.1499721705913543,0,0.0050956150516867,0,0.0169765222817659,0,0.0037972398567944
0,0.0644300207495689,0,0.0167027302086353,0,0.0223154202103614,0,0.0262416396290063
0,0.0379637293517589,0,0.2258903682231903,0,0.041474662721157,0,0.6498095989227295
0,0.0222788136452436,0,0.002354297786951,0,0.0030733572784811,0,0.0218096282333135
0,0.2622761726379394,0,0.007770353462547,0,0.007649905513972,0,0.0284002758562564
0,0.6317497491836548,0,0.1869589984416961,0,0.1228094398975372,0,0.6756535172462463
0,0.3329915106296539,0,0.1192081496119499,0,0.0782201439142227,0,0.132247045636177
0,0.0432218164205551,0,0.0035050434526056,0,0.0019801361486315,0,0.0029984102584421
0,0.5227804780006409,0,0.6259198784828186,0,0.3104445338249206,0,0.8047186136245728
0,0.0057623879984021,0,0.0081583708524703,0,0.0003123349160887,0,0.0066403858363628
0,0.0130567979067564,0,0.0038347602821886,0,0.0017101697158068,0,0.0004487904079724
0,0.0175920985639095,0,0.0585280954837799,0,0.0171605199575424,0,0.043249562382698
0,0.0051150247454643,0,0.0071318615227937,0,0.0002889494935516,0,0.0020460931118577
0,0.0072425454854965,0,0.0018226539250463,0,0.0011801370419561,0,0.0001969024597201
0,0.0090522654354572,0,0.0301921498030424,0,0.0129027217626571,0,0.0570784769952297
0,0.0049337791278958,0,0.0075652063824236,0,0.0002886353177018,0,0.0027416080702096
0,0.0117992293089628,0,0.0030628927052021,0,0.0016045788070186,0,0.0002772921288851
0,0.0212872214615345,0,0.010706583969295,0,0.0314273014664649,0,0.1968919038772583
0,0.1787492036819458,0,0.0397727414965629,0,0.1245776116847992,0,0.0546405911445617
0,0.0072551048360764,0,0.0074048670940101,0,0.0005646913778036,0,0.0020130206830799
0,0.0303509272634983,0,0.0364775545895099,0,0.0131637714803218,0,0.0318922959268093
0,0.027243660762906,0,0.0013178921071812,0,0.0006177055765874,0,0.0001924185780808
0,0.0090189538896083,0,0.0028824992477893,0,0.0017484606942161,0,0.004178462550044
0,0.0102336667478084,0,0.0035530237946659,0,0.0015269280411303,0,0.0041380650363862
0,0.0119326962158083,0,0.0038435133174061,0,0.0016665617004036,0,0.0032720866147428
0,0.0683892518281936,0,0.0149401230737566,0,0.0168116129934787,0,0.0181569531559944
0,0.0666133463382721,0,0.0094636427238583,0,0.0138730201870203,0,0.0389827713370323
0,0.3877074122428894,0,0.1142685413360595,0,0.1419023871421814,0,0.42800173163414
0,0.3862873613834381,0,0.0400780737400054,0,0.1053738296031951,0,0.1136272251605987
0,0.5218102335929871,0,0.7319008708000183,0,0.42910236120224,0,0.0452918075025081
0,0.0040099751204252,0,0.0021864313166588,0,0.0024807550944387,0,0.0013166380813345
0,0.1324253380298614,0,0.0156675167381763,0,0.0014740475453436,0,0.0065708137117326
0,0.2496396750211715,0,0.0571163184940815,0,0.0152304815128445,0,0.2692179977893829
0,0.1639057993888855,0,0.0979527905583381,0,0.0272130984812974,0,0.2588827610015869
0,0.0840804800391197,0,0.0048972051590681,0,0.0057226419448852,0,0.0089734029024839
0,0.0870865881443023,0,0.005838269367814,0,0.0073443697765469,0,0.000659683777485
0,0.1458119302988052,0,0.0075903148390352,0,0.0181843247264623,0,0.0141333257779479
0,0.1557840704917907,0,0.0646662339568138,0,0.0311739891767501,0,0.0527968741953372
0,0.0599989667534828,0,0.0056646363809704,0,0.0100403139367699,0,0.0012910050572827
0,0.1024378612637519,0,0.0502963066101074,0,0.0405334681272506,0,0.0334130972623825
0,0.0042805429548025,0,0.0008134537492878,0,0.0003924044722225,0,0.0011742181377485
0,0.0399490073323249,0,0.0053577027283608,0,0.0113839209079742,0,0.0041292575187981
0,0.0244608428329229,0,0.013058291748166,0,0.0307436361908912,0,0.0116462688893079
0,0.176653042435646,0,0.0758647993206977,0,0.0531466454267501,0,0.0586982667446136
0,0.0231311880052089,0,0.0084041273221373,0,0.0317983366549015,0,0.0272000506520271
0,0.2108035087585449,0,0.4441612064838409,0,0.2161876857280731,0,0.7592045068740845
0,0.3677965700626373,0,0.0590713359415531,0,0.0616498105227947,0,0.0133309978991746
0,0.7326765060424805,0,0.0569626837968826,0,0.3539018034934997,0,0.2241697609424591
0,0.4108131527900696,0,0.3152799308300018,0,0.2514191567897796,0,0.4074543416500091
0,0.4320687055587768,0,0.2343111187219619,0,0.2708504498004913,0,0.3614412546157837
0,0.4408400654792785,0,0.202609047293663,0,0.2536152005195617,0,0.2796413600444793
0,0.009972745552659,0,0.0194891281425952,0,0.0017591428477317,0,0.0010131482267752
0,0.251071572303772,0,0.3705911040306091,0,0.0473646484315395,0,0.7601466178894043
0,0.2721835374832153,0,0.1000807657837867,0,0.0310480073094367,0,0.3967106640338897
0,0.2592673003673553,0,0.1123898327350616,0,0.0239739548414945,0,0.4844672083854675
0,0.079261690378189,0,0.0916293188929557,0,0.065799780189991,0,0.1022627875208854
0,0.0931455194950103,0,0.1884709149599075,0,0.0084534892812371,0,0.0408509187400341
0,0.0184590127319097,0,0.00114229938481,0,0.0005329130799509,0,0.0058543249033391
0,0.020627986639738,0,0.0043806079775094,0,0.0087634213268756,0,0.1075348183512687
0,0.019661696627736,0,0.0041762073524296,0,0.0083804177120327,0,0.1289910078048706
0,0.2209293693304062,0,0.1485397815704345,0,0.0639805495738983,0,0.1110829561948776
0,0.1456279456615448,0,0.0230452716350555,0,0.0106846056878566,0,0.0095316283404827
0,0.1399614661931991,0,0.0070389956235885,0,0.0134851457551121,0,0.0226071998476982
0,0.0907962471246719,0,0.0440458469092845,0,0.0144004682078957,0,0.1537028104066848
0,0.1327144056558609,0,0.0160169452428817,0,0.0145017122849822,0,0.2078530043363571
0,0.0060035698115825,0,0.0064490926451981,0,0.0101224584504961,0,0.325509250164032
0,0.0049312440678477,0,0.0025162426754832,0,2.5879966415232047e-05,0,0.0001507878041593
0,0.0045347232371568,0,0.002327499911189,0,3.0046194297028705e-05,0,0.0002565681934356
0,0.0162684619426727,0,0.0045930068008601,0,0.0005944609292782,0,0.0003469326184131
0,0.004366192035377,0,0.0027595071587711,0,2.30648565775482e-05,0,0.0002491880732122
0,0.0294029265642166,0,0.0065739271230995,0,0.0009030814399011,0,0.0004346075002104
0,0.0874938815832138,0,0.0357387624680995,0,0.0166918952018022,0,0.3879018425941467
0,0.157977283000946,0,0.0554201826453208,0,0.0148595869541168,0,0.0070871184580028
0,0.0421966314315795,0,0.0067539946176111,0,0.0019406178034842,0,0.0006826099124737
0,0.0162027738988399,0,0.0018927383935078,0,0.0009072596440091,0,0.0002641940081957
0,0.0249778404831886,0,0.0026212164666503,0,0.0017947416054084,0,0.0008239122689701
0,0.1365451067686081,0,0.0057192649692296,0,0.0343639329075813,0,0.0309901814907789
0,0.009166651405394,0,0.0013935891911387,0,0.0006774850189685,0,0.0003086677752435
0,0.0286738388240337,0,0.0057291570119559,0,0.0017679821467027,0,0.0015245366375893
0,0.074867844581604,0,0.033753179013729,0,0.0113072218373417,0,0.030035350471735
0,0.0037706333678215,0,0.0026060764212161,0,0.0036238664761185,0,0.0162626933306455
0,0.0511893257498741,0,0.0164268910884857,0,0.0033799726516008,0,0.0118754301220178
0,0.00887350179255,0,0.0079833939671516,0,0.001490760478191,0,0.171330839395523
0,0.0028166119009256,0,0.0073918872512876,0,0.0004412604903336,0,0.0004473712469916
0,0.0131311602890491,0,0.0118964659050107,0,0.0086767030879855,0,0.0121629266068339
0,0.0033955182880163,0,0.0022991879377514,0,0.0036044523585587,0,0.0131999822333455
0,0.041613932698965,0,0.0136625012382864,0,0.0053194491192698,0,0.0140170315280556
0,0.0131342699751257,0,0.0069524054415524,0,0.0015953409019857,0,0.1363929808139801
0,0.299113780260086,0,0.5624565482139587,0,0.1744753420352935,0,0.0801311805844307
0,0.5557568669319153,0,0.287490576505661,0,0.0234732292592525,0,0.0820569396018982
0,0.5662932991981506,0,0.4422393441200256,0,0.0851521492004394,0,0.2694884836673736
0,0.0254251230508089,0,0.1612738072872162,0,0.0163437984883785,0,0.0417129583656787
0,0.2811072766780853,0,0.0148152699694037,0,0.0013657750096172,0,0.0016121092485263
0,0.0437337160110473,0,0.0015474329702556,0,0.0425983220338821,0,0.0133575852960348
0,0.3025429248809814,0,0.1887005120515823,0,0.1084475368261337,0,0.3054077923297882
0,0.0242199189960956,0,0.0014511012705042,0,0.0071931509301066,0,0.0009733875049278
0,0.0447217561304569,0,0.0730336755514144,0,0.0129470145329833,0,0.0405231043696403
0,0.0852499306201934,0,0.0386703573167324,0,0.0081445956602692,0,0.046075165271759
0,0.0073341387324035,0,0.028054341673851,0,0.0063247941434383,0,0.0038584102876484
0,0.0062787448987364,0,0.0063163484446704,0,0.0297954659909009,0,0.4230336248874664
0,0.1384994387626648,0,0.0956183075904846,0,0.0009882621234282,0,0.0097589939832687
0,0.5248752236366272,0,0.075729563832283,0,0.0184227433055639,0,0.002090465510264
0,0.270166277885437,0,0.0268200971186161,0,0.0223337113857269,0,0.4393459558486938
0,0.2512140870094299,0,0.289573460817337,0,0.1821314990520477,0,0.675062894821167
0,0.006039101164788,0,0.0023537166416645,0,0.0001386989461025,0,0.001234128139913
0,0.0793965384364128,0,0.0142683060839772,0,0.008890246041119,0,0.0015005684690549
0,0.0076848217286169,0,0.0025172445457428,0,0.0003701227542478,0,0.0030157233122736
0,0.0070528704673051,0,0.0027212740387767,0,0.00012993303244,0,0.0010412838310003
0,0.5760932564735413,0,0.2809347212314605,0,0.227758303284645,0,0.1626656651496887
0,0.5428353548049927,0,0.2249701619148254,0,0.1320067644119262,0,0.2159485965967178
0,0.5946574807167053,0,0.2119311243295669,0,0.1444651335477829,0,0.134780153632164
0,0.0474105514585971,0,0.0919207260012626,0,0.0081361643970012,0,0.1703914254903793
0,0.0627154782414436,0,0.0689352080225944,0,0.0066317892633378,0,0.1968174874782562
0,0.0586804002523422,0,0.034399639815092,0,0.0074316007085144,0,0.2005769610404968
0,0.1999523639678955,0,0.0345591679215431,0,0.1977162808179855,0,0.021283721551299
0,0.0208502281457185,0,0.0176226161420345,0,0.0002880321990232,0,0.0019981528166681
0,0.0078126583248376,0,0.0169561002403497,0,0.0071342051960527,0,0.0003006292681675
0,0.0040547978132963,0,0.0199340190738439,0,0.000129884108901,0,7.16835493221879e-05
0,0.0425720177590847,0,0.0700712725520134,0,0.000774918240495,0,0.0015778571832925
0,0.0038801855407655,0,0.0037819459103047,0,0.0037157605402171,0,0.0015244516544044
0,0.0071499510668218,0,0.0050918040797114,0,0.0003934075357392,0,0.0001079976500477
0,0.154656633734703,0,0.024030415341258,0,0.0018003912409767,0,0.0014838284114375
0,0.0061470437794923,0,0.0039515951648354,0,0.0032740030437707,0,0.0001971350138774
0,0.0044379346072673,0,0.0041026636026799,0,6.606713577639312e-05,0,3.3243508369196206e-05
0,0.3009594082832336,0,0.0502813905477523,0,0.0940675437450409,0,0.1402149498462677
0,0.5433369874954224,0,0.5606921911239624,0,0.0660740882158279,0,0.0186616983264684
0,0.390405535697937,0,0.0166012644767761,0,0.1180730834603309,0,0.1373524665832519
0,0.4891872406005859,0,0.5824607014656067,0,0.0587026067078113,0,0.0335429012775421
0,0.05317347869277,0,0.0038776779547333,0,0.0012928765499964,0,0.0013239027466624
0,0.4003262817859649,0,0.2779134809970855,0,0.1096065193414688,0,0.0436266548931598
0,0.183560237288475,0,0.6884768009185791,0,0.2334364205598831,0,0.8816049098968506
0,0.2246765196323394,0,0.0305336117744445,0,0.0049113282002508,0,0.0131166409701108
0,0.3707954883575439,0,0.3175950646400451,0,0.1153053194284439,0,0.1446780711412429
0,0.3535762429237366,0,0.2480383664369583,0,0.1342151015996933,0,0.4194310307502746
0,0.0176138747483491,0,0.0083250235766172,0,0.0171403065323829,0,0.039697527885437
0,0.020269401371479,0,0.0226694364100694,0,0.0117285214364528,0,0.0321305729448795
0,0.1281464695930481,0,0.1010299324989318,0,0.0345901399850845,0,0.3185796737670898
0,0.338979959487915,0,0.0190668739378452,0,0.0019512111321091,0,0.0018643857911229
0,0.3631622791290283,0,0.0069625657051801,0,0.0196734704077243,0,0.0040787328034639
0,0.3845221698284149,0,0.0055653285235166,0,0.0091157043352723,0,0.0017390034627169
0,0.0032576925586909,0,0.0018331723986193,0,0.0022711448837071,0,0.0011649088701233
0,0.5647571086883545,0,0.1778135448694229,0,0.2903651893138885,0,0.0914485603570938
0,0.0221189148724079,0,0.0044490066356956,0,0.0019684180151671,0,0.0031845399644225
0,0.0134361973032355,0,0.0055979429744184,0,0.0001026396930683,0,0.0002623838954605
0,0.0275156125426292,0,0.0048192339017987,0,0.0019315656973049,0,0.0343715324997901
0,0.1806584894657135,0,0.0760784670710563,0,0.0163786318153142,0,0.0303935781121253
0,0.0359988920390605,0,0.0100586963817477,0,0.0061853965744376,0,0.1109442934393882
0,0.0228024125099182,0,0.0606617927551269,0,0.007619778625667,0,0.0931265503168106
0,0.0149025553837418,0,0.0132107883691787,0,0.0263403300195932,0,0.0049240100197494
0,0.0439994819462299,0,0.0779841244220733,0,0.042020060122013,0,0.0104068210348486
0,0.0029827465768903,0,0.0029284940101206,0,0.0016511909198015,0,0.0014281764160841
0,0.0207641404122114,0,0.0322263725101947,0,0.0243078507483005,0,0.0068118758499622
0,0.0034490823745727,0,0.0053443815559148,0,0.0028183239046484,0,0.0009796955855563
0,0.0859857052564621,0,0.0252666659653186,0,0.0027470039203763,0,0.0034988070838153
0,0.6085003614425659,0,0.4384991526603699,0,0.3274912238121032,0,0.7795475125312805
0,0.6200345754623413,0,0.3873232305049896,0,0.2776659727096557,0,0.774022102355957
0,0.6447544097900391,0,0.4194442927837372,0,0.2858992516994476,0,0.817075788974762
0,0.0132022816687822,0,0.0068604405969381,0,0.0037216858472675,0,0.0039904564619064
0,0.0142512554302811,0,0.007661584764719,0,0.0041640722192823,0,0.0045520216226577
0,0.047376312315464,0,0.0207206979393959,0,0.0048477505333721,0,0.0152699304744601
0,0.0209014322608709,0,0.0156863611191511,0,0.0343909375369548,0,0.151895985007286
0,0.0159902591258287,0,0.0103301219642162,0,0.0151869533583521,0,0.0102789001539349
0,0.0071014431305229,0,0.0081513933837413,0,0.0037178103812038,0,0.0048544104211032
0,0.8543413877487183,0,0.7806824445724487,0,0.4453700482845306,0,0.8672336339950562
0,0.7536581158638,0,0.5849534869194031,0,0.3258136510848999,0,0.6638822555541992
0,0.0212216936051845,0,0.0204593501985073,0,0.0110770333558321,0,0.0241462420672178
0,0.0364045798778533,0,0.0073134358972311,0,0.0067431810311973,0,0.0715411379933357
0,0.5971516370773315,0,0.0233725234866142,0,0.0458370931446552,0,0.2417764514684677
0,0.0242909211665391,0,0.0031237883958965,0,0.0013901963829994,0,0.0026479996740818
0,0.0108292009681463,0,0.0023687852080911,0,0.0032959545496851,0,0.0077503281645476
0,0.0091182626783847,0,0.0057839029468595,0,0.0007665528682991,0,0.0084848934784531
0,0.0201679356396198,0,0.0029469414148479,0,0.0006818355177529,0,0.0026277706492692
0,0.0056631881743669,0,0.0044045522809028,0,0.0007785124471411,0,0.0083644436672329
0,0.0299692992120981,0,0.0034143121447414,0,0.001294984598644,0,0.0025544674135744
0,0.0102685103192925,0,0.0038716522976756,0,0.003566161962226,0,0.0053417333401739
0,0.0062385508790612,0,0.0042543709278106,0,0.000655106967315,0,0.0043506566435098
0,0.4344863891601562,0,0.533997654914856,0,0.5661721229553223,0,0.9708774089813232
0,0.0084745623171329,0,0.0102332849055528,0,0.0057072006165981,0,0.0150188533589243
0,0.0054065538570284,0,0.0064964140765368,0,0.0008928006282076,0,0.0012924296315759
0,0.0233735088258981,0,0.0088281538337469,0,0.0035017323680222,0,0.0025498217437416
0,0.0172346103936433,0,0.0075472905300557,0,0.0029681213200092,0,0.0017323514912277
0,0.0227703936398029,0,0.0092696249485015,0,0.0054695573635399,0,0.0025720901321619
1,0.5696879029273987,1,0.4646687805652618,1,0.3462818264961242,1,0.3280608355998993
1,0.4173535704612732,1,0.8141238689422607,1,0.5501574277877808,1,0.983637511730194
1,0.5181096196174622,1,0.1280695497989654,1,0.0702226087450981,1,0.2725952863693237
1,0.5347141027450562,1,0.0757627859711647,1,0.1094923019409179,1,0.4912126958370209
1,0.6136743426322937,1,0.0584395937621593,1,0.0728096067905426,1,0.3186694085597992
1,0.8240402936935425,1,0.8197400569915771,1,0.7687406539916992,1,0.8788660764694214
1,0.933443009853363,1,0.9903658628463744,1,0.982582688331604,1,0.997548282146454
1,0.0064746579155325,1,0.0039954362437129,1,0.0016756241675466,1,0.0022803791798651
1,0.0138454781845211,1,0.012208892032504,1,0.0046212747693061,1,0.0059081949293613
1,0.2867152988910675,1,0.1668466627597808,1,0.1513857990503311,1,0.1661356985569
1,0.2290022522211074,1,0.0638751462101936,1,0.0439609512686729,1,0.494729995727539
1,0.4190476536750793,1,0.2774402797222137,1,0.2545241713523865,1,0.8467004895210266
1,0.2193199247121811,1,0.0548421926796436,1,0.0198246575891971,1,0.0731182396411895
1,0.244027629494667,1,0.0379496067762374,1,0.2370655536651611,1,0.9278609156608582
1,0.6093094944953918,1,0.2733765542507171,1,0.1777948141098022,1,0.8524627685546875
1,0.019742963835597,1,0.0137399556115269,1,0.0015022304141893,1,0.0455423146486282
1,0.1580580919981002,1,0.0846631303429603,1,0.0182673092931509,1,0.3462843298912048
1,0.2822385728359222,1,0.0802948027849197,1,0.0257299058139324,1,0.0038271476514637
1,0.4056497514247894,1,0.2056132107973098,1,0.1151996478438377,1,0.3099524080753326
1,0.4879685044288635,1,0.4156748056411743,1,0.2290408462285995,1,0.3628872036933899
1,0.7417728900909424,1,0.6845685243606567,1,0.2292858511209488,1,0.7093151211738586
1,0.6095353960990906,1,0.6457124352455139,1,0.2658483684062958,1,0.5888922810554504
1,0.7955533266067505,1,0.6971005201339722,1,0.4556838274002075,1,0.8370392322540283
1,0.1686184704303741,1,0.0682072415947914,1,0.0982211232185363,1,0.0682084560394287
1,0.1287799179553985,1,0.0498349517583847,1,0.0790494605898857,1,0.2986778318881988
1,0.3750149011611938,1,0.0931021496653556,1,0.117299273610115,1,0.817226767539978
0,0.2484675943851471,0,0.2952329218387604,0,0.1267267912626266,0,0.0836937129497528
0,0.333148330450058,0,0.188566505908966,0,0.0657356306910514,0,0.2128007262945175
0,0.2485925406217575,0,0.0224492866545915,0,0.077837586402893,0,0.2979212403297424
0,0.0237577222287654,0,0.0100297685712575,0,0.00095404102467,0,0.0020812221337109
0,0.0350956209003925,0,0.0101784216240048,0,0.0003815478994511,0,0.000882557593286
0,0.5645157694816589,0,0.6910296678543091,0,0.3363537192344665,0,0.2038699090480804
0,0.0585015751421451,0,0.0144757777452468,0,0.0337346568703651,0,0.0140167288482189
0,0.0102709718048572,0,0.0026026107370853,0,0.0058586471714079,0,0.0035601654089987
0,0.4392656683921814,0,0.5843152403831482,0,0.2864561080932617,0,0.3916336596012115
0,0.0228057857602834,0,0.003251721849665,0,0.0061402972787618,0,0.0020068341400474
0,0.0850117653608322,0,0.0091709047555923,0,0.0295045133680105,0,0.0176876429468393
0,0.0367333553731441,0,0.0266978424042463,0,0.0084584830328822,0,0.021583404392004
0,0.2039853781461715,0,0.1317205131053924,0,0.0514532476663589,0,0.0362332426011562
0,0.5505368113517761,0,0.5740584135055542,0,0.3470245599746704,0,0.7754294276237488
0,0.003400863148272,0,0.0130139719694852,0,0.0104533452540636,0,0.0003516044816933
0,0.0480256713926792,0,0.0078782234340906,0,0.0129003226757049,0,0.0086529310792684
0,0.1357301175594329,0,0.0047297114506363,0,0.0047117499634623,0,0.0013301197905093
0,0.0291306134313344,0,0.021870294585824,0,0.0045780912041664,0,0.0018537871073931
0,0.2196572422981262,0,0.1381895542144775,0,0.0261004716157913,0,0.0053697456605732
0,0.447822242975235,0,0.4919772148132324,0,0.0172126069664955,0,0.3661065995693207
0,0.0716321244835853,0,0.0370767004787921,0,0.0082358252257108,0,0.0183305647224187
0,0.28419890999794,0,0.3259638845920563,0,0.0282566640526056,0,0.5109377503395081
0,0.2634112238883972,0,0.0402302555739879,0,0.0561187602579593,0,0.0066595752723515
0,0.033073540776968,0,0.0179472230374813,0,0.0028565803077071,0,0.0109274899587035
0,0.0280541721731424,0,0.0165400803089141,0,0.0001210555128636,0,0.0012773076305165
0,0.0074686668813228,0,0.0142321893945336,0,0.0115195186808705,0,0.0390351228415966
0,0.0358318425714969,0,0.0050695687532424,0,0.0013559955405071,0,0.0100177079439163
0,0.0290880370885133,0,0.0276333540678024,0,7.47170124668628e-05,0,0.0021883440203964
0,0.0286317821592092,0,0.0202448461204767,0,6.714338815072551e-05,0,0.0015401740092784
0,0.0119835752993822,0,0.0160843599587678,0,0.001077463151887,0,0.0038840153720229
0,0.5800856947898865,0,0.1475865840911865,0,0.213361769914627,0,0.5041986703872681
0,0.6022953391075134,0,0.2002707123756408,0,0.3022330701351166,0,0.5791924595832825
0,0.3712921440601349,0,0.3849170506000519,0,0.1406981498003006,0,0.1557420492172241
0,0.1646645069122314,0,0.1561045348644256,0,0.0558729916810989,0,0.857074499130249
0,0.2051740437746048,0,0.1632011383771896,0,0.2891373634338379,0,0.7168318033218384
0,0.4492634832859039,0,0.2544659674167633,0,0.2234854400157928,0,0.9001784324645996
0,0.0251217540353536,0,0.0158220082521438,0,0.0588735044002532,0,0.0507643818855285
0,0.0246011056005954,0,0.0159704945981502,0,0.003478531492874,0,0.0576587095856666
0,0.0380931943655014,0,0.0151440650224685,0,0.0042939553968608,0,0.0774449706077575
0,0.0238473527133464,0,0.0125322686508297,0,0.0024549223016947,0,0.1012736186385154
0,0.0297665670514106,0,0.0030529885552823,0,0.0086523126810789,0,0.0088880695402622
0,0.0270358957350254,0,0.0147471409291028,0,0.0020900168456137,0,0.0203904248774051
0,0.0775211304426193,0,0.0279938820749521,0,0.0117487795650959,0,0.113052062690258
0,0.0199409127235412,0,0.0208766590803861,0,0.0167641453444957,0,0.0010188008891418
0,0.0385418981313705,0,0.0176019389182329,0,0.0271247643977403,0,0.0001806978398235
0,0.0214783400297164,0,0.0595119558274745,0,0.0218278132379055,0,0.0823578536510467
0,0.0361282788217067,0,0.1361094117164611,0,0.0071921292692422,0,0.1941480785608291
0,0.0159064531326293,0,0.0014240138698369,0,0.0024887423496693,0,0.1832658797502517
0,0.0149513687938451,0,0.0175701584666967,0,0.1234219372272491,0,0.6554128527641296
0,0.0084066316485404,0,0.0055118035525083,0,0.0033999294973909,0,0.1191441789269447
0,0.0213925838470459,0,0.0360730476677417,0,0.0916422829031944,0,0.1119402647018432
0,0.0202458277344703,0,0.0197208691388368,0,0.0748560726642608,0,0.0637660697102546
0,0.0096683986485004,0,0.0089496066793799,0,0.0024157164152711,0,0.0518851578235626
0,0.0178542807698249,0,0.1264147162437439,0,0.0012837443500757,0,0.0011442744871601
0,0.0366327464580535,0,0.0073761665262281,0,0.003410771721974,0,0.0201172977685928
0,0.1417204141616821,0,0.0078601976856589,0,0.0081972358748316,0,0.0784309059381485
0,0.0021156892180442,0,0.0007255499949678,0,0.0006572132115252,0,0.0003828542830888
0,0.1203235313296318,0,0.1853328049182891,0,0.0961517244577407,0,0.7839273810386658
0,0.0052744941785931,0,0.0077197127975523,0,0.0019836295396089,0,0.0758524611592292
0,0.590573787689209,0,0.0308981332927942,0,0.0384331904351711,0,0.0735810548067092
0,0.6561409831047058,0,0.0652125477790832,0,0.0904543474316597,0,0.1755241155624389
0,0.0364833809435367,0,0.0130940377712249,0,0.0015229261480271,0,0.0112167196348309
0,0.0053173173218965,0,0.0047064065001904,0,0.0114352852106094,0,0.0109440814703702
0,0.0035758349113166,0,0.0031382066663354,0,0.0001629039325052,0,7.284377352334559e-05
0,0.0350094512104988,0,0.0131826400756835,0,0.0011408133432269,0,0.0033162832260131
0,0.003512097056955,0,0.0034216060303151,0,0.0001601391268195,0,4.053457814734429e-05
0,0.0569658987224102,0,0.0223865453153848,0,0.0019962349906563,0,0.0102083068341016
0,0.0037560614291578,0,0.0019636380020529,0,0.000114067333925,0,3.531150287017226e-05
0,0.0469965375959873,0,0.0699573531746864,0,0.012163539417088,0,0.0017319682519882
0,0.2324871867895126,0,0.066592626273632,0,0.043322280049324,0,0.0613603219389915
0,0.0248401053249835,0,0.0153119834139943,0,0.0236482974141836,0,0.0071121021173894
0,0.0241398438811302,0,0.0370041206479072,0,0.0012798802927136,0,0.0003906299243681
0,0.0107805589213967,0,0.0127307791262865,0,0.0010018985485658,0,0.0024809227325022
0,0.0267833620309829,0,0.015752125531435,0,0.0023482833057641,0,0.0001082366143236
0,0.0692446827888488,0,0.0502928122878074,0,0.0200188811868429,0,0.0795264393091201
0,0.002766398480162,0,0.0065173162147402,0,0.0025214517954736,0,0.0037116480525583
0,0.3232117295265198,0,0.3822133541107178,0,0.4008859097957611,0,0.6808081269264221
0,0.2556963264942169,0,0.0281891152262687,0,0.0298017729073762,0,0.0572418943047523
0,0.0139848086982965,0,0.0063630398362874,0,0.0016417093575,0,0.0003893079701811
0,0.0215921234339475,0,0.0042279884219169,0,0.00251528294757,0,0.002316606696695
0,0.2501005828380584,0,0.0568766258656978,0,0.036990001797676,0,0.0604850873351097
0,0.0457007251679897,0,0.0070246756076812,0,0.0042477361857891,0,0.0032615130767226
0,0.0144772194325923,0,0.0328459925949573,0,0.050019085407257,0,0.0626924708485603
0,0.0297563560307025,0,0.0220010578632354,0,0.016822887584567,0,0.006964745465666
0,0.0278664268553257,0,0.0329196937382221,0,0.0124643240123987,0,0.0047543332912027
0,0.2179826200008392,0,0.2491745054721832,0,0.0859995111823082,0,0.2124554514884948
0,0.1354044079780578,0,0.3166904151439667,0,0.0797593295574188,0,0.1910369396209716
0,0.2174914330244064,0,0.4580306708812713,0,0.0673642382025718,0,0.0231153704226017
0,0.2007793933153152,0,0.4920578300952911,0,0.1399508565664291,0,0.0821073874831199
0,0.1558150500059127,0,0.2312012165784835,0,0.0680430084466934,0,0.0982796549797058
0,0.1198676154017448,0,0.0409737415611743,0,0.0179989449679851,0,0.0387957468628883
0,0.1340547204017639,0,0.0589771643280983,0,0.0114332642406225,0,0.054446630179882
0,0.2519563436508178,0,0.0475024133920669,0,0.0440720245242118,0,0.6659274697303772
0,0.3313575387001037,0,0.2479349672794342,0,0.1582035720348358,0,0.5332611203193665
0,0.1656493842601776,0,0.0077952081337571,0,0.0183953344821929,0,0.3723034262657165
0,0.5851240158081055,0,0.727357804775238,0,0.7901042699813843,0,0.9226197004318236
0,0.4574562609195709,0,0.2476965487003326,0,0.2891466617584228,0,0.0344163216650486
0,0.616782009601593,0,0.5521612167358398,0,0.3736924529075622,0,0.8581963777542114
0,0.0984694734215736,0,0.0344536192715168,0,0.0155046386644244,0,0.3507337868213653
0,0.013139777816832,0,0.0017965330043807,0,0.0022768906783312,0,0.0002004470588872
0,0.0374209582805633,0,0.0052992296405136,0,0.0047286744229495,0,0.0006319850799627
0,0.0884778574109077,0,0.001775513170287,0,0.0027285432443022,0,0.0007638693787157
0,0.0363931506872177,0,0.0167005211114883,0,0.0057308827526867,0,0.0216714311391115
0,0.0480691045522689,0,0.0022440622560679,0,0.0032119834795594,0,0.0009760030079632
0,0.0657485947012901,0,0.0097320647910237,0,0.0101608391851186,0,0.0284813996404409
0,0.0316007323563098,0,0.013285145163536,0,0.0069344667717814,0,0.0092459851875901
0,0.1336760818958282,0,0.1124777048826217,0,0.0351182632148265,0,0.0340235419571399
0,0.067520797252655,0,0.1016881242394447,0,0.0250957086682319,0,0.0111268917098641
0,0.0047298837453126,0,0.0072353319264948,0,0.0282705668359994,0,0.014779551886022
0,0.0461678393185138,0,0.1754507571458816,0,0.0404722988605499,0,0.0622675158083438
0,0.0062289182096719,0,0.0096481442451477,0,0.0283730253577232,0,0.069658026099205
0,0.6554301381111145,0,0.49263596534729,0,0.2658989131450653,0,0.4769202768802643
0,0.0305008068680763,0,0.3522463738918304,0,0.0276259686797857,0,0.5362513661384583
0,0.1082683354616165,0,0.0061908392235636,0,0.008921829983592,0,0.0026771952398121
0,0.1418972015380859,0,0.0337865054607391,0,0.0078819366171956,0,0.0163495261222124
0,0.023579254746437,0,0.2077391892671585,0,0.0193603280931711,0,0.6948503255844116
0,0.493554949760437,0,0.4161580801010132,0,0.3281012773513794,0,0.5433138608932495
0,0.0371969938278198,0,0.0079477140679955,0,0.0042013702914118,0,0.0305029712617397
0,0.0254040416330099,0,0.23427514731884,0,0.0200829934328794,0,0.6475187540054321
0,0.1240326538681984,0,0.0299894828349351,0,0.0061103515326976,0,0.0072506652213633
0,0.5388003587722778,0,0.4044442772865295,0,0.322661817073822,0,0.6273451447486877
0,0.1433373242616653,0,0.0242261011153459,0,0.0124712940305471,0,0.0301331803202629
0,0.0278467517346143,0,0.0130720157176256,0,0.0050642103888094,0,0.0372588708996772
0,0.1519520878791809,0,0.0232959315180778,0,0.0135966790840029,0,0.017556769773364
0,0.5681799650192261,0,0.4521197080612182,0,0.2077230364084243,0,0.2700701057910919
0,0.5575010776519775,0,0.5196943283081055,0,0.3285082578659057,0,0.5584571957588196
0,0.05100829154253,0,0.0051907273009419,0,0.0033545640762895,0,0.2014679461717605
0,0.0678820312023162,0,0.0075287083163857,0,0.006769536063075,0,0.0219362564384937
0,0.4304344654083252,0,0.2077019065618515,0,0.0587386079132556,0,0.6384289860725403
0,0.0158921051770448,0,0.0434535071253776,0,0.0748796537518501,0,0.0027272938750684
0,0.0171508304774761,0,0.0760161951184272,0,0.0300362072885036,0,0.2077307105064392
0,0.4217126965522766,0,0.2013941556215286,0,0.1077330186963081,0,0.0648369789123535
0,0.2718982398509979,0,0.6699442863464355,0,0.1607358157634735,0,0.1312947124242782
0,0.8360458612442017,0,0.9624937772750854,0,0.9573437571525574,0,0.9977980852127076
0,0.8480315804481506,0,0.963464081287384,0,0.5296316146850586,0,0.9167908430099488
0,0.2221023142337799,0,0.4308781325817108,0,0.2867296934127807,0,0.555671215057373
0,0.0040900600142776,0,0.0022750403732061,0,0.0007574264891445,0,1.205151329486398e-05
0,0.0031722590792924,0,0.0026929648593068,0,0.0006711764144711,0,4.800654642167501e-05
0,0.4409390687942505,0,0.3456020057201385,0,0.4153904914855957,0,0.7372705936431885
0,0.2922773957252502,0,0.0422524213790893,0,0.0573179572820663,0,0.4092109203338623
0,0.0134878167882561,0,0.0052407304756343,0,0.0002329505368834,0,0.0004499163187574
0,0.0080882841721177,0,0.0037940912880003,0,0.0002586978371255,0,0.0017097268719226
0,0.0193345993757247,0,0.0117767825722694,0,0.0602118074893951,0,0.1959597766399383
0,0.0513008646667003,0,0.0087127843871712,0,0.0177692342549562,0,0.0088554909452795
0,0.0121134743094444,0,0.0111518297344446,0,0.0030348431318998,0,0.0853078290820121
0,0.10235146433115,0,0.027790805324912,0,0.0306563023477792,0,0.0424351319670677
0,0.3475220203399658,0,0.1205655038356781,0,0.235698401927948,0,0.1995932161808014
0,0.069944217801094,0,0.017431242391467,0,0.0245773270726203,0,0.0197419133037328
0,0.3272689580917358,0,0.1944405138492584,0,0.0153821874409914,0,0.0233442243188619
0,0.3229163885116577,0,0.7732597589492798,0,0.4891373515129089,0,0.8462806344032288
0,0.4612546563148498,0,0.4657408893108368,0,0.3328421413898468,0,0.0336159281432628
0,0.4341713786125183,0,0.1546975523233413,0,0.1349029690027237,0,0.8986631631851196
0,0.3571375012397766,0,0.0494073629379272,0,0.0900391787290573,0,0.0102562280371785
0,0.3153837919235229,0,0.138996809720993,0,0.015904376283288,0,0.0244801510125398
0,0.3750968277454376,0,0.0380377322435379,0,0.0973059833049774,0,0.0075370403937995
0,0.4569291174411773,0,0.2937724590301513,0,0.2008403241634369,0,0.8869892954826355
0,0.3679234683513641,0,0.2019186019897461,0,0.050629399716854,0,0.024586321786046
0,0.1841347217559814,0,0.0516167245805263,0,0.0047465129755437,0,0.0283558350056409
0,0.0530469976365566,0,0.0200069285929203,0,0.0041667032055556,0,0.0137308025732636
0,0.1474437266588211,0,0.5225978493690491,0,0.0607128515839576,0,0.0078170979395508
0,0.0052940668538212,0,0.002844460774213,0,0.0003997228050138,0,0.0003598984039854
0,0.669285774230957,0,0.459804356098175,0,0.2570495009422302,0,0.166734516620636
0,0.0269638374447822,0,0.0204954463988542,0,0.011144034564495,0,0.5433183312416077
0,0.035540971904993,0,0.0398036129772663,0,0.0185902696102857,0,0.6441767811775208
0,0.0251952856779098,0,0.0227588545531034,0,0.0118346139788627,0,0.396407812833786
0,0.5650001168251038,0,0.4627193808555603,0,0.1520059406757354,0,0.896807074546814
0,0.3030228316783905,0,0.4493171870708465,0,0.0981984585523605,0,0.6260690093040466
0,0.2900397181510925,0,0.5873860716819763,0,0.1129846796393394,0,0.5937758684158325
0,0.2204735577106475,0,0.0042739366181194,0,0.00519724143669,0,0.3654598593711853
0,0.0967661663889885,0,0.0093268230557441,0,0.0102851996198296,0,0.0200234130024909
0,0.1881805807352066,0,0.0810078978538513,0,0.058070134371519,0,0.0804566070437431
0,0.0228812098503112,0,0.0181752890348434,0,0.0071975858882069,0,0.0035826133098453
0,0.0560395345091819,0,0.039953626692295,0,0.0045745302923023,0,0.0014637942658737
0,0.0486399941146373,0,0.0508989170193672,0,0.0088632451370358,0,0.0018212595023214
0,0.0656385049223899,0,0.0350099839270114,0,0.0065532065927982,0,0.046343483030796
0,0.0579939372837543,0,0.0589150004088878,0,0.0051160468719899,0,0.0065057119354605
0,0.3208092451095581,0,0.0739667043089866,0,0.0052898875437676,0,0.1427108496427536
0,0.0696107819676399,0,0.1551122665405273,0,0.04535448923707,0,0.0349827148020267
0,0.0663312152028083,0,0.1594358682632446,0,0.0273900274187326,0,0.024520706385374
0,0.089672066271305,0,0.2589797079563141,0,0.0334564708173275,0,0.0185281727463006
0,0.0189957749098539,0,0.015004089102149,0,0.0059305662289261,0,0.0068949414417147
0,0.066440425813198,0,0.0163733698427677,0,0.0102405278012156,0,0.003049898892641
0,0.0110989985987544,0,0.00503916060552,0,0.0038889129646122,0,0.0013272262876853
0,0.1028030812740325,0,0.0087991608306765,0,0.0451845079660415,0,0.022505996748805
0,0.1856998205184936,0,0.0384122803807258,0,0.0146896103397011,0,0.1066740453243255
0,0.0900084972381591,0,0.017529658973217,0,0.0060781040228903,0,0.032561358064413
0,0.2068026810884475,0,0.0378490984439849,0,0.0131508000195026,0,0.1384519189596176
0,0.0927541255950927,0,0.0153123643249273,0,0.008761491626501,0,0.011838162317872
0,0.0086010759696364,0,0.0106176966801285,0,0.0050888918340206,0,0.0004663732543122
0,0.0059924856759607,0,0.0125133637338876,0,0.0018009294290095,0,0.0015780524117872
0,0.0016750019276514,0,0.0010576370405033,0,0.0006822346476837,0,0.000289041257929
0,0.0070519256405532,0,0.0090999361127614,0,0.0027220943011343,0,0.0017034017946571
0,0.001785060740076,0,0.0008262548362836,0,0.0013435762375593,0,0.0003728487354237
0,0.0042584370821714,0,0.0074039394967257,0,0.0014921905240043,0,0.001130829565227
0,0.0575401186943054,0,0.0168158058077096,0,0.0010397091973572,0,0.0027965102344751
0,0.0316077955067157,0,0.0185211151838302,0,0.0083957472816109,0,0.028744114562869
0,0.0934091806411743,0,0.0120305595919489,0,0.0015971335815265,0,0.0051867398433387
0,0.0056485892273485,0,0.0301458854228258,0,0.0018135432619601,0,0.0057286089286208
0,0.0149558577686548,0,0.0068732271902263,0,0.0048647872172296,0,0.0112144565209746
0,0.0892808511853218,0,0.0181994028389453,0,0.0012511535314843,0,0.004535024985671
0,0.0670455768704414,0,0.0430199429392814,0,0.0284158252179622,0,0.1191533207893371
0,0.0301720015704631,0,0.0414416082203388,0,0.0114567745476961,0,0.0006564416107721
0,0.0118729136884212,0,0.0043302541598677,0,0.0080395014956593,0,5.081945710116997e-05
0,0.0238467864692211,0,0.0154665661975741,0,0.0049846884794533,0,0.0101597402244806
0,0.0461457222700119,0,0.254468023777008,0,0.0235920157283544,0,0.0265602730214595
0,0.0532309524714946,0,0.0032254664693027,0,0.0025176876224577,0,0.0007950728177092
0,0.0362910330295562,0,0.0029780846089124,0,0.0020969342440366,0,0.0007945584948174
0,0.7104110717773438,0,0.6554675102233887,0,0.5369758009910583,0,0.8226352334022522
0,0.6792227029800415,0,0.5412649512290955,0,0.542498767375946,0,0.7341421842575073
0,0.724640965461731,0,0.6252184510231018,0,0.6253643035888672,0,0.8241668939590454
0,0.0168834142386913,0,0.0022419386077672,0,0.0046523138880729,0,0.0120181832462549
0,0.3110033869743347,0,0.4627498388290405,0,0.0952616184949874,0,0.3625149726867676
0,0.2571809291839599,0,0.0558242201805114,0,0.0089454799890518,0,0.149201363325119
0,0.0151853337883949,0,0.0022202082909643,0,0.0018829978071153,0,0.0099664432927966
0,0.1423317342996597,0,0.3539637923240661,0,0.0671511068940162,0,0.3371047079563141
0,0.2869303226470947,0,0.0445746146142482,0,0.0146765178069472,0,0.2477995604276657
0,0.0226275399327278,0,0.0025712959468364,0,0.0027617732994258,0,0.0641495957970619
0,0.2122087329626083,0,0.8778862953186035,0,0.5635176301002502,0,0.3956656157970428
0,0.4358068108558655,0,0.0530585907399654,0,0.0122665148228406,0,0.165233165025711
0,0.8213998079299927,0,0.4037295877933502,0,0.3543508052825928,0,0.8251071572303772
0,0.1870782822370529,0,0.1048091799020767,0,0.1094082742929458,0,0.3895009756088257
0,0.1135709211230278,0,0.016355400905013,0,0.0065612457692623,0,0.0106223849579691
0,0.19521464407444,0,0.1176318302750587,0,0.1517085433006286,0,0.1474505364894867
0,0.104239635169506,0,0.0177473928779363,0,0.0115147959440946,0,0.0019059713231399
0,0.1522421836853027,0,0.1097822412848472,0,0.0877643302083015,0,0.1693079471588134
0,0.1190578043460846,0,0.0266335178166627,0,0.006288796197623,0,0.0056527373380959
0,0.0711783394217491,0,0.0042101349681615,0,0.0076730269938707,0,0.0045336945913732
0,0.0090960459783673,0,0.0017511068144813,0,0.0006643336382694,0,1.092390448320657e-05
0,0.0168221462517976,0,0.0029542881529778,0,0.0006325729773379,0,0.0006372091011144
0,0.0095052756369113,0,0.0025562029331922,0,0.0003584993537515,0,0.00015504725161
0,0.4839733839035034,0,0.251538336277008,0,0.0968554690480232,0,0.8595576882362366
0,0.7619040608406067,0,0.4788303673267364,0,0.4218747019767761,0,0.8630663752555847
0,0.2305578142404556,0,0.2834585607051849,0,0.2007919400930404,0,0.4885010123252868
0,0.1469988971948623,0,0.0498949401080608,0,0.1479538977146148,0,0.1887904107570648
0,0.7985773682594299,0,0.5605216026306152,0,0.2868304848670959,0,0.8353307843208313
0,0.2932038605213165,0,0.4391084313392639,0,0.2342118322849273,0,0.596462607383728
0,0.166178211569786,0,0.1305410861968994,0,0.1710543781518936,0,0.543731153011322
0,0.0034115628805011,0,0.0011910904431715,0,0.0008165015606209,0,0.0003595576563384
0,0.785118579864502,0,0.5750691294670105,0,0.260079562664032,0,0.8357195854187012
0,0.2735356986522674,0,0.6007031798362732,0,0.257666528224945,0,0.63238525390625
0,0.1488455832004547,0,0.3261667191982269,0,0.319555401802063,0,0.3892375528812408
0,0.0026260963641107,0,0.0011853204341605,0,0.0008945073350332,0,0.0001853306748671
0,0.3243637681007385,0,0.023346833884716,0,0.0472583025693893,0,0.2300236970186233
0,0.1046088263392448,0,0.0260982867330312,0,0.0205600466579198,0,0.3763054311275482
1,0.4822733104228973,1,0.4139940440654754,1,0.6540473103523254,1,0.5001322627067566
1,0.6087214946746826,1,0.2885584533214569,1,0.3271075487136841,1,0.8149832487106323
1,0.5935122966766357,1,0.1927180290222168,1,0.2327236384153366,1,0.6619578003883362
1,0.4009400606155395,1,0.092737078666687,1,0.3303620219230652,1,0.912359654903412
1,0.6458612680435181,1,0.5898723602294922,1,0.2794822752475738,1,0.9170093536376952
1,0.6205246448516846,1,0.4982267618179321,1,0.6465039253234863,1,0.9216461777687072
1,0.0552111491560936,1,0.0804088413715362,1,0.0800504088401794,1,0.7731068730354309
1,0.2661051452159881,1,0.3976221680641174,1,0.3044098019599914,1,0.913823664188385
1,0.5557432174682617,1,0.6387866139411926,1,0.3019013404846191,1,0.7070505619049072
1,0.5594038963317871,1,0.6619067192077637,1,0.3866007924079895,1,0.4732494652271271
1,0.4615785181522369,1,0.1328583061695099,1,0.1048737540841102,1,0.1871017813682556
1,0.6704637408256531,1,0.4142606854438782,1,0.7403680086135864,1,0.9321501851081848
1,0.0232286993414163,1,0.0222192369401454,1,0.0134758548811078,1,0.0128271849825978
1,0.5632634162902832,1,0.6967162489891052,1,0.107488565146923,1,0.3583166301250458
1,0.8064457774162292,1,0.7547506093978882,1,0.1563288867473602,1,0.5553881525993347
1,0.8267577290534973,1,0.8626124858856201,1,0.3014222681522369,1,0.7834658622741699
1,0.551849365234375,1,0.3065738081932068,1,0.1916377395391464,1,0.7651422619819641
1,0.2631949186325073,1,0.4392235279083252,1,0.4504685997962951,1,0.8760961294174194
1,0.5642909407615662,1,0.7119362354278564,1,0.5186811685562134,1,0.9431600570678712
1,0.4691350162029266,1,0.1181919425725936,1,0.1517422050237655,1,0.0257918071001768
1,0.4866031408309936,1,0.0814390480518341,1,0.0857868865132331,1,0.0286659374833107
1,0.5311101675033569,1,0.2545520067214966,1,0.2043720185756683,1,0.1806920766830444
1,0.164250835776329,1,0.1147876232862472,1,0.0345888994634151,1,0.0476653128862381
1,0.7268232703208923,1,0.3110518455505371,1,0.3168427050113678,1,0.7646452784538269
1,0.7279309630393982,1,0.6062442064285278,1,0.4338427484035492,1,0.7798036932945251
1,0.6749737858772278,1,0.1153996810317039,1,0.1918102353811264,1,0.3241093754768371
1,0.9363579750061036,1,0.946816623210907,1,0.979393720626831,1,0.980647623538971
0,0.4325605034828186,0,0.1280338168144226,0,0.2969151735305786,0,0.0911120846867561
0,0.0998939275741577,0,0.0258109644055366,0,0.0182646512985229,0,0.0082763088867068
0,0.0081056822091341,0,0.0030122157186269,0,0.0006509688100777,0,0.0001870614651124
0,0.0092583112418651,0,0.0055863242596387,0,0.001724025583826,0,0.0004568545264191
0,0.0208679400384426,0,0.0037085984367877,0,0.0067585608921945,0,0.0121292397379875
0,0.7677281498908997,0,0.6283730268478394,0,0.0695913881063461,0,0.5574018359184265
0,0.0178074166178703,0,0.0032398260664194,0,0.0047439858317375,0,0.0106119718402624
0,0.7685793042182922,0,0.3283807039260864,0,0.082223080098629,0,0.5036711692810059
0,0.172520101070404,0,0.0262174159288406,0,0.0103358756750822,0,0.0107630090788006
0,0.0201149061322212,0,0.003580919932574,0,0.002811632817611,0,0.0115570221096277
0,0.010808945633471,0,0.0080078411847352,0,0.0163736473768949,0,0.0072559947147965
0,0.0818288326263427,0,0.0788595080375671,0,0.0361694209277629,0,0.174458310008049
0,0.7660936713218689,0,0.9434759616851808,0,0.7144133448600769,0,0.9291107058525084
0,0.3105674088001251,0,0.0133718913421034,0,0.0331306271255016,0,0.0132671687752008
0,0.4471807777881622,0,0.7993183732032776,0,0.2304462045431137,0,0.8313337564468384
0,0.1939692944288253,0,0.0129683418199419,0,0.0179215837270021,0,0.0602651089429855
0,0.1461678743362426,0,0.0127294110134243,0,0.0195498391985893,0,0.1009829640388488
0,0.1095155104994773,0,0.0086278934031724,0,0.0096964770928025,0,0.0153214260935783
0,0.0556025095283985,0,0.007129842415452,0,0.0034960815683007,0,0.0016320499125868
0,0.1799319684505462,0,0.0117266653105616,0,0.0125919124111533,0,0.0165349207818508
0,0.4420324862003326,0,0.1000594198703765,0,0.0328633449971675,0,0.5874857306480408
0,0.3610571324825287,0,0.0625650063157081,0,0.0290853511542081,0,0.3006840348243713
0,0.687181293964386,0,0.9676811099052428,0,0.842402994632721,0,0.9937888979911804
0,0.004430238623172,0,0.0061751697212457,0,0.0035818691831082,0,0.0162603817880153
0,0.503615140914917,0,0.0446577817201614,0,0.1002600342035293,0,0.0301212798804044
0,0.5258104205131531,0,0.2397990524768829,0,0.0878069624304771,0,0.2568050026893616
0,0.1581158936023712,0,0.0182849802076816,0,0.0279285535216331,0,0.005717247724533
0,0.3233140707015991,0,0.3418500423431396,0,0.144769549369812,0,0.6056768298149109
0,0.294882595539093,0,0.6371294260025024,0,0.423062652349472,0,0.8472609519958496
0,0.0273176617920398,0,0.0053133084438741,0,0.0014334578299894,0,0.0139599042013287
0,0.0334044769406318,0,0.001545873354189,0,0.0007483966182917,0,0.0022030461113899
0,0.0187244545668363,0,0.0093188043683767,0,0.0036858317907899,0,0.0230600591748952
0,0.0236926022917032,0,0.0072285602800548,0,0.002583981025964,0,0.009288583882153
0,0.2030945420265197,0,0.0249327346682548,0,0.0050446479581296,0,0.0143491048365831
0,0.0184646416455507,0,0.0185076687484979,0,0.0077140210196375,0,0.0020929528400301
0,0.0373344793915748,0,0.0381788425147533,0,0.0038224514573812,0,0.0213675815612077
0,0.0022431989200413,0,0.0082375584170222,0,0.0018653105944395,0,0.0010767776984721
0,0.0050865919329226,0,0.0107887862250208,0,0.0047929915599524,0,0.0067777903750538
0,0.021116554737091,0,0.0181895140558481,0,0.0017426651902496,0,0.002152734901756
0,0.0252650380134582,0,0.0215400978922843,0,0.0067665744572877,0,0.0017738566966727
0,0.0500334873795509,0,0.0084691550582647,0,0.0114900935441255,0,0.0156957078725099
0,0.0305743664503097,0,0.0358980037271976,0,0.0178531687706708,0,0.1314328014850616
0,0.0225289165973663,0,0.0148581145331263,0,0.0013121757656335,0,0.0015543233603239
0,0.0103713134303689,0,0.0130714746192097,0,0.0004180154937785,0,0.0002988238411489
0,0.040219135582447,0,0.0350844003260135,0,0.0075537008233368,0,0.0030324994586408
0,0.0465276502072811,0,0.0086269592866301,0,0.0073772626928985,0,0.013627584092319
0,0.0131864240393042,0,0.0027927439659833,0,0.008701667189598,0,0.0090758465230464
0,0.7403045892715454,0,0.4099809825420379,0,0.2617014050483703,0,0.5912911295890808
0,0.0361799634993076,0,0.0338163375854492,0,0.0056668282486498,0,0.077886015176773
0,0.549249529838562,0,0.1703298836946487,0,0.2827976644039154,0,0.2264259755611419
0,0.519184947013855,0,0.3195762038230896,0,0.0423628874123096,0,0.5533484220504761
0,0.024035420268774,0,0.0156077779829502,0,0.003958863671869,0,0.0177119337022304
0,0.3127093315124511,0,0.1509083658456802,0,0.1724623888731002,0,0.1065880134701728
0,0.4418142437934875,0,0.2053453028202057,0,0.2859924137592315,0,0.0507782660424709
0,0.1863385289907455,0,0.0050082448869943,0,0.0192471798509359,0,0.0079891579225659
0,0.1781173944473266,0,0.0075481235980987,0,0.020532863214612,0,0.0100451251491904
0,0.31601682305336,0,0.0092995772138237,0,0.0193571113049983,0,0.011871051043272
0,0.0366183444857597,0,0.0033679069019854,0,0.0115805929526686,0,0.0012012046063318
0,0.0168882831931114,0,0.0021909018978476,0,0.0106404861435294,0,0.0005334088345989
0,0.0236331708729267,0,0.0206418149173259,0,0.0062341270968317,0,0.0266566388309001
0,0.0084540247917175,0,0.0151770645752549,0,0.0125853158533573,0,0.065470315515995
0,0.0169529765844345,0,0.0255681592971086,0,0.006835239008069,0,0.012623468413949
0,0.0950828939676284,0,0.047599371522665,0,0.0364497452974319,0,0.0784312933683395
0,0.0100429588928818,0,0.0179578065872192,0,0.0159665439277887,0,0.1154225096106529
0,0.0168498028069734,0,0.0625956058502197,0,0.0180966146290302,0,0.0514686070382595
0,0.0022320684511214,0,0.0163308419287204,0,0.0020621721632778,0,0.0143693918362259
0,0.0056052263826131,0,0.0008586718467995,0,0.0092967879027128,0,0.0010408405214548
0,0.012683292850852,0,0.004380237776786,0,0.0018837766256183,0,0.0004180661344435
0,0.0136036965996027,0,0.0010361528256908,0,0.0139848943799734,0,0.0015621805796399
0,0.0162944886833429,0,0.0095273572951555,0,0.0037456112913787,0,0.002947237342596
0,0.1573323011398315,0,0.7673850059509277,0,0.0660177394747734,0,0.8656999468803406
0,0.0248976852744817,0,0.0019470165716484,0,0.0040705958381295,0,0.0002176425477955
0,0.0132158184424042,0,0.0014836837071925,0,0.0163409560918808,0,0.001575191039592
0,0.2024004459381103,0,0.022668095305562,0,0.0283246915787458,0,0.0474442206323146
0,0.1807597577571869,0,0.0077626872807741,0,0.0184684582054615,0,0.0167856644839048
0,0.0315221883356571,0,0.0050525953993201,0,0.0015061364974826,0,0.0014768533874303
0,0.5895751118659973,0,0.1961309015750885,0,0.3665996491909027,0,0.6636929512023926
0,0.413382887840271,0,0.2512342035770416,0,0.1242158412933349,0,0.5554433465003967
0,0.4502751529216766,0,0.2550193667411804,0,0.0833189189434051,0,0.4160409867763519
0,0.4394134283065796,0,0.2371211647987365,0,0.0591834969818592,0,0.4471723437309265
0,0.6598743796348572,0,0.2829561233520508,0,0.115930438041687,0,0.6304601430892944
0,0.3469613492488861,0,0.0448955409228801,0,0.0285132098942995,0,0.6062679290771484
0,0.0400768481194973,0,0.0057017402723431,0,0.0007809455273672,0,0.0010757052805274
0,0.0865112319588661,0,0.0069051226601004,0,0.001328767510131,0,0.0005861693061888
0,0.0891678556799888,0,0.0062576942145824,0,0.0016710787313058,0,0.0009419143898412
0,0.3850622177124023,0,0.0577987544238567,0,0.0080149201676249,0,0.1496836096048355
0,0.003814791329205,0,0.0054312455467879,0,0.0006513539119623,0,9.234782919520512e-05
0,0.2388132363557815,0,0.0139089431613683,0,0.137271374464035,0,0.0341076962649822
0,0.1736486554145813,0,0.0234991107136011,0,0.0559316352009773,0,0.0412386246025562
0,0.1544992327690124,0,0.1576075851917266,0,0.0352175273001194,0,0.0086992075666785
0,0.0131100630387663,0,0.0074486616067588,0,0.0015780591638758,0,0.0018716583726927
0,0.011395351961255,0,0.0327864289283752,0,0.0111810453236103,0,0.0114441392943263
0,0.0434349626302719,0,0.0419834814965724,0,0.0274763479828834,0,0.0064538079313933
0,0.0273604821413755,0,0.0420031547546386,0,0.0267300568521022,0,0.0114692291244864
0,0.109383538365364,0,0.0126546388491988,0,0.0051504746079444,0,0.0107575729489326
0,0.0117584057152271,0,0.0183056984096765,0,0.0053515541367232,0,0.0030300237704068
0,0.4395699203014374,0,0.2998197078704834,0,0.1367152780294418,0,0.0730039328336715
0,0.0724329724907875,0,0.0035138051025569,0,0.0035595698282122,0,0.008599791675806
0,0.0552266500890255,0,0.0074229845777153,0,0.0070107392966747,0,0.0239924788475036
0,0.128407597541809,0,0.0569461733102798,0,0.026675846427679,0,0.1028810515999794
0,0.1125119104981422,0,0.0519339330494403,0,0.0176229868084192,0,0.0703496038913726
0,0.0082970261573791,0,0.0021173772402107,0,0.0027638461906462,0,0.0006579012842848
0,0.0144993746653199,0,0.0648500546813011,0,0.0121585270389914,0,0.0170133579522371
0,0.2056552767753601,0,0.0676388442516326,0,0.0402350574731826,0,0.3648055791854858
0,0.0243830736726522,0,0.0022973215673118,0,0.0014992487849667,0,0.0083187632262706
0,0.2933842837810516,0,0.0212752800434827,0,0.0542247667908668,0,0.473186582326889
0,0.032975498586893,0,0.0014844199176877,0,0.002261355286464,0,0.0313306897878646
0,0.1820609718561172,0,0.0500856637954711,0,0.0311816707253456,0,0.451541393995285
0,0.0229188296943902,0,0.0021565607748925,0,0.0015048569766804,0,0.0110996887087821
0,0.2443648129701614,0,0.5535632371902466,0,0.5513567328453064,0,0.9086346626281738
0,0.1088373139500618,0,0.0534543097019195,0,0.3230096399784088,0,0.7759382128715515
0,0.0089583117514848,0,0.0296991467475891,0,0.0026117619127035,0,0.0055737029761075
0,0.0312123000621795,0,0.0221163108944892,0,0.0061650704592466,0,0.0243684966117143
0,0.0115876039490103,0,0.0249444227665662,0,0.0047749569639563,0,0.0214832015335559
0,0.0264718811959028,0,0.0404215715825557,0,0.0061789425089955,0,0.0449045784771442
0,0.0103247314691543,0,0.0302378237247467,0,0.0061130248941481,0,0.0403123125433921
0,0.0368574634194374,0,0.0058630867861211,0,0.015124661847949,0,0.0066046249121427
0,0.0119461743161082,0,0.0049065905623137,0,0.0005829769652336,0,0.0122333215549588
0,0.0077848806977272,0,0.0228885561227798,0,0.0067134308628737,0,0.0279439184814691
0,0.016879228875041,0,0.0696446672081947,0,0.0064799846149981,0,0.0195948984473943
0,0.006993347313255,0,0.0083358725532889,0,0.0204381439834833,0,0.0202356223016977
0,0.033868420869112,0,0.133809357881546,0,0.0124348765239119,0,0.1254500299692154
0,0.0137481437996029,0,0.0099904779344797,0,0.0022994875907897,0,0.0021155686117708
0,0.0112986955791711,0,0.004463798366487,0,0.0005703456117771,0,0.0106604285538196
0,0.0052605606615543,0,0.0020168081391602,0,0.0039387545548379,0,0.0021586725488305
0,0.0227519385516643,0,0.0017569418996572,0,0.0042684082873165,0,0.0039964593015611
0,0.0062349485233426,0,0.0031820889562368,0,0.0060549299232661,0,0.0042305127717554
0,0.0062243002466857,0,0.0056885685771703,0,0.0006649261922575,0,0.0017401088261976
0,0.1067820712924003,0,0.0044996934011578,0,0.0031941207125782,0,0.0031044834759086
0,0.0305729396641254,0,0.0044840611517429,0,0.0051345154643058,0,0.0197932701557874
0,0.0070978058502078,0,0.0031894254498183,0,0.0076347892172634,0,0.0025665101129561
0,0.4908821880817413,0,0.1046938598155975,0,0.0074912556447088,0,0.0271851550787687
0,0.1977755278348922,0,0.2008642703294754,0,0.0398967452347278,0,0.0645437240600586
0,0.0478562861680984,0,0.1378528773784637,0,0.0426224507391452,0,0.0748505368828773
0,0.220412865281105,0,0.1207423284649849,0,0.1129855513572692,0,0.7169737219810486
0,0.081460952758789,0,0.0239560101181268,0,0.0009258416830562,0,0.0015433664666488
0,0.0713441595435142,0,0.0298175904899835,0,0.0007913841400295,0,0.0010289899073541
0,0.07403165102005,0,0.0226883236318826,0,0.0006164364167489,0,0.0009020464494824
0,0.2543209493160248,0,0.1000270992517471,0,0.0686640068888664,0,0.8222516179084778
0,0.0376304201781749,0,0.042524579912424,0,0.009185847826302,0,0.0189808942377567
0,0.2813670635223388,0,0.2674395143985748,0,0.0736953541636467,0,0.0627338364720344
0,0.22760771214962,0,0.199513703584671,0,0.1205450668931007,0,0.7926379442214966
0,0.0196850150823593,0,0.0158303249627351,0,0.0073824878782033,0,0.0586024038493633
0,0.1943627148866653,0,0.0317007638514041,0,0.0167874339967966,0,0.0214605405926704
0,0.351032555103302,0,0.3886115252971649,0,0.344650387763977,0,0.877102255821228
0,0.0172545947134494,0,0.0142358960583806,0,0.0099568683654069,0,0.0275308974087238
0,0.0216278862208127,0,0.0083832871168851,0,0.0025029559619724,0,0.0447275824844837
0,0.772896409034729,0,0.7954416275024414,0,0.3881106376647949,0,0.6113772392272949
0,0.6192068457603455,0,0.644463300704956,0,0.1608785688877105,0,0.814531147480011
0,0.6310649514198303,0,0.5035781860351562,0,0.1100602895021438,0,0.6737828254699707
0,0.2842922210693359,0,0.1016798317432403,0,0.0115370480343699,0,0.001601725933142
0,0.2483116686344146,0,0.123305045068264,0,0.0091748107224702,0,0.0012427346082404
0,0.087447740137577,0,0.0043966113589704,0,0.0058759520761668,0,0.0027031807694584
0,0.0193443298339843,0,0.0023818917106837,0,0.0115900617092847,0,0.0016655029030516
0,0.0757977813482284,0,0.0070042558945715,0,0.0495813488960266,0,0.0031631947495043
0,0.1152151525020599,0,0.0166514571756124,0,0.1175682321190834,0,0.0147635703906416
0,0.1665076911449432,0,0.0171354133635759,0,0.0231507420539855,0,0.0600038133561611
0,0.1078433766961097,0,0.1429591029882431,0,0.0222912617027759,0,0.0392987802624702
0,0.4420831799507141,0,0.28470578789711,0,0.1099179834127426,0,0.5492932200431824
0,0.185287520289421,0,0.0040412852540612,0,0.0044480012729763,0,0.0053973561152815
0,0.0200166348367929,0,0.0067447372712194,0,0.0059703891165554,0,0.0061038136482238
0,0.0994798317551612,0,0.0211278740316629,0,0.0056761158630251,0,0.0232641976326704
0,0.3101097643375397,0,0.5951679348945618,0,0.1276005357503891,0,0.2439454495906829
0,0.2194023132324218,0,0.032142087817192,0,0.1024595722556114,0,0.1566462814807891
0,0.0939176827669143,0,0.0020174272358417,0,0.0018275053007528,0,0.0031888629309833
0,0.018895411863923,0,0.0098402854055166,0,0.0044444915838539,0,0.0060476539656519
0,0.0452905409038066,0,0.1212038844823837,0,0.0211806893348693,0,0.0826716646552085
0,0.0215042177587747,0,0.0044011115096509,0,0.0053550326265394,0,0.0006617491599172
0,0.2768618762493133,0,0.4816073477268219,0,0.0846884101629257,0,0.0177323445677757
0,0.2237917184829712,0,0.0388854369521141,0,0.0330106578767299,0,0.0895079597830772
0,0.0478065200150013,0,0.0012267476413398,0,0.001978964312002,0,0.0031330301426351
0,0.0164350979030132,0,0.0049143028445541,0,0.0024340159725397,0,0.0042176162824034
0,0.021635964512825,0,0.0038455238100141,0,0.003003911813721,0,0.001095880405046
0,0.3635410964488983,0,0.4303276836872101,0,0.0748817175626754,0,0.1045311167836189
0,0.064317911863327,0,0.0072416821494698,0,0.0327699221670627,0,0.0497740618884563
0,0.2519281506538391,0,0.2602443397045135,0,0.080461248755455,0,0.0395973995327949
0,0.0125614646822214,0,0.0187337547540664,0,0.0011918889358639,0,0.0098211579024791
0,0.0131356781348586,0,0.0363898128271102,0,0.00266755069606,0,0.013647480867803
0,0.2293382585048675,0,0.0086443005129694,0,0.0128449602052569,0,0.467353492975235
0,0.2806304097175598,0,0.1698997467756271,0,0.0663332715630531,0,0.4688055515289306
0,0.4449171125888824,0,0.2607360780239105,0,0.2077340334653854,0,0.1447622925043106
0,0.7669192552566528,0,0.459824800491333,0,0.775884747505188,0,0.894548773765564
0,0.0903919264674186,0,0.1140857934951782,0,0.0082201203331351,0,0.0042333058081567
0,0.2853084504604339,0,0.3316197097301483,0,0.1491433382034301,0,0.0465346090495586
0,0.0042771017178893,0,0.000861924199853,0,0.0002206780918641,0,0.0003188124683219
0,0.2514481246471405,0,0.1156334578990936,0,0.1783753484487533,0,0.0621309019625186
0,0.1016582027077674,0,0.1027519851922988,0,0.0073672868311405,0,0.0092594232410192
0,0.0064633120782673,0,0.0009844790911301,0,0.000326797919115,0,0.0007507104892283
0,0.2868883609771728,0,0.2418428063392639,0,0.1781560033559799,0,0.0695204213261604
0,0.2397605329751968,0,0.0798410698771476,0,0.1211752519011497,0,0.0268347542732954
0,0.1317874193191528,0,0.1348360776901245,0,0.087768942117691,0,0.0141613176092505
0,0.2759522795677185,0,0.2737755477428436,0,0.0182623080909252,0,0.0736265480518341
0,0.0068802153691649,0,0.0008922937558963,0,0.0007424912182614,0,0.0010728733614087
0,0.1995237022638321,0,0.1520020812749862,0,0.2822552621364593,0,0.1627432703971862
0,0.010152693837881,0,0.0044280872680246,0,0.0036349191796034,0,0.0026831983122974
0,0.0099521316587924,0,0.0105059565976262,0,0.0052695232443511,0,0.0070013180375099
0,0.010596202686429,0,0.0070082610473036,0,0.0053979116491973,0,0.0027313029859215
0,0.1965250074863433,0,0.2861020565032959,0,0.0749826058745384,0,0.1440006345510482
0,0.0067024594172835,0,0.0063920114189386,0,0.0058202524669468,0,0.0019048767862841
0,0.0050444398075342,0,0.0061247809790074,0,0.0044413907453417,0,0.0006375146913342
0,0.3739210069179535,0,0.4393383264541626,0,0.3360421657562256,0,0.1373694837093353
0,0.0352409705519676,0,0.0066212425008416,0,0.0117041189223527,0,0.1052069365978241
0,0.0915259420871734,0,0.026414904743433,0,0.0083692856132984,0,0.012820434756577
0,0.187322586774826,0,0.0142346108332276,0,0.0074887671507894,0,0.0004248163313604
0,0.0624917149543762,0,0.0058811572380363,0,0.0055711399763822,0,0.051085740327835
0,0.1632341295480728,0,0.015961779281497,0,0.0077289673499763,0,0.0007471499266102
0,0.0878794938325882,0,0.044647742062807,0,0.0118754366412758,0,0.0134845096617937
0,0.166991725564003,0,0.0178614240139722,0,0.0125320674851536,0,0.0006686338456347
0,0.0427412167191505,0,0.0097798900678753,0,0.0197829138487577,0,0.228163793683052
0,0.126779243350029,0,0.0955550298094749,0,0.0190148167312145,0,0.0531255528330802
0,0.006138464435935,0,0.0090988148003816,0,0.0006192009896039,0,0.0032421629875898
0,0.3889695703983307,0,0.045105256140232,0,0.103079654276371,0,0.0680729299783706
0,0.0589822083711624,0,0.0199788063764572,0,0.0175092704594135,0,0.0014649698277935
0,0.0099150314927101,0,0.016679735854268,0,0.0019972117152065,0,0.0214760620146989
0,0.293368399143219,0,0.0807606279850006,0,0.1262055039405822,0,0.1056103259325027
0,0.0516463257372379,0,0.0308289732784032,0,0.0240667965263128,0,0.0036306029651314
0,0.2578800916671753,0,0.4653700590133667,0,0.1284285634756088,0,0.3186480104923248
0,0.1842162460088729,0,0.304518848657608,0,0.0904579386115074,0,0.9363413453102112
0,0.1212488710880279,0,0.3673932552337646,0,0.0266952961683273,0,0.2013649642467498
0,0.0987644866108894,0,0.0116612678393721,0,0.0037088964600116,0,0.0003934176638722
0,0.0226108990609645,0,0.0059436778537929,0,0.0035482766106724,0,0.0036273838486522
0,0.0259466171264648,0,0.0054507688619196,0,0.004103010520339,0,0.0327585712075233
0,0.3406349420547485,0,0.2096480727195739,0,0.1337364763021469,0,0.0659375488758087
0,0.0050431787967681,0,0.0337295718491077,0,0.0033887764438986,0,0.0476748049259185
0,0.0047123539261519,0,0.0356552712619304,0,0.0062062875367701,0,0.0334855206310749
0,0.0172936506569385,0,0.0880851447582244,0,0.020207630470395,0,0.0083017908036708
0,0.0110989771783351,0,0.050417311489582,0,0.0095634274184703,0,0.00783680845052
0,0.0154376216232776,0,0.0517737492918968,0,0.0113824717700481,0,0.0285840425640344
0,0.0091672791168093,0,0.086560420691967,0,0.010902882553637,0,0.0094752218574285
0,0.0536010339856147,0,0.002551787532866,0,0.0024355228524655,0,0.0098611451685428
0,0.0058209612034261,0,0.0053032455034554,0,0.0010274954838678,0,0.001914884429425
0,0.0925948098301887,0,0.0343293063342571,0,0.0048263105563819,0,0.0476396828889846
0,0.0233409777283668,0,0.0044475751928985,0,0.0009428791818208,0,0.0009161595371551
0,0.0413441695272922,0,0.0458405837416648,0,0.0080650653690099,0,0.0210639461874961
0,0.3926208615303039,0,0.1374974250793457,0,0.06411824375391,0,0.0395955331623554
0,0.0156439207494258,0,0.0046606613323092,0,0.0119979698210954,0,0.0005582883022725
0,0.0257433727383613,0,0.0077081979252398,0,0.0074198832735419,0,0.0013965872349217
0,0.3349671065807342,0,0.1440975815057754,0,0.0574875064194202,0,0.0541140735149383
0,0.3381214439868927,0,0.1960101723670959,0,0.0152542795985937,0,0.077578917145729
0,0.4503610134124756,0,0.0940019339323043,0,0.0280775986611843,0,0.2359547317028045
0,0.230321317911148,0,0.0433082208037376,0,0.0028421974275261,0,0.0060161319561302
0,0.0297766085714101,0,0.0039743981324136,0,0.0091842599213123,0,0.0057460744865238
0,0.274592787027359,0,0.1042065098881721,0,0.0522959381341934,0,0.0104150949046015
0,0.1057294234633445,0,0.0191954970359802,0,0.0048376969061791,0,0.0134530030190944
0,0.0897015631198883,0,0.1371127665042877,0,0.0162241458892822,0,0.098863199353218
0,0.0533272847533226,0,0.0037893631961196,0,0.0013003826607018,0,0.0032821106724441
0,0.1450036466121673,0,0.0557975247502327,0,0.0074363225139677,0,0.0479734316468238
1,0.3063273131847381,1,0.4598288536071777,1,0.1199173629283905,1,0.9114006161689758
1,0.0890416279435157,1,0.0567231215536594,1,0.3301390707492828,1,0.0405763946473598
1,0.4011031091213226,1,0.8630843162536621,1,0.3845210373401642,1,0.598186194896698
1,0.690963864326477,1,0.6518661975860596,1,0.8416805267333984,1,0.9815805554389954
1,0.5427857041358948,1,0.608940839767456,1,0.4675413370132446,1,0.9439073801040648
1,0.3787367343902588,1,0.0701147615909576,1,0.1002976670861244,1,0.0664497166872024
1,0.2194083929061889,1,0.0629645138978958,1,0.071605809032917,1,0.0462776944041252
1,0.5697502493858337,1,0.2557096481323242,1,0.2263449430465698,1,0.0829653739929199
1,0.2785913348197937,1,0.102228820323944,1,0.1234710738062858,1,0.2669299840927124
1,0.2662225067615509,1,0.0790983512997627,1,0.1220815479755401,1,0.5241014957427979
1,0.4163146317005157,1,0.1901281476020813,1,0.1981295943260193,1,0.6465455889701843
1,0.5563965439796448,1,0.4828728437423706,1,0.4338824152946472,1,0.2060883790254593
1,0.8001915216445923,1,0.6646671295166016,1,0.3270648717880249,1,0.7232320308685303
1,0.1862545907497406,1,0.0066038332879543,1,0.0149973537772893,1,0.6108548641204834
1,0.6421381235122681,1,0.7134996056556702,1,0.3368823528289795,1,0.5628268718719482
1,0.8360370993614197,1,0.9494811296463012,1,0.8558082580566406,1,0.9810335636138916
1,0.7898648977279663,1,0.3080020844936371,1,0.123303048312664,1,0.8906392455101013
1,0.8801805973052979,1,0.1864963173866272,1,0.2172300517559051,1,0.8607405424118042
1,0.1471903026103973,1,0.0266538113355636,1,0.0039141355082392,1,0.0056724357418715
1,0.6863312125205994,1,0.7666997313499451,1,0.4580049514770508,1,0.8672060966491699
1,0.3776449561119079,1,0.2043941915035247,1,0.2273928076028823,1,0.5005548596382141
0,0.0669878274202346,0,0.0517449080944061,0,0.0130726723000407,0,0.0059702955186367
0,0.0861361250281333,0,0.0335403345525264,0,0.0077372142113745,0,0.018144529312849
0,0.0304784439504146,0,0.0014716597506776,0,0.0033254295121878,0,0.1770975589752197
0,0.0200582649558782,0,0.0024312527384608,0,0.0028126635588705,0,0.0016948652919381
0,0.0241399630904197,0,0.0107452189549803,0,0.0030756872147321,0,0.0021244143135845
0,0.077334426343441,0,0.0188627671450376,0,0.0131997345015406,0,0.1263221055269241
0,0.1264998465776443,0,0.047720082104206,0,0.0130950063467025,0,0.3915643393993377
0,0.1940666586160659,0,0.1462941020727157,0,0.0500617697834968,0,0.3119464516639709
0,0.0152239752933382,0,0.0023730937391519,0,0.0070472755469381,0,0.1277006864547729
0,0.131093293428421,0,0.0585254766047,0,0.0715812146663665,0,0.4438928961753845
0,0.0586586482822895,0,0.0041103824041783,0,0.0043284841813147,0,0.0177089404314756
0,0.0830508843064308,0,0.0044247931800782,0,0.0090061938390135,0,0.0369880683720111
0,0.2143995314836502,0,0.0293744206428527,0,0.0070339413359761,0,0.1360357105731964
0,0.1872115582227707,0,0.0063120345585048,0,0.0014237160794436,0,0.0235553793609142
0,0.689548671245575,0,0.1825079768896103,0,0.059641633182764,0,0.2713898122310638
0,0.7300629019737244,0,0.424975037574768,0,0.0963660776615142,0,0.6256812214851379
0,0.7080215811729431,0,0.3488452732563019,0,0.4084099531173706,0,0.8013780117034912
0,0.7026358842849731,0,0.4037998616695404,0,0.2664967775344848,0,0.7264732718467712
0,0.6252685785293579,0,0.2865813672542572,0,0.3308472037315368,0,0.4220173954963684
0,0.3258447051048279,0,0.2016453593969345,0,0.1532750278711319,0,0.7656375765800476
0,0.2531228065490722,0,0.0175079330801963,0,0.0193244200199842,0,0.3819153904914856
0,0.2173551023006439,0,0.0399059429764747,0,0.0239124745130538,0,0.1804074794054031
0,0.0497141480445861,0,0.0033377048093825,0,0.0046072341501712,0,0.0004957310738973
0,0.2459255754947662,0,0.1087221056222915,0,0.1474960744380951,0,0.7396010160446167
0,0.0874836519360542,0,0.0127217611297965,0,0.0074532176367938,0,0.0649671256542205
0,0.2173527181148529,0,0.0344115272164344,0,0.0456001050770282,0,0.1185142025351524
0,0.0508678257465362,0,0.1433678418397903,0,0.1178386434912681,0,0.5901427865028381
0,0.0652552247047424,0,0.0034815792459994,0,0.0104825152084231,0,0.0014882462564855
0,0.0540303811430931,0,0.0183826424181461,0,0.013291323557496,0,0.0093374960124492
0,0.3120534718036651,0,0.0153172742575407,0,0.0161596108227968,0,0.3465942442417145
0,0.0848739072680473,0,0.0076840035617351,0,0.0516634471714496,0,0.0473811626434326
0,0.2376606166362762,0,0.0158298425376415,0,0.0058896890841424,0,0.1079141348600387
0,0.0801251307129859,0,0.0153610622510313,0,0.0704531744122505,0,0.1447789818048477
0,0.4160212278366089,0,0.2867258489131927,0,0.1761330068111419,0,0.2776766121387481
0,0.4502465426921844,0,0.309706300497055,0,0.2502953112125397,0,0.3490588366985321
0,0.0256442185491323,0,0.0080283740535378,0,0.0242615677416324,0,0.0071438173763453
0,0.0281934235244989,0,0.0084272697567939,0,0.0153321335092186,0,0.0036717397160828
0,0.0081277107819914,0,0.0070445439778268,0,0.0001629612524993,0,0.002280609216541
0,0.0162465814501047,0,0.0051220590248703,0,0.002629569498822,0,6.378697435138747e-05
0,0.0018068891949951,0,0.0049869450740516,0,0.0011276245350018,0,0.0004950213478878
0,0.0360129922628402,0,0.0195806920528411,0,0.0112894475460052,0,0.1223435252904892
0,0.0060984608717262,0,0.0082950145006179,0,7.031003042357042e-05,0,0.0017078666714951
0,0.0022211242467164,0,0.0157668590545654,0,0.0031597337219864,0,0.0052946945652365
0,0.0448408387601375,0,0.0218161791563034,0,0.0033737781923264,0,0.000177007226739
0,0.0029746533837169,0,0.0031412334647029,0,0.001639062189497,0,6.689579458907247e-05
0,0.0120889162644743,0,0.0063209948129951,0,0.0004492297885008,0,0.0007639337563887
0,0.009181790985167,0,0.0076943468302488,0,0.0001232708455063,0,0.0022385600022971
0,0.3683342337608337,0,0.4196013510227203,0,0.5206905603408813,0,0.1888119131326675
0,0.0061902524903416,0,0.0274159498512744,0,0.0032737262081354,0,0.0022635303903371
0,0.2172376662492752,0,0.3341054618358612,0,0.4838954210281372,0,0.113675832748413
0,0.0054308078251779,0,0.0055340733379125,0,0.0012149803806096,0,0.000364122679457
0,0.4854038655757904,0,0.3049081861972809,0,0.3565597534179687,0,0.1489060372114181
0,0.7965806722640991,0,0.8520877361297607,0,0.4268824756145477,0,0.3155229389667511
0,0.734765887260437,0,0.662198007106781,0,0.6941101551055908,0,0.8516626358032227
0,0.041523166000843,0,0.0607056096196174,0,0.0828228145837783,0,0.5836222767829895
0,0.0516583658754825,0,0.0352175012230873,0,0.0347493588924407,0,0.0042558633722364
0,0.0469203852117061,0,0.0309318900108337,0,0.0114139262586832,0,0.0508825965225696
0,0.4041506052017212,0,0.4750280082225799,0,0.2544863522052765,0,0.4839741587638855
0,0.0082831876352429,0,0.0066081737168133,0,0.0053099780343472,0,0.006880632136017
0,0.0153914205729961,0,0.0028401131276041,0,0.0037835915572941,0,0.0005029722815379
0,0.0396684482693672,0,0.2933577299118042,0,0.0159969758242368,0,0.1716969758272171
0,0.0458031818270683,0,0.0274887364357709,0,0.0160285625606775,0,0.0211682766675949
0,0.0246302541345357,0,0.0109910620376467,0,0.0030882046557962,0,0.0050222245045006
0,0.029003731906414,0,0.0138605004176497,0,0.0046944511123001,0,0.0022187996655702
0,0.0238902140408754,0,0.0170557387173175,0,0.0148284090682864,0,0.0023732087574899
0,0.0310700014233589,0,0.0082843396812677,0,0.0238130819052457,0,0.0056892908178269
0,0.618097186088562,0,0.4240310490131378,0,0.2014804929494857,0,0.5020152926445007
0,0.134595900774002,0,0.01819415576756,0,0.0464186519384384,0,0.0012993278214707
0,0.160030260682106,0,0.0644820630550384,0,0.010462705977261,0,0.0020900897216051
0,0.2243203818798065,0,0.0129442913457751,0,0.004196816124022,0,0.0007496807374991
0,0.3602890372276306,0,0.2030530720949173,0,0.1054504811763763,0,0.4754093885421753
0,0.3479045033454895,0,0.1256507039070129,0,0.0781057626008987,0,0.2646246552467346
0,0.3233035206794739,0,0.1874784082174301,0,0.0786455944180488,0,0.0423558093607425
0,0.4348403513431549,0,0.1504145562648773,0,0.4139076173305511,0,0.3318431377410888
0,0.5034202337265015,0,0.1618531346321106,0,0.1116039678454399,0,0.5409780740737915
0,0.5301319360733032,0,0.1536865383386612,0,0.1017941758036613,0,0.0954244881868362
0,0.4370203912258148,0,0.3478452265262604,0,0.0722298249602317,0,0.2830138802528381
0,0.4717785120010376,0,0.3037497401237488,0,0.1235258653759956,0,0.0448792874813079
0,0.324523389339447,0,0.1505805552005767,0,0.0567628033459186,0,0.0213459748774766
0,0.4560896158218384,0,0.1560877114534378,0,0.0780807211995124,0,0.0203241202980279
0,0.0837645530700683,0,0.0750360414385795,0,0.0100261289626359,0,0.005468952935189
0,0.067706398665905,0,0.0612913519144058,0,0.0105373905971646,0,0.0035152714699506
0,0.0849330425262451,0,0.0448074266314506,0,0.0058817542158067,0,0.0032781339250504
0,0.1856038123369217,0,0.0349514484405517,0,0.0082309078425168,0,0.0032784130889922
0,0.3514227271080017,0,0.0109227197244763,0,0.0440905727446079,0,0.0032849262934178
0,0.003499440383166,0,0.0036792450118809,0,0.0105937691405415,0,0.0104451356455683
0,0.0046622054651379,0,0.0097601870074868,0,0.0004962336388416,0,0.0022226148284971
0,0.0652833804488182,0,0.360529214143753,0,0.2207488864660263,0,0.7116933465003967
0,0.0615522898733615,0,0.0095196021720767,0,0.0020974930375814,0,0.0021333403419703
0,0.0782615467905998,0,0.0076993582770228,0,0.0035860550124198,0,0.0036856494843959
0,0.0859056934714317,0,0.536788284778595,0,0.2477608025074005,0,0.5707907676696777
0,0.430285781621933,0,0.3150592446327209,0,0.0588731095194816,0,0.1148059219121933
0,0.1560970991849899,0,0.0733857452869415,0,0.002969836583361,0,0.0057720746845006
0,0.5892471671104431,0,0.641472578048706,0,0.3496540188789367,0,0.4595745205879211
0,0.1018498241901397,0,0.0426612310111522,0,0.0031135755125433,0,0.1343085318803787
0,0.1764227598905563,0,0.0516931563615798,0,0.0021561987232416,0,0.0085027478635311
0,0.6177435517311096,0,0.6559637188911438,0,0.3734481036663055,0,0.4700227975845337
0,0.1793138682842254,0,0.1272921115159988,0,0.0111943064257502,0,0.1251419186592102
0,0.1925373971462249,0,0.045773085206747,0,0.0059453034773468,0,0.0060630971565842
0,0.5997605323791504,0,0.7228929400444031,0,0.3493680655956268,0,0.4817333519458771
0,0.0469700954854488,0,0.0404965355992317,0,0.0049363663420081,0,0.1578751802444458
0,0.0267169084399938,0,0.0035377549938857,0,0.0008517472888343,0,0.0072416844777762
0,0.0277478899806737,0,0.0018732988974079,0,0.0010457051685079,0,0.0128430509939789
0,0.0309354942291975,0,0.0247131623327732,0,0.0086958203464746,0,0.0017757007153704
0,0.0655835270881652,0,0.0029589857440441,0,0.0097432238981127,0,0.0036195367574691
0,0.0968263670802116,0,0.0898358300328254,0,0.0745681598782539,0,0.0383467264473438
0,0.1155276373028755,0,0.0442609563469886,0,0.0598558597266674,0,0.0487451665103435
0,0.1120994016528129,0,0.0397384837269783,0,0.0575548969209194,0,0.0091861691325902
0,0.0995244681835174,0,0.0226008631289005,0,0.0048126289620995,0,0.0228098835796117
0,0.0026798488106578,0,0.0013549415161833,0,0.0002668225788511,0,0.0001013228975352
0,0.0029520825482904,0,0.0045239413157105,0,0.0037106873933225,0,0.0033874867949634
0,0.2961408495903015,0,0.0134557941928505,0,0.0100031346082687,0,0.022431468591094
0,0.0576407276093959,0,0.0078134825453162,0,0.0011025202693417,0,0.0027653344441205
0,0.0034326089080423,0,0.0016431480180472,0,0.0004170397878624,0,0.0001041653449647
0,0.0038556838408112,0,0.0010472773574292,0,0.0001075000400305,0,9.626740938983858e-05
0,0.2389024645090103,0,0.0345650278031826,0,0.0224671140313148,0,0.2411678880453109
0,0.0822564512491226,0,0.011794626712799,0,0.0013696117093786,0,0.0102402232587337
0,0.0039474233053624,0,0.0023926412686705,0,0.0008800391224212,0,9.237170161213726e-05
0,0.0033336509950459,0,0.0015002833679318,0,0.0002787999401334,0,4.569813972921111e-05
0,0.005708266980946,0,0.0034756052773445,0,0.0043683899566531,0,0.0024621835909783
0,0.1381893903017044,0,0.0152957141399383,0,0.0007377216825261,0,0.0851845443248748
0,0.1636084765195846,0,0.0389373302459716,0,0.0016418953891843,0,0.1522784233093261
0,0.0522635132074356,0,0.2246265411376953,0,0.111688882112503,0,0.0264411382377147
0,0.0228450950235128,0,0.0020524922292679,0,0.0004779144364874,0,0.0003523364721331
0,0.3395676910877228,0,0.130107045173645,0,0.0088162282481789,0,0.8458538055419922
0,0.5435935854911804,0,0.0629942342638969,0,0.0983570367097854,0,0.26715287566185
0,0.0069394833408296,0,0.0022818660363554,0,0.0024734172038733,0,0.0003926111967302
0,0.0055594332516193,0,0.0342635847628116,0,0.0306941997259855,0,0.0032326937653124
0,0.005409357137978,0,0.0027963784523308,0,0.0020094239152967,0,0.0016480105696246
0,0.0120778502896428,0,0.0157761052250862,0,0.0068734679371118,0,0.000262902729446
0,0.0092591987922787,0,0.0109861604869365,0,0.0074002807959914,0,0.0002267854870297
0,0.0416702516376972,0,0.0499325320124626,0,0.0217591356486082,0,0.0166399125009775
0,0.0065399617888033,0,0.0018515051342546,0,0.0008200395386666,0,0.0006285272538661
0,0.0138299595564603,0,0.0057717110030353,0,0.0052406932227313,0,3.5949022276327014e-05
0,0.013826030306518,0,0.0059787682257592,0,0.0033839181996881,0,9.619547927286476e-05
0,0.007124918513,0,0.0040114549919962,0,0.0039162910543382,0,0.0025816150009632
0,0.1726661324501037,0,0.0573677867650985,0,0.0361819639801979,0,0.0018565932987257
0,0.7218319177627563,0,0.7801744341850281,0,0.545673131942749,0,0.8085804581642151
0,0.0556709431111812,0,0.013742746785283,0,0.0051923524588346,0,0.0162055939435958
0,0.069409355521202,0,0.1774473190307617,0,0.011335658840835,0,0.0224237516522407
0,0.0422855280339717,0,0.0119020948186516,0,0.0029390403069555,0,0.0177790410816669
0,0.1253252327442169,0,0.0338513627648353,0,0.0017338769976049,0,0.0074556595645844
0,0.0060671558603644,0,0.0066213556565344,0,0.0037414652761071,0,0.0034906931687146
0,0.0370763465762138,0,0.0172744318842887,0,0.0021535370033234,0,0.0140084801241755
0,0.0041036964394152,0,0.0038495024200528,0,0.0016119842184707,0,0.0018115693237632
0,0.0939855352044105,0,0.0164577756077051,0,0.004906837362796,0,0.0081781148910522
0,0.0318381637334823,0,0.5438627004623413,0,0.0452865697443485,0,0.0733985379338264
0,0.0327216796576976,0,0.5924122333526611,0,0.0375180877745151,0,0.0942121595144271
0,0.12570820748806,0,0.0359555520117282,0,0.0084924586117267,0,0.0158650781959295
0,0.0560059733688831,0,0.557380735874176,0,0.0419635288417339,0,0.227864921092987
0,0.2591855227947235,0,0.0286269411444664,0,0.0161007679998874,0,0.2814191877841949
0,0.1923470795154571,0,0.0218466371297836,0,0.0073151811957359,0,0.0435174591839313
0,0.0387892201542854,0,0.0665895193815231,0,0.0185385029762983,0,0.1350613087415695
0,0.3233863115310669,0,0.0246104672551155,0,0.0690637528896331,0,0.0457872189581394
0,0.0177106633782386,0,0.0641675591468811,0,0.0137005615979433,0,0.2051630616188049
0,0.3866777718067169,0,0.0255291275680065,0,0.039585642516613,0,0.1897616982460022
0,0.0737204402685165,0,0.0362133011221885,0,0.0300275478512048,0,0.0155950784683227
0,0.0421067029237747,0,0.0048436461947858,0,0.0058206575922667,0,0.0791647061705589
0,0.1822342425584793,0,0.022893963381648,0,0.0406997092068195,0,0.0601109415292739
0,0.6827899217605591,0,0.6564807295799255,0,0.1973877549171447,0,0.7554134726524353
0,0.0069350739941,0,0.0104153249412775,0,0.0116092134267091,0,0.0006034424877725
0,0.4240239262580871,0,0.0353443883359432,0,0.037988144904375,0,0.2564977705478668
0,0.0221265107393264,0,0.0315023995935916,0,0.0184635389596223,0,0.0070769046433269
0,0.0102341929450631,0,0.0044665155000984,0,0.0094281807541847,0,0.0014903409173712
0,0.0091115357354283,0,0.0185365341603755,0,0.0092752929776906,0,0.038429208099842
0,0.005515644326806,0,0.0041972543112933,0,0.0031929928809404,0,0.0018982450710609
0,0.3203532099723816,0,0.7241758704185486,0,0.2843531668186188,0,0.9105088114738464
0,0.2915442585945129,0,0.6425513625144958,0,0.1897284686565399,0,0.877005934715271
0,0.1880448013544082,0,0.7297937870025635,0,0.1376978605985641,0,0.6734799146652222
0,0.0077346409671008,0,0.0009495169506408,0,0.0006577257299795,0,4.359383456176147e-05
0,0.3289534449577331,0,0.2416901290416717,0,0.1282095909118652,0,0.3336037993431091
0,0.39492067694664,0,0.6026566624641418,0,0.4368556439876556,0,0.1044440418481826
0,0.4873262047767639,0,0.7469155192375183,0,0.4399538934230804,0,0.8584967851638794
0,0.5296576619148254,0,0.6832062005996704,0,0.526367723941803,0,0.280184268951416
0,0.0091790631413459,0,0.0034916440490633,0,0.0023842633236199,0,0.0195311196148395
0,0.0441650822758674,0,0.0021366248838603,0,0.0012511004460975,0,0.0002812044112943
0,0.0665588676929473,0,0.0137419002130627,0,0.0018131748074665,0,0.0301589667797088
0,0.0729954689741134,0,0.029178075492382,0,0.0045680277980864,0,0.0017568334005773
0,0.1029191389679908,0,0.0311534944921731,0,0.0047992034815251,0,0.0010541736846789
0,0.0852742493152618,0,0.0224141180515289,0,0.0041822046041488,0,0.0010720825521275
0,0.051785223186016,0,0.0025660905521363,0,0.0012100777821615,0,0.0001902037474792
0,0.4798884689807892,0,0.62941575050354,0,0.1185284703969955,0,0.4648290574550628
0,0.4059321880340576,0,0.4611687660217285,0,0.0220123268663883,0,0.1486712992191314
0,0.4015260338783264,0,0.4921619594097137,0,0.0533587411046028,0,0.232404887676239
0,0.3877161145210266,0,0.5360368490219116,0,0.137689009308815,0,0.3235823810100555
0,0.5565497875213623,0,0.5542910695075989,0,0.273758202791214,0,0.4656374752521515
0,0.6975774765014648,0,0.6307770609855652,0,0.3311847448348999,0,0.5793613791465759
0,0.5750824213027954,0,0.0666689574718475,0,0.2011635303497314,0,0.0953463762998581
0,0.159618467092514,0,0.0262902490794658,0,0.0122027909383177,0,0.018060939386487
0,0.5327464938163757,0,0.2894535958766937,0,0.1766583919525146,0,0.4445939660072326
0,0.0708987042307853,0,0.0584865882992744,0,0.0030817489605396,0,0.0089489258825778
0,0.5829150080680847,0,0.2902206480503082,0,0.2279002964496612,0,0.4719447195529938
0,0.0998513400554657,0,0.0122493552044034,0,0.0306836664676666,0,0.0314490869641304
0,0.0046021393500268,0,0.0025139804929494,0,0.0004633184871636,0,0.0023729016538709
0,0.0164574272930622,0,0.0081984102725982,0,0.0002347928384551,0,0.004597661551088
0,0.006045785266906,0,0.0041555669158697,0,0.0003923885815311,0,0.0041943439282476
0,0.0054784533567726,0,0.003053939435631,0,0.0005468020681291,0,0.0046160900965332
0,0.0031678983941674,0,0.0027120148297399,0,0.0021005584858357,0,0.0016688909381628
0,0.0056923129595816,0,0.0064475862309336,0,0.0003003324673045,0,0.0041044196113944
0,0.0070988577790558,0,0.0040917014703154,0,0.0004850291006732,0,0.004717216361314
0,0.0026921711396425,0,0.0014804967213422,0,0.0005476465448737,0,0.0001691639481578
0,0.1427564173936844,0,0.1838041990995407,0,0.1838175952434539,0,0.5559702515602112
0,0.3575486540794372,0,0.0170681104063987,0,0.0089930957183241,0,0.1263888031244278
0,0.14798504114151,0,0.0321433879435062,0,0.0114147495478391,0,0.2020751237869262
0,0.4239110648632049,0,0.2813582420349121,0,0.0649252235889434,0,0.0255951881408691
0,0.0030714585445821,0,0.0006944781634956,0,0.0002368309651501,0,0.000112283443741
0,0.0062314425595104,0,0.0048009091988205,0,0.0002126343897543,0,0.0042923083528876
0,0.0131226843222975,0,0.0104684690013527,0,0.0002834122860804,0,0.0038280026055872
0,0.0093147726729512,0,0.0061162849888205,0,0.0019685621373355,0,0.0025498657487332
0,0.0112220300361514,0,0.0054225716739892,0,0.0025156717747449,0,0.0189426466822624
0,0.0353021509945392,0,0.0125888427719473,0,0.004121501930058,0,0.0210699886083602
0,0.3907584249973297,0,0.1753072887659073,0,0.0710191428661346,0,0.1622739732265472
0,0.1640449911355972,0,0.0590157695114612,0,0.0078971153125166,0,0.0213753636926412
0,0.0106684137135744,0,0.0445836819708347,0,0.0045677786692976,0,0.0203199815005064
0,0.0096504176035523,0,0.0038134774658828,0,0.004813389852643,0,0.0038392655551433
0,0.2972024381160736,0,0.2034912407398224,0,0.0622958838939666,0,0.1141271442174911
0,0.0161447972059249,0,0.0602739751338958,0,0.0191394370049238,0,0.0216966699808836
0,0.3731997609138489,0,0.0086028622463345,0,0.0081000253558158,0,0.005841342266649
0,0.0258791074156761,0,0.4306217730045318,0,0.0076957051642239,0,0.0142951905727386
0,0.0237243082374334,0,0.0084923701360821,0,0.0047139371745288,0,0.0032947405707091
0,0.0033212879206985,0,0.0035278745926916,0,0.0035148954484611,0,0.0002532087673898
0,0.0090894643217325,0,0.0049227834679186,0,0.0039910213090479,0,0.0025349317584186
0,0.4650839865207672,0,0.2396469563245773,0,0.1911940425634384,0,0.651520311832428
0,0.5471775531768799,0,0.768878698348999,0,0.3166857957839966,0,0.8655012845993042
0,0.0395638942718505,0,0.0023231769446283,0,0.0042449841275811,0,0.0189442504197359
0,0.0142318811267614,0,0.0116266682744026,0,0.0009551210678182,0,0.0022794778924435
0,0.0221983455121517,0,0.0074772257357835,0,0.0013199256500229,0,0.0004042498476337
0,0.0133991707116365,0,0.0103312535211443,0,0.0023437989875674,0,0.0009904743637889
0,0.0136210797354578,0,0.0717077553272247,0,0.0027766078710556,0,0.0021402346901595
0,0.0328217409551143,0,0.0044579645618796,0,0.0043485090136528,0,0.016042735427618
0,0.0201639141887426,0,0.0067773927003145,0,0.0016813450492918,0,0.0001243282167706
0,0.020041849464178,0,0.0339044742286205,0,0.0157796721905469,0,0.020878717303276
0,0.0153013672679662,0,0.0308733843266963,0,0.0039605391211807,0,0.007291748188436
0,0.0473026894032955,0,0.0301767382770776,0,0.0453469455242157,0,0.0996880978345871
0,0.0034749729093164,0,0.0011105557205155,0,0.0003358309913892,0,0.0002926225424744
0,0.0477175824344158,0,0.002747000195086,0,0.0054701073095202,0,0.019303698092699
0,0.0234452858567237,0,0.0078063430264592,0,0.0015959956217557,0,0.0002855751081369
0,0.0175318159162998,0,0.0638237744569778,0,0.0052022412419319,0,0.0154591416940093
0,0.0614450350403785,0,0.0202626176178455,0,0.0435923859477043,0,0.1559220552444458
0,0.004239291884005,0,0.0010875050211325,0,0.000558155355975,0,0.0007166453870013
0,0.0032255889382213,0,0.0070607792586088,0,0.0002914614742621,0,5.201180465519428e-05
0,0.0049873758107423,0,0.0033687152899801,0,0.0004969715955667,0,0.0002428956649964
0,0.1941369920969009,0,0.1562770009040832,0,0.1046851798892021,0,0.0341832004487514
0,0.1910528838634491,0,0.0089181959629058,0,0.0197838600724935,0,0.0253963898867368
0,0.0406335704028606,0,0.009821175597608,0,0.0039028225000947,0,0.0017524282447993
0,0.0310238357633352,0,0.0058647715486586,0,0.0125680733472108,0,0.0048654894344508
0,0.3117313683032989,0,0.0171681214123964,0,0.0292266272008419,0,0.0350288785994052
0,0.36471888422966,0,0.0172078814357519,0,0.0107769444584846,0,0.0122015038505196
0,0.0263372082263231,0,0.0254432279616594,0,0.0032179814297705,0,0.0228363629430532
0,0.1928623169660568,0,0.2571707367897033,0,0.0649022236466407,0,0.2602991163730621
0,0.0602262988686561,0,0.1806833446025848,0,0.0202095955610275,0,0.1308799386024475
0,0.0103027708828449,0,0.0049172625876963,0,0.0190510414540767,0,0.0040057417936623
0,0.0464658364653587,0,0.0011555242817848,0,0.0262692868709564,0,0.0083736442029476
0,0.1112131401896476,0,0.022831629961729,0,0.0543650090694427,0,0.0486853793263435
0,0.022104000672698,0,0.1134285330772399,0,0.0068436153233051,0,0.1933218836784362
0,0.1660167574882507,0,0.0987762808799743,0,0.2008404284715652,0,0.1935896128416061
0,0.3136568069458008,0,0.0188989695161581,0,0.016868233680725,0,0.0178734138607978
0,0.188680812716484,0,0.397491306066513,0,0.0373051688075065,0,0.0098125273361802
0,0.2193969488143921,0,0.3593101799488067,0,0.0395328141748905,0,0.0181852392852306
0,0.1614385396242141,0,0.0070479600690305,0,0.0050262003205716,0,0.0725800171494484
0,0.0476947911083698,0,0.0521368868649005,0,0.0129153104498982,0,0.0696206018328666
0,0.002985528903082,0,0.0055300644598901,0,0.0015092892572283,0,0.0095732873305678
0,0.0050785234197974,0,0.0068567311391234,0,0.0033451139461249,0,0.0029288881924003
0,0.0045805471017956,0,0.0084138335660099,0,0.0040671834722161,0,0.0132784396409988
0,0.1869349777698516,0,0.1209942102432251,0,0.009125736542046,0,0.2835411727428436
0,0.0191029012203216,0,0.0059019136242568,0,0.0011187908239662,0,0.0032169171608984
1,0.4394517242908478,1,0.0568048022687435,1,0.1404491364955902,1,0.0297271832823753
1,0.2576906085014343,1,0.0216676648706197,1,0.0424122884869575,1,0.1452533602714538
1,0.5138322710990906,1,0.2790692150592804,1,0.160599023103714,1,0.2119826525449752
1,0.6305360794067383,1,0.1850827187299728,1,0.2603389918804168,1,0.3349739015102386
1,0.5000367760658264,1,0.4368507862091064,1,0.3815722465515136,1,0.4707700312137604
1,0.4506834149360657,1,0.2286644428968429,1,0.2814354002475738,1,0.9598495364189148
1,0.0231534112244844,1,0.0567624233663082,1,0.0404101684689521,1,0.3169467449188232
1,0.0277878362685441,1,0.0597025603055954,1,0.0543076172471046,1,0.436282604932785
1,0.0769655555486679,1,0.0851467996835708,1,0.0543062500655651,1,0.6177156567573547
1,0.6422519087791443,1,0.6945571899414062,1,0.4205431938171386,1,0.8456242084503174
1,0.5780332088470459,1,0.6668685674667358,1,0.7943466305732727,1,0.973334014415741
1,0.7084090709686279,1,0.7005243301391602,1,0.7633896470069885,1,0.9702168107032776
1,0.2225288599729538,1,0.2507077157497406,1,0.0366610772907733,1,0.4827270209789276
1,0.2122328132390976,1,0.2974885404109955,1,0.0869479998946189,1,0.6177717447280884
1,0.2734338045120239,1,0.1204728856682777,1,0.0436709709465503,1,0.7247963547706604
0,0.0242892038077116,0,0.0260973684489727,0,0.004530381411314,0,0.1322491914033889
0,0.0431515462696552,0,0.0129786301404237,0,0.0068755578249692,0,0.3419621586799621
0,0.6432636976242065,0,0.3989549577236175,0,0.3776926398277282,0,0.151418998837471
0,0.0035366171505302,0,0.0036606863141059,0,0.0025357226841151,0,0.0068426886573433
0,0.037367507815361,0,0.0521550066769123,0,0.0289657246321439,0,0.0986510664224624
0,0.6279075741767883,0,0.5431784391403198,0,0.029931528493762,0,0.2115024626255035
0,0.0669183433055877,0,0.0447555482387542,0,0.0154307810589671,0,0.1874244213104248
0,0.6963558793067932,0,0.5929347276687622,0,0.0977365300059318,0,0.7436676025390625
0,0.6451329588890076,0,0.5571327805519104,0,0.0905246883630752,0,0.6433854699134827
0,0.0449133478105068,0,0.0330161452293396,0,0.0143309393897652,0,0.1462534219026565
0,0.374000608921051,0,0.0347461402416229,0,0.0413881801068782,0,0.5607154369354248
0,0.4607733190059662,0,0.417760819196701,0,0.3676730096340179,0,0.6490920782089233
0,0.6943168044090271,0,0.5026419758796692,0,0.2075635194778442,0,0.6127374172210693
0,0.0050756498239934,0,0.000741793133784,0,0.0005201633903197,0,7.793380791554227e-05
0,0.009011204354465,0,0.0025371774099767,0,0.0010014016879722,0,0.0007317899144254
0,0.0078627858310937,0,0.0023575040977448,0,0.0006253722822293,0,0.0010285332100465
0,0.0045387437567114,0,0.0084446277469396,0,0.0035914739128202,0,0.0050227371975779
0,0.009292441420257,0,0.0234857201576232,0,0.0046085566282272,0,0.0255448017269372
0,0.0721439346671104,0,0.0541021414101123,0,0.0040060100145637,0,0.0048441519029438
0,0.0167378988116979,0,0.0077548832632601,0,0.0282086711376905,0,0.0192777179181575
0,0.1833657026290893,0,0.0124321244657039,0,0.0280852355062961,0,0.1060764715075492
0,0.0046459278091788,0,0.0018224803498014,0,0.0003218713682144,0,0.0006238005589693
0,0.0179990958422422,0,0.0040742279961705,0,0.0246257074177265,0,0.0332933962345123
0,0.0064001237042248,0,0.0013398138107731,0,0.0003863049205392,0,0.0003595009329728
0,0.1226738095283508,0,0.0076427347958087,0,0.0006697798962704,0,0.0059656845405697
0,0.0159271992743015,0,0.0037573250010609,0,0.0171608906239271,0,0.0637417361140251
0,0.1104601845145225,0,0.0108393905684351,0,0.0176873765885829,0,0.0383677259087562
0,0.1171285361051559,0,0.002796625951305,0,0.0021572648547589,0,0.0024698772467672
0,0.0217077042907476,0,0.0055919452570378,0,0.001770295551978,0,0.0028958693146705
0,0.1189901530742645,0,0.0078986100852489,0,0.0043825511820614,0,0.0009207284310832
0,0.0200381353497505,0,0.0038638224359601,0,0.0014202792663127,0,0.0018149707466363
0,0.0192822609096765,0,0.0027318447828292,0,0.0008615855476818,0,0.0017125793965533
0,0.1969346404075622,0,0.1508394628763198,0,0.0301612429320812,0,0.0154366148635745
0,0.2742282748222351,0,0.0068894517607986,0,0.0036270336713641,0,0.0406884215772151
0,0.1566342264413833,0,0.0046128001995384,0,0.0018307849531993,0,0.0040577799081802
0,0.0133499009534716,0,0.001145860995166,0,0.0033110624644905,0,2.2350286599248648e-06
0,0.1143669113516807,0,0.2111167460680008,0,0.0554528124630451,0,0.100607082247734
0,0.5256773233413696,0,0.0728998705744743,0,0.0166457258164882,0,0.0127414986491203
0,0.3808367848396301,0,0.1957866847515106,0,0.2004591822624206,0,0.6825157403945923
0,0.0120616806671023,0,0.0129159977659583,0,0.006756595801562,0,0.0009011946385726
0,0.0241703670471906,0,0.0061810836195945,0,0.0041310437954962,0,0.0087653258815407
0,0.1290363371372223,0,0.1500206887722015,0,0.032456450164318,0,0.0084102051332592
0,0.0382979921996593,0,0.0073286839760839,0,0.0056422241032123,0,0.0320230312645435
0,0.210365816950798,0,0.0090826041996479,0,0.005551777780056,0,0.0527059845626354
0,0.0113178296014666,0,0.0085397958755493,0,0.0057635135017335,0,0.0199850033968687
0,0.0339687168598175,0,0.0050496980547904,0,0.0072190361097455,0,0.0088405041024088
0,0.0128999706357717,0,0.011987037025392,0,0.0083089228719472,0,0.0211302600800991
0,0.5695889592170715,0,0.2136078625917434,0,0.2314223647117614,0,0.0231442246586084
0,0.0105351489037275,0,0.0072838384658098,0,0.0051716230809688,0,0.0162252802401781
0,0.5927333235740662,0,0.2689435482025146,0,0.2116258442401886,0,0.0226273592561483
0,0.4544456303119659,0,0.539208710193634,0,0.1289399862289428,0,0.3265399634838104
0,0.5379119515419006,0,0.423977643251419,0,0.2590930759906769,0,0.0526689179241657
0,0.6199925541877747,0,0.7840675115585327,0,0.5752394795417786,0,0.9814541339874268
0,0.5033134818077087,0,0.4478479623794555,0,0.2125550359487533,0,0.0830092653632164
0,0.0715496614575386,0,0.0037027590442448,0,0.0041663171723484,0,0.0066736270673573
0,0.0537717342376709,0,0.0073267337866127,0,0.0022731241770088,0,0.0013630262110382
0,0.0555260553956031,0,0.0044361231848597,0,0.005187714472413,0,0.0013376914430409
0,0.0076255104504525,0,0.0061773178167641,0,0.0008910948527045,0,0.0004167041915934
0,0.2574807405471802,0,0.2991688549518585,0,0.1541499942541122,0,0.343936413526535
0,0.4709618091583252,0,0.280154824256897,0,0.2498244047164917,0,0.5648789405822754
0,0.4035014510154724,0,0.4948514997959137,0,0.251817375421524,0,0.5816131830215454
0,0.353479653596878,0,0.0978783667087555,0,0.0093515943735837,0,0.0470048785209655
0,0.4973268508911133,0,0.4033330678939819,0,0.1768407225608825,0,0.1590114682912826
0,0.4058371186256408,0,0.4052269458770752,0,0.0680619478225708,0,0.4404987394809723
0,0.5742999315261841,0,0.2262073457241058,0,0.1573947519063949,0,0.412365049123764
0,0.579250693321228,0,0.1537870466709137,0,0.2178292125463485,0,0.32606241106987
0,0.5694288015365601,0,0.169632613658905,0,0.1848994493484497,0,0.4899051189422607
0,0.0025077557656913,0,0.00478196144104,0,0.0010573770850896,0,0.0011198266874998
0,0.0099753020331263,0,0.0046887025237083,0,0.0001215439770021,0,0.0004689141642302
0,0.0152703681960701,0,0.0517898462712764,0,0.001670601661317,0,0.0222358759492635
0,0.0317264460027217,0,0.0554775446653366,0,0.0029328775126487,0,0.0073390770703554
0,0.0145425628870725,0,0.0037148920819163,0,0.0023679614532738,0,0.0154373031109571
0,0.0485603995621204,0,0.031259287148714,0,0.002934114774689,0,0.0092470850795507
0,0.0344452336430549,0,0.0097468132153153,0,0.0004869191034231,0,0.0055454447865486
0,0.0345005728304386,0,0.0343180857598781,0,0.0034400995355099,0,0.0092660207301378
0,0.1206806153059005,0,0.0472816564142704,0,0.0047132889740169,0,0.0160272233188152
0,0.0047344383783638,0,0.0377225950360298,0,0.0016092691803351,0,0.0171461701393127
0,0.0119339050725102,0,0.0484251491725444,0,0.0007715520332567,0,0.0216772705316543
0,0.1793625056743621,0,0.0276948306709527,0,0.372141033411026,0,0.0864231660962104
0,0.1095655560493469,0,0.0126512078568339,0,0.2942385971546173,0,0.0737505257129669
0,0.1913024187088012,0,0.0119196763262152,0,0.3179770708084106,0,0.004511319566518
0,0.0134722609072923,0,0.0107964826747775,0,0.0080564757809042,0,0.0136914979666471
0,0.0648600310087204,0,0.0104341553524136,0,0.0081226369366049,0,0.4471219182014465
0,0.0166115351021289,0,0.0214524660259485,0,0.0094989696517586,0,0.0145978592336177
0,0.0784966275095939,0,0.0065985806286334,0,0.0050403112545609,0,0.0015377413947135
0,0.0218488369137048,0,0.0088468985632061,0,0.0114029180258512,0,0.0006371818017214
0,0.2089755088090896,0,0.008785692974925,0,0.0109404698014259,0,0.0017291574040427
0,0.0259519089013338,0,0.0104498285800218,0,0.0246432870626449,0,0.0307377818971872
0,0.0362862050533294,0,0.0037074272986501,0,0.0047031710855662,0,0.0016859975876286
0,0.0054417722858488,0,0.0040901806205511,0,0.0001418410683982,0,0.0041348692029714
0,0.005331153050065,0,0.0047739781439304,0,0.000123726480524,0,0.0085495542734861
0,0.0431864373385906,0,0.0022271377965807,0,0.0009146232623606,0,0.0044327778741717
0,0.1191619932651519,0,0.0023786432575434,0,0.0006262938259169,0,0.0048147034831345
0,0.1832033693790435,0,0.0674450993537902,0,0.0592251718044281,0,0.0128185953944921
0,0.1686577051877975,0,0.0643349662423133,0,0.0610601045191288,0,0.0131167778745293
0,0.0364866070449352,0,0.0019510095007717,0,0.0031454092822968,0,0.0047817989252507
0,0.0071054482832551,0,0.0035472938325256,0,0.0052824355661869,0,0.006931722164154
0,0.3046863973140716,0,0.0855289176106453,0,0.0639848187565803,0,0.0512275509536266
0,0.3282526135444641,0,0.104598268866539,0,0.0823870822787284,0,0.1224566549062728
0,0.3180354535579681,0,0.0723581239581108,0,0.0621318444609642,0,0.1075703427195549
0,0.0112206963822245,0,0.0016037042951211,0,0.0011130345519632,0,0.007809083443135
0,0.5199315547943115,0,0.0277219731360673,0,0.0095556071028113,0,0.0071213683113455
0,0.0037477875594049,0,0.001564270351082,0,0.000620792270638,0,0.0001225317100761
0,0.3643250167369842,0,0.246681734919548,0,0.243657574057579,0,0.7038944363594055
0,0.0197333730757236,0,0.0017596955876797,0,0.0012479734141379,0,0.0098778363317251
0,0.5044620633125305,0,0.0240977052599191,0,0.0038545872084796,0,0.0051451995968818
0,0.0490764118731021,0,0.0097013963386416,0,0.0302406214177608,0,0.1036334484815597
0,0.1702955812215805,0,0.3210907280445099,0,0.0326482430100441,0,0.0295026376843452
0,0.011725703254342,0,0.0013481894275173,0,0.0008785496465861,0,0.0055890846997499
0,0.2470730990171432,0,0.0177780240774154,0,0.0022191531024873,0,0.0013028334360569
0,0.0024438493419438,0,0.0012507477076724,0,0.0002049189497483,0,4.253268707543612e-05
0,0.1627218127250671,0,0.0976616367697715,0,0.0259536933153867,0,0.0091800652444362
0,0.347960501909256,0,0.1893521696329116,0,0.0482635609805583,0,0.2807711958885193
0,0.5753019452095032,0,0.1666045784950256,0,0.154515728354454,0,0.7384082078933716
0,0.0034414022229611,0,0.0008976262179203,0,0.0004676350508816,0,0.0001609236205695
0,0.0042907986789941,0,0.0009726954158395,0,0.0003229961439501,0,0.0002033910859609
0,0.5168041586875916,0,0.4433519840240478,0,0.1196405515074729,0,0.4842051267623901
0,0.0078704599291086,0,0.0017140042036771,0,0.001074138446711,0,0.0010906017851084
0,0.3371087312698364,0,0.0098198922351002,0,0.0012529948726296,0,0.001736014150083
0,0.0055100684985518,0,0.0021177460439503,0,0.0019297620747238,0,0.0038078441284596
0,0.4805828332901001,0,0.5028004050254822,0,0.1506577581167221,0,0.5533690452575684
0,0.0622813031077384,0,0.0725829228758812,0,0.0299784354865551,0,0.0706350281834602
0,0.4591279923915863,0,0.2396402806043625,0,0.3555266857147217,0,0.7642749547958374
0,0.519896924495697,0,0.5366332530975342,0,0.1072630137205123,0,0.7485869526863098
0,0.0053077600896358,0,0.0024209355469793,0,0.000954782241024,0,0.001994231250137
0,0.0981099978089332,0,0.0538838729262352,0,0.0197304934263229,0,0.0779156312346458
0,0.0069253309629857,0,0.0040311203338205,0,0.0005007457220926,0,0.0003893951652571
0,0.0062294849194586,0,0.0093258768320083,0,0.0008446801803074,0,0.0003621354408096
0,0.1777190566062927,0,0.0528689622879028,0,0.0182055588811635,0,0.0480942912399768
0,0.0702594295144081,0,0.0824873000383377,0,0.0420014671981334,0,0.081578180193901
0,0.0064903693273663,0,0.0061927642673254,0,0.0011440297821536,0,0.000406324135838
0,0.006309313699603,0,0.0030160618480294,0,0.000146433521877,0,0.0008880908717401
0,0.0043551824055612,0,0.0027370329480618,0,0.0004263758892193,0,0.0002314168523298
0,0.1574018150568008,0,0.031918492168188,0,0.0182829741388559,0,0.0549776330590248
0,0.0912847518920898,0,0.0757985487580299,0,0.0394987687468528,0,0.0651137977838516
0,0.0272434242069721,0,0.0206246357411146,0,0.0004681093560066,0,0.0002473832864779
0,0.0067279231734573,0,0.0199813973158597,0,0.0011953845387324,0,0.0002307380491402
0,0.0092634484171867,0,0.0025835901033133,0,0.0003273485635872,0,0.0003592713619582
0,0.1581941545009613,0,0.0630947798490524,0,0.0137105332687497,0,0.0245728641748428
0,0.0372996181249618,0,0.0477082543075084,0,0.0442973561584949,0,0.1547815799713134
0,0.0805417597293853,0,0.0197771992534399,0,0.0293230190873146,0,0.516248881816864
0,0.1129109486937522,0,0.0351116955280303,0,0.0365032106637954,0,0.4811153411865234
0,0.2594711184501648,0,0.3005619645118713,0,0.0792419910430908,0,0.8309879302978516
0,0.1638585329055786,0,0.1994785368442535,0,0.0722678825259208,0,0.2482105791568756
0,0.6675853729248047,0,0.2935631871223449,0,0.040760613977909,0,0.746788740158081
0,0.3672667443752289,0,0.2427430152893066,0,0.1658405363559723,0,0.4973644316196441
0,0.1483845561742782,0,0.0894374549388885,0,0.0642684325575828,0,0.3544128537178039
0,0.0573477335274219,0,0.0246418081223964,0,0.0391344912350177,0,0.0206688810139894
0,0.3630355894565582,0,0.087420754134655,0,0.0527836978435516,0,0.036566786468029
0,0.0465913005173206,0,0.0040090349502861,0,0.0034115724265575,0,0.0096121989190578
0,0.0040502022020518,0,0.009230688214302,0,0.0014178736601024,0,0.0006354509969241
0,0.0696771293878555,0,0.0032220601569861,0,0.0005780672072432,0,0.0046338224783539
0,0.0052513084374368,0,0.0031727959867566,0,0.0033121204469352,0,0.004338932223618
0,0.3262324631214142,0,0.0840925499796867,0,0.0045744003728032,0,0.2137950956821441
0,0.1449435949325561,0,0.0295259933918714,0,0.0034124187659472,0,0.0246183481067419
0,0.0667036846280098,0,0.0085514057427644,0,0.0169824920594692,0,0.309986263513565
0,0.2820485532283783,0,0.199940875172615,0,0.1347083896398544,0,0.0522060580551624
0,0.3553012609481811,0,0.100313514471054,0,0.0520736947655677,0,0.5375158190727234
0,0.3646794855594635,0,0.0309199672192335,0,0.0387411154806613,0,0.0247671026736497
0,0.3016768395900726,0,0.2315656989812851,0,0.1143960356712341,0,0.3055073618888855
0,0.4568370282649994,0,0.4199838638305664,0,0.2953279316425323,0,0.3298076391220093
0,0.1577332764863968,0,0.0077871498651802,0,0.0058554266579449,0,0.65031498670578
0,0.003074666718021,0,0.0013203701237216,0,0.000446711841505,0,8.776899630902335e-05
0,0.0879507660865783,0,0.0146669624373316,0,0.0069540156982839,0,0.589841902256012
0,0.0117834219709038,0,0.0030983875039964,0,0.0027822966221719,0,0.0096063213422894
0,0.0041544227860867,0,0.0016583903925493,0,0.0003408706979826,0,4.6257606300059706e-05
0,0.0831537470221519,0,0.6400562524795532,0,0.0288204457610845,0,0.0246004071086645
0,0.0115463556721806,0,0.0041530360467731,0,0.0014386968687176,0,0.0091985939070582
0,0.003123563947156,0,0.0016303360462188,0,0.0003185639216098,0,3.176984318997711e-05
0,0.2528178989887237,0,0.0423892512917518,0,0.2117073237895965,0,0.4001000523567199
0,0.013313053175807,0,0.0050139036029577,0,0.0049986280500888,0,0.0058108759112656
0,0.0103531898930668,0,0.0118706319481134,0,0.0004031330172438,0,0.0024974870029836
0,0.0104636242613196,0,0.0061635826714336,0,0.0040825908072292,0,0.010224818252027
0,0.0600139237940311,0,0.006719353608787,0,0.0382490679621696,0,0.0121908653527498
0,0.5005585551261902,0,0.0746528506278991,0,0.0803601741790771,0,0.503203809261322
0,0.3347773253917694,0,0.0890299528837204,0,0.0193290170282125,0,0.0226587262004613
0,0.1612773388624191,0,0.0783777460455894,0,0.2517557442188263,0,0.5034467577934265
0,0.0283187851309776,0,0.0146769993007183,0,0.0094134742394089,0,0.0310814585536718
0,0.0710477009415626,0,0.1667362600564956,0,0.0082546891644597,0,0.3513776957988739
0,0.0044788029044866,0,0.0035954108461737,0,0.0036976034753024,0,0.0001952371094375
0,0.0189578868448734,0,0.006723903119564,0,0.0047408891841769,0,0.2600334286689758
0,0.0076419496908783,0,0.0664897635579109,0,0.035302385687828,0,0.0006174353766255
0,0.0395380891859531,0,0.0083075435832142,0,0.0084306579083204,0,0.9318020939826964
0,0.0096155451610684,0,0.0132406391203403,0,0.0264231394976377,0,0.0002419210068183
0,0.0215541999787092,0,0.0032166969031095,0,0.0051732743158936,0,0.0151630733162164
0,0.0224148742854595,0,0.0039023424033075,0,0.0078344317153096,0,0.0010194256901741
0,0.1386308372020721,0,0.0123044764623045,0,0.0590273290872573,0,0.0629008412361145
0,0.1217722073197364,0,0.008718267083168,0,0.0048309434205293,0,0.0452916733920574
0,0.6049589514732361,0,0.5672171711921692,0,0.5571766495704651,0,0.7509012222290039
0,0.5542930364608765,0,0.2657200396060943,0,0.2650246620178222,0,0.754076361656189
0,0.0300957560539245,0,0.0167074613273143,0,0.0124674821272492,0,0.0977794900536537
0,0.0141662582755088,0,0.0017655317205935,0,0.0070732063613832,0,0.1622195094823837
0,0.1856215447187423,0,0.4201266467571258,0,0.2331069707870483,0,0.6655645370483398
0,0.0444478839635849,0,0.00851537194103,0,0.0154256597161293,0,0.7408950328826904
0,0.3034422993659973,0,0.2203385531902313,0,0.2543119788169861,0,0.1288475692272186
0,0.0088187409564852,0,0.0088549721986055,0,0.0001552218163851,0,0.0222920216619968
0,0.2358184158802032,0,0.087409384548664,0,0.0467550083994865,0,0.0952339470386505
0,0.0067783677950501,0,0.0082759410142898,0,0.0001740454317769,0,0.0281509216874837
0,0.1729989796876907,0,0.0299046859145164,0,0.0313449315726757,0,0.0473090410232543
0,0.006191452499479,0,0.0100482553243637,0,0.0043613528832793,0,0.0747938603162765
0,0.0230472795665264,0,0.0037506981752812,0,0.0002266028459416,0,0.000444979959866
0,0.1728976219892501,0,0.0308628007769584,0,0.0141954151913523,0,0.0439324378967285
0,0.0245416816323995,0,0.0047928621061146,0,0.0026703581679612,0,0.0074839661829173
0,0.0821552127599716,0,0.0071531170979142,0,0.0040876856073737,0,0.0055368398316204
0,0.0786418095231056,0,0.0063076810911297,0,0.0065614357590675,0,0.0186311807483434
0,0.0247386768460273,0,0.0738690942525863,0,0.1128180623054504,0,0.0541662536561489
0,0.0028302194550633,0,0.0191971976310014,0,0.005469562485814,0,0.0129362223669886
0,0.0352298095822334,0,0.0816799700260162,0,0.1883586794137954,0,0.0673226565122604
0,0.0035772011615335,0,0.0076243882067501,0,0.005569658242166,0,0.0130355851724743
0,0.0437487848103046,0,0.0331707522273063,0,0.0125204417854547,0,0.0362207554280757
0,0.0889169871807098,0,0.0066423243843019,0,0.0014526158338412,0,0.001292371074669
0,0.2616373598575592,0,0.1087560802698135,0,0.1665671467781067,0,0.2189101725816726
0,0.1034781858325004,0,0.0068387333303689,0,0.0019543161615729,0,0.0016541398363187
0,0.1962198466062545,0,0.0376764349639415,0,0.14036825299263,0,0.3382431268692016
0,0.076891615986824,0,0.0098812887445092,0,0.0037412701640278,0,0.0031129051931202
0,0.2284633070230484,0,0.1380807757377624,0,0.1099257245659828,0,0.1907210499048233
0,0.6058036684989929,0,0.582428514957428,0,0.4974311888217926,0,0.6671575307846069
0,0.0026459365617483,0,0.0087631354108452,0,0.0011833811877295,0,0.011716959066689
0,0.0090490924194455,0,0.011785321868956,0,0.0001974397600861,0,0.00025991172879
0,0.0112880682572722,0,0.0168264042586088,0,0.0001210533228004,0,0.0007573535549454
0,0.0022411909885704,0,0.0016243283171206,0,0.0001540005323477,0,2.2192509277374484e-05
0,0.0049434518441557,0,0.0028654197230935,0,0.000335117423674,0,0.0001374602434225
