fold_1_labels,fold_1_predictions,fold_2_labels,fold_2_predictions,fold_3_labels,fold_3_predictions,fold_4_labels,fold_4_predictions
1,0.289665013551712,1,0.1049681305885315,1,0.1131298691034317,1,0.3576340973377228
1,0.8320338129997253,1,0.529646635055542,1,0.7537692189216614,1,0.7816248536109924
1,0.5659617185592651,1,0.8341910243034363,1,0.691637396812439,1,0.6795305609703064
1,0.1413896977901458,1,0.0012000083224847,1,0.0194754917174577,1,0.2647871077060699
1,0.2283437550067901,1,0.3305670917034149,1,0.476755142211914,1,0.2505169212818146
1,0.2638943493366241,1,0.0061235963366925,1,0.0682603642344474,1,0.7037827372550964
1,0.2606104612350464,1,0.1887911558151245,1,0.5324646234512329,1,0.3285727798938751
1,0.3231805562973022,1,0.0749285519123077,1,0.5615965723991394,1,0.6033754944801331
1,0.6186962723731995,1,0.3863940834999084,1,0.4106502830982208,1,0.4741901755332947
1,0.6841217875480652,1,0.3830928802490234,1,0.4175799489021301,1,0.5930752158164978
1,0.5547566413879395,1,0.0043118800967931,1,0.1852596700191497,1,0.2268451899290084
1,0.6112365126609802,1,0.8638682961463928,1,0.5053301453590393,1,0.783289909362793
1,0.2728626430034637,1,0.0258798003196716,1,0.3439895212650299,1,0.2604955732822418
1,0.1709496974945068,1,0.0055079809390008,1,0.059926401823759,1,0.0407221317291259
1,0.548420250415802,1,0.2262351363897323,1,0.3635626435279846,1,0.3978872001171112
1,0.5805583596229553,1,0.3636671304702759,1,0.4608206748962402,1,0.4472703337669372
1,0.910188853740692,1,0.9768787026405334,1,0.954412043094635,1,0.8982706069946289
1,0.0644308999180793,1,0.0613311529159545,1,0.0459317713975906,1,0.2710778415203094
1,0.5280075669288635,1,0.917264461517334,1,0.7541103959083557,1,0.5927485227584839
1,0.0529040582478046,1,0.5986079573631287,1,0.5309653282165527,1,0.1291621923446655
1,0.1956948637962341,1,0.0591205358505249,1,0.3366706967353821,1,0.7621930837631226
0,0.0146350022405385,0,0.0535255670547485,0,0.0163570381700992,0,0.0208099987357854
0,0.0071807289496064,0,9.130607941187918e-05,0,0.0005632126703858,0,0.0032675517722964
0,0.02903987839818,0,0.0417744107544422,0,0.3401668667793274,0,0.2026480287313461
0,0.008417772129178,0,9.983534982893616e-05,0,0.0006059561274014,0,0.0044488734565675
0,0.0620708987116813,0,0.0290440190583467,0,0.2986817061901092,0,0.1730509400367736
0,0.0077430298551917,0,5.283550854073837e-05,0,0.0006803367868997,0,0.0052791549824178
0,0.0345585048198699,0,0.0163483750075101,0,0.3490279018878937,0,0.1311633139848709
0,0.1920822411775589,0,0.0018974167760461,0,0.24278324842453,0,0.0326339043676853
0,0.3614962100982666,0,0.0034750571940094,0,0.481877326965332,0,0.0686756819486618
0,0.0313331112265586,0,0.0049320915713906,0,0.0097926286980509,0,0.0449976176023483
0,0.0467835702002048,0,0.0001000907286652,0,0.0003728231531567,0,0.0022493319120258
0,0.0200629644095897,0,0.0005287801614031,0,0.0009062159224413,0,0.0021028704941272
0,0.0158152729272842,0,0.0006882078014314,0,0.0038789748214185,0,0.0123161878436803
0,0.0109760826453566,0,0.001155603560619,0,0.0012809413019567,0,0.0013354599941521
0,0.105066567659378,0,0.0388515219092369,0,0.0641742050647735,0,0.0334735997021198
0,0.1461877971887588,0,0.3393271863460541,0,0.0351169668138027,0,0.1329088658094406
0,0.0029819724150002,0,0.0002496037341188,0,0.0021012111101299,0,0.0004372668918222
0,0.0053234794177114,0,0.0008842633687891,0,0.0008682932239025,0,0.0048024067655205
0,0.1071992516517639,0,0.0227206833660602,0,0.0499261803925037,0,0.0376526340842247
0,0.0166004169732332,0,0.0125756617635488,0,0.0237705428153276,0,0.0138519117608666
0,0.062268491834402,0,0.0120589472353458,0,0.0590683668851852,0,0.0266609080135822
0,0.2106924504041671,0,0.0057326215319335,0,0.0458143539726734,0,0.0458341278135776
0,0.0552116148173809,0,0.0526665747165679,0,0.0756451860070228,0,0.0856426954269409
0,0.0563262030482292,0,0.0479984395205974,0,0.0612965524196624,0,0.0948640629649162
0,0.1670634746551513,0,0.1231450587511062,0,0.0430309697985649,0,0.5572397708892822
0,0.3461460769176483,0,0.2453702390193939,0,0.4140299558639526,0,0.4765163958072662
0,0.0620251446962356,0,0.0003857264237012,0,0.0342220813035965,0,0.0363307520747184
0,0.1801231056451797,0,0.0015342949191108,0,0.0306613650172948,0,0.4111948311328888
0,0.1659211367368698,0,0.1931205987930297,0,0.0626536011695861,0,0.5430918335914612
0,0.3128611147403717,0,0.2427566051483154,0,0.5751301646232605,0,0.4480232298374176
0,0.0927019566297531,0,0.0004058888298459,0,0.0852119699120521,0,0.0510564744472503
0,0.0902095288038253,0,0.0007671801722608,0,0.0032847668044269,0,0.1042849719524383
0,0.1222271099686622,0,0.1664385944604873,0,0.0677462369203567,0,0.5671917200088501
0,0.4637906849384308,0,0.3913645446300506,0,0.5693678259849548,0,0.5022119283676147
0,0.1047694161534309,0,0.0004278506094124,0,0.0486119352281093,0,0.036646082997322
0,0.1070761755108833,0,0.0041093225590884,0,0.0207579620182514,0,0.2381027638912201
0,0.0988533943891525,0,0.0003886040358338,0,0.0490389354526996,0,0.1210131421685218
0,0.0294176004827022,0,0.000502759241499,0,0.0218876115977764,0,0.0162259042263031
0,0.5339248180389404,0,0.4041264951229095,0,0.3510329723358154,0,0.8422552347183228
0,0.3120582699775696,0,0.1912355720996856,0,0.3342167437076568,0,0.382548451423645
0,0.0675250887870788,0,5.659095040755346e-05,0,0.0089670745655894,0,0.048123437911272
0,0.0251760929822921,0,0.0001566490682307,0,0.0039089689962565,0,0.0245483200997114
0,0.0086766211315989,0,0.0009244251996278,0,0.0111045781522989,0,0.0036091031506657
0,0.0416060425341129,0,0.0001283106539631,0,0.0042924918234348,0,0.0401138365268707
0,0.0879257917404174,0,0.0012676559854298,0,0.0957652479410171,0,0.0841777175664901
0,0.0163305439054965,0,0.0101789692416787,0,0.0521821714937686,0,0.026826437562704
0,0.0143726598471403,0,0.0002717115276027,0,0.0131766740232706,0,0.0210825782269239
0,0.0356442630290985,0,0.0011262021725997,0,0.0023172493092715,0,0.0096119213849306
0,0.2779616117477417,0,0.4182904362678528,0,0.660301685333252,0,0.1523514240980148
0,0.0747430846095085,0,0.2105250507593155,0,0.0359457768499851,0,0.1064050048589706
0,0.0589346475899219,0,0.000851982331369,0,0.0048641203902661,0,0.0098757557570934
0,0.7171327471733093,0,0.9000792503356934,0,0.737949550151825,0,0.7741222977638245
0,0.0017556528327986,0,0.0004277217085473,0,0.000978565425612,0,0.0023886850103735
0,0.0024140716996043,0,5.576976764132269e-05,0,0.0016052274731919,0,0.0003154516452923
0,0.0089790364727377,0,0.0001576847571413,0,0.0442927032709121,0,0.012162135913968
0,0.0017348924884572,0,0.0004356774734333,0,0.0009430988575331,0,0.0015623606741428
0,0.0028622061945497,0,9.883592429105192e-05,0,0.0014156105462461,0,0.0001984404225368
0,0.0104726431891322,0,0.0008398386999033,0,0.0491405054926872,0,0.0146151762455701
0,0.0019816048443317,0,0.0003296076902188,0,0.0019151315791532,0,0.0021828969474881
0,0.0028720090631395,0,0.0001055493703461,0,0.0011988852638751,0,0.0002110145869664
0,0.0212177615612745,0,0.0040380409918725,0,0.0509368404746055,0,0.0262038968503475
0,0.0569313764572143,0,0.0028014038689434,0,0.1581042557954788,0,0.1453745812177658
0,0.0027920615393668,0,9.998951281886548e-05,0,0.001970559824258,0,0.0016491800779476
0,0.0024083892349153,0,0.0037729805335402,0,0.0097659770399332,0,0.0192708782851696
0,0.022326098755002,0,0.0017218810971826,0,0.0018961051246151,0,0.0810882449150085
0,0.0034285888541489,0,0.0003602255019359,0,0.0001995429629459,0,0.006026157643646
0,0.0045348010025918,0,0.000271278200671,0,0.000455291417893,0,0.0055354139767587
0,0.0045461826957762,0,0.0002570858341641,0,0.0004045775276608,0,0.0044586858712136
0,0.0410529226064682,0,0.0018601446645334,0,0.0515170507133007,0,0.1449171006679535
0,0.0670684874057769,0,0.0012142920168116,0,0.0500920079648494,0,0.1550763845443725
0,0.4236460924148559,0,0.0122370030730962,0,0.588205099105835,0,0.5947206020355225
0,0.3368738293647766,0,0.0047335755079984,0,0.2921348214149475,0,0.3757324814796448
0,0.4703625738620758,0,0.4549541175365448,0,0.898631751537323,0,0.4936197698116302
0,0.049839798361063,0,0.0005422250251285,0,0.0009044967591762,0,0.0006731022731401
0,0.2534974217414856,0,0.0006256558117456,0,0.0043304841965436,0,0.0412513390183448
0,0.0222837701439857,0,0.0032281961757689,0,0.0413827896118164,0,0.1007228568196296
0,0.4366313219070434,0,0.012488517910242,0,0.0411726906895637,0,0.3996036648750305
0,0.016108738258481,0,0.0004814436833839,0,0.0010923574445769,0,0.0637221932411193
0,0.0479385443031787,0,0.0012482343008741,0,0.004480558913201,0,0.0189261678606271
0,0.0367387495934963,0,0.0001810930116334,0,0.0217266902327537,0,0.0191282760351896
0,0.3969088494777679,0,0.0152983935549855,0,0.031605701893568,0,0.0426973104476928
0,0.0265276674181222,0,9.03531617950648e-05,0,0.0032842440996319,0,0.0111004738137125
0,0.3242179453372955,0,0.0093548074364662,0,0.0307817682623863,0,0.0618886090815067
0,0.0307679660618305,0,0.000417000206653,0,0.0002383798273513,0,0.0011444198898971
0,0.0194675270467996,0,5.1959301345050335e-05,0,0.0061152763664722,0,0.0112541718408465
0,0.0159211698919534,0,0.0008582032169215,0,0.0046651428565382,0,0.0092422682791948
0,0.3636311888694763,0,0.0097811417654156,0,0.05256899446249,0,0.0585581064224243
0,0.0083280680701136,0,0.0004748716892208,0,0.0018786480650305,0,0.003942469600588
0,0.2994476854801178,0,0.0644696354866027,0,0.0312237367033958,0,0.1304669231176376
0,0.0687307715415954,0,0.0003684527764562,0,0.1915390640497207,0,0.0716498643159866
0,0.6763487458229065,0,0.0263594221323728,0,0.8295511603355408,0,0.6591482758522034
0,0.2124334573745727,0,0.0273195691406726,0,0.5090702176094055,0,0.3489539623260498
0,0.2785893082618713,0,0.0279329698532819,0,0.5427052974700928,0,0.3934030830860138
0,0.2571853101253509,0,0.0238204710185527,0,0.4201169610023498,0,0.4374460875988006
0,0.0078623360022902,0,0.0003452085948083,0,0.0001634487998671,0,0.0024710639845579
0,0.4973582327365875,0,0.7516512870788574,0,0.48642098903656,0,0.7566829919815063
0,0.5746910572052002,0,0.1845266669988632,0,0.368364542722702,0,0.7528390288352966
0,0.4841477870941162,0,0.2000986188650131,0,0.4171105921268463,0,0.7077891230583191
0,0.2055527716875076,0,0.0078533915802836,0,0.1646506339311599,0,0.0449566356837749
0,0.2489490509033203,0,0.01559120696038,0,0.0583562403917312,0,0.0179966855794191
0,0.0168508924543857,0,0.0017417644849047,0,0.0057254396378993,0,0.0109555572271347
0,0.0042233192361891,0,0.0013070598943158,0,0.0034168502315878,0,0.0044448459520936
0,0.004285242408514,0,0.000285451504169,0,0.0035571167245507,0,0.0059260446578264
0,0.0778901055455207,0,0.0091373510658741,0,0.0549755543470382,0,0.0741409435868263
0,0.0188915226608514,0,0.0001156351645477,0,0.0181062165647745,0,0.0506107248365879
0,0.0472511015832424,0,0.0004131975001655,0,0.0470426343381404,0,0.0393551550805568
0,0.0665025040507316,0,0.0043344851583242,0,0.0666606500744819,0,0.525285005569458
0,0.0297030434012413,0,0.0002352012961637,0,0.0557008683681488,0,0.1961954534053802
0,0.0159870032221078,0,0.0006961619365029,0,0.0032087257131934,0,0.0008462450350634
0,0.0044520362280309,0,9.640530333854258e-05,0,0.0006299861124716,0,0.0021553102415055
0,0.0051990635693073,0,6.73393442411907e-05,0,0.0009049889631569,0,0.0021929135546088
0,0.0027782868128269,0,0.0003082648618146,0,0.0013629988534376,0,0.0007113591418601
0,0.0049990955740213,0,8.198684372473508e-05,0,0.0004235072701703,0,0.0021637997124344
0,0.0029510762542486,0,0.0006209662533365,0,0.0017686969367787,0,0.0006602325593121
0,0.1489541679620742,0,0.0044882353395223,0,0.0064121494069695,0,0.0237806867808103
0,0.0521689504384994,0,0.0015415245434269,0,0.0060177291743457,0,0.0255688559263944
0,0.1197629868984222,0,0.0056923320516943,0,0.0019827301148325,0,0.0079469624906778
0,0.0557013191282749,0,6.54114228382241e-06,0,0.0017194581450894,0,0.0011155604152008
0,0.0810368433594703,0,0.0007091437582857,0,0.0017833044985309,0,0.008754089474678
0,0.2790665924549103,0,0.002016358077526,0,0.0666122511029243,0,0.0220877584069967
0,0.0179065503180027,0,5.264389528747415e-06,0,0.0009717131033539,0,0.0006624750676564
0,0.0194742139428854,0,4.705539322458208e-05,0,0.0006907830829732,0,0.019976595416665
0,0.0178943518549203,0,0.0252596829086542,0,0.1006916835904121,0,0.0164655409753322
0,0.0150967575609683,0,0.0039585684426128,0,0.0081318048760294,0,0.007863731123507
0,0.0814914479851722,0,0.0006324017303995,0,0.002359862672165,0,0.010279637761414
0,0.0307417102158069,0,0.0105249136686325,0,0.007936536334455,0,0.1602798700332641
0,0.0036440526600927,0,0.0047066095285117,0,0.0022919604089111,0,0.0005866211140528
0,0.0071224099956452,0,0.0004815000866074,0,0.0075006671249866,0,0.0039145001210272
0,0.0162278525531291,0,0.0107838856056332,0,0.0093101356178522,0,0.0117024192586541
0,0.0809632390737533,0,0.0020788763649761,0,0.0021420482080429,0,0.014750619418919
0,0.0196573380380868,0,0.0069490652531385,0,0.0047104419209063,0,0.1020824760198593
0,0.2027387171983719,0,0.0916117429733276,0,0.0564150400459766,0,0.6079172492027283
0,0.5277989506721497,0,0.0322476364672184,0,0.6177573800086975,0,0.5399481058120728
0,0.518272340297699,0,0.0073742954991757,0,0.1663486361503601,0,0.7342796921730042
0,0.0484840758144855,0,0.0155373299494385,0,0.0363424085080623,0,0.0808346718549728
0,0.1190502047538757,0,0.0002737274044193,0,0.0049872291274368,0,0.1370510011911392
0,0.4052298963069916,0,0.0002594826219137,0,0.2160878479480743,0,0.414007157087326
0,0.1863602101802826,0,0.7534878849983215,0,0.2355749756097793,0,0.1625085771083831
0,0.0062391124665737,0,0.0002909639151766,0,0.0012261606752872,0,0.0139876902103424
0,0.0228220950812101,0,0.0015948435757309,0,0.0241184439510107,0,0.010362702421844
0,0.1749011725187301,0,0.0032543980050832,0,0.0060539948754012,0,0.0214045066386461
0,0.0137610295787453,0,0.00062684295699,0,0.0044576744548976,0,0.0075357598252594
0,0.1149003505706787,0,0.0026492187753319,0,0.0090226577594876,0,0.00629414152354
0,0.1852825582027435,0,0.0005147001938894,0,0.0295223928987979,0,0.0456102341413497
0,0.0846611335873603,0,0.0161496829241514,0,0.0251691993325948,0,0.1829913109540939
0,0.0736927911639213,0,0.0303649343550205,0,0.4127510190010071,0,0.2214362621307373
0,0.3060394823551178,0,0.0369051955640316,0,0.2372715920209884,0,0.5832545161247253
0,0.0057337065227329,0,0.000110091677925,0,0.0009738109074532,0,0.0009158963803201
0,0.0083617148920893,0,0.0001491880248067,0,0.0019539922941476,0,0.013897156342864
0,0.0044907219707965,0,0.00023021416564,0,0.0015099577140063,0,0.0011442465474829
0,0.0048939418047666,0,0.0002308482944499,0,0.0008282625931315,0,0.0012829180341213
0,0.6505157947540283,0,0.938323438167572,0,0.8168765306472778,0,0.76653653383255
0,0.6401636004447937,0,0.8041529059410095,0,0.6572673320770264,0,0.7793851494789124
0,0.6793591976165771,0,0.8379261493682861,0,0.6654018759727478,0,0.7721103429794312
0,0.0737439021468162,0,0.0135540878400206,0,0.0192531980574131,0,0.0954314097762107
0,0.0912128090858459,0,0.010405751876533,0,0.0275555457919836,0,0.1431422978639602
0,0.0822354853153228,0,0.0067556737922132,0,0.0133805694058537,0,0.0891162604093551
0,0.0681853517889976,0,0.0055662896484136,0,0.3258151412010193,0,0.136079266667366
0,0.0756463780999183,0,0.0001270473876502,0,0.0020729731768369,0,0.0041642920114099
0,0.0130224023014307,0,0.0004688681219704,0,0.0195741653442382,0,0.0086046801880002
0,0.0018224377417936,0,3.48408029822167e-05,0,0.000594696146436,0,0.0004632268974091
0,0.1001676619052887,0,0.0014986213063821,0,0.0023810521233826,0,0.0057587227784097
0,0.0038907160051167,0,0.0002033352502621,0,0.0013108061393722,0,0.0024688399862498
0,0.0013900540070608,0,3.3860316762002185e-05,0,0.0018769465386867,0,0.001072303741239
0,0.1060813516378402,0,0.0001397070591337,0,0.0009076677379198,0,0.0049079013988375
0,0.0141416927799582,0,0.0003102589107584,0,0.0014088832540437,0,0.0047437227331101
0,0.001815999043174,0,4.371222894405946e-05,0,0.0015580605249851,0,0.0004246940370649
0,0.3658628761768341,0,0.001843067118898,0,0.4788463115692138,0,0.200736403465271
0,0.506891667842865,0,0.4557450711727142,0,0.3237704038619995,0,0.6179218292236328
0,0.3521541357040405,0,0.0080098863691091,0,0.4538068175315857,0,0.2648716866970062
0,0.4807874858379364,0,0.4412771165370941,0,0.2694252133369446,0,0.5940960645675659
0,0.0188550595194101,0,0.0011576038086786,0,0.0009477518033236,0,0.0058792456984519
0,0.3650473952293396,0,0.0273123085498809,0,0.2639040946960449,0,0.498294472694397
0,0.1939143985509872,0,0.3075701594352722,0,0.6338560581207275,0,0.2677103579044342
0,0.0720182955265045,0,0.0006403423612937,0,0.0031477413140237,0,0.0822060480713844
0,0.5094702243804932,0,0.0411524213850498,0,0.4266735315322876,0,0.5636131167411804
0,0.4530872702598572,0,0.3282003402709961,0,0.4601470232009887,0,0.600430428981781
0,0.023348132148385,0,0.0121453385800123,0,0.0765055119991302,0,0.0026076238136738
0,0.0753288120031356,0,0.0022070086561143,0,0.0220016688108444,0,0.0411751978099346
0,0.2227118164300918,0,0.0171998757869005,0,0.6367714405059814,0,0.3873735964298248
0,0.0851114988327026,0,0.0492066256701946,0,0.0096476199105381,0,0.0830947086215019
0,0.2604174017906189,0,0.297781765460968,0,0.0448660664260387,0,0.2495397478342056
0,0.2383716106414795,0,0.1573394984006881,0,0.0134490150958299,0,0.1455323547124862
0,0.0458161681890487,0,0.0002111276844516,0,0.0005336831673048,0,0.0005573576199822
0,0.3837701976299286,0,0.0906052514910698,0,0.2045892626047134,0,0.1832446306943893
0,0.197598785161972,0,0.0001229814370162,0,0.023675363510847,0,0.0652125179767608
0,0.0092693660408258,0,8.94478871487081e-05,0,0.0003183450608048,0,0.00470816437155
0,0.2017922699451446,0,0.0148615259677171,0,0.2786675989627838,0,0.2091732323169708
0,0.1301168501377105,0,0.0101040704175829,0,0.031341578811407,0,0.0274472739547491
0,0.0193745251744985,0,0.0047711268998682,0,0.0619356632232666,0,0.1384500563144683
0,0.0135807823389768,0,0.0353676825761795,0,0.0873477980494499,0,0.0255209673196077
0,0.0812905207276344,0,0.0086466874927282,0,0.0114028956741094,0,0.0220313351601362
0,0.1333410888910293,0,0.0106661282479763,0,0.0202076192945241,0,0.0341926924884319
0,0.0100825121626257,0,5.504316868609749e-05,0,0.0005287313251756,0,0.0007042918587103
0,0.095678873360157,0,0.0082533108070492,0,0.0134313618764281,0,0.0331459119915962
0,0.012573979794979,0,0.0001116906787501,0,0.0003054580884054,0,0.0010020325426012
0,0.0441401861608028,0,0.0003979060857091,0,0.0005429465090855,0,0.007277603726834
0,0.6501431465148926,0,0.4676406979560852,0,0.5373713374137878,0,0.7672860622406006
0,0.6391982436180115,0,0.3688111007213592,0,0.6689559817314148,0,0.7365452647209167
0,0.6770820617675781,0,0.4918533563613891,0,0.6845201253890991,0,0.7536288499832153
0,0.1224005073308944,0,0.0008210415253415,0,0.0008131062495522,0,0.0060762926004827
0,0.1482315510511398,0,0.001199422054924,0,0.0015421712305396,0,0.0054571470245718
0,0.2287919223308563,0,0.0021382600534707,0,0.0017500384710729,0,0.0120379533618688
0,0.0213842503726482,0,0.0012351006735116,0,0.0198204237967729,0,0.1810757368803024
0,0.3029311895370483,0,0.0005365627002902,0,0.0012126063229516,0,0.0037499375175684
0,0.1620210856199264,0,0.000863661756739,0,0.0035691994708031,0,0.0016697428654879
0,0.700079083442688,0,0.72993403673172,0,0.7949747443199158,0,0.8279868364334106
0,0.5830350518226624,0,0.0018523866310715,0,0.3648239076137543,0,0.712616503238678
0,0.2483321130275726,0,0.000396620016545,0,0.0064023439772427,0,0.0031190728768706
0,0.0540058091282844,0,1.5073616850713734e-05,0,0.004875031299889,0,0.0026367416139692
0,0.4001641869544983,0,0.0272315666079521,0,0.0016260078409686,0,0.0908483192324638
0,0.1044854000210762,0,7.845464278943837e-05,0,0.0035625512246042,0,0.0056016948074102
0,0.0506624393165111,0,0.0002194460248574,0,0.0032894569449126,0,0.001295369467698
0,0.0183250233530998,0,0.0005432464531622,0,0.0003617643378674,0,0.0167283900082111
0,0.079345628619194,0,0.0001373843697365,0,0.0022864530328661,0,0.0041145826689898
0,0.0162292383611202,0,0.0003934043343178,0,0.0002761584182735,0,0.0102953733876347
0,0.1388161033391952,0,0.0002256431762361,0,0.0102573651820421,0,0.0069282827898859
0,0.0714343786239624,0,0.0004492315056268,0,0.0091231018304824,0,0.0014642564347013
0,0.0127405934035778,0,0.0004712844383902,0,0.0003807811881415,0,0.0108590396121144
0,0.5008519291877747,0,0.9678002595901488,0,0.7841938734054565,0,0.7415173649787903
0,0.0343493074178695,0,0.0004789474187418,0,0.021643167361617,0,0.0040979576297104
0,0.0010606737341731,0,0.0001080316360457,0,0.0005072452477179,0,0.0042401147074997
0,0.0090125631541013,0,0.0005622128956019,0,0.0009446473559364,0,0.0324253477156162
0,0.0093846740201115,0,0.0005219757440499,0,0.0008203118341043,0,0.0197682846337556
0,0.0090075396001338,0,0.0005236591678112,0,0.0014145303284749,0,0.0276646390557289
1,0.6381886601448059,1,0.2819318771362304,1,0.5620443820953369,1,0.7748784422874451
1,0.5658054351806641,1,0.3449238240718841,1,0.2353287637233734,1,0.8032188415527344
1,0.1892277747392654,1,0.0155881326645612,1,0.1197386905550956,1,0.6174167394638062
1,0.2375942766666412,1,0.1089845597743988,1,0.0406105928122997,1,0.5556345582008362
1,0.2103593200445175,1,0.07075035572052,1,0.0543107762932777,1,0.6184033751487732
1,0.4065355062484741,1,0.1048812940716743,1,0.264065682888031,1,0.9291802644729614
1,0.6694794297218323,1,0.9580298662185668,1,0.964499294757843,1,0.9632169008255004
1,0.1596991270780563,1,0.0001334819826297,1,0.0107375225052237,1,0.0014739780453965
1,0.2479715645313263,1,0.0001940308429766,1,0.0829857215285301,1,0.0032050216104835
1,0.6301915049552917,1,0.0023448362480849,1,0.616125226020813,1,0.1582569777965545
1,0.1571987718343734,1,0.3278556168079376,1,0.497710108757019,1,0.2415297925472259
1,0.1138013154268264,1,0.1585928350687027,1,0.6928629279136658,1,0.4065450429916382
1,0.0999866276979446,1,0.0112634021788835,1,0.01564197614789,1,0.0654367581009864
1,0.059917539358139,1,0.0185401774942874,1,0.4628865718841553,1,0.4276835024356842
1,0.2585912644863128,1,0.4727343022823334,1,0.5228428840637207,1,0.6886134743690491
1,0.0118149239569902,1,0.002093442948535,1,0.0083458079025149,1,0.0110347978770732
1,0.1194131299853324,1,0.011725703254342,1,0.0428028218448162,1,0.0645607411861419
1,0.0804464221000671,1,0.0018792590126395,1,0.0180504955351352,1,0.0255702100694179
1,0.4193537831306457,1,0.1480967700481414,1,0.7768454551696777,1,0.4894057214260101
1,0.3800196647644043,1,0.5917794108390808,1,0.5551596879959106,1,0.5438138246536255
1,0.7093263268470764,1,0.5950667262077332,1,0.670328676700592,1,0.7534425854682922
1,0.4813211858272552,1,0.8014494776725769,1,0.7435890436172485,1,0.6623316407203674
1,0.6812993884086609,1,0.4939413070678711,1,0.5955780744552612,1,0.7445559501647949
1,0.032459057867527,1,0.0094843199476599,1,0.2857512831687927,1,0.0381004400551319
1,0.0183565728366374,1,0.0465316697955131,1,0.2650909423828125,1,0.0244740825146436
1,0.0323555245995521,1,0.5116899013519287,1,0.4398797154426574,1,0.2638340890407562
0,0.0437019988894462,0,0.0780262127518653,0,0.0833369717001915,0,0.0458572693169117
0,0.0512422956526279,0,0.0118663255125284,0,0.1440309137105941,0,0.043140385299921
0,0.1277313530445099,0,0.0023919381201267,0,0.113615795969963,0,0.244841530919075
0,0.0115615222603082,0,0.0007722964510321,0,0.0005511527415364,0,0.0055390638299286
0,0.0112570328637957,0,0.0001730338990455,0,0.0004656338714994,0,0.00405392376706
0,0.4052923917770386,0,0.7930606007575989,0,0.7660074234008789,0,0.7322229146957397
0,0.1590370237827301,0,0.0077834189869463,0,0.0508019551634788,0,0.0486597828567028
0,0.0203276611864566,0,0.00033005894511,0,0.0021057601552456,0,0.0093974452465772
0,0.182753175497055,0,0.5330197811126709,0,0.7710272073745728,0,0.5975289940834045
0,0.0414300858974456,0,0.0004712731752078,0,0.0053543699905276,0,0.1040611565113067
0,0.0966278240084648,0,0.0036726973485201,0,0.037472803145647,0,0.040007684379816
0,0.1059324294328689,0,0.0099701369181275,0,0.2323309481143951,0,0.0570193901658058
0,0.2806614339351654,0,0.0215289983898401,0,0.3421372175216675,0,0.1820907145738601
0,0.8529484272003174,0,0.5296235084533691,0,0.6402453780174255,0,0.8367025852203369
0,0.0076704714447259,0,6.087501242291182e-05,0,0.0075378469191491,0,0.0007891603163443
0,0.0069488147273659,0,0.0009937718277797,0,0.0336387306451797,0,0.0103132100775837
0,0.0218835491687059,0,0.0075211664661765,0,0.0106124682351946,0,0.0840914472937583
0,0.0287950411438941,0,3.021889460796956e-05,0,0.0009237767080776,0,0.0025939238257706
0,0.2379138469696045,0,0.0018239902565255,0,0.0093423407524824,0,0.0152168767526745
0,0.5991836190223694,0,0.0089438064023852,0,0.0075581893324851,0,0.4258963465690613
0,0.0565835051238536,0,0.0038727377541363,0,0.012014452368021,0,0.0204803217202425
0,0.2389407008886337,0,0.0957754030823707,0,0.0664005130529403,0,0.1826953589916229
0,0.0992804169654846,0,0.0512385740876197,0,0.0633180513978004,0,0.1328756660223007
0,0.2398619949817657,0,0.0005589152569882,0,0.0037253098562359,0,0.0113413790240883
0,0.1103579178452491,0,0.0003316357033327,0,0.0032028928399086,0,0.0053806798532605
0,0.0229968093335628,0,0.0008190387161448,0,0.0144444992765784,0,0.0205195397138595
0,0.1774443984031677,0,0.0005415873602032,0,0.0033447977621108,0,0.0101993596181273
0,0.109738565981388,0,0.0002992808877024,0,0.0018900261493399,0,0.0051466301083564
0,0.1148148477077484,0,0.0001661309652263,0,0.0015207510441541,0,0.0039205714128911
0,0.0045610861852765,0,0.0006909110816195,0,0.0020967128220945,0,0.002471437677741
0,0.2856484651565552,0,0.0854211151599884,0,0.4965760707855224,0,0.6382971405982971
0,0.5039016008377075,0,0.2669913172721863,0,0.673748791217804,0,0.7206425070762634
0,0.5887318253517151,0,0.2117693871259689,0,0.6629337072372437,0,0.5175279974937439
0,0.3625567853450775,0,0.3764003217220306,0,0.6027424931526184,0,0.0553831867873668
0,0.4982644021511078,0,0.0010289223864674,0,0.6049689054489136,0,0.475505918264389
0,0.7474740147590637,0,0.132924810051918,0,0.8520591855049133,0,0.3784193396568298
0,0.1424128860235214,0,0.005895409733057,0,0.0401994921267032,0,0.0112071521580219
0,0.015079672448337,0,0.0189606621861457,0,0.0071794954128563,0,0.0124243823811411
0,0.2911284863948822,0,0.0028373079840093,0,0.1079996228218078,0,0.1250471621751785
0,0.0163859389722347,0,0.0127918263897299,0,0.0052319252863526,0,0.0138789424672722
0,0.0093630217015743,0,0.0134643614292144,0,0.0017126307357102,0,0.0804487839341163
0,0.0130297895520925,0,0.0112192742526531,0,0.0038861280772835,0,0.0092329820618033
0,0.3784460425376892,0,0.0044472818262875,0,0.2235249727964401,0,0.1645413339138031
0,0.0210949312895536,0,0.0005409272853285,0,0.0082783326506614,0,0.0116361631080508
0,0.0140842711552977,0,0.0010436787270009,0,0.0109225073829293,0,0.0118432398885488
0,0.0080171609297394,0,0.0552281141281127,0,0.0498489178717136,0,0.0298951976001262
0,0.0672536417841911,0,0.0267129596322774,0,0.0177101399749517,0,0.1579269617795944
0,0.0539362244307994,0,0.0027893451042473,0,0.0086994096636772,0,0.0029956616926938
0,0.0629477277398109,0,0.0027453496586531,0,0.0349295735359191,0,0.0077097620815038
0,0.0615124851465225,0,0.0111335348337888,0,0.018760671839118,0,0.0032680006697773
0,0.0274634510278701,0,0.0053940704092383,0,0.0870417654514312,0,0.0062923822551965
0,0.0361060239374637,0,0.0157911255955696,0,0.0660338178277015,0,0.0090627642348408
0,0.0850037187337875,0,0.02731822617352,0,0.0324627570807933,0,0.0017916433280333
0,0.0178479198366403,0,0.0010910856071859,0,0.0007589332526549,0,0.1389276683330536
0,0.0466808415949344,0,0.0011106476886197,0,0.0292159598320722,0,0.0079452823847532
0,0.0604308880865573,0,0.0033035555388778,0,0.0573712736368179,0,0.0100603951141238
0,0.001625832170248,0,4.025239377369871e-06,0,0.0002359175268793,0,0.0001765728229656
0,0.5184844136238098,0,0.0831883624196052,0,0.3855736553668976,0,0.2451587319374084
0,0.0092311548069119,0,0.0003640217182692,0,0.0250730738043785,0,0.0311963688582181
0,0.1541357189416885,0,0.0030837170779705,0,0.0393517836928367,0,0.0240930709987878
0,0.372695118188858,0,0.0019402529578655,0,0.2239826470613479,0,0.0281802099198102
0,0.0488753318786621,0,0.0106625519692897,0,0.017828831449151,0,0.0856464281678199
0,0.0162781402468681,0,0.0111442236229777,0,0.008473677560687,0,0.0115633085370063
0,0.0011631669476628,0,7.587097115901997e-06,0,0.0099844755604863,0,0.0004483852826524
0,0.0862182304263114,0,0.0027973919641226,0,0.0108972797170281,0,0.0724237635731697
0,0.0008387363632209,0,4.309859377826797e-06,0,0.0073838061653077,0,0.0003576788294594
0,0.083868496119976,0,0.0052384166046977,0,0.0207615867257118,0,0.1183476746082305
0,0.0013683782890439,0,1.0459474651725031e-05,0,0.0054149525240063,0,0.0010652305791154
0,0.0227697156369686,0,0.0002880736719816,0,0.0026888493448495,0,0.0083440756425261
0,0.192562535405159,0,0.0021407604217529,0,0.0073797572404146,0,0.0217063426971435
0,0.0059911739081144,0,3.412473961361684e-05,0,0.0025106836110353,0,0.0109526691958308
0,0.0087219523265957,0,0.000213660285226,0,0.0044549223966896,0,0.002183828735724
0,0.0041332044638693,0,0.0001538229553261,0,0.0013629799941554,0,0.0013233602512627
0,0.007553937844932,0,9.973125997930764e-05,0,0.0095481825992465,0,0.0026362261269241
0,0.0474944598972797,0,0.0139624699950218,0,0.003051942680031,0,0.1309725642204284
0,0.0072662029415369,0,6.357545498758554e-05,0,0.0031025097705423,0,0.0079758893698453
0,0.6077153086662292,0,0.642979621887207,0,0.8390476703643799,0,0.6522015929222107
0,0.292555034160614,0,0.0541609153151512,0,0.0696570724248886,0,0.0377411879599094
0,0.0109664285555481,0,4.604634887073189e-05,0,0.0009633032022975,0,0.001336726010777
0,0.0923219472169876,0,0.0316360518336296,0,0.0342764407396316,0,0.0446229688823223
0,0.3337686657905578,0,0.0509617440402507,0,0.1738183498382568,0,0.0576578713953495
0,0.1559254974126815,0,0.046927735209465,0,0.035729382187128,0,0.0501306615769863
0,0.0193962287157773,0,0.0074150492437183,0,0.0323216989636421,0,0.035728458315134
0,0.0471512153744697,0,0.0004262641014065,0,0.0028348069172352,0,0.0192871633917093
0,0.0565446652472019,0,0.0010608207667246,0,0.0025148366112262,0,0.0141093470156192
0,0.5220274329185486,0,0.0396069139242172,0,0.7188457250595093,0,0.4330076277256012
0,0.3656177520751953,0,0.0080643706023693,0,0.4811528921127319,0,0.3378092050552368
0,0.4928280711174011,0,0.2579193711280823,0,0.1607657819986343,0,0.550744891166687
0,0.4856863617897033,0,0.0883831158280372,0,0.1884061098098755,0,0.5670474767684937
0,0.4752847254276275,0,0.037242591381073,0,0.6573178768157959,0,0.345740795135498
0,0.1323178708553314,0,0.0089448587968945,0,0.0034379486460238,0,0.0338587388396263
0,0.1325322389602661,0,0.0393014773726463,0,0.0029063823167234,0,0.0522412061691284
0,0.1444389224052429,0,0.0018407588358968,0,0.0047466838732361,0,0.2076686322689056
0,0.3223894238471985,0,0.502656102180481,0,0.2285092175006866,0,0.1490505039691925
0,0.0515858605504035,0,0.0006199905183166,0,0.0082785431295633,0,0.0449699647724628
0,0.4998402595520019,0,0.8809362649917603,0,0.957358181476593,0,0.8568702340126038
0,0.209622174501419,0,0.0321833752095699,0,0.0875922664999961,0,0.4133384525775909
0,0.6974466443061829,0,0.6586092114448547,0,0.6024302840232849,0,0.800851583480835
0,0.0613106042146682,0,0.0005071575287729,0,0.0049764956347644,0,0.0884461253881454
0,0.0102591039612889,0,0.0001566272403579,0,0.001757082529366,0,0.0042404411360621
0,0.02309101074934,0,9.527245128992944e-05,0,0.0032152598723769,0,0.0113535923883318
0,0.0426593422889709,0,0.0005422885878942,0,0.0023179496638476,0,0.0142995994538068
0,0.0133058317005634,0,0.0075086303986608,0,0.005730502307415,0,0.0576016008853912
0,0.0317622683942317,0,0.0002354189200559,0,0.0016387758078053,0,0.0157368443906307
0,0.0322521105408668,0,0.0020684828050434,0,0.0471837297081947,0,0.0286120530217885
0,0.0088239070028066,0,0.0093859285116195,0,0.0045980783179402,0,0.0545315071940422
0,0.0320974290370941,0,0.0024549597874283,0,0.1439339965581894,0,0.082227811217308
0,0.0154195204377174,0,0.0013160649687051,0,0.0069715520367026,0,0.0378148593008518
0,0.0024256180040538,0,0.001411069300957,0,0.0025301109999418,0,0.000935859978199
0,0.0058436384424567,0,0.0059816115535795,0,0.0697217285633087,0,0.0965466797351837
0,0.002876425627619,0,0.0030545364134013,0,0.0040193810127675,0,0.0011206031776964
0,0.3232306540012359,0,0.2625085413455963,0,0.5397261381149292,0,0.8815955519676208
0,0.0120924767106771,0,0.0012336657382547,0,0.0076632373966276,0,0.0187816657125949
0,0.0299804247915744,0,0.0027622380293905,0,0.0116452323272824,0,0.0105914203450083
0,0.0465830415487289,0,0.0007969011785462,0,0.0040186210535466,0,0.0098259719088673
0,0.0168485064059495,0,0.0017224975163117,0,0.0174675751477479,0,0.0298887453973293
0,0.2303960621356964,0,0.2164561152458191,0,0.4744546115398407,0,0.8845664262771606
0,0.0047265966422855,0,0.011143771931529,0,0.0097033800557255,0,0.0078266784548759
0,0.0113943358883261,0,0.000697310664691,0,0.0112869879230856,0,0.0175927318632602
0,0.0445392094552516,0,0.0014300517505034,0,0.0037329241167753,0,0.0096329376101493
0,0.2458906322717666,0,0.2967656552791595,0,0.3891233801841736,0,0.8573906421661377
0,0.0707910656929016,0,0.0013147314311936,0,0.0297293476760387,0,0.0444076806306839
0,0.0153712639585137,0,0.00112463417463,0,0.0041497023776173,0,0.0159240383654832
0,0.1097419261932373,0,0.001364539260976,0,0.0294820349663496,0,0.053678561002016
0,0.2949429750442505,0,0.0227202884852886,0,0.6322932243347168,0,0.6029310822486877
0,0.3121393322944641,0,0.055094514042139,0,0.3489934504032135,0,0.7386309504508972
0,0.0417553968727588,0,0.0005176551640033,0,0.031329907476902,0,0.2766923904418945
0,0.0248924531042575,0,8.558700938010588e-05,0,0.0149141233414411,0,0.0377145744860172
0,0.2455996721982956,0,0.0057637486606836,0,0.0112141128629446,0,0.6282923817634583
0,0.0054021370597183,0,0.0008500522817485,0,0.0043831644579768,0,0.0323111079633235
0,0.1455130130052566,0,0.0151656437665224,0,0.1680291146039962,0,0.0749971345067024
0,0.3535141050815582,0,0.0762775391340255,0,0.7523285746574402,0,0.3602178990840912
0,0.4944880604743957,0,0.1744634360074997,0,0.7145023941993713,0,0.6890499591827393
0,0.7176512479782104,0,0.9701489210128784,0,0.983643352985382,0,0.9039480686187744
0,0.7998486757278442,0,0.946683943271637,0,0.8995413184165955,0,0.9117286205291748
0,0.2869930267333984,0,0.446804404258728,0,0.1338766366243362,0,0.3497737348079681
0,0.0039297440089285,0,1.4288542843132744e-05,0,0.0002258937602164,0,0.0003267963475082
0,0.0044924234971404,0,4.997406722395681e-05,0,0.0072060273960232,0,0.0002851047320291
0,0.7053654193878174,0,0.5151044726371765,0,0.8896448612213135,0,0.627787172794342
0,0.5746660828590393,0,0.190122589468956,0,0.7488501071929932,0,0.4532778859138489
0,0.0012402135180309,0,2.2566675397683863e-05,0,0.0029213447123765,0,0.0002998480922542
0,0.1853085458278656,0,0.0010579806985333,0,0.0036941198632121,0,0.0051076826639473
0,0.0789839699864387,0,0.0318401753902435,0,0.3482877314090729,0,0.1030015870928764
0,0.0448166690766811,0,0.0072780926711857,0,0.0205462370067834,0,0.0096897259354591
0,0.0046095941215753,0,0.0008478871313855,0,0.0783563107252121,0,0.0245396681129932
0,0.1166948452591896,0,0.0539972819387912,0,0.0541169494390487,0,0.0704837888479232
0,0.3942768275737762,0,0.051306165754795,0,0.3472536206245422,0,0.3002826273441314
0,0.0635506734251976,0,0.0138592617586255,0,0.0350758507847785,0,0.0163027700036764
0,0.220971867442131,0,0.122330792248249,0,0.5416169762611389,0,0.4425031244754791
0,0.1506784558296203,0,0.5048486590385437,0,0.4238252937793731,0,0.3006614744663238
0,0.4259242415428161,0,0.3820680379867553,0,0.8744428157806396,0,0.5232732892036438
0,0.1356674581766128,0,0.5857788324356079,0,0.3900879919528961,0,0.1866887360811233
0,0.1313076913356781,0,0.0542533732950687,0,0.4071334898471832,0,0.2054267078638076
0,0.2171042114496231,0,0.0722169578075409,0,0.4204005599021911,0,0.3931924998760223
0,0.1234817206859588,0,0.0589177794754505,0,0.3242627680301666,0,0.1727882325649261
0,0.1572337001562118,0,0.5805647373199463,0,0.4071842432022095,0,0.2292550653219223
0,0.2876217365264892,0,0.2485108822584152,0,0.4598909020423889,0,0.4928939938545227
0,0.0904535949230194,0,0.0041176634840667,0,0.0049163573421537,0,0.1593815982341766
0,0.0993232280015945,0,0.0002325601963093,0,0.0079389559105038,0,0.1426330357789993
0,0.1550593227148056,0,0.0220243278890848,0,0.3051843643188476,0,0.1544364988803863
0,0.08311478048563,0,6.952090916456655e-05,0,0.0013562156818807,0,0.0009745176648721
0,0.2979576885700226,0,0.4587251543998718,0,0.0553610771894454,0,0.5080545544624329
0,0.017182383686304,0,0.0049590677954256,0,0.0204455275088548,0,0.0305127203464508
0,0.020428467541933,0,0.0665823593735694,0,0.0253046881407499,0,0.0401371419429779
0,0.0131414905190467,0,0.0748519897460937,0,0.0450606495141983,0,0.0304881390184164
0,0.5351846814155579,0,0.9310615062713624,0,0.1628767699003219,0,0.404370367527008
0,0.4537307322025299,0,0.72564697265625,0,0.0506772808730602,0,0.2367351055145263
0,0.3152571320533752,0,0.7300084829330444,0,0.2158964425325393,0,0.2287893742322921
0,0.0657972618937492,0,2.328442315047141e-05,0,0.0142110846936702,0,0.1223195791244506
0,0.0348931923508644,0,6.257185305003077e-05,0,0.0086703281849622,0,0.0857331752777099
0,0.2029729634523391,0,0.0028201551176607,0,0.1986336410045623,0,0.200597882270813
0,0.019452791661024,0,4.960145452059805e-05,0,0.002231330377981,0,0.0053595174103975
0,0.0289216004312038,0,0.000331698305672,0,0.0024661265779286,0,0.0109295053407549
0,0.0122718196362257,0,0.0025958537589758,0,0.0029212613590061,0,0.0057080285623669
0,0.1009538546204567,0,0.0007359945448115,0,0.0073784152045845,0,0.0122750839218497
0,0.012678169645369,0,0.0035514691844582,0,0.001149758696556,0,0.0047892518341541
0,0.2950657606124878,0,0.420123279094696,0,0.1570815593004226,0,0.2036514729261398
0,0.0891121551394462,0,0.2390421628952026,0,0.1619628518819809,0,0.5212108492851257
0,0.0623477399349212,0,0.0213698204606771,0,0.0703818500041961,0,0.4122239947319031
0,0.0977976620197296,0,0.1112064644694328,0,0.1093771755695343,0,0.4636604487895965
0,0.0277654733508825,0,0.0105280829593539,0,0.0083774738013744,0,0.0453802831470966
0,0.0121037494391202,0,0.0012308693258091,0,0.002934428397566,0,0.0078556472435593
0,0.0069658337160944,0,9.951504034688696e-05,0,0.0003765445435419,0,0.0093992343172431
0,0.0464487485587596,0,0.0006214277818799,0,0.0004448961990419,0,0.006223167758435
0,0.0575047358870506,0,0.0024629121180623,0,0.0107181658968329,0,0.0361322127282619
0,0.0754054188728332,0,0.0003121694026049,0,0.0015454193344339,0,0.047206874936819
0,0.0587771236896514,0,0.00323705538176,0,0.0152797922492027,0,0.039270993322134
0,0.0314713567495346,0,0.0002266300434712,0,0.000897507823538,0,0.0209077522158622
0,0.0134044019505381,0,0.0007460420602001,0,0.0021577801089733,0,0.0022826576605439
0,0.0963752418756485,0,0.0006712122703902,0,0.0008783189696259,0,0.0005943312426097
0,0.0153565993532538,0,3.6012586406286573e-06,0,0.0011048543965443,0,0.0003414476523175
0,0.0878578573465347,0,0.000458231603261,0,0.0004815381835214,0,0.0006460684235207
0,0.0081822350621223,0,4.304737558413763e-06,0,0.0009240685612894,0,0.0005081049166619
0,0.0653286501765251,0,0.0002112863585352,0,0.0001784466439858,0,0.0006511065294034
0,0.0100205363705754,0,0.0013137939386069,0,0.0023000587243586,0,0.0718881413340568
0,0.177321121096611,0,0.0007074939785525,0,0.0073599428869783,0,0.0056482255458831
0,0.007667533122003,0,0.0018208738183602,0,0.0022415281273424,0,0.0894886702299118
0,0.005282889585942,0,0.0012436985271051,0,0.002796237822622,0,0.0040904819034039
0,0.0529710054397583,0,0.0004068321140948,0,0.0029189707711338,0,0.0021962111350148
0,0.0145773161202669,0,0.0036968376953154,0,0.0064823920838534,0,0.119418978691101
0,0.1109202802181243,0,0.001161485677585,0,0.0095085259526968,0,0.0050625600852072
0,0.0143254240974783,0,0.0001000829870463,0,0.0395576879382133,0,0.0850908234715461
0,0.0097952978685498,0,3.262504833401181e-05,0,0.0199643466621637,0,0.0214102491736412
0,0.018482906743884,0,0.000362949562259,0,0.0455437414348125,0,0.0515893958508968
0,0.0531306006014347,0,0.0071078371256589,0,0.0191155858337879,0,0.0774300172924995
0,0.0090365204960107,0,0.0015641103964298,0,0.0055193621665239,0,0.0075588542968034
0,0.0081163542345166,0,0.0002859451051335,0,0.0036449132021516,0,0.0104383314028382
0,0.6670597791671753,0,0.6260166168212891,0,0.7449823021888733,0,0.5979999303817749
0,0.6272236108779907,0,0.4571598470211029,0,0.8158708810806274,0,0.6604236364364624
0,0.672758162021637,0,0.6215819716453552,0,0.8109307289123535,0,0.6904930472373962
0,0.0221861712634563,0,0.0004520171496551,0,0.007950372993946,0,0.045458648353815
0,0.1048137471079826,0,0.0198385473340749,0,0.3631474673748016,0,0.6124118566513062
0,0.1110691279172897,0,0.0052030161023139,0,0.0071699880063533,0,0.2630871832370758
0,0.0263542141765356,0,0.000506475160364,0,0.0094811301678419,0,0.0650408342480659
0,0.0205786824226379,0,0.0094494111835956,0,0.1578137278556823,0,0.73744797706604
0,0.054849162697792,0,0.0011884192936122,0,0.0859699472784996,0,0.2150189727544784
0,0.0189151614904403,0,0.0001937594497576,0,0.0628925338387489,0,0.0759293735027313
0,0.0346961505711078,0,0.1647450923919677,0,0.5801731944084167,0,0.7711661458015442
0,0.1278392672538757,0,0.0106693338602781,0,0.0119395228102803,0,0.6981908679008484
0,0.6903955936431885,0,0.4831352531909942,0,0.3114010393619537,0,0.8121238946914673
0,0.5231925249099731,0,0.0007848962559364,0,0.2861084342002868,0,0.4396737217903137
0,0.0365399941802024,0,0.0002218328882008,0,0.0009775906801223,0,0.070154033601284
0,0.4842830002307892,0,0.0007277091499418,0,0.386950820684433,0,0.535254955291748
0,0.1393470019102096,0,0.0004290875804144,0,0.0005488149472512,0,0.0983606278896331
0,0.5159466862678528,0,0.0006806136807426,0,0.3406749963760376,0,0.4590491056442261
0,0.0511424392461776,0,0.0002042286650976,0,0.0008810338913463,0,0.0621802620589733
0,0.0645698830485344,0,0.0014331957791,0,0.000380556914024,0,0.0025264683645218
0,0.0038928678259253,0,8.65260444697924e-05,0,0.0018391432240605,0,0.0016954843886196
0,0.0057382150553166,0,3.0540650186594576e-05,0,0.0002087654138449,0,0.004966230597347
0,0.00923777744174,0,2.6893612812273204e-05,0,0.0006246480043046,0,0.0011226326460018
0,0.3222920596599579,0,0.7872457504272461,0,0.8720292448997498,0,0.552664577960968
0,0.7317201495170593,0,0.7166170477867126,0,0.7898823022842407,0,0.6807273030281067
0,0.446308821439743,0,0.0026855410542339,0,0.4451683461666107,0,0.364100694656372
0,0.1221387535333633,0,0.0465731956064701,0,0.0829001292586326,0,0.4668549299240112
0,0.7430325746536255,0,0.5661397576332092,0,0.8024834990501404,0,0.6272149085998535
0,0.4405093491077423,0,0.0053341905586421,0,0.6848320960998535,0,0.5512522459030151
0,0.1933836191892624,0,0.1182167008519172,0,0.1239954531192779,0,0.5917894244194031
0,0.0158810038119554,0,0.0001278763083973,0,0.0007356180576607,0,0.0018597692251205
0,0.7691842913627625,0,0.8107243776321411,0,0.742490291595459,0,0.6589921712875366
0,0.5167372226715088,0,0.0067730606533586,0,0.5381560921669006,0,0.5683146119117737
0,0.1877540946006775,0,0.1234009340405464,0,0.176267459988594,0,0.5849355459213257
0,0.001862212899141,0,2.1384796582424315e-06,0,0.00052217108896,0,0.0005459011881612
0,0.3609647154808044,0,0.000129125022795,0,0.2155326902866363,0,0.2140525430440902
0,0.134219229221344,0,0.0169414021074771,0,0.0390360839664936,0,0.2244652658700943
1,0.5479636788368225,1,0.1254381686449051,1,0.70439213514328,1,0.7297223806381226
1,0.7620572447776794,1,0.5079450011253357,1,0.8715246915817261,1,0.7291995882987976
1,0.6235396862030029,1,0.2859722971916199,1,0.6653792858123779,1,0.6623722910881042
1,0.5897692441940308,1,0.3603214621543884,1,0.7043341994285583,1,0.7908835411071777
1,0.8028153777122498,1,0.9388824701309204,1,0.9509709477424622,1,0.8075814247131348
1,0.6098311543464661,1,0.6586875915527344,1,0.5722842812538147,1,0.7518101930618286
1,0.1763926595449447,1,0.0354310125112533,1,0.1703184992074966,1,0.1834957748651504
1,0.3439748585224151,1,0.1060444191098213,1,0.2325177490711212,1,0.4658449590206146
1,0.0687472820281982,1,0.0337997116148471,1,0.0189657323062419,1,0.5389246344566345
1,0.2879630923271179,1,0.5844978094100952,1,0.5981373190879822,1,0.2412048280239105
1,0.3807128965854645,1,0.0124783013015985,1,0.1764100342988968,1,0.1649995148181915
1,0.7934816479682922,1,0.3272564709186554,1,0.9564194679260254,1,0.8071844577789307
1,0.2337959259748459,1,0.0334956012666225,1,0.0991405695676803,1,0.0052719353698194
1,0.5908554196357727,1,0.347330093383789,1,0.5715346932411194,1,0.6700467467308044
1,0.7533195614814758,1,0.3752091526985168,1,0.285822719335556,1,0.7058665752410889
1,0.8315157890319824,1,0.2160523384809494,1,0.6224191188812256,1,0.7642995715141296
1,0.4634375870227813,1,0.3891909718513489,1,0.6130291223526001,1,0.5359435081481934
1,0.3756432235240936,1,0.5079596638679504,1,0.6566834449768066,1,0.7289548516273499
1,0.4294096529483795,1,0.9581487774848938,1,0.9520155787467957,1,0.8488174080848694
1,0.3451654613018036,1,0.2199111133813858,1,0.64274662733078,1,0.6104037761688232
1,0.3314650654792785,1,0.0328531228005886,1,0.413778692483902,1,0.6388957500457764
1,0.4571756422519684,1,0.2176506519317627,1,0.7371370792388916,1,0.7339434623718262
1,0.052410215139389,1,0.0048969588242471,1,0.0620426125824451,1,0.023630766198039
1,0.4307882487773895,1,0.5570107698440552,1,0.7117843627929688,1,0.6667456030845642
1,0.5564877986907959,1,0.6101113557815552,1,0.74306321144104,1,0.7664521336555481
1,0.3780344426631927,1,0.3219778537750244,1,0.1969523131847381,1,0.4383642673492431
1,0.8646870851516724,1,0.9773598313331604,1,0.9942163228988647,1,0.930017590522766
0,0.2042377889156341,0,0.0092654041945934,0,0.0570032484829425,0,0.6161102652549744
0,0.0419182740151882,0,0.0442200638353824,0,0.012552979402244,0,0.0575685799121856
0,0.0045583201572299,0,3.267969805165194e-05,0,0.0006955962162464,0,0.0031668280716985
0,0.0090850107371807,0,5.870882159797475e-05,0,0.002016368554905,0,0.0031292128842324
0,0.046022031456232,0,0.0065000159665942,0,0.0306111071258783,0,0.0041302712634205
0,0.663824200630188,0,0.3727116584777832,0,0.8260526657104492,0,0.6972061395645142
0,0.0216056946665048,0,0.004563654307276,0,0.0290338806807994,0,0.0030196316074579
0,0.6420825123786926,0,0.909110963344574,0,0.93198823928833,0,0.7350730299949646
0,0.0975624918937683,0,0.0024897439870983,0,0.0051655299030244,0,0.007708934135735
0,0.0179300531744956,0,0.0018637052271515,0,0.0156041141599416,0,0.0026447426062077
0,0.045445766299963,0,0.0039959959685802,0,0.0609437637031078,0,0.0107322009280323
0,0.1667057424783706,0,0.2352150529623031,0,0.2039124369621276,0,0.1616720557212829
0,0.3463868796825409,0,0.8916710019111633,0,0.9313295483589172,0,0.8657537698745728
0,0.1075229421257972,0,0.0029548555612564,0,0.1525487303733825,0,0.1923774927854538
0,0.1708952933549881,0,0.8144496083259583,0,0.5606120228767395,0,0.4122997224330902
0,0.19956074655056,0,0.000890614814125,0,0.0167925506830215,0,0.0427994914352893
0,0.1570241451263427,0,0.0007982410606928,0,0.0259442962706089,0,0.0224835257977247
0,0.1736490875482559,0,0.0008624089532531,0,0.0096780285239219,0,0.0200308393687009
0,0.1835411190986633,0,0.0047427457757294,0,0.0021888867486268,0,0.02614476531744
0,0.3017822206020355,0,0.0130515079945325,0,0.030243594199419,0,0.1005016937851905
0,0.0411116480827331,0,0.0054867551662027,0,0.0961885303258895,0,0.5914391875267029
0,0.0282147824764251,0,0.0068578058853745,0,0.0478968322277069,0,0.4355694651603699
0,0.6978320479393005,0,0.993979811668396,0,0.8264492750167847,0,0.8217374086380005
0,0.0057277288287878,0,0.0034829624928534,0,0.0033130350057035,0,0.0009399375994689
0,0.4078712463378906,0,0.0302262902259826,0,0.1019742861390113,0,0.5817078948020935
0,0.2739719748497009,0,0.0574044436216354,0,0.0831620395183563,0,0.732261061668396
0,0.0466247051954269,0,0.0185403972864151,0,0.2613298892974853,0,0.0773930475115776
0,0.3313250839710235,0,0.3270650207996368,0,0.2018564641475677,0,0.0888742730021476
0,0.2309779673814773,0,0.1529696583747863,0,0.3499689698219299,0,0.410204142332077
0,0.0368420220911502,0,0.0002429597952868,0,0.0035716001875698,0,0.0053613097406923
0,0.0256005991250276,0,0.0002282534260302,0,0.0088704451918601,0,0.0891095474362373
0,0.0294206105172634,0,0.0005161549197509,0,0.0098750526085495,0,0.0474445298314094
0,0.0143151134252548,0,0.0012793324422091,0,0.0011817732593044,0,0.0247657820582389
0,0.0931482091546058,0,0.013739482499659,0,0.0152313895523548,0,0.0186235550791025
0,0.0186035707592964,0,0.0025105760432779,0,0.005293718073517,0,0.0019412551773712
0,0.0652514174580574,0,0.0108342068269848,0,0.0668666735291481,0,0.015386045910418
0,0.0106416568160057,0,0.000167138307006,0,0.0002413303445791,0,0.0002475668734405
0,0.0124265411868691,0,0.0011851601302623,0,0.0037769109476357,0,0.0006661123479716
0,0.0115920770913362,0,0.0126451514661312,0,0.0069931508041918,0,0.0215961672365665
0,0.019281143322587,0,0.0035560270771384,0,0.0009492509998381,0,0.0285308733582496
0,0.0200706906616687,0,0.0035682907328009,0,0.0041098454967141,0,0.0334377363324165
0,0.1428574472665786,0,0.0013798828003928,0,0.0017210418591275,0,0.0298107676208019
0,0.0139284925535321,0,0.0195195022970438,0,0.0105728330090641,0,0.024592874571681
0,0.0028488852549344,0,0.0002091780479531,0,4.698916382039897e-05,0,0.0055878767743706
0,0.0268789269030094,0,0.0048171966336667,0,0.0020090509206056,0,0.0301747415214777
0,0.0279368013143539,0,0.0060283481143414,0,0.0032055550254881,0,0.0319669283926487
0,0.0112982746213674,0,0.0017740204930305,0,0.003332222579047,0,0.013736180961132
0,0.5021158456802368,0,0.630153477191925,0,0.5638182163238525,0,0.8009599447250366
0,0.0515346191823482,0,0.0040228180587291,0,0.00438281474635,0,0.0035172996576875
0,0.5865026712417603,0,0.1710079908370971,0,0.7044207453727722,0,0.4346745312213897
0,0.6294344663619995,0,0.1494302004575729,0,0.5689073801040649,0,0.6147396564483643
0,0.0192708484828472,0,0.0002765307144727,0,0.0011421769158914,0,0.0046129510737955
0,0.4492863714694977,0,0.0935664251446724,0,0.3638530671596527,0,0.259993314743042
0,0.4681143760681152,0,0.0825851336121559,0,0.3311619162559509,0,0.3119739592075348
0,0.1334638595581054,0,0.0004981477977707,0,0.0049149580299854,0,0.0491457618772983
0,0.1217854171991348,0,0.0004284867027308,0,0.0027593958657234,0,0.0373063907027244
0,0.1328913569450378,0,0.0004271040379535,0,0.0034999311901628,0,0.0407935976982116
0,0.0110403252765536,0,0.0001513204479124,0,0.0023105444852262,0,0.0115420026704669
0,0.0098631009459495,0,0.0001018463735817,0,0.0016693582292646,0,0.0088882548734545
0,0.0097023034468293,0,0.0006149954278953,0,0.0403288453817367,0,0.0172390937805175
0,0.007555675227195,0,0.0009606910753063,0,0.017543813213706,0,0.0020479827653616
0,0.0021048516500741,0,0.0033085597679018,0,0.0220731925219297,0,0.0126190651208162
0,0.1173842325806617,0,0.0882647112011909,0,0.0896341502666473,0,0.0534494221210479
0,0.0087863067165017,0,0.0020440064836293,0,0.020002044737339,0,0.0047182235866785
0,0.0023315760772675,0,0.0072050117887556,0,0.0243895966559648,0,0.0193766821175813
0,0.0043657589703798,0,0.000285700923996,0,0.0061726383864879,0,0.0018746430287137
0,0.0095234708860516,0,7.923795055830851e-05,0,0.0010672585340216,0,0.0014749944675713
0,0.0036417576484382,0,6.360656698234379e-05,0,0.0006695127813145,0,0.0055994964204728
0,0.0175848621875047,0,0.0002235723368357,0,0.0020303174387663,0,0.0016376684652641
0,0.0030754327308386,0,0.000230747507885,0,0.0019611676689237,0,0.0119840893894433
0,0.158418208360672,0,0.1524139940738678,0,0.1837805807590484,0,0.2967962026596069
0,0.0048037082888185,0,0.0008832663297653,0,0.0025408621877431,0,0.0041129379533231
0,0.0113985165953636,0,4.756602356792428e-05,0,0.0023242812603712,0,0.0014898002846166
0,0.1602976769208908,0,0.0031829965300858,0,0.2265062928199768,0,0.4923139214515686
0,0.0823185816407203,0,0.0005711953854188,0,0.0268069375306367,0,0.3800004720687866
0,0.1242506727576255,0,0.0014033060288056,0,0.003584154183045,0,0.0091281682252883
0,0.5950998067855835,0,0.385337769985199,0,0.7263996601104736,0,0.5893911719322205
0,0.2516811192035675,0,0.4110333323478699,0,0.7541070580482483,0,0.4826044738292694
0,0.2985928654670715,0,0.4064526855945587,0,0.2321331351995468,0,0.436298131942749
0,0.2633045017719269,0,0.4563020765781402,0,0.4330199956893921,0,0.4754531979560852
0,0.3631439507007599,0,0.7407354712486267,0,0.7898876070976257,0,0.4856879413127899
0,0.0220366120338439,0,0.2433933913707733,0,0.5232834219932556,0,0.2066766023635864
0,0.002671669004485,0,0.0009651193977333,0,0.0018410637276247,0,0.0410917550325393
0,0.0030812509357929,0,0.000566552451346,0,0.0009092422551475,0,0.0441606007516384
0,0.0025992225855588,0,0.000586278794799,0,0.0005773965385742,0,0.0504764840006828
0,0.1451162993907928,0,0.1505205333232879,0,0.0868558660149574,0,0.0608095042407512
0,0.0956279188394546,0,0.0028990651480853,0,0.0004106065607629,0,0.0014044839190319
0,0.1434139311313629,0,0.01139219943434,0,0.0925063043832779,0,0.37843719124794
0,0.4408908188343048,0,0.0170209743082523,0,0.4958139061927795,0,0.3307613134384155
0,0.1583914905786514,0,0.0012293279869481,0,0.0059439255855977,0,0.0051201814785599
0,0.0176912955939769,0,0.0002818112261593,0,0.0016871008556336,0,0.0042193047702312
0,0.084093302488327,0,0.002542353933677,0,0.0279777124524116,0,0.0064498409628868
0,0.1295519024133682,0,0.0028169869910925,0,0.037206832319498,0,0.0137323774397373
0,0.1853019893169403,0,0.0034518120810389,0,0.0286085084080696,0,0.0030707973055541
0,0.0191990248858928,0,0.0180943962186574,0,0.031313132494688,0,0.0093213003128767
0,0.0330328792333602,0,0.0025245167780667,0,0.0121488301083445,0,0.006144224666059
0,0.3726086318492889,0,0.0405136682093143,0,0.1850541085004806,0,0.1619665473699569
0,0.0449350923299789,0,0.0005233133560977,0,0.0009950516978278,0,0.0106319421902298
0,0.1559725105762481,0,0.005092860199511,0,0.0105145154520869,0,0.0216757580637931
0,0.0687225833535194,0,0.0269511006772518,0,0.4218511879444122,0,0.0582142919301986
0,0.0190026089549064,0,0.0038809005636721,0,0.3731352090835571,0,0.0382040739059448
0,0.0109180426225066,0,0.0009518624865449,0,0.0006351600168272,0,0.0002876172948163
0,0.0297339167445898,0,0.009786888025701,0,0.0132907414808869,0,0.0451718159019947
0,0.0282189864665269,0,0.0173729788511991,0,0.0301438327878713,0,0.1686774343252182
0,0.2838878333568573,0,0.0138455498963594,0,0.0084386095404624,0,0.0051740473136305
0,0.0506579354405403,0,0.0021001806017011,0,0.1793915927410125,0,0.4085730612277984
0,0.2132531404495239,0,0.0132992547005414,0,0.0236586015671491,0,0.0085082370787858
0,0.018955685198307,0,0.0009797730017453,0,0.0321342349052429,0,0.1328206956386566
0,0.1697950959205627,0,0.005972686689347,0,0.007937385700643,0,0.0050528855063021
0,0.5490400791168213,0,0.1103689968585968,0,0.7796304225921631,0,0.5338070392608643
0,0.4016838371753692,0,0.0441204831004142,0,0.6927934885025024,0,0.4154396057128906
0,0.0164002552628517,0,0.0026839093770831,0,0.0036227316595613,0,0.0388847179710865
0,0.014402518980205,0,0.005295405164361,0,0.0012658685445785,0,0.0381202064454555
0,0.0116905802860856,0,0.0052119656465947,0,0.0072781476192176,0,0.04202401638031
0,0.0107243359088897,0,0.0067354696802794,0,0.0033864858560264,0,0.0470937304198741
0,0.0081948284059762,0,0.0118155973032116,0,0.0108720874413847,0,0.0432813204824924
0,0.0270768385380506,0,0.0003579783369787,0,0.0023321073967963,0,0.0730147063732147
0,0.005360834300518,0,0.0001855285372585,0,0.0003441851295065,0,0.0035790253896266
0,0.0181010868400335,0,0.0027905709575861,0,0.0179333947598934,0,0.102350503206253
0,0.0298745147883892,0,0.0012028504861518,0,0.0017349404515698,0,0.0519316382706165
0,0.014257620088756,0,0.0001849971740739,0,0.1010683178901672,0,0.0089700408279895
0,0.2142034024000167,0,0.0037801421713083,0,0.0105364117771387,0,0.1705778390169143
0,0.0114133078604936,0,0.0001146517315646,0,0.0015087617794051,0,0.002255265135318
0,0.0047112330794334,0,0.0001074736064765,0,0.0004065849352627,0,0.0031870098318904
0,0.0177827794104814,0,0.0002193288673879,0,0.0020594235975295,0,0.002079005818814
0,0.0132197747007012,0,0.0008111232309602,0,0.0052729779854416,0,0.0044674426317214
0,0.0115996953099966,0,0.0005336852045729,0,0.0026228576898574,0,0.0019490143749862
0,0.0073981876485049,0,0.0003043767064809,0,0.0006433501257561,0,0.0038706704508513
0,0.0069790096022188,0,0.0003380119742359,0,0.0022953920997679,0,0.0181843154132366
0,0.0078075476922094,0,0.012163677252829,0,0.0220528114587068,0,0.0046858368441462
0,0.0045387200079858,0,0.0027711761649698,0,0.0088200410827994,0,0.0012093448312953
0,0.1461975425481796,0,0.0006767242448404,0,0.1485796123743057,0,0.0461251139640808
0,0.2771751284599304,0,0.016261076554656,0,0.0192978959530591,0,0.0551319196820259
0,0.0385079681873321,0,0.0006853675586171,0,0.0491017363965511,0,0.1335173845291137
0,0.2869437932968139,0,0.0308003295212984,0,0.0222109202295541,0,0.7911773920059204
0,0.0936282575130462,0,0.0014212845126166,0,0.0549915097653865,0,0.0578736625611782
0,0.0948373675346374,0,0.0011560973944142,0,0.0311901457607746,0,0.0459843724966049
0,0.0951752513647079,0,0.0007958394708111,0,0.0215798094868659,0,0.0437331385910511
0,0.050225406885147,0,0.0070903762243688,0,0.3882379531860351,0,0.0784369260072708
0,0.0077616889029741,0,0.0003111214609816,0,0.0085550900548696,0,0.0117455245926976
0,0.2216024398803711,0,0.0547895431518554,0,0.0561382211744785,0,0.0295656956732273
0,0.0759220644831657,0,0.0589821524918079,0,0.6972405314445496,0,0.1137664467096328
0,0.008492206223309,0,0.0004364535561762,0,0.002720037009567,0,0.009499467909336
0,0.3075356781482696,0,0.1435959339141845,0,0.0374233871698379,0,0.0390325486660003
0,0.0652737617492675,0,0.081662967801094,0,0.861081063747406,0,0.1461438685655594
0,0.012833259999752,0,0.0002779294445645,0,0.004931810311973,0,0.0123575692996382
0,0.0552732795476913,0,0.0001803224586183,0,0.2395803183317184,0,0.0514778159558773
0,0.6313177943229675,0,0.9771153926849364,0,0.9167980551719666,0,0.7338218092918396
0,0.5677094459533691,0,0.5037320256233215,0,0.8596122860908508,0,0.7154885530471802
0,0.682140052318573,0,0.550432562828064,0,0.819300651550293,0,0.7398058176040649
0,0.1881279349327087,0,0.0001861462369561,0,0.0023981858976185,0,0.0090781329199671
0,0.1576779633760452,0,0.0001327119825873,0,0.0029639785643666,0,0.0071807117201387
0,0.0636195838451385,0,0.0005919079994782,0,0.0049709645099937,0,0.0518202483654022
0,0.0631488412618637,0,0.0007549392757937,0,0.0033489398192614,0,0.0010640356922522
0,0.1953972280025482,0,0.0013546892441809,0,0.002831928897649,0,0.0018007279140874
0,0.2766835391521454,0,0.0019221352413296,0,0.0021372742485255,0,0.0048635965213179
0,0.1566890478134155,0,0.0034033933188766,0,0.0142123820260167,0,0.0536294020712375
0,0.5579749345779419,0,0.0169227551668882,0,0.3713787496089935,0,0.0486173070967197
0,0.230536475777626,0,0.0868620872497558,0,0.1988009512424469,0,0.320172518491745
0,0.1041885092854499,0,0.0001869961997726,0,0.0282611604779958,0,0.0150514477863907
0,0.034349862486124,0,0.0004140464006923,0,0.0109771955758333,0,0.0051068388856947
0,0.0208048969507217,0,0.0004970000009052,0,0.0027679945342242,0,0.0732733905315399
0,0.2123409211635589,0,0.0030453859362751,0,0.1184694021940231,0,0.3040476441383362
0,0.0611368231475353,0,0.0041689714416861,0,0.1283920258283615,0,0.0953554734587669
0,0.0398882962763309,0,5.516641977010295e-06,0,0.0008420110098086,0,0.0090272594243288
0,0.0314982309937477,0,0.0009986492805182,0,0.0033007964957505,0,0.0045771761797368
0,0.4487389922142029,0,0.0025182887911796,0,0.3692246079444885,0,0.0196280870586633
0,0.0089528216049075,0,0.0004662854771595,0,0.000467683217721,0,0.0301879588514566
0,0.2134087681770324,0,0.0022252006456255,0,0.2467345595359802,0,0.2665929794311523
0,0.1761585175991058,0,0.004048615694046,0,0.3593043982982635,0,0.2074984163045883
0,0.0150163350626826,0,5.680126832885435e-06,0,0.0008028448210097,0,0.0082163186743855
0,0.0155506264418363,0,0.0002395908959442,0,0.0053184698335826,0,0.0021484666503965
0,0.0130942789837718,0,0.0002121204306604,0,0.0006757639348506,0,0.0587156489491462
0,0.202956348657608,0,0.0050686527974903,0,0.1432590931653976,0,0.2888022661209106
0,0.0631295666098594,0,0.0039349249564111,0,0.0131656862795352,0,0.0210974980145692
0,0.278895765542984,0,0.1172107681632042,0,0.1859261095523834,0,0.1616489440202713
0,0.0182587914168834,0,0.0012370804324746,0,0.0024098998401314,0,0.0163147170096635
0,0.017679326236248,0,0.0007406259537674,0,0.0018557558069005,0,0.0207461509853601
0,0.1169231086969375,0,0.0190672315657138,0,0.0032415790483355,0,0.0076340129598975
0,0.4549475014209747,0,0.0024730253499001,0,0.0873946622014045,0,0.2261231243610382
0,0.6257091164588928,0,0.2041838616132736,0,0.760211706161499,0,0.5149543285369873
0,0.6520968675613403,0,0.7203165888786316,0,0.976335108280182,0,0.8226884007453918
0,0.1296363919973373,0,0.0027349358424544,0,0.0608583092689514,0,0.1209404841065406
0,0.0243428591638803,0,0.0407676585018634,0,0.0639011412858963,0,0.0853205844759941
0,0.0084525179117918,0,0.0001624977739993,0,0.002230929210782,0,0.0026670787483453
0,0.1198493689298629,0,0.0238016080111265,0,0.0957134813070297,0,0.5880656242370605
0,0.1489615440368652,0,0.0021357971709221,0,0.0442143641412258,0,0.1336731165647506
0,0.0138920610770583,0,0.0001021458374452,0,0.0021698023192584,0,0.0060961032286286
0,0.0300441868603229,0,0.0269002821296453,0,0.0848467051982879,0,0.1091515123844146
0,0.0910914838314056,0,0.006430969107896,0,0.0295879300683736,0,0.3512694239616394
0,0.0156786479055881,0,0.0059083965606987,0,0.1501459628343582,0,0.0249204952269792
0,0.1987507939338684,0,0.0122493216767907,0,0.3041509389877319,0,0.3627047538757324
0,0.0094805397093296,0,0.0002002497058128,0,0.0105872238054871,0,0.0067653181031346
0,0.1023290157318115,0,0.035407580435276,0,0.2579306960105896,0,0.6827033162117004
0,0.0165769699960947,0,0.0009596572490409,0,0.0048143016174435,0,0.0078592570498585
0,0.016448862850666,0,0.0054435171186923,0,0.0266881491988897,0,0.0065539642237126
0,0.0319070443511009,0,0.0026137300301343,0,0.0114117572084069,0,0.0182689782232046
0,0.3012644350528717,0,0.1172167435288429,0,0.3115824460983276,0,0.3960682451725006
0,0.0166498403996229,0,0.0023247213102877,0,0.0050612487830221,0,0.0140629727393388
0,0.0076687741093337,0,0.0016430730465799,0,0.0008381829829886,0,0.0094547234475612
0,0.5231922268867493,0,0.1379472017288208,0,0.8875871896743774,0,0.1761143654584884
0,0.0204865261912345,0,0.010648064315319,0,0.0530964955687522,0,0.0382853262126445
0,0.0115533238276839,0,0.0017243343172594,0,0.0036286732647567,0,0.0358878299593925
0,0.0610665380954742,0,0.0001478714548284,0,0.0704114511609077,0,0.4849867820739746
0,0.0103936437517404,0,0.0082614999264478,0,0.0270868204534053,0,0.0227674655616283
0,0.0743318945169448,0,0.0001497108751209,0,0.1044104620814323,0,0.3152150809764862
0,0.0161774586886167,0,0.0029495093040168,0,0.0035807006061077,0,0.0423628464341163
0,0.0621137358248233,0,0.0001232084468938,0,0.0445686355233192,0,0.61381995677948
0,0.0152359958738088,0,0.01895746961236,0,0.0693400725722312,0,0.0360683128237724
0,0.0177230630069971,0,0.0060103917494416,0,0.0098153622820973,0,0.1333660334348678
0,0.0028654059860855,0,8.920478285290301e-05,0,0.0010187620064243,0,0.0018744245171546
0,0.2830443978309631,0,0.0088169863447546,0,0.1451065987348556,0,0.3956634402275085
0,0.0594781227409839,0,0.0053697377443313,0,0.0141251683235168,0,0.0076101897284388
0,0.008592652156949,0,0.0001952467864612,0,0.0066355154849588,0,0.0433328859508037
0,0.2975306510925293,0,0.0095585417002439,0,0.146228939294815,0,0.4184588193893432
0,0.0530945248901844,0,0.0048217959702014,0,0.0111254910007119,0,0.0067341332323849
0,0.7117483615875244,0,0.6137048006057739,0,0.2517587840557098,0,0.228449672460556
0,0.1573815643787384,0,0.3680683076381683,0,0.2463950961828231,0,0.1784031093120575
0,0.0652508288621902,0,0.4697136282920837,0,0.0882567837834358,0,0.0841158926486969
0,0.0128262611106038,0,0.001457025646232,0,0.017010424286127,0,0.0155975669622421
0,0.0183458570390939,0,0.0058841691352427,0,0.0107880672439932,0,0.0150773860514163
0,0.0603052005171775,0,0.000506607175339,0,0.0453383177518844,0,0.0141721125692129
0,0.3854294419288635,0,0.1470838785171508,0,0.6127502918243408,0,0.5501931309700012
0,0.0020189187489449,0,0.0010629886528477,0,0.0018922330345958,0,0.0014882760588079
0,0.0020087528973817,0,0.0015297819627448,0,0.0028357193805277,0,0.0029801910277456
0,0.0041293357498943,0,0.0271761454641819,0,0.0180871076881885,0,0.0036262983921915
0,0.0869384929537773,0,0.0006433626986108,0,0.0019787605851888,0,0.0017639331053942
0,0.1511338204145431,0,0.0017019670922309,0,0.0031099438201636,0,0.0026654317043721
0,0.0438795424997806,0,0.0006346617592498,0,0.0019514944870024,0,0.004684914369136
0,0.0669765323400497,0,6.835126259829849e-05,0,0.0039442959241569,0,0.0108005115762352
0,0.0012897029519081,0,0.0004705085593741,0,0.0005846800049766,0,0.0114526813849806
0,0.0796965509653091,0,0.0021921896841377,0,0.0124658923596143,0,0.0480699464678764
0,0.0041827862150967,0,0.0017182088922709,0,0.0005788175622001,0,0.0022570781875401
0,0.0753578320145607,0,0.0028326965402811,0,0.0007178853848017,0,0.0164054948836565
0,0.2525384724140167,0,0.0005985877942293,0,0.2495594024658203,0,0.0652294605970382
0,0.0103661995381116,0,9.241246516467072e-06,0,0.001083773560822,0,0.0024943882599473
0,0.0211026333272457,0,0.0002594568941276,0,0.0011245919158682,0,0.0077513693831861
0,0.2178029716014862,0,0.0003492173273116,0,0.1899235546588897,0,0.0661233961582183
0,0.487462967634201,0,0.214188739657402,0,0.2006344050168991,0,0.2189971357583999
0,0.4042085409164428,0,0.1802743971347808,0,0.0559694319963455,0,0.7211450934410095
0,0.0696083083748817,0,0.0004867179959546,0,0.0031640189699828,0,0.0486693941056728
0,0.0357567891478538,0,0.0002297922183061,0,0.002113421447575,0,0.0060033309273421
0,0.2331266105175018,0,0.0010263543808832,0,0.0384090468287467,0,0.1415360569953918
0,0.099161610007286,0,0.0001070505677489,0,0.009899447672069,0,0.0132876839488744
0,0.1126387491822242,0,0.0403730869293212,0,0.1181245446205139,0,0.0582826398313045
0,0.0430260486900806,0,0.0001203560677822,0,0.0024093370884656,0,0.0058752559125423
0,0.1625557392835617,0,0.0928236097097396,0,0.0149308070540428,0,0.0153790106996893
1,0.4763944149017334,1,0.674891471862793,1,0.5233407616615295,1,0.6773242950439453
1,0.0762507542967796,1,0.0221529230475425,1,0.1239601597189903,1,0.735387921333313
1,0.6302773952484131,1,0.9375651478767396,1,0.4940757751464844,1,0.8339309096336365
1,0.4373939931392669,1,0.9339000582695008,1,0.6687496304512024,1,0.5398977994918823
1,0.6708739995956421,1,0.4187422692775726,1,0.6352473497390747,1,0.6904906034469604
1,0.1269811391830444,1,0.0812615305185318,1,0.1183036863803863,1,0.0183732956647872
1,0.0644656419754028,1,0.075831338763237,1,0.0385483279824256,1,0.0099880490452051
1,0.2822913527488708,1,0.2266315519809723,1,0.2183257490396499,1,0.2315486371517181
1,0.4420846700668335,1,0.0136466324329376,1,0.4766264259815216,1,0.1274143159389495
1,0.4514678716659546,1,0.0230826009064912,1,0.2003268450498581,1,0.2254741787910461
1,0.6101222634315491,1,0.0166710577905178,1,0.5524482131004333,1,0.3532241284847259
1,0.7152532935142517,1,0.5263140201568604,1,0.6867511868476868,1,0.7620434165000916
1,0.7915766835212708,1,0.4597352147102356,1,0.4890714287757873,1,0.8517360687255859
1,0.0576000474393367,1,0.000291331729386,1,0.0417137369513511,1,0.1813972294330597
1,0.7744054794311523,1,0.953283190727234,1,0.5863421559333801,1,0.4722132086753845
1,0.8807483315467834,1,0.9935389161109924,1,0.9553046226501464,1,0.8670095801353455
1,0.4805657565593719,1,0.1590885072946548,1,0.8249185085296631,1,0.7780603766441345
1,0.5291999578475952,1,0.4203217625617981,1,0.6806738376617432,1,0.8369364142417908
1,0.1581073999404907,1,3.512748298817314e-05,1,0.0008171070367097,1,0.0014874225016683
1,0.7355638742446899,1,0.5985366106033325,1,0.859377384185791,1,0.7927595973014832
1,0.0731322020292282,1,0.086502581834793,1,0.4388045072555542,1,0.0901455655694007
0,0.0077048754319548,0,0.004375850316137,0,0.0046658469364047,0,0.0406927652657032
0,0.0223626177757978,0,0.0009503839537501,0,0.0012687491253018,0,0.0161466971039772
0,0.0169347319751977,0,0.0070564039051532,0,0.0651838630437851,0,0.0029814620502293
0,0.0142379375174641,0,0.0039076693356037,0,0.0032076721545308,0,0.0104132462292909
0,0.0063578048720955,0,0.0006130592082627,0,0.0016869971295818,0,0.0078430399298667
0,0.015011504292488,0,0.0007666514138691,0,0.0042307158000767,0,0.02049888856709
0,0.0227878838777542,0,0.0215154234319925,0,0.1780072897672653,0,0.1077430993318557
0,0.0677911788225174,0,0.0206068363040685,0,0.0578266642987728,0,0.1049801781773567
0,0.0205968115478754,0,0.0034161894582211,0,0.1065269634127616,0,0.0873147696256637
0,0.4397125840187073,0,0.3514933586120605,0,0.6464253067970276,0,0.2212014198303222
0,0.0711379125714302,0,0.0011961670825257,0,0.0294907055795192,0,0.0195306409150362
0,0.0857644453644752,0,0.0028079852927476,0,0.1016424298286438,0,0.0514348782598972
0,0.086826354265213,0,0.008186656050384,0,0.0074887606315314,0,0.0167749002575874
0,0.0090328576043248,0,0.0005408602301031,0,0.0004210672050248,0,0.0124245984479784
0,0.7946029901504517,0,0.5185988545417786,0,0.2557802200317383,0,0.7563047409057617
0,0.7971816658973694,0,0.8273294568061829,0,0.9267721772193908,0,0.8076165318489075
0,0.701217770576477,0,0.5596215724945068,0,0.9402161836624146,0,0.7029531598091125
0,0.7307648062705994,0,0.8294358253479004,0,0.93841552734375,0,0.8028369545936584
0,0.653838574886322,0,0.4376076459884643,0,0.8586792945861816,0,0.5504355430603027
0,0.258267879486084,0,0.0896533653140068,0,0.1427690982818603,0,0.2496251761913299
0,0.211026981472969,0,0.0922058597207069,0,0.0821005925536155,0,0.1094550713896751
0,0.1254136264324188,0,0.0006720959208905,0,0.2658475935459137,0,0.2462019920349121
0,0.134857103228569,0,0.0074693490751087,0,0.0017572690267115,0,0.015349781140685
0,0.1635511368513107,0,0.1496060639619827,0,0.1806487143039703,0,0.1496679484844207
0,0.0495690293610096,0,0.0047580171376466,0,0.0289112497121095,0,0.0152104618027806
0,0.1296350359916687,0,0.000499416491948,0,0.2656476199626922,0,0.1166261062026023
0,0.3107680380344391,0,0.0300163868814706,0,0.5112513303756714,0,0.2512248158454895
0,0.1303817927837371,0,0.0088063003495335,0,0.0038765468634665,0,0.014306322671473
0,0.1771633774042129,0,0.0003614852612372,0,0.0021071806550025,0,0.0045815515331923
0,0.0263989977538585,0,0.0015447828918695,0,0.0233875103294849,0,0.0439619496464729
0,0.1726579517126083,0,0.0002233914419775,0,0.0155280055478215,0,0.0357226207852363
0,0.0326907560229301,0,0.0004389007517602,0,0.0216063428670167,0,0.0288697909563779
0,0.3201324045658111,0,0.0003579942276701,0,0.0601399019360542,0,0.0604826174676418
0,0.6301279664039612,0,0.7311177253723145,0,0.8019956350326538,0,0.5266234874725342
0,0.7018797397613525,0,0.3660798370838165,0,0.7937554121017456,0,0.698879599571228
0,0.2005066722631454,0,0.0032708784565329,0,0.046260017901659,0,0.0080997496843338
0,0.1768582463264465,0,0.0059339152649044,0,0.0308322366327047,0,0.003006636397913
0,0.0034974156878888,0,0.0013053941074758,0,0.001729289884679,0,0.0032270762603729
0,0.002175758825615,0,1.2833653272537047e-05,0,0.0003761964908335,0,0.0029963026754558
0,0.0038835669402033,0,0.0018973390106111,0,0.0015717840287834,0,0.000367747968994
0,0.0357492789626121,0,0.0010870316764339,0,0.0048059606924653,0,0.0255129933357238
0,0.00351969525218,0,0.0008119641570374,0,0.0040849903598427,0,0.0026573275681585
0,0.0050360346212983,0,0.0019355069380253,0,0.0016455786535516,0,0.0004443600191734
0,0.0035524922423064,0,8.443347178399563e-05,0,0.0001842052733991,0,0.0016562561504542
0,0.0050676325336098,0,0.0005919100367464,0,0.0010039150947704,0,0.0007410456310026
0,0.0136194722726941,0,0.0001967879506992,0,0.0031898724846541,0,0.0053612943738698
0,0.0034750022459775,0,0.0007908085244707,0,0.0020982169080525,0,0.0027023055590689
0,0.4475623369216919,0,0.3017933368682861,0,0.2822090685367584,0,0.1829451769590377
0,0.0060598910786211,0,0.0002198879374191,0,0.0002756646717898,0,0.003895916044712
0,0.302190899848938,0,0.0494522824883461,0,0.1446609050035476,0,0.0270173773169517
0,0.0139944180846214,0,1.5861687643337063e-05,0,0.0002016153302974,0,0.0032916057389229
0,0.5082420110702515,0,0.2027435004711151,0,0.2182651758193969,0,0.2559902667999267
0,0.792486846446991,0,0.4313306510448456,0,0.7222871780395508,0,0.8152341842651367
0,0.7719178199768066,0,0.6731165051460266,0,0.8169240951538086,0,0.6084313988685608
0,0.0234635211527347,0,0.0247499532997608,0,0.0473466403782367,0,0.2181637734174728
0,0.012051610276103,0,0.0069782300852239,0,0.0190314780920743,0,0.0137539394199848
0,0.0160608626902103,0,0.0665981844067573,0,0.034190583974123,0,0.0742076337337493
0,0.6315833330154419,0,0.3466810286045074,0,0.8607667088508606,0,0.6400974988937378
0,0.004347167443484,0,0.0001562452525831,0,0.0012511743698269,0,0.0013214759528636
0,0.0168795306235551,0,0.001563255675137,0,0.0052837212570011,0,0.0252563022077083
0,0.0389629118144512,0,0.006451659835875,0,0.0038711263332515,0,0.0055420696735382
0,0.0260861292481422,0,0.0026122662238776,0,0.0023281455505639,0,0.034699335694313
0,0.048360489308834,0,0.0004998477525077,0,0.0084212478250265,0,0.0070643099024891
0,0.0440478585660457,0,0.0009541796753183,0,0.0061004413291811,0,0.0065533029846847
0,0.0374206751585006,0,0.0001584735291544,0,0.0003836081596091,0,0.0060868877917528
0,0.1040662825107574,0,0.0002311844000359,0,0.0014814317692071,0,0.0041554286144673
0,0.5661417245864868,0,0.2679040133953094,0,0.854345977306366,0,0.8122197985649109
0,0.043941643089056,0,0.0049644070677459,0,0.1773307919502258,0,0.4370903670787811
0,0.0617044754326343,0,0.009156578220427,0,0.007997571490705,0,0.082919180393219
0,0.0765160396695137,0,0.0020542968995869,0,0.0215450376272201,0,0.0776552334427833
0,0.3263420760631561,0,0.3378368020057678,0,0.8553499579429626,0,0.543809175491333
0,0.3341021835803985,0,0.1806240677833557,0,0.8784835934638977,0,0.5655344128608704
0,0.4988694787025451,0,0.222556009888649,0,0.8882981538772583,0,0.6624153256416321
0,0.3708163201808929,0,0.0361333824694156,0,0.2725046575069427,0,0.4651623666286468
0,0.3172772824764251,0,0.705163836479187,0,0.3446119725704193,0,0.6606685519218445
0,0.2786871194839477,0,0.1122641041874885,0,0.396331250667572,0,0.602337121963501
0,0.459661453962326,0,0.4906874299049377,0,0.5187780857086182,0,0.4755986034870147
0,0.3179296553134918,0,0.0207543410360813,0,0.4890132844448089,0,0.2734781503677368
0,0.1948812305927276,0,0.0759122148156166,0,0.1538437753915786,0,0.5154709815979004
0,0.2389219254255294,0,0.0177262742072343,0,0.1659156680107116,0,0.7072727680206299
0,0.0487842783331871,0,0.0403275080025196,0,0.0200511943548917,0,0.0247094444930553
0,0.076417401432991,0,0.0258202943950891,0,0.0185844097286462,0,0.0253259725868701
0,0.1164365410804748,0,0.0206764265894889,0,0.0155348647385835,0,0.0381001979112625
0,0.0283504631370306,0,0.0466020517051219,0,0.0275444183498621,0,0.0356506146490573
0,0.0599139295518398,0,0.0032433234155178,0,0.0477477759122848,0,0.1240448579192161
0,0.0667252242565155,0,0.0015118164010345,0,0.0048197074793279,0,0.0005059841787442
0,0.0066075320355594,0,0.0011763310758396,0,0.0015921535668894,0,0.008157487027347
0,0.1834311038255691,0,0.4909109771251678,0,0.1650895774364471,0,0.0656894072890281
0,0.0090381857007741,0,0.0487667322158813,0,0.005463529843837,0,0.0160836968570947
0,0.0100213214755058,0,0.0455082431435585,0,0.0092942230403423,0,0.0226414427161216
0,0.1970170140266418,0,0.0059544015675783,0,0.296082854270935,0,0.1802560985088348
0,0.6370805501937866,0,0.1475876569747924,0,0.6897379159927368,0,0.7975188493728638
0,0.1094001233577728,0,0.0005246418295428,0,0.0069137313403189,0,0.1674425452947616
0,0.5184101462364197,0,0.3828146159648895,0,0.6505430340766907,0,0.6790434122085571
0,0.0503761693835258,0,0.0064379535615444,0,0.1021568700671196,0,0.0231656972318887
0,0.089051142334938,0,0.0005136232357472,0,0.0111278463155031,0,0.2014319151639938
0,0.536860466003418,0,0.4227319061756134,0,0.664513349533081,0,0.7093235850334167
0,0.0947955995798111,0,0.0362575277686119,0,0.1594163924455642,0,0.1806625574827194
0,0.1084540113806724,0,0.0003256440686527,0,0.0362206064164638,0,0.1333827674388885
0,0.5553331971168518,0,0.5098997354507446,0,0.6696296334266663,0,0.7021299600601196
0,0.0393653362989425,0,0.0411769859492778,0,0.0235941782593727,0,0.1358530968427658
0,0.0485243275761604,0,0.0007356040296144,0,0.0046586017124354,0,0.0169392488896846
0,0.0381903946399688,0,0.0009226635447703,0,0.0042368546128273,0,0.0218305606395006
0,0.0225088950246572,0,0.0001977704232558,0,0.0010890585836023,0,0.0044166943989694
0,0.0827342048287391,0,0.0010637093801051,0,0.0516929775476455,0,0.0347602218389511
0,0.1317566484212875,0,0.0052453093230724,0,0.2284655570983886,0,0.082811638712883
0,0.2930814325809479,0,0.0059509645216166,0,0.3057087659835815,0,0.0837189108133316
0,0.2428412735462188,0,0.0011754021979868,0,0.0783111378550529,0,0.0223953183740377
0,0.159670203924179,0,0.0045952727086842,0,0.0185901094228029,0,0.0173558592796325
0,0.0008282621856778,0,2.401842357357964e-05,0,0.0050964974798262,0,0.0009071377571672
0,0.0020237581338733,0,0.000194242602447,0,0.0034518006723374,0,0.0015700147487223
0,0.2438911199569702,0,0.0016009033424779,0,0.0740374028682708,0,0.1737789809703827
0,0.0870941206812858,0,0.0005785754765383,0,0.0039711813442409,0,0.0087044034153223
0,0.0030469831544905,0,0.000154185530846,0,0.0012978090671822,0,0.0004135015187785
0,0.0016592992469668,0,0.0002214714913861,0,0.0069847595877945,0,0.0016917595639824
0,0.2463991492986679,0,0.1629054099321365,0,0.0507358573377132,0,0.2606833577156067
0,0.108094722032547,0,0.0008500746334902,0,0.0104274963960051,0,0.0105678308755159
0,0.0035755324643105,0,0.0002042424748651,0,0.0014809049898758,0,0.0003091882099397
0,0.0016330719226971,0,8.061025437200442e-05,0,0.003445237642154,0,0.0016208104789257
0,0.0063098603859543,0,0.0001903496158774,0,0.000209517791518,0,0.0005620808224193
0,0.0585266835987567,0,0.0008852725150063,0,0.0334571674466133,0,0.2066817730665207
0,0.0419100597500801,0,0.032427854835987,0,0.1002137437462806,0,0.3068285882472992
0,0.0415949784219265,0,0.0057035922072827,0,0.0009323552949354,0,0.003461435670033
0,0.0094239069148898,0,0.00014807957632,0,0.0020805834792554,0,0.0381885096430778
0,0.1335736811161041,0,0.0097251459956169,0,0.071631520986557,0,0.4175511598587036
0,0.2332420200109481,0,0.0160633046180009,0,0.4732494652271271,0,0.4705653190612793
0,0.0085461242124438,0,8.269193494925275e-05,0,0.001268197200261,0,0.0076693394221365
0,0.0132782338187098,0,2.4373743144678883e-05,0,0.0680649280548095,0,0.0112855620682239
0,0.0031139587517827,0,3.073087282245979e-05,0,0.0008473856723867,0,0.0002802181988954
0,0.0074506956152617,0,2.1590623873635195e-05,0,0.0048658214509487,0,0.0155771169811487
0,0.004182606935501,0,0.0004065318207722,0,0.0042836903594434,0,0.0226093083620071
0,0.0385390967130661,0,0.0029705327469855,0,0.0052447961643338,0,0.055271215736866
0,0.0076729110442101,0,9.370996849611402e-05,0,0.0002456185466144,0,0.0002941073908004
0,0.0057053151540458,0,8.738908036320936e-06,0,0.0061947219073772,0,0.0091286208480596
0,0.0032682972960174,0,2.9743287086603232e-05,0,0.0135142924264073,0,0.042436022311449
0,0.0974776148796081,0,2.9294131309143268e-05,0,0.0023503799457103,0,0.0003718945372384
0,0.0375906378030777,0,0.003126215422526,0,0.0120238801464438,0,0.0074792960658669
0,0.7033631205558777,0,0.6076037883758545,0,0.5464022755622864,0,0.7747371792793274
0,0.0944092720746994,0,0.0026799810584634,0,0.1120678409934043,0,0.0285989083349704
0,0.0158925373107194,0,0.0292851887643337,0,0.0108050415292382,0,0.1692674458026886
0,0.095873475074768,0,0.001555782626383,0,0.0660616606473922,0,0.0191044211387634
0,0.0895734131336212,0,0.001000240445137,0,0.0140726426616311,0,0.0103431902825832
0,0.0028171113226562,0,0.0001344328338745,0,0.0005484972498379,0,0.0012423297157511
0,0.0992669984698295,0,0.001448523486033,0,0.0102501306682825,0,0.0129864942282438
0,0.0026698298752307,0,8.86576235643588e-05,0,0.0002418161020614,0,0.0013436165172606
0,0.2728631496429443,0,0.0012199862394481,0,0.0068737864494323,0,0.0186710786074399
0,0.0105470800772309,0,0.0092871142551302,0,0.0847132205963134,0,0.184145838022232
0,0.0151775339618325,0,0.0184440333396196,0,0.1401481628417968,0,0.1544904857873916
0,0.251900166273117,0,0.0007157884538173,0,0.0055200085043907,0,0.0359001979231834
0,0.0181594006717205,0,0.0223642699420452,0,0.2012350112199783,0,0.1682314574718475
0,0.0515895225107669,0,0.0006628237315453,0,0.016753003001213,0,0.1959549635648727
0,0.0298821944743394,0,0.001415530918166,0,0.0165745057165622,0,0.1764299571514129
0,0.0263124611228704,0,0.0016734128585085,0,0.062161412090063,0,0.0030325888656079
0,0.0646991804242134,0,0.0021474170498549,0,0.0076531027443706,0,0.431151419878006
0,0.0126863019540905,0,0.075938306748867,0,0.0088750449940562,0,0.0008725832449272
0,0.0325646325945854,0,0.0013905869564041,0,0.0476331263780593,0,0.2134168744087219
0,0.0176391173154115,0,0.0278353057801723,0,0.0122609175741672,0,0.0101567637175321
0,0.0149008389562368,0,8.02754148025997e-05,0,0.0174558423459529,0,0.1835089772939682
0,0.064847320318222,0,0.0001293004752369,0,0.0221893172711133,0,0.0305039510130882
0,0.7236983180046082,0,0.5673768520355225,0,0.8194325566291809,0,0.7310499548912048
0,0.0067945322953164,0,0.0003581529599614,0,0.0058450512588024,0,0.0681942328810691
0,0.094409167766571,0,0.0114356409758329,0,0.0121578406542539,0,0.0112671945244073
0,0.0473833158612251,0,0.0129725048318505,0,0.0296013206243515,0,0.021619165316224
0,0.0312781073153018,0,0.000370702764485,0,0.0254631601274013,0,0.0102777406573295
0,0.0655884444713592,0,0.0349630936980247,0,0.0128489816561341,0,0.0870857536792755
0,0.0108818924054503,0,0.0001390176475979,0,0.00317391497083,0,0.0032538317609578
0,0.5483313798904419,0,0.9311065673828124,0,0.4683849513530731,0,0.6378998756408691
0,0.5939083099365234,0,0.5584587454795837,0,0.2470820099115371,0,0.5622339248657227
0,0.4175769388675689,0,0.7599862813949585,0,0.1554915606975555,0,0.211919754743576
0,0.0184791833162307,0,5.972162398393266e-05,0,0.0008344925008714,0,0.0007797482539899
0,0.4108598232269287,0,0.0938171818852424,0,0.0721439868211746,0,0.2797702550888061
0,0.6673215627670288,0,0.7762435078620911,0,0.7016541361808777,0,0.6887248754501343
0,0.729768693447113,0,0.7230892181396484,0,0.5663026571273804,0,0.5687259435653687
0,0.8890414834022522,0,0.6422953009605408,0,0.9471269845962524,0,0.8475662469863892
0,0.0887620002031326,0,0.0020188274793326,0,0.0212664287537336,0,0.0536766275763511
0,0.0367445312440395,0,0.0007679968839511,0,0.0077228038571774,0,0.0643842369318008
0,0.0716995373368263,0,0.0012101717293262,0,0.0033948356285691,0,0.0159913469105958
0,0.1159394681453704,0,0.0012304109986871,0,0.0054553742520511,0,0.009069918654859
0,0.1723044067621231,0,0.0006749950698576,0,0.0058313766494393,0,0.0138425761833786
0,0.1438675075769424,0,0.0005118864355608,0,0.0051467376761138,0,0.0068927053362131
0,0.2024799585342407,0,0.0001117913707275,0,0.0015590221155434,0,0.018378036096692
0,0.4979482889175415,0,0.0649262964725494,0,0.5084303021430969,0,0.6777608394622803
0,0.2600877583026886,0,0.0039510736241936,0,0.05159343034029,0,0.321104496717453
0,0.3619785904884338,0,0.0140458531677722,0,0.1929744184017181,0,0.5649206638336182
0,0.2614867389202118,0,0.1085770353674888,0,0.1955558657646179,0,0.2601814866065979
0,0.659403920173645,0,0.2801471948623657,0,0.5338595509529114,0,0.8152831196784973
0,0.7010558843612671,0,0.2719571590423584,0,0.7495360374450684,0,0.7848091125488281
0,0.5897225737571716,0,0.0323475934565067,0,0.3819528222084045,0,0.6689367294311523
0,0.1401255577802658,0,0.0060721011832356,0,0.0061150421388447,0,0.0515186674892902
0,0.4713626801967621,0,0.7797534465789795,0,0.7381648421287537,0,0.5464646220207214
0,0.1653590500354766,0,0.0029883291572332,0,0.0229043159633874,0,0.0131510533392429
0,0.5189521312713623,0,0.6973653435707092,0,0.8761762976646423,0,0.5660613179206848
0,0.2345845699310302,0,0.006394965108484,0,0.0611779578030109,0,0.0732911080121994
0,0.0020055768545717,0,2.203319127147552e-05,0,0.0028504610527306,0,0.0005835178308188
0,0.0029385217931121,0,0.0001548751170048,0,0.0004275680403225,0,0.0111818360164761
0,0.002762178890407,0,8.223004260798916e-05,0,0.0003381157293915,0,0.0029019790235906
0,0.0022726505994796,0,7.63346251915209e-05,0,0.0063844844698905,0,0.0009505021735094
0,0.0038506931159645,0,0.0007408687379211,0,0.0009850191418081,0,0.0002804186369758
0,0.0016313880914822,0,4.722036101156846e-05,0,0.0005667203804478,0,0.0021421683486551
0,0.0021303459070622,0,8.693527342984453e-05,0,0.0068543194793164,0,0.0010352140525355
0,0.0020091256592422,0,6.05618224653881e-05,0,0.000931110640522,0,0.0002971102658193
0,0.0487767830491066,0,0.0008581348811276,0,0.206753209233284,0,0.1542754918336868
0,0.1506951451301574,0,0.0016387336654588,0,0.1498405933380127,0,0.2428295165300369
0,0.2320118099451065,0,0.0068967803381383,0,0.2543805241584778,0,0.453694999217987
0,0.0570390373468399,0,0.003871718654409,0,0.1954023987054824,0,0.4101323187351227
0,0.001439414336346,0,1.0029577424575107e-05,0,0.0029938532970845,0,8.206436177715659e-05
0,0.0039071328938007,0,0.0002793160965666,0,0.0009738387889228,0,0.0054693757556378
0,0.0029044128023087,0,0.0004987103166058,0,0.0004055823083035,0,0.0022794790565967
0,0.0069263149052858,0,2.6046549464808777e-05,0,0.0001664920418988,0,0.0061862501315772
0,0.0031249599996954,0,0.0002316358149982,0,0.0002661797625478,0,0.0047058342024683
0,0.0365771166980266,0,0.0003017128910869,0,0.0004045613168273,0,0.0043078754097223
0,0.2341503053903579,0,0.0292862486094236,0,0.0052829622291028,0,0.4065626561641693
0,0.0450576767325401,0,0.0041398261673748,0,0.0018777693621814,0,0.1213816925883293
0,0.012998485006392,0,3.804504740401171e-05,0,0.000195282351342,0,0.0040361257269978
0,0.0302846264094114,0,0.0001046983088599,0,0.0003208789858035,0,0.0034040180034935
0,0.1597591936588287,0,0.0103845652192831,0,0.0088921999558806,0,0.3890947103500366
0,0.0554140917956829,0,0.006460438016802,0,0.0102534452453255,0,0.0085103288292884
0,0.247581273317337,0,0.0009249705472029,0,0.0019982107914984,0,0.3722177743911743
0,0.0369230881333351,0,0.0078783091157674,0,0.0097223678603768,0,0.0028282620478421
0,0.0652365908026695,0,2.9711791285080835e-05,0,0.0025977124460041,0,0.0008535005617886
0,0.0065928716212511,0,0.0001241001009475,0,0.0026666603516787,0,0.0022108929697424
0,0.0222053546458482,0,2.7986887289443985e-05,0,0.0041646105237305,0,0.0008280262700282
0,0.2486587613821029,0,0.4470123052597046,0,0.136751115322113,0,0.6910301446914673
0,0.329037606716156,0,0.73757404088974,0,0.1840326488018036,0,0.7511983513832092
0,0.0380878150463104,0,1.0246651982015464e-05,0,0.0004606570582836,0,0.0121582066640257
0,0.0058587584644556,0,0.0003208915295545,0,0.0014375834725797,0,0.0339791402220726
0,0.0049451738595962,0,0.0007751978118903,0,0.0020464162807911,0,0.012910564430058
0,0.001580198877491,0,0.0004437037277966,0,0.0073261694051325,0,0.0155444890260696
0,0.0021777485962957,0,0.0013063530204817,0,0.003601201577112,0,0.0150913065299391
0,0.0297867748886346,0,1.1906318832188845e-05,0,0.0007426256197504,0,0.0130464788526296
0,0.0069669159129261,0,8.057820377871394e-05,0,0.0031154451426118,0,0.0049007292836904
0,0.0033156971912831,0,0.0020204265601933,0,0.0035281309392303,0,0.024587670341134
0,0.002797644585371,0,0.0006899122963659,0,0.0058678132481873,0,0.0149995237588882
0,0.0109733184799551,0,0.0144586991518735,0,0.0284450594335794,0,0.1322764754295349
0,0.005892623681575,0,0.0002158150018658,0,0.0009352031629532,0,0.0010140462545678
0,0.03439162671566,0,1.4754860785615165e-05,0,0.000460829178337,0,0.0141442399471998
0,0.0059589948505163,0,0.0013198219239711,0,0.0026865208055824,0,0.0184770599007606
0,0.0046274927444756,0,0.0016728361370041,0,0.0155194997787475,0,0.0354544781148433
0,0.0134733822196722,0,0.0104258377104997,0,0.0218809098005294,0,0.1761444061994552
0,0.006476133596152,0,0.0007092441082932,0,0.0011462899856269,0,0.0013378901639953
0,0.0013084399979561,0,3.907177597284317e-05,0,0.0112598445266485,0,0.0003482342290226
0,0.0133203146979212,0,3.030582047358621e-05,0,0.0001915359316626,0,0.0016853950219228
0,0.0842611864209175,0,0.0012346785515546,0,0.1538999676704406,0,0.217740386724472
0,0.1065497249364852,0,0.0001287057093577,0,0.0085591915994882,0,0.006866896059364
0,0.0466035567224025,0,0.00014304133947,0,0.0007446588133461,0,0.0066460599191486
0,0.008434273302555,0,0.0002459405222907,0,0.0005490739713422,0,0.0024920662399381
0,0.3201764225959778,0,0.0110101848840713,0,0.0311365090310573,0,0.0972527638077735
0,0.1597147732973098,0,0.0166822168976068,0,0.0127005660906434,0,0.0193805918097496
0,0.2918120920658111,0,0.0003095412394031,0,0.1732049733400344,0,0.0264305807650089
0,0.2503461837768554,0,0.0267206951975822,0,0.054692056030035,0,0.042678914964199
0,0.0947398692369461,0,0.7309489846229553,0,0.1962837874889373,0,0.2415831536054611
0,0.0592266321182251,0,0.0340210124850273,0,0.0493592247366905,0,0.0157986879348754
0,0.0290693566203117,0,0.0001055091197486,0,0.0021343466360121,0,0.004143008030951
0,0.0689998865127563,0,0.0004974901094101,0,0.1301366537809372,0,0.1928671598434448
0,0.0487688779830932,0,0.1749693900346756,0,0.00567311886698,0,0.1514661312103271
0,0.1178498119115829,0,0.0852098315954208,0,0.0882505625486373,0,0.0638792961835861
0,0.2718480825424194,0,0.003166570328176,0,0.0239435452967882,0,0.0519872829318046
0,0.0466555729508399,0,0.0164775159209966,0,0.0206017177551984,0,0.0369291268289089
0,0.0374069362878799,0,0.0022890118416398,0,0.0096692573279142,0,0.0366950519382953
0,0.0580175891518592,0,5.668319863616489e-05,0,0.0093586081638932,0,0.0403844006359577
0,0.0247894674539566,0,0.0029362915083765,0,0.0349780060350894,0,0.2033514380455017
0,0.006937997881323,0,0.0004318823630455,0,0.0006412877119146,0,0.0008559234556742
0,0.0048676179721951,0,0.0007651175837963,0,0.0004805326170753,0,0.0010394759010523
0,0.0073958206921815,0,0.001093664788641,0,0.0013237572275102,0,0.000971796864178
0,0.1007202640175819,0,0.3367647528648376,0,0.021656934171915,0,0.1412413567304611
0,0.0135963968932628,0,0.0005545142339542,0,0.0075371721759438,0,0.0126714622601866
1,0.1452793329954147,1,0.0366867668926715,1,0.0231333710253238,1,0.0246210675686597
1,0.1589366346597671,1,0.0119827119633555,1,0.2424817532300949,1,0.0297906287014484
1,0.5119070410728455,1,0.0049643060192465,1,0.0556225925683975,1,0.59413743019104
1,0.4387073218822479,1,0.3212760984897613,1,0.580256998538971,1,0.4087845087051391
1,0.4856467843055725,1,0.3588227927684784,1,0.5840922594070435,1,0.4185138940811157
1,0.3048988580703735,1,0.0301953870803117,1,0.279864639043808,1,0.7925086617469788
1,0.0229125991463661,1,0.0061272312887012,1,0.3121640682220459,1,0.0212169755250215
1,0.0564602799713611,1,0.0177725981920957,1,0.4623643457889557,1,0.0314872413873672
1,0.1296185851097107,1,0.0203700140118598,1,0.4941705167293548,1,0.0755646377801895
1,0.7639163136482239,1,0.1737691760063171,1,0.7789101004600525,1,0.77783203125
1,0.7576332092285156,1,0.8307501673698425,1,0.9647353291511536,1,0.8021566867828369
1,0.6020848155021667,1,0.8729031682014465,1,0.7948258519172668,1,0.6872993111610413
1,0.3300271034240722,1,0.2870883047580719,1,0.4040543138980865,1,0.5470133423805237
1,0.2082015722990036,1,0.0851935669779777,1,0.2217609882354736,1,0.5250266194343567
1,0.3088320791721344,1,0.1316405683755874,1,0.3877574503421783,1,0.5837401747703552
0,0.110911339521408,0,0.0004240443522576,0,0.0072727305814623,0,0.0772119760513305
0,0.0532289706170558,0,0.0001195184231619,0,0.0387695804238319,0,0.1034802198410034
0,0.344142884016037,0,0.4986177384853363,0,0.7904278039932251,0,0.6135651469230652
0,0.0026767482049763,0,0.0001306750637013,0,0.0008928294992074,0,0.0002650374080985
0,0.050343032926321,0,0.0056844134815037,0,0.4054853916168213,0,0.0444565415382385
0,0.6394917964935303,0,0.0089277811348438,0,0.410747230052948,0,0.4754314720630646
0,0.0453400686383247,0,0.0660060793161392,0,0.338257372379303,0,0.061485156416893
0,0.736784815788269,0,0.3399227559566498,0,0.6970700621604919,0,0.5774669051170349
0,0.6995497941970825,0,0.2380874156951904,0,0.6977033019065857,0,0.5005099773406982
0,0.0229302365332841,0,0.0172004643827676,0,0.1254614889621734,0,0.0234809909015893
0,0.4814168512821197,0,9.524037886876612e-05,0,0.4315249323844909,0,0.5191212296485901
0,0.6713188886642456,0,0.1361301690340042,0,0.7406951785087585,0,0.7941192388534546
0,0.8312552571296692,0,0.6515357494354248,0,0.8567216396331787,0,0.8749322295188904
0,0.0034079251345247,0,2.4166041839635e-05,0,0.0007296628900803,0,0.0002659331948962
0,0.0086627975106239,0,4.347398134996183e-05,0,0.0004506908881012,0,0.0011421062517911
0,0.0057205124758183,0,2.137141018465627e-05,0,0.0001816992298699,0,0.0006945906789042
0,0.209226906299591,0,0.0002018813829636,0,0.0022862092591822,0,0.0018516337731853
0,0.0174360536038875,0,0.0025268699973821,0,0.0027950066141784,0,0.0185533855110406
0,0.0951541066169738,0,0.0006492349784821,0,0.0100258402526378,0,0.0710447281599044
0,0.0316894054412841,0,0.0097038615494966,0,0.0780271962285041,0,0.0258499421179294
0,0.0172376465052366,0,0.0037731882184743,0,0.0855129361152648,0,0.0558861941099166
0,0.00123073218856,0,2.0679808585555293e-05,0,0.0019670545589178,0,0.0009631636785343
0,0.0396998599171638,0,0.0062491199932992,0,0.0478049926459789,0,0.0304544232785701
0,0.0383396558463573,0,5.859092925675213e-05,0,0.0090569164603948,0,0.0048133214004337
0,0.1466981321573257,0,0.001029040897265,0,0.0150915905833244,0,0.0125124808400869
0,0.0280360151082277,0,0.0091271726414561,0,0.0399653874337673,0,0.0218284204602241
0,0.0099521549418568,0,0.0036248785909265,0,0.0891494452953338,0,0.0466432869434356
0,0.1104116216301918,0,0.0004298801941331,0,0.0011954096844419,0,0.0119613567367196
0,0.0433450229465961,0,0.0003298359224572,0,0.001197118894197,0,0.0187582429498434
0,0.089522048830986,0,0.0006274463958106,0,0.0009872105438262,0,0.0110848387703299
0,0.0446119010448455,0,0.0003295363567303,0,0.0010935757309198,0,0.0141560928896069
0,0.0240819882601499,0,0.0003751847543753,0,0.0010756314732134,0,0.0143498731777071
0,0.0617994517087936,0,0.011331096291542,0,0.0317356884479522,0,0.0308635421097278
0,0.0292444825172424,0,7.65420772950165e-05,0,0.0014739906182512,0,0.0079419678077101
0,0.0245180483907461,0,2.808629506034777e-05,0,0.0009044338366948,0,0.0080294078215956
0,0.0028215725906193,0,1.3353870599530636e-05,0,0.0009186748648062,0,0.0010010927217081
0,0.0076257418841123,0,0.1581727862358093,0,0.0391287431120872,0,0.0502499565482139
0,0.0444418974220752,0,0.0595093928277492,0,0.2157035171985626,0,0.1983479708433151
0,0.4604783654212951,0,0.1221732646226883,0,0.6411957144737244,0,0.6841393709182739
0,0.0398883074522018,0,0.0004654226650018,0,0.0013718120753765,0,0.0066376342438161
0,0.0058549521490931,0,8.065016299951822e-05,0,0.003441957058385,0,0.0486913360655307
0,0.0228930674493312,0,0.0086089195683598,0,0.1572441458702087,0,0.1506710797548294
0,0.0074069779366254,0,0.0001699650747468,0,0.0053447056561708,0,0.057204246520996
0,0.0412538796663284,0,0.0140299601480364,0,0.0101992338895797,0,0.1008092537522316
0,0.0087039219215512,0,0.0036566082853823,0,0.0063550947234034,0,0.0152151780202984
0,0.1618514358997345,0,0.0002523644943721,0,0.0013103341916576,0,0.0113075412809848
0,0.0103952037170529,0,0.0073615699075162,0,0.0108201168477535,0,0.0215663779526948
0,0.170935645699501,0,0.0047707464545965,0,0.0730719938874244,0,0.5003725290298462
0,0.0087394248694181,0,0.0043440605513751,0,0.0047937585040926,0,0.0102785564959049
0,0.1264505535364151,0,0.007424731273204,0,0.1504887640476226,0,0.3812265694141388
0,0.6588948965072632,0,0.4689646959304809,0,0.6134606599807739,0,0.5323365926742554
0,0.6184247732162476,0,0.4367928206920624,0,0.4434724152088165,0,0.673746645450592
0,0.7676716446876526,0,0.9639056921005248,0,0.9781925082206726,0,0.8427796959877014
0,0.5988324880599976,0,0.3283642530441284,0,0.3344825506210327,0,0.6209754943847656
0,0.0411119647324085,0,0.0020189494825899,0,0.071818009018898,0,0.0746749490499496
0,0.0338834151625633,0,0.0018752329051494,0,0.0603382922708988,0,0.0640688017010688
0,0.0361224077641963,0,0.0012505459599196,0,0.102099135518074,0,0.1073114946484565
0,0.0131661621853709,0,0.0002091898204525,0,0.0007815404096618,0,0.0047336341813206
0,0.1952406466007232,0,0.118723064661026,0,0.2532470822334289,0,0.1106353998184204
0,0.4411219954490661,0,0.4083943963050842,0,0.3348493278026581,0,0.4561049938201904
0,0.3483711779117584,0,0.4197834730148315,0,0.3059225976467132,0,0.4683943688869476
0,0.0246893465518951,0,0.4207810759544372,0,0.001422167988494,0,0.0833993032574653
0,0.0449798554182052,0,0.939945101737976,0,0.4555186331272125,0,0.1539353132247924
0,0.5541280508041382,0,0.4892362952232361,0,0.3202465772628784,0,0.5786558389663696
0,0.2722478806972503,0,0.0754930526018142,0,0.4259917736053467,0,0.4008629918098449
0,0.2342296987771988,0,0.0297525431960821,0,0.3715589642524719,0,0.4632697999477386
0,0.2402244210243225,0,0.0721166059374809,0,0.3457379043102264,0,0.4052762985229492
0,0.0039660227485001,0,0.000466417055577,0,0.0008328874246217,0,0.0027830440085381
0,0.0030763479880988,0,9.948895603884012e-05,0,0.0004997903597541,0,0.001268400112167
0,0.0438155978918075,0,0.0032595265656709,0,0.0187127329409122,0,0.0367359369993209
0,0.0061943461187183,0,0.0062709809280931,0,0.0668822824954986,0,0.0098959431052207
0,0.0196552965790033,0,0.0037569962441921,0,0.0036270266864448,0,0.0207127351313829
0,0.0783778131008148,0,0.0006935287383385,0,0.0084997583180665,0,0.0305228251963853
0,0.0262950118631124,0,0.0005276227020658,0,0.0002215938002336,0,0.0062965755350887
0,0.044047512114048,0,0.000415286689531,0,0.0073224697262048,0,0.051189936697483
0,0.1062872484326362,0,0.0003175756719429,0,0.008649437688291,0,0.0440645329654216
0,0.0013466560048982,0,2.8315858799032867e-05,0,7.006760279182345e-05,0,0.0010979463113471
0,0.001966718584299,0,2.5454628485022116e-05,0,0.0001239486009581,0,0.0014752559363842
0,0.2118190675973892,0,0.1166015192866325,0,0.1255915462970733,0,0.5715856552124023
0,0.142694354057312,0,0.0601754151284694,0,0.1448408365249633,0,0.5721030235290527
0,0.1332387775182724,0,0.0104844700545072,0,0.08554657548666,0,0.577097475528717
0,0.0122983241453766,0,0.001250117784366,0,0.0026987046003341,0,0.0022788632195442
0,0.1227709949016571,0,0.1941331624984741,0,0.005787125788629,0,0.0032802955247461
0,0.0095166936516761,0,0.0034067656379193,0,0.0058242045342922,0,0.0034131307620555
0,0.1391894519329071,0,0.0019739330746233,0,0.0079182740300893,0,0.0062466352246701
0,0.0804706886410713,0,0.0007826896617189,0,0.0104656442999839,0,0.0131321381777524
0,0.1758746653795242,0,0.0010737179545685,0,0.0058497162535786,0,0.0058188592083752
0,0.0804473683238029,0,0.0022852262482047,0,0.0573357865214347,0,0.0049137780442833
0,0.0068374569527804,0,0.0002597536658868,0,0.0012553528649732,0,0.0106521341949701
0,0.0029304202180355,0,9.65244325925596e-05,0,0.0007103470852598,0,0.000908690970391
0,0.0040198829956352,0,0.0001602763077244,0,0.0007818103185854,0,0.0010073512094095
0,0.020202787593007,0,0.0003051189996767,0,0.0011543850414454,0,0.022056633606553
0,0.0146309910342097,0,0.0004070045251864,0,0.0005933435168117,0,0.0187843088060617
0,0.0924101620912551,0,0.0454165339469909,0,0.0651053935289383,0,0.1096571832895279
0,0.0985546112060546,0,0.0246152691543102,0,0.0517452545464038,0,0.1129065379500389
0,0.0605501197278499,0,0.0049361111596226,0,0.0082084545865654,0,0.0708047524094581
0,0.0475532077252864,0,0.0002412783360341,0,0.0007626161677762,0,0.0012803551508113
0,0.521679162979126,0,0.0354776866734027,0,0.0773104578256607,0,0.3286604285240173
0,0.5594509840011597,0,0.0256040804088115,0,0.0749922692775726,0,0.3877783119678497
0,0.52255779504776,0,0.0380479805171489,0,0.1093862429261207,0,0.3396303057670593
0,0.0308860447257757,0,0.0010246982565149,0,0.0027606307994574,0,0.0010252549545839
0,0.0804644450545311,0,0.0294807963073253,0,0.0142912017181515,0,0.2443569451570511
0,0.0021891554351896,0,0.0001001926138997,0,0.0014722099294885,0,0.0018717873608693
0,0.747291088104248,0,0.2053537368774414,0,0.543408989906311,0,0.7956740260124207
0,0.0230860915035009,0,0.0011834922479465,0,0.0040980391204357,0,0.0008346885442733
0,0.0952328965067863,0,0.0122641054913401,0,0.0156850572675466,0,0.3255032002925873
0,0.5103083848953247,0,0.0196896027773618,0,0.2738194465637207,0,0.4732410311698913
0,0.3206064701080322,0,0.0029931957833468,0,0.0069849342107772,0,0.0071163936518132
0,0.0178440753370523,0,0.0011831445153802,0,0.003973645158112,0,0.0009603882208466
0,0.0336043909192085,0,0.0014978745020925,0,0.0054308720864355,0,0.163230687379837
0,0.0018404241418465,0,8.944191358750686e-05,0,0.0019354047253727,0,0.002002126770094
0,0.0912374630570411,0,0.0055832550860941,0,0.3206137418746948,0,0.0487187094986438
0,0.2874334752559662,0,0.0281684175133705,0,0.2523958683013916,0,0.2830556333065033
0,0.3373933136463165,0,0.5145307183265686,0,0.8380825519561768,0,0.507750391960144
0,0.0060571082867681,0,7.260819256771356e-05,0,0.0011092870263382,0,0.0103158680722117
0,0.00572678912431,0,0.000158874769113,0,0.0008029679884202,0,0.0167533326894044
0,0.3105117082595825,0,0.1718132495880127,0,0.2975584268569946,0,0.6533424258232117
0,0.0759523883461952,0,6.282632239162922e-05,0,0.0050990898162126,0,0.0017037959769368
0,0.0103269340470433,0,0.003352595726028,0,0.0016012219712138,0,0.0345670357346534
0,0.0678899064660072,0,1.257101303053787e-05,0,0.0021940134465694,0,0.0203105490654706
0,0.2078395783901214,0,0.0548263639211654,0,0.3443270027637481,0,0.7010943293571472
0,0.3753319978713989,0,0.0033001580741256,0,0.3379467129707336,0,0.0720319375395774
0,0.0591813959181308,0,0.0785004794597625,0,0.3704419732093811,0,0.3443141877651214
0,0.4132065176963806,0,0.2988045215606689,0,0.4548332691192627,0,0.6998980045318604
0,0.0751369595527648,0,4.990724846720696e-05,0,0.0123004559427499,0,0.0017739546019583
0,0.0580857917666435,0,0.0431709438562393,0,0.1424905061721801,0,0.4589293599128723
0,0.0028530915733426,0,2.822914939315524e-05,0,0.0008916664519347,0,0.0039493795484304
0,0.000952614180278,0,1.0148459296033252e-05,0,0.0011178044369444,0,0.0014480456011369
0,0.1046720445156097,0,9.987202065531164e-05,0,0.00489769782871,0,0.0104255964979529
0,0.2981258332729339,0,9.32883340283297e-05,0,0.2096287906169891,0,0.0264032632112503
0,0.001510604750365,0,2.4279970602947287e-05,0,0.0012570034014061,0,0.001417810912244
0,0.00117756833788,0,4.345093839219771e-05,0,0.0020273476839065,0,0.0004609102907124
0,0.0010314445244148,0,1.2239076568221208e-05,0,0.00086007011123,0,0.0021142421755939
0,0.0924061685800552,0,6.26926776021719e-05,0,0.0037905354984104,0,0.0122661376371979
0,0.224068745970726,0,0.0002546990581322,0,0.1633589267730713,0,0.0307478625327348
0,0.0067425551824271,0,0.0003408576594665,0,0.0068795187398791,0,0.0016295291716232
0,0.0037450965028256,0,2.8920887871208838e-06,0,0.0002622625615913,0,0.0086717950180172
0,0.0010601336834952,0,1.4531721717503387e-05,0,0.0010899116750806,0,0.0025006770156323
0,0.0676772519946098,0,0.0006743051926605,0,0.0098558524623513,0,0.0128258857876062
0,0.1495893150568008,0,8.394358883379027e-05,0,0.1383610516786575,0,0.0104777887463569
0,0.1439567655324936,0,0.0097847310826182,0,0.007699642330408,0,0.2105810642242431
0,0.1383561939001083,0,0.008415781892836,0,0.0054253474809229,0,0.2437275201082229
0,0.1195801421999931,0,0.5468109250068665,0,0.0161732770502567,0,0.5086941123008728
0,0.1454412341117859,0,0.0406425297260284,0,0.1016422659158706,0,0.030818136408925
0,0.7221241593360901,0,0.1953766196966171,0,0.8475674986839294,0,0.5186154842376709
0,0.2506912052631378,0,0.2097395360469818,0,0.3474350571632385,0,0.5226637125015259
0,0.1039288192987442,0,0.0072410102002322,0,0.0678852424025535,0,0.0157353896647691
0,0.0410717874765396,0,0.0104958536103367,0,0.0256039686501026,0,0.0176949836313724
0,0.2119823098182678,0,0.0127181392163038,0,0.1544762402772903,0,0.1386640667915344
0,0.0423427522182464,0,0.0043588439002633,0,0.0016458372119814,0,0.0092679252848029
0,0.0190312955528497,0,0.0026446946430951,0,0.0009038325515575,0,0.0085855824872851
0,0.0098428558558225,0,0.0008235128480009,0,0.0001416024169884,0,0.035818763077259
0,0.0045864251442253,0,0.0007291884394362,0,0.0009641369688324,0,0.0010255977977067
0,0.0776094645261764,0,0.0026700457092374,0,0.0012550330720841,0,0.0457285158336162
0,0.039848405867815,0,0.0011814371682703,0,0.0006597592728212,0,0.0461430065333843
0,0.0218444149941205,0,0.0005233477568253,0,0.1864475905895233,0,0.1563605815172195
0,0.2416360229253769,0,0.0076355878263711,0,0.1183986663818359,0,0.3067027628421783
0,0.4579963088035583,0,0.0217454303056001,0,0.0408901795744895,0,0.4586276113986969
0,0.3929909765720367,0,0.0159459263086318,0,0.029684267938137,0,0.2113036960363388
0,0.1738820523023605,0,0.1108023300766944,0,0.0969904288649559,0,0.3325086534023285
0,0.38223996758461,0,0.165209412574768,0,0.1258542388677597,0,0.2537679076194763
0,0.0750013962388038,0,0.0116887167096138,0,0.0836356580257415,0,0.0691229775547981
0,0.0087425988167524,0,0.0001048573758453,0,0.0007736579864285,0,0.0005107138422317
0,0.1346571892499923,0,0.0421448796987533,0,0.0673183128237724,0,0.1192310974001884
0,0.0111051239073276,0,7.786249625496566e-05,0,0.0016777096316218,0,0.0019115493632853
0,0.0117597142234444,0,0.0005842265672981,0,0.0006984985666349,0,0.0005180328153073
0,0.1126731112599372,0,0.0035885348916053,0,0.0615062341094017,0,0.104348175227642
0,0.0107648223638534,0,0.0002354896423639,0,0.0011734169675037,0,0.0029009375721216
0,0.0145057616755366,0,4.0056089346762747e-05,0,0.0007123380200937,0,0.000392648827983
0,0.1644306927919387,0,0.0513302609324455,0,0.223819687962532,0,0.4946081638336181
0,0.0262243468314409,0,0.0006355028017424,0,0.0054772766306996,0,0.0046585933305323
0,0.0140272229909896,0,0.0029783437494188,0,0.0016991930315271,0,0.0110875843092799
0,0.125919833779335,0,0.0002600978768896,0,0.0189383402466774,0,0.0013651326298713
0,0.0107564516365528,0,0.0001355689892079,0,0.0019632745534181,0,0.0101019525900483
0,0.2733973860740661,0,0.0711849108338356,0,0.3126578032970428,0,0.3417029976844787
0,0.1594453305006027,0,0.0011262799380347,0,0.0187530238181352,0,0.0612701997160911
0,0.1857799440622329,0,0.0440688505768775,0,0.2414469867944717,0,0.3103919327259063
0,0.3742383420467376,0,0.0013446297962218,0,0.0293204952031373,0,0.0028016970027238
0,0.0462704040110111,0,0.00128063140437,0,0.0549823641777038,0,0.1335882395505905
0,0.0018580456962808,0,9.23777770367451e-05,0,0.0087028564885258,0,0.0010458684992045
0,0.0026026889681816,0,0.000843547633849,0,0.0095335692167282,0,0.0142210219055414
0,0.0065587880089879,0,4.173620618530549e-05,0,0.0008677692967467,0,0.000545939663425
0,0.0087176989763975,0,0.0022738152183592,0,0.0253709089010953,0,0.1091179475188255
0,0.0037795784883201,0,0.0003257217176724,0,0.0040525551885366,0,0.0004871647106483
0,0.0570849515497684,0,0.0119182048365473,0,0.0462974607944488,0,0.0203353408724069
0,0.0059483251534402,0,0.0001851987180998,0,0.0064925379119813,0,0.0018654018640518
0,0.0816741958260536,0,0.0020893476903438,0,0.1511019468307495,0,0.2918754816055298
0,0.1712354123592376,0,0.0015886750770732,0,0.0034942529164254,0,0.0179554540663957
0,0.719127357006073,0,0.5131413340568542,0,0.8331449031829834,0,0.5226057767868042
0,0.5755837559700012,0,0.4056115448474884,0,0.7449472546577454,0,0.6816790103912354
0,0.1631805598735809,0,0.0212451945990324,0,0.1739034056663513,0,0.0045316917821764
0,0.2299755066633224,0,0.0191534254699945,0,0.0985323637723922,0,0.0773938298225402
0,0.1818474233150482,0,0.4809561371803283,0,0.1526668220758438,0,0.033272698521614
0,0.3643510043621063,0,0.122297778725624,0,0.0830604508519172,0,0.0213047880679368
0,0.1314304620027542,0,0.2116268724203109,0,0.0450357981026172,0,0.0154025172814726
0,0.0079373633489012,0,0.0001524333783891,0,0.0006438377895392,0,0.0046481909230351
0,0.0826924219727516,0,0.0051925247535109,0,0.1159879937767982,0,0.0796452537178993
0,0.0039396490901708,0,0.0001677656400715,0,0.0003582016215659,0,0.0029551729094237
0,0.0518439449369907,0,0.0064850919879972,0,0.1007222980260849,0,0.1017396673560142
0,0.0208504572510719,0,0.0001628890167921,0,0.0059305294416844,0,0.0005029689637012
0,0.0267052333801984,0,0.0001512239396106,0,0.0013182359980419,0,0.0056823547929525
0,0.029202114790678,0,0.0027142392937093,0,0.0690315887331962,0,0.0660006254911422
0,0.0120500493794679,0,0.000200234237127,0,0.0006358372047543,0,0.0147276725620031
0,0.0268593020737171,0,0.0063732261769473,0,0.0128302341327071,0,0.0121624115854501
0,0.0284707192331552,0,0.0107587706297636,0,0.013116443529725,0,0.0111237382516264
0,0.070893220603466,0,0.0158430431038141,0,0.0742341727018356,0,0.2678989171981811
0,0.0037099823821336,0,0.0012908222852274,0,0.0028056497685611,0,0.000379117031116
0,0.0786361098289489,0,0.0266349390149116,0,0.0472981631755828,0,0.2017477005720138
0,0.0053095021285116,0,0.001204204862006,0,0.0028148684650659,0,0.0005295726004987
0,0.0635376647114753,0,0.0001201262930408,0,0.0044386722147464,0,0.0015722315292805
0,0.0357131846249103,0,0.000109286083898,0,0.0002158736460842,0,0.0046726744621992
0,0.3152684867382049,0,0.1969100832939148,0,0.0748073980212211,0,0.6233510971069336
0,0.045560784637928,0,0.0001888714468805,0,0.0002303828077856,0,0.0046111824922263
0,0.1922018676996231,0,0.0453312918543815,0,0.0652441084384918,0,0.3828778266906738
0,0.0420262329280376,0,0.0002461814437992,0,0.0003170671407133,0,0.0042794905602931
0,0.3166465759277344,0,0.1456492245197296,0,0.0474782548844814,0,0.3760535717010498
0,0.6729952692985535,0,0.8679001927375793,0,0.9496684074401855,0,0.7633917927742004
0,0.0082876347005367,0,0.0003110482066404,0,0.001731707714498,0,0.0285853985697031
0,0.0019598233047872,0,0.0002650427340995,0,0.0001449628325644,0,0.0006147873937152
0,0.0018165939254686,0,0.0001780188904376,0,0.0002227650402346,0,0.0006172091816551
0,0.0330239348113536,0,3.320485484437086e-05,0,0.0011420911177992,0,0.0004066795227117
0,0.2064370214939117,0,5.006144783692434e-05,0,0.000492904917337,0,0.0009373459033668
