fold_1_labels,fold_1_predictions,fold_2_labels,fold_2_predictions,fold_3_labels,fold_3_predictions,fold_4_labels,fold_4_predictions
1,0.0013604051200672,1,0.0136259170249104,1,0.0031712113413959,1,0.1179717108607292
1,0.9889246821403505,1,0.9464802145957948,1,0.9657959342002868,1,0.941271722316742
1,0.9273241758346558,1,0.6076639890670776,1,0.9421468377113342,1,0.7519659996032715
1,0.2194967418909073,1,0.1586755216121673,1,0.0052712755277752,1,0.2461762726306915
1,0.0944758653640747,1,0.0995464846491813,1,0.0154526019468903,1,0.3148708641529083
1,0.2238675951957702,1,0.0981253907084465,1,0.005304470192641,1,0.4470953047275543
1,0.1437415927648544,1,0.1490276157855987,1,0.6168643236160278,1,0.4594497680664062
1,0.7703662514686584,1,0.5229532718658447,1,0.9982637763023376,1,0.8861578106880188
1,0.3505086302757263,1,0.877583384513855,1,0.2115803062915802,1,0.3590034544467926
1,0.7357696294784546,1,0.907464861869812,1,0.7507794499397278,1,0.6565403342247009
1,0.0133144883438944,1,0.4254936873912811,1,0.1882840543985366,1,0.2930974066257477
1,0.986284613609314,1,0.8481205701828003,1,0.995997428894043,1,0.9325885772705078
1,0.5874856114387512,1,0.4461834132671356,1,0.6200514435768127,1,0.5004185438156128
1,0.1229463815689086,1,0.0071795498952269,1,0.0055680847726762,1,0.3414299488067627
1,0.0445700138807296,1,0.595917284488678,1,0.4682992398738861,1,0.6766670942306519
1,0.0116632571443915,1,0.1402433365583419,1,0.086156465113163,1,0.6036198139190674
1,0.3686973452568054,1,0.6097269058227539,1,0.9280815720558168,1,0.6850820779800415
1,0.0175172854214906,1,0.0138110658153891,1,0.0059059015475213,1,0.2320667505264282
1,0.9782285094261168,1,0.7288548350334167,1,0.994836926460266,1,0.6312455534934998
1,0.7837987542152405,1,0.675601065158844,1,0.9767237901687622,1,0.5888943672180176
1,0.9651148915290833,1,0.7817364931106567,1,0.9911417961120604,1,0.6939504146575928
0,0.1613248884677887,0,0.0321508571505546,0,0.0001102795285987,0,0.0189573261886835
0,7.923250086605549e-05,0,0.0010912825819104,0,2.685365689103492e-05,0,0.0094387186691164
0,0.0014695780118927,0,0.0312783494591712,0,1.2182842510810588e-05,0,0.0848689675331115
0,0.0002086772583425,0,0.0006569695542566,0,2.46926265390357e-05,0,0.0071785980835556
0,0.0057800109498202,0,0.0218546371906995,0,0.0002831761958077,0,0.1273953914642334
0,0.0001330633676843,0,0.000580801803153,0,8.741517376620322e-05,0,0.0069942339323461
0,0.0011534024961292,0,0.0299365241080522,0,4.182597331237048e-05,0,0.0976059734821319
0,0.005954491905868,0,0.0054822610691189,0,6.297430081758648e-05,0,0.0501613244414329
0,0.0027878205291926,0,0.0063082496635615,0,6.545614451169968e-05,0,0.0538013577461242
0,0.0044429744593799,0,0.1283259093761444,0,9.96693706838414e-05,0,0.0222512856125831
0,0.0018970076926052,0,0.1222114861011505,0,0.0005786391557194,0,0.0135255614295601
0,8.013972546905279e-05,0,0.0046761217527091,0,0.0002245171635877,0,0.0128312790766358
0,0.0007640699041076,0,0.0065129152499139,0,0.0009889878565445,0,0.025119062513113
0,7.210243347799405e-05,0,0.0054451646283268,0,0.0007935301982797,0,0.0201009009033441
0,0.0011354045709595,0,0.00442401971668,0,0.0001097497515729,0,0.0492917858064174
0,0.0003618286573328,0,0.0087451571598649,0,0.010701447725296,0,0.4328206479549408
0,0.0050773047842085,0,0.0037989483680576,0,0.0022230113390833,0,0.0321298316121101
0,0.0006605617236346,0,0.0016741092549636,0,0.0005932754138484,0,0.0256396308541297
0,0.0013312470400705,0,0.0022766264155507,0,3.40932201652322e-05,0,0.0338331535458564
0,0.0013428413076326,0,0.0029008232522755,0,0.0009652636945247,0,0.0064061279408633
0,0.0022049306426197,0,0.006952247582376,0,0.0001001544078462,0,0.0383143760263919
0,0.0019190447637811,0,0.0037700708489865,0,0.0004195794754195,0,0.3623957633972168
0,0.0001002838107524,0,0.0013262016000226,0,6.40263533568941e-05,0,0.0236109234392642
0,0.0742056220769882,0,0.0105415973812341,0,0.0065313391387462,0,0.0310442745685577
0,0.4188893735408783,0,0.285653293132782,0,0.0449627339839935,0,0.6597669124603271
0,0.2776619493961334,0,0.1353732049465179,0,0.0608434788882732,0,0.4342071115970611
0,0.0399117171764373,0,0.0418305955827236,0,0.0013950526481494,0,0.2289166897535324
0,0.1359613686800003,0,0.1125816702842712,0,0.0004838702734559,0,0.148217111825943
0,0.2848728597164154,0,0.3194475471973419,0,0.3667373061180115,0,0.8322427272796631
0,0.0522633045911788,0,0.0349273309111595,0,0.0456532500684261,0,0.4913126826286316
0,0.0518654435873031,0,0.0077354800887405,0,0.0008632573881186,0,0.3427505195140838
0,0.0152528965845704,0,0.020728999748826,0,0.0006644643726758,0,0.251986563205719
0,0.2767748534679413,0,0.1298724710941314,0,0.0481782890856266,0,0.7307478785514832
0,0.8634489178657532,0,0.1407985538244247,0,0.8211876153945923,0,0.6830633282661438
0,0.0116777382791042,0,0.011604961939156,0,0.0014177986886352,0,0.2684409022331238
0,0.0451286062598228,0,0.0717009231448173,0,0.0016839682357385,0,0.1167811378836631
0,0.0165961273014545,0,0.0514408685266971,0,0.1612426787614822,0,0.0268649123609066
0,0.000749415368773,0,0.0040538660250604,0,0.0002448541636113,0,0.0414686501026153
0,0.3618133664131164,0,0.2421503216028213,0,0.0011596858967095,0,0.5820708870887756
0,0.0624251887202262,0,0.0279058124870061,0,0.3921938836574554,0,0.2665496170520782
0,0.0002611507370602,0,0.0010202976409345,0,0.0001581682881806,0,0.03205531463027
0,0.000331174058374,0,0.0013554254546761,0,0.0004204262804705,0,0.0418132357299327
0,0.0127722825855016,0,0.0060057444497942,0,0.0011719787726178,0,0.0186332128942012
0,0.0002058807440334,0,0.000777207489591,0,0.0002352775481995,0,0.0512707829475402
0,0.0036178317386657,0,0.0150188384577631,0,0.002385506639257,0,0.0522305890917778
0,0.0066254087723791,0,0.0025452333502471,0,0.0001178540042019,0,0.1247151717543602
0,0.0030715288594365,0,0.0034124301746487,0,0.0001205940934596,0,0.0828446447849273
0,0.005188725888729,0,0.001515849144198,0,0.0034202146343886,0,0.0814220681786537
0,0.822136640548706,0,0.2812413275241852,0,0.6325969099998474,0,0.0661705806851387
0,0.6827292442321777,0,0.56236732006073,0,0.0016100775683298,0,0.1998891085386276
0,0.034428633749485,0,0.0081694982945919,0,0.0008321738569065,0,0.0446532927453517
0,0.8054801225662231,0,0.6230029463768005,0,0.7205680012702942,0,0.902357816696167
0,0.0008376632467843,0,0.0045396168716251,0,0.0002431479806546,0,0.0650644749402999
0,0.0002854523190762,0,0.0020203075837343,0,2.007653165492229e-05,0,0.0061907568015158
0,0.0017308481037616,0,0.0495958030223846,0,0.0003055029665119,0,0.0605223514139652
0,0.0043895221315324,0,0.0027647190727293,0,0.0001171011099359,0,0.0828192308545112
0,0.0001215338925248,0,0.0028260387480258,0,6.49978537694551e-05,0,0.0062784110195934
0,0.0002722433710005,0,0.0249593257904052,0,0.0001890705607365,0,0.0479047186672687
0,0.0048995874822139,0,0.0041877063922584,0,8.546288154320791e-05,0,0.1055836379528045
0,0.0001934316242113,0,0.0022853512782603,0,2.998373565787915e-05,0,0.0057670935057103
0,0.0005487043526954,0,0.0084758084267377,0,0.0004215789085719,0,0.042473666369915
0,0.0009365718578919,0,0.0205181222409009,0,0.000784252595622,0,0.0401826612651348
0,0.0004534119216259,0,0.0022615573834627,0,0.0003028818464372,0,0.0188102778047323
0,0.0003149954427499,0,0.0097609842196106,0,7.848263339838013e-05,0,0.0084373531863093
0,0.0174066629260778,0,0.0018400545231997,0,0.0008372873999178,0,0.0075774490833282
0,0.0002536310930736,0,0.0014482772676274,0,0.0001001220371108,0,0.0069867935962975
0,0.0002590831427369,0,0.0025243824347853,0,4.207938400213607e-05,0,0.0109761701896786
0,0.0002825265692081,0,0.0020690863020718,0,8.34938109619543e-05,0,0.0115533731877803
0,0.0108826151117682,0,0.0335055962204933,0,0.0002560178982093,0,0.103965975344181
0,0.0103711755946278,0,0.0300221238285303,0,0.0003301675023976,0,0.0920541808009147
0,0.0094838086515665,0,0.0171875301748514,0,0.0004466194368433,0,0.1333662718534469
0,0.0028114668093621,0,0.0142670469358563,0,0.0010373899713158,0,0.0648870021104812
0,0.00382642284967,0,0.1676494032144546,0,0.0021363410633057,0,0.0767467767000198
0,0.0003624198434408,0,0.0081371143460273,0,0.0014354849699884,0,0.0217797793447971
0,0.000130482687382,0,0.00076417659875,0,0.0001180938488687,0,0.0772998109459877
0,9.364047582494096e-05,0,0.0016834520502015,0,1.9960309145972133e-05,0,0.0446892790496349
0,0.0016431348631158,0,0.6082682609558105,0,0.0008934349752962,0,0.1360220462083816
0,0.5282859802246094,0,0.0108043998479843,0,0.0049382308498024,0,0.1341144889593124
0,0.0028717292007058,0,0.0116441613063216,0,0.0010256671812385,0,0.022075081244111
0,0.0025829575024545,0,0.0592619515955448,0,0.0005080432165414,0,0.0275422148406505
0,0.0014543599681928,0,0.0428561680018901,0,0.001252194866538,0,0.0429159812629222
0,0.0022576614283025,0,0.0137737384065985,0,0.0012384940637275,0,0.0136267440393567
0,0.0029505712445825,0,0.0263396762311458,0,0.0006206943653523,0,0.0680179297924041
0,0.0009190469281747,0,0.002762536285445,0,0.0001088113713194,0,0.0142851369455456
0,0.0025365103501826,0,0.0146809658035635,0,0.0002130725479219,0,0.0166887957602739
0,0.370597779750824,0,0.1278546303510666,0,0.0012508288491517,0,0.0895572304725647
0,0.0027226549573242,0,0.0400953218340873,0,0.0011266720248386,0,0.0877154096961021
0,0.0411622077226638,0,0.010793768800795,0,0.00042018329259,0,0.0064766951836645
0,0.0571699514985084,0,0.0605471022427082,0,0.0003170375421177,0,0.2623854279518127
0,0.0303691197186708,0,0.0066370940767228,0,0.0050451625138521,0,0.1205752715468406
0,0.0433917306363582,0,0.1933694779872894,0,0.0812728330492973,0,0.7778860330581665
0,0.031231690198183,0,0.0159433223307132,0,0.0422135964035987,0,0.0243265833705663
0,0.0356935411691665,0,0.0202624890953302,0,0.0186532344669103,0,0.0503745228052139
0,0.0026368417311459,0,0.0032609459012746,0,0.016831312328577,0,0.0323561243712902
0,0.0032197071705013,0,0.0185464769601821,0,0.0001047932018991,0,0.005715318955481
0,0.8554975986480713,0,0.3549239635467529,0,0.0715535730123519,0,0.7602757215499878
0,0.0043886010535061,0,0.0150242578238248,0,0.0003413638623896,0,0.1096463575959205
0,0.0088152401149272,0,0.0073582991026341,0,0.001530519220978,0,0.2131809294223785
0,0.023586668074131,0,0.351182609796524,0,0.0059269745834171,0,0.0909086763858795
0,0.0093213971704244,0,0.0215938687324523,0,0.0015378512907773,0,0.1476251184940338
0,2.374419818806928e-05,0,0.0018373460043221,0,0.000456068693893,0,0.0116220777854323
0,0.0030623436905443,0,0.012758563272655,0,0.000355808151653,0,0.0198766849935054
0,0.0026592705398797,0,0.0206749234348535,0,0.0004696683899965,0,0.0198150929063558
0,0.000667190819513,0,0.0096149230375885,0,0.0002559561398811,0,0.0433738604187965
0,0.0287105906754732,0,0.0373685099184513,0,0.0005062157288193,0,0.1341901868581771
0,0.0015899741556495,0,0.0043713320046663,0,0.0001006824095384,0,0.0442207120358943
0,0.3550879061222076,0,0.1306196004152298,0,0.0007516737678088,0,0.4124727249145508
0,0.5112720727920532,0,0.0251260306686162,0,0.2150248140096664,0,0.3052723705768585
0,8.117954712361097e-05,0,0.0059325736947357,0,0.0013491503195837,0,0.0203415695577859
0,0.0004592152836266,0,0.0022178327199071,0,0.0003429038624744,0,0.0075584864243865
0,0.0004876309540122,0,0.0020321984775364,0,0.0002416554198134,0,0.0066367350518703
0,9.106756624532863e-05,0,0.0005362255615182,0,3.183826629538089e-05,0,0.0055088587105274
0,0.0003397717664483,0,0.0013989687431603,0,0.000107232517621,0,0.0065940273925662
0,9.792742639547214e-05,0,0.0008851552265696,0,5.497717211255804e-05,0,0.0052991793490946
0,0.0032638842239975,0,0.0033901601564139,0,0.0001505052641732,0,0.0081058274954557
0,0.0042686476372182,0,0.0116185564547777,0,0.0004626703739631,0,0.4765273332595825
0,0.0014895861968398,0,0.0046778535470366,0,4.296129191061482e-05,0,0.0254219230264425
0,0.0007982185925357,0,0.0023508083540946,0,0.0001477861806051,0,0.005704803392291
0,0.0048513542860746,0,0.0041285101324319,0,6.804436270613223e-05,0,0.0168158765882253
0,0.0115185258910059,0,0.0058376495726406,0,0.0007531787850894,0,0.1217182874679565
0,0.0003567600506357,0,0.001441114465706,0,4.007057214039378e-05,0,0.0065700230188667
0,0.0002866372815333,0,0.0023810837883502,0,0.0001330595696344,0,0.0065849819220602
0,0.0046257735230028,0,0.0145200695842504,0,0.0165917761623859,0,0.1756436824798584
0,0.000726802914869,0,0.0018154926365241,0,0.0002622805768623,0,0.0119939846917986
0,0.00028321048012,0,0.0016310533974319,0,5.955874075880274e-05,0,0.0223747547715902
0,0.0011091141495853,0,0.002931454218924,0,0.0006279012886807,0,0.0119851799681782
0,0.0017022743122652,0,0.0136898178607225,0,0.0015609211986884,0,0.0096758715808391
0,0.0008491954649798,0,0.0042983940802514,0,0.0003052522952202,0,0.0139306746423244
0,0.0058228466659784,0,0.0023210074286907,0,0.0004263705923222,0,0.0125543987378478
0,0.0002045977889792,0,0.0017611905932426,0,5.399331712396816e-05,0,0.0162132736295461
0,0.0022895596921443,0,0.0036841386463493,0,0.0002676649601198,0,0.0129988882690668
0,0.05010487139225,0,0.0047763576731085,0,0.0017895561177283,0,0.4718673229217529
0,0.3536776304244995,0,0.249679148197174,0,0.2100189328193664,0,0.7356406450271606
0,0.6694632768630981,0,0.0820086672902107,0,0.0597700774669647,0,0.5765005350112915
0,0.0031173105817288,0,0.0611938536167144,0,0.0001155521676992,0,0.013713183812797
0,0.0226760134100914,0,0.016112683340907,0,0.0002822543610818,0,0.0292513407766819
0,0.0839791074395179,0,0.0413170568645,0,0.0201851446181535,0,0.4147825241088867
0,0.2001244723796844,0,0.136859580874443,0,0.7849600911140442,0,0.1634385585784912
0,0.0109906326979398,0,0.0054268892854452,0,7.321496377699077e-05,0,0.0706339329481124
0,0.0288861915469169,0,0.0085740834474563,0,0.0002226938959211,0,0.0575808957219123
0,0.0031669421587139,0,0.008424668572843,0,0.0012554007116705,0,0.0310669746249914
0,0.0021767406724393,0,0.0031340876594185,0,0.0001164650238933,0,0.0355330035090446
0,0.0141299115493893,0,0.0292529743164777,0,0.002674494870007,0,0.0740493535995483
0,0.0083994204178452,0,0.0212337598204612,0,0.001371064223349,0,0.4587929546833038
0,0.3513405919075012,0,0.7280876636505127,0,0.000245810864726,0,0.1588577032089233
0,0.0263020973652601,0,0.0326654575765132,0,0.0030196628067642,0,0.0230947770178318
0,0.0216413158923387,0,0.6764845252037048,0,0.2269707918167114,0,0.7947593927383423
0,0.001064395182766,0,0.0050854454748332,0,0.0004346205387264,0,0.0105880433693528
0,0.0001838229509303,0,0.0064502325840294,0,0.0006688330322504,0,0.0174017045646905
0,0.0012970410753041,0,0.0012466054176911,0,0.0002576315309852,0,0.0092434473335742
0,0.0016847900114953,0,0.0060753249563276,0,0.0005322891520336,0,0.0144621850922703
0,0.2999566793441772,0,0.5115395188331604,0,0.0961045920848846,0,0.76829594373703
0,0.0166058968752622,0,0.0118816159665584,0,0.000134867572342,0,0.2343456596136093
0,0.1508747935295105,0,0.3968441486358642,0,0.0077667399309575,0,0.6200041174888611
0,0.0002876392100006,0,0.0021866851020604,0,0.0002658799639903,0,0.0154991056770086
0,0.0002822105016093,0,0.0022498487960547,0,0.0001041284995153,0,0.0209311284124851
0,0.0005230727256275,0,0.0034129165578633,0,0.0001691831421339,0,0.0247500110417604
0,0.9828858375549316,0,0.94147527217865,0,0.881685197353363,0,0.3031190037727356
0,0.0041441335342824,0,0.0036464927252382,0,4.194201028440148e-05,0,0.0241580996662378
0,0.0117588825523853,0,0.0046683452092111,0,6.871770892757922e-05,0,0.0184604413807392
0,0.0008955285884439,0,0.0178867783397436,0,0.000207659046282,0,0.0682693570852279
0,0.0016615315107628,0,0.0018161243060603,0,4.485795216169208e-05,0,0.0305704213678836
0,0.0033364866394549,0,0.0078491242602467,0,0.0004888257826678,0,0.0100074745714664
0,0.0002327607071492,0,0.0236247535794973,0,0.0006464878679253,0,0.0111321555450558
0,0.0019023872446268,0,0.0023022000677883,0,0.0001211877461173,0,0.0278148874640464
0,0.0015747344586998,0,0.0028461096808314,0,0.0001583320117788,0,0.0350647047162056
0,5.377954585128464e-05,0,0.0068555139005184,0,0.0002918170939665,0,0.0085863946005702
0,0.0057331705465912,0,0.180541917681694,0,0.8886315226554871,0,0.1329739242792129
0,0.0350537337362766,0,0.0364950336515903,0,0.0128268273547291,0,0.2283132374286651
0,0.025198882445693,0,0.1311282068490982,0,0.3539141714572906,0,0.0683268085122108
0,0.0702739804983139,0,0.0416318550705909,0,0.0236343909054994,0,0.6272867918014526
0,0.0026663900353014,0,0.0056715779937803,0,0.0002995255053974,0,0.0185079872608184
0,0.1082900017499923,0,0.0270760096609592,0,0.0291988849639892,0,0.4128036499023437
0,0.1208253726363182,0,0.7903947234153748,0,0.0012096703285351,0,0.2361625730991363
0,0.0010717241093516,0,0.0315481424331665,0,0.391927033662796,0,0.012270581908524
0,0.0461114421486854,0,0.0356796234846115,0,0.1793281584978103,0,0.3996105194091797
0,0.0498833954334259,0,0.028705321252346,0,0.109915018081665,0,0.2455773502588272
0,0.009857858531177,0,0.0114231677725911,0,0.0003664382675196,0,0.0865959078073501
0,0.0002135097893187,0,0.0007912438595667,0,8.99185033631511e-05,0,0.0165339149534702
0,0.0357823632657527,0,0.248646005988121,0,0.001828838372603,0,0.3304525911808014
0,0.0059393090195953,0,0.0285431183874607,0,0.0001366106298519,0,0.0836505964398384
0,0.0138534549623727,0,0.1006796732544899,0,0.0034718431998044,0,0.2192611992359161
0,0.004097974859178,0,0.0686017945408821,0,0.0005127190379425,0,0.4964339733123779
0,0.0939044952392578,0,0.0050229537300765,0,0.0058465478941798,0,0.0252773240208625
0,0.0087345857173204,0,0.0622467137873172,0,0.0053465054370462,0,0.5250124335289001
0,0.0015563381602987,0,0.0021040765568614,0,8.18079206510447e-05,0,0.0947974622249603
0,0.0010202777339145,0,0.0023430376313626,0,1.0426172593724914e-05,0,0.0146002182736992
0,0.002608360722661,0,0.0049769398756325,0,4.64858821942471e-05,0,0.0342148393392562
0,0.0019395144190639,0,0.0079521751031279,0,0.0002653074334375,0,0.0813846066594123
0,0.0001109206496039,0,0.0030900605488568,0,0.0002975953393615,0,0.0264575686305761
0,0.0010193983325734,0,0.0069111948832869,0,0.0014118360122665,0,0.0192154943943023
0,0.0182576272636652,0,0.1778337657451629,0,0.0011278925230726,0,0.0391827709972858
0,0.0124968001618981,0,0.0364101342856884,0,0.0014280859613791,0,0.0310344770550727
0,0.0011041673133149,0,0.0176608357578516,0,0.0030659548938274,0,0.0119328806176781
0,0.0021922804880887,0,0.0120387524366378,0,0.001112465863116,0,0.0322896353900432
0,0.0006474809488281,0,0.0109344348311424,0,0.0048817628994584,0,0.0169064383953809
0,0.0061187460087239,0,0.0056584486737847,0,0.0011564856395125,0,0.1066797524690628
0,0.9003663659095764,0,0.5153916478157043,0,0.8426580429077148,0,0.8484112024307251
0,0.9712981581687928,0,0.5947425961494446,0,0.4729261994361877,0,0.8917232155799866
0,0.9680659770965576,0,0.5401396751403809,0,0.6619211435317993,0,0.8665616512298584
0,0.0031745503656566,0,0.0038749675732105,0,0.0002299022453371,0,0.0381882674992084
0,0.0064870463684201,0,0.0074106068350374,0,0.0015911350492388,0,0.1066333651542663
0,0.0041138208471238,0,0.009510776028037,0,0.0005450583412311,0,0.0831460952758789
0,0.0016750155482441,0,0.0927453339099884,0,0.0029070458840578,0,0.1886487603187561
0,0.0015253679594025,0,0.0040876329876482,0,0.0001380134490318,0,0.0143040502443909
0,0.0039663822390139,0,0.0188684836030006,0,0.0007601612596772,0,0.0651740133762359
0,0.9851320385932922,0,0.9622845649719238,0,0.9968301653862,0,0.9057629704475404
0,0.728457510471344,0,0.5741323232650757,0,0.754956066608429,0,0.4728089272975921
0,0.0023601332213729,0,0.00946347694844,0,0.0005621365853585,0,0.0415688715875148
0,0.0014510466717183,0,0.0016664444701746,0,0.0004683687002398,0,0.0074720783159136
0,0.0052805244922637,0,0.0470229834318161,0,0.0031857527792453,0,0.1223629713058471
0,0.0003452000382822,0,0.0015325032873079,0,0.0001427557290298,0,0.0075128497555851
0,0.0003967192897107,0,0.0033045576419681,0,0.0027247092220932,0,0.028905788436532
0,8.666385838296264e-05,0,0.0014392602024599,0,9.272206079913305e-05,0,0.0075786365196108
0,0.0001922825031215,0,0.0016089566051959,0,8.174202957889065e-05,0,0.009444797411561
0,0.0001789189118426,0,0.0019799540750682,0,0.0001721335866022,0,0.0082552479580044
0,0.0004034735029563,0,0.0011827669804915,0,0.0001234380033565,0,0.0140287587419152
0,0.0002972870715893,0,0.0033106489572674,0,0.0007549396250396,0,0.0224444475024938
0,6.26379405730404e-05,0,0.0031226081773638,0,0.0001281348231714,0,0.0084421532228589
0,0.814850389957428,0,0.0293009243905544,0,0.0006904151523485,0,0.5022013783454895
0,0.0015160483308136,0,0.0022462650667876,0,0.0002779570349957,0,0.0993866622447967
0,0.0002387080166954,0,0.0033288795966655,0,0.000788469100371,0,0.0032992155756801
0,0.0026121765840798,0,0.0091096758842468,0,6.414968811441213e-05,0,0.0777449533343315
0,0.0011488298187032,0,0.0050531108863651,0,0.0001030555285979,0,0.0927008986473083
0,0.0011123943841084,0,0.0079037575051188,0,5.643111217068508e-05,0,0.0754574164748191
1,0.462765634059906,1,0.9260329008102416,1,0.0494976826012134,1,0.9390600919723512
1,0.4118460118770599,1,0.2168339937925338,1,0.000739743176382,1,0.2672572433948517
1,0.0063871229067444,1,0.0182868912816047,1,0.0013707033358514,1,0.2887870967388153
1,0.0012113439152017,1,0.003859726479277,1,0.0019960086792707,1,0.2108847647905349
1,0.0019878093153238,1,0.0040103048086166,1,0.0005181222222745,1,0.0760998353362083
1,0.95622456073761,1,0.9784702062606812,1,0.9859629273414612,1,0.7937439680099487
1,0.9971804618835448,1,0.9972848892211914,1,0.9973334074020386,1,0.9445041418075562
1,0.0026674680411815,1,0.0091534163802862,1,0.0004828375240322,1,0.0821205601096153
1,0.0051584681496024,1,0.025363553315401,1,0.0109421769157052,1,0.2767015099525451
1,0.0118949692696332,1,0.1857843697071075,1,0.1820573657751083,1,0.8647462725639343
1,0.0412323363125324,1,0.1436085551977157,1,0.0071702934801578,1,0.0363876670598983
1,0.592166006565094,1,0.2465468347072601,1,0.8939946889877319,1,0.4443584680557251
1,0.5671037435531616,1,0.5160515308380127,1,0.3191963732242584,1,0.451285719871521
1,0.2201888859272003,1,0.8418996334075928,1,0.8386308550834656,1,0.6972212791442871
1,0.1700179725885391,1,0.4908533990383148,1,0.0490590296685695,1,0.7726853489875793
1,0.0016240824479609,1,0.0070335189811885,1,9.150237019639462e-05,1,0.0271315295249223
1,0.0016023620264604,1,0.0250384490936994,1,0.0063908668234944,1,0.062592402100563
1,0.0121758067980408,1,0.0059331809170544,1,0.0011529751354828,1,0.1361418217420578
1,0.1692289561033249,1,0.741791307926178,1,0.3352876901626587,1,0.6402402520179749
1,0.7016738653182983,1,0.3433859944343567,1,0.6409545540809631,1,0.3239324688911438
1,0.9117486476898192,1,0.8757254481315613,1,0.0154841393232345,1,0.856209397315979
1,0.5894230604171753,1,0.8456999063491821,1,0.5917243957519531,1,0.5557427406311035
1,0.9739806652069092,1,0.9626209139823914,1,0.8953807353973389,1,0.9339940547943116
1,0.9383374452590942,1,0.8370716571807861,1,0.998967170715332,1,0.5345544815063477
1,0.920405387878418,1,0.8354853391647339,1,0.9982683658599854,1,0.5032366514205933
1,0.413397878408432,1,0.873810350894928,1,0.9698277115821838,1,0.5987690091133118
0,0.0254763923585414,0,0.3790193200111389,0,0.0219038799405097,0,0.458864688873291
0,0.0306435413658618,0,0.4686643481254577,0,0.003610907588154,0,0.5530111789703369
0,0.0593340098857879,0,0.0053310422226786,0,0.008170710876584,0,0.3576645255088806
0,0.0041748089715838,0,0.0054937484674155,0,0.0001087180426111,0,0.0327129736542701
0,0.0058337352238595,0,0.0162689052522182,0,0.0004989319131709,0,0.0368305742740631
0,0.0397956781089305,0,0.1846264600753784,0,0.00075236603152,0,0.1937247663736343
0,0.0020651791710406,0,0.0263669583946466,0,0.0004939598729833,0,0.0661692842841148
0,0.0002016037906287,0,0.0037644428666681,0,0.0007911816355772,0,0.0093804541975259
0,0.0234740283340215,0,0.4495697915554046,0,0.0017215203261002,0,0.1887645721435547
0,0.0006932726828381,0,0.0063132159411907,0,0.0003940619644708,0,0.0713564530014991
0,0.0005653993575833,0,0.0228961985558271,0,0.0005673784180544,0,0.0555710643529892
0,0.0127973007038235,0,0.0220934841781854,0,9.280564700020476e-05,0,0.2811536490917206
0,0.002025255234912,0,0.0034084029030054,0,0.0002537123509682,0,0.2493179887533188
0,0.8828939199447632,0,0.5484712719917297,0,0.9724591970443726,0,0.7901695966720581
0,0.0003715109778568,0,0.0046400330029428,0,1.0491693501535336e-05,0,0.0055148755200207
0,0.0013478389009833,0,0.0088030751794576,0,0.0001563640253152,0,0.0069627603515982
0,0.1591871380805969,0,0.0667357072234153,0,0.0331863164901733,0,0.2532601654529571
0,0.0011939642718061,0,0.0064029837958514,0,7.657010428374633e-05,0,0.0104295378550887
0,0.0094534959644079,0,0.0153749464079737,0,0.0008029813761822,0,0.0905960798263549
0,0.4214951395988464,0,0.1193611472845077,0,0.0487041696906089,0,0.1377662271261215
0,0.0374634154140949,0,0.0191169846802949,0,0.0001086540869437,0,0.1274269968271255
0,0.0473856851458549,0,0.0399578250944614,0,0.0332136116921901,0,0.508425772190094
0,0.6910756826400757,0,0.2284371852874755,0,0.0123104080557823,0,0.2969141006469726
0,0.0017972694477066,0,0.0039293873123824,0,7.459740299964324e-05,0,0.0113116735592484
0,0.0005173281533643,0,0.0057482509873807,0,4.850205004913733e-05,0,0.0137742310762405
0,0.0208681244403123,0,0.0425545163452625,0,7.733850361546502e-05,0,0.0728761106729507
0,0.0006252856110222,0,0.0034552519209682,0,0.0001107955904444,0,0.0161893628537654
0,0.0003940974420402,0,0.0015179818728938,0,6.322201807051897e-05,0,0.0107850311324
0,0.0007101114606484,0,0.0024479972198605,0,8.01941569079645e-05,0,0.0099397832527756
0,0.0107353245839476,0,0.0064388741739094,0,0.0030738599598407,0,0.0150980688631534
0,0.6020216941833496,0,0.3427378833293915,0,0.9844332933425904,0,0.5398786067962646
0,0.878386914730072,0,0.4829666912555694,0,0.9622684717178344,0,0.801354706287384
0,0.6869481801986694,0,0.1655863523483276,0,0.4702981412410736,0,0.3048349022865295
0,0.0049635265022516,0,0.0982167497277259,0,0.0477134212851524,0,0.3837372958660126
0,0.0486760213971138,0,0.3199362754821777,0,0.9943051934242249,0,0.6888120770454407
0,0.0042099691927433,0,0.0470673814415931,0,0.5492985248565674,0,0.546825110912323
0,0.0090011525899171,0,0.0035368998069316,0,0.0019155307672917,0,0.0530211962759494
0,0.0350862704217433,0,0.0262915547937154,0,0.0028391354717314,0,0.0444073043763637
0,0.0158025212585926,0,0.0184352900832891,0,0.0243196822702884,0,0.133946344256401
0,0.0670443996787071,0,0.0267673730850219,0,0.0021059126593172,0,0.0629952475428581
0,0.0108945406973361,0,0.0568937547504901,0,0.0001009936750051,0,0.1027948334813118
0,0.0293253734707832,0,0.0399803109467029,0,0.0026023262180387,0,0.0448794215917587
0,0.0080704800784587,0,0.0097029078751802,0,0.0024311959277838,0,0.1448996067047119
0,0.0044651376083493,0,0.0125451385974884,0,7.070093124639243e-05,0,0.0233749784529209
0,0.0012421362334862,0,0.0022489875555038,0,0.0117818610742688,0,0.0308148935437202
0,0.0046795830130577,0,0.0054124337621033,0,0.0351776108145713,0,0.0349335707724094
0,0.0410636328160762,0,0.02381800301373,0,0.3396350741386413,0,0.0617487430572509
0,0.0018436944810673,0,0.0082230204716324,0,0.0010146453278139,0,0.1164584830403328
0,0.0041634142398834,0,0.0185557398945093,0,0.003381751012057,0,0.0247006472200155
0,0.0014642878668382,0,0.0448547676205635,0,0.0006599299958907,0,0.0966594815254211
0,0.0014871802413836,0,0.0118053192272782,0,0.0089476406574249,0,0.0184449646621942
0,0.0027709179557859,0,0.0086690494790673,0,0.0093998862430453,0,0.0166540797799825
0,0.0284855496138334,0,0.1152589619159698,0,0.0005889901076443,0,0.1690199971199035
0,0.0023701027967035,0,0.0048186965286731,0,0.0007934969034977,0,0.029919933527708
0,0.0212203115224838,0,0.3197861909866333,0,0.0630761161446571,0,0.040974136441946
0,0.0006938698934391,0,0.1883950233459472,0,0.0129471374675631,0,0.037535585463047
0,6.214180757524446e-05,0,0.0025234229397028,0,4.885289308731444e-05,0,0.0041995546780526
0,0.5806254744529724,0,0.3027952909469604,0,0.0176086444407701,0,0.547982931137085
0,0.0002103781735058,0,0.0020026299171149,0,0.0004223792057018,0,0.0731662735342979
0,0.0244097895920276,0,0.0134761976078152,0,0.0006443095044232,0,0.1712425202131271
0,0.0072860247455537,0,0.0053197923116385,0,0.0005207353970035,0,0.1936232894659042
0,0.0062252972275018,0,0.015362593345344,0,0.0004316963313613,0,0.0895347669720649
0,0.0299717169255018,0,0.0166102033108472,0,0.0020797757897526,0,0.0204235408455133
0,0.0001084064351744,0,0.0150974607095122,0,0.0002276214363519,0,0.0105646047741174
0,0.0070162620395421,0,0.0212716050446033,0,0.0016702977009117,0,0.1697875559329986
0,3.493012263788842e-05,0,0.015315025113523,0,9.254054020857438e-05,0,0.0069192927330732
0,0.0055946609936654,0,0.0179314725100994,0,0.00078793882858,0,0.1859644055366516
0,8.217352296924219e-05,0,0.0100886672735214,0,0.0004941416555084,0,0.0071216546930372
0,0.0714195743203163,0,0.0155256930738687,0,0.0030900943093001,0,0.013515749014914
0,0.0073447902686893,0,0.0055052521638572,0,0.0002447269798722,0,0.013977157883346
0,0.0090404879301786,0,0.0137107726186513,0,0.0297155249863863,0,0.0448111928999424
0,0.0090086162090301,0,0.0478435195982456,0,0.0043055429123342,0,0.0097405929118394
0,0.00083940703189,0,0.0108657721430063,0,0.0021004586014896,0,0.0136252185329794
0,0.0078176679089665,0,0.0105227138847112,0,0.0010953919263556,0,0.0166793931275606
0,0.0098925419151782,0,0.0046567851677536,0,0.011719886213541,0,0.0571855157613754
0,0.0002583941386546,0,0.004677555989474,0,4.7629520850023255e-05,0,0.0120410779491066
0,0.9371538162231444,0,0.534396767616272,0,0.6214489936828613,0,0.7500506043434143
0,0.0001764009939506,0,0.0037315322551876,0,1.2070744560332969e-05,0,0.0169318579137325
0,0.0015373658388853,0,0.0007338839932344,0,0.0001035140885505,0,0.003706574672833
0,0.0001878665498225,0,0.0006184802041389,0,1.4001467206981031e-05,0,0.0122534120455384
0,0.0001194643045892,0,0.0019640238024294,0,1.1214490768907126e-05,0,0.0215875338762998
0,0.0004080234793946,0,0.0015788520686328,0,2.001247412408702e-05,0,0.0114804953336715
0,0.0001832716661738,0,0.0017678593285381,0,1.5174809050222391e-05,0,0.0356212146580219
0,0.0039833537302911,0,0.0031008638907223,0,0.0001410216646036,0,0.048025406897068
0,0.0022184702102094,0,0.00642114225775,0,0.0008001347305253,0,0.0409977510571479
0,0.0194858256727457,0,0.1568858474493026,0,0.0083702551200985,0,0.334962248802185
0,0.005159752909094,0,0.0211072042584419,0,0.0030701956711709,0,0.2109446227550506
0,0.0569916740059852,0,0.4140685498714447,0,0.0251213647425174,0,0.4481968879699707
0,0.011120319366455,0,0.391273558139801,0,0.0409183129668235,0,0.4808018207550049
0,0.0189961586147546,0,0.0658343583345413,0,0.0064154369756579,0,0.1435810476541519
0,0.0008594577084295,0,0.0077818580903112,0,0.0001153650082414,0,0.2873096168041229
0,0.000542580964975,0,0.0106184678152203,0,0.0001186472582048,0,0.2673885822296142
0,0.0139702260494232,0,0.5770416259765625,0,0.0336944311857223,0,0.3177381455898285
0,0.0065733352676033,0,0.0066712000407278,0,0.0001601285912329,0,0.0309796743094921
0,0.0032506089191883,0,0.0416411682963371,0,0.0561712309718132,0,0.2509248554706573
0,0.6367470622062683,0,0.4798431396484375,0,0.240693986415863,0,0.6283407807350159
0,0.2839670777320862,0,0.4130319654941559,0,0.8507090210914612,0,0.7548718452453613
0,0.6355612874031067,0,0.0966668352484703,0,0.8988926410675049,0,0.8251528739929199
0,0.0050709876231849,0,0.0128600969910621,0,0.0009591098641976,0,0.1272499561309814
0,0.0002787087869364,0,0.0008923876448534,0,0.0007960791699588,0,0.0082354433834552
0,0.0001025597666739,0,0.0014058575034141,0,0.0005204857443459,0,0.0139519115909934
0,1.1574203199415932e-05,0,0.0006428754422813,0,0.0001635311054997,0,0.0171424429863691
0,0.0004328676441218,0,0.0057258144952356,0,0.0002198542060796,0,0.0359472706913948
0,1.699034692137502e-05,0,0.0005318307084962,0,0.0001248928747372,0,0.0122472792863845
0,5.312313078320585e-05,0,0.0016294050728902,0,0.0010107042035087,0,0.02071731723845
0,0.0001885037054307,0,0.0056821689940989,0,0.0006352338823489,0,0.0512873940169811
0,0.0159853976219892,0,0.0038745221681892,0,0.0010786512866616,0,0.0754513815045356
0,0.0075142970308661,0,0.0059104496613144,0,0.0023695235140621,0,0.1009350344538688
0,0.0006834925734438,0,0.0025183989200741,0,0.0005858014919795,0,0.0203043147921562
0,0.0336045213043689,0,0.0368930101394653,0,0.0067137293517589,0,0.1525098234415054
0,0.0039767436683177,0,0.0028397187124937,0,0.0034063011407852,0,0.0247285310178995
0,0.354409784078598,0,0.3325133919715881,0,0.8487610220909119,0,0.9168458580970764
0,0.0102442549541592,0,0.0020676490385085,0,0.0015240177744999,0,0.1197233647108078
0,0.0021499444264918,0,0.0026249017100781,0,0.0001057044792105,0,0.0461439713835716
0,0.0008812946034595,0,0.0019319619750604,0,7.451194687746465e-05,0,0.0937619432806968
0,0.0041248514316976,0,0.0020066804718226,0,0.0011298410827293,0,0.1041720956563949
0,0.617843747138977,0,0.2587945163249969,0,0.6210139989852905,0,0.9313688278198242
0,0.0008724914514459,0,0.0024405675940215,0,0.0011389274150133,0,0.0277812723070383
0,0.0040405923500657,0,0.0017483991105109,0,0.0008857905631884,0,0.0828145071864128
0,0.0014658637810498,0,0.0016834128182381,0,8.605857146903872e-05,0,0.046555146574974
0,0.7562553286552429,0,0.3268608450889587,0,0.8329833745956421,0,0.9226149320602416
0,0.0001829521497711,0,0.0022445609793066,0,0.0005066996673122,0,0.1509303450584411
0,0.0001842221245169,0,0.0022794529795646,0,0.0001260219432879,0,0.0524642914533615
0,7.792779069859535e-05,0,0.0015346353175118,0,0.0001852674176916,0,0.1277628242969513
0,0.0161199793219566,0,0.0898134633898735,0,0.3288415968418121,0,0.3512793481349945
0,0.0110570807009935,0,0.0238032452762126,0,0.004228922072798,0,0.2941096425056457
0,0.0008472919580526,0,0.00215197307989,0,7.026833918644115e-05,0,0.0296367779374122
0,0.0004531818267423,0,0.0066970461048185,0,0.0003274662594776,0,0.0224336646497249
0,0.0119283897802233,0,0.0621994510293006,0,0.0086735663935542,0,0.1491928249597549
0,0.0024881516583263,0,0.002045220695436,0,0.000257346779108,0,0.0537929944694042
0,0.0393379069864749,0,0.0321738570928573,0,0.0008117243414744,0,0.1366559118032455
0,0.3872562944889068,0,0.0847884565591812,0,0.0054850978776812,0,0.5568705797195435
0,0.0602916702628135,0,0.235721617937088,0,0.0120579823851585,0,0.6398319005966187
0,0.9765663146972656,0,0.9444330334663392,0,0.8345276713371277,0,0.9258282780647278
0,0.5035064816474915,0,0.5184373259544373,0,0.0231160931289196,0,0.8213579654693604
0,0.298137754201889,0,0.0472415797412395,0,0.8289387226104736,0,0.2797150313854217
0,9.279326332034545e-05,0,0.0019573746249079,0,2.238773413409945e-05,0,0.0049322806298732
0,0.0001583747362019,0,0.0125889908522367,0,0.0001346916396869,0,0.0242078024893999
0,0.6654201149940491,0,0.778829038143158,0,0.178545594215393,0,0.4773093163967132
0,0.3626681268215179,0,0.5814552903175354,0,0.0559625029563903,0,0.3294825851917267
0,0.0003648186684586,0,0.0006971884868107,0,0.000415615417296,0,0.0073676700703799
0,0.0379862710833549,0,0.0365248285233974,0,0.000184303484275,0,0.0209078844636678
0,0.0022150001022964,0,0.0033606996294111,0,0.0001862408535089,0,0.0542484670877456
0,0.0001248726184712,0,0.0022898667957633,0,8.253941632574424e-05,0,0.0186848882585763
0,0.0001561940007377,0,0.0018001744756475,0,2.32160855375696e-05,0,0.0150508126243948
0,0.0002947566972579,0,0.005734113510698,0,0.0002956770476885,0,0.0218805335462093
0,0.0027968424838036,0,0.0466754324734211,0,0.0004180882242508,0,0.0702460259199142
0,0.0001970639714272,0,0.0010279018897563,0,5.083341966383159e-05,0,0.0181277878582477
0,0.4398277997970581,0,0.337126225233078,0,0.2685566246509552,0,0.3454198539257049
0,0.1073610857129097,0,0.13873191177845,0,0.1246251687407493,0,0.445015013217926
0,0.912165343761444,0,0.9737634658813475,0,0.93310809135437,0,0.8454853296279907
0,0.1096900403499603,0,0.3304795622825622,0,0.0012947133509442,0,0.6227162480354309
0,0.4895513355731964,0,0.8649964332580566,0,0.6466368436813354,0,0.8146740198135376
0,0.2893059849739074,0,0.3433543443679809,0,0.1387012749910354,0,0.3615660965442657
0,0.1454076021909713,0,0.8366380929946899,0,0.0146800614893436,0,0.752798318862915
0,0.362138956785202,0,0.6014545559883118,0,0.0077831437811255,0,0.6901413798332214
0,0.0989355072379112,0,0.4205743670463562,0,0.1327441930770874,0,0.3862215280532837
0,8.11130739748478e-05,0,0.0010400702012702,0,0.0004715113900601,0,0.0238142665475606
0,0.0008250633254647,0,0.0134341232478618,0,0.0034273378551006,0,0.1799048334360122
0,0.0046238922514021,0,0.3248681426048279,0,0.1850951611995697,0,0.3527731895446777
0,0.0009638944175094,0,0.0105235930532217,0,2.154847425117623e-05,0,0.0151310190558433
0,0.4843488335609436,0,0.2592514753341675,0,0.0177357587963342,0,0.6956407427787781
0,0.7368554472923279,0,0.129133403301239,0,0.0003055920824408,0,0.1548063308000564
0,0.1458897143602371,0,0.1140809059143066,0,0.0016792844980955,0,0.1503031104803085
0,0.3867230713367462,0,0.1373608261346817,0,0.0003447646158747,0,0.1264268010854721
0,0.9239416718482972,0,0.4469915330410003,0,0.016969783231616,0,0.6613648533821106
0,0.4226348996162414,0,0.02230123616755,0,0.0593223795294761,0,0.4756865203380584
0,0.5916463732719421,0,0.5734651684761047,0,0.1050646379590034,0,0.2267444133758545
0,0.0111979497596621,0,0.0088043399155139,0,0.0002494560030754,0,0.1154360920190811
0,0.0058285240083932,0,0.015677697956562,0,6.181679054861888e-05,0,0.0611791983246803
0,0.0579663999378681,0,0.2148334383964538,0,0.0001628669706406,0,0.0613271929323673
0,0.0045702466741204,0,0.0171676315367221,0,0.0009490113588981,0,0.0389186441898345
0,0.0210601221770048,0,0.0092481700703501,0,0.0025785779580473,0,0.0327299311757087
0,0.1112090125679969,0,0.0175711940973997,0,0.0422160737216472,0,0.0872141271829605
0,0.0125204129144549,0,0.0502908304333686,0,0.0017735966248437,0,0.0638612955808639
0,0.0167625043541193,0,0.0143115408718585,0,0.0100745139643549,0,0.1159246489405632
0,0.0841872990131378,0,0.1278342306613922,0,0.0010090470314025,0,0.0843255817890167
0,0.0001483526284573,0,0.0051575256511569,0,3.140640183119103e-05,0,0.0474458448588848
0,0.0003332568448968,0,0.0125224823132157,0,5.374094325816259e-05,0,0.034335620701313
0,0.0003103062335867,0,0.0044334032572805,0,5.26783915120177e-05,0,0.0266078133136034
0,0.0009661963558755,0,0.0119031881913542,0,0.0001143380577559,0,0.0126331076025962
0,0.0015515006380155,0,0.0156661849468946,0,0.0003471985110081,0,0.0057321731001138
0,0.0020793927833437,0,0.0088732633739709,0,0.0001275443355552,0,0.0138722546398639
0,0.0015405282611027,0,0.0368127673864364,0,0.0002979223791044,0,0.0111055737361311
0,0.0212904103100299,0,0.032564278692007,0,0.00017934506468,0,0.0913828015327453
0,0.004880535416305,0,0.0562769547104835,0,0.0001437480968888,0,0.0676862373948097
0,0.0391093902289867,0,0.0339192524552345,0,0.0002823991817422,0,0.1192119717597961
0,0.0199276804924011,0,0.0312600992619991,0,9.461361332796514e-05,0,0.1086130067706108
0,0.0016942152287811,0,0.0053162882104516,0,7.139347871998325e-05,0,0.0131495390087366
0,0.0014935573562979,0,0.0124008720740675,0,0.0001302522287005,0,0.0346253886818885
0,0.0001283282617805,0,0.001244805403985,0,3.462434688117355e-05,0,0.0045584561303257
0,0.0010284680174663,0,0.0095625100657343,0,0.0002490793121978,0,0.0311591066420078
0,6.712827598676085e-05,0,0.0007632991764694,0,0.0001067184057319,0,0.0058284937404096
0,0.0014023194089531,0,0.0087857712060213,0,0.000389600143535,0,0.0322093702852726
0,0.0001933301973622,0,0.0032215716782957,0,0.0006080443272367,0,0.0100702587515115
0,0.0010150297312065,0,0.0020719701424241,0,0.0005122239817865,0,0.042135614901781
0,0.0006910714437253,0,0.0095461402088403,0,0.0040875980630517,0,0.0136804152280092
0,0.0014883718686178,0,0.0030031835194677,0,0.0012612622231245,0,0.0047462871298193
0,0.0005674749845638,0,0.00164649868384,0,0.0002442458353471,0,0.0319436900317668
0,0.0002366548869758,0,0.0086837727576494,0,0.000566023227293,0,0.0252374168485403
0,0.0006508239894174,0,0.0023702934850007,0,0.0006595715531148,0,0.0099259354174137
0,0.0057277148589491,0,0.010395286604762,0,0.0004821569018531,0,0.0076466556638479
0,0.0014145640889182,0,0.0052160709165036,0,0.0005272072157822,0,0.0078702177852392
0,0.0008176484261639,0,0.0026014908216893,0,0.0003487266076263,0,0.010812290944159
0,0.0038495294284075,0,0.011389304883778,0,0.0009418143308721,0,0.067286916077137
0,0.0006935184937901,0,0.0082930447533726,0,0.0001086623742594,0,0.0202105063945055
0,0.0005583298625424,0,0.0048558777198195,0,0.0001193552234326,0,0.0255728363990783
0,0.983107328414917,0,0.6832097172737122,0,0.9907528162002563,0,0.8326957821846008
0,0.9899539947509766,0,0.6175278425216675,0,0.9989653825759888,0,0.8357239365577698
0,0.983975112438202,0,0.6301974654197693,0,0.988938331604004,0,0.8293672204017639
0,0.0092176143079996,0,0.0112825995311141,0,0.0013746016193181,0,0.0342998355627059
0,0.04850984364748,0,0.6628386378288269,0,0.0086311651393771,0,0.7312495112419128
0,0.0057886103168129,0,0.1292936950922012,0,0.0004816347791347,0,0.384962260723114
0,0.0076756924390792,0,0.0069435983896255,0,0.0001685109746176,0,0.0263592433184385
0,0.0179336126893758,0,0.0084227602928876,0,0.0043804440647363,0,0.3950850367546081
0,0.0167816039174795,0,0.0338621251285076,0,0.0004722350859083,0,0.2223985642194748
0,0.0010196849470958,0,0.0085137607529759,0,8.86501875356771e-05,0,0.0187637750059366
0,0.0127587793394923,0,0.0135107710957527,0,0.0053117009811103,0,0.2533766627311706
0,0.007134455256164,0,0.0446260683238506,0,0.0003501884639263,0,0.3672574162483215
0,0.8008748292922974,0,0.9147334694862366,0,0.8553828001022339,0,0.5710259675979614
0,0.0574355311691761,0,0.2211517840623855,0,0.0162112433463335,0,0.5050281882286072
0,0.0021262448281049,0,0.0210802555084228,0,3.288393054390326e-05,0,0.0350851491093635
0,0.0236131958663463,0,0.1427815109491348,0,0.519887387752533,0,0.6107180118560791
0,0.001156894955784,0,0.0064311763271689,0,0.0018563194898888,0,0.0494133420288562
0,0.0071005919016897,0,0.1839826703071594,0,0.0050215288065373,0,0.5853825211524963
0,0.0006889041396789,0,0.0096363825723528,0,2.909315116994549e-05,0,0.0303586721420288
0,0.0018778149969875,0,0.0194396525621414,0,9.590659465175122e-05,0,0.0067917206324636
0,0.0002015207719523,0,0.0046915626153349,0,0.0003252063179388,0,0.0055957143194973
0,0.004237285349518,0,0.0150482254102826,0,0.0002539705892559,0,0.0109031144529581
0,3.391535574337468e-05,0,0.0058983755297958,0,6.958836456760764e-05,0,0.0063191652297973
0,0.1978298276662826,0,0.2484569996595382,0,0.7935698628425598,0,0.6437262296676636
0,0.8208640217781067,0,0.1333119571208953,0,0.0288477558642625,0,0.4128449857234955
0,0.0158595647662878,0,0.015338160097599,0,0.0198756735771894,0,0.353077232837677
0,0.616823136806488,0,0.8145636916160583,0,0.1492729932069778,0,0.5611845254898071
0,0.9558534622192384,0,0.4506677985191345,0,0.3449358642101288,0,0.3747504949569702
0,0.0321795083582401,0,0.0577350631356239,0,0.0268660467118024,0,0.5276238322257996
0,0.1138202846050262,0,0.6835885643959045,0,0.0265728700906038,0,0.5095229744911194
0,0.0001927228295244,0,0.0054531679488718,0,2.6729358069133013e-05,0,0.006691716145724
0,0.8720216155052185,0,0.7862758040428162,0,0.1420401185750961,0,0.4130164086818695
0,0.0153665179386734,0,0.2037607729434967,0,0.0414966829121112,0,0.5902868509292603
0,0.0490919798612594,0,0.6412776708602905,0,0.1247112601995468,0,0.537649929523468
0,2.4832992494339123e-05,0,0.0063361264765262,0,6.521186151076108e-05,0,0.0058929594233632
0,0.0271678324788808,0,0.2157976329326629,0,0.9856733083724976,0,0.2154792696237564
0,0.0016314976383,0,0.0039830040186643,0,0.0004406887746881,0,0.0256619770079851
1,0.1303974539041519,1,0.1150617599487304,1,0.8445743322372437,1,0.7742096781730652
1,0.5761961340904236,1,0.7854793071746826,1,0.93836909532547,1,0.9330275654792786
1,0.4678556025028229,1,0.823142409324646,1,0.6842613220214844,1,0.9363502264022828
1,0.9452641010284424,1,0.9252600073814392,1,0.9866901636123656,1,0.9366401433944702
1,0.9856163263320924,1,0.5466058850288391,1,0.9717140197753906,1,0.9021453261375428
1,0.9970576763153076,1,0.5391865372657776,1,0.9997422099113464,1,0.9358497262001038
1,0.8964956998825073,1,0.7863280177116394,1,0.9967772364616394,1,0.7736417651176453
1,0.9284041523933412,1,0.9094359278678894,1,0.9984020590782166,1,0.8719639778137207
1,0.9719744324684144,1,0.2472094893455505,1,0.9899615049362184,1,0.6181451678276062
1,0.9520646333694458,1,0.7521300911903381,1,0.9855688214302064,1,0.581118643283844
1,0.0220176130533218,1,0.011820325627923,1,0.0006806496530771,1,0.0564728192985057
1,0.8175978660583496,1,0.397821843624115,1,0.6450238227844238,1,0.7531835436820984
1,0.0054556354880332,1,0.0218986663967371,1,0.0004702446749433,1,0.0488943643867969
1,0.163318932056427,1,0.8126388788223267,1,0.4543135464191437,1,0.3323059976100921
1,0.4346972405910492,1,0.968192994594574,1,0.4729187488555908,1,0.4689120650291443
1,0.7923039793968201,1,0.9190645217895508,1,0.1994624733924865,1,0.5700485110282898
1,0.3206793665885925,1,0.3991952836513519,1,0.6695952415466309,1,0.4106792509555816
1,0.6039514541625977,1,0.4143947064876556,1,0.9974060654640198,1,0.684282124042511
1,0.8916786909103394,1,0.9159451723098756,1,0.4925767779350281,1,0.7035561203956604
1,0.8403317928314209,1,0.2963442504405975,1,0.9447153210639954,1,0.8823287487030029
1,0.6349233984947205,1,0.3427265882492065,1,0.2576347589492798,1,0.8594651818275452
1,0.9291245937347412,1,0.8306325674057007,1,0.9607321619987488,1,0.9153439998626708
1,0.698881983757019,1,0.0216590408235788,1,0.0401033461093902,1,0.0322840809822082
1,0.7206514477729797,1,0.7023190855979919,1,0.3361825346946716,1,0.803378164768219
1,0.8820620775222778,1,0.8936157822608948,1,0.9334898591041564,1,0.9047240614891052
1,0.1084702908992767,1,0.0162532050162553,1,0.0056720990687608,1,0.4284957349300384
1,0.9984050393104552,1,0.9935112595558168,1,0.99985933303833,1,0.95614355802536
0,0.0303548108786344,0,0.1035681888461113,0,0.3175410032272339,0,0.3058502376079559
0,0.0041330768726766,0,0.0108581949025392,0,0.0016885043587535,0,0.0663479417562484
0,0.0009828526526689,0,0.0042173960246145,0,0.0004319402505643,0,0.0037137290928512
0,0.0013112400192767,0,0.006722763646394,0,0.0005550081259571,0,0.0040748622268438
0,0.0012397592654451,0,0.0022269831970334,0,0.0004562161047942,0,0.0650594308972358
0,0.6238083839416504,0,0.5349698066711426,0,0.0058037065900862,0,0.6019047498703003
0,0.0008293093414977,0,0.0008329084375873,0,0.0013781748712062,0,0.0581042803823947
0,0.029921906068921,0,0.1761236190795898,0,0.0061229467391967,0,0.5115296244621277
0,0.0061091841198503,0,0.0104129174724221,0,0.0010576728964224,0,0.0872347205877304
0,0.0006988711538724,0,0.002036350313574,0,0.0004065843531861,0,0.0507943555712699
0,0.0465030558407306,0,0.0132496338337659,0,0.0043641924858093,0,0.0633615627884864
0,0.0011277404846623,0,0.0464098639786243,0,0.0001123427718994,0,0.0799076482653617
0,0.9456631541252136,0,0.7033383250236511,0,0.920902132987976,0,0.5446606278419495
0,0.0060463245026767,0,0.0050381780602037,0,0.0013182635884732,0,0.0366575941443443
0,0.7300747036933899,0,0.0302298497408628,0,0.0123507091775536,0,0.1167392283678054
0,0.0120667619630694,0,0.0142127489671111,0,0.0003159229527227,0,0.1795858293771743
0,0.0221321545541286,0,0.0081701278686523,0,0.0004880231863353,0,0.2431049346923828
0,0.0375475361943244,0,0.0097616203129291,0,0.0007316375849768,0,0.2006013393402099
0,0.0623220205307006,0,0.0247235409915447,0,0.00071464816574,0,0.2265260368585586
0,0.0415395200252532,0,0.0268474817276,0,0.0002287095994688,0,0.2788293063640594
0,0.7069640755653381,0,0.118338868021965,0,0.765806257724762,0,0.3372181057929992
0,0.919696807861328,0,0.3811481893062591,0,0.9046745896339417,0,0.6780065298080444
0,0.0590434372425079,0,0.4066501259803772,0,0.034901212900877,0,0.7224359512329102
0,0.0003240401856601,0,0.0045164958573877,0,0.0011404613032937,0,0.0322177968919277
0,0.0113877588883042,0,0.0769886896014213,0,0.0509566031396389,0,0.7943746447563171
0,0.0057012503966689,0,0.4888650774955749,0,0.0149407824501395,0,0.8974637389183044
0,0.0031549974810332,0,0.0195627938956022,0,0.0008405464468523,0,0.0692433342337608
0,0.0245867036283016,0,0.007202798500657,0,0.0232403818517923,0,0.042140070348978
0,0.138807788491249,0,0.3214249610900879,0,0.0006468034116551,0,0.7325147390365601
0,0.0006986474036239,0,0.0018745897104963,0,0.0018479807768017,0,0.0067256102338433
0,0.0017358984332531,0,0.0033449199981987,0,0.0024596797302365,0,0.0748199373483657
0,0.0010376094141975,0,0.0048590335063636,0,0.0003420319990254,0,0.0388994216918945
0,0.0001364197960356,0,0.0051782899536192,0,9.294487244915216e-05,0,0.0726495534181594
0,0.0070971548557281,0,0.0523432716727256,0,0.1541623473167419,0,0.0600508861243724
0,0.0004291847290005,0,0.0011459990637376,0,6.755397043889388e-05,0,0.0153077272698283
0,0.0023807145189493,0,0.0058765118010342,0,7.259739504661411e-05,0,0.3448924422264099
0,0.00012027953926,0,0.0057940986007452,0,0.0008302313508465,0,0.0114079983904957
0,0.0002497922978363,0,0.0390551723539829,0,0.0013528352137655,0,0.0083662988618016
0,0.0019410859094932,0,0.0080751730129122,0,0.0034545736853033,0,0.0455245859920978
0,5.372285158955492e-05,0,0.0012893915409222,0,0.0002544099988881,0,0.004844598006457
0,0.0004748927603941,0,0.0009183720685541,0,0.0023576926905661,0,0.0279565546661615
0,0.0006204610690474,0,0.0371870659291744,0,0.0034739077091217,0,0.0199637953191995
0,0.0030756359919905,0,0.0394276306033134,0,0.0275015980005264,0,0.0613271929323673
0,9.543610940454528e-05,0,0.0036592741962522,0,0.0004330993979237,0,0.0069433613680303
0,4.8688434617361054e-05,0,0.0007943242089822,0,0.0001789013476809,0,0.0043478175066411
0,0.0004467987164389,0,0.0006530320970341,0,0.0001707768533378,0,0.0249125659465789
0,0.0045482572168111,0,0.0201202817261219,0,0.0026920405216515,0,0.0249264687299728
0,0.107040487229824,0,0.8443784713745117,0,0.0369976386427879,0,0.8386020064353943
0,0.0024721103254705,0,0.0150640588253736,0,0.0099352365359663,0,0.0247194766998291
0,0.0010247685713693,0,0.0284263268113136,0,0.0010786410421133,0,0.3577756285667419
0,0.0826803743839263,0,0.0116013474762439,0,0.0045734085142612,0,0.2446012645959854
0,0.0010911006247624,0,0.0080674495548009,0,0.0050004450604319,0,0.0186499170958995
0,0.0020834892056882,0,0.0452276319265365,0,0.0005167119088582,0,0.4749612510204315
0,0.0007791551761329,0,0.0603057220578193,0,0.0003616086323745,0,0.257243663072586
0,0.0191587675362825,0,0.0073365936987102,0,0.0001972929603653,0,0.0195441916584968
0,0.008326020091772,0,0.009929328225553,0,0.0002959305711556,0,0.0410053171217441
0,0.0118862967938184,0,0.0079153599217534,0,0.0005352915031835,0,0.0352352634072303
0,0.0003517890581861,0,0.0007026446983218,0,0.0002283050271216,0,0.0057080364786088
0,1.6518531992915086e-05,0,0.0002920063561759,0,7.347031350946054e-05,0,0.0057757045142352
0,0.001587871229276,0,0.0097321290522813,0,0.0002908682217821,0,0.0101938731968402
0,0.0006078904843889,0,0.0014953961363062,0,0.0005214824341237,0,0.0168683528900146
0,0.0002054702781606,0,0.0015093688853085,0,0.0006355358054861,0,0.0074201570823788
0,0.0064047374762594,0,0.0403929874300956,0,0.0013590306043624,0,0.0522670224308967
0,0.0002966090396512,0,0.0007447659736499,0,0.0003774453653022,0,0.0180328320711851
0,0.0003133865830022,0,0.0023402771912515,0,0.0015327462460845,0,0.0065853935666382
0,6.526673678308725e-05,0,0.0018152022967115,0,0.0001096656415029,0,0.0133387772366404
0,0.0004301019653212,0,0.0034640850499272,0,0.000115147937322,0,0.0282268449664115
0,0.000327514950186,0,0.0100133391097188,0,0.0003825695603154,0,0.0043418621644377
0,0.0020770896226167,0,0.0195932127535343,0,6.70255467412062e-05,0,0.0251455064862966
0,0.0004715372051578,0,0.0177931934595108,0,0.0005123253213241,0,0.0081048384308815
0,0.928149938583374,0,0.2631053030490875,0,0.0001238970726262,0,0.579696774482727
0,0.000688818458002,0,0.0059439898468554,0,0.0001640515110921,0,0.0222292318940162
0,0.0010578220244497,0,0.0052870507352054,0,6.23318410362117e-05,0,0.0302777420729398
0,0.0016016900772228,0,0.0123694408684968,0,0.0007558765355497,0,0.1558809131383896
0,0.0013296277029439,0,0.0086973579600453,0,0.0018690377473831,0,0.1138765066862106
0,0.0004569198645185,0,0.0033766976557672,0,0.0001583838020451,0,0.016079818829894
0,0.6207405924797058,0,0.6210481524467468,0,0.0340057052671909,0,0.4501243829727173
0,0.2226362228393554,0,0.0482310503721237,0,0.0036142920143902,0,0.3115060925483703
0,0.0415813736617565,0,0.0783216208219528,0,0.0002791294828057,0,0.5371431708335876
0,0.2938641905784607,0,0.448028028011322,0,0.0008435500785708,0,0.476256400346756
0,0.0906258150935173,0,0.681776225566864,0,0.0260088574141263,0,0.3417128622531891
0,0.0032056265044957,0,0.0852504521608352,0,0.0003688909055199,0,0.0399973541498184
0,0.0004028078401461,0,0.0119857378304004,0,8.007128053577617e-05,0,0.008348629809916
0,0.0034244381822645,0,0.0070227868854999,0,9.480635344516486e-05,0,0.0094713028520345
0,0.0045895134098827,0,0.0059669399634003,0,0.0005762537475675,0,0.0115274814888834
0,0.0014326177770271,0,0.0320372767746448,0,0.0021038702689111,0,0.0782563984394073
0,0.0002232951810583,0,0.0054213581606745,0,6.796051457058638e-05,0,0.0108093693852424
0,0.0061162188649177,0,0.0144170317798852,0,0.0081191379576921,0,0.2723163962364197
0,0.0644622519612312,0,0.2336097359657287,0,0.0208084918558597,0,0.3355152904987335
0,0.0031476484145969,0,0.009526583366096,0,0.0003588154504541,0,0.0140096256509423
0,0.0059950365684926,0,0.0027231520507484,0,7.855339208617806e-05,0,0.0110880807042121
0,0.0012694660108536,0,0.0013238443061709,0,0.00031321393908,0,0.0274220388382673
0,0.0013199081877246,0,0.0060038170777261,0,0.000957379641477,0,0.053016360849142
0,0.0031222815159708,0,0.0044382950291037,0,0.0037807689514011,0,0.0270841009914875
0,0.0002752704604063,0,0.003316382644698,0,0.0002117797121172,0,0.0097160348668694
0,0.000580801803153,0,0.0026783042121678,0,0.0010740124853327,0,0.0282049868255853
0,0.1124559342861175,0,0.1958431750535965,0,0.3809239268302917,0,0.276455819606781
0,9.718655201140793e-05,0,0.0005661891191266,0,0.0003293526533525,0,0.017539482563734
0,0.0002539897395763,0,0.0013164104893803,0,5.021559991291724e-05,0,0.0086231753230094
0,0.0107935899868607,0,0.0095797954127192,0,0.0001691429788479,0,0.1246441006660461
0,0.0018975866260007,0,0.011410241946578,0,0.0007814014097675,0,0.0814954414963722
0,0.0008477873634546,0,0.0238999109715223,0,0.0006684557301923,0,0.0144427549093961
0,0.0008769546402618,0,0.0118150189518928,0,0.0001262587611563,0,0.0476576499640941
0,0.011863368563354,0,0.0041970969177782,0,0.0001888473343569,0,0.0304655712097883
0,0.0504951253533363,0,0.0105355661362409,0,0.0007165700080804,0,0.0615015663206577
0,0.0152187496423721,0,0.0015951981768012,0,0.000865967827849,0,0.0997650399804115
0,0.03914625197649,0,0.0086281420662999,0,0.0006593437283299,0,0.0722464844584465
0,0.0107406126335263,0,0.0045627863146364,0,0.0002040147519437,0,0.0333078391849994
0,0.0326285175979137,0,0.0228566173464059,0,0.0018306646961718,0,0.0350047424435615
0,0.0040568956173956,0,0.024761950597167,0,0.2579595148563385,0,0.1905570328235626
0,0.0095266234129667,0,0.0083968229591846,0,0.379145085811615,0,0.2350484132766723
0,0.0005612735403701,0,0.0021765686105936,0,0.0007203103159554,0,0.0216209907084703
0,0.000226366581046,0,0.0067020310088992,0,0.0003822955768555,0,0.0138996066525578
0,0.0015705184778198,0,0.0062373098917305,0,0.0005391208687797,0,0.0166584085673093
0,0.000223737602937,0,0.0142048532143235,0,0.0072440546937286,0,0.0124867251142859
0,0.0020828181877732,0,0.0047722002491354,0,0.0004163128905929,0,0.017355153337121
0,0.0037639308720827,0,0.0168161783367395,0,0.0198100190609693,0,0.1655974090099334
0,6.544865755131468e-05,0,0.0006352209020406,0,0.0003765115397982,0,0.0037764394655823
0,0.0006182070355862,0,0.0082700289785861,0,0.0009690962033346,0,0.0205549430102109
0,0.00396538246423,0,0.0305008422583341,0,0.0001495810138294,0,0.0200206544250249
0,4.257497494108975e-05,0,0.0011623977916315,0,7.917442417237908e-05,0,0.0099684949964284
0,0.0041797030717134,0,0.0092445304617285,0,0.0001635889784665,0,0.0186785589903593
0,0.0001377688749926,0,0.002148289931938,0,0.0001493843155913,0,0.0197883918881416
0,6.982134800637141e-05,0,0.0007449608528986,0,0.0002367397391935,0,0.0035290713422
0,0.0011265545617789,0,0.0116414604708552,0,0.00010391552496,0,0.0329445637762546
0,0.0175904408097267,0,0.005583802703768,0,0.0043118149042129,0,0.0772558823227882
0,0.000808437122032,0,0.0045426581054925,0,0.0001026004538289,0,0.0248873028904199
0,0.0002231113321613,0,0.0012876114342361,0,0.0001826417283155,0,0.0030916386749595
0,0.0020874585025012,0,0.0037317220121622,0,0.0002088090113829,0,0.0251829847693443
0,0.002131417626515,0,0.0039306003600358,0,0.0037827019114047,0,0.0482192486524581
0,0.0006948465597815,0,0.0089279999956488,0,0.0008032434852793,0,0.0651627704501152
0,0.0085691809654235,0,0.021160140633583,0,0.0023984552826732,0,0.2741496860980987
0,0.0497025847434997,0,0.0038613842334598,0,0.0125064253807067,0,0.1416322886943817
0,0.0006367492605932,0,0.1522416770458221,0,0.0032038963399827,0,0.0095621040090918
0,0.4580928981304168,0,0.0254765283316373,0,0.0002048630703939,0,0.4099309742450714
0,0.0146851669996976,0,0.011340245604515,0,0.0055139237083494,0,0.0970780849456787
0,0.0181291159242391,0,0.0166410449892282,0,0.0081923454999923,0,0.1145029664039611
0,0.0240409057587385,0,0.0189848504960536,0,0.0043254415504634,0,0.0895944684743881
0,0.0065422672778368,0,0.2037213444709777,0,0.0004541873058769,0,0.3507134616374969
0,0.1798077821731567,0,0.0338881723582744,0,0.0013963724486529,0,0.2089386731386184
0,0.0029996645171195,0,0.077122651040554,0,0.0225970614701509,0,0.0941943228244781
0,0.0097574414685368,0,0.4287504851818084,0,0.0018408246105536,0,0.3708875179290771
0,0.0095953084528446,0,0.0275022238492965,0,0.0001936726330313,0,0.2787326574325561
0,0.001829088316299,0,0.0648389309644699,0,0.0315287411212921,0,0.0861669406294822
0,0.0096798697486519,0,0.233952522277832,0,0.0604672133922576,0,0.3350295126438141
0,0.0053722723387181,0,0.0230392720550298,0,0.0002051869960268,0,0.2903549671173095
0,0.0020463168621063,0,0.0130280284211039,0,0.0004071263829246,0,0.1918385624885559
0,0.9528127312660216,0,0.978010892868042,0,0.9918488264083862,0,0.941993236541748
0,0.842982292175293,0,0.4655119776725769,0,0.8942514657974243,0,0.905217468738556
0,0.9112592339515686,0,0.808245837688446,0,0.9600552916526794,0,0.9172841906547546
0,0.0078529091551899,0,0.0047245961613953,0,0.0002541420981287,0,0.0232041850686073
0,0.0050901132635772,0,0.0051493430510163,0,0.0001873481523944,0,0.0340234488248825
0,0.00139495159965,0,0.0223846081644296,0,0.0005248974775895,0,0.0485071912407875
0,0.0124938460066914,0,0.0106111811473965,0,0.0003189352864865,0,0.0381581522524356
0,0.0041260761208832,0,0.0123197557404637,0,0.0038358983583748,0,0.0937264189124107
0,0.008336535654962,0,0.0396657213568687,0,0.0028790736105293,0,0.0820094123482704
0,0.0046213753521442,0,0.031058419495821,0,0.0002531008503865,0,0.1954747140407562
0,0.0096828648820519,0,0.0119450753554701,0,0.0071579446084797,0,0.1262258440256118
0,0.0724265500903129,0,0.4588978290557861,0,0.0001654130319366,0,0.1344061493873596
0,0.0042715589515864,0,0.0007187428418546,0,0.0001407658564858,0,0.0167516693472862
0,0.0005112391663715,0,0.0082820961251854,0,3.279045631643385e-05,0,0.0087197879329323
0,0.2558673024177551,0,0.0979304984211921,0,0.0086344052106142,0,0.3384172320365906
0,0.0310762263834476,0,0.0486570112407207,0,6.673236202914268e-05,0,0.1160894408822059
0,0.0186053346842527,0,0.15256929397583,0,4.344053741078824e-05,0,0.0822455063462257
0,0.0009059371659532,0,0.0010880542686209,0,0.0001139387386501,0,0.0062486985698342
0,0.0002961428253911,0,0.0075451340526342,0,1.1094298315583728e-05,0,0.0075124828144907
0,0.0170875117182731,0,0.0332140512764453,0,0.0304752308875322,0,0.1689271777868271
0,0.0215828511863946,0,0.0339655987918376,0,0.0006655741599388,0,0.0457977913320064
0,0.0411006323993206,0,0.1159389615058898,0,0.0001587522710906,0,0.1762483417987823
0,0.0036549915093928,0,0.2106288224458694,0,8.743977377889678e-05,0,0.0657967031002044
0,0.0005596602568402,0,0.0016200583195313,0,0.0003004140744451,0,0.0102849276736378
0,0.0003011949884239,0,0.0037448976654559,0,2.8008191293338317e-05,0,0.0070433099754154
0,0.0191698279231786,0,0.0873069241642952,0,0.0001716191472951,0,0.0902581885457038
0,0.1035120785236358,0,0.0965704023838043,0,0.001865942729637,0,0.1985686272382736
0,0.0151664912700653,0,0.0056996289640665,0,0.0012424469459801,0,0.0482174679636955
0,0.0017513842321932,0,0.0080733895301818,0,0.0022714983206242,0,0.1004184037446975
0,9.23980405787006e-05,0,0.0018757674843072,0,0.0002085219311993,0,0.0310759022831916
0,0.0001918923808261,0,0.003484321758151,0,0.0002279048349009,0,0.0170503910630941
0,0.011240791529417,0,0.0921141728758812,0,0.0907033085823059,0,0.5278180837631226
0,0.0005475666839629,0,0.0089271906763315,0,0.0058275130577385,0,0.5870712399482727
0,0.6756845712661743,0,0.843231201171875,0,0.996440589427948,0,0.8832339644432068
0,0.8416575193405151,0,0.6701483726501465,0,0.9613217711448668,0,0.7996194958686829
0,0.0006140141631476,0,0.0192161835730075,0,8.400771548622288e-06,0,0.2626495659351349
0,0.0285995732992887,0,0.0081300167366862,0,0.0003851993242278,0,0.0402953512966632
0,5.2616385801229626e-05,0,0.001267893356271,0,0.0002347035333514,0,0.0080267870798707
0,0.0307813808321952,0,0.0159683730453252,0,0.0222608372569084,0,0.4018196165561676
0,0.0004263187584001,0,0.039041232317686,0,2.3039528969093223e-05,0,0.329039990901947
0,9.614659938961267e-05,0,0.0018874345114454,0,0.0002187368372688,0,0.0096428552642464
0,0.1074083521962165,0,0.0224519576877355,0,0.0002181001909775,0,0.0376917198300361
0,0.0049803648144006,0,0.0041159274987876,0,0.0007284283055923,0,0.1581415235996246
0,0.0121269775554537,0,0.005613466259092,0,0.0001325406483374,0,0.0428595803678035
0,0.1556003242731094,0,0.3861239552497864,0,0.0268947482109069,0,0.666271984577179
0,0.0002586657647043,0,0.0031501930207014,0,0.0004228676843922,0,0.0113937137648463
0,0.0042410553433001,0,0.0109399948269128,0,0.0061752256006002,0,0.2883274853229522
0,0.0005311754066497,0,0.0026957248337566,0,0.0005800247890874,0,0.0059872022829949
0,0.005892735440284,0,0.0049393041990697,0,4.025184171041474e-05,0,0.0125186266377568
0,0.0009627302642911,0,0.0032776868902146,0,0.0005222694016993,0,0.0088969534263014
0,0.007965950295329,0,0.0047865933738648,0,3.293050031061284e-05,0,0.2954220175743103
0,0.0088295089080929,0,0.0444394126534462,0,0.0006012447993271,0,0.0284996591508388
0,0.011840047314763,0,0.0036772054154425,0,0.0005235039279796,0,0.0192192606627941
0,0.4577296376228332,0,0.0764286145567894,0,0.9615324139595032,0,0.1222047358751297
0,0.000723366625607,0,0.0056964247487485,0,3.1091774872038513e-05,0,0.019914386793971
0,0.0002424255362711,0,0.0044717281125485,0,0.0001923848321894,0,0.0225757770240306
0,0.0578572750091552,0,0.0714833587408065,0,5.738709660363384e-05,0,0.1607184708118438
0,0.001587261329405,0,0.0081048468127846,0,0.0003669276484288,0,0.0142490239813923
0,0.0825081765651702,0,0.1428125500679016,0,4.763320248457603e-05,0,0.1605217158794403
0,0.0004010339034721,0,0.0096735367551445,0,5.512070129043423e-05,0,0.0126782050356268
0,0.0413842648267746,0,0.0149167850613594,0,3.042559001187328e-05,0,0.1773811280727386
0,0.0004620346589945,0,0.0078212451189756,0,0.0001146324793808,0,0.0179415512830019
0,0.0003620443167164,0,0.009284196421504,0,0.000128774830955,0,0.0484149530529975
0,0.0001029662307701,0,0.0005814584437757,0,0.0002216888824477,0,0.0086448965594172
0,0.0352893471717834,0,0.0097114285454154,0,0.0002001868997467,0,0.1494021415710449
0,0.0007137460052035,0,0.0035258766729384,0,0.0114386426284909,0,0.0342563353478908
0,0.0001612890628166,0,0.0012601687340065,0,0.0010915659368038,0,0.0340651683509349
0,0.0084131369367241,0,0.0116600152105093,0,0.0001627201127121,0,0.1532532125711441
0,0.0001582314871484,0,0.00346922990866,0,0.0120985843241214,0,0.0249038729816675
0,0.6911035180091858,0,0.0615169741213321,0,0.0023989391047507,0,0.7570272088050842
0,0.5223274827003479,0,0.1069710254669189,0,0.0003600341151468,0,0.0287122800946235
0,0.0877284929156303,0,0.0660957098007202,0,0.0020535881631076,0,0.0194060187786817
0,0.0003835882234852,0,0.0028169399593025,0,0.0001628588797757,0,0.032758180052042
0,0.0009549790993332,0,0.001960456604138,0,0.0003515676071401,0,0.0272087007761001
0,0.0027797457296401,0,0.0069405473768711,0,0.0001824471255531,0,0.0509165823459625
0,0.2017117291688919,0,0.4132904708385467,0,0.0007744432077743,0,0.6056241393089294
0,0.0033689651172608,0,0.0520610250532627,0,0.0006195442401804,0,0.1396021097898483
0,0.0006211835425347,0,0.01215401571244,0,0.0030727493576705,0,0.0476716682314872
0,0.002498666755855,0,0.0165994595736265,0,0.0027465627063065,0,0.1015906706452369
0,0.0012992492411285,0,0.002884418470785,0,0.0007134719635359,0,0.0224296897649765
0,0.0007479441701434,0,0.0005442295805551,0,0.0002358752390136,0,0.0474393405020237
0,0.0022873352281749,0,0.0029764827340841,0,0.0005539540434256,0,0.0277165696024894
0,0.0001033798471326,0,0.0053785340860486,0,6.0930186009500176e-05,0,0.0274017788469791
0,0.0001254978997167,0,0.0069850045256316,0,0.0003829231136478,0,0.0041735447011888
0,0.0001781431928975,0,0.01047726534307,0,3.047524660360068e-05,0,0.0190283972769975
0,0.0001313864922849,0,0.0539056472480297,0,9.785005386220293e-05,0,0.0468302816152572
0,0.0013274645898491,0,0.0093054138123989,0,0.0003575765585992,0,0.1649174392223358
0,0.0603461414575576,0,0.0436055995523929,0,0.0011274998541921,0,0.2698431313037872
0,0.0014284634962677,0,0.0017994411755353,0,0.000115361486678,0,0.0127320373430848
0,0.0053232624195516,0,0.006276287138462,0,0.0005057245143689,0,0.0153275057673454
0,0.0520898550748825,0,0.0538205951452255,0,0.0015622221399098,0,0.145909383893013
0,0.0274011120200157,0,0.119332268834114,0,0.0003039773728232,0,0.0550689473748207
0,0.0439534001052379,0,0.038492813706398,0,0.0387842170894146,0,0.3226714134216308
0,0.0179393664002418,0,0.0021369073074311,0,0.0011870645685121,0,0.0579135864973068
0,0.0051824552938342,0,0.0022273317445069,0,6.529704114655033e-05,0,0.0069564264267683
0,0.0954705476760864,0,0.0547928027808666,0,0.0004264659073669,0,0.1981106698513031
0,0.0178562626242637,0,0.0023838786873966,0,0.0004283037269487,0,0.0871982052922248
0,0.0924026221036911,0,0.0296633020043373,0,0.0003043430333491,0,0.0241983924061059
0,0.001810437766835,0,0.0013172713806852,0,7.254964293679222e-05,0,0.0141984643414616
0,0.0076968264766037,0,0.010660283267498,0,9.767805022420362e-05,0,0.0238519590348005
1,0.2110131382942199,1,0.3919063806533813,1,0.173773854970932,1,0.8143311142921448
1,0.1554387360811233,1,0.886512815952301,1,0.2277614772319793,1,0.7575518488883972
1,0.9091932773590088,1,0.7919684052467346,1,0.5404688715934753,1,0.7403799891471863
1,0.95995831489563,1,0.9776747822761536,1,0.9025140404701232,1,0.6383557319641113
1,0.9573044180870056,1,0.9279733300209044,1,0.7877819538116455,1,0.97482830286026
1,0.0019613928161561,1,0.012316832318902,1,0.0058232215233147,1,0.0278140027076005
1,0.0017193281091749,1,0.0123443054035305,1,0.0054718246683478,1,0.0232252161949872
1,0.0089807165786623,1,0.0176524240523576,1,0.0886358991265297,1,0.1219780892133712
1,0.086507499217987,1,0.1415636092424392,1,0.0652689859271049,1,0.4182657301425934
1,0.7652708292007446,1,0.2852022647857666,1,0.3421942293643951,1,0.5094998478889465
1,0.4466089606285095,1,0.3964393734931946,1,0.2462405562400818,1,0.6542878746986389
1,0.4942746460437774,1,0.4439083039760589,1,0.1279184073209762,1,0.7692668437957764
1,0.9033617377281188,1,0.5457012057304382,1,0.9922946691513062,1,0.796864926815033
1,0.0036255880258977,1,0.2469231635332107,1,0.0007463112706318,1,0.4606373608112335
1,0.9630351066589355,1,0.9715564846992492,1,0.9750103950500488,1,0.4910149276256561
1,0.9922227263450624,1,0.9699921011924744,1,0.9960581064224244,1,0.9204306602478028
1,0.950032651424408,1,0.3927108943462372,1,0.2124305665493011,1,0.8873404860496521
1,0.9275181889533995,1,0.6356817483901978,1,0.9880771636962892,1,0.8486694693565369
1,0.0780406221747398,1,0.0413910374045372,1,0.0007435309817083,1,0.0386163108050823
1,0.7679412961006165,1,0.1600013524293899,1,0.0032165760640054,1,0.610792338848114
1,0.8841997981071472,1,0.7271938323974609,1,0.0626320168375969,1,0.0889332965016365
0,0.0054206387139856,0,0.0062975548207759,0,0.0943924337625503,0,0.0151861542835831
0,0.0013178411172702,0,0.0141049232333898,0,9.720908565213904e-05,0,0.0112961120903491
0,0.0141504919156432,0,0.0088158659636974,0,0.002253521233797,0,0.1223528012633323
0,0.0068465950898826,0,0.0115650044754147,0,0.0053107514977455,0,0.2274753302335739
0,0.01150509621948,0,0.0053252270445227,0,0.0022841545287519,0,0.02856314368546
0,0.0009654316236265,0,0.0204416587948799,0,0.0004679188714362,0,0.0225898697972297
0,0.0007244173320941,0,0.013571722432971,0,0.0016637301305308,0,0.0216673463582992
0,0.0005789811839349,0,0.0035992942284792,0,0.0001661829155636,0,0.0449729785323143
0,0.0019860221073031,0,0.0025959946215152,0,4.183790224487893e-05,0,0.0655181929469108
0,0.0196131207048892,0,0.2587591707706451,0,0.1178236976265907,0,0.4984529316425323
0,0.0529997460544109,0,0.0113827781751751,0,0.0023923455737531,0,0.0879951044917106
0,0.3192827701568603,0,0.0179992951452732,0,0.0026458508800715,0,0.0933054387569427
0,0.0074649876914918,0,0.0073265018872916,0,0.0049691488966345,0,0.1909819394350052
0,0.0033858274109661,0,0.0079357968643307,0,0.0011249706149101,0,0.0967393517494201
0,0.9614663124084472,0,0.7602441906929016,0,0.9241119623184204,0,0.914762556552887
0,0.4131993651390075,0,0.4460660815238952,0,0.1156083717942237,0,0.8170223832130432
0,0.1107276752591133,0,0.3569180071353912,0,0.090868055820465,0,0.5217523574829102
0,0.00746530899778,0,0.1533140391111374,0,0.022013172507286,0,0.3494364023208618
0,0.0167331825941801,0,0.1301917284727096,0,0.0046739033423364,0,0.1352778971195221
0,0.952264368534088,0,0.1336284279823303,0,0.004185227677226,0,0.3303609192371368
0,0.0007554232142865,0,0.0075029754079878,0,0.0002920508559327,0,0.0738143548369407
0,5.221540777711198e-05,0,0.0011602018494158,0,2.241379661427345e-05,0,0.0188957601785659
0,0.0007400827016681,0,0.0030503482557833,0,0.0002692790876608,0,0.0209119208157062
0,0.9428674578666688,0,0.545874297618866,0,0.0025180696975439,0,0.2158612161874771
0,0.0013697956455871,0,0.0049302754923701,0,0.0001024943630909,0,0.1343967020511627
0,2.6926023565465584e-05,0,0.0008603250025771,0,0.000354335992597,0,0.0328175500035285
0,0.020370852202177,0,0.0255346074700355,0,0.0004685768217314,0,0.0673630908131599
0,0.0013870311668142,0,0.0013653711648657,0,0.0009636842296458,0,0.0428567193448543
0,0.0004738398420158,0,0.0015123219927772,0,0.0015017427504062,0,0.0978663712739944
0,0.0036760419607162,0,0.0009069864754565,0,0.0019593951292335,0,0.0344660282135009
0,0.0010030249832198,0,0.0086043672636151,0,0.0168321337550878,0,0.2225752174854278
0,0.0056190802715718,0,0.0007247045286931,0,0.0005738796317018,0,0.049433659762144
0,0.0029279119335114,0,0.0537684224545955,0,0.0652007460594177,0,0.246595099568367
0,0.2282173782587051,0,0.0985805615782737,0,0.0019625998102128,0,0.8483457565307617
0,0.6189393997192383,0,0.3198743164539337,0,0.3793078362941742,0,0.9306140542030334
0,0.1477144658565521,0,0.1274672001600265,0,0.0204242654144763,0,0.0637871101498603
0,0.0243289154022932,0,0.0163068994879722,0,0.0074412268586456,0,0.0342377200722694
0,0.0002730497217271,0,0.001251608133316,0,0.0001437431492377,0,0.0050853658467531
0,0.002072843722999,0,0.0156872663646936,0,0.0003809917834587,0,0.0072928490117192
0,0.0024152374826371,0,0.006087418179959,0,0.0008268396486528,0,0.0280235446989536
0,0.0039834091439843,0,0.0011028612498193,0,0.0001833158748922,0,0.0387708507478237
0,0.0004786562058143,0,0.0016174127813428,0,0.0003236678021494,0,0.0036719613708555
0,0.0010055183665826,0,0.0058403839357197,0,0.0022296952083706,0,0.0277512595057487
0,0.00030467659235,0,0.0043436707928776,0,0.0007715846877545,0,0.0033502306323498
0,0.0204454641789197,0,0.0008259313181042,0,0.0012397305108606,0,0.0872254371643066
0,0.0003633064625319,0,0.001337825320661,0,0.000220282250666,0,0.0222702175378799
0,0.0002378317876718,0,0.001078957109712,0,0.0003288518637418,0,0.0045468667522072
0,0.5075448155403137,0,0.220081478357315,0,0.1119498685002327,0,0.5250836610794067
0,0.0030062342993915,0,0.0283368583768606,0,0.0002728802792262,0,0.0178174115717411
0,0.8282194137573242,0,0.0709527805447578,0,0.2469564229249954,0,0.46849524974823
0,0.0003555250295903,0,0.0103293377906084,0,5.082251664134674e-05,0,0.0092585040256381
0,0.6075294017791748,0,0.0176940057426691,0,0.2890730202198028,0,0.4999463558197021
0,0.6527078747749329,0,0.079528622329235,0,0.0131154432892799,0,0.2770575284957886
0,0.6181801557540894,0,0.2323032021522522,0,0.4053115844726562,0,0.498418390750885
0,0.0188791938126087,0,0.1526096016168594,0,0.0117855984717607,0,0.2082268297672271
0,0.0461451597511768,0,0.0556241981685161,0,0.001048425794579,0,0.210875779390335
0,0.1541206091642379,0,0.2733922898769378,0,0.0088070621713995,0,0.5916770696640015
0,0.0222463943064212,0,0.1355567574501037,0,0.030008191242814,0,0.3297369182109833
0,0.0005011678440496,0,0.0012044109171256,0,0.0002197957219323,0,0.0153996832668781
0,0.0007143199909478,0,0.0034668580628931,0,8.610812983533833e-06,0,0.0095937671139836
0,0.0038297120481729,0,0.0099671781063079,0,0.0047797635197639,0,0.0346762537956237
0,0.0101925982162356,0,0.0525446832180023,0,0.0084744496271014,0,0.0699914544820785
0,2.8866394131910056e-05,0,0.0011030208552256,0,7.590368568344274e-06,0,0.0077716507948935
0,0.0002649249800015,0,0.0022807959467172,0,9.56165422394406e-06,0,0.0224889200180768
0,0.0057808682322502,0,0.0301353521645069,0,0.0140413576737046,0,0.0237252302467823
0,0.0261640008538961,0,0.0457485802471637,0,0.0034334117081016,0,0.0367952920496463
0,0.1368121355772018,0,0.1689013242721557,0,0.0931789949536323,0,0.7360641360282898
0,0.0023736604489386,0,0.4650659263134002,0,0.129627525806427,0,0.2941774725914001
0,0.20025435090065,0,0.009578226134181,0,0.0002944398729596,0,0.0288123209029436
0,0.0370665751397609,0,0.0245478618890047,0,0.0007131044985726,0,0.0381733365356922
0,0.0272307656705379,0,0.0065388744696974,0,0.0028462058398872,0,0.2824734449386596
0,0.0120415538549423,0,0.0056383088231086,0,0.0005259401514194,0,0.1903585195541381
0,0.2027465999126434,0,0.0288604721426963,0,0.0039970437064766,0,0.3261847794055938
0,0.0755069777369499,0,0.0128532405942678,0,0.0003379973059054,0,0.1549974381923675
0,0.839505136013031,0,0.9525956511497498,0,0.0272851251065731,0,0.5837510824203491
0,0.7773482799530029,0,0.447065532207489,0,0.116257794201374,0,0.2688233256340027
0,0.1210991814732551,0,0.3680398762226105,0,0.0374521724879741,0,0.4221177995204925
0,0.0082861268892884,0,0.6187838912010193,0,0.0284449532628059,0,0.2380417883396148
0,0.4380823671817779,0,0.4984072148799896,0,0.0050953854806721,0,0.5213781595230103
0,0.3122860193252563,0,0.328349232673645,0,0.2172183394432068,0,0.1922922879457473
0,0.055303756147623,0,0.0126187447458505,0,0.0060700895264744,0,0.0738580226898193
0,0.0405741110444068,0,0.0588456988334655,0,0.000841258384753,0,0.048848208039999
0,0.0263605844229459,0,0.184606984257698,0,0.0005326687823981,0,0.0522313639521598
0,0.0057913800701498,0,0.0053824894130229,0,0.0013783284230157,0,0.0483990460634231
0,0.0082300007343292,0,0.0814868956804275,0,0.0013437772868201,0,0.042583592236042
0,0.0012653629528358,0,0.0052287271246314,0,6.491887324955314e-05,0,0.0975424498319625
0,0.0044305562041699,0,0.0053883893415331,0,0.0003890710650011,0,0.0293765794485807
0,0.3522766828536987,0,0.3197722733020782,0,0.0062800776213407,0,0.1452779918909073
0,0.1499509066343307,0,0.0418334230780601,0,0.0008909369935281,0,0.0497092604637146
0,0.4766684770584106,0,0.0654053539037704,0,0.0091858999803662,0,0.0556815713644027
0,0.0004185920988675,0,0.1097408458590507,0,0.0006225099205039,0,0.1609463989734649
0,0.0107807321473956,0,0.004545119125396,0,0.0014121622079983,0,0.020671721547842
0,0.0483794398605823,0,0.0194005575031042,0,0.001387077383697,0,0.178112119436264
0,0.9911258816719056,0,0.799660325050354,0,0.9991982579231262,0,0.920085608959198
0,0.1008893474936485,0,0.1846616566181183,0,0.0002608036156743,0,0.3356755375862121
0,0.0121102621778845,0,0.0242932643741369,0,0.0005376060144044,0,0.0787889286875724
0,0.980874240398407,0,0.6599739789962769,0,0.9911250472068788,0,0.8792786002159119
0,0.0230416897684335,0,0.1781922578811645,0,0.0007515408797189,0,0.3815335929393768
0,0.0402384214103221,0,0.0241823997348546,0,0.0021678735502064,0,0.1879844665527343
0,0.98905611038208,0,0.806557297706604,0,0.980926275253296,0,0.8945109844207764
0,0.0284185446798801,0,0.0462724491953849,0,0.0007685071323066,0,0.0385962687432765
0,0.0018214336596429,0,0.0030358040239661,0,4.706023901235312e-05,0,0.020906863734126
0,0.002024546964094,0,0.0021629857365041,0,0.0001502120576333,0,0.0225433725863695
0,0.0029618598055094,0,0.0033785705454647,0,0.0003784390573855,0,0.0412975326180458
0,0.0241657681763172,0,0.0087705319747328,0,9.955946734407917e-05,0,0.0954643040895462
0,0.0183672215789556,0,0.0061053726822137,0,0.0066651101224124,0,0.0967743322253227
0,0.0273744203150272,0,0.0021177269518375,0,0.0007346628699451,0,0.0537042915821075
0,0.0301774758845567,0,0.0041254786774516,0,0.0094664227217435,0,0.0693638175725936
0,0.0364872366189956,0,0.0020305251237004,0,0.003126994241029,0,0.2698650062084198
0,0.0003305766440462,0,0.0112455254420638,0,0.0008546636090613,0,0.009562112390995
0,0.0001274688256671,0,0.0058242566883563,0,0.0009816609090194,0,0.0110545000061392
0,0.0002798500063363,0,0.0019719563424587,0,0.0001009996412904,0,0.1085860282182693
0,0.0354523658752441,0,0.0024649607948958,0,0.0001969018776435,0,0.0988078713417053
0,0.0003386613971088,0,0.0132271647453308,0,0.0001861906057456,0,0.0089407004415988
0,0.0001127933937823,0,0.0122331259772181,0,0.000233335114899,0,0.0065530333667993
0,0.0039915801025927,0,0.0347029156982898,0,0.0004155302012804,0,0.2765511274337768
0,0.0018245895626023,0,0.0020354900043457,0,0.0005207537324167,0,0.217636838555336
0,0.0002928843314293,0,0.0080170286819338,0,0.0006160599295981,0,0.0147436307743191
0,0.0003118665481451,0,0.0061536342836916,0,0.001220234320499,0,0.0099365543574094
0,0.0004033039149362,0,0.0050913961604237,0,0.0003483346663415,0,0.0105905663222074
0,0.0013070903951302,0,0.0012599576730281,0,0.00037264302955,0,0.0239764377474784
0,0.0014847237616777,0,0.0029150277841836,0,0.000330811511958,0,0.0247482731938362
0,0.0051422570832073,0,0.0031257073860615,0,0.0009942179312929,0,0.0370069034397602
0,0.0108523368835449,0,0.0108341509476304,0,0.0005119274719618,0,0.1131356358528137
0,0.8998394012451172,0,0.7125977277755737,0,0.9603627324104308,0,0.7003962397575378
0,0.9389768838882446,0,0.89104163646698,0,0.9874769449234008,0,0.6895954012870789
0,0.0034505955409258,0,0.0162006989121437,0,0.0011774168815463,0,0.0127095263451337
0,0.00080682215048,0,0.0361499041318893,0,0.0008824730757623,0,0.0202367343008518
0,0.0001544115075375,0,0.010283825919032,0,0.0001476321049267,0,0.0204369332641363
0,0.0005558964912779,0,0.0137028358876705,0,0.0005879846867173,0,0.0146051459014415
0,0.0004707642947323,0,0.0178445186465978,0,0.0002538851404096,0,0.0126931238919496
0,0.0557118952274322,0,0.0797050669789314,0,0.0001413781865267,0,0.0421322919428348
0,0.0006821751594543,0,0.0081564141437411,0,0.0001954647450475,0,0.0202592518180608
0,0.0004516499757301,0,0.0099620399996638,0,0.0003472910029813,0,0.0062473486177623
0,0.0001069530189852,0,0.0036617191508412,0,7.293823728105053e-05,0,0.008112609386444
0,0.0004072583396919,0,0.0117141278460621,0,4.730874934466556e-05,0,0.0235662162303924
0,0.0100214257836341,0,0.0150256268680095,0,0.0053804144263267,0,0.0232884958386421
0,0.9880698323249816,0,0.9536409378051758,0,0.9958771467208862,0,0.9081265330314636
0,0.0049244822002947,0,0.0057031349278986,0,0.0160613153129816,0,0.1043715700507164
0,0.0018611868144944,0,0.0998788699507713,0,0.0013723452575504,0,0.038536325097084
0,0.0018156766891479,0,0.0035093065816909,0,0.0048906332813203,0,0.0778747498989105
0,0.0197351817041635,0,0.0015879839193075,0,0.0008950073970481,0,0.0924756601452827
0,5.525511369341984e-05,0,0.0042644077911973,0,0.0004070894792675,0,0.0059666945599019
0,0.0043073929846286,0,0.006234074011445,0,0.0043611768633127,0,0.1320469677448272
0,5.597549170488492e-05,0,0.0041086105629801,0,0.0002011425822274,0,0.0041994689963757
0,0.0011179071152582,0,0.0021471963264048,0,6.251906597753987e-05,0,0.0437768884003162
0,0.0078416001051664,0,0.0474396608769893,0,0.0042111626826226,0,0.101654939353466
0,0.0099126491695642,0,0.5007031559944153,0,0.0081160785630345,0,0.0615051314234733
0,0.0001469640847062,0,0.0060376017354428,0,2.0364797819638625e-05,0,0.089040420949459
0,0.0073226471431553,0,0.2454011440277099,0,0.0034433098044246,0,0.0564271360635757
0,0.0152626615017652,0,0.0140484683215618,0,0.0003770777839235,0,0.0901267006993293
0,0.0257987789809703,0,0.0216751974076032,0,0.0007598080555908,0,0.0769869089126586
0,0.0009011208894662,0,0.0071193249896168,0,0.0050391131080687,0,0.0921369940042495
0,0.0051152282394468,0,0.0218665823340415,0,0.0004590058815665,0,0.1805069297552108
0,0.0025700344704091,0,0.017215447500348,0,0.0028756819665431,0,0.1205903440713882
0,0.0551509410142898,0,0.0490908622741699,0,0.0019413437694311,0,0.1238636001944542
0,0.0456347130239009,0,0.0134897520765662,0,0.0018557461444288,0,0.0362190976738929
0,0.0066728652454912,0,0.0009453245438635,0,0.0007174325874075,0,0.0469369143247604
0,0.0043340255506336,0,0.0061973850242793,0,0.0049750227481126,0,0.0999419242143631
0,0.2862473726272583,0,0.8550136089324951,0,0.1820926368236541,0,0.6184513568878174
0,0.029828205704689,0,0.0143901733681559,0,0.0005591366789303,0,0.2448789626359939
0,0.0084439422935247,0,0.0103240152820944,0,0.0017739359755069,0,0.0180184785276651
0,0.0810467526316642,0,0.0515410155057907,0,0.0002667679218575,0,0.0431795008480548
0,9.272585884900764e-05,0,0.0004915184690617,0,0.0002508553152438,0,0.0161729287356138
0,0.0011023234110325,0,0.0019976964686065,0,0.0013242628192529,0,0.0542440675199031
0,0.0007391173858195,0,0.0012455804971978,0,0.0002107228501699,0,0.0243765898048877
0,0.003359661437571,0,0.0832002535462379,0,0.0011968879261985,0,0.141197919845581
0,0.000992655637674,0,0.0345736071467399,0,0.0002848042640835,0,0.0900709703564643
0,0.007462409324944,0,0.0348385497927665,0,0.0079594757407903,0,0.1050057634711265
0,0.0011005296837538,0,0.0184832904487848,0,0.0003462205932009,0,0.0040074260905385
0,0.033979445695877,0,0.098573975265026,0,0.0027378217782825,0,0.3002979159355163
0,0.0081101153045892,0,0.1648789942264557,0,0.128910556435585,0,0.2161436975002288
0,0.1360235661268234,0,0.6530358791351318,0,0.40274778008461,0,0.2575049102306366
0,0.3330883085727691,0,0.668274462223053,0,0.1843200027942657,0,0.1890308707952499
0,0.0046620857901871,0,0.011360440403223,0,0.0009715353953652,0,0.2005045413970947
0,0.0077905803918838,0,0.003680061083287,0,0.0004506904515437,0,0.1131056696176529
0,0.0001159740713774,0,0.0021803975105285,0,8.790812717052177e-05,0,0.035789992660284
0,0.001975905848667,0,0.0041459463536739,0,0.0002292643621331,0,0.0102527337148785
0,0.0009107743389904,0,0.0019352583913132,0,0.0001217996978084,0,0.0100993923842906
0,0.0017980094999074,0,0.0024464083835482,0,0.0001583084667799,0,0.0110146198421716
0,0.1286709159612655,0,0.0163694079965353,0,0.0005474424688145,0,0.1203974410891532
0,0.2087611556053161,0,0.013699241913855,0,0.0010037826141342,0,0.418020486831665
0,0.4178774058818817,0,0.0305672753602266,0,0.0004351574170868,0,0.3645427227020263
0,0.1117525547742843,0,0.0410674698650836,0,0.0153055284172296,0,0.2853401005268097
0,0.0122558586299419,0,0.0258361604064703,0,0.0028008536901324,0,0.16840860247612
0,0.008222515694797,0,0.4446564614772796,0,0.3917533755302429,0,0.7071363925933838
0,0.0281344801187515,0,0.5702885985374451,0,0.3045541942119598,0,0.7352167963981628
0,0.0011539700208231,0,0.0113550266250967,0,7.358088623732328e-05,0,0.1635336577892303
0,0.0003609368577599,0,0.0020580061245709,0,3.895502959494479e-05,0,0.0225992295891046
0,0.2123576998710632,0,0.6186177730560303,0,0.1846652626991272,0,0.7029929161071777
0,0.0011884719133377,0,0.0148739516735076,0,0.007634864654392,0,0.1451882570981979
0,0.2072551399469375,0,0.4817614555358886,0,0.3817988336086273,0,0.6643446087837219
0,0.0031068411190062,0,0.0028193437028676,0,0.0001650865306146,0,0.0559686087071895
0,0.0006480457959696,0,0.0027307628188282,0,0.0004683463776018,0,0.0053006173111498
0,0.0002653496921993,0,0.0050635207444429,0,0.0007981973467394,0,0.0091624204069376
0,0.0002931913477368,0,0.0011263581691309,0,7.209136674646288e-05,0,0.0070861582644283
0,0.000373911083443,0,0.001827917760238,0,0.0001951835001818,0,0.0072138267569243
0,0.0003376780950929,0,0.0126091232523322,0,0.0001864112273324,0,0.0079047558829188
0,0.0005812151939608,0,0.0009502554312348,0,7.530836592195556e-05,0,0.0062820892781019
0,0.0006824338925071,0,0.0026644011959433,0,0.0007017733296379,0,0.0074626388959586
0,0.0004648354079108,0,0.0105673875659704,0,0.0003457429993432,0,0.0117139443755149
0,0.0602821670472621,0,0.4860197603702545,0,0.0022770033683627,0,0.1932752281427383
0,0.2727374732494354,0,0.1243691518902778,0,0.9787634015083312,0,0.4496113657951355
0,0.0078352857381105,0,0.0042232195846736,0,0.0134849287569522,0,0.2950967848300934
0,0.0095172468572855,0,0.0141277462244033,0,0.0009540656465105,0,0.0424993373453617
0,8.762173820286989e-05,0,0.0054164859466254,0,5.741589484387077e-05,0,0.006972674280405
0,0.000236893974943,0,0.001020299619995,0,0.0001554219052195,0,0.0090165538713335
0,0.0005644667544402,0,0.0012902256567031,0,0.0006919904262758,0,0.0068205851130187
0,0.0007672971696592,0,0.019196767359972,0,2.304548615938984e-05,0,0.0326316617429256
0,0.0023991090711206,0,0.0107961371541023,0,0.000212111743167,0,0.0132811712101101
0,0.0091578066349029,0,0.0483222529292106,0,8.25850002001971e-05,0,0.0334747284650802
0,0.007916210219264,0,0.0436305850744247,0,0.0004257193650119,0,0.0664001032710075
0,0.0009904191829264,0,0.0053400816395878,0,0.0012723384425044,0,0.0452955216169357
0,0.0293883737176656,0,0.0483132936060428,0,0.0001547747378936,0,0.0351305641233921
0,0.0082033360376954,0,0.0095754265785217,0,7.326839113375172e-05,0,0.0114551009610295
0,0.0036129255313426,0,0.0242429245263338,0,0.0040403986349701,0,0.0688420161604881
0,0.0039354334585368,0,0.0255503244698047,0,9.122522897087038e-05,0,0.0226581562310457
0,0.100067414343357,0,0.0156764611601829,0,0.0004366389475762,0,0.471180647611618
0,0.0053786891512572,0,0.0264609064906835,0,0.0017840880900621,0,0.1056048274040222
0,0.0013755856780335,0,0.0025108603294938,0,2.5538245608913712e-05,0,0.0075296279974281
0,0.0007544857799075,0,0.0019916431047022,0,0.0001566547289257,0,0.0435692332684993
0,0.0003454848192632,0,0.0013612565817311,0,2.0379873603815213e-05,0,0.0161351822316646
0,0.4486534297466278,0,0.4584828615188598,0,0.4832862913608551,0,0.8119421601295471
0,0.481354147195816,0,0.0890469998121261,0,0.3732230067253113,0,0.6433967351913452
0,0.0001003326833597,0,0.0005331231513991,0,0.0002759881317615,0,0.0119027402251958
0,0.000124674043036,0,0.0028376334812492,0,0.0001919571659527,0,0.0077038477174937
0,0.00010035631567,0,0.0019642845727503,0,0.0001577807124704,0,0.0102251945063471
0,0.0001657550019444,0,0.0026387749239802,0,0.0002451302716508,0,0.0056509901769459
0,0.0001684635790297,0,0.0015683217206969,0,0.0001548607979202,0,0.0082758199423551
0,0.0001037733381963,0,0.0004031345597468,0,0.0004918960039503,0,0.010648064315319
0,0.0003938000008929,0,0.0019483512733131,0,0.0004465483361855,0,0.0065603512339293
0,6.809921615058556e-05,0,0.0026135661173611,0,0.0003951216058339,0,0.0067063500173389
0,6.0876460338477045e-05,0,0.0024821762926876,0,4.173131310380995e-05,0,0.0055209230631589
0,0.0036329387221485,0,0.0103524727746844,0,0.0001462581130908,0,0.0141058731824159
0,0.0007845202344469,0,0.0074540297500789,0,6.179593037813902e-05,0,0.017373401671648
0,0.0001145345813711,0,0.0004909858107566,0,0.0007590486784465,0,0.0126450192183256
0,0.0001383366325171,0,0.0029188289772719,0,0.0001418732572346,0,0.0098974807187914
0,9.228383714798838e-05,0,0.0025050414260476,0,5.977541150059551e-05,0,0.0125670433044433
0,0.120180919766426,0,0.004765847697854,0,0.000264709116891,0,0.0145861627534031
0,0.0008364061941392,0,0.0063601736910641,0,3.8135789509397e-05,0,0.0167153421789407
0,0.0009437486878596,0,0.0111420853063464,0,0.0018213720759376,0,0.0142346508800983
0,0.0024113352410495,0,0.0015693861059844,0,0.0008352303411811,0,0.0495246984064579
0,0.0324424095451831,0,0.0048633310943841,0,0.0004114213224966,0,0.1397844403982162
0,0.001384672592394,0,0.0004043964727316,0,0.0001473342417739,0,0.0057761948555707
0,0.0032204508315771,0,0.0245579704642295,0,7.048430416034535e-05,0,0.0186539441347122
0,0.0033880230039358,0,0.0176474303007125,0,9.598765609553084e-05,0,0.0073436363600194
0,0.01386175211519,0,0.0125881005078554,0,9.555758879287168e-05,0,0.0698961690068245
0,0.0101446416229009,0,0.0091614769771695,0,0.0001654712250456,0,0.0260403119027614
0,0.0181441344320774,0,0.0104384003207087,0,0.0003801030106842,0,0.0904195085167884
0,0.0023509045131504,0,0.0034694718196988,0,0.0001626938901608,0,0.0256952866911888
0,0.0040586106479167,0,0.0207245573401451,0,0.0007166604627855,0,0.0370447002351284
0,0.0019578672945499,0,0.0040399897843599,0,0.0007008917746134,0,0.0268958136439323
0,0.0048667867667973,0,0.0109613137319684,0,0.0002743387885857,0,0.0387379340827465
0,0.0104187419638037,0,0.0081056021153926,0,0.000643091101665,0,0.2441879510879516
0,0.0021969906520098,0,0.0039623454213142,0,0.0003104944480583,0,0.0251459870487451
0,0.0058236438781023,0,0.0100050512701272,0,0.0005631456151604,0,0.02473128400743
0,0.0203498899936676,0,0.0414798632264137,0,9.197520557790996e-05,0,0.0984491109848022
0,0.0464962907135486,0,0.4329840242862701,0,0.00201629078947,0,0.044748056679964
0,0.0059566423296928,0,0.1452104151248932,0,0.0026889389846473,0,0.0296377874910831
0,0.0056431498378515,0,0.0164476204663515,0,0.0035914992913603,0,0.0610412992537021
0,0.0080486023798584,0,0.0135054532438516,0,0.0034677132498472,0,0.0133801158517599
0,0.0002064354630419,0,0.0033072016667574,0,0.0003460458829067,0,0.0181244518607854
0,0.0001885723904706,0,0.0041974592022597,0,0.0003966990334447,0,0.0134062748402357
0,0.0001562792167533,0,0.0027630000840872,0,0.000227150550927,0,0.0124194454401731
0,0.0054767127148807,0,0.1567895710468292,0,0.0339864194393157,0,0.0466791465878486
0,0.0007272138027474,0,0.0054310290142893,0,0.0009108263766393,0,0.1131240278482437
1,0.0295773409307003,1,0.1227446943521499,1,0.0345359481871128,1,0.0803709775209426
1,0.8559281826019287,1,0.3141624629497528,1,0.0174231026321649,1,0.3644989728927612
1,0.0179903414100408,1,0.1129624769091606,1,0.0075603071600198,1,0.6132922768592834
1,0.149611085653305,1,0.0827986821532249,1,0.1913523226976394,1,0.2710542678833008
1,0.018898855894804,1,0.0090703638270497,1,0.0019613038748502,1,0.2188563048839569
1,0.7974547743797302,1,0.1350673884153366,1,0.8710840344429016,1,0.834105908870697
1,0.0559829846024513,1,0.1009375229477882,1,0.0154571654275059,1,0.0480755902826786
1,0.020676264539361,1,0.2146746963262558,1,0.1544840633869171,1,0.0686993151903152
1,0.0534099750220775,1,0.1754678189754486,1,0.0560600608587265,1,0.1140082776546478
1,0.98505961894989,1,0.7187911868095398,1,0.8764824271202087,1,0.7313876152038574
1,0.6765010952949524,1,0.2760201096534729,1,0.3611742258071899,1,0.8913716673851013
1,0.9951342940330504,1,0.9377091526985168,1,0.9941614270210266,1,0.752388596534729
1,0.0199592839926481,1,0.5426463484764099,1,0.0015064576873555,1,0.7919750809669495
1,0.0117335375398397,1,0.0407923273742198,1,0.0008894387283362,1,0.6056907176971436
1,0.0043534957803785,1,0.2206239104270935,1,0.0147107988595962,1,0.6083052754402161
0,0.0024417648091912,0,0.0073831276968121,0,0.0017298837192356,0,0.0750933140516281
0,0.00572653952986,0,0.0052121831104159,0,0.0081986235454678,0,0.0673145353794097
0,0.1817729622125625,0,0.8499947786331177,0,0.9365955591201782,0,0.4742648601531982
0,0.0002265738876303,0,0.0007280004792846,0,0.0002420202217763,0,0.0105361081659793
0,0.0105556426569819,0,0.0992447435855865,0,0.0124138845130801,0,0.1232945472002029
0,0.7459211349487305,0,0.5094403028488159,0,0.0058523849584162,0,0.7212184071540833
0,0.0098593011498451,0,0.0995866283774375,0,0.0137509712949395,0,0.0457402281463146
0,0.948203980922699,0,0.370940238237381,0,0.015872860327363,0,0.5287505388259888
0,0.8894858956336975,0,0.3493018448352813,0,0.0036640078760683,0,0.528511643409729
0,0.0034667626023292,0,0.0416504628956317,0,0.0075771557167172,0,0.0371221452951431
0,0.6675736904144287,0,0.0684530809521675,0,0.0053345072083175,0,0.6993978023529053
0,0.006123315077275,0,0.023833280429244,0,0.0014696340076625,0,0.1188598349690437
0,0.7966219186782837,0,0.8091508150100708,0,0.0451089069247245,0,0.9071421027183532
0,0.0119730792939662,0,0.0065190983004868,0,0.0012636652681976,0,0.0131940767168998
0,0.0027814407367259,0,0.0025614909827709,0,0.0012454245006665,0,0.0103545589372515
0,0.0017495664069429,0,0.0021236289758235,0,0.0007293500821106,0,0.0084558716043829
0,0.0007943515083752,0,0.0054957964457571,0,0.0002837328938767,0,0.0322113893926143
0,0.0009436079999431,0,0.006892489735037,0,0.0016517632175236,0,0.0473379753530025
0,0.0010853600688278,0,0.0072964681312441,0,0.0033536793198436,0,0.0500091277062892
0,0.0332452841103076,0,0.08503457903862,0,0.0005424478440545,0,0.0929253697395324
0,0.0152236092835664,0,0.059946484863758,0,0.0006864281604066,0,0.1801579445600509
0,0.0001911628205562,0,0.0045914044603705,0,0.0004984750412404,0,0.0054870438762009
0,0.0381143353879451,0,0.0758207514882087,0,0.0033672556746751,0,0.0636372566223144
0,0.0019398449221625,0,0.0009850045898929,0,0.0003738246450666,0,0.0415782704949379
0,0.0285893604159355,0,0.0015455090906471,0,0.0034659523516893,0,0.0434028320014476
0,0.0121330898255109,0,0.0440485067665576,0,0.0001865280501078,0,0.077872022986412
0,0.0097386790439486,0,0.0591800734400749,0,0.0003278417570982,0,0.1682607382535934
0,0.0034535019658505,0,0.0034870165400207,0,0.0003008540370501,0,0.098515436053276
0,0.0002186586207244,0,0.0006445327890105,0,2.219767338829115e-05,0,0.0162132494151592
0,0.0050978153012692,0,0.0075285313650965,0,0.0003096374857705,0,0.0663817971944809
0,0.0005915730725973,0,0.0009745896677486,0,0.0001068204073817,0,0.0159962177276611
0,0.0001852407585829,0,0.0023979283869266,0,5.6125791161321104e-05,0,0.0216363836079835
0,0.0029686575289815,0,0.1159095019102096,0,0.0300001353025436,0,0.0916372761130333
0,0.0002935754018835,0,0.0020854871254414,0,0.0001241441204911,0,0.0211872477084398
0,0.0002042804699158,0,0.0009401628631167,0,3.132459823973477e-05,0,0.009511049836874
0,0.0003733877965714,0,0.0023339220788329,0,0.0001340769522357,0,0.0076089077629148
0,0.1209289655089378,0,0.2679303884506225,0,0.0018911311635747,0,0.0326744727790355
0,0.4389101564884186,0,0.2522334456443786,0,0.000140341813676,0,0.3452212810516357
0,0.5888248085975647,0,0.3123970627784729,0,0.2060921192169189,0,0.6860184073448181
0,0.0038193746004253,0,0.0809570327401161,0,0.0002582453889772,0,0.0196769256144762
0,0.0002811497251968,0,0.0011286373483017,0,0.0004673221847042,0,0.0093219559639692
0,0.0008452252368442,0,0.0144088845700025,0,0.0006598145118914,0,0.0464479960501194
0,0.0005142336012795,0,0.0018352064071223,0,0.0005639464361593,0,0.011136838234961
0,0.0043385429307818,0,0.0252254530787467,0,2.768144622677937e-05,0,0.0480342209339141
0,0.0008358971099369,0,0.0037730808835476,0,0.001302259741351,0,0.0655616447329521
0,0.0005965923191979,0,0.0059670759364962,0,5.468405288411304e-05,0,0.0111010652035474
0,0.0059596197679638,0,0.0018694378668442,0,0.0052601932547986,0,0.0393850840628147
0,0.1381358206272125,0,0.4230700731277466,0,0.0165498163551092,0,0.4040356576442718
0,0.0006379699334502,0,0.0036597226280719,0,0.0012792940251529,0,0.0287137385457754
0,0.1656807661056518,0,0.3578728437423706,0,0.007623269688338,0,0.3732534348964691
0,0.0326114743947982,0,0.105133481323719,0,0.0007247517933137,0,0.2792201638221741
0,0.4936729371547699,0,0.1666899025440216,0,0.1327795088291168,0,0.5802753567695618
0,0.4876603186130523,0,0.7256888747215271,0,0.3867428302764892,0,0.9419933557510376
0,0.6415932774543762,0,0.4133964776992798,0,0.4299391508102417,0,0.7173264026641846
0,0.0034594510216265,0,0.0018776282668113,0,0.0039133494719862,0,0.0773655474185943
0,0.0015170275000855,0,0.0005573955713771,0,0.0004214041109662,0,0.08432038128376
0,0.0006460416479967,0,0.0008411132730543,0,0.0005078415269963,0,0.0850680619478225
0,0.0006008361233398,0,0.0015561775071546,0,3.0797498766332865e-05,0,0.0316859260201454
0,0.812523603439331,0,0.0381313562393188,0,0.9982885718345642,0,0.0891790390014648
0,0.0446398258209228,0,0.0078183561563491,0,0.157560259103775,0,0.1522376090288162
0,0.1025178655982017,0,0.0027308084536343,0,0.9951472878456116,0,0.1072624921798706
0,0.019880736246705,0,0.0153491543605923,0,8.359243656741455e-05,0,0.0789884105324745
0,0.0116242580115795,0,0.0130764935165643,0,0.0001808729721233,0,0.0913577377796173
0,0.1247241050004959,0,0.6194497346878052,0,0.5075203776359558,0,0.3405036926269531
0,0.4657237231731415,0,0.2099296450614929,0,0.7011529803276062,0,0.4710164964199066
0,0.4284944832324981,0,0.0659689903259277,0,0.417859822511673,0,0.5326504707336426
0,0.1974839866161346,0,0.1381637752056121,0,0.4347043037414551,0,0.3688858151435852
0,0.0001356569409836,0,0.0038535417988896,0,2.999949902005028e-05,0,0.0115856369957327
0,0.0019069022964686,0,0.0028134796302765,0,0.0014493851922452,0,0.0077402498573064
0,0.0001395337167195,0,0.0154591249302029,0,0.0001080045403796,0,0.0638804212212562
0,0.0028719271067529,0,0.0115864519029855,0,0.000205715332413,0,0.0410102568566799
0,0.0052960109896957,0,0.0075544663704931,0,0.0027662918437272,0,0.0154258180409669
0,0.0005624117911793,0,0.0044807973317801,0,0.0003176068712491,0,0.0411253236234188
0,0.0036675063893198,0,0.0081848204135894,0,5.693249840987846e-05,0,0.0182861108332872
0,0.0005574941751547,0,0.0081419572234153,0,0.0002975091047119,0,0.054080594331026
0,0.0001504180254414,0,0.0040535926818847,0,0.0010047254618257,0,0.0233228988945484
0,0.0006794549408368,0,0.0275748986750841,0,6.682827370241284e-05,0,0.0369291007518768
0,0.0004044117231387,0,0.0134447906166315,0,4.402918420964852e-05,0,0.0160261541604995
0,0.6788569688796997,0,0.2643247544765472,0,0.9144550561904908,0,0.7203546166419983
0,0.0472103729844093,0,0.0323206260800361,0,0.0866029411554336,0,0.4887340664863586
0,0.0192873477935791,0,0.0207225084304809,0,0.0201876405626535,0,0.4479618370532989
0,0.0003259003278799,0,0.0045287408865988,0,0.0005508930189535,0,0.015840008854866
0,0.0004269098863005,0,0.0101163443177938,0,0.0004005070368293,0,0.1088022366166114
0,0.0007966627017594,0,0.0052908686921,0,0.0007048948318697,0,0.0051145488396286
0,0.0054221218451857,0,0.0157570503652095,0,0.0041454304009675,0,0.0579332076013088
0,0.0037287664599716,0,0.0176131818443536,0,0.0012780743418261,0,0.0704951509833335
0,0.0023011236917227,0,0.0152928354218602,0,0.0010190444299951,0,0.135698527097702
0,0.000821111141704,0,0.0093346554785966,0,0.0021271696314215,0,0.0978938639163971
0,0.0107135763391852,0,0.0165980346500873,0,0.0001288664643652,0,0.0430910848081111
0,0.0004232752253301,0,0.0020788356196135,0,0.0001516302581876,0,0.0238094460219144
0,0.0005548137705773,0,0.0026988456957042,0,0.0001924448151839,0,0.0227012429386377
0,6.586156814591959e-05,0,0.0012723276158794,0,7.645854930160567e-05,0,0.0160842314362525
0,8.120827260427177e-05,0,0.0014040184905752,0,0.0001300139701925,0,0.0212049707770347
0,0.1355692446231842,0,0.0087274871766567,0,0.0002570988435763,0,0.0320655293762683
0,0.0851096212863922,0,0.0105120604857802,0,0.0001984816772164,0,0.0373325310647487
0,0.0026950160972774,0,0.0072497902438044,0,4.757014539791271e-05,0,0.0581353157758712
0,0.0033339681103825,0,0.0122620714828372,0,0.0035319451708346,0,0.0184678398072719
0,0.011773376725614,0,0.0919659212231636,0,0.0409931503236293,0,0.1311702281236648
0,0.0049854572862386,0,0.0667234733700752,0,0.0148210553452372,0,0.2122219502925872
0,0.0079603865742683,0,0.062967836856842,0,0.0099128419533371,0,0.2154881507158279
0,0.0015963840996846,0,0.015993658453226,0,0.0001987610012292,0,0.0483368039131164
0,0.8140705823898315,0,0.7566500902175903,0,0.0051364861428737,0,0.1907592713832855
0,0.0001295239489991,0,0.0015362099511548,0,0.0006862178561277,0,0.0175330489873886
0,0.677908182144165,0,0.5678959488868713,0,0.9596980214118958,0,0.7949239015579224
0,0.0011244601337239,0,0.0045759296044707,0,0.0003239079669583,0,0.0251289792358875
0,0.8198444247245789,0,0.1416354924440384,0,0.0050864373333752,0,0.1974416673183441
0,0.0098266582936048,0,0.011374426074326,0,0.0031439894810318,0,0.0571006685495376
0,0.0123315164819359,0,0.0458725243806839,0,0.0028842813335359,0,0.0342362411320209
0,0.0028654714114964,0,0.0092542963102459,0,0.0001135325728682,0,0.0245182700455188
0,0.3330093622207641,0,0.0531599521636962,0,0.0019087600521743,0,0.1184963136911392
0,0.0001145124115282,0,0.0034931108821183,0,0.0004302194283809,0,0.0067631527781486
0,0.0217732246965169,0,0.0092808632180094,0,0.0029982363339513,0,0.0271396283060312
0,0.0004492246080189,0,0.009629881940782,0,0.2049253582954406,0,0.1695996820926666
0,0.7441861033439636,0,0.9327855110168456,0,0.117229014635086,0,0.7436522245407104
0,0.0085851894691586,0,0.0132677555084228,0,0.0018069639336317,0,0.0236144866794347
0,0.0025264997966587,0,0.0042430032044649,0,0.0008194845286197,0,0.0161084439605474
0,0.661902666091919,0,0.0680742934346199,0,0.9889670014381408,0,0.832862913608551
0,0.0023165110033005,0,0.0015018499689176,0,8.977962716016918e-05,0,0.0226957574486732
0,0.1659102588891983,0,0.006591266952455,0,0.0001572064356878,0,0.1117687299847602
0,0.0019284335430711,0,0.0003644116513896,0,0.0001010965788736,0,0.0468541234731674
0,0.7666189074516296,0,0.0234401561319828,0,0.9679217338562012,0,0.8607036471366882
0,0.0055215400643646,0,0.0055694999173283,0,0.0001424381043761,0,0.2286620885133743
0,0.1729745268821716,0,0.0748573094606399,0,0.0644672289490699,0,0.4676251709461212
0,0.9392197132110596,0,0.1455322504043579,0,0.9054039120674132,0,0.9256457090377808
0,0.0014684071065858,0,0.0044835289008915,0,0.0002081399434246,0,0.0766033381223678
0,0.0376137346029281,0,0.357634425163269,0,0.0676076933741569,0,0.6251156330108643
0,0.0012997331796213,0,0.0061414474621415,0,0.0011992084328085,0,0.0056236619129776
0,0.0014554973458871,0,0.0165049619972705,0,0.0013446273515,0,0.0029511647298932
0,0.0004501009825617,0,0.002826674375683,0,0.0005572121008299,0,0.1191164627671241
0,0.0012645502574741,0,0.0023438625503331,0,8.730671106604859e-05,0,0.147121176123619
0,0.0016448848182335,0,0.0151186045259237,0,0.0024532694369554,0,0.0062552401795983
0,0.0003577629104256,0,0.0031501885969191,0,0.0005771159194409,0,0.0040631042793393
0,0.0001814672141335,0,0.0131091326475143,0,0.001264653285034,0,0.0057273898273706
0,0.0003134869912173,0,0.0017093216301873,0,0.0004938772763125,0,0.088662102818489
0,0.0019447207450866,0,0.0030200590845197,0,0.0001611291954759,0,0.1722483485937118
0,0.0025554285384714,0,0.0117292795330286,0,0.0010955625912174,0,0.0061682611703872
0,0.0032827786635607,0,0.0153156779706478,0,0.0009801777778193,0,0.0076623647473752
0,0.0004007495590485,0,0.0057062860578298,0,0.0011742163915187,0,0.0098658865317702
0,0.0004271287180017,0,0.001980887260288,0,0.000597636331804,0,0.0965396016836166
0,0.0007956176414154,0,0.0018050117651,0,0.0004225114826112,0,0.098282590508461
0,0.0002782460069283,0,0.0019909846596419,0,9.436403342988342e-05,0,0.0363492295145988
0,0.0003283766272943,0,0.0015909987268969,0,0.0001154502897406,0,0.0289831943809986
0,0.0007242988795042,0,0.0109711969271302,0,0.0005269228713586,0,0.1739840805530548
0,0.0002402852260274,0,0.0090006124228239,0,0.0127631714567542,0,0.0139387063682079
0,0.3227229416370392,0,0.3640951514244079,0,0.974324345588684,0,0.8191573023796082
0,0.3246576488018036,0,0.5063496232032776,0,0.9878931641578674,0,0.6115965247154236
0,0.0004161519755143,0,0.0099204592406749,0,0.0604281313717365,0,0.0146003505215048
0,0.000880908453837,0,0.0148294605314731,0,0.0032581989653408,0,0.047815017402172
0,0.0087441112846136,0,0.1538375616073608,0,0.0080666597932577,0,0.3609673380851745
0,0.0002754345186986,0,0.0015417975373566,0,0.0001370773825328,0,0.023500707000494
0,0.0003736041253432,0,0.0030073998495936,0,0.0007210128824226,0,0.036254659295082
0,2.780330578389112e-05,0,0.0014920769026502,0,0.0001293892710236,0,0.0097108194604516
0,0.0002474274078849,0,0.001299777184613,0,0.0001755809353198,0,0.0068921600468456
0,0.001328230369836,0,0.0107108484953641,0,0.0003076257416978,0,0.0071105500683188
0,0.0001985651470022,0,0.0015148578677326,0,0.0004272989463061,0,0.0071453088894486
0,0.0036122337915003,0,0.0035395573358982,0,0.0004024973313789,0,0.2256290465593338
0,0.0186980869621038,0,0.0045563150197267,0,0.0005017036455683,0,0.0179045870900154
0,0.0003907495120074,0,0.0422635786235332,0,0.0008652263204567,0,0.0647924467921257
0,0.0508521236479282,0,0.0323605574667453,0,0.0174308586865663,0,0.6342517733573914
0,0.0327561236917972,0,0.3632927238941192,0,0.23146653175354,0,0.6296625137329102
0,0.8006654381752014,0,0.8079296946525574,0,0.7691639065742493,0,0.7597699761390686
0,0.0280014835298061,0,0.0198174957185983,0,0.0145574528723955,0,0.1712031215429306
0,0.0004163238045293,0,0.0091968653723597,0,0.0003981111512985,0,0.0065577630884945
0,0.0022933182772248,0,0.0232724919915199,0,0.0010941080981865,0,0.1139183714985847
0,0.0039830873720347,0,0.0045521431602537,0,0.0003084559575654,0,0.0097935171797871
0,0.0003437529376242,0,0.0260358303785324,0,0.0009415486711077,0,0.0088438931852579
0,0.0017009223811328,0,0.0290274433791637,0,0.004220737144351,0,0.0974480658769607
0,0.0017704934580251,0,0.0035850959829986,0,0.0002429535525152,0,0.010166403837502
0,0.0006905476911924,0,0.0195901822298765,0,0.0005738553591072,0,0.0075763268396258
0,0.0345608368515968,0,0.0416453257203102,0,0.0511203594505786,0,0.3897736072540283
0,0.0011874710908159,0,0.0029030113946646,0,0.00078467419371,0,0.0383620001375675
0,9.691862942418084e-05,0,0.0013907619286328,0,0.0006634538294747,0,0.0164309814572334
0,0.0007276064134202,0,0.0012061088345944,0,0.0002533222141209,0,0.0501642823219299
0,0.007495816797018,0,0.0131174866110086,0,0.0007953459862619,0,0.1330493092536926
0,0.3970277011394501,0,0.1057698652148246,0,0.0217460878193378,0,0.3637431561946869
0,0.0196719747036695,0,0.0175804067403078,0,0.0085918717086315,0,0.1833347082138061
0,0.0082952417433261,0,0.0119327967986464,0,0.0064477669075131,0,0.2044211030006408
0,0.0184703879058361,0,0.0471707917749881,0,0.0044387523084878,0,0.327968031167984
0,0.00458390917629,0,0.0638565197587013,0,0.0001025285673676,0,0.0705242678523063
0,0.0066552483476698,0,0.0511384010314941,0,0.0003105151699855,0,0.0046181543730199
0,0.0006342687411233,0,0.0165928583592176,0,0.0001895581226563,0,0.0474525578320026
0,0.0152404606342315,0,0.0357821732759475,0,0.0042694886215031,0,0.0118822427466511
0,0.0129914870485663,0,0.0082039842382073,0,0.0007591119501739,0,0.0832293927669525
0,0.0039094104431569,0,0.0090025728568434,0,0.0005460601532831,0,0.0086319362744688
0,0.0046125594526529,0,0.0652942731976509,0,0.0002912956115324,0,0.0364575162529945
0,0.002717466559261,0,0.0033634782303124,0,0.0002076214295811,0,0.0088433790951967
0,0.4283840656280517,0,0.2617939710617065,0,0.0271428450942039,0,0.403136283159256
0,0.0284821633249521,0,0.021853307262063,0,0.0011096282396465,0,0.303979754447937
0,0.0268784537911415,0,0.0739914029836654,0,0.0158927235752344,0,0.2032068073749542
0,0.6667771935462952,0,0.8194479942321777,0,0.9982675313949584,0,0.8776032328605652
0,0.0415329486131668,0,0.0280945915728807,0,0.187958687543869,0,0.1647177338600158
0,0.4067747890949249,0,0.2298259288072586,0,0.868145227432251,0,0.4625604152679443
0,0.0641809105873107,0,0.0622646026313304,0,0.0424815863370895,0,0.0586544200778007
0,0.0013403063639998,0,0.0251655858010053,0,0.0031244668643921,0,0.2412975579500198
0,0.9335753917694092,0,0.900447428226471,0,0.9305868148803712,0,0.079571783542633
0,0.0001318773865932,0,0.0013019441394135,0,0.0018347157165408,0,0.0216227211058139
0,0.0002792596351355,0,0.0139743369072675,0,0.0005630151717923,0,0.3109143674373626
0,3.97103613067884e-05,0,0.0009604530641809,0,0.0005707368836738,0,0.0057535241357982
0,0.0001069214049493,0,0.0317924804985523,0,0.0002992906083818,0,0.061385840177536
0,0.0023395391181111,0,0.0067909159697592,0,0.0002725217491388,0,0.0718000829219818
0,0.0003595179296098,0,0.0025738617405295,0,0.0001823539059842,0,0.0229072850197553
0,0.0026936323847621,0,0.0223378613591194,0,0.0117917088791728,0,0.191154807806015
0,7.611046748934314e-05,0,0.0028716442175209,0,7.333557005040348e-05,0,0.0188061725348234
0,0.0014639663277193,0,0.0039437469094991,0,0.0004233964718878,0,0.0212423410266637
0,0.0007294094539247,0,0.0030566074419766,0,0.0001072561426553,0,0.0190785396844148
0,0.0041827582754194,0,0.1006621420383453,0,0.0013074141461402,0,0.1986140608787536
0,9.125247015617788e-05,0,0.0014794151065871,0,5.593627065536566e-05,0,0.0080008935183286
0,0.0018700895598158,0,0.0248161517083644,0,0.0176085047423839,0,0.117135539650917
0,6.662147643510252e-05,0,0.0008178778807632,0,0.0002712957793846,0,0.0088361343368887
0,0.0010942275403067,0,0.0040689492598176,0,0.0008142738952301,0,0.1227590665221214
0,0.0172740835696458,0,0.0026500807143747,0,8.257476292783394e-05,0,0.0370588898658752
0,0.0155777670443058,0,0.0288372132927179,0,0.0004043007211294,0,0.5910710096359253
0,0.0077440226450562,0,0.0014915178762748,0,7.937687041703612e-05,0,0.0333303548395633
0,0.0284828450530767,0,0.0122160008177161,0,0.0009838799014687,0,0.5913833975791931
0,0.0038546347059309,0,0.0017188313649967,0,9.328904707217588e-05,0,0.0238161869347095
0,0.0332179926335811,0,0.02187255397439,0,0.0009756697108969,0,0.6340124011039734
0,0.0143059249967336,0,0.0196505971252918,0,0.0280944351106882,0,0.3263696730136871
0,0.0002261482586618,0,0.0108169233426451,0,0.0006070116651244,0,0.014907413162291
0,0.000455252098618,0,0.0023101246915757,0,0.0002857744984794,0,0.0063506043516099
0,0.0001877535542007,0,0.001326180063188,0,0.0002002691762754,0,0.0047910180874168
0,0.0044651529751718,0,0.015559708699584,0,3.06683978124056e-05,0,0.0428160093724727
0,0.002801856957376,0,0.0108845857903361,0,0.000141525073559,0,0.0151349641382694
