fold_1_labels,fold_1_predictions,fold_2_labels,fold_2_predictions,fold_3_labels,fold_3_predictions,fold_4_labels,fold_4_predictions
1,0.0231289509683847,1,0.2599899172782898,1,0.2399141490459442,1,0.220231294631958
1,0.9966429471969604,1,0.9046299457550048,1,0.5376282334327698,1,0.9263089895248412
1,0.9156338572502136,1,0.4227264523506164,1,0.6860219240188599,1,0.823120653629303
1,0.4606098532676697,1,0.0933679118752479,1,0.2713644504547119,1,0.702099084854126
1,0.3542454838752746,1,0.0787113159894943,1,0.2766656577587127,1,0.1156366467475891
1,0.5524378418922424,1,0.1189324632287025,1,0.3101811110973358,1,0.6499691009521484
1,0.1965121775865554,1,0.0927318334579467,1,0.3867341876029968,1,0.4631217718124389
1,0.9585133790969848,1,0.7086582779884338,1,0.6717255711555481,1,0.8075606226921082
1,0.8561554551124573,1,0.1215338110923767,1,0.1045890897512435,1,0.3114133179187774
1,0.9029252529144288,1,0.1941068023443222,1,0.1789657920598983,1,0.6822867393493652
1,0.7353556752204895,1,0.1376003921031952,1,0.1334304511547088,1,0.5249846577644348
1,0.9940406680107116,1,0.950286328792572,1,0.8194521069526672,1,0.9729282855987548
1,0.924290895462036,1,0.2243674546480178,1,0.5530561804771423,1,0.4068096876144409
1,0.5261889696121216,1,0.2587891817092895,1,0.0569930039346218,1,0.247582733631134
1,0.0603628009557724,1,0.2766568958759308,1,0.2095565199851989,1,0.4672054350376129
1,0.2487339377403259,1,0.5423733592033386,1,0.2416042536497116,1,0.4891932606697082
1,0.9520331621170044,1,0.9693312048912048,1,0.7144677639007568,1,0.8969815373420715
1,0.6615710258483887,1,0.5771597623825073,1,0.315466821193695,1,0.1446994245052337
1,0.9670074582099916,1,0.6555687785148621,1,0.615858256816864,1,0.5714499950408936
1,0.7460706233978271,1,0.1937759071588516,1,0.7091697454452515,1,0.0991500094532966
1,0.9822308421134948,1,0.7805277705192566,1,0.753074049949646,1,0.6738899946212769
0,0.0050262697041034,0,0.0706037133932113,0,0.0367990396916866,0,0.0321803838014602
0,0.0001277007104363,0,0.007482617162168,0,0.0071955281309783,0,0.0055218073539435
0,0.0233401805162429,0,0.1331333816051483,0,0.3049878478050232,0,0.5980370044708252
0,9.34005729504861e-05,0,0.0062818182632327,0,0.0061623188666999,0,0.0050035878084599
0,0.548831045627594,0,0.1653306484222412,0,0.4597878158092499,0,0.8075457811355591
0,4.739360156236216e-05,0,0.0067170308902859,0,0.0052999937906861,0,0.0052209678106009
0,0.0358632206916809,0,0.107652373611927,0,0.2096683531999588,0,0.1992739289999008
0,0.0043829921633005,0,0.0212737452238798,0,0.0154596259817481,0,0.0147055890411138
0,0.0014120289124548,0,0.0212374478578567,0,0.0166326351463794,0,0.0184494163841009
0,0.0545436479151248,0,0.0232105422765016,0,0.0232178829610347,0,0.0803812518715858
0,0.0007717862608842,0,0.0101661495864391,0,0.0100687332451343,0,0.0385352969169616
0,0.0028545802924782,0,0.0114453956484794,0,0.0060974117368459,0,0.065085269510746
0,0.0008309709373861,0,0.0705509781837463,0,0.0346715375781059,0,0.0705855712294578
0,0.0057950490154325,0,0.0181703716516494,0,0.0132316397503018,0,0.0418870113790035
0,0.0095819178968667,0,0.0303011033684015,0,0.0679193288087844,0,0.0701279491186142
0,0.0163696464151144,0,0.1342365890741348,0,0.0294604562222957,0,0.3653749227523803
0,0.0001547037536511,0,0.0085384305566549,0,0.0057079554535448,0,0.0271225497126579
0,0.0003209083515685,0,0.0136855645105242,0,0.0082456264644861,0,0.0556270778179168
0,0.0064341938123106,0,0.039812434464693,0,0.0497176609933376,0,0.0980210155248642
0,0.0010661443229764,0,0.0128974821418523,0,0.0052775451913475,0,0.0121773267164826
0,0.0045849191956222,0,0.038421843200922,0,0.0241331625729799,0,0.1422063112258911
0,0.0528443567454814,0,0.1056871190667152,0,0.0341267585754394,0,0.3382133841514587
0,0.0007732986705377,0,0.0149702727794647,0,0.0361615270376205,0,0.0904154106974601
0,0.0425645820796489,0,0.0430272072553634,0,0.0404127389192581,0,0.2096010148525238
0,0.228250116109848,0,0.40733602643013,0,0.3646416068077087,0,0.5093916058540344
0,0.0122562926262617,0,0.1881639659404754,0,0.3248704373836517,0,0.4545948505401611
0,0.0038976040668785,0,0.0584783032536506,0,0.1505745947360992,0,0.096753641963005
0,0.0071753938682377,0,0.2621549665927887,0,0.1703596711158752,0,0.419096291065216
0,0.1050506308674812,0,0.4011717736721039,0,0.3980755507946014,0,0.6077427268028259
0,0.0144892064854502,0,0.2448305040597915,0,0.2416925728321075,0,0.3896764814853668
0,0.0054963305592536,0,0.0711053758859634,0,0.1312375217676162,0,0.1346561461687088
0,0.0009368472383357,0,0.0468746796250343,0,0.0932651683688163,0,0.2252188175916671
0,0.1586617231369018,0,0.1630629599094391,0,0.1609980016946792,0,0.4608174860477447
0,0.0139708947390317,0,0.1338878870010376,0,0.2745867967605591,0,0.4269039630889892
0,0.0401596799492836,0,0.0731449872255325,0,0.1043102517724037,0,0.1258818805217743
0,0.0132911605760455,0,0.0936601087450981,0,0.0952462926506996,0,0.2360700666904449
0,0.0345590636134147,0,0.1958991438150406,0,0.0304286461323499,0,0.0224772375077009
0,0.0226610749959945,0,0.0044800974428653,0,0.0095533113926649,0,0.0135903162881731
0,0.9902564287185668,0,0.496029794216156,0,0.1939678639173507,0,0.7126646041870117
0,0.8688715100288391,0,0.050680935382843,0,0.1674678325653076,0,0.1426649689674377
0,0.0048734722658991,0,0.011156452819705,0,0.0147361373528838,0,0.01089533790946
0,0.0015803740825504,0,0.0160237550735473,0,0.0123435789719223,0,0.0158721227198839
0,0.0033456741366535,0,0.0119883529841899,0,0.0162595193833112,0,0.0280763804912567
0,0.0045140013098716,0,0.0114409942179918,0,0.0110609605908393,0,0.013692807406187
0,0.0687056109309196,0,0.0313967317342758,0,0.0466125942766666,0,0.2269140183925628
0,0.0203678682446479,0,0.0268080681562423,0,0.0203323382884264,0,0.0641221329569816
0,0.0014481663238257,0,0.013855468481779,0,0.0145420143380761,0,0.1640031337738037
0,0.0025928728282451,0,0.0471048802137374,0,0.0078403800725936,0,0.1478746831417083
0,0.3438687622547149,0,0.2833391427993774,0,0.1960747390985489,0,0.457857608795166
0,0.3809160888195038,0,0.1699612736701965,0,0.043440755456686,0,0.5438100099563599
0,0.0042718490585684,0,0.0526664033532142,0,0.0158333182334899,0,0.0516930483281612
0,0.4256859421730041,0,0.6881457567214966,0,0.7760751843452454,0,0.6082193851470947
0,0.0015092639951035,0,0.0043208026327192,0,0.0187325291335582,0,0.0177948772907257
0,0.0055586243979632,0,0.005872159730643,0,0.0088982619345188,0,0.0147089604288339
0,0.0048902854323387,0,0.0188353806734085,0,0.0157457403838634,0,0.0871965587139129
0,0.0003165675734635,0,0.004563704598695,0,0.0151727255433797,0,0.0119791962206363
0,0.0020933283958584,0,0.0045790188014507,0,0.0068881339393556,0,0.0125789362937211
0,0.0029839989729225,0,0.0198755469173192,0,0.0078241722658276,0,0.0212432835251092
0,0.0003326981386635,0,0.0055453949607908,0,0.0107268458232283,0,0.0159091688692569
0,0.0068831876851618,0,0.0053682657890021,0,0.009491579607129,0,0.0119113735854625
0,0.0032779406756162,0,0.022084467113018,0,0.0254948269575834,0,0.0461533553898334
0,0.0044494522735476,0,0.0124995615333318,0,0.0501549914479255,0,0.0330582968890666
0,0.001082936534658,0,0.0077165286056697,0,0.0117955049499869,0,0.0053158700466156
0,0.0006481616292148,0,0.0090731373056769,0,0.0325088649988174,0,0.0126962382346391
0,0.0480716936290264,0,0.0083775846287608,0,0.0041626747697591,0,0.0096342442557215
0,0.0002905035507865,0,0.0123998625203967,0,0.004826062824577,0,0.0177768915891647
0,0.0007718254928477,0,0.0159875284880399,0,0.0061445999890565,0,0.0256478283554315
0,0.0002737362810876,0,0.0133477039635181,0,0.0065120942890644,0,0.018656263127923
0,0.0084948567673563,0,0.0206196215003728,0,0.3539364039897918,0,0.1293424814939499
0,0.011142149567604,0,0.0161074381321668,0,0.1369318664073944,0,0.1689833998680114
0,0.0162191614508628,0,0.0612758994102478,0,0.1071100160479545,0,0.4794520437717438
0,0.0027738367207348,0,0.0281033553183078,0,0.0752025842666626,0,0.0313025191426277
0,0.0506838262081146,0,0.0496475994586944,0,0.0778522193431854,0,0.0367322526872158
0,0.0016008607344701,0,0.003126508090645,0,0.0080636581405997,0,0.0082594845443964
0,0.0025171774905174,0,0.1832504123449325,0,0.0304791387170553,0,0.0189317725598812
0,0.0145779671147465,0,0.0210233274847269,0,0.0105548752471804,0,0.043146938085556
0,0.0125139411538839,0,0.0267916340380907,0,0.0144500248134136,0,0.2854118049144745
0,0.1562246084213256,0,0.0348272770643234,0,0.038033802062273,0,0.2892703115940094
0,0.00372582860291,0,0.0115778921172022,0,0.0231697559356689,0,0.0135249951854348
0,0.0005253617418929,0,0.0210114903748035,0,0.0172989703714847,0,0.0340004414319992
0,0.0237788297235965,0,0.0109092248603701,0,0.0243529230356216,0,0.058003943413496
0,0.000486646516947,0,0.012453481554985,0,0.0278984382748603,0,0.0203052069991827
0,0.0203789640218019,0,0.0139215653762221,0,0.0331884212791919,0,0.0888888388872146
0,0.0081267608329653,0,0.0066171884536743,0,0.009663944132626,0,0.0899422392249107
0,0.0002197479334427,0,0.0218446291983127,0,0.024150438606739,0,0.0234423018991947
0,0.0094925388693809,0,0.022462947294116,0,0.0159280225634574,0,0.053490474820137
0,0.0318217910826206,0,0.0101428991183638,0,0.030827997252345,0,0.0727205425500869
0,0.0013137451605871,0,0.0053011355921626,0,0.0101714003831148,0,0.0146894790232181
0,0.0192449837923049,0,0.0880275070667266,0,0.5297343134880066,0,0.0701869204640388
0,0.0361693799495697,0,0.1115163564682006,0,0.3269298374652862,0,0.2013711184263229
0,0.0751338973641395,0,0.226194366812706,0,0.571630597114563,0,0.833629846572876
0,0.0813209116458892,0,0.0314618796110153,0,0.1762980371713638,0,0.0589808151125907
0,0.0534240044653415,0,0.0227412860840559,0,0.0446359701454639,0,0.0277851670980453
0,0.0585472844541072,0,0.0159779228270053,0,0.0663769096136093,0,0.0190816260874271
0,0.0003190128190908,0,0.0213598404079675,0,0.0049513513222336,0,0.0223284345120191
0,0.0968828648328781,0,0.2757647037506103,0,0.4199022054672241,0,0.0418583638966083
0,0.0032814757432788,0,0.0400646962225437,0,0.2319372743368148,0,0.0484475083649158
0,0.010023757815361,0,0.0918921455740928,0,0.2464367747306823,0,0.0392263978719711
0,0.0795460939407348,0,0.12311602383852,0,0.137712076306343,0,0.3114857077598572
0,0.0153139317408204,0,0.0742682591080665,0,0.0317789688706398,0,0.2105548530817031
0,0.002075957134366,0,0.0303758773952722,0,0.0053682914003729,0,0.0172415804117918
0,0.0044510979205369,0,0.0103764478117227,0,0.0208189878612756,0,0.0744636505842208
0,0.0022057290188968,0,0.0150086414068937,0,0.0205035526305437,0,0.0294620525091886
0,0.0049417167901992,0,0.0614864118397235,0,0.0462147109210491,0,0.1806100308895111
0,0.0053758737631142,0,0.0897127911448478,0,0.2355415225028991,0,0.2152071148157119
0,0.0052784061990678,0,0.0137936519458889,0,0.0473274067044258,0,0.0869030579924583
0,0.0222415477037429,0,0.0316436998546123,0,0.393447607755661,0,0.4161616265773773
0,0.0040173269808292,0,0.0312811881303787,0,0.2111715376377105,0,0.1750701367855072
0,0.0031763552688062,0,0.0043323701247572,0,0.0054021426476538,0,0.0466200411319732
0,0.0019973781891167,0,0.010467697866261,0,0.0129603296518325,0,0.0069742430932819
0,0.0015262368833646,0,0.0111515671014785,0,0.0125498883426189,0,0.0047376528382301
0,0.0001239698758581,0,0.0064396923407912,0,0.0103679662570357,0,0.0091451210901141
0,0.0010240570409223,0,0.0101677291095256,0,0.0108062792569398,0,0.0081837251782417
0,0.000119433774671,0,0.0070764827542006,0,0.0087482370436191,0,0.0092591242864727
0,0.0079027814790606,0,0.0279263667762279,0,0.0587498620152473,0,0.1380264610052108
0,0.0235431436449289,0,0.0817546844482421,0,0.0480596274137496,0,0.4381122589111328
0,0.0014231746317818,0,0.0123417889699339,0,0.0145201226696372,0,0.0123696438968181
0,0.0121821109205484,0,0.0031270673498511,0,0.0078718867152929,0,0.0054445317946374
0,0.0020180321298539,0,0.023531625047326,0,0.012852962128818,0,0.0094781890511512
0,0.0212646313011646,0,0.0897011682391166,0,0.126539796590805,0,0.4001461565494537
0,0.0165222100913524,0,0.0035169820766896,0,0.009592498652637,0,0.0061014671809971
0,0.0003950389509554,0,0.0053526079282164,0,0.0040132370777428,0,0.0114095099270343
0,0.0330010391771793,0,0.0167117062956094,0,0.0332009382545948,0,0.0678229629993438
0,0.0057776239700615,0,0.0220055840909481,0,0.0122102769091725,0,0.0077792624942958
0,0.0014577063266187,0,0.0353146307170391,0,0.0130437165498733,0,0.0098910294473171
0,0.0214455109089612,0,0.0129405874758958,0,0.0083076851442456,0,0.0142731629312038
0,0.0007320915465243,0,0.0115819852799177,0,0.0156735181808471,0,0.0194878727197647
0,0.0005351405125111,0,0.0100656589493155,0,0.0049300091341137,0,0.0093973958864808
0,0.0034312666393816,0,0.0199013911187648,0,0.0142166428267955,0,0.0112202260643243
0,0.0008242208859883,0,0.0394650176167488,0,0.0144361583516001,0,0.0126976007595658
0,0.0192600209265947,0,0.0132002308964729,0,0.01093072257936,0,0.0107660461217165
0,0.0459806472063064,0,0.901275873184204,0,0.0818141773343086,0,0.5952304601669312
0,0.2410998940467834,0,0.0779243409633636,0,0.4206967353820801,0,0.6483351588249207
0,0.2710337936878204,0,0.0903188362717628,0,0.2989486455917358,0,0.5850859880447388
0,0.0761774107813835,0,0.0279705692082643,0,0.0472980253398418,0,0.0716913491487503
0,0.0415917299687862,0,0.0343451239168643,0,0.2407374531030655,0,0.1852437853813171
0,0.26521697640419,0,0.0207803286612033,0,0.0446502268314361,0,0.0101857315748929
0,0.6739588975906372,0,0.0464269258081913,0,0.2360239923000335,0,0.1560826301574707
0,0.0043871304951608,0,0.0442882850766181,0,0.0456890575587749,0,0.0421116687357425
0,0.1230732128024101,0,0.2142023742198944,0,0.0474843829870224,0,0.2162372171878814
0,0.0149052143096923,0,0.0668337941169738,0,0.0134744420647621,0,0.0620323792099952
0,0.0017061699181795,0,0.0889124497771263,0,0.0159968845546245,0,0.0333329439163208
0,0.0456791222095489,0,0.029699882492423,0,0.1190574914216995,0,0.0494633577764034
0,0.0146734956651926,0,0.2001399993896484,0,0.1161286383867263,0,0.0233104433864355
0,0.0889735743403434,0,0.1211115419864654,0,0.0844481885433197,0,0.1365526020526886
0,0.1650711297988891,0,0.0707437545061111,0,0.2456398904323578,0,0.0206346102058887
0,0.0075867883861064,0,0.8724381327629089,0,0.6206375360488892,0,0.6167731881141663
0,0.0012058072024956,0,0.0061205881647765,0,0.0058931717649102,0,0.0075472560711205
0,0.0036818222142755,0,0.0300424508750438,0,0.0080671524628996,0,0.0401283539831638
0,0.0004345633496996,0,0.0123485270887613,0,0.0079020410776138,0,0.0124968886375427
0,0.0003855106479022,0,0.0066079483367502,0,0.0066841705702245,0,0.0083862291648983
0,0.2214586585760116,0,0.4963566362857818,0,0.5430899858474731,0,0.8747462034225464
0,0.3083811104297638,0,0.4958907067775726,0,0.3162375390529632,0,0.8879552483558655
0,0.5007316470146179,0,0.6307790875434875,0,0.4870735704898834,0,0.9169646501541138
0,0.0022706284653395,0,0.0934377163648605,0,0.0114436475560069,0,0.0137675534933805
0,0.0058885333128273,0,0.0523289255797863,0,0.0111509561538696,0,0.0200130809098482
0,0.0038177932146936,0,0.0463479124009609,0,0.0147611778229475,0,0.0138632506132125
0,0.0118323620408773,0,0.066226914525032,0,0.1315096318721771,0,0.3266892433166504
0,0.0006091667455621,0,0.0680353716015815,0,0.0123447254300117,0,0.0128883849829435
0,0.0009638402261771,0,0.0151941431686282,0,0.0220031216740608,0,0.0209119487553834
0,0.0004170695901848,0,0.0165373086929321,0,0.0158870704472064,0,0.0113932080566883
0,0.0047715571708977,0,0.0668659284710884,0,0.0270598530769348,0,0.0059375278651714
0,0.0006750034517608,0,0.0077097993344068,0,0.0195302665233612,0,0.007588367909193
0,0.0003439338761381,0,0.0072327908128499,0,0.0057370043359696,0,0.0080603025853633
0,0.0002272421697853,0,0.0714106932282447,0,0.0210124514997005,0,0.0159545019268989
0,0.002134321257472,0,0.0098708104342222,0,0.0143659533932805,0,0.0096638621762394
0,0.0002354025491513,0,0.0037448033690452,0,0.00801098998636,0,0.008315447717905
0,0.0327239409089088,0,0.2314022183418274,0,0.3632493913173675,0,0.1117017790675163
0,0.013149494305253,0,0.0939885377883911,0,0.3203537762165069,0,0.1357062458992004
0,0.1419214755296707,0,0.2838002145290375,0,0.3152401745319366,0,0.2294390201568603
0,0.0678987950086593,0,0.1880187839269638,0,0.2706626355648041,0,0.3729265034198761
0,0.0003616976027842,0,0.0574437789618968,0,0.0186099540442228,0,0.0901392623782157
0,0.0430330485105514,0,0.0383895374834537,0,0.2765334844589233,0,0.028444031253457
0,0.1272868365049362,0,0.0453309491276741,0,0.4540257155895233,0,0.3357645869255066
0,0.0021744901314377,0,0.0682113543152809,0,0.0105922250077128,0,0.0503192357718944
0,0.0121766999363899,0,0.0614516958594322,0,0.3570221364498138,0,0.0555472858250141
0,0.0120499869808554,0,0.0680304765701294,0,0.3567393124103546,0,0.1336408257484436
0,0.0050909682177007,0,0.1748360097408294,0,0.0179054420441389,0,0.1863503605127334
0,0.0005056934314779,0,0.0174209643155336,0,0.0088932709768414,0,0.0528755150735378
0,0.0142041184008121,0,0.2379299849271774,0,0.1626472622156143,0,0.0542189963161945
0,0.7468215227127075,0,0.0145114129409194,0,0.023977680131793,0,0.1234759464859962
0,0.0757648795843124,0,0.0208306163549423,0,0.0437959432601928,0,0.1097513362765312
0,0.2840169966220855,0,0.024051135405898,0,0.0503945760428905,0,0.1540696769952774
0,0.0015137388836592,0,0.0070153051055967,0,0.0181858148425817,0,0.0439294353127479
0,0.0010913427686318,0,0.0513113513588905,0,0.1290509700775146,0,0.0927844867110252
0,0.0041701314039528,0,0.0190496463328599,0,0.0160431656986475,0,0.0111321499571204
0,0.0006096296710893,0,0.0268681589514017,0,0.0166605710983276,0,0.0074627767316997
0,0.0036445772275328,0,0.0203098691999912,0,0.015881048515439,0,0.0119118737056851
0,0.0011107313912361,0,0.0239410735666751,0,0.0252302810549736,0,0.0103541882708668
0,0.0002022894914261,0,0.0146637232974171,0,0.0066690575331449,0,0.0091924602165818
0,0.0019314020173624,0,0.0323174819350242,0,0.075510635972023,0,0.0127424774691462
0,0.0177449509501457,0,0.0081216236576437,0,0.0133050065487623,0,0.0204080529510974
0,0.0134627586230635,0,0.0059792101383209,0,0.0122611476108431,0,0.0178593154996633
0,0.0010138979414477,0,0.0070357131771743,0,0.0118400808423757,0,0.0321151316165924
0,0.0031069859396666,0,0.0060691027902066,0,0.0096956072375178,0,0.0158019568771123
0,0.0011157080298289,0,0.0101035647094249,0,0.0122548891231417,0,0.0604276694357395
0,0.0054431399330496,0,0.0436809174716472,0,0.0272246617823839,0,0.0411318130791187
0,0.2667572498321533,0,0.92391175031662,0,0.7348577976226807,0,0.8425320386886597
0,0.2489687949419021,0,0.910926103591919,0,0.7179147601127625,0,0.8858596682548523
0,0.2349068522453308,0,0.9027096033096312,0,0.7288410663604736,0,0.9093844890594482
0,0.0007880619959905,0,0.0091388151049613,0,0.0374101996421813,0,0.0261293053627014
0,0.0011522071436047,0,0.0079154763370752,0,0.0423521921038627,0,0.0251572392880916
0,0.000572566234041,0,0.0097140707075595,0,0.0692869052290916,0,0.0340566709637641
0,0.004778588656336,0,0.0422029271721839,0,0.1713688969612121,0,0.0234071556478738
0,0.0006452066591009,0,0.0030742005910724,0,0.0286440830677747,0,0.0553142614662647
0,0.0008814234752207,0,0.0033527282066643,0,0.0147722577676177,0,0.0155803551897406
0,0.9970644116401672,0,0.9397740960121156,0,0.6161088943481445,0,0.9429381489753724
0,0.4824787974357605,0,0.7019479274749756,0,0.1563288122415542,0,0.7318920493125916
0,0.0005086549208499,0,0.0024052064400166,0,0.0266833622008562,0,0.0161905866116285
0,0.0004506655386649,0,0.0040080025792121,0,0.0034306244924664,0,0.0122029641643166
0,0.0589775554835796,0,0.2397507131099701,0,0.1068029180169105,0,0.2860643863677978
0,0.0001773222757037,0,0.0062900725752115,0,0.0074281189590692,0,0.0062667778693139
0,0.0005886138533242,0,0.0124961594119668,0,0.0106114717200398,0,0.106710284948349
0,0.0004073635791428,0,0.0286684669554233,0,0.0121973622590303,0,0.0177683923393487
0,0.0002174419932998,0,0.0069356295280158,0,0.0043519143946468,0,0.0050634392537176
0,0.000976360111963,0,0.0155620826408267,0,0.0143358716741204,0,0.0126865766942501
0,0.0003567559469956,0,0.0086287409067153,0,0.0059072561562061,0,0.0068133948370814
0,0.001849423861131,0,0.0217809733003377,0,0.0093011762946844,0,0.067568764090538
0,0.0001880778581835,0,0.0106997424736619,0,0.0115413125604391,0,0.0134725524112582
0,0.0320393033325672,0,0.1107542365789413,0,0.5969460606575012,0,0.4188871085643768
0,0.0013085278915241,0,0.1020729467272758,0,0.1386738419532776,0,0.1070333942770958
0,9.927184146363288e-05,0,0.0028100074268877,0,0.0053212027996778,0,0.0061238575726747
0,0.0020086630247533,0,0.0728406235575676,0,0.1135470494627952,0,0.0330233313143253
0,0.0023670278023928,0,0.0549192577600479,0,0.0901717916131019,0,0.062739796936512
0,0.000959123019129,0,0.0801744535565376,0,0.1261749267578125,0,0.0504586286842823
1,0.9541902542114258,1,0.944091498851776,1,0.6868487000465393,1,0.9400402307510376
1,0.0063484623096883,1,0.3902406990528106,1,0.3659074306488037,1,0.1148217394948005
1,0.0029439334757626,1,0.2557873129844665,1,0.0471712537109851,1,0.1028725728392601
1,0.0025714393705129,1,0.2198329269886016,1,0.0416111387312412,1,0.0255192555487155
1,0.0016369862714782,1,0.2217700034379959,1,0.034577626734972,1,0.0700019896030426
1,0.9790436029434204,1,0.9746860265731812,1,0.7297966480255127,1,0.9226833581924438
1,0.9970411658287048,1,0.9887861013412476,1,0.8702114820480347,1,0.9653877019882202
1,0.0069923265837132,1,0.0198136419057846,1,0.0568134598433971,1,0.2178124189376831
1,0.0072628119960427,1,0.0903642475605011,1,0.0697631686925888,1,0.1689110398292541
1,0.0096496753394603,1,0.2397224605083465,1,0.3203224837779999,1,0.5025292038917542
1,0.0019793221727013,1,0.0315287560224533,1,0.0454320386052131,1,0.083712987601757
1,0.7965356707572937,1,0.3291657865047455,1,0.5942609310150146,1,0.4542132318019867
1,0.957511842250824,1,0.8525691032409668,1,0.7014026045799255,1,0.96321040391922
1,0.0324736237525939,1,0.2207288891077041,1,0.708250105381012,1,0.1190796419978141
1,0.9679417610168456,1,0.9552208185195924,1,0.6986944675445557,1,0.95265930891037
1,0.010744260624051,1,0.0797576159238815,1,0.0286471527069807,1,0.0421596653759479
1,0.04667304828763,1,0.0900204703211784,1,0.0483483746647834,1,0.0450893640518188
1,0.004402317572385,1,0.0124987661838531,1,0.1208296045660972,1,0.1221636161208152
1,0.1309471130371093,1,0.1147095784544944,1,0.369983047246933,1,0.2807474434375763
1,0.5087968707084656,1,0.780079185962677,1,0.4781139194965362,1,0.4435281753540039
1,0.9082367420196532,1,0.9232348799705504,1,0.378577709197998,1,0.6611485481262207
1,0.9319823384284972,1,0.8378793001174927,1,0.4665168821811676,1,0.4824842512607574
1,0.9868725538253784,1,0.9386134743690492,1,0.4520600140094757,1,0.7968333959579468
1,0.9740289449691772,1,0.4199317097663879,1,0.5929109454154968,1,0.7367328405380249
1,0.9559578895568848,1,0.1833446323871612,1,0.4725916087627411,1,0.306200236082077
1,0.4473023414611816,1,0.2101120203733444,1,0.6234873533248901,1,0.6193811297416687
0,0.1625537276268005,0,0.2799420952796936,0,0.5216976404190063,0,0.4218851923942566
0,0.2897525429725647,0,0.1195112839341163,0,0.4490062594413757,0,0.5896453261375427
0,0.0954088345170021,0,0.022856930270791,0,0.1482820063829422,0,0.2786158621311188
0,0.0003128048556391,0,0.051734697073698,0,0.0146729173138737,0,0.015139315277338
0,0.0010485331295058,0,0.0621507279574871,0,0.0150456670671701,0,0.0091800168156623
0,0.0073083485476672,0,0.0536457113921642,0,0.0935426726937294,0,0.2903167903423309
0,0.0018468623748049,0,0.0822490379214286,0,0.0674460753798484,0,0.232926458120346
0,0.000783130119089,0,0.0102283842861652,0,0.0103505682200193,0,0.0124640194699168
0,0.0023251017555594,0,0.0789806544780731,0,0.0810990110039711,0,0.2655375301837921
0,0.0026512532494962,0,0.0513592697679996,0,0.0414215959608554,0,0.1291183233261108
0,0.0025003987830132,0,0.0595341138541698,0,0.0580694787204265,0,0.1191305592656135
0,0.0004983736434951,0,0.0064361840486526,0,0.1054775193333625,0,0.0151934577152132
0,0.000472069485113,0,0.0061566759832203,0,0.0589614063501358,0,0.0285305585712194
0,0.5536032319068909,0,0.7618722319602966,0,0.4780927002429962,0,0.7962139844894409
0,0.0025861570611596,0,0.0071773235686123,0,0.0117209535092115,0,0.0253741573542356
0,0.0006838424596935,0,0.0140897883102297,0,0.0159645061939954,0,0.0070992545224726
0,0.1422266513109207,0,0.0484758205711841,0,0.0866483077406883,0,0.3794424831867218
0,0.0003745448484551,0,0.0100746853277087,0,0.0154733564704656,0,0.0081646814942359
0,0.0019675884395837,0,0.0323352664709091,0,0.0107244774699211,0,0.0129348328337073
0,0.0898651257157325,0,0.3914652168750763,0,0.1409445852041244,0,0.327256292104721
0,0.0183542072772979,0,0.0279818270355463,0,0.0632729157805442,0,0.1993207782506942
0,0.1771405041217804,0,0.0411749109625816,0,0.2501329779624939,0,0.4434891939163208
0,0.2633353471755981,0,0.0771851912140846,0,0.076168306171894,0,0.4571826159954071
0,0.0124926827847957,0,0.0085718752816319,0,0.011894186027348,0,0.0041374773718416
0,0.0032723024487495,0,0.0121553614735603,0,0.0139665473252534,0,0.0085003692656755
0,0.0386997237801551,0,0.0405470542609691,0,0.1641814261674881,0,0.1369462460279464
0,0.009100236929953,0,0.0097711384296417,0,0.0199667662382125,0,0.0042555890977382
0,0.0078150313347578,0,0.0151626942679286,0,0.0159741342067718,0,0.0136502021923661
0,0.0096247941255569,0,0.0139858210459351,0,0.0143573945388197,0,0.0073264045640826
0,0.0030217049643397,0,0.0050478246994316,0,0.0085733048617839,0,0.0113826813176274
0,0.4698233306407928,0,0.8072115182876587,0,0.6789829730987549,0,0.8383832573890686
0,0.5399665236473083,0,0.8632737398147583,0,0.7291101813316345,0,0.9204586148262024
0,0.1793144941329956,0,0.1467460840940475,0,0.5092020034790039,0,0.2745623588562011
0,0.0406188033521175,0,0.1168218925595283,0,0.0684698969125747,0,0.3680375814437866
0,0.0381649360060691,0,0.4392595291137695,0,0.3843189179897308,0,0.7466973662376404
0,0.0215643607079982,0,0.1418630629777908,0,0.2213918417692184,0,0.5059501528739929
0,0.0146765178069472,0,0.0128778582438826,0,0.0306965578347444,0,0.0691045969724655
0,0.0021884492598474,0,0.0504818186163902,0,0.0325895622372627,0,0.0229112971574068
0,0.004705689381808,0,0.0076106684282422,0,0.023265428841114,0,0.01442935410887
0,0.0008989400230348,0,0.0514978170394897,0,0.0357934311032295,0,0.0225317422300577
0,0.195740208029747,0,0.161651000380516,0,0.3627531230449676,0,0.162494346499443
0,0.0019586100243031,0,0.0349454618990421,0,0.0576381348073482,0,0.0225642099976539
0,0.0028079547919332,0,0.0070722382515668,0,0.0312600992619991,0,0.0232933908700943
0,0.0031053470447659,0,0.0269585251808166,0,0.0136858476325869,0,0.0254602022469043
0,0.0006817549583502,0,0.0171700362116098,0,0.0167174115777015,0,0.012850759550929
0,0.0007589108427055,0,0.0129217263311147,0,0.0215064659714698,0,0.0194346979260444
0,0.1137776523828506,0,0.0647230371832847,0,0.075108528137207,0,0.0300095453858375
0,0.0019001414766535,0,0.0090075051411986,0,0.0264985729008913,0,0.0415625907480716
0,0.0148341096937656,0,0.032475609332323,0,0.0373499132692813,0,0.0172371696680784
0,0.0015395800583064,0,0.0106287617236375,0,0.0230040345340967,0,0.0880837142467498
0,0.0168733820319175,0,0.0266510527580976,0,0.0500784367322921,0,0.0165780205279588
0,0.0109311249107122,0,0.02973666600883,0,0.0452114306390285,0,0.0334188230335712
0,0.0051991594955325,0,0.0088533358648419,0,0.0162008665502071,0,0.0782290175557136
0,0.0180627517402172,0,0.022712618112564,0,0.0264028590172529,0,0.0290200300514698
0,0.0019105286337435,0,0.0071205017156898,0,0.0228542517870664,0,0.0131383733823895
0,0.0009432417573407,0,0.0071371840313076,0,0.0251338314265012,0,0.0112197240814566
0,0.00658391835168,0,0.0035004799719899,0,0.0106632458046078,0,0.0205784570425748
0,0.7072545886039734,0,0.335816740989685,0,0.1045043542981147,0,0.4449362754821777
0,0.0015533622354269,0,0.0365663506090641,0,0.0108593478798866,0,0.0106949694454669
0,0.1876396834850311,0,0.037645224481821,0,0.0374767072498798,0,0.4293450117111206
0,0.1449217200279235,0,0.0464874729514122,0,0.0310546122491359,0,0.2599087655544281
0,0.0043346392922103,0,0.0116924913600087,0,0.0218062754720449,0,0.007710313424468
0,0.0043779197148978,0,0.026305878534913,0,0.0173977743834257,0,0.012595665641129
0,0.000108341948362,0,0.0033523489255458,0,0.0090560084208846,0,0.0120782377198338
0,0.0041155405342578,0,0.0075903800316154,0,0.0143353855237364,0,0.0083486968651413
0,9.630424028728156e-05,0,0.0031039582099765,0,0.0052621373906731,0,0.009994382970035
0,0.0027924771420657,0,0.0155748864635825,0,0.024099500849843,0,0.008836823515594
0,0.000128845567815,0,0.0050565376877784,0,0.0069842329248785,0,0.0076246480457484
0,0.0023139435797929,0,0.0223866775631904,0,0.0154346711933612,0,0.0088968062773346
0,0.008301680907607,0,0.035492192953825,0,0.0166334938257932,0,0.0416473448276519
0,0.0015638838522136,0,0.0071021923795342,0,0.0311477854847908,0,0.008039329200983
0,0.0003883316530846,0,0.0070146047510206,0,0.0176095440983772,0,0.016940226778388
0,0.0001026680765789,0,0.0042325099930167,0,0.0378991775214672,0,0.0116833318024873
0,0.0002830917073879,0,0.0144307259470224,0,0.0241931360214948,0,0.0217764731496572
0,0.0263702347874641,0,0.0736122950911521,0,0.0387359894812107,0,0.0519749745726585
0,4.434090442373417e-05,0,0.0087118940427899,0,0.0210674665868282,0,0.0218987260013818
0,0.3600061237812042,0,0.1619273275136947,0,0.7006396055221558,0,0.1388858705759048
0,0.0012362082488834,0,0.0212611500173807,0,0.0284110214561224,0,0.0998703613877296
0,0.0003318279923405,0,0.0106644183397293,0,0.0035388695541769,0,0.0168547555804252
0,0.0011374013265594,0,0.0100888535380363,0,0.0165911484509706,0,0.0322039760649204
0,0.0015118438750505,0,0.0100289359688758,0,0.0247501768171787,0,0.0953704416751861
0,0.0016930244164541,0,0.0153147298842668,0,0.0181719977408647,0,0.0446601025760173
0,0.0011069197207689,0,0.0161585565656423,0,0.048770934343338,0,0.0350767523050308
0,0.001463423599489,0,0.0201820898801088,0,0.0221672300249338,0,0.0558228865265846
0,0.0017870278097689,0,0.0175714660435915,0,0.0308736003935337,0,0.0312106255441904
0,0.0126459719613194,0,0.0140665108337998,0,0.2461171001195907,0,0.0292859673500061
0,0.0057761892676353,0,0.0138488970696926,0,0.0471097454428672,0,0.017572809010744
0,0.9492034316062928,0,0.5490618944168091,0,0.5003018975257874,0,0.3006325662136078
0,0.7520559430122375,0,0.5620285868644714,0,0.4574705362319946,0,0.1063123270869255
0,0.0266955886036157,0,0.0151673452928662,0,0.0495947524905204,0,0.0363128781318664
0,0.0005832884926348,0,0.0307515002787113,0,0.0201849713921546,0,0.0900216028094291
0,0.0005606909980997,0,0.0235519297420978,0,0.0179593712091445,0,0.0215920899063348
0,0.0014089965261518,0,0.0218134932219982,0,0.1825401932001114,0,0.0526250712573528
0,0.7999014258384705,0,0.0817727819085121,0,0.022837683558464,0,0.422619491815567
0,0.0010173217160627,0,0.0178821124136447,0,0.0560337826609611,0,0.0999225527048111
0,0.9115360975265504,0,0.5384852290153503,0,0.486956387758255,0,0.9421910047531128
0,0.4902463853359222,0,0.4300154149532318,0,0.3105642795562744,0,0.888383686542511
0,0.5324460864067078,0,0.4010517299175262,0,0.5243275761604309,0,0.7620671987533569
0,0.001328648533672,0,0.0344927497208118,0,0.1759440749883651,0,0.1023909300565719
0,0.0043155895546078,0,0.0139744561165571,0,0.0091227181255817,0,0.0309288538992404
0,0.0026203403249382,0,0.0152792977169156,0,0.0128817791119217,0,0.030013283714652
0,0.001195102231577,0,0.0421899370849132,0,0.0139303393661975,0,0.0139601007103919
0,0.0008745885570533,0,0.0523242093622684,0,0.0146791655570268,0,0.0482337214052677
0,0.0010493161389604,0,0.0225353557616472,0,0.0106863044202327,0,0.0264167971909046
0,0.0079898573458194,0,0.0138319162651896,0,0.008750825189054,0,0.0137945534661412
0,0.0021415569353848,0,0.0721767246723175,0,0.0275031831115484,0,0.1200273558497428
0,0.0043851630762219,0,0.0537243969738483,0,0.0628117695450782,0,0.0590363629162311
0,0.0007960719522088,0,0.0582089610397815,0,0.06527891010046,0,0.0224058851599693
0,0.0003252329770475,0,0.0166233405470848,0,0.0126116890460252,0,0.0247864294797182
0,0.001272402703762,0,0.0608961395919323,0,0.0365631505846977,0,0.0297704767435789
0,0.0002497418026905,0,0.0130122872069478,0,0.0211879517883062,0,0.0411027744412422
0,0.5548126697540283,0,0.6750130653381348,0,0.624782919883728,0,0.8035629987716675
0,0.0057552782818675,0,0.0335292294621467,0,0.0992867425084114,0,0.0272058118134737
0,0.0501649230718612,0,0.0167477969080209,0,0.0491854399442672,0,0.0197689458727836
0,0.0055437227711081,0,0.0171056780964136,0,0.023907121270895,0,0.0420157052576541
0,0.0015490936348214,0,0.0410481579601764,0,0.0278338491916656,0,0.015378656797111
0,0.90053790807724,0,0.8747286200523376,0,0.6970455646514893,0,0.9079201221466064
0,0.0048229745589196,0,0.0291141681373119,0,0.0257955268025398,0,0.0865785554051399
0,0.0030672433786094,0,0.033759843558073,0,0.0357831232249736,0,0.02493248693645
0,0.0212909374386072,0,0.0145189482718706,0,0.0255327392369508,0,0.0140309631824493
0,0.8692401051521301,0,0.8222710490226746,0,0.6799726486206055,0,0.8379583358764648
0,0.0054831732995808,0,0.0845355167984962,0,0.0446460880339145,0,0.0441347062587738
0,0.0013591981260105,0,0.0248051602393388,0,0.0263968147337436,0,0.0246497634798288
0,0.0014613437233492,0,0.0567089579999446,0,0.0285918302834033,0,0.0150287812575697
0,0.2594967484474182,0,0.561440110206604,0,0.3645833730697632,0,0.5001379251480103
0,0.2849563658237457,0,0.536858320236206,0,0.6128451824188232,0,0.7266266942024231
0,0.0005620481679216,0,0.0133087318390607,0,0.0348180644214153,0,0.0236811563372612
0,0.0011591104557737,0,0.0171227790415287,0,0.0342292115092277,0,0.0150275044143199
0,0.278637945652008,0,0.1924663335084915,0,0.4054083824157715,0,0.4049408733844757
0,0.0005413863691501,0,0.0312468782067298,0,0.0435755848884582,0,0.0411039963364601
0,0.0044014062732458,0,0.0691081583499908,0,0.0341805331408977,0,0.0522040240466594
0,0.0082918889820575,0,0.1067856773734092,0,0.1506664901971817,0,0.4898364543914795
0,0.1131119206547737,0,0.4144504368305206,0,0.461421400308609,0,0.6478412747383118
0,0.9923466444015504,0,0.978825867176056,0,0.8237423300743103,0,0.9694752097129822
0,0.7716410756111145,0,0.9364184737205504,0,0.5971254110336304,0,0.8570544123649597
0,0.3123620152473449,0,0.613135576248169,0,0.1488657146692276,0,0.0680295974016189
0,0.0003646880795713,0,0.0069152051582932,0,0.0081830862909555,0,0.0081006083637475
0,0.0003015731053892,0,0.0081510813906788,0,0.0198211129754781,0,0.0090604815632104
0,0.0749786123633384,0,0.1877306401729583,0,0.4264444708824157,0,0.5291106700897217
0,0.0769515037536621,0,0.088661752641201,0,0.3339887261390686,0,0.2731289863586426
0,8.995220559882e-05,0,0.0036746782716363,0,0.0053155119530856,0,0.0039737583138048
0,0.0101560689508914,0,0.0722452029585838,0,0.0547548234462738,0,0.0067387665621936
0,0.0006128884269855,0,0.0105881178751587,0,0.0177938528358936,0,0.0138376932591199
0,0.0005373393651098,0,0.0111489277333021,0,0.0093936678022146,0,0.0190519280731678
0,0.0001479240600019,0,0.0087593253701925,0,0.0136879263445734,0,0.0118256350979208
0,0.0006610976997762,0,0.0113462293520569,0,0.0172855742275714,0,0.0117946937680244
0,0.0110437301918864,0,0.0315226130187511,0,0.1061346307396888,0,0.2707512378692627
0,0.000355724885594,0,0.0160922184586524,0,0.0151213593780994,0,0.0152418995276093
0,0.3782019913196563,0,0.3234759569168091,0,0.2526198327541351,0,0.7012643218040466
0,0.7296180725097656,0,0.0729479193687439,0,0.6748993396759033,0,0.5623466968536377
0,0.9140422344207764,0,0.2712562084197998,0,0.6081327199935913,0,0.2535343468189239
0,0.3285809159278869,0,0.0532023422420024,0,0.6297947764396667,0,0.7317526936531067
0,0.7238489985466003,0,0.1141110137104988,0,0.6323735117912292,0,0.1744666844606399
0,0.4915511906147003,0,0.2999563217163086,0,0.2358012795448303,0,0.6081733703613281
0,0.8216770887374878,0,0.074910745024681,0,0.6015222668647766,0,0.1202659830451011
0,0.6249547600746155,0,0.0780491083860397,0,0.6979972720146179,0,0.7570396661758423
0,0.2209324687719345,0,0.2849399447441101,0,0.1507550179958343,0,0.4669512212276459
0,0.0008897060761228,0,0.0529088862240314,0,0.0033302751835435,0,0.0542903058230876
0,0.0367446392774581,0,0.0132529065012931,0,0.2159022688865661,0,0.0364882908761501
0,0.1633822172880172,0,0.0205134693533182,0,0.3293701410293579,0,0.0847576111555099
0,0.000328232650645,0,0.0042343689128756,0,0.005721622146666,0,0.0077729965560138
0,0.3022794425487518,0,0.4396628439426422,0,0.232229471206665,0,0.8343161344528198
0,0.0697946995496749,0,0.181741863489151,0,0.0383800156414508,0,0.0238982085138559
0,0.0974263474345207,0,0.1947114169597625,0,0.0829592496156692,0,0.0403175167739391
0,0.0173280704766511,0,0.224872887134552,0,0.1070423573255539,0,0.0382074415683746
0,0.6389479041099548,0,0.3578689098358154,0,0.2190265953540802,0,0.7429519295692444
0,0.9203220009803772,0,0.5823970437049866,0,0.1270973682403564,0,0.877047061920166
0,0.1714982390403747,0,0.2468928396701812,0,0.0733256116509437,0,0.5156108736991882
0,0.0218504834920167,0,0.0327620171010494,0,0.0695747956633567,0,0.076927937567234
0,0.0659175217151641,0,0.0277475696057081,0,0.0288863331079483,0,0.0598799623548984
0,0.2324099838733673,0,0.0447683297097682,0,0.0370631515979766,0,0.1200943514704704
0,0.0002114895469276,0,0.0062297713011503,0,0.00911829713732,0,0.0219676177948713
0,0.0045222365297377,0,0.0137734161689877,0,0.0208891201764345,0,0.0076827644370496
0,0.1784437596797943,0,0.0328270383179187,0,0.0650340318679809,0,0.0220834277570247
0,0.0025291522033512,0,0.013040610589087,0,0.0143123548477888,0,0.0276322644203901
0,0.0137853771448135,0,0.0379969514906406,0,0.034919336438179,0,0.0179926920682191
0,0.0008198258583433,0,0.0321247987449169,0,0.0113048115745186,0,0.0211414322257041
0,0.0003712767793331,0,0.0849251970648765,0,0.1123008653521537,0,0.008859266526997
0,0.0004319595755077,0,0.0781040266156196,0,0.1027429178357124,0,0.0141129037365317
0,0.0001100236622733,0,0.0899202153086662,0,0.0621019937098026,0,0.012026916258037
0,0.0092820869758725,0,0.036794576793909,0,0.0318972580134868,0,0.0306127984076738
0,0.0007441140478476,0,0.0107006859034299,0,0.0099096558988094,0,0.0167579688131809
0,0.0001569652959005,0,0.0172573532909154,0,0.0090882694348692,0,0.0200244486331939
0,0.001775853917934,0,0.0096786180511116,0,0.007841708138585,0,0.0230902284383773
0,0.0347947068512439,0,0.0092932628467679,0,0.1172559782862663,0,0.1519485712051391
0,0.0015920790610834,0,0.0749302208423614,0,0.2203327715396881,0,0.0794013664126396
0,0.0389687828719615,0,0.0083566354587674,0,0.2060196548700332,0,0.247638925909996
0,0.0100822728127241,0,0.0574851408600807,0,0.2359121590852737,0,0.057447675615549
0,0.0002854248450603,0,0.0075359269976615,0,0.01175525970757,0,0.0260214526206254
0,0.0007868170505389,0,0.0072387410327792,0,0.0093573573976755,0,0.0132784657180309
0,0.0025864497292786,0,0.0028994882013648,0,0.0056398673914372,0,0.0070990188978612
0,0.0005490875919349,0,0.0047559468075633,0,0.0104939620941877,0,0.0112088052555918
0,0.0099965305998921,0,0.0018959064036607,0,0.0046344450674951,0,0.0099660437554121
0,0.0003004263853654,0,0.0036279009655117,0,0.0089861927554011,0,0.0111285438761115
0,0.0009087026701308,0,0.0215455759316682,0,0.0079139862209558,0,0.0284681487828493
0,0.0004746963386423,0,0.0508857704699039,0,0.0728436559438705,0,0.0275016240775585
0,0.0010982056846842,0,0.023519679903984,0,0.0110127804800868,0,0.0254044700413942
0,0.0001627891615498,0,0.0095024481415748,0,0.0129102366045117,0,0.0110518839210271
0,0.0001470906863687,0,0.0264044888317585,0,0.0284645613282918,0,0.021934812888503
0,0.000197926434339,0,0.0176573526114225,0,0.0102122500538825,0,0.0166858527809381
0,0.0011248303344473,0,0.0511080585420131,0,0.0234377384185791,0,0.0178544484078884
0,0.0711773633956909,0,0.0251886993646621,0,0.004273441620171,0,0.0113571621477603
0,0.0050663636066019,0,0.0106914574280381,0,0.0050884885713458,0,0.0059285424649715
0,0.0012921557063236,0,0.0194048080593347,0,0.0041270893998444,0,0.0086324829608201
0,0.0007212623022496,0,0.0178798101842403,0,0.1347495168447494,0,0.1449341475963592
0,0.0016481415368616,0,0.0080509446561336,0,0.0333403460681438,0,0.0415680222213268
0,0.0012552100233733,0,0.0121666509658098,0,0.0414803065359592,0,0.0604604706168174
0,0.991771161556244,0,0.8780151605606079,0,0.6506693959236145,0,0.7202481031417847
0,0.995528280735016,0,0.8997326493263245,0,0.6607668995857239,0,0.6458503603935242
0,0.9779011011123656,0,0.8758667707443237,0,0.5065335035324097,0,0.6040721535682678
0,0.0265716202557086,0,0.018589673563838,0,0.0251485146582126,0,0.006794789340347
0,0.0295444726943969,0,0.0443516634404659,0,0.3544353544712066,0,0.4139588475227356
0,0.0034841161686927,0,0.0280847810208797,0,0.145329549908638,0,0.4728789031505584
0,0.0404009595513343,0,0.0164621993899345,0,0.0174777824431657,0,0.0125131802633404
0,0.1192383021116256,0,0.0150006357580423,0,0.3094529211521148,0,0.3450988531112671
0,0.0153862265869975,0,0.0489461794495582,0,0.3125404417514801,0,0.3935389220714569
0,0.0193688869476318,0,0.0143421255052089,0,0.0113780684769153,0,0.0117539083585143
0,0.0275992359966039,0,0.0161151494830846,0,0.4652876555919647,0,0.3349084258079529
0,0.0037138862535357,0,0.0169960130006074,0,0.199184775352478,0,0.6052093505859375
0,0.0656547546386718,0,0.8097639679908752,0,0.6056865453720093,0,0.6502591967582703
0,0.0103556429967284,0,0.0718144997954368,0,0.2073172479867935,0,0.0890660136938095
0,0.0012657679617404,0,0.0083636650815606,0,0.0094252023845911,0,0.0144666917622089
0,0.0222963225096464,0,0.0259423032402992,0,0.3771218955516815,0,0.1065775826573371
0,0.0060186530463397,0,0.0155519619584083,0,0.0083379503339529,0,0.0082296421751379
0,0.009746397845447,0,0.0130532961338758,0,0.1943951100111007,0,0.0816831216216087
0,0.0009547152440063,0,0.008495326153934,0,0.0069385236129164,0,0.0144487554207444
0,0.0010409608948975,0,0.0048898677341639,0,0.006551397498697,0,0.0214214362204074
0,0.0003650599101092,0,0.0043153273873031,0,0.0124173695221543,0,0.0074873641133308
0,0.0009059655712917,0,0.0070563005283474,0,0.0102513981983065,0,0.0345503129065036
0,0.0004397859447635,0,0.0043736072257161,0,0.0063723810017108,0,0.0108465971425175
0,0.0587053671479225,0,0.4508372545242309,0,0.6147326231002808,0,0.5300991535186768
0,0.9013909101486206,0,0.4700937271118164,0,0.3276099264621734,0,0.1134992241859436
0,0.0150867719203233,0,0.1639135628938675,0,0.1051307395100593,0,0.1417471319437027
0,0.9503509402275084,0,0.2719989717006683,0,0.5065966248512268,0,0.3985258936882019
0,0.9786044359207152,0,0.588535726070404,0,0.4309626221656799,0,0.2393193393945694
0,0.0838300585746765,0,0.1637953519821167,0,0.1364546716213226,0,0.1666678041219711
0,0.9184176325798036,0,0.2552605867385864,0,0.4665084779262543,0,0.3494457304477691
0,0.088460586965084,0,0.0027500139549374,0,0.0181492529809474,0,0.0368031673133373
0,0.979390263557434,0,0.6598724722862244,0,0.3740126192569732,0,0.2881711423397064
0,0.0673702508211135,0,0.1945455372333526,0,0.1422159224748611,0,0.1323044747114181
0,0.9070999026298524,0,0.5588186383247375,0,0.3954058289527893,0,0.2512052357196808
0,0.0163967870175838,0,0.0021697762422263,0,0.0102470451965928,0,0.0317653529345989
0,0.0079311551526188,0,0.1152790188789367,0,0.0769563764333725,0,0.0244093872606754
0,0.003953153733164,0,0.0402317903935909,0,0.0311010833829641,0,0.0176262650638818
1,0.3944078683853149,1,0.0481588654220104,1,0.4925198554992676,1,0.8759323358535767
1,0.2917384505271911,1,0.9298474192619324,1,0.7721051573753357,1,0.8335341811180115
1,0.1885799914598465,1,0.8995270729064941,1,0.7489071488380432,1,0.8270048499107361
1,0.5880372524261475,1,0.9448000192642212,1,0.6877833604812622,1,0.901967227458954
1,0.9818556904792786,1,0.8707187175750732,1,0.6885308027267456,1,0.8172624111175537
1,0.9883914589881896,1,0.7540265321731567,1,0.6558113694190979,1,0.9444262385368348
1,0.3186147511005401,1,0.5217556357383728,1,0.509989857673645,1,0.7303675413131714
1,0.6708186268806458,1,0.7866594195365906,1,0.6807700395584106,1,0.8660006523132324
1,0.6728084683418274,1,0.43912073969841,1,0.7511639595031738,1,0.8579886555671692
1,0.9823834896087646,1,0.8093240261077881,1,0.7428587675094604,1,0.7392929792404175
1,0.0364672280848026,1,0.0741003528237342,1,0.0292944218963384,1,0.2471368610858917
1,0.8836725354194641,1,0.58183753490448,1,0.5482458472251892,1,0.5076608657836914
1,0.0031741294078528,1,0.0049678683280944,1,0.0152109134942293,1,0.0684603825211525
1,0.3408600389957428,1,0.7667368650436401,1,0.5344161987304688,1,0.4541513621807098
1,0.776872992515564,1,0.945845067501068,1,0.4375586211681366,1,0.8086056709289551
1,0.1914587765932083,1,0.91379052400589,1,0.5348244905471802,1,0.6672279238700867
1,0.0113100949674844,1,0.6365708112716675,1,0.6117790341377258,1,0.6519988179206848
1,0.6612302660942078,1,0.793250560760498,1,0.7348402738571167,1,0.8487501740455627
1,0.9420347213745116,1,0.7355303764343262,1,0.3360521495342254,1,0.8434075117111206
1,0.9776885509490968,1,0.3016932606697082,1,0.3683142066001892,1,0.859542965888977
1,0.9672217965126038,1,0.2978307902812958,1,0.3528695106506347,1,0.8173723816871643
1,0.9958475828170776,1,0.7724262475967407,1,0.6352800130844116,1,0.9482543468475342
1,0.8396216034889221,1,0.0253148302435874,1,0.0576024316251277,1,0.0997139289975166
1,0.990273654460907,1,0.6508790254592896,1,0.3109012544155121,1,0.7717831134796143
1,0.829768717288971,1,0.8279362916946411,1,0.4721148312091827,1,0.8512437343597412
1,0.0069018434733152,1,0.41653573513031,1,0.1113609373569488,1,0.7153366208076477
1,0.9989801049232484,1,0.9867030382156372,1,0.8444644808769226,1,0.9933284521102904
0,0.8916957378387451,0,0.2080297023057937,0,0.343586653470993,0,0.4041466116905212
0,0.0225347243249416,0,0.0203080140054225,0,0.0730146318674087,0,0.1358501315116882
0,5.128087650518864e-05,0,0.0129053881391882,0,0.0036424789577722,0,0.0118658663704991
0,9.944561315933242e-05,0,0.0171499401330947,0,0.0053929067216813,0,0.0095747616142034
0,0.0017746362136676,0,0.0218795947730541,0,0.0240163952112197,0,0.0696539059281349
0,0.990542471408844,0,0.8447763323783875,0,0.4459401667118072,0,0.8996555805206299
0,0.0069508189335465,0,0.0198309961706399,0,0.0118796005845069,0,0.0193386971950531
0,0.9901357293128968,0,0.6783103346824646,0,0.3756144940853119,0,0.9156396389007568
0,0.0026212600059807,0,0.0606699101626873,0,0.0207649413496255,0,0.1468350142240524
0,0.0096751535311341,0,0.0462728105485439,0,0.0086022475734353,0,0.0261345040053129
0,0.0054103806614875,0,0.0177379865199327,0,0.0128717245534062,0,0.0474326685070991
0,0.0020177401602268,0,0.0081288218498229,0,0.0303418077528476,0,0.0709093958139419
0,0.8990563750267029,0,0.8805740475654602,0,0.7193927764892578,0,0.6702904105186462
0,0.0025725804734975,0,0.0317909978330135,0,0.0243626963347196,0,0.0084576588124036
0,0.102817989885807,0,0.2762996554374695,0,0.1105331778526306,0,0.2714529931545257
0,0.1120273172855377,0,0.118152230978012,0,0.0354491434991359,0,0.519172728061676
0,0.1507975310087204,0,0.3943246603012085,0,0.0495501011610031,0,0.7121061682701111
0,0.105447769165039,0,0.2169005125761032,0,0.0456682294607162,0,0.4764199554920196
0,0.0443900637328624,0,0.0538759715855121,0,0.0338178053498268,0,0.2498754560947418
0,0.0915544405579567,0,0.048980139195919,0,0.04013542085886,0,0.2321606874465942
0,0.7058840394020081,0,0.3905943930149078,0,0.5814599990844727,0,0.5592000484466553
0,0.580302357673645,0,0.2532979846000671,0,0.4725688397884369,0,0.6851806640625
0,0.9675173759460448,0,0.9459245204925536,0,0.6205613017082214,0,0.5878024697303772
0,0.002740868832916,0,0.0052424981258809,0,0.0200032759457826,0,0.0488013923168182
0,0.6378157734870911,0,0.6673275828361511,0,0.4189155995845794,0,0.8406676650047302
0,0.7662317752838135,0,0.7379229664802551,0,0.3048700094223022,0,0.6358038783073425
0,0.2061174660921096,0,0.0743917003273963,0,0.0606666319072246,0,0.2520866990089416
0,0.0140682030469179,0,0.3225166201591491,0,0.1014560461044311,0,0.0292495209723711
0,0.2129053324460983,0,0.952418327331543,0,0.2863181531429291,0,0.8073604702949524
0,0.0015534947160631,0,0.0096179833635687,0,0.012495175935328,0,0.0145118227228522
0,0.0041762329638004,0,0.0131852580234408,0,0.0235446952283382,0,0.0093404427170753
0,0.0005225868080742,0,0.0162302423268556,0,0.0404498502612113,0,0.039529088884592
0,0.0004612137272488,0,0.0193291157484054,0,0.0249202828854322,0,0.0341094359755516
0,0.0268882028758525,0,0.0442115031182765,0,0.04846952855587,0,0.0215116050094366
0,0.0001897112524602,0,0.0056838202290236,0,0.0051583601161837,0,0.0171595700085163
0,0.0006708058645017,0,0.0861892253160476,0,0.1517512500286102,0,0.0274949762970209
0,0.0018847192404791,0,0.009519288316369,0,0.0177967622876167,0,0.027449170127511
0,0.0002593616663943,0,0.0134499901905655,0,0.0112413167953491,0,0.0134711461141705
0,0.003118663560599,0,0.0198094435036182,0,0.0159311778843402,0,0.0144327878952026
0,0.0003063949407078,0,0.0105270138010382,0,0.0046386676840484,0,0.0084827318787574
0,0.0024190868716686,0,0.0384508334100246,0,0.0418788231909275,0,0.0250678956508636
0,0.0080107804387807,0,0.0611054562032222,0,0.0128812892362475,0,0.0199184492230415
0,0.0047906995750963,0,0.0243370682001113,0,0.0189524237066507,0,0.0162926539778709
0,0.0003593652509152,0,0.0077224499545991,0,0.0126949716359376,0,0.0144546432420611
0,0.0004480150528252,0,0.0094132656231522,0,0.0054991440847516,0,0.0123355714604258
0,0.0016710748896002,0,0.0454187914729118,0,0.028558837249875,0,0.0309128947556018
0,0.0054652658291161,0,0.0102145727723836,0,0.0405493713915348,0,0.0375267416238784
0,0.1750441789627075,0,0.4243023991584778,0,0.5098831057548523,0,0.2425581514835357
0,0.0020286436192691,0,0.0165320374071598,0,0.0112668760120868,0,0.0173041652888059
0,0.0019929192494601,0,0.0201431680470705,0,0.0742565989494323,0,0.022072497755289
0,0.7661123275756836,0,0.0735905021429061,0,0.114951878786087,0,0.38524129986763
0,0.0011638369178399,0,0.0362853296101093,0,0.0086379563435912,0,0.0230967234820127
0,0.0009217786719091,0,0.0181324835866689,0,0.0167081821709871,0,0.0492416135966777
0,0.0037652028258889,0,0.01515803206712,0,0.0392477996647357,0,0.0702568441629409
0,0.014197732321918,0,0.0859751626849174,0,0.0317407324910163,0,0.0389472879469394
0,0.0089494679123163,0,0.0405059047043323,0,0.0286185275763273,0,0.0654165223240852
0,0.1571577489376068,0,0.0544288642704486,0,0.0366831943392753,0,0.0642822086811065
0,0.0032840722706168,0,0.0209563449025154,0,0.007026394829154,0,0.0106880841776728
0,0.0011364585952833,0,0.0215406045317649,0,0.0070886574685573,0,0.0070193619467318
0,0.0009704169933684,0,0.0086696520447731,0,0.0105308946222066,0,0.0087800966575741
0,0.0071848910301923,0,0.0124613614752888,0,0.0101360464468598,0,0.0053810677491128
0,0.0002944432199001,0,0.0157375894486904,0,0.0119179133325815,0,0.0099594220519065
0,0.0391382835805416,0,0.0229503605514764,0,0.1167604625225067,0,0.2209489345550537
0,0.0013285302557051,0,0.014110249467194,0,0.0116916205734014,0,0.0064963642507791
0,0.0005325155216269,0,0.0120178153738379,0,0.0145169179886579,0,0.0072203837335109
0,0.0002386104024481,0,0.0036432149354368,0,0.0177699923515319,0,0.0278955232352018
0,0.0075891762971878,0,0.0095366723835468,0,0.0215902626514434,0,0.0480646230280399
0,5.60197040613275e-05,0,0.0264818798750638,0,0.0092567633837461,0,0.0075852056033909
0,0.0265732053667306,0,0.008052097633481,0,0.0320015475153923,0,0.0919661819934845
0,3.476121491985396e-05,0,0.0228849072009325,0,0.0074411001987755,0,0.0093892058357596
0,0.93388170003891,0,0.7715458869934082,0,0.2956894934177398,0,0.5654513239860535
0,0.0031105622183531,0,0.0470722243189811,0,0.0193569213151931,0,0.0234825331717729
0,0.0044702640734612,0,0.0087340325117111,0,0.0218575224280357,0,0.0577735863626003
0,0.0012695868499577,0,0.0248095169663429,0,0.2500135898590088,0,0.0219013709574937
0,0.0028964434750378,0,0.0287293493747711,0,0.2682060599327087,0,0.0167289227247238
0,0.0042188595980405,0,0.0081565994769334,0,0.0093827852979302,0,0.0110431360080838
0,0.3117498457431793,0,0.0592048428952693,0,0.1975483894348144,0,0.6455518007278442
0,0.2203791886568069,0,0.2523706555366516,0,0.5377262234687805,0,0.3499529957771301
0,0.0270164255052804,0,0.1532607525587082,0,0.1743638515472412,0,0.5006282925605774
0,0.1602581888437271,0,0.2374307811260223,0,0.3011858165264129,0,0.3702999651432037
0,0.001511592650786,0,0.1084116697311401,0,0.1468589007854461,0,0.0237414594739675
0,0.0253263395279645,0,0.168201208114624,0,0.0282086040824651,0,0.0174949951469898
0,0.0004617286613211,0,0.0177900362759828,0,0.0130263129249215,0,0.0059288120828568
0,0.0036753225140273,0,0.0222311466932296,0,0.017752356827259,0,0.0089540788903832
0,0.0040018986910581,0,0.0304404217749834,0,0.0263541843742132,0,0.0097054420039057
0,0.0345597229897975,0,0.2921057939529419,0,0.0763745978474617,0,0.5321550965309143
0,0.0001819879253162,0,0.0029968710150569,0,0.0054613454267382,0,0.0099940579384565
0,0.0360139347612857,0,0.5587443113327026,0,0.1091334000229835,0,0.2744407057762146
0,0.0540174767374992,0,0.0641021132469177,0,0.0365502834320068,0,0.154280811548233
0,0.0044778101146221,0,0.0206750053912401,0,0.0120085999369621,0,0.0171932354569435
0,0.0018243360100314,0,0.0108462888747453,0,0.0066999909467995,0,0.0345503874123096
0,0.0079633742570877,0,0.0174332037568092,0,0.0114222522825002,0,0.0291484277695417
0,0.0054222713224589,0,0.0151765570044517,0,0.0153565797954797,0,0.0205555334687232
0,0.0098256384953856,0,0.0094839250668883,0,0.0075809033587574,0,0.0135098053142428
0,0.000682855839841,0,0.0072844000533223,0,0.0065744845196604,0,0.012958750128746
0,0.0016072385478764,0,0.0087683722376823,0,0.0101261995732784,0,0.016100101172924
0,0.0704985782504081,0,0.6050442457199097,0,0.3938170969486236,0,0.037217304110527
0,0.0078706834465265,0,0.0113262897357344,0,0.0055864118039608,0,0.0534476526081562
0,0.0035021919757127,0,0.01939701102674,0,0.009705969132483,0,0.0101831015199422
0,0.0765375047922134,0,0.0948999300599098,0,0.0240507591515779,0,0.2075705528259277
0,0.0027728569693863,0,0.0726181715726852,0,0.0530803836882114,0,0.1950887739658355
0,0.0034276929218322,0,0.0175919737666845,0,0.0191822405904531,0,0.0376128889620304
0,0.0231649968773126,0,0.0264905914664268,0,0.0245767347514629,0,0.0285908132791519
0,0.0207935106009244,0,0.0194701440632343,0,0.1562232822179794,0,0.09589334577322
0,0.0009253090829588,0,0.007136981934309,0,0.0294525027275085,0,0.0290740896016359
0,0.0224961061030626,0,0.0123164672404527,0,0.2402919977903366,0,0.0971992760896682
0,0.0008301502675749,0,0.0059244409203529,0,0.0243171267211437,0,0.0607956424355506
0,0.046955220401287,0,0.0184417888522148,0,0.2612753212451935,0,0.0799067467451095
0,0.0013829065719619,0,0.0054891887120902,0,0.0289974734187126,0,0.0288661606609821
0,0.0072159888222813,0,0.3071889281272888,0,0.0532653145492076,0,0.0475311502814292
0,0.002772826468572,0,0.1412511765956878,0,0.1592885255813598,0,0.0177818983793258
0,0.0003903224715031,0,0.0196171086281538,0,0.0105357151478528,0,0.0086331879720091
0,0.0004508272977545,0,0.0378522723913192,0,0.0131385838612914,0,0.0392042472958564
0,0.0001849040709203,0,0.02689790725708,0,0.0170246213674545,0,0.0077134952880442
0,0.0003000802826136,0,0.0605454705655574,0,0.0155290979892015,0,0.0491165667772293
0,0.0001576405484229,0,0.0205103792250156,0,0.0169444922357797,0,0.0149994390085339
0,0.0011148501653224,0,0.1101415157318115,0,0.0702376216650009,0,0.1000095456838607
0,0.00068295764504,0,0.0064505105838179,0,0.0078820819035172,0,0.00475245853886
0,0.0027316592168062,0,0.0304820667952299,0,0.0204427149146795,0,0.0112955691292881
0,0.0008192983223125,0,0.0213765744119882,0,0.0161706451326608,0,0.0147589175030589
0,0.0032869968563318,0,0.0105212237685918,0,0.0108777815476059,0,0.0069395913742482
0,0.000334323849529,0,0.0206620190292596,0,0.0098306816071271,0,0.0146718267351388
0,0.005821231752634,0,0.0071073793806135,0,0.0064532398246228,0,0.0070585398934781
0,0.0004942222149111,0,0.0056472048163414,0,0.003517702454701,0,0.0042573069222271
0,0.0032528329174965,0,0.0064713275060057,0,0.0177879203110933,0,0.0260767303407192
0,0.0144739765673875,0,0.0085817156359553,0,0.0122016826644539,0,0.0155987897887825
0,0.0050243618898093,0,0.0092673869803547,0,0.0140156270936131,0,0.0445050373673439
0,0.0047103147953748,0,0.0063692471012473,0,0.0066335522569715,0,0.0024458169937133
0,0.0007221398991532,0,0.0382343716919422,0,0.0149421449750661,0,0.035761509090662
0,0.0091810720041394,0,0.0231926664710044,0,0.0360560789704322,0,0.0287117548286914
0,0.0051003019325435,0,0.0590365752577781,0,0.0366661995649337,0,0.0988983884453773
0,0.7814275622367859,0,0.1132610887289047,0,0.0343189612030983,0,0.8415831327438354
0,0.0290203001350164,0,0.0381143018603324,0,0.0311153773218393,0,0.0304117333143949
0,0.0027361053507775,0,0.0449368618428707,0,0.0106261856853961,0,0.0081121027469635
0,0.0774513483047485,0,0.2809936702251434,0,0.1461259126663208,0,0.1414465308189392
0,0.0043370947241783,0,0.0375496298074722,0,0.0893543660640716,0,0.0251463688910007
0,0.0032719620503485,0,0.0355241484940052,0,0.0860431194305419,0,0.0281918458640575
0,0.0061858245171606,0,0.0310820005834102,0,0.0831502899527549,0,0.0266949031502008
0,0.0542573146522045,0,0.0313453488051891,0,0.4928270280361175,0,0.1269410848617553
0,0.018861262127757,0,0.0391804538667202,0,0.034418199211359,0,0.0197880025953054
0,0.0024753215257078,0,0.0907544717192649,0,0.0125518627464771,0,0.0129791246727108
0,0.0791794061660766,0,0.0535947829484939,0,0.3905337750911712,0,0.1003386750817298
0,0.0017154571833088,0,0.0218160320073366,0,0.0367462858557701,0,0.0081581426784396
0,0.0074623948894441,0,0.1530608981847763,0,0.0140379108488559,0,0.0110235419124364
0,0.0390775203704834,0,0.0377596728503704,0,0.3197013735771179,0,0.0953762009739875
0,0.0031004527118057,0,0.0208990313112735,0,0.036228246986866,0,0.0126531245186924
0,0.056852288544178,0,0.0107856253162026,0,0.0191140882670879,0,0.0149699700996279
0,0.9848778247833252,0,0.9371713995933532,0,0.7001091241836548,0,0.8992912769317627
0,0.912991225719452,0,0.8573397397994995,0,0.5079574584960938,0,0.8243720531463623
0,0.9673607349395752,0,0.8529241681098938,0,0.4476205706596374,0,0.7964105010032654
0,0.031012887135148,0,0.0707948505878448,0,0.0090362010523676,0,0.0257802344858646
0,0.0081400629132986,0,0.0682379081845283,0,0.0064012645743787,0,0.0238746404647827
0,0.0006915415287949,0,0.0171479471027851,0,0.0124862538650631,0,0.0210469141602516
0,0.0114413937553763,0,0.0065423636697232,0,0.0528254806995391,0,0.0124030746519565
0,0.0055676833726465,0,0.0068603558465838,0,0.0404496006667614,0,0.018283748999238
0,0.012253331951797,0,0.0049876952543854,0,0.0442465953528881,0,0.0170659013092517
0,0.0015174846630543,0,0.0535475239157676,0,0.019370038062334,0,0.0415366142988204
0,0.0003057287831325,0,0.3244258463382721,0,0.419155865907669,0,0.5237568020820618
0,0.0120376292616128,0,0.1335896104574203,0,0.2327106893062591,0,0.1656849235296249
0,0.0148861417546868,0,0.0155551955103874,0,0.0275109317153692,0,0.0272654611617326
0,0.0008643803885206,0,0.0212445948272943,0,0.0054831993766129,0,0.0149678951129317
0,0.0165594574064016,0,0.0834889039397239,0,0.2737305462360382,0,0.3327778577804565
0,0.4532932043075561,0,0.4203229546546936,0,0.1442496180534362,0,0.1314286440610885
0,0.0217268262058496,0,0.1129537671804428,0,0.0446785502135753,0,0.1007065400481224
0,0.0081148464232683,0,0.0112949358299374,0,0.0129784168675541,0,0.0158558040857315
0,0.0007193505880422,0,0.0155654223635792,0,0.0053898766636848,0,0.0118773560971021
0,0.0009079570882022,0,0.3127495348453522,0,0.3887144923210144,0,0.475862979888916
0,0.00761727290228,0,0.0238931141793727,0,0.0301000140607357,0,0.1203890368342399
0,0.7915963530540466,0,0.2133139073848724,0,0.1908383965492248,0,0.1650278717279434
0,0.0063772499561309,0,0.0730493068695068,0,0.0364076495170593,0,0.0389482453465461
0,0.0119455261155962,0,0.01658028177917,0,0.0155179696157574,0,0.0100682061165571
0,0.0018625541124492,0,0.0367834530770778,0,0.0058181141503155,0,0.015835803002119
0,0.0006105737411417,0,0.0978620946407318,0,0.1944272667169571,0,0.0453650280833244
0,0.3308013081550598,0,0.4251837432384491,0,0.1393072307109832,0,0.1820301115512848
0,0.0059961196966469,0,0.0736376941204071,0,0.0309174731373786,0,0.3216683566570282
0,0.0255559980869293,0,0.0624643601477146,0,0.0199297741055488,0,0.0146739315241575
0,0.0034166863188147,0,0.0126431034877896,0,0.0038544330745935,0,0.0056033716537058
0,0.0040934314019978,0,0.0104743288829922,0,0.0050193751230835,0,0.0042823501862585
0,0.0869082883000373,0,0.2646265625953674,0,0.0325313322246074,0,0.4879215657711029
0,0.0124683156609535,0,0.1043068915605545,0,0.0521743036806583,0,0.2179824709892273
0,0.9271125793457032,0,0.6037883162498474,0,0.647905170917511,0,0.9113026261329652
0,0.9569063186645508,0,0.9150965809822084,0,0.784331202507019,0,0.9404802322387696
0,0.0003623396914917,0,0.1827934831380844,0,0.1075547635555267,0,0.0096056777983903
0,0.0365136563777923,0,0.0134723931550979,0,0.1177374124526977,0,0.130741998553276
0,0.2794352173805237,0,0.0032695292029529,0,0.0089000286534428,0,0.0100104277953505
0,0.0804687812924385,0,0.2921610176563263,0,0.3457560837268829,0,0.481721967458725
0,0.0003441481967456,0,0.1553214490413665,0,0.0642916485667228,0,0.0133031355217099
0,0.0173631478101015,0,0.0033897410612553,0,0.0113004958257079,0,0.0111599462106823
0,0.0584461390972137,0,0.021649282425642,0,0.2635511457920074,0,0.142179250717163
0,0.0397754460573196,0,0.1879327148199081,0,0.2704339027404785,0,0.094437651336193
0,0.0109920678660273,0,0.0172036308795213,0,0.1556789427995681,0,0.1126347854733467
0,0.0045359269715845,0,0.3764531910419464,0,0.3054723143577575,0,0.0531587749719619
0,0.1895801872014999,0,0.0045353798195719,0,0.0082503343001008,0,0.0116087095811963
0,0.0372588112950325,0,0.403055191040039,0,0.3179841935634613,0,0.3711146116256714
0,0.0003029315266758,0,0.0032403713557869,0,0.018392963334918,0,0.0047940500080585
0,0.0005264923674985,0,0.0137446476146578,0,0.0440074875950813,0,0.0098083028569817
0,0.0006285299896262,0,0.0068104462698102,0,0.0176905170083045,0,0.0046964483335614
0,0.1009222492575645,0,0.3665731847286224,0,0.1801964491605758,0,0.2387053668498993
0,0.0142733696848154,0,0.0178735479712486,0,0.0267923790961503,0,0.0117443297058343
0,0.0009256136254407,0,0.0119547937065362,0,0.0144295534119009,0,0.0146838147193193
0,0.0544085651636123,0,0.0610821433365345,0,0.0573697537183761,0,0.1593638211488723
0,0.0011463162954896,0,0.0173448361456394,0,0.1016849651932716,0,0.0660129785537719
0,0.0002219953894382,0,0.0403079204261302,0,0.0214774683117866,0,0.0358551777899265
0,0.033884011209011,0,0.181192547082901,0,0.1752526611089706,0,0.1605437397956848
0,0.0472975000739097,0,0.0115956300869584,0,0.0330566950142383,0,0.0685607716441154
0,0.0726133584976196,0,0.3530533909797668,0,0.2808645069599151,0,0.190644770860672
0,0.0001850716216722,0,0.036842256784439,0,0.0381589196622371,0,0.0208931881934404
0,0.0066511617042124,0,0.2241223901510238,0,0.1817258447408676,0,0.1521727889776229
0,0.0015905230538919,0,0.0132593000307679,0,0.0847641006112098,0,0.0626839697360992
0,0.0004405537911225,0,0.0655024275183677,0,0.0340391397476196,0,0.0419573225080966
0,9.751714242156596e-05,0,0.003556158626452,0,0.0071167205460369,0,0.0077804769389331
0,0.0947867780923843,0,0.0822882205247879,0,0.2278565913438797,0,0.2771774232387543
0,0.0029480431694537,0,0.0187702551484107,0,0.0144907105714082,0,0.0136148342862725
0,9.854249219642952e-05,0,0.0049190083518624,0,0.0077904490754008,0,0.0187242999672889
0,0.0274035688489675,0,0.2223866283893585,0,0.1702136695384979,0,0.5060377717018127
0,0.0048667197115719,0,0.0238679181784391,0,0.0231090616434812,0,0.0257927179336547
0,0.4138882756233215,0,0.1978997737169265,0,0.083279401063919,0,0.2621808052062988
0,0.1126553788781166,0,0.2122872769832611,0,0.0595073141157627,0,0.1797286570072174
0,0.0032303847838193,0,0.1065448001027107,0,0.0346461646258831,0,0.0411055646836757
0,0.0055423639714717,0,0.0233296826481819,0,0.0252012945711612,0,0.1705467998981475
0,0.0003847075859084,0,0.0132813649252057,0,0.0324251502752304,0,0.0759046822786331
0,0.0010200012475252,0,0.0295308697968721,0,0.0256277341395616,0,0.1664908975362777
0,0.0587207973003387,0,0.2390547692775726,0,0.1349412649869918,0,0.2103777676820755
0,0.0023788060061633,0,0.0079094795510172,0,0.0705530419945716,0,0.0160195231437683
0,0.0002146246115444,0,0.0084406044334173,0,0.0465885549783706,0,0.0113947978243231
0,0.0009653341257944,0,0.0218432135879993,0,0.0740890055894851,0,0.0281081106513738
0,0.0040444186888635,0,0.0188451968133449,0,0.0086208758875727,0,0.0596133731305599
0,0.0042389635927975,0,0.0467953570187091,0,0.0158986989408731,0,0.073422186076641
0,0.00329350377433,0,0.0135911861434578,0,0.0078112157061696,0,0.0357099585235118
0,0.0077977385371923,0,0.0155882211402058,0,0.0088849198073148,0,0.0084488615393638
0,0.0001073493622243,0,0.0049971747212111,0,0.0173849891871213,0,0.0116003463044762
0,0.0006682305247522,0,0.015898922458291,0,0.0352830998599529,0,0.018490295857191
0,0.00222630193457,0,0.0153015693649649,0,0.0106048407033085,0,0.1439508944749832
0,0.0013548912247642,0,0.0371704772114753,0,0.0070638791657984,0,0.0251602865755558
0,0.1808177232742309,0,0.1348009407520294,0,0.2586145102977752,0,0.6488742828369141
0,0.0014745690859854,0,0.0117647191509604,0,0.0043738125823438,0,0.0057531856000423
0,0.0059810504317283,0,0.014168974943459,0,0.005470706615597,0,0.0075005181133747
0,0.4650056958198547,0,0.1046557798981666,0,0.1900327950716018,0,0.7219460010528564
0,0.0909732431173324,0,0.0366818904876709,0,0.0226230882108211,0,0.088353507220745
0,0.450664222240448,0,0.1961913555860519,0,0.0744181871414184,0,0.6830893754959106
0,0.3755609691143036,0,0.029348125681281,0,0.054568201303482,0,0.082909882068634
0,0.0016819718293845,0,0.004580283537507,0,0.0037903464399278,0,0.0057368408888578
0,0.7767358422279358,0,0.2129240930080413,0,0.172833040356636,0,0.529963493347168
0,0.0014663335168734,0,0.013011809438467,0,0.0300749335438013,0,0.0168457124382257
0,0.0016631522448733,0,0.0300686955451965,0,0.1158773005008697,0,0.0171901732683181
0,0.0010661244159564,0,0.0069535709917545,0,0.0118174962699413,0,0.0071218372322618
0,0.0009331812616437,0,0.0199518669396638,0,0.0458113439381122,0,0.0105704292654991
1,0.0438739098608493,1,0.686663031578064,1,0.3487483859062195,1,0.7467769980430603
1,0.97064870595932,1,0.7193693518638611,1,0.4842906892299652,1,0.5910325050354004
1,0.9905807375907898,1,0.9566148519515992,1,0.5770071744918823,1,0.8374176621437073
1,0.9276710152626038,1,0.9458503723144532,1,0.7343661785125732,1,0.7617908716201782
1,0.9424414038658142,1,0.941978931427002,1,0.7570898532867432,1,0.9531319737434388
1,0.0024696586187928,1,0.0111467828974127,1,0.0074254055507481,1,0.0131850540637969
1,0.0232319626957178,1,0.0195071417838335,1,0.0109792090952396,1,0.034813042730093
1,0.0188438035547733,1,0.0272599477320909,1,0.0313094221055507,1,0.0658430010080337
1,0.0374550484120845,1,0.1133685261011123,1,0.171707734465599,1,0.1998158246278762
1,0.0456240661442279,1,0.5335683822631836,1,0.5576112866401672,1,0.4867723882198334
1,0.7253102660179138,1,0.6297814846038818,1,0.5966292023658752,1,0.6433756351470947
1,0.2413684576749801,1,0.3791058361530304,1,0.5828089118003845,1,0.7116274833679199
1,0.95835280418396,1,0.9578917026519777,1,0.832135796546936,1,0.7667184472084045
1,0.4038718938827514,1,0.1120693609118461,1,0.556096613407135,1,0.146189659833908
1,0.9955844283103944,1,0.9604750871658324,1,0.6871570944786072,1,0.8517769575119019
1,0.998817265033722,1,0.978299617767334,1,0.8723277449607849,1,0.97882342338562
1,0.9789132475852966,1,0.9619945883750916,1,0.596138060092926,1,0.90116286277771
1,0.978327214717865,1,0.9340196847915648,1,0.6588149070739746,1,0.9193962216377258
1,0.0035644965246319,1,0.0226045940071344,1,0.0308302789926528,1,0.0283156353980302
1,0.0257008150219917,1,0.6815335750579834,1,0.3996367156505584,1,0.4032447338104248
1,0.0795290395617485,1,0.2566771805286407,1,0.2163670808076858,1,0.0638968497514724
0,0.0214303638786077,0,0.0499033667147159,0,0.0875419005751609,0,0.156293511390686
0,0.0032152172643691,0,0.0446245223283767,0,0.0145449480041861,0,0.0255764834582805
0,0.0017457029316574,0,0.0221166517585515,0,0.037395853549242,0,0.1680094748735427
0,0.0030716762412339,0,0.0236743669956922,0,0.0383797697722911,0,0.3736035823822021
0,0.0014203428290784,0,0.0142583372071385,0,0.0380408503115177,0,0.0422349348664283
0,0.0002976322139147,0,0.0830646902322769,0,0.1026738509535789,0,0.0384026542305946
0,0.001526367617771,0,0.0347349941730499,0,0.0195152666419744,0,0.0087765902280807
0,0.0013826702488586,0,0.0690568760037422,0,0.0253143329173326,0,0.0258103422820568
0,0.0001840386685216,0,0.0116289807483553,0,0.0591447986662387,0,0.0649304166436195
0,0.0008492512861266,0,0.0935550034046173,0,0.1565251350402832,0,0.5407660007476807
0,0.1329340636730194,0,0.0802652239799499,0,0.0626664012670517,0,0.0536642633378505
0,0.1594531536102295,0,0.1185925081372261,0,0.0721472427248954,0,0.1373296082019806
0,0.0016240313416346,0,0.0212019737809896,0,0.0139774801209568,0,0.030943114310503
0,0.0036659981124103,0,0.0426910929381847,0,0.0206011366099119,0,0.0755099728703498
0,0.9795571565628052,0,0.8403646349906921,0,0.6686232686042786,0,0.9116275310516356
0,0.4893916249275207,0,0.8585837483406067,0,0.7082676887512207,0,0.8105320334434509
0,0.5366790294647217,0,0.3493771851062774,0,0.2523344159126282,0,0.5053037405014038
0,0.0159324388951063,0,0.1299283951520919,0,0.4719244539737701,0,0.2854016125202179
0,0.0063169891946017,0,0.0934890955686569,0,0.0407617688179016,0,0.0734912306070327
0,0.0148653117939829,0,0.0499499812722206,0,0.193360224366188,0,0.3867228627204895
0,0.007099553477019,0,0.0200317557901144,0,0.0413533747196197,0,0.0737845674157142
0,0.0008224659250117,0,0.0084988456219434,0,0.003238029545173,0,0.009812619537115
0,0.0010798774892464,0,0.0108942473307251,0,0.0071546821855008,0,0.0176270399242639
0,0.655097246170044,0,0.0599220544099807,0,0.2396842688322067,0,0.6518325805664062
0,0.0112383281812071,0,0.0283682998269796,0,0.0479358434677124,0,0.2651504874229431
0,0.0008383259992115,0,0.0134338270872831,0,0.0050841667689383,0,0.0187870021909475
0,0.0026946007274091,0,0.3501596450805664,0,0.0680086761713028,0,0.0416908226907253
0,0.001156594720669,0,0.0353991612792015,0,0.0099891619756817,0,0.0461469106376171
0,0.0008501273114234,0,0.0232550147920846,0,0.0251530837267637,0,0.0973616689443588
0,0.0003520004102028,0,0.2105191797018051,0,0.0197005867958068,0,0.0587925538420677
0,0.0014178258134052,0,0.0981694683432579,0,0.0424052700400352,0,0.1831966042518615
0,0.0002020598913077,0,0.0858370885252952,0,0.0263140276074409,0,0.0292511656880378
0,0.00408581411466,0,0.2133919447660446,0,0.0314679183065891,0,0.2808305621147156
0,0.432474136352539,0,0.8708898425102234,0,0.6668374538421631,0,0.6059566736221313
0,0.1456992030143737,0,0.8695635199546814,0,0.7097101807594299,0,0.7102271914482117
0,0.0013009252725169,0,0.0069371205754578,0,0.0796213671565055,0,0.1588803678750991
0,0.0004403396160341,0,0.0054305684752762,0,0.0451623275876045,0,0.1081492975354194
0,0.0008415774791501,0,0.0101177049800753,0,0.008971138857305,0,0.005168039817363
0,0.0007654334185644,0,0.008614101447165,0,0.0117744859308004,0,0.0291513688862323
0,0.0001250531495315,0,0.0218811500817537,0,0.0313818901777267,0,0.0326502174139022
0,0.0019214199855923,0,0.0251837410032749,0,0.0224903766065835,0,0.0238426458090543
0,0.000484065443743,0,0.0092525612562894,0,0.0081503214314579,0,0.0073215099982917
0,0.0001422502537025,0,0.0326693654060363,0,0.0423992797732353,0,0.0307648982852697
0,7.826148794265464e-05,0,0.007637080270797,0,0.007044346537441,0,0.0056117279455065
0,0.0002644858614075,0,0.0215549767017364,0,0.0272012818604707,0,0.0325115360319614
0,0.001625710632652,0,0.0195546690374612,0,0.0274619348347187,0,0.0167771335691213
0,0.0006049774819985,0,0.009984734468162,0,0.0099479556083679,0,0.0060510975308716
0,0.0489215776324272,0,0.0192059036344289,0,0.1521391421556472,0,0.0676739886403083
0,0.0008485584985464,0,0.0093960994854569,0,0.0105365952476859,0,0.009078106842935
0,0.1267614215612411,0,0.0115750711411237,0,0.0937694385647773,0,0.0938664898276329
0,0.0003922561882063,0,0.0072988588362932,0,0.0085410270839929,0,0.0066360877826809
0,0.0172421392053365,0,0.0234305690973997,0,0.2001340091228485,0,0.0439692810177803
0,0.4933557212352752,0,0.4720020890235901,0,0.0845769122242927,0,0.2622656226158142
0,0.0969701260328292,0,0.7630912065505981,0,0.2133703827857971,0,0.2009468674659729
0,0.0239149294793605,0,0.0784728303551673,0,0.0368829220533371,0,0.1316663771867752
0,0.0138432905077934,0,0.0994813367724418,0,0.0370098985731601,0,0.0433901287615299
0,0.2359841763973236,0,0.1471061557531356,0,0.0438497550785541,0,0.2649976015090942
0,0.0051806019619107,0,0.4411192238330841,0,0.594001054763794,0,0.2465582489967346
0,0.0003972898120991,0,0.0070036863908171,0,0.0111782578751444,0,0.0107860164716839
0,0.0003185593814123,0,0.0145053584128618,0,0.0097289951518177,0,0.0092916944995522
0,0.0064520104788243,0,0.012872215360403,0,0.0130710741505026,0,0.0190264135599136
0,0.3385504186153412,0,0.0122333271428942,0,0.0281076654791831,0,0.0591826066374778
0,0.0007865142542868,0,0.0042584124021232,0,0.0081035820767283,0,0.0110761607065796
0,0.0135754374787211,0,0.0053569097071886,0,0.016257781535387,0,0.0494854785501956
0,0.007703483570367,0,0.0120142316445708,0,0.0212249215692281,0,0.0088916197419166
0,0.005818756762892,0,0.0110467365011572,0,0.0178453624248504,0,0.0120266443118453
0,0.9376728534698486,0,0.7273958921432495,0,0.3411423563957214,0,0.7288104891777039
0,0.0281585026532411,0,0.4001083374023437,0,0.1691256165504455,0,0.161007672548294
0,0.076142206788063,0,0.1379602551460266,0,0.1299124211072921,0,0.0765764564275741
0,0.39781653881073,0,0.0550943650305271,0,0.0529633909463882,0,0.0404285714030265
0,0.0041210143826901,0,0.0937826335430145,0,0.2990720868110657,0,0.085554301738739
0,0.0014716869918629,0,0.0481047071516513,0,0.1370643526315689,0,0.0453964099287986
0,0.0485223494470119,0,0.1648082435131073,0,0.3256166279315948,0,0.0748888850212097
0,0.0007716170512139,0,0.0176282115280628,0,0.0809665471315383,0,0.023483321070671
0,0.8559120297431946,0,0.7596185803413391,0,0.5532934665679932,0,0.6104474663734436
0,0.6415529847145081,0,0.2917036116123199,0,0.6617944240570068,0,0.6109599471092224
0,0.603608250617981,0,0.1382109969854354,0,0.4133044481277466,0,0.407273918390274
0,0.1552190482616424,0,0.1714086383581161,0,0.3615065515041351,0,0.3499731719493866
0,0.4409880936145782,0,0.4034899771213531,0,0.3640433847904205,0,0.4533255398273468
0,0.7459661960601807,0,0.0786156579852104,0,0.5005109310150146,0,0.2859120368957519
0,0.0836450532078743,0,0.0285992417484521,0,0.1305491328239441,0,0.0288161560893058
0,0.3386673331260681,0,0.0373941473662853,0,0.101387582719326,0,0.0469441339373588
0,0.5435642600059509,0,0.0170587431639432,0,0.0709788426756858,0,0.0264331791549921
0,0.0070508574135601,0,0.0614750646054744,0,0.0348490662872791,0,0.2318969815969467
0,0.0065088872797787,0,0.0787643268704414,0,0.1005007326602935,0,0.1796709597110748
0,0.0055295345373451,0,0.0063281990587711,0,0.026588637381792,0,0.0288270339369773
0,0.0005894545465707,0,0.0404751598834991,0,0.0181767400354146,0,0.0129715576767921
0,0.0065227895975112,0,0.5137184858322144,0,0.3201036155223846,0,0.229277029633522
0,0.0935097709298133,0,0.0214765276759862,0,0.0340104699134826,0,0.084413394331932
0,0.3308081030845642,0,0.0228995624929666,0,0.0362408682703971,0,0.0932595208287239
0,0.1088726073503494,0,0.0193911250680685,0,0.4444706439971924,0,0.0480598136782646
0,0.0100145488977432,0,0.0068911910057067,0,0.0272500086575746,0,0.0062219384126365
0,0.0224475301802158,0,0.0556569583714008,0,0.0538388937711715,0,0.044300090521574
0,0.9897476434707642,0,0.8643313646316528,0,0.7031890749931335,0,0.7969354391098022
0,0.1042124330997467,0,0.2748629152774811,0,0.654587984085083,0,0.0527468919754028
0,0.0009514789562672,0,0.0409411787986755,0,0.0426852591335773,0,0.0211597252637147
0,0.9908466935157776,0,0.8310711979866028,0,0.6823722124099731,0,0.8085169196128845
0,0.057536456733942,0,0.1968103051185608,0,0.6941291689872742,0,0.0199642144143581
0,0.0025789239443838,0,0.0446879938244819,0,0.0538041852414608,0,0.0234385579824447
0,0.9927747249603271,0,0.888376772403717,0,0.6967295408248901,0,0.809847354888916
0,0.0009031941881403,0,0.0980832874774932,0,0.0574177987873554,0,0.0204630531370639
0,0.0031379917636513,0,0.0212798565626144,0,0.0209526754915714,0,0.0228648856282234
0,0.0072946692816913,0,0.0212552528828382,0,0.0155280623584985,0,0.0231675803661346
0,0.0458405166864395,0,0.0078078163787722,0,0.0084907691925764,0,0.0919163152575492
0,0.0128288259729743,0,0.0502417981624603,0,0.0697897151112556,0,0.3578151166439056
0,0.0019841941539198,0,0.102742776274681,0,0.0167968962341547,0,0.0203185304999351
0,0.0023227701894938,0,0.065525121986866,0,0.0374982319772243,0,0.0260812863707542
0,0.0278716385364532,0,0.0233500637114048,0,0.023845637217164,0,0.0116851422935724
0,0.0020104253198951,0,0.042495135217905,0,0.031746182590723,0,0.1580633819103241
0,0.0006084521883167,0,0.0040603131055831,0,0.0097365779802203,0,0.0185744725167751
0,0.0011719352332875,0,0.0208735670894384,0,0.0121292974799871,0,0.0518583953380584
0,0.01408910471946,0,0.017702056095004,0,0.0096713677048683,0,0.020098865032196
0,0.007786663249135,0,0.0366301871836185,0,0.0199367888271808,0,0.0378185622394084
0,0.0004639201797544,0,0.003068211954087,0,0.005895297974348,0,0.009814765304327
0,0.0002356697659706,0,0.002599011408165,0,0.0079540181905031,0,0.0084050139412283
0,0.0668993517756462,0,0.1872645765542984,0,0.056104652583599,0,0.2272611260414123
0,0.0191495325416326,0,0.0545038767158985,0,0.0233376044780015,0,0.238158032298088
0,0.0084069333970546,0,0.0106206564232707,0,0.0164965968579053,0,0.0245987419039011
0,0.0009033284150063,0,0.0060043954290449,0,0.0120547330006957,0,0.0149253020063042
0,0.0017234194092452,0,0.0200992878526449,0,0.0221658870577812,0,0.0830167233943939
0,0.0025535733439028,0,0.0487955920398235,0,0.0047211064957082,0,0.0095802806317806
0,0.0015790504403412,0,0.050410408526659,0,0.0042736930772662,0,0.0113462191075086
0,0.0019301119027659,0,0.035882081836462,0,0.0540241934359073,0,0.0607954859733581
0,0.012827823869884,0,0.0243566799908876,0,0.0517468638718128,0,0.090192787349224
0,0.5883550643920898,0,0.1652535498142242,0,0.5281592011451721,0,0.4319761097431183
0,0.8543459177017212,0,0.5182647109031677,0,0.556210458278656,0,0.6986093521118164
0,0.0004297411069273,0,0.0067862411960959,0,0.0080040954053401,0,0.0239659324288368
0,0.0025488529354333,0,0.0182052571326494,0,0.0148094734176993,0,0.0245937760919332
0,0.0032775294966995,0,0.0067239380441606,0,0.0124032441526651,0,0.0561158657073974
0,0.0003391573554836,0,0.0046554175205528,0,0.0088774822652339,0,0.0093268547207117
0,0.0004169992462266,0,0.0073901312425732,0,0.0101613570004701,0,0.0116665121167898
0,0.0052359402179718,0,0.0176644343882799,0,0.0337779335677623,0,0.0148938633501529
0,0.0153703270480036,0,0.0110594490543007,0,0.0100503666326403,0,0.0225672759115695
0,0.0002089091867674,0,0.005660364869982,0,0.0095098875463008,0,0.0113795101642608
0,0.0002764278906397,0,0.0044489223510026,0,0.009065200574696,0,0.0109573490917682
0,0.0028458985034376,0,0.022037973627448,0,0.0090601043775677,0,0.018526554107666
0,0.0104352729395031,0,0.0168530344963073,0,0.0113350823521614,0,0.0167990159243345
0,0.8536147475242615,0,0.8315261006355286,0,0.5824256539344788,0,0.5603336691856384
0,0.0009809484472498,0,0.0331974029541015,0,0.0257401280105114,0,0.0492614060640335
0,0.0064585679210722,0,0.0738453269004821,0,0.0398356020450592,0,0.0096015948802232
0,0.0010138674406334,0,0.039132572710514,0,0.0312477499246597,0,0.0395903922617435
0,0.0108770225197076,0,0.0382762253284454,0,0.0357846058905124,0,0.0444411598145961
0,0.000566026661545,0,0.0233176369220018,0,0.0073709492571651,0,0.0093360319733619
0,0.0026524423155933,0,0.0416551455855369,0,0.0360364466905593,0,0.0418126136064529
0,7.853690476622432e-05,0,0.0120930578559637,0,0.0046065053902566,0,0.0138540873304009
0,0.0007247618632391,0,0.0440540984272956,0,0.0122298877686262,0,0.0565938539803028
0,0.0199878569692373,0,0.0639185979962349,0,0.0766890496015548,0,0.0428713373839855
0,0.0336365327239036,0,0.0740432068705558,0,0.1834058612585067,0,0.0415697544813156
0,0.0002369341673329,0,0.0131748579442501,0,0.0153336878865957,0,0.0178824737668037
0,0.0037730629555881,0,0.0629720166325569,0,0.2094253599643707,0,0.0543514341115951
0,0.0300830770283937,0,0.0247677136212587,0,0.0649653673171997,0,0.15523062646389
0,0.0158479642122983,0,0.065879039466381,0,0.075854368507862,0,0.1324787437915802
0,0.002587842522189,0,0.0345257185399532,0,0.1394374519586563,0,0.0957730114459991
0,0.0052643069066107,0,0.4740955531597137,0,0.2575633227825165,0,0.0511870346963405
0,0.0067997728474438,0,0.0156560558825731,0,0.1002174615859985,0,0.0965438410639762
0,0.042655561119318,0,0.0967483147978782,0,0.1306210458278656,0,0.1213202476501464
0,0.0245314668864011,0,0.0346533320844173,0,0.3611141741275787,0,0.0448698066174984
0,0.0036713799927383,0,0.0131977964192628,0,0.0185036361217498,0,0.079295627772808
0,0.0067793834023177,0,0.0394673645496368,0,0.0824952721595764,0,0.3506722748279571
0,0.1902294158935547,0,0.8092864155769348,0,0.5965234041213989,0,0.7616761326789856
0,0.0034555934835225,0,0.0659430995583534,0,0.1498411148786544,0,0.0261227954179048
0,0.0027054466772824,0,0.0215161945670843,0,0.0414401963353157,0,0.0243618879467248
0,0.1818306446075439,0,0.0309082511812448,0,0.021806001663208,0,0.0251121986657381
0,0.0016100889770314,0,0.0086960876360535,0,0.0151762021705508,0,0.0073891622014343
0,0.0050505893304944,0,0.0158263146877288,0,0.0250708572566509,0,0.0132138645276427
0,0.0009069627267308,0,0.0051920572295784,0,0.0139268552884459,0,0.0279732514172792
0,0.067487895488739,0,0.3616078495979309,0,0.0493764653801918,0,0.0253763701766729
0,0.0128281014040112,0,0.2435055375099182,0,0.027553966268897,0,0.0166254844516515
0,0.0596977956593036,0,0.09917613863945,0,0.0334479324519634,0,0.0308405719697475
0,0.0001465357636334,0,0.0049017546698451,0,0.0085685085505247,0,0.0153075037524104
0,0.0168758183717727,0,0.3977556526660919,0,0.039796907454729,0,0.1257170140743255
0,0.0026395127642899,0,0.4785483479499817,0,0.1767917424440384,0,0.1491313427686691
0,0.0130776762962341,0,0.7335214018821716,0,0.3196697831153869,0,0.1568120568990707
0,0.0959643870592117,0,0.6931952834129333,0,0.282398909330368,0,0.4214012920856476
0,0.0613640733063221,0,0.0268827863037586,0,0.0255084056407213,0,0.4526398479938507
0,0.0145894326269626,0,0.0112749468535184,0,0.0190540365874767,0,0.0407202020287513
0,0.0119651397690176,0,0.0116517143324017,0,0.0710763111710548,0,0.012435900978744
0,0.0015421852003782,0,0.0084796482697129,0,0.0081745414063334,0,0.0366600826382637
0,0.0006696937489323,0,0.0142355011776089,0,0.0083392234519124,0,0.034616369754076
0,0.0008861623355187,0,0.0115872751921415,0,0.0118496986106038,0,0.0212221089750528
0,0.0313252471387386,0,0.1387091875076294,0,0.035304058343172,0,0.1415694952011108
0,0.0027252624277025,0,0.0845739543437957,0,0.5595898628234863,0,0.4535615444183349
0,0.0033012060448527,0,0.0658603012561798,0,0.4821593165397644,0,0.487229436635971
0,0.0098216813057661,0,0.066595934331417,0,0.5341492891311646,0,0.7124009132385254
0,0.0600498057901859,0,0.0364106856286525,0,0.0988148376345634,0,0.0988852083683013
0,0.8884684443473816,0,0.6452413201332092,0,0.4196968972682953,0,0.5492940545082092
0,0.8659487366676331,0,0.5164256691932678,0,0.5442454218864441,0,0.2509828805923462
0,0.0128801902756094,0,0.1999103426933288,0,0.0933683961629867,0,0.0530392229557037
0,0.0050158710218966,0,0.0282185338437557,0,0.0224666241556406,0,0.0298418700695037
0,0.1754997968673706,0,0.2371822893619537,0,0.0584561750292778,0,0.7544669508934021
0,0.0101565774530172,0,0.0148305129259824,0,0.0141890896484255,0,0.0143946362659335
0,0.0848195180296897,0,0.3169675171375274,0,0.1178975254297256,0,0.7755601406097412
0,0.0014234730042517,0,0.0070442035794258,0,0.0117418663576245,0,0.0191219132393598
0,0.0145091079175472,0,0.0044521270319819,0,0.0080775488168001,0,0.003283966332674
0,0.0025669825263321,0,0.0039526992477476,0,0.0043031107634305,0,0.0109236305579543
0,0.0001276108814636,0,0.0032397874165326,0,0.0037485819775611,0,0.0052593825384974
0,0.0057932743802666,0,0.0044717877171933,0,0.0048971702344715,0,0.0042206589132547
0,0.0018286930862814,0,0.0058241956867277,0,0.0059734969399869,0,0.0199626274406909
0,0.0001351426908513,0,0.0031381705775856,0,0.0048039378598332,0,0.0087632304057478
0,0.0135940127074718,0,0.0045515443198382,0,0.0053717498667538,0,0.0056677469983696
0,0.0012054817052558,0,0.0048487884923815,0,0.0042999470606446,0,0.0175548214465379
0,0.0250098966062068,0,0.065875343978405,0,0.0264093801379203,0,0.021374586969614
0,0.0304621662944555,0,0.2952038049697876,0,0.2464656978845596,0,0.0124264927580952
0,0.0062550920993089,0,0.0158898532390594,0,0.0777706950902938,0,0.0077452803961932
0,0.0080219553783535,0,0.0679023042321205,0,0.0641021132469177,0,0.0807845294475555
0,0.0002576976257842,0,0.0025715285446494,0,0.0043275449424982,0,0.009115656837821
0,0.0031746015883982,0,0.0041862414218485,0,0.0036111494991928,0,0.0132127152755856
0,0.0004289108910597,0,0.0028815916739404,0,0.0063705509528517,0,0.0078759687021374
0,0.0011612295638769,0,0.0472340807318687,0,0.0542946308851242,0,0.0436920747160911
0,0.0019063724903389,0,0.0110117122530937,0,0.0259253252297639,0,0.0659094750881195
0,0.0012625266099348,0,0.0136823123320937,0,0.0132265174761414,0,0.0083475168794393
0,0.0499888025224208,0,0.0856261327862739,0,0.0477515012025833,0,0.0256501752883195
0,0.0104685723781585,0,0.0844284519553184,0,0.0435015708208084,0,0.0202561244368553
0,0.0006894459947943,0,0.01799988001585,0,0.0580882392823696,0,0.0108437463641166
0,0.0007061171927489,0,0.0117101427167654,0,0.0077344658784568,0,0.0081202173605561
0,0.0363198444247245,0,0.0583908259868621,0,0.0765626281499862,0,0.0258389208465814
0,0.0230846609920263,0,0.0151423653587698,0,0.0216683540493249,0,0.030628403648734
0,0.0496940463781356,0,0.1595133692026138,0,0.2083528637886047,0,0.5182679295539856
0,0.0383419953286647,0,0.0572266839444637,0,0.0984916314482688,0,0.1018224656581878
0,0.0015172831481322,0,0.0080898152664303,0,0.0116914547979831,0,0.0126174744218587
0,0.0007959923823364,0,0.0083463406190276,0,0.0161537062376737,0,0.0704542249441146
0,0.0004119904187973,0,0.007379550486803,0,0.0159031301736831,0,0.0237773843109607
0,0.5108262300491333,0,0.7549256086349487,0,0.7495698928833008,0,0.7302027940750122
0,0.073239542543888,0,0.7584319114685059,0,0.7352535128593445,0,0.6782433986663818
0,0.0094901993870735,0,0.0263080652803182,0,0.0061346981674432,0,0.010989305563271
0,0.0008087418973445,0,0.0063754394650459,0,0.0038047418929636,0,0.0036966374609619
0,0.0001234254013979,0,0.0044056768529117,0,0.0040907515212893,0,0.0091000702232122
0,0.000212036902667,0,0.0041495682671666,0,0.0063717011362314,0,0.0119826039299368
0,5.134992170496844e-05,0,0.0039946450851857,0,0.0046588126569986,0,0.0124496472999453
0,0.00582941994071,0,0.027379784733057,0,0.0088020311668515,0,0.0139453075826168
0,0.0007416317239403,0,0.0041433661244809,0,0.0049743098206818,0,0.008294335566461
0,0.0001201304039568,0,0.0053723156452178,0,0.0141224134713411,0,0.0144109027460217
0,0.0001388594537274,0,0.0040648663416504,0,0.0091622862964868,0,0.0148675944656133
0,0.0031860300805419,0,0.0632497295737266,0,0.0532368272542953,0,0.0288426838815212
0,0.0016770932124927,0,0.0026297159492969,0,0.0153715042397379,0,0.0186505746096372
0,0.0099104037508368,0,0.0285103805363178,0,0.008206277154386,0,0.0104669332504272
0,0.0002467439917381,0,0.0038114748895168,0,0.0061459131538867,0,0.0105800032615661
0,7.207390444818884e-05,0,0.0046455021947622,0,0.0060162059962749,0,0.0156248621642589
0,0.0166177917271852,0,0.0200807936489582,0,0.0353430546820163,0,0.0347683988511562
0,0.0015261301305145,0,0.0033335562329739,0,0.0135973757132887,0,0.0099894972518086
0,0.0003076453576795,0,0.1237084418535232,0,0.0529174990952014,0,0.0615358166396617
0,0.0007494111196137,0,0.0084419334307312,0,0.0153918759897351,0,0.0092610586434602
0,0.0022058337926864,0,0.0210440214723348,0,0.0291154254227876,0,0.0247971285134553
0,0.0010832244297489,0,0.0099955713376402,0,0.0055751171894371,0,0.0065601458773016
0,0.0002852643374353,0,0.0193054713308811,0,0.0086549064144492,0,0.0376842767000198
0,0.0008954193326644,0,0.0200917944312095,0,0.0117588387802243,0,0.0055478168651461
0,0.0007237820536829,0,0.0434944629669189,0,0.0186949335038661,0,0.0252862349152565
0,0.0004930141731165,0,0.0539103634655475,0,0.0101493215188384,0,0.0243064705282449
0,0.0114619163796305,0,0.1262755393981933,0,0.1066031008958816,0,0.0252070780843496
0,0.0005488764145411,0,0.0848691463470459,0,0.0195220950990915,0,0.0125774974003434
0,0.0026735423598438,0,0.0681935772299766,0,0.0211597252637147,0,0.0097530558705329
0,0.0078560188412666,0,0.011706318706274,0,0.0221002455800771,0,0.104201816022396
0,0.0007941115763969,0,0.0223261602222919,0,0.0190680157393217,0,0.0727948322892189
0,0.0031762784346938,0,0.0184210631996393,0,0.0188911594450473,0,0.015593459829688
0,0.0053487960249185,0,0.0550529845058918,0,0.0234193187206983,0,0.0144598335027694
0,0.0011088659521192,0,0.0331358909606933,0,0.0241424106061458,0,0.0167854819446802
0,0.0006216543843038,0,0.0213521514087915,0,0.0256793852895498,0,0.0429188981652259
0,0.0123359197750687,0,0.0203439481556415,0,0.0801518633961677,0,0.0471893996000289
0,0.006859868299216,0,0.0245781857520341,0,0.0617697723209857,0,0.0425327941775321
0,0.0057949335314333,0,0.009355055168271,0,0.1144594326615333,0,0.0376308783888816
0,0.0959566533565521,0,0.0331443473696708,0,0.0214784666895866,0,0.0105484733358025
0,0.0005017376388423,0,0.0059395567514002,0,0.0066426419652998,0,0.0359479747712612
0,0.0006381694693118,0,0.0113318646326661,0,0.0074765961617231,0,0.0262093972414731
0,0.0003518663579598,0,0.0067504639737308,0,0.0061714542098343,0,0.0256263818591833
0,0.125125378370285,0,0.108470618724823,0,0.0743939951062202,0,0.0395408906042575
0,0.0030268591362982,0,0.0238174889236688,0,0.0198487248271703,0,0.0972919985651969
1,0.1230746805667877,1,0.0136883957311511,1,0.1029996424913406,1,0.0268243886530399
1,0.2426886856555938,1,0.0592465363442897,1,0.2301281690597534,1,0.0624659992754459
1,0.2347347289323806,1,0.8847697377204895,1,0.4920563399791717,1,0.2331155240535736
1,0.0160349681973457,1,0.6565589904785156,1,0.0845624357461929,1,0.2067388296127319
1,0.1743024438619613,1,0.1736685633659362,1,0.0463131442666053,1,0.6494368314743042
1,0.6215417385101318,1,0.8573839068412781,1,0.7794299125671387,1,0.7480518817901611
1,0.0049628191627562,1,0.0362300798296928,1,0.1794889122247696,1,0.4149771630764007
1,0.0089226011186838,1,0.0359997004270553,1,0.1027117669582367,1,0.7118410468101501
1,0.0062027969397604,1,0.0655244961380958,1,0.2002853453159332,1,0.7788552045822144
1,0.98894065618515,1,0.9393582344055176,1,0.6799089312553406,1,0.8766347169876099
1,0.7694193720817566,1,0.816609799861908,1,0.6296249628067017,1,0.8221789598464966
1,0.9170398116111756,1,0.9182558655738832,1,0.7317957282066345,1,0.7902305126190186
1,0.7154124975204468,1,0.607334554195404,1,0.2800997495651245,1,0.7171011567115784
1,0.4709234237670898,1,0.6209287047386169,1,0.4415985643863678,1,0.6198945641517639
1,0.5359351634979248,1,0.759283721446991,1,0.4222040772438049,1,0.6943451166152954
0,0.002237286651507,0,0.0097504174336791,0,0.0377676337957382,0,0.0809469819068908
0,0.0198372807353734,0,0.0089367674663662,0,0.0261029563844203,0,0.0800756588578224
0,0.1076594665646553,0,0.280420184135437,0,0.5142456889152527,0,0.2307352274656295
0,0.0018485139589756,0,0.0030366873834282,0,0.0084343934431672,0,0.012026434764266
0,0.1439782828092575,0,0.0414352938532829,0,0.240895539522171,0,0.6005471348762512
0,0.0444721430540084,0,0.2472656518220901,0,0.4343377351760864,0,0.8668068051338196
0,0.0273852255195379,0,0.0221207756549119,0,0.1147264838218689,0,0.4351643919944763
0,0.0005630390369333,0,0.0743438601493835,0,0.3653333187103271,0,0.4296627342700958
0,0.0002258849417557,0,0.0895523130893707,0,0.2722654938697815,0,0.3913580775260925
0,0.0078975036740303,0,0.0251958183944225,0,0.0915948003530502,0,0.1737977266311645
0,0.2109720408916473,0,0.4721084535121918,0,0.0962950214743614,0,0.1043288335204124
0,0.0292125381529331,0,0.0281872656196355,0,0.0304569769650697,0,0.0540985129773616
0,0.8514850735664368,0,0.4839137494564056,0,0.7378923892974854,0,0.5223726630210876
0,0.0032686048652976,0,0.0049870992079377,0,0.0130246523767709,0,0.0315761752426624
0,0.0034692247863858,0,0.0046327230520546,0,0.007317463401705,0,0.0071800891309976
0,0.0042889527976512,0,0.0038072098977863,0,0.0072771213017404,0,0.0084309531375765
0,0.003013374749571,0,0.0047416631132364,0,0.0178852882236242,0,0.0223330575972795
0,0.0012459595454856,0,0.0223205871880054,0,0.0252303928136825,0,0.0078110755421221
0,0.0017040498787537,0,0.022625159472227,0,0.0486085526645183,0,0.0282981321215629
0,0.0035318126901984,0,0.0200406461954116,0,0.0218352358788251,0,0.0193328186869621
0,0.0645226836204528,0,0.0416249744594097,0,0.2570184171199798,0,0.1123511046171188
0,5.835901174577885e-05,0,0.0023377647157758,0,0.0135802077129483,0,0.0050673014484345
0,0.0121641410514712,0,0.0299590919166803,0,0.0263110399246215,0,0.0159500855952501
0,0.0010394164128229,0,0.006963521707803,0,0.0136303715407848,0,0.028148490935564
0,0.0160692054778337,0,0.0356310531497001,0,0.045003205537796,0,0.1219062358140945
0,0.0224081315100193,0,0.0195050220936536,0,0.0241690129041671,0,0.0135755520313978
0,0.0027645744848996,0,0.021571148186922,0,0.1179322302341461,0,0.0607666820287704
0,0.0096322009339928,0,0.035413920879364,0,0.0504036024212837,0,0.033492587506771
0,0.0013131452724337,0,0.0171327870339155,0,0.0109096942469477,0,0.0076025053858757
0,0.0091019701212644,0,0.0529944449663162,0,0.042549293488264,0,0.0281637366861104
0,0.0026337848976254,0,0.0223054997622966,0,0.0163157507777214,0,0.0098237823694944
0,0.0009859162382781,0,0.0281792432069778,0,0.0234065502882003,0,0.0141573715955019
0,0.0069163218140602,0,0.0539647601544857,0,0.0097628235816955,0,0.0235707163810729
0,0.0026495314668864,0,0.0140440175309777,0,0.0111727034673094,0,0.0248698722571134
0,0.0034516530577093,0,0.0144010381773114,0,0.0062192501500248,0,0.0173742827028036
0,0.0008219221490435,0,0.007444538641721,0,0.0179930087178945,0,0.0133583024144172
0,0.0478216186165809,0,0.2069240808486938,0,0.0693537890911102,0,0.0886963009834289
0,0.3978511989116668,0,0.2492114454507827,0,0.3466976583003998,0,0.4961670041084289
0,0.0893881469964981,0,0.1098178327083587,0,0.4250641167163849,0,0.7738850116729736
0,0.018263928592205,0,0.0357661135494709,0,0.0216120705008506,0,0.0491825640201568
0,0.0012025199830532,0,0.0056572603061795,0,0.0045886901207268,0,0.0217116083949804
0,0.0059694242663681,0,0.0954034775495529,0,0.30760657787323,0,0.1582547426223755
0,0.0141972647979855,0,0.0077337408438324,0,0.0046707629226148,0,0.0545078329741954
0,0.0085052158683538,0,0.3108788728713989,0,0.0300366710871458,0,0.0179654769599437
0,0.0013315248070284,0,0.0301567316055297,0,0.0063488045707345,0,0.0150151010602712
0,0.0013869975227862,0,0.0113925896584987,0,0.0091415094211697,0,0.0249039735645055
0,0.0055382074788212,0,0.0371364429593086,0,0.0081913489848375,0,0.0233237221837043
0,0.0174968633800745,0,0.9448240399360656,0,0.131767451763153,0,0.0797445774078369
0,0.0036037142854183,0,0.023790281265974,0,0.0065649612806737,0,0.0136263966560363
0,0.1494581997394561,0,0.9356626868247986,0,0.2701927423477173,0,0.3276712596416473
0,0.0132084507495164,0,0.6503533720970154,0,0.2619273960590362,0,0.6840837001800537
0,0.0376026555895805,0,0.3137722313404083,0,0.3734739124774933,0,0.409821480512619
0,0.7736779451370239,0,0.9458429217338562,0,0.7750716805458069,0,0.8831063508987427
0,0.1330563127994537,0,0.1875439286231994,0,0.4246147871017456,0,0.5303519368171692
0,0.0202036034315824,0,0.102523386478424,0,0.0768568217754364,0,0.0407894738018512
0,0.0156951826065778,0,0.144213929772377,0,0.1057484447956085,0,0.1262566596269607
0,0.0126111786812543,0,0.1217591017484664,0,0.098612867295742,0,0.1549376845359802
0,0.0003689627919811,0,0.0103765605017542,0,0.0098476754501461,0,0.0068860012106597
0,0.1231930330395698,0,0.0662947669625282,0,0.2706924974918365,0,0.0416618362069129
0,0.0628494769334793,0,0.0273407250642776,0,0.0728721246123313,0,0.0160102508962154
0,0.3581497073173523,0,0.1238685920834541,0,0.2899750769138336,0,0.0743558928370475
0,0.003694785060361,0,0.0162148773670196,0,0.0356025546789169,0,0.1161871328949928
0,0.0074359457939863,0,0.0236585885286331,0,0.0354783982038497,0,0.1724897474050521
0,0.5968895554542542,0,0.8184822201728821,0,0.506859540939331,0,0.1289022415876388
0,0.0532377138733863,0,0.4709438383579254,0,0.3771058022975921,0,0.0776331573724746
0,0.8057751059532166,0,0.6175343990325928,0,0.2854427993297577,0,0.1255397200584411
0,0.0157072395086288,0,0.5568024516105652,0,0.3416260778903961,0,0.0626487955451011
0,0.0002442337281536,0,0.01086410228163,0,0.0444826819002628,0,0.0255711730569601
0,0.0064587858505547,0,0.0067316466011106,0,0.0174251366406679,0,0.0348744578659534
0,0.0002498211106285,0,0.0987511202692985,0,0.0308706797659397,0,0.0249265618622303
0,0.0002946274471469,0,0.3553401827812195,0,0.0919530764222145,0,0.0333004929125309
0,0.0010773901594802,0,0.0136409867554903,0,0.0155798587948083,0,0.0065942304208874
0,0.0452903769910335,0,0.0195268932729959,0,0.0074917096644639,0,0.0247558280825614
0,0.0002936798264272,0,0.0282748937606811,0,0.0163845568895339,0,0.0101786088198423
0,0.020547691732645,0,0.0172533895820379,0,0.0089270258322358,0,0.0260453596711158
0,0.0184546764940023,0,0.023031260818243,0,0.006325926631689,0,0.0252170525491237
0,0.0021014143712818,0,0.009802209213376,0,0.0276814922690391,0,0.0069754216820001
0,0.0015564471250399,0,0.0093721328303217,0,0.014288293197751,0,0.0094786863774061
0,0.1667314022779464,0,0.6001741886138916,0,0.3620909452438354,0,0.1111432760953903
0,0.0617662519216537,0,0.4616995453834533,0,0.2665705680847168,0,0.0589935705065727
0,0.02291308529675,0,0.283270001411438,0,0.246205598115921,0,0.0461733229458332
0,0.0017179055139422,0,0.022264190018177,0,0.0101080583408474,0,0.0564271919429302
0,0.0196560733020305,0,0.0179928950965404,0,0.0140179144218564,0,0.2239042073488235
0,0.0002171792439185,0,0.0145024005323648,0,0.0073983618058264,0,0.0069165602326393
0,0.0033754459582269,0,0.0197827648371458,0,0.012136360630393,0,0.0175621658563613
0,0.0137800695374608,0,0.0349063947796821,0,0.013473642989993,0,0.0261281412094831
0,0.0046114563010632,0,0.0293165314942598,0,0.0118972910568118,0,0.014203218743205
0,0.0040141614153981,0,0.0093217669054865,0,0.0121278557926416,0,0.02820978872478
0,0.0049332310445606,0,0.0172035414725542,0,0.0534822940826416,0,0.0625726357102394
0,0.0015619411133229,0,0.0054730316624045,0,0.0128259100019931,0,0.0099788960069417
0,0.0018737574573606,0,0.0067323981784284,0,0.013964420184493,0,0.0094681847840547
0,0.0004465557867661,0,0.0164057426154613,0,0.0049916156567633,0,0.0084039522334933
0,0.0032248806674033,0,0.0238837748765945,0,0.0052641816437244,0,0.0086777731776237
0,0.0134542994201183,0,0.129926860332489,0,0.0520344525575637,0,0.2658025026321411
0,0.0135785229504108,0,0.1365830153226852,0,0.0382655188441276,0,0.2731852233409881
0,0.0164996311068534,0,0.0424742251634597,0,0.0369756184518337,0,0.3512525558471679
0,0.0165638383477926,0,0.0229371394962072,0,0.0122962100431323,0,0.0187222193926572
0,0.1006753146648407,0,0.0071247508749365,0,0.0375104956328868,0,0.1690798848867416
0,0.0989208444952964,0,0.0085313376039266,0,0.0242323577404022,0,0.0992202833294868
0,0.1035236269235611,0,0.007715692743659,0,0.0148643692955374,0,0.1166241765022277
0,0.0123134041205048,0,0.0137248756363987,0,0.0238768402487039,0,0.0461088120937347
0,0.095862939953804,0,0.031279556453228,0,0.0564579144120216,0,0.0496344268321991
0,0.0001404786453349,0,0.0093561951071023,0,0.01000486779958,0,0.0189414229243993
0,0.5262646675109863,0,0.4773643910884857,0,0.3132893145084381,0,0.6033326983451843
0,0.0008462825790047,0,0.0078469114378094,0,0.011672313325107,0,0.0260069612413644
0,0.018898107111454,0,0.0672974064946174,0,0.0911421775817871,0,0.2092338502407074
0,0.1171488687396049,0,0.0191112235188484,0,0.018390005454421,0,0.0222417656332254
0,0.0533544309437274,0,0.0086530009284615,0,0.028042621910572,0,0.0403852313756942
0,0.0009463053429499,0,0.0082624023780226,0,0.011727875098586,0,0.0267137382179498
0,0.0023349204566329,0,0.0440619811415672,0,0.1262247115373611,0,0.06185994297266
0,0.0001185064757009,0,0.0038334794808179,0,0.0085694277659058,0,0.0093780579045414
0,0.3602439165115356,0,0.0620954819023609,0,0.0669197887182235,0,0.034760296344757
0,0.1610731333494186,0,0.0222699102014303,0,0.0908982828259468,0,0.1153205037117004
0,0.5686407089233398,0,0.173271358013153,0,0.500002384185791,0,0.1878253519535064
0,0.0188834853470325,0,0.0070425025187432,0,0.0099665895104408,0,0.0135048506781458
0,0.0101711461320519,0,0.0053402283228933,0,0.0087788887321949,0,0.0144488904625177
0,0.2150007337331771,0,0.7959561944007874,0,0.4967926442623138,0,0.288623183965683
0,0.0050629107281565,0,0.0113534526899456,0,0.0082598244771361,0,0.0153577541932463
0,0.0506848245859146,0,0.0541344173252582,0,0.0506636425852775,0,0.1819938868284225
0,0.0102872727438807,0,0.0187848880887031,0,0.0401536785066127,0,0.0256069041788578
0,0.1558433622121811,0,0.8300613164901733,0,0.4850415289402008,0,0.4006564915180206
0,0.0022887068334966,0,0.2728989422321319,0,0.1380424946546554,0,0.1372628957033157
0,0.0259677451103925,0,0.2581498324871063,0,0.4394535720348358,0,0.0392782613635063
0,0.0810749232769012,0,0.8157228231430054,0,0.5641297101974487,0,0.4169975817203522
0,0.0183050669729709,0,0.0175476018339395,0,0.0160848125815391,0,0.0273008234798908
0,0.0138844270259141,0,0.3545284867286682,0,0.3695962727069855,0,0.6374065279960632
0,0.0001254854578291,0,0.0031703400891274,0,0.0067106960341334,0,0.0095997639000415
0,0.0024762728717178,0,0.0018562079640105,0,0.0033286202233284,0,0.0043940069153904
0,0.0204362366348505,0,0.0592887699604034,0,0.0126195587217807,0,0.0581034757196903
0,0.0117327412590384,0,0.0134407058358192,0,0.0110707199200987,0,0.1472525596618652
0,0.0010220746044069,0,0.0051646237261593,0,0.0054291700944304,0,0.0154623035341501
0,8.71412776177749e-05,0,0.0015116026625037,0,0.0048833428882062,0,0.007463242392987
0,8.962428546510637e-05,0,0.0027566482312977,0,0.0097076054662466,0,0.0103318821638822
0,0.0037945369258522,0,0.0362445972859859,0,0.0104813436046242,0,0.0314876474440097
0,0.0287761818617582,0,0.01962361484766,0,0.0193561762571334,0,0.1215116158127784
0,0.0009871423244476,0,0.0067594572901725,0,0.004503306467086,0,0.0098187746480107
0,0.002171428874135,0,0.0094669498503208,0,0.0035562666598707,0,0.0171694494783878
0,9.149521793005988e-05,0,0.0036687511019408,0,0.0097424834966659,0,0.0125652672722935
0,0.00116340466775,0,0.0274911057204008,0,0.0108920224010944,0,0.0292405653744936
0,0.0031533723231405,0,0.010420374572277,0,0.0084983790293335,0,0.1372182667255401
0,0.0002580506843514,0,0.0089646251872181,0,0.0078995525836944,0,0.0103323208168149
0,0.0001736770500428,0,0.012988437898457,0,0.0109098274260759,0,0.0104012582451105
0,0.0001376614527544,0,0.0132005661725997,0,0.0153124928474426,0,0.0111795272678136
0,0.0008466592989861,0,0.0245737619698047,0,0.0261667165905237,0,0.0133444452658295
0,0.031978502869606,0,0.2558515667915344,0,0.6794779896736145,0,0.6679977774620056
0,0.2668540477752685,0,0.7185168266296387,0,0.6285886168479919,0,0.7100821137428284
0,0.0016994776669889,0,0.0180541034787893,0,0.0255143325775861,0,0.0154583631083369
0,0.0060200598090887,0,0.0847588703036308,0,0.0403798557817935,0,0.0289357975125312
0,0.3805602192878723,0,0.1747277677059173,0,0.0950115621089935,0,0.1070388257503509
0,0.0009642302757129,0,0.0631731003522872,0,0.0058572059497237,0,0.0166508797556161
0,0.004149489570409,0,0.0094755571335554,0,0.0158037077635526,0,0.0072745042853057
0,0.0011280864709988,0,0.0418571718037128,0,0.0121777849271893,0,0.0123270405456423
0,0.0008508987957611,0,0.0061954380944371,0,0.0054788147099316,0,0.0115981167182326
0,0.0029465532861649,0,0.0087545979768037,0,0.0046861660666763,0,0.0084937317296862
0,0.0039962977170944,0,0.0069252257235348,0,0.004361679777503,0,0.0053630950860679
0,0.032081488519907,0,0.0151877729222178,0,0.2161802947521209,0,0.1756554841995239
0,0.0114894015714526,0,0.0190508738160133,0,0.0294845029711723,0,0.01524144038558
0,0.0031806826591491,0,0.0654729679226875,0,0.0421792939305305,0,0.0202140882611274
0,0.0076595190912485,0,0.0376997478306293,0,0.0847468674182891,0,0.233614295721054
0,0.0904931649565696,0,0.1958597153425216,0,0.0821899324655532,0,0.6683710813522339
0,0.8803650140762329,0,0.7712417244911194,0,0.5711506605148315,0,0.757684588432312
0,0.0087598348036408,0,0.0090182377025485,0,0.056806668639183,0,0.0793781504034996
0,0.0001604512362973,0,0.0040386701002717,0,0.0166343040764331,0,0.011013014242053
0,0.0069822859950363,0,0.007230688817799,0,0.0787534639239311,0,0.0779787003993988
0,0.0055774813517928,0,0.0070359534583985,0,0.0097759841009974,0,0.0042843837291002
0,0.0004956101183779,0,0.003230357542634,0,0.0155541654676198,0,0.0091663347557187
0,0.0079472595825791,0,0.0100173251703381,0,0.1770991086959839,0,0.1025491282343864
0,0.0012404473964124,0,0.0068845795467495,0,0.0090678865090012,0,0.0046388306654989
0,0.0018274993635714,0,0.0071100587956607,0,0.0127661935985088,0,0.0101037267595529
0,0.583794355392456,0,0.2499164938926696,0,0.4188397526741028,0,0.6494821310043335
0,0.0043383305892348,0,0.0170072019100189,0,0.016831612214446,0,0.035719096660614
0,0.0018859502160921,0,0.0194185581058263,0,0.0059945085085928,0,0.0082503613084554
0,0.0003229151770938,0,0.0073047755286097,0,0.0111355306580662,0,0.0313362814486026
0,0.0397655069828033,0,0.0119172893464565,0,0.0295398477464914,0,0.0916634202003479
0,0.878447949886322,0,0.4902758598327636,0,0.2317492216825485,0,0.4817848205566406
0,0.035624474287033,0,0.1558698564767837,0,0.030204739421606,0,0.5053431987762451
0,0.0603513233363628,0,0.1167474165558815,0,0.0423018299043178,0,0.0997954085469245
0,0.0037201954983174,0,0.0985106825828552,0,0.050113521516323,0,0.0342865213751792
0,0.00118623545859,0,0.0736051276326179,0,0.0345794409513473,0,0.0445632934570312
0,0.0003090573300141,0,0.0057749897241592,0,0.0143888667225837,0,0.0097372904419898
0,0.0058714556507766,0,0.0205499175935983,0,0.0686973705887794,0,0.0680357664823532
0,0.0009250661241821,0,0.0164035707712173,0,0.0094148432835936,0,0.0534052364528179
0,0.0028474566061049,0,0.0218166727572679,0,0.0915371850132942,0,0.0360541604459285
0,0.0031354781240224,0,0.009414087049663,0,0.0079841595143079,0,0.0123296715319156
0,0.0037846504710614,0,0.0140584195032715,0,0.0314576923847198,0,0.0452170632779598
0,0.0019392538815736,0,0.0042641991749405,0,0.0161143764853477,0,0.0085404617711901
0,0.0450527407228946,0,0.1939741373062133,0,0.1630938053131103,0,0.038395594805479
0,0.1077159941196441,0,0.0335537455976009,0,0.0531458184123039,0,0.5437947511672974
0,0.6487529873847961,0,0.0562623851001262,0,0.0280516631901264,0,0.4012942910194397
0,0.4563765525817871,0,0.7912348508834839,0,0.7028887867927551,0,0.904855728149414
0,0.0445933640003204,0,0.0086589250713586,0,0.1638971716165542,0,0.3294568657875061
0,0.0077535007148981,0,0.0259663891047239,0,0.0784795433282852,0,0.5080793499946594
0,0.0318084545433521,0,0.1277600973844528,0,0.0403951108455657,0,0.155209019780159
0,0.0008882114780135,0,0.0158336106687784,0,0.0247538555413484,0,0.0916404351592063
0,0.0033345876727253,0,0.0286463294178247,0,0.0253043714910745,0,0.2866093814373016
0,0.0017459813971072,0,0.0095566511154174,0,0.0075115268118679,0,0.0118599478155374
0,0.0092745693400502,0,0.2552885711193084,0,0.0166232548654079,0,0.0415128096938133
0,0.0001828912645578,0,0.003441076958552,0,0.0029361352790147,0,0.0060909506864845
0,0.0119802504777908,0,0.0359383225440979,0,0.0210855603218078,0,0.0246140789240598
0,0.0017305482178926,0,0.0110480533912777,0,0.0077955811284482,0,0.0534443594515323
0,0.0016052994178608,0,0.018361123278737,0,0.0137051818892359,0,0.0133756725117564
0,0.0003738790110219,0,0.0285537429153919,0,0.0871079191565513,0,0.0281762015074491
0,0.0021671340800821,0,0.0125868450850248,0,0.0067981211468577,0,0.0102957617491483
0,0.0154637778177857,0,0.0166599228978157,0,0.0290381219238042,0,0.128588855266571
0,0.005479407031089,0,0.0187657494097948,0,0.0291036088019609,0,0.059760246425867
0,0.0306680053472518,0,0.0496972873806953,0,0.1453290283679962,0,0.071177177131176
0,0.0003330119652673,0,0.0045070745982229,0,0.0164143536239862,0,0.0125960931181907
0,0.0039380248636007,0,0.0366614572703838,0,0.0546449869871139,0,0.0262931529432535
0,0.0010907842079177,0,0.0032946669962257,0,0.0155337555333971,0,0.0106336623430252
0,0.0005328160477802,0,0.0067244954407215,0,0.0202667079865932,0,0.0345567092299461
0,0.0009400924900546,0,0.0462346524000167,0,0.0221539158374071,0,0.033735629171133
0,0.7402570843696594,0,0.3384412229061126,0,0.1673253625631332,0,0.1343271285295486
0,0.0005428055301308,0,0.0298095680773258,0,0.0166192334145307,0,0.0426036119461059
0,0.5384531021118164,0,0.3225457668304443,0,0.276017814874649,0,0.3106911182403564
0,0.0002575627877376,0,0.0372798033058643,0,0.0214194823056459,0,0.0182633344084024
0,0.8596494197845459,0,0.1307182759046554,0,0.1792227178812027,0,0.2152648568153381
0,0.251662015914917,0,0.4950953722000122,0,0.2877708375453949,0,0.8174604773521423
0,0.0008876319625414,0,0.0147412614896893,0,0.0460491403937339,0,0.0341746918857097
0,0.0098419347777962,0,0.0140495840460062,0,0.0115881338715553,0,0.0206724517047405
0,0.0023923465050756,0,0.0086411014199256,0,0.007528135087341,0,0.0112307807430624
0,0.0019237697124481,0,0.014361991547048,0,0.0155893983319401,0,0.0270955450832843
0,0.0042612361721694,0,0.0041149836033582,0,0.0129408007487654,0,0.018260708078742
