fold_1_labels,fold_1_predictions,fold_2_labels,fold_2_predictions,fold_3_labels,fold_3_predictions,fold_4_labels,fold_4_predictions
1,0.0623954199254512,1,0.8885763883590698,1,0.0010860256152227,1,0.0141651723533868
1,0.9418036341667176,1,0.997103750705719,1,0.9234858155250548,1,0.9987940788269044
1,0.5953211784362793,1,0.802297830581665,1,0.8714302182197571,1,0.592134416103363
1,0.5944991707801819,1,0.5180055499076843,1,0.3099043369293213,1,0.0032850853167474
1,0.0646056607365608,1,0.0247447919100523,1,0.0452202335000038,1,0.0261512417346239
1,0.4332678616046905,1,0.5702205300331116,1,0.7630199193954468,1,0.4620755314826965
1,0.0323747172951698,1,0.0860170572996139,1,0.0275167059153318,1,0.0027723519597202
1,0.7917611002922058,1,0.7442007660865784,1,0.8789150714874268,1,0.2869276404380798
1,0.5575010776519775,1,0.9767103791236876,1,0.0120058404281735,1,0.0021376688964664
1,0.4047297239303589,1,0.9696279168128968,1,0.0077925277873873,1,0.0036847405135631
1,0.1552600264549255,1,0.9670189619064332,1,0.0063115144148468,1,0.0025858411099761
1,0.9798104763031006,1,0.9999980926513672,1,0.999462068080902,1,0.9999343156814576
1,0.7274101376533508,1,0.9760358929634094,1,0.880423367023468,1,0.9431796669960022
1,0.3257007896900177,1,0.0443382747471332,1,0.0011598521377891,1,0.0050929733552038
1,0.4079081118106842,1,0.5520045757293701,1,0.5060799717903137,1,0.0003774496726691
1,0.3623057901859283,1,0.5874053835868835,1,0.0237821321934461,1,0.0054667410440742
1,0.9329223036766052,1,0.8735543489456177,1,0.9076512455940248,1,0.942688286304474
1,0.1086339801549911,1,0.0068433145061135,1,0.0026055362541228,1,0.011241391301155
1,0.8935745358467102,1,0.981878101825714,1,0.3015249073505401,1,0.9909664392471312
1,0.5041500329971313,1,0.7797135710716248,1,0.7502864003181458,1,0.1119937524199485
1,0.8365422487258911,1,0.9952583909034728,1,0.998408854007721,1,0.9221656322479248
0,0.0331993922591209,0,0.0010807934449985,0,0.0094640748575329,0,0.0002604669134598
0,0.0033020095434039,0,0.0009990418329834,0,0.0003130503755528,0,2.61612149188295e-06
0,0.0473157204687595,0,0.006639018189162,0,0.0004026303067803,0,0.0010617347434163
0,0.0044786985963582,0,0.0018330675084143,0,0.0004852855054195,0,5.496718131325906e-06
0,0.0594499036669731,0,0.0387960039079189,0,0.0013444307260215,0,2.3853048332966864e-05
0,0.0056331944651901,0,0.0017210009973496,0,0.0073149078525602,0,1.260243880096823e-05
0,0.1320894658565521,0,0.0134011432528495,0,0.001356134423986,0,0.000184899821761
0,0.0113673508167266,0,0.0001587401638971,0,7.403295603580773e-05,0,2.8420445232768543e-05
0,0.0134225580841302,0,0.0003649918944574,0,0.0001555009075673,0,0.0002455857465974
0,0.0108353160321712,0,0.0063801817595958,0,0.0005159879219718,0,0.0001888611877802
0,0.0020165480673313,0,0.0009882145095616,0,0.0005940339178778,0,1.3002292689634489e-05
0,0.0009698170470073,0,0.0060397451743483,0,0.0012168097309768,0,4.619976607500576e-05
0,0.033867560327053,0,0.0024277037009596,0,0.0027463510632514,0,0.0001698487467365
0,0.0010385647183284,0,0.0021061450242996,0,0.0036631911061704,0,0.0001170077885035
0,0.0074915005825459,0,0.0183888431638479,0,0.0195503197610378,0,0.0002316166210221
0,0.0136976493522524,0,0.0013530337018892,0,0.0036275957245379,0,9.94782240013592e-05
0,0.0051804622635245,0,0.0004166014841757,0,0.0001326754281762,0,0.0002129734348272
0,0.0041770380921661,0,0.0005662104231305,0,0.0012658620253205,0,0.000180716466275
0,0.0021347964648157,0,0.010927552357316,0,0.0013126106932759,0,0.000111009205284
0,0.0063863988034427,0,0.0003052083484362,0,1.5734591215732507e-05,0,8.570673344365787e-07
0,0.0029796257149428,0,0.0430539399385452,0,0.0004750799853354,0,1.810305730032269e-05
0,0.008289030753076,0,0.0139258531853556,0,0.000573590688873,0,1.0136118362424895e-06
0,0.0014197065029293,0,0.0006449693464674,0,0.0028200221713632,0,0.0001428313116775
0,0.0257209707051515,0,0.0023522053379565,0,0.0096814427524805,0,0.0001426653761882
0,0.872870922088623,0,0.0198408644646406,0,0.1625891774892807,0,0.0566982999444007
0,0.230134829878807,0,0.0089367292821407,0,0.0027320773806422,0,0.043703056871891
0,0.5148048996925354,0,0.0361893661320209,0,0.0353502407670021,0,0.1526050865650177
0,0.0641225948929786,0,0.002294308040291,0,0.0024516633711755,0,0.0130802299827337
0,0.7498132586479187,0,0.0630275383591651,0,0.3453780710697174,0,0.0002639696758706
0,0.3276487290859222,0,0.0067758420482277,0,0.0352949500083923,0,0.403734803199768
0,0.0516863651573658,0,0.4514250755310058,0,0.1373585164546966,0,0.0280142128467559
0,0.0094040613621473,0,0.0007524355896748,0,0.001840099110268,0,0.0001633511274121
0,0.6090023517608643,0,0.0043824492022395,0,0.0797493085265159,0,9.641900396673007e-05
0,0.1812396645545959,0,0.0018772992771118,0,0.0013482960639521,0,0.3343956768512726
0,0.0326511450111866,0,0.0121573992073535,0,0.0323850698769092,0,0.0084497844800353
0,0.0289253760129213,0,0.0011336716124787,0,0.0035435119643807,0,0.0054545821622014
0,0.0178689714521169,0,0.0040056793950498,0,0.0007111093727871,0,0.0355214439332485
0,0.006415229756385,0,0.0001295122201554,0,0.0007047154940664,0,0.0001763586333254
0,0.4566279649734497,0,0.9804877638816832,0,0.4062820971012115,0,0.9579649567604064
0,0.0132071580737829,0,0.7554517984390259,0,0.0872695818543434,0,2.8711989216390062e-05
0,0.006382348947227,0,0.1525555253028869,0,0.0021854201331734,0,0.0001508926652604
0,0.0108875595033168,0,0.0013677672250196,0,0.0016599795781075,0,0.0004292311496101
0,0.3042720556259155,0,0.0613561272621154,0,0.0002835795748978,0,0.0012739142403006
0,0.0067231133580207,0,0.0188010931015014,0,0.001975652994588,0,0.0002332596923224
0,0.1682473719120025,0,0.0057864459231495,0,0.4760160446166992,0,0.1194084361195564
0,0.0044597000814974,0,0.0007477613980881,0,0.0025757749099284,0,0.0002056621742667
0,0.0040091928094625,0,0.0157118923962116,0,0.002098892815411,0,0.00260891020298
0,0.007106605451554,0,0.0006060907617211,0,0.0020591670181602,0,0.0011307750828564
0,0.2158333659172058,0,0.7622935771942139,0,0.019899258390069,0,0.029266569763422
0,0.5219439268112183,0,0.9562603235244752,0,0.0810514092445373,0,0.7564345002174377
0,0.0212639719247818,0,0.0027275090105831,0,0.0328060761094093,0,0.0010695130331441
0,0.6018877029418945,0,0.9015145301818848,0,0.381448894739151,0,0.8265486359596252
0,0.024646995589137,0,0.0202185194939374,0,0.0002631876268424,0,5.508255344466306e-05
0,0.0010435569565743,0,0.0001774014090187,0,0.00028852885589,0,1.1549934242793825e-05
0,0.0021969100926071,0,0.0442033521831035,0,0.0017020676750689,0,2.555729952291585e-05
0,0.0199797879904508,0,0.0010786354541778,0,0.0002921781560871,0,1.7678581571090035e-05
0,0.0005453761550597,0,0.0002013603807426,0,0.0006700959638692,0,1.191108731291024e-05
0,0.0006399124977178,0,0.0001552059693494,0,0.0013527391711249,0,2.484017204551492e-05
0,0.0361378416419029,0,0.0082082916051149,0,0.0003155779850203,0,4.2123869206989184e-05
0,0.0008375067845918,0,0.0001500587241025,0,0.0002045394794549,0,8.342211913259234e-06
0,0.0077210650779306,0,0.0030918782576918,0,0.0018692156299948,0,0.0009042679448612
0,0.0063823736272752,0,0.0096158990636467,0,0.0012494320981204,0,5.894152127439156e-05
0,0.0054321885108947,0,0.0030096308328211,0,0.0083227381110191,0,0.0004209901380818
0,0.1025450453162193,0,0.0002026541624218,0,0.0012991310795769,0,0.0172936283051967
0,0.0047387387603521,0,3.573379581212066e-05,0,3.8937461795285344e-05,0,6.655365609731234e-07
0,0.0055329813621938,0,9.667356061981992e-05,0,0.0003042693133465,0,4.356441422714852e-05
0,0.0046470016241073,0,0.0001576771028339,0,0.0006953201955184,0,0.0001228663313668
0,0.0052944160997867,0,0.000134469490149,0,0.0004703697632066,0,0.0001223558792844
0,0.00920672994107,0,0.0001136365390266,0,0.0741462185978889,0,0.0001838518655858
0,0.0083803385496139,0,0.0004409007669892,0,0.0028064516372978,0,0.0001033727457979
0,0.056159496307373,0,0.0011594219831749,0,0.0025280325207859,0,0.010507839731872
0,0.0192037355154752,0,0.0575830861926078,0,0.0033413518685847,0,0.0417049415409565
0,0.0778013840317726,0,0.0023356035817414,0,0.0046326876617968,0,0.0107507910579442
0,0.0022396752610802,0,0.0003632856823969,0,0.003871350781992,0,0.000272119854344
0,0.0363529548048973,0,0.0006902608438394,0,0.0029671804513782,0,0.0003962396294809
0,0.0061155082657933,0,0.0015580722829326,0,0.0037983383517712,0,2.192890633523348e-06
0,0.0552978441119194,0,0.3577015697956085,0,0.0107490513473749,0,0.0018384157447144
0,0.0188552942126989,0,0.0015485547482967,0,0.0012497076531872,0,0.0018765374552458
0,0.0100463489070534,0,0.0023567641619592,0,0.0031545595265924,0,0.0001950289151864
0,0.0215863212943077,0,0.1811929941177368,0,0.0043381182476878,0,0.0001364394411211
0,0.0076050055213272,0,0.037592589855194,0,0.0062026586383581,0,0.000380486366339
0,0.0139069287106394,0,0.0028639200609177,0,0.0029738603625446,0,2.907334601331968e-05
0,0.0082086604088544,0,0.0103683918714523,0,0.0055312919430434,0,0.0014220535522326
0,0.0277194213122129,0,0.0025193048641085,0,0.0122194187715649,0,2.506970486138016e-05
0,0.0268459748476743,0,0.0153986914083361,0,0.0020251143723726,0,3.567277599358931e-05
0,0.0566561035811901,0,0.429021954536438,0,0.013272144831717,0,0.0015287473797798
0,0.0179347805678844,0,0.0648268088698387,0,0.0032984428107738,0,0.0014686937211081
0,0.006118488498032,0,0.0007422337075695,0,0.0001647032040636,0,6.705655687255785e-05
0,0.0116569651290774,0,0.009256605990231,0,0.0110507430508732,0,6.632835720665753e-06
0,0.1175788789987564,0,0.0834247842431068,0,0.0024484314490109,0,0.0004877941391896
0,0.3868201375007629,0,0.0639283135533332,0,0.0149954305961728,0,0.0101255597546696
0,0.0081351175904273,0,0.0004211326886434,0,0.002059816615656,0,1.039008202496916e-05
0,0.0077638491056859,0,0.0061951740644872,0,0.0010100525105372,0,3.513076444505714e-05
0,0.0075290622189641,0,0.0027850354090332,0,0.000853533449117,0,1.7809741621022113e-05
0,0.0013787787174805,0,0.0001916983455885,0,0.0006319598178379,0,4.438109317561612e-05
0,0.135040208697319,0,0.0870823264122009,0,0.0078307343646883,0,0.0051947007887065
0,0.0611877404153347,0,0.0815716609358787,0,0.0020655202679336,0,0.0006122370832599
0,0.0965173542499542,0,0.0268542170524597,0,0.0049761934205889,0,0.0015617507742717
0,0.6620194911956787,0,0.8296366333961487,0,0.1696823537349701,0,0.0340111665427684
0,0.0008800354553386,0,0.00181176350452,0,0.0028465467039495,0,1.0472250323800836e-05
0,0.0035286138299852,0,0.0005562084261327,0,0.000916710589081,0,0.0002337572950636
0,0.0111632561311125,0,0.0034916838631033,0,0.0020657198037952,0,0.0028458959423005
0,0.0060042985714972,0,0.0009350138134323,0,0.0019756508991122,0,0.0003688265569508
0,0.0058039487339556,0,0.0009068098152056,0,0.0011210750089958,0,5.079276888864115e-05
0,0.0067388168536126,0,0.0117312250658869,0,0.5915493369102478,0,0.0025625093840062
0,0.0062424573116004,0,0.0001040287606883,0,0.0028552561998367,0,4.087625347892754e-05
0,0.1242042481899261,0,0.1310385316610336,0,0.0245789345353841,0,0.0114576108753681
0,0.0103118177503347,0,0.0005330746644176,0,0.0196795649826526,0,0.0002050205803243
0,0.0081583438441157,0,0.0013863410567864,0,0.0856181383132934,0,0.0004490354040171
0,0.0149182640016078,0,0.0006907790666446,0,0.0007483744993805,0,6.094860873417929e-05
0,0.0106386439874768,0,0.0013957535848021,0,0.0004498380585573,0,8.11859717941843e-05
0,0.0005856764037162,0,0.0002335443132324,0,0.003003604710102,0,9.113379746850114e-06
0,0.0069677666760981,0,0.0004459033079911,0,0.0007983813993632,0,3.65208979928866e-05
0,0.0005218377336859,0,0.0002298932377016,0,0.002702455734834,0,4.2436208786966745e-06
0,0.0029183670412749,0,0.0040216566994786,0,0.0003201617801096,0,1.964986395819324e-08
0,0.0231382921338081,0,0.0010549547150731,0,0.0197041686624288,0,1.8987788280355744e-05
0,0.0127399638295173,0,0.0012543322518467,0,0.0030283720698207,0,6.232382293092087e-05
0,0.0020468749571591,0,0.0002853614569175,0,0.0020283898338675,0,5.349545972421765e-05
0,0.1004765331745147,0,0.0011800947831943,0,0.2388473451137542,0,0.0001542464015074
0,0.0795959457755088,0,0.0511467158794403,0,0.0318089239299297,0,0.0002372925082454
0,0.0013946321560069,0,0.0003113968414254,0,0.0013178669614717,0,5.698122549802065e-05
0,0.010635694488883,0,0.0006707844440825,0,0.0001071301157935,0,1.2796195733244533e-05
0,0.1481457352638244,0,0.2356347888708114,0,0.946740984916687,0,0.1926938742399215
0,0.0106727117672562,0,0.0036888583563268,0,0.0005606901831924,0,0.0024700015783309
0,0.0103441718965768,0,0.0042124106548726,0,0.0010704481974244,0,0.0001214581279782
0,0.0212327409535646,0,0.0002415937051409,0,0.0017196498811244,0,0.0002050600742222
0,0.0045793685130774,0,8.126575266942382e-05,0,0.000293152523227,0,2.173933899030089e-05
0,0.0016314579406753,0,0.0004251149075571,0,0.0001791881513781,0,3.953677151002921e-05
0,0.0151401599869132,0,0.008651016280055,0,0.0004075774049852,0,0.0014950586482882
0,0.0246325526386499,0,0.0011431593447923,0,0.0015232372097671,0,7.528997957706451e-05
0,0.0288735944777727,0,0.0002582251909188,0,0.0028208082076162,0,8.3818486018572e-05
0,0.1484325230121612,0,0.0134470537304878,0,0.0145046906545758,0,0.0028434488922357
0,0.2212036997079849,0,0.0046188253909349,0,0.0046915132552385,0,0.0014206845080479
0,0.4973556995391845,0,0.0040216702036559,0,0.0693706199526786,0,0.0013171228347346
0,0.0503410622477531,0,0.0055861701257526,0,0.0025587414857,0,0.0050852526910603
0,0.0456076264381408,0,0.092568539083004,0,0.3279653191566467,0,0.2938620448112488
0,0.0387179367244243,0,0.5539913773536682,0,0.4178605079650879,0,0.0247110072523355
0,0.0625348314642906,0,0.6038646697998047,0,0.373090535402298,0,0.0015435118693858
0,0.0181404259055852,0,0.0004331887757871,0,0.0107254385948181,0,0.0009759835666045
0,0.4064734578132629,0,0.1797687113285064,0,0.0163900200277566,0,0.0484599173069
0,0.0811624303460121,0,0.0035978751257061,0,0.0053682127036154,0,0.2330012768507003
0,0.0214294232428073,0,0.0014164303429424,0,0.0085295708850026,0,0.0028317444957792
0,0.3413495421409607,0,0.00166981597431,0,0.0033849137835204,0,0.0085046701133251
0,0.0111565059050917,0,0.0013953222660347,0,0.0052855066023766,0,2.083718754875008e-05
0,0.2331558465957641,0,0.1746518015861511,0,0.0382373072206974,0,0.0006920735468156
0,0.3219241499900818,0,0.0129105150699615,0,0.0223711710423231,0,0.0169432051479816
0,0.4162121713161468,0,0.6412286758422852,0,0.96271151304245,0,0.0029195493552833
0,0.0080382162705063,0,0.000196630047867,0,0.0031212961766868,0,2.087448228849098e-05
0,0.0039085047319531,0,0.0005077626556158,0,0.0007828387897461,0,0.0012819299008697
0,0.0087800761684775,0,0.0001898926129797,0,0.0006842630100436,0,2.8925531296408732e-05
0,0.0096367560327053,0,0.0003004324098583,0,0.0032756950240582,0,2.5108345653279684e-05
0,0.3400220274925232,0,0.858207643032074,0,0.9218847155570984,0,0.9424686431884766
0,0.4170307219028473,0,0.0810164660215377,0,0.9410465955734252,0,0.3129735291004181
0,0.5742753148078918,0,0.4957488477230072,0,0.9498846530914308,0,0.9495014548301696
0,0.0020369733683764,0,0.0021000336855649,0,0.0042530498467385,0,4.100235673831776e-05
0,0.0021323661785572,0,0.0065807625651359,0,0.002818354871124,0,7.267281762324274e-05
0,0.0021206713281571,0,0.0056685451418161,0,0.0024736593477427,0,0.0001134978301706
0,0.0902965664863586,0,0.3155186176300049,0,0.2267155051231384,0,0.7055531740188599
0,0.0319154784083366,0,0.0001581245596753,0,0.0023719265591353,0,0.000304281245917
0,0.0051246359944343,0,0.0038637747056782,0,0.0002772458537947,0,0.0001189375980175
0,0.0115415956825017,0,0.0008412014576606,0,0.0005298010655678,0,1.1032260772481097e-05
0,0.0363112762570381,0,0.0001379114837618,0,0.0024907651823014,0,0.0001016240203171
0,0.0007611368200741,0,0.0003252447640988,0,5.001745375921018e-05,0,1.8046224795398302e-05
0,0.0011000916128978,0,0.0003285858256276,0,0.0004301113658584,0,8.441720274277031e-05
0,0.015327432192862,0,0.0001367869845125,0,0.0047265854664146,0,0.0001415789301972
0,0.0004712559166364,0,0.000291417556582,0,0.0005117793916724,0,3.612229556892999e-05
0,0.0022919920738786,0,0.000158093360369,0,0.0005981486756354,0,5.518106991075911e-05
0,0.1747635155916214,0,0.1792491674423217,0,0.1221237182617187,0,0.0212048590183258
0,0.2158709317445755,0,0.0076649030670523,0,0.0081772059202194,0,0.0663162991404533
0,0.4224583208560943,0,0.0488142892718315,0,0.7651724815368652,0,0.0084040518850088
0,0.2756630480289459,0,0.3896320462226867,0,0.0050750360824167,0,0.2623641788959503
0,0.0182585045695304,0,0.0220737587660551,0,0.0041558691300451,0,0.0016886973753571
0,0.0419019237160682,0,0.0026231319643557,0,0.0009464834583923,0,0.0059161623939871
0,0.0906755328178405,0,0.8317956924438477,0,0.0058821002021431,0,0.839259922504425
0,0.0219665169715881,0,0.0009428662597201,0,0.0258699543774127,0,0.0008874108316376
0,0.0103056449443101,0,0.0021708409767597,0,0.0005506641464307,0,0.1954207271337509
0,0.0858222693204879,0,0.018771793693304,0,0.0026127519086003,0,0.1010745614767074
0,0.0018484436441212,0,0.0007986344280652,0,0.0015268770512193,0,0.01253317669034
0,0.002552741440013,0,0.0003118888707831,0,0.0001650416816119,0,3.055187562495121e-06
0,0.7307034730911255,0,0.7628058791160583,0,0.6364878416061401,0,0.0147982705384492
0,0.0481857024133205,0,0.0354482419788837,0,0.0011915938230231,0,0.0002541280409786
0,0.5547863841056824,0,0.2868717014789581,0,0.0351809784770011,0,0.2552276849746704
0,0.0404207669198513,0,0.2165466696023941,0,0.0020981070119887,0,0.0002820574445649
0,0.0021200447808951,0,0.0023359081242233,0,0.1719591617584228,0,0.0003285804996266
0,0.0110381282866001,0,0.0117992963641881,0,0.001272854860872,0,0.0002308577386429
0,0.0080993743613362,0,0.000870092480909,0,0.0008335193851962,0,5.369243444874883e-05
0,0.0675621777772903,0,0.0013158820802345,0,0.0031576696783304,0,0.0006045860936865
0,0.0308618303388357,0,0.000925198837649,0,0.0006448574713431,0,3.78769327653572e-05
0,0.0088453516364097,0,0.0013760803267359,0,0.0043903766199946,0,0.0004938367637805
0,0.0055832229554653,0,0.000407708925195,0,0.0002439039817545,0,1.130729833676014e-05
0,0.0038928636349737,0,0.0033841885160654,0,0.0094523895531892,0,0.0029702051542699
0,0.0012558605521917,0,0.0008582719019614,0,0.0019090207060799,0,4.072776937391609e-05
0,0.0021364570129662,0,0.0010276125976815,0,0.0033069031778723,0,0.0002003150002565
0,0.0073064086027443,0,0.0009843647712841,0,0.0048686116933822,0,0.0001603457058081
0,0.0011352185392752,0,0.0003320387331768,0,0.0028403652831912,0,7.710183126619086e-05
0,0.0043982206843793,0,0.002431204309687,0,0.037474650889635,0,3.8842554204165936e-05
0,0.0059617017395794,0,0.0485106669366359,0,0.006726530380547,0,1.616169720364269e-05
0,0.4849272966384887,0,0.1182688400149345,0,0.2542369067668915,0,0.0046072583645582
0,0.5403934121131897,0,0.8492861986160278,0,0.2212103307247162,0,0.0466574877500534
0,0.3889371156692505,0,0.8956959247589111,0,0.0823837518692016,0,0.0147316716611385
0,0.0079279784113168,0,0.0034927888773381,0,0.0682447105646133,0,0.0001439500047126
0,0.0061555616557598,0,0.0088737532496452,0,0.1120562478899955,0,0.0001760585437295
0,0.0078731449320912,0,0.0038933611940592,0,0.0354795642197132,0,4.865622395300306e-05
0,0.1001595556735992,0,0.1590263843536377,0,0.0007935253088362,0,0.0002142829180229
0,0.0031348774209618,0,0.0008468896267004,0,0.0055936127901077,0,1.861762575572357e-05
0,0.0023889271542429,0,0.0024801476392894,0,0.0016628481680527,0,0.0001134050035034
0,0.8883306980133057,0,0.9906224608421326,0,0.9667872786521912,0,0.8919979333877563
0,0.4947085678577423,0,0.8270039558410645,0,0.4615470170974731,0,0.0251182354986667
0,0.002091373084113,0,0.0014931585174053,0,0.0094474079087376,0,7.188644667621702e-05
0,0.0023459552321583,0,9.91841297945939e-05,0,0.0005863623227924,0,5.869757387699792e-06
0,0.046440701931715,0,0.0068024140782654,0,0.0014495247742161,0,2.298192703165114e-05
0,0.005313716828823,0,0.0001810961111914,0,0.0003204192325938,0,1.4154235941532534e-05
0,0.0019671190530061,0,0.0007768383948132,0,0.0045400410890579,0,2.6497718863538463e-05
0,0.0016248673200607,0,0.0002717423485592,0,0.0002122323057847,0,8.205067842936842e-07
0,0.0047474135644733,0,0.0001298517745453,0,0.0002439661038806,0,1.5939082004479133e-05
0,0.001507525332272,0,0.0003890784864779,0,0.0012038338463753,0,4.316848389862571e-06
0,0.0065539488568902,0,0.0001463211665395,0,0.0003981791087426,0,2.154890898964368e-05
0,0.0022555903997272,0,0.0010422380873933,0,0.0027290754951536,0,0.0001148245937656
0,0.0028923286590725,0,0.0007084439275786,0,0.0009725355776026,0,9.287632565246896e-07
0,0.4365127682685852,0,0.0067739393562078,0,0.0049634557217359,0,0.0636787936091423
0,0.0528171099722385,0,0.0140085583552718,0,0.0700243487954139,0,0.0001440164633095
0,0.0019658866804093,0,8.99889346328564e-05,0,0.0004726660263258,0,0.0002206299395766
0,0.0280024521052837,0,0.0091766957193613,0,0.0239227153360843,0,0.0001933814492076
0,0.0392398051917552,0,0.031542457640171,0,0.0336204469203949,0,6.59889992675744e-05
0,0.0553701519966125,0,0.0152044640854001,0,0.0634630173444747,0,0.0002515302039682
1,0.5195525884628296,1,0.9971020817756652,1,0.5170782804489136,1,0.0810720771551132
1,0.5258122086524963,1,0.0094440840184688,1,0.0017724412027746,1,0.0017669247463345
1,0.0298082735389471,1,0.0079446360468864,1,0.0446255803108215,1,0.010009435005486
1,0.0497824810445308,1,0.0226353649049997,1,0.0764831453561782,1,0.0004599543171934
1,0.0198433510959148,1,0.0034253252670168,1,0.0017403044039383,1,0.0003175012243445
1,0.9193271398544312,1,0.9999940395355223,1,0.9938555359840392,1,0.9999611377716064
1,0.993709921836853,1,0.9998794794082642,1,0.99880850315094,1,0.9999397993087769
1,0.0173987373709678,1,0.1084965988993644,1,0.0082004927098751,1,0.0034290954936295
1,0.0278714075684547,1,0.079085536301136,1,0.4766292870044708,1,0.0091441050171852
1,0.0455477759242057,1,0.0980665609240531,1,0.6782594323158264,1,0.2156075984239578
1,0.1420174390077591,1,0.0008309135446324,1,0.0012109031667932,1,0.0089864144101738
1,0.373961478471756,1,0.9362653493881226,1,0.1891331672668457,1,0.1431441903114318
1,0.8764030933380127,1,0.5402877926826477,1,0.8545146584510803,1,0.5785198211669922
1,0.5194671750068665,1,0.9741047024726868,1,0.7593905925750732,1,0.0465142279863357
1,0.9277522563934326,1,0.0103335697203874,1,0.9748177528381348,1,0.8482047319412231
1,0.1045361831784248,1,0.0024276750627905,1,0.0008405164116993,1,0.0009222710505127
1,0.0691505298018455,1,0.0372633971273899,1,0.0011320146732032,1,0.0776367112994194
1,0.0139657855033874,1,0.0115611413493752,1,0.0020582873839884,1,0.000134807662107
1,0.6438915729522705,1,0.4440813660621643,1,0.248861014842987,1,0.2493509501218795
1,0.8123398423194885,1,0.8909122347831726,1,0.0316064395010471,1,0.3665102124214172
1,0.8675522208213806,1,0.9991868138313292,1,0.922340452671051,1,0.1722740978002548
1,0.820311427116394,1,0.9921606183052064,1,0.1096806973218917,1,0.691730797290802
1,0.905928373336792,1,0.999937891960144,1,0.9336373209953308,1,0.5160114765167236
1,0.629499077796936,1,0.8528124094009399,1,0.9210277199745178,1,0.6183232069015503
1,0.6684995293617249,1,0.9157385230064392,1,0.8971513509750366,1,0.9458600878715516
1,0.6950443387031555,1,0.8032910823822021,1,0.9606775045394896,1,0.7870756983757019
0,0.0245385263115167,0,0.0880625769495964,0,0.2264539003372192,0,0.345355749130249
0,0.0706962645053863,0,0.2667865753173828,0,0.1187356859445571,0,0.0610193759202957
0,0.0244079437106847,0,0.0001692947989795,0,0.0059527587145566,0,0.0001300693838857
0,0.0167043525725603,0,0.0002998175041284,0,0.028317192569375,0,0.0001272283989237
0,0.0178555455058813,0,0.0006892751553095,0,0.0091969044879078,0,0.001347119687125
0,0.0321917012333869,0,0.0426298268139362,0,0.0243106056004762,0,0.0001137509170803
0,0.0116883758455514,0,0.0027885125018656,0,0.0016259815311059,0,0.0004072558367624
0,0.0009271238814108,0,0.0007016018498688,0,0.0004775979032274,0,8.995395546662621e-06
0,0.0301063153892755,0,0.0066548171453177,0,0.2828004360198974,0,2.264000613649841e-05
0,0.0100588388741016,0,0.0033607443328946,0,0.0006778130773454,0,0.0063008228316903
0,0.0071518002077937,0,0.0021334632765501,0,0.0018216704484075,0,0.010747043415904
0,0.0056003355421125,0,0.0005133293452672,0,0.0019172664033249,0,3.648201527539641e-05
0,0.003751118434593,0,0.0002997186093125,0,0.0006914887344464,0,1.401399731548736e-05
0,0.5434940457344055,0,0.9393300414085388,0,0.5305519104003906,0,0.9777889847755432
0,0.0026630370412021,0,0.0001468523114454,0,0.0025495430454611,0,2.096619391522836e-05
0,0.0004661970306187,0,0.0002191332168877,0,0.0077567179687321,0,0.0020682592876255
0,0.0232548918575048,0,0.0213531367480754,0,0.0021933047100901,0,0.2666780054569244
0,0.0071591236628592,0,0.0002668129454832,0,0.0004953484749421,0,0.0031977666076272
0,0.0300369784235954,0,0.0008405556436628,0,0.0048983138985931,0,0.0007254375959746
0,0.0810019969940185,0,0.1497272849082946,0,0.0119686005637049,0,0.1151976212859153
0,0.0112195340916514,0,0.0053990609012544,0,0.0031606880947947,0,0.0003727225994225
0,0.1405254006385803,0,0.0006532521802,0,0.0299806054681539,0,0.3631653189659118
0,0.3466352522373199,0,0.1328439563512802,0,0.0065239914692938,0,0.6296001076698303
0,0.0025761199649423,0,0.0007341099553741,0,0.0002833066391758,0,0.00011586684559
0,0.0326544754207134,0,0.000675781047903,0,0.0007104126852937,0,3.5760862374445423e-05
0,0.0025233330670744,0,0.0007872030255384,0,0.0011737272143363,0,0.0007462945650331
0,0.0025672747287899,0,0.0013909175759181,0,0.0003715768398251,0,0.0001266597246285
0,0.0233896449208259,0,0.0008489915635436,0,0.0007466975366696,0,6.644199311267585e-05
0,0.0151154669001698,0,0.0005139903514645,0,0.0006584507646039,0,2.4939341528806835e-05
0,0.0040323571301996,0,0.0023957141675055,0,0.0008111915667541,0,0.0001564818667247
0,0.560197651386261,0,0.7235807180404663,0,0.6364351511001587,0,0.0015435302630066
0,0.3707151114940643,0,0.867756724357605,0,0.8162438869476318,0,0.0020821413490921
0,0.5164533853530884,0,0.7865686416625977,0,0.0145464371889829,0,0.0148687195032835
0,0.801331639289856,0,0.6826807856559753,0,0.3964622318744659,0,0.0105737457051873
0,0.4064677357673645,0,0.8197814226150513,0,0.2402336150407791,0,0.0001707164483377
0,0.5320090651512146,0,0.1692044585943222,0,0.0743841305375099,0,0.0337065421044826
0,0.0016522909281775,0,0.0007698198314756,0,0.0016213060589507,0,6.267851131269708e-05
0,0.5381643176078796,0,0.1437037736177444,0,0.0039529222995042,0,0.1806216984987259
0,0.005287489388138,0,0.0002205361088272,0,0.0016581487143412,0,4.416366573423147e-05
0,0.3550824820995331,0,0.1328036040067672,0,0.0019270410994067,0,0.0138263385742902
0,0.0365157462656497,0,0.0040266313590109,0,0.001242697937414,0,0.0014207236235961
0,0.3185507357120514,0,0.0435776896774768,0,0.0047762733884155,0,0.0339758619666099
0,0.0064620934426784,0,0.0002370268048252,0,0.0020179371349513,0,7.599900527566206e-06
0,0.004009929485619,0,0.0002238801680505,0,0.0007050557760521,0,9.964266064343974e-05
0,0.002623138250783,0,0.0009536044672131,0,0.0002642050967551,0,7.84114163252525e-05
0,0.0064080646261572,0,0.0011119986884295,0,0.0010472119320183,0,1.5605297448928468e-05
0,0.0933271050453186,0,0.0088550634682178,0,0.000868200615514,0,0.0162671953439712
0,0.1363107711076736,0,0.2578900158405304,0,0.0038844356313347,0,0.0001976669300347
0,0.0205157976597547,0,0.0022483766078948,0,0.0115667982026934,0,0.0002675159776117
0,0.2279256880283355,0,0.0029951189644634,0,0.0081969294697046,0,0.0062223807908594
0,0.0152493743225932,0,0.0019527781987562,0,0.0311160925775766,0,6.423771264962852e-05
0,0.0162644404917955,0,0.0016819244483485,0,0.0092359920963644,0,0.0003718124644365
0,0.4794672727584839,0,0.2687746286392212,0,0.0385266877710819,0,0.0014874613843858
0,0.00736352102831,0,0.0115589015185832,0,0.004868394229561,0,0.000894293480087
0,0.0163431242108345,0,0.001278119510971,0,0.0002325029927305,0,9.452343510929496e-05
0,0.0185073930770158,0,0.0417226664721965,0,0.0003308840678073,0,0.0006211645668372
0,0.0047098966315388,0,0.0002339767088415,0,0.001426703413017,0,5.207565209275344e-06
0,0.7979058027267456,0,0.2198211699724197,0,0.0294733941555023,0,0.5343974232673645
0,0.0054919715039432,0,0.0020608627237379,0,0.0133289285004138,0,0.0021551821846514
0,0.0664802193641662,0,0.0041940147057175,0,0.0023541992995887,0,0.0002413485199213
0,0.0176600906997919,0,0.0185601841658353,0,0.0032133853528648,0,0.000537758518476
0,0.0037625799886882,0,0.0008662475738674,0,0.0003124900686088,0,8.142562728608027e-05
0,0.0241997372359037,0,0.0031958580948412,0,0.0009781253756955,0,0.0037170175928622
0,0.0015801897970959,0,0.0024124782066792,0,0.0003538583696354,0,2.1753297914983705e-05
0,0.0025822620373219,0,0.0054626641795039,0,0.0003250696172472,0,4.0385104512097314e-05
0,0.0013670548796653,0,0.0004192616324871,0,0.0003081332251895,0,2.3864376998972148e-05
0,0.0027176889125257,0,0.0020491632167249,0,0.0002331894065719,0,3.81346617359668e-05
0,0.0028558077756315,0,0.0004449875850696,0,0.0003164483641739,0,5.481687912833877e-05
0,0.0111361974850296,0,0.0075952946208417,0,0.0028657834045588,0,0.0002009361342061
0,0.0204187426716089,0,0.0005729909753426,0,0.0022352512460201,0,0.0017888484289869
0,0.0189568921923637,0,0.000746144214645,0,0.0007428567623719,0,2.9726474167546257e-05
0,0.0342342481017112,0,0.0002228644880233,0,0.0011105784215033,0,0.0539814233779907
0,0.0101723028346896,0,3.2724448828957975e-05,0,0.0004466762766242,0,0.0009968270314857
0,0.0890439450740814,0,7.785596244502813e-05,0,0.0005947788595221,0,0.0014882002724334
0,0.3011944890022278,0,0.0632269456982612,0,0.0057129799388349,0,0.1109786704182624
0,0.037112109363079,0,0.0006712966714985,0,0.0023235303815454,0,0.0001774897391442
0,0.7887171506881714,0,0.98520690202713,0,0.9137616753578186,0,0.8051710724830627
0,0.0011441741371527,0,0.0002218550944235,0,0.0002869232848752,0,0.0002223599440185
0,0.0015287618152797,0,9.435917309019716e-05,0,7.741442823316902e-05,0,9.793412800718215e-07
0,0.0004278938286006,0,4.702174919657409e-05,0,7.3919516580645e-05,0,2.627600042615086e-05
0,0.0008623875328339,0,0.000168592625414,0,0.0002700671320781,0,1.7554913938511163e-05
0,0.0007098963251337,0,0.00015509944933,0,0.0001965374540304,0,0.0001829490065574
0,0.0022968298289924,0,0.0001709901262074,0,0.0007812049007043,0,3.2404768717242405e-05
0,0.0136552220210433,0,0.0070444168522953,0,0.0807397961616516,0,0.0003048360813409
0,0.0065566292032599,0,0.0030575930140912,0,0.0224762763828039,0,0.0004253611550666
0,0.0067561892792582,0,0.0004700521822087,0,0.000551423348952,0,6.508605292765424e-05
0,0.0050564659759402,0,0.0013161490205675,0,0.0001537848293082,0,2.730541928031016e-05
0,0.662060558795929,0,0.3920848965644836,0,0.0388154201209545,0,0.0018185646040365
0,0.5314351916313171,0,0.4094424545764923,0,0.142967090010643,0,0.0130183016881346
0,0.0080743711441755,0,0.0004702906298916,0,0.0005253842100501,0,8.387478010263294e-05
0,0.0137635683640837,0,0.0006306343129836,0,0.0003429391654208,0,7.561483016615966e-06
0,0.0177307836711406,0,0.0179604217410087,0,0.0004744694742839,0,2.325280365766957e-05
0,0.0114718461409211,0,0.0415430292487144,0,0.0309164524078369,0,4.256518877809867e-05
0,0.0352362059056758,0,0.0009316187351942,0,0.0027521767187863,0,0.0002838476211763
0,0.008621035143733,0,0.0005713222199119,0,0.0062567191198468,0,3.487347566988319e-05
0,0.5904956459999084,0,0.6213719248771667,0,0.1107808202505111,0,0.9873347282409668
0,0.4675025641918182,0,0.929292380809784,0,0.4755271971225738,0,0.9711486101150512
0,0.6380763649940491,0,0.2314550280570984,0,0.7881550788879395,0,0.2922660410404205
0,0.0357617400586605,0,0.0047394158318638,0,0.1568252146244049,0,8.784887904766947e-05
0,0.0281547885388135,0,0.0002416865318082,0,0.0005267433589324,0,4.552206883090548e-05
0,0.0272328425198793,0,0.0001146248323493,0,0.0035639579873532,0,8.283716306323186e-05
0,0.011942402459681,0,0.0006390017224475,0,0.0002767034457065,0,3.292695328127593e-05
0,0.0076916604302823,0,0.0006164660444483,0,2.3226251869346012e-05,0,8.432941831415519e-05
0,0.0059496047906577,0,0.0005321501521393,0,0.0012943329056724,0,0.0001537113857921
0,0.0095413532108068,0,0.0003054956905543,0,0.0009358319803141,0,0.0001015242596622
0,0.0585250556468963,0,0.0010389507515355,0,0.0010812954278662,0,0.0003077867731917
0,0.0022567133419215,0,0.0029578383546322,0,0.0025969615671783,0,0.0094204572960734
0,0.1660347580909729,0,0.034324824810028,0,0.0013451051199808,0,0.2565429806709289
0,0.0022671539336442,0,0.0003520920290611,0,0.00276476633735,0,5.154194514034316e-05
0,0.0271998364478349,0,0.0007024311344139,0,0.0013207655865699,0,0.0184112023562192
0,0.0019533713348209,0,0.0003699807275552,0,0.0072934431955218,0,2.977311669383198e-05
0,0.7205419540405273,0,0.0168418660759925,0,0.7011421322822571,0,0.6515687108039856
0,0.0117490347474813,0,0.002314313314855,0,0.0021810252219438,0,0.0002785063697956
0,0.0088015645742416,0,0.0011294106952846,0,0.0025832005776464,0,0.0001444719964638
0,0.0061768610030412,0,0.0003989947144873,0,0.0069815353490412,0,0.0002281509514432
0,0.0041091991588473,0,0.0019768415950238,0,0.0022778550628572,0,0.0005381982191465
0,0.7297319769859314,0,0.7656937837600708,0,0.4836485683917999,0,0.9283047318458556
0,0.0018687084084376,0,0.0004719837452284,0,0.0011950123589485,0,5.852665344718844e-05
0,0.002960568992421,0,0.0008567614713683,0,0.0066614178940653,0,6.991328700678423e-05
0,0.0055267456918954,0,0.000755805929657,0,0.0077550928108394,0,0.0004412104317452
0,0.6714959740638733,0,0.2947579324245453,0,0.8791577219963074,0,0.9535402059555054
0,0.0252634659409523,0,0.0007899713818915,0,0.0013032803544774,0,4.950302172801457e-05
0,0.0269641429185867,0,0.0004548740689642,0,0.0032554375939071,0,2.6132858693017624e-05
0,0.0149535676464438,0,0.0006237571360543,0,0.0027466998435556,0,0.0001074981992132
0,0.2570525407791137,0,0.3311900198459625,0,0.3608966469764709,0,0.024414213374257
0,0.1374053657054901,0,0.1298007667064666,0,0.0167707726359367,0,0.0083369612693786
0,0.0085153244435787,0,0.0001308875653194,0,0.0007850171532481,0,4.666972381528467e-05
0,0.0037457798607647,0,0.0013352495152503,0,0.000475962733617,0,8.469663043797482e-06
0,0.0913510173559188,0,0.036795474588871,0,0.010524496436119,0,0.91900634765625
0,0.0093804197385907,0,0.0016671386547386,0,0.0053027900867164,0,0.0002061980194412
0,0.0469545349478721,0,0.1479050368070602,0,0.0293608289211988,0,0.4177251756191253
0,0.0631947368383407,0,0.1230277121067047,0,0.008020032197237,0,0.0683187171816825
0,0.5452340245246887,0,0.0146041586995124,0,0.7395946979522705,0,0.3586475253105163
0,0.9531474709510804,0,0.9953017234802246,0,0.9809330701828004,0,0.9994885921478271
0,0.8181429505348206,0,0.9210047721862792,0,0.2144320905208587,0,0.0031417636200785
0,0.5184965133666992,0,0.7287780046463013,0,0.1566478163003921,0,0.3508567214012146
0,0.002152199158445,0,0.0001708115305518,0,0.0002606691268738,0,1.1583324521780014e-05
0,0.0109974713996052,0,0.0001303641765844,0,0.0010916787432506,0,3.574371294234879e-05
0,0.4898895621299743,0,0.2764792144298553,0,0.6346394419670105,0,0.0682816356420517
0,0.7332288026809692,0,0.8465971946716309,0,0.7496941089630127,0,0.0976848974823951
0,0.0002598341670818,0,6.52037124382332e-05,0,6.105209467932582e-05,0,2.646830580488313e-06
0,0.0544934459030628,0,0.0002931150665972,0,0.0006600287160836,0,0.0001094338367693
0,0.004552808124572,0,0.0064343977719545,0,0.0001724355388432,0,0.0001327154168393
0,0.0009528569644317,0,0.0003951041144318,0,0.0001502322556916,0,2.3617934857611544e-05
0,0.0046881041489541,0,0.0002085606829496,0,0.0012059388682246,0,2.052674608421512e-05
0,0.0015444778837263,0,0.0008061274420469,0,0.0002461436670273,0,2.315748861292377e-05
0,0.1646643728017807,0,0.0825066491961479,0,0.0143868243321776,0,0.0002310530835529
0,0.0005765081732533,0,0.000713829009328,0,8.275543950730935e-05,0,2.4702985683688894e-06
0,0.3524338006973266,0,0.9670389890670776,0,0.0203707087785005,0,0.0262972339987754
0,0.4145410060882568,0,0.3411837220191955,0,0.6105639338493347,0,0.0457740537822246
0,0.8430809378623962,0,0.9607852101325988,0,0.8993014097213745,0,0.0026862882077693
0,0.4247684776782989,0,0.9504354596138,0,0.0624133050441741,0,0.7240653038024902
0,0.4078779816627502,0,0.7365488409996033,0,0.8862672448158264,0,0.0001020473137032
0,0.1679646372795105,0,0.9501373767852784,0,0.0060792476870119,0,0.0137865766882896
0,0.3720216453075409,0,0.9402107000350952,0,0.8114747405052185,0,0.0055786720477044
0,0.4899962246417999,0,0.9316546320915222,0,0.6905000805854797,0,0.7875089645385742
0,0.309842586517334,0,0.9835469722747804,0,0.1385204195976257,0,0.0138276303187012
0,0.0127032632008194,0,0.0015222880756482,0,0.003747901879251,0,1.8273578461958092e-05
0,0.0111069306731224,0,0.0003825757303275,0,0.0029252977110445,0,0.0001081241789506
0,0.0124050537124276,0,0.0143178990110754,0,0.004226800519973,0,0.0008429217850789
0,0.0062379329465329,0,8.97284407983534e-05,0,0.0004758912837132,0,2.202556424890645e-05
0,0.6488367319107056,0,0.9081233739852904,0,0.0135562941431999,0,0.0126530891284346
0,0.6663147211074829,0,0.6233415603637695,0,0.0020272252149879,0,0.0293577034026384
0,0.4910922646522522,0,0.1827951967716217,0,0.0034363395534455,0,0.6487478017807007
0,0.5661115646362305,0,0.043224886059761,0,0.023078354075551,0,0.506145715713501
0,0.6935281157493591,0,0.7004930973052979,0,0.9469478130340576,0,0.8355785012245178
0,0.1890876442193985,0,0.857492983341217,0,0.5575454235076904,0,0.1928708553314209
0,0.4291310012340545,0,0.939910054206848,0,0.6301146745681763,0,0.5221981406211853
0,0.0175319090485572,0,8.270786929642782e-05,0,0.0009772405028343,0,0.0004023116489406
0,0.0128419743850827,0,0.003409249940887,0,0.0005198520957492,0,0.0001184167922474
0,0.0590700730681419,0,0.0126272263005375,0,0.0008092873031273,0,0.0003469592484179
0,0.003127988660708,0,0.0001849280233727,0,0.0007774963160045,0,0.0005290315602906
0,0.0078370310366153,0,0.0052509475499391,0,0.0009058322757482,0,0.0311692729592323
0,0.0358487330377101,0,0.004179214593023,0,0.001357301720418,0,0.0007275641546584
0,0.0075097917579114,0,0.0002817368076648,0,0.0017145852325484,0,0.0043865474872291
0,0.0166172236204147,0,0.0017830957658588,0,0.0022307380568236,0,0.0016204686835408
0,0.0161354076117277,0,0.0004761090967804,0,0.0018911553779616,0,0.0041714506223797
0,0.0048848586156964,0,0.0008567500044591,0,0.0002036385121755,0,1.9710898413904943e-05
0,0.0044548609293997,0,0.0018326542340219,0,0.0004262434085831,0,5.643369513563812e-05
0,0.007715992629528,0,0.01369300018996,0,0.0003233412280678,0,5.476520982483635e-06
0,0.0115691479295492,0,0.0009289887384511,0,0.0011279350146651,0,0.0005227472283877
0,0.0016804040642455,0,0.0001069322170224,0,0.0007492925506085,0,2.2569860448129475e-05
0,0.0008068117895163,0,0.0002579798456281,0,0.0009002129663713,0,5.138793494552374e-05
0,0.0010279983980581,0,0.0006503750337287,0,0.0037719446700066,0,2.0876532289548777e-05
0,0.0506815239787101,0,0.6382943987846375,0,0.0071887117810547,0,0.0008475185022689
0,0.1175004318356514,0,0.0098998583853244,0,0.0295844171196222,0,0.002862449735403
0,0.0403996147215366,0,0.8464009761810303,0,0.0965862199664115,0,0.0183412116020917
0,0.1079496443271637,0,0.0048834634944796,0,0.074283629655838,0,0.0334269478917121
0,0.0053913695737719,0,0.0025711467023938,0,0.0018943587783724,0,5.436754508991726e-05
0,0.0439646244049072,0,0.0004343101172707,0,0.0148596558719873,0,0.0009780504042282
0,0.0049625607207417,0,0.0005359036149457,0,0.0003800245467573,0,1.4066283256397584e-05
0,0.0152986524626612,0,0.0019085130188614,0,0.0224518664181232,0,0.0002939422847703
0,0.0040556951425969,0,0.0002638479054439,0,0.0010349720250815,0,2.404425322310999e-05
0,0.0145213035866618,0,0.0007907414692454,0,0.008461826480925,0,0.000555959821213
0,0.0021225509699434,0,0.0001165027933893,0,0.0007786449277773,0,9.22467079362832e-05
0,0.0244483314454555,0,0.0017047970322892,0,0.0102145057171583,0,2.9627164622070268e-05
0,0.0049140979535877,0,0.0007772567332722,0,0.0017569871852174,0,0.0015819931868463
0,0.0017908572917804,0,3.973081402364187e-05,0,0.0003375976521056,0,0.0008295872830785
0,0.023043880239129,0,0.0003882214950863,0,0.003090395592153,0,3.613083754316904e-05
0,0.0057482351548969,0,0.0001458258630009,0,0.0007981304079294,0,1.651991806284059e-05
0,0.0325608476996421,0,0.002274501370266,0,0.0026838239282369,0,8.390734001295641e-05
0,0.0029777493327856,0,9.71103145275265e-05,0,0.0053193103522062,0,0.0007956241606734
0,0.0008522607968188,0,7.492514123441651e-05,0,0.0193032789975404,0,0.0006659819046035
0,0.0007287046755664,0,0.0003117078158538,0,0.0044833356514573,0,0.0006707882857881
0,0.0129285082221031,0,0.0002609590592328,0,0.0043457332067191,0,0.0003560918557923
0,0.0050146747380495,0,0.0004862961941398,0,0.0007700168644078,0,1.356198663415853e-05
0,0.0067618265748023,0,0.0001897722395369,0,0.0010225133737549,0,3.921477764379233e-05
0,0.9014584422111512,0,0.958904504776001,0,0.1411516815423965,0,0.1775927245616912
0,0.9262319803237916,0,0.9941976070404052,0,0.8677554130554199,0,0.5394831895828247
0,0.8497046232223511,0,0.9974404573440552,0,0.4021028876304626,0,0.8145810961723328
0,0.0056023327633738,0,0.0085758510977029,0,0.0027579055167734,0,0.0004299478314351
0,0.0403234176337718,0,0.4649298191070556,0,0.0058711324818432,0,0.0018097619758918
0,0.0416023768484592,0,0.0062405974604189,0,0.0030577385332435,0,0.2211729288101196
0,0.0379065349698066,0,0.0019302139990031,0,0.0011676396243274,0,0.000270858494332
0,0.0233433488756418,0,0.0008144361199811,0,0.0152261042967438,0,0.0001815802388591
0,0.0702958703041076,0,0.1963662952184677,0,0.004019440151751,0,0.1605433374643325
0,0.0150713184848427,0,0.0020944662392139,0,0.0022250143811106,0,0.0003673002065625
0,0.0423913225531578,0,0.0049689318984746,0,0.0233520530164241,0,0.0007743974565528
0,0.0741140022873878,0,0.5047622323036194,0,0.0039897137321531,0,0.0118912272155284
0,0.5534608364105225,0,0.1159503608942031,0,0.8408896923065186,0,0.0002553621307015
0,0.0171131733804941,0,0.00458356551826,0,0.019623152911663,0,0.0004022508801426
0,0.0018473794916644,0,9.509255323791876e-05,0,8.986108150565997e-05,0,1.1534303666849157e-05
0,0.0086988341063261,0,0.0078846104443073,0,0.0054547297768294,0,0.0011682359036058
0,0.0050024641677737,0,0.0008098523830994,0,0.0004932910087518,0,1.1071860171796288e-05
0,0.012412036769092,0,0.0028357168193906,0,0.0237980466336011,0,0.000439572148025
0,0.0021862823050469,0,0.0001635499938856,0,0.0001998274092329,0,2.070641130558215e-06
0,0.0007928307168185,0,0.0007302621961571,0,0.000583202287089,0,7.735966937616467e-05
0,0.001001224736683,0,0.0001273775706067,0,0.0001442578068235,0,1.2282831448828802e-05
0,0.000743824057281,0,0.0002913733769673,0,0.0003272278117947,0,0.0001297955750487
0,0.0039672092534601,0,0.0003970486286561,0,0.0002266382798552,0,2.2117716071079485e-05
0,0.4350691437721252,0,0.3264350295066833,0,0.0962312370538711,0,0.0003806157037615
0,0.732647180557251,0,0.0942748263478279,0,0.0115042058750987,0,0.8752040863037109
0,0.5058061480522156,0,0.1941066682338714,0,0.0390210226178169,0,0.2022187113761901
0,0.8143802881240845,0,0.9725072979927064,0,0.7106513977050781,0,0.0094487462192773
0,0.7236717939376831,0,0.5290324687957764,0,0.576739490032196,0,0.9907037615776062
0,0.4142396450042724,0,0.4426801800727844,0,0.0375913716852664,0,0.5663556456565857
0,0.6157113909721375,0,0.9783821105957032,0,0.3928553164005279,0,0.2014330327510833
0,0.0082664117217063,0,0.0002778388443402,0,0.0010469855042174,0,2.3511565814260398e-06
0,0.6945952773094177,0,0.7992256879806519,0,0.9215564131736756,0,0.9933653473854064
0,0.5961681604385376,0,0.2235221117734909,0,0.0581619255244731,0,0.3173345625400543
0,0.3581457734107971,0,0.957160234451294,0,0.661525547504425,0,0.0207497105002403
0,0.008088394999504,0,0.0002596392587292,0,0.0009682032978162,0,1.4131846000964288e-05
0,0.0240177661180496,0,0.8955795764923096,0,0.0638190135359764,0,0.1011663824319839
0,0.0171335358172655,0,0.0135607067495584,0,0.0005129383062012,0,0.0001130418022512
1,0.3157422244548797,1,0.0677795186638832,1,0.4954783022403717,1,0.3898631334304809
1,0.728006899356842,1,0.9911196827888488,1,0.2511294782161712,1,0.0194733794778585
1,0.5922369956970215,1,0.8063894510269165,1,0.2126301825046539,1,0.0156807824969291
1,0.8476046919822693,1,0.993124783039093,1,0.8625808954238892,1,0.0630537047982215
1,0.6950317025184631,1,0.9369828701019288,1,0.1559143215417862,1,0.8576593995094299
1,0.9477190375328064,1,0.9982981085777284,1,0.9983537197113036,1,0.9993000030517578
1,0.8001744747161865,1,0.6493433117866516,1,0.7768902778625488,1,0.8295478224754333
1,0.9063326716423036,1,0.9813676476478576,1,0.9198024868965148,1,0.976959466934204
1,0.9865409731864928,1,0.7975105047225952,1,0.211700439453125,1,0.2619119584560394
1,0.2822096943855285,1,0.9747066497802734,1,0.9904620051383972,1,0.2298478186130523
1,0.3578770458698272,1,0.0111304428428411,1,0.0020951589103788,1,0.0003479647566564
1,0.8251214623451233,1,0.9374017715454102,1,0.9452850818634032,1,0.9094708561897278
1,0.2121392041444778,1,0.0170483868569135,1,0.1440878212451934,1,0.0009824155131354
1,0.5691646933555603,1,0.9446563720703124,1,0.3408068716526031,1,0.0036472671199589
1,0.8714202642440796,1,0.9945376515388488,1,0.0864166244864463,1,0.136084109544754
1,0.8949045538902283,1,0.9903218150138856,1,0.1251145154237747,1,0.7741667032241821
1,0.3252405226230621,1,0.0868336781859397,1,0.0166362076997756,1,0.0269849933683872
1,0.3574599921703338,1,0.8117384910583496,1,0.9818286895751952,1,0.7909034490585327
1,0.929247796535492,1,0.9857717156410216,1,0.7323682308197021,1,0.9564424753189088
1,0.8030772805213928,1,0.995918333530426,1,0.9170724749565125,1,0.984208047389984
1,0.7473262548446655,1,0.7744517922401428,1,0.5594888925552368,1,0.9028236865997314
1,0.8743011355400085,1,0.7878885269165039,1,0.8760992288589478,1,0.8008701801300049
1,0.005831180140376,1,0.0093579459935426,1,0.1766624450683593,1,0.0014183679595589
1,0.806189775466919,1,0.2784537076950073,1,0.4022732973098755,1,0.0268372148275375
1,0.7678231596946716,1,0.9851940274238586,1,0.9173460006713868,1,0.9825451374053956
1,0.0736166909337043,1,0.1887344866991043,1,0.0982104763388633,1,0.1628547459840774
1,0.9667883515357972,1,0.9989733695983888,1,0.9997394680976868,1,0.9991076588630676
0,0.1929085403680801,0,0.9041369557380676,0,0.1531690657138824,0,0.0063386876136064
0,0.0243429895490407,0,0.2003255784511566,0,0.0100697642192244,0,0.0007821355829946
0,0.0056560719385743,0,7.085292600095272e-05,0,0.0002379690267844,0,0.0001807634835131
0,0.0285765025764703,0,0.0004713154048658,0,0.0003083289484493,0,0.0005995322135277
0,0.0031577700283378,0,0.0011372560402378,0,0.0018797913799062,0,1.910405080707278e-05
0,0.8905971050262451,0,0.2187331318855285,0,0.8639581799507141,0,0.9929953217506408
0,0.0021213816944509,0,0.0004331739328335,0,0.0053670518100261,0,3.274801929364912e-05
0,0.9218376278877258,0,0.0440149568021297,0,0.7090078592300415,0,0.9983946681022644
0,0.0194088537245988,0,0.0006661627558059,0,0.0113821979612112,0,0.0006280835950747
0,0.0035713862162083,0,0.0009804728906601,0,0.0020818363409489,0,8.541822899132967e-05
0,0.0216204598546028,0,0.0012622229987755,0,0.012920138426125,0,0.0013237370876595
0,0.0277364421635866,0,0.0115906298160552,0,0.0084402896463871,0,4.3884647311642766e-05
0,0.4166274666786194,0,0.92553973197937,0,0.5997610092163086,0,0.0056950338184833
0,0.0147198494523763,0,0.0015929926885291,0,0.0017731265397742,0,0.0696801394224166
0,0.0292564053088426,0,0.2199299335479736,0,0.0432061739265918,0,0.0001630683545954
0,0.0788276717066764,0,0.008285311050713,0,0.0653836280107498,0,0.0011078823590651
0,0.0344885103404521,0,0.0160774122923612,0,0.0134527739137411,0,0.0025306418538093
0,0.0234750565141439,0,0.0084082968533039,0,0.0076217651367187,0,0.0016023193020373
0,0.0496632046997547,0,0.0074901990592479,0,0.0183964725583791,0,8.431334572378546e-05
0,0.0567973889410495,0,0.2019341140985489,0,0.0252227056771516,0,0.0001123775873566
0,0.7265095710754395,0,0.0215152371674776,0,0.1387434899806976,0,0.4055050313472748
0,0.5552343130111694,0,0.7214959263801575,0,0.3053035736083984,0,0.7261072993278503
0,0.6086493730545044,0,0.9933607578277588,0,0.1799633800983429,0,0.0381614416837692
0,0.0127290533855557,0,0.0010010269470512,0,0.0012165230000391,0,0.0001371984690194
0,0.042827483266592,0,0.5811133980751038,0,0.0039321039803326,0,0.0007360068848356
0,0.2071669399738311,0,0.7639768719673157,0,0.0029046405106782,0,6.075826604501344e-05
0,0.1266636699438095,0,0.0089147109538316,0,0.0059349164366722,0,0.0009321077959612
0,0.0188149884343147,0,0.238192930817604,0,0.2365762591361999,0,0.2278798669576645
0,0.5173501372337341,0,0.8802316188812256,0,0.0137927439063787,0,0.0410237461328506
0,0.0075583392754197,0,0.0040079550817608,0,0.000171449049958,0,9.075167326955125e-06
0,0.0137385269626975,0,0.0001857852184912,0,0.00075141194975,0,0.0001488152047386
0,0.0110371233895421,0,0.0047841202467679,0,0.000995660549961,0,4.816966611542739e-05
0,0.0060054967179894,0,0.0009638567571528,0,0.0010314765386283,0,5.800862345495261e-05
0,0.0408669710159301,0,0.0775582939386367,0,0.0115083549171686,0,0.0027004207950085
0,0.0039975279942154,0,0.0013230111217126,0,0.0001627001038286,0,4.252192866260884e-06
0,0.0035664855968207,0,0.0014015310443937,0,0.0003276711213402,0,2.590320036688354e-05
0,0.0020025183912366,0,0.0012402500724419,0,0.00055748433806,0,9.784248686628416e-05
0,0.0057112122885882,0,0.0031098644249141,0,0.0003269627632107,0,0.0001918219641083
0,0.0159241445362567,0,0.0055903070606291,0,0.0026277308352291,0,0.0008618613355793
0,0.0029221035074442,0,0.0008838964276947,0,0.000619986676611,0,1.461600186303258e-05
0,0.0462964996695518,0,0.0065639480017125,0,0.0006474084802903,0,2.8494409889390222e-06
0,0.0108271725475788,0,0.0019064866937696,0,0.0009790760232135,0,7.502666267100722e-05
0,0.0200040582567453,0,0.0093193715438246,0,0.0021352495532482,0,0.0005549901397898
0,0.0369266457855701,0,0.0026957993395626,0,0.0108793107792735,0,0.0004894533776678
0,0.0012676252517849,0,0.0003115512663498,0,0.0002539299021009,0,4.80823609905201e-06
0,0.0148102045059204,0,0.00174637127202,0,0.0005858193617314,0,3.227320576115744e-06
0,0.0148054603487253,0,0.0112153496593236,0,0.00138492253609,0,1.6284602679661475e-05
0,0.3957618474960327,0,0.7232638597488403,0,0.2327679246664047,0,0.0894010365009307
0,0.0070835622027516,0,0.0171963851898908,0,0.0015107996296137,0,0.0001890254789032
0,0.0065841893665492,0,0.0045083970762789,0,0.0196865852922201,0,0.0006189416744746
0,0.0317313820123672,0,0.0503690280020237,0,0.0084986733272671,0,0.0001107553471229
0,0.001800343976356,0,0.0069655599072575,0,0.0011721043847501,0,5.504741784534417e-05
0,0.0121017256751656,0,0.0007190157775767,0,0.0102684954181313,0,0.0005029432941228
0,0.0181467346847057,0,0.0014544976875185,0,0.0557963326573371,0,0.0027743817772716
0,0.0238896198570728,0,0.0034884565975517,0,0.0029709490481764,0,0.0002735732123255
0,0.0312605760991573,0,0.0027638121973723,0,0.0034881765022873,0,0.0006627596449106
0,0.0467843264341354,0,0.0260722152888774,0,0.0007740602595731,0,0.0002752644068095
0,0.0037282949779182,0,0.0003213825984857,0,7.105246186256409e-05,0,9.255145414499566e-06
0,0.0015770205063745,0,0.0002173903631046,0,7.944449316710234e-05,0,1.4030486454430502e-05
0,0.0007412285194732,0,0.0008516446687281,0,0.0010284406598657,0,0.0002320620405953
0,0.0008198641007766,0,0.0003353120700921,0,0.0002187835489166,0,0.0001234530645888
0,0.0038459456991404,0,0.0001690160861471,0,0.0004813121340703,0,0.0002003558911383
0,0.031123150140047,0,0.0200187861919403,0,0.0022947697434574,0,0.0028342488221824
0,0.0006551048136316,0,0.0005574511014856,0,0.0001837379531934,0,0.0001782099570846
0,0.0020448199938982,0,0.0001380709582008,0,0.0006421632133424,0,4.910169809591025e-05
0,0.002287154784426,0,4.347870708443224e-05,0,0.0004967927816323,0,3.532074970280519e-07
0,0.0031456549186259,0,0.0003623543889261,0,0.0010534949833527,0,1.8139035091735423e-05
0,0.001918370835483,0,0.0001763443433446,0,0.0004685770254582,0,4.724284008261748e-05
0,0.0030292444862425,0,0.0004206487501505,0,0.0012076458660885,0,1.0362660759710708e-05
0,0.0008390197181142,0,0.0006170971901156,0,0.0006545702926814,0,7.723274757154286e-05
0,0.5927714109420776,0,0.828216016292572,0,0.8696819543838501,0,0.6815940141677856
0,0.0021143076010048,0,0.0005076610250398,0,0.0006019670399837,0,0.0002143209276255
0,0.0047186580486595,0,0.0004776368441525,0,0.0010588589357212,0,3.363202267792076e-05
0,0.0055690640583634,0,0.6583653092384338,0,0.0058816010132431,0,0.0065522110089659
0,0.0057654893025755,0,0.7460123896598816,0,0.0016786050982773,0,0.709076464176178
0,0.0048528877086937,0,0.0005657341098412,0,0.0004057480255141,0,2.401182609901298e-05
0,0.271975040435791,0,0.6647746562957764,0,0.7005402445793152,0,0.0166654624044895
0,0.2997784614562988,0,0.4091723561286926,0,0.0365623272955417,0,0.0062444186769425
0,0.1113200262188911,0,0.430770605802536,0,0.0292869731783866,0,0.0005883067497052
0,0.1406165361404419,0,0.5740218162536621,0,0.0229611750692129,0,0.0108769610524177
0,0.0252009369432926,0,0.900712251663208,0,0.6300753951072693,0,0.0013268843758851
0,0.0642135366797447,0,0.1060132905840873,0,0.0104640442878007,0,0.0046865800395607
0,0.0093612391501665,0,0.00103987660259,0,0.0003434397513046,0,4.735254606202943e-06
0,0.0124419350177049,0,0.0027527618221938,0,0.0025052141863852,0,0.0001353850384475
0,0.0124969240278005,0,0.0158288162201643,0,0.0049635781906545,0,2.79150244750781e-05
0,0.1362565606832504,0,0.3543364405632019,0,0.4669994413852691,0,0.002437463030219
0,0.0041247028857469,0,0.0009895736584439,0,0.0047813649289309,0,0.0001353179104626
0,0.0813054889440536,0,0.0537799857556819,0,0.1887883991003036,0,0.0007689287303946
0,0.0609791092574596,0,0.7556558847427368,0,0.0169759728014469,0,0.0019627194851636
0,0.0066309822723269,0,0.0004373744595795,0,0.0006540482863783,0,1.6686217350070365e-05
0,0.0311848539859056,0,8.199904550565407e-05,0,0.0016541003715246,0,0.0003085436183027
0,0.0063674342818558,0,0.0008037435472942,0,0.0007003946229815,0,9.646609396440908e-05
0,0.021478846669197,0,0.0011302889324724,0,0.0047245156019926,0,0.0002638471487443
0,0.0110872071236372,0,0.0172865949571132,0,0.0028825921472162,0,0.0002799604844767
0,0.0009648623527027,0,0.0003444040485192,0,0.0001661715068621,0,7.80368791311048e-05
0,0.0100682014599442,0,0.0052027567289769,0,0.0012577298330143,0,0.000292518758215
0,0.3913670480251312,0,0.1173854693770408,0,0.9433663487434388,0,0.1003305241465568
0,0.0163786392658948,0,0.0002491880732122,0,0.0006171433487907,0,1.4697140613861848e-05
0,0.1123726665973663,0,0.0005873353220522,0,0.0074442951008677,0,0.0001160076935775
0,0.0220328494906425,0,0.0078292191028594,0,0.0093800639733672,0,0.0138646261766552
0,0.0144122224301099,0,0.0052634007297456,0,0.0020915928762406,0,0.0808125585317611
0,0.0097971940413117,0,0.0015721402596682,0,0.0001037057663779,0,0.0005404399707913
0,0.0143528543412685,0,0.0011069835163652,0,0.0194647591561079,0,0.0030567485373467
0,0.0142587730661034,0,0.0208669397979974,0,0.0105599854141473,0,0.0002838113578036
0,0.0398507341742515,0,0.005239465739578,0,0.0009134022984653,0,0.0002243921917397
0,0.0334517136216163,0,0.0019077954348176,0,0.0055829770863056,0,0.0024644332006573
0,0.0449322164058685,0,0.0067279012873768,0,0.0006628581322729,0,0.0009330870816484
0,0.0163468345999717,0,0.0061863842420279,0,0.0123118916526436,0,0.0001141534085036
0,0.0636501088738441,0,0.0022718182299286,0,0.0012644990347325,0,0.0005771673750132
0,0.1914960592985153,0,0.3810024857521057,0,0.006136689800769,0,0.0021271593868732
0,0.0586294643580913,0,0.0069793174043297,0,0.0131376134231686,0,0.0001105234550777
0,0.0014638430438935,0,0.0011825395049527,0,0.1275355964899063,0,0.0005644785705953
0,0.0165401641279459,0,0.00083072547568,0,0.0437486059963703,0,0.0008632684475742
0,0.0009380172123201,0,0.0006065764464437,0,0.0550815798342227,0,0.0004899738705717
0,0.0172534212470054,0,0.0008845068514347,0,0.0591760985553264,0,0.0002926799934357
0,0.0008768113330006,0,0.0003333067288622,0,0.0052685709670186,0,0.0003068644437007
0,0.0108666494488716,0,0.0047655282542109,0,0.0200171023607254,0,0.0442007221281528
0,0.0006845368770882,0,7.985311822267249e-05,0,0.0004391661204863,0,1.2436472388799302e-05
0,0.0079402737319469,0,0.0096869580447673,0,0.0013432923005893,0,6.516187568195164e-05
0,0.0052345963194966,0,0.00047432561405,0,0.0035456034820526,0,0.0043191332370042
0,0.0009210162097588,0,0.0001813999406294,0,0.0004280405119061,0,2.9214230380603112e-05
0,0.0077876108698546,0,0.0008404723485,0,0.0025887424126267,0,0.0028505139052867
0,0.0011251620016992,0,0.0002526825119275,0,0.0012055276893079,0,2.080418744299095e-05
0,0.0005903544370085,0,7.898311014287174e-05,0,0.0004891238640993,0,1.4500090401270429e-05
0,0.034267246723175,0,0.0035882315132766,0,0.0040682260878384,0,0.0008210437954403
0,0.0256887748837471,0,0.0034400585573166,0,0.0014373632147908,0,0.0011322604259476
0,0.0368624925613403,0,0.0036759895738214,0,0.0009797132806852,0,7.485472451662645e-05
0,0.000802582828328,0,0.0001083476381609,0,5.9465943195391446e-05,0,4.25309845013544e-05
0,0.0324001125991344,0,0.006816261447966,0,0.00112692755647,0,0.0006958644953556
0,0.0214006304740905,0,0.007209968753159,0,0.0067933248355984,0,0.0008817993802949
0,0.0368747822940349,0,0.0056364703923463,0,0.0002646326611284,0,1.7755524822860025e-05
0,0.0266337152570486,0,0.0611777864396572,0,0.0237280745059251,0,0.1247156485915184
0,0.0144534958526492,0,0.3100388050079345,0,0.0016341989394277,0,0.0003367047465872
0,0.0011344554368406,0,0.0036309079732745,0,0.0014965372392907,0,0.00739091867581
0,0.0796869024634361,0,0.0006129885441623,0,0.0002850895107258,0,0.0031543197110295
0,0.1068637520074844,0,0.0041821426711976,0,0.0225877910852432,0,0.0003860882716253
0,0.1176481172442436,0,0.0115248681977391,0,0.0242344252765178,0,0.0003674499166663
0,0.1562646776437759,0,0.025178987532854,0,0.0338372141122818,0,0.0005855031777173
0,0.067701332271099,0,0.7724315524101257,0,0.0178893078118562,0,0.0293636620044708
0,0.0078767659142613,0,0.000751961779315,0,0.0014158202102407,0,0.000159596602316
0,0.003249631030485,0,0.2601698338985443,0,0.0053883176296949,0,0.00038509836304
0,0.1074132695794105,0,0.9171577095985411,0,0.0094391787424683,0,0.6245176196098328
0,0.0117059163749217,0,0.0002703144273255,0,0.0009610741399228,0,3.142243076581508e-05
0,0.0014973289798945,0,0.0364778749644756,0,0.0102346474304795,0,0.0001277011906495
0,0.0270826611667871,0,0.838962733745575,0,0.026641197502613,0,0.1069840714335441
0,0.0078453077003359,0,0.0051156510598957,0,0.0008763953810557,0,0.0002101654390571
0,0.0198969896882772,0,0.0045930566266179,0,0.0025819796137511,0,0.0004853669961448
0,0.9082157015800476,0,0.8353226780891418,0,0.6296812295913696,0,0.654029130935669
0,0.530042290687561,0,0.6142141819000244,0,0.1657097190618515,0,0.4440280497074127
0,0.7791551351547241,0,0.7462968826293945,0,0.503038763999939,0,0.9061676859855652
0,0.0481687150895595,0,0.0008687843801453,0,0.0058473516255617,0,0.0005904196877963
0,0.0425163097679615,0,0.0003530555113684,0,0.0078205456957221,0,0.000625510001555
0,0.0197542775422334,0,0.0074701090343296,0,0.0015522970352321,0,0.0004742054152302
0,0.0093152923509478,0,0.0042910613119602,0,0.0014387525152415,0,0.0005473086494021
0,0.0082333134487271,0,0.0027512437663972,0,0.0288825090974569,0,7.036019815132022e-05
0,0.0116563504561781,0,0.0008688464877195,0,0.0193567983806133,0,6.821483839303255e-05
0,0.1099069193005561,0,0.0021606723312288,0,0.003643159288913,0,0.0022573713213205
0,0.0669191777706146,0,0.0624986737966537,0,0.6199933886528015,0,0.0014737471938133
0,0.2111038863658905,0,0.5560401082038879,0,0.0355856046080589,0,0.0118516962975263
0,0.0242158230394125,0,0.0021384300198405,0,0.001905778190121,0,4.969135989085771e-05
0,0.0016257214592769,0,7.528696733061224e-05,0,0.0001691162033239,0,0.0002046200388576
0,0.3935378491878509,0,0.2308466732501983,0,0.380848616361618,0,0.0500360503792762
0,0.0464348420500755,0,0.0224930271506309,0,0.0009365847799926,0,0.0362996980547905
0,0.5512937307357788,0,0.0257204417139291,0,0.2212623506784439,0,0.0005878241499885
0,0.0071274433284997,0,0.0047500845976173,0,0.0028238827362656,0,1.3678786672244314e-05
0,0.0003641756193246,0,9.33733317651786e-05,0,0.0001578758237883,0,0.0003813669900409
0,0.2290375381708145,0,0.0135126207023859,0,0.7227077484130859,0,0.0012317196233198
0,0.1052598059177398,0,0.0040493020787835,0,0.0295899007469415,0,0.0950998663902282
0,0.0445513054728508,0,0.1458499878644943,0,0.0072802738286554,0,0.0017885674024
0,0.0159691143780946,0,0.0157398283481597,0,0.0020647034980356,0,0.0033780164085328
0,0.0036479050759226,0,0.0031073668505996,0,0.0019270272459834,0,1.6512656657141633e-05
0,0.0011385586112737,0,0.000172407089849,0,0.0003394472005311,0,0.0008839014917612
0,0.0175490975379943,0,0.0057078856043517,0,0.1203632354736328,0,0.14420086145401
0,0.0220836382359266,0,0.329082727432251,0,0.0117237148806452,0,0.0001291188673349
0,0.0054822685196995,0,0.0042398674413561,0,0.0003659995563793,0,0.0018039029091596
0,0.0585425458848476,0,0.0102537497878074,0,0.0094796847552061,0,0.1241719648241996
0,0.0034057784359902,0,0.0006132930284366,0,0.0001208851390401,0,2.777751797111705e-05
0,0.0029338425956666,0,0.0003946196520701,0,0.003294626250863,0,2.8557156838360243e-05
0,0.0259378869086503,0,0.1005110964179039,0,0.1804129183292389,0,0.0022394526749849
0,0.0197768565267324,0,0.2133219689130783,0,0.0212692935019731,0,0.0002317109610885
0,0.824567437171936,0,0.8839429616928101,0,0.8331683278083801,0,0.9245958924293518
0,0.6595306992530823,0,0.8812609910964966,0,0.306622564792633,0,0.5466334819793701
0,0.0091460328549146,0,0.0005043431301601,0,0.0022154238540679,0,0.0020980441477149
0,0.0095323175191879,0,0.0014138993574306,0,0.0012139740865677,0,0.0001463683292968
0,0.0569040402770042,0,3.96171999454964e-05,0,0.0001896038593258,0,2.680606849025935e-05
0,0.1577482223510742,0,0.0143473427742719,0,0.2281965166330337,0,0.0010283573064953
0,0.0272243246436119,0,0.0006719854427501,0,0.0011139839189127,0,0.0175187308341264
0,0.1098105832934379,0,8.012543548829854e-05,0,0.000318173028063,0,5.883633275516331e-05
0,0.0084452833980321,0,0.0008085165172815,0,0.0021148871164768,0,4.068262569489889e-05
0,0.0851749032735824,0,0.0020709331147372,0,0.0078966710716485,0,7.785024354234338e-05
0,0.0054464479908347,0,0.0002319651393918,0,0.0002267020172439,0,0.0002084378502331
0,0.0128872618079185,0,0.0560326650738716,0,0.0079656867310404,0,0.0010195864597335
0,0.5079931616783142,0,8.498873648932204e-05,0,0.0001033229855238,0,0.0004355994460638
0,0.2801007330417633,0,0.0170439444482326,0,0.6549862623214722,0,0.0056254831142723
0,0.0066923629492521,0,0.0005088096368126,0,0.0003255888295825,0,6.532414772664197e-06
0,0.0149518111720681,0,0.0007875034352764,0,0.0005994536331854,0,0.0009501821477897
0,0.0056486376561224,0,0.0002690676192287,0,0.0015222381334751,0,3.5500212106853724e-05
0,0.1686037182807922,0,0.2752133011817932,0,0.0027338683139532,0,0.0005035450449213
0,0.0234275516122579,0,0.0018702406669035,0,0.0021121054887771,0,0.0002005931019084
0,0.0060062650591135,0,0.0069978218525648,0,0.0149923311546444,0,0.0001320771116297
0,0.0164584778249263,0,0.4876950681209564,0,0.0412596575915813,0,0.0067253201268613
0,0.0112821413204073,0,0.0013490616111084,0,0.0019259763648733,0,2.7680469429469667e-05
0,0.0048571312800049,0,0.0016883242642506,0,0.0005755410529673,0,9.71727495198138e-05
0,0.07441246509552,0,0.0067877103574573,0,0.0016792604001238,0,0.0290783010423183
0,0.011139091104269,0,0.0022868413943797,0,0.0020086304284632,0,3.93210539186839e-05
0,0.1027470454573631,0,0.0109407631680369,0,0.0007478829356841,0,0.0515726469457149
0,0.0039975391700863,0,0.0001286187325604,0,0.0003847315674647,0,4.611811527865939e-05
0,0.0641743242740631,0,0.0031436863355338,0,0.0008394930628128,0,0.025534488260746
0,0.0057504344731569,0,0.0013840213650837,0,0.0030605101492255,0,2.025091998802964e-05
0,0.0038755985442548,0,0.0009144995128735,0,0.0017584229353815,0,2.0195551769575104e-05
0,0.0020537269301712,0,7.347606151597574e-05,0,0.0002135028626071,0,1.6335867485395283e-06
0,0.0520742386579513,0,0.0149757293984293,0,0.0179266519844532,0,0.0008553034858778
0,0.0143310939893126,0,0.0017054870259016,0,0.0024399883113801,0,0.0003576711460482
0,0.0049892384558916,0,0.0001035041204886,0,0.0016144695691764,0,5.046056230639806e-06
0,0.0155402570962905,0,0.0017812821315601,0,0.0129625927656888,0,7.153781916713342e-05
0,0.0074234451167285,0,0.0008500397671014,0,0.0034734096843749,0,0.0001481917424825
0,0.5449066758155823,0,0.1918147951364517,0,0.003133333986625,0,0.0037039695307612
0,0.0210418738424778,0,0.0024186796508729,0,0.0007256339886225,0,0.0018928752979263
0,0.0085516329854726,0,0.0026124203577637,0,0.0020583411678671,0,0.0002927162859123
0,0.0021511488594114,0,0.0003311320906504,0,0.0010318293934687,0,4.697867916547693e-05
0,0.0015864310553297,0,0.0002759907511062,0,0.0007432104321196,0,0.0001558421645313
0,0.0221822373569011,0,0.0011317315511405,0,0.002328110160306,0,0.0005305557860992
0,0.0340060703456401,0,0.0942069590091705,0,0.1749390065670013,0,0.0068506654351949
0,0.3571431934833526,0,0.0001673768856562,0,0.003743686247617,0,0.0022001559846103
0,0.0812651887536048,0,0.0002675929863471,0,0.0042756497859954,0,0.0002133518719347
0,0.1555449962615966,0,0.0002236631698906,0,0.0013333871029317,0,0.0001014598019537
0,0.0048304982483386,0,0.0004794636042788,0,0.0018207740504294,0,3.597930844989605e-05
0,0.0005493027274496,0,0.0004959399811923,0,0.0006566979573108,0,2.6255585908074863e-05
0,0.0063000647351145,0,0.0014956966042518,0,0.0035440304782241,0,0.0002530060301069
0,0.0060825129039585,0,0.0003623999655246,0,0.0001948242716025,0,9.487100214755628e-06
0,0.002534179482609,0,4.78862930322066e-05,0,0.0001601186668267,0,6.256809137994424e-05
0,0.0110583482310175,0,0.0012424356536939,0,0.0039980523288249,0,6.484313780674711e-05
0,0.0072307884693145,0,0.0006632056902162,0,0.0010858031455427,0,7.118477515177801e-05
0,0.0041173035278916,0,0.0027984562329947,0,0.0061470405198633,0,2.6518875529291108e-05
0,0.1061435937881469,0,0.0418962091207504,0,0.016038017347455,0,0.008754814043641
0,0.0057267318479716,0,0.0002888616290874,0,0.0002682083286345,0,2.2365455151884817e-05
0,0.0037538849283009,0,0.00069700734457,0,0.0003967343945987,0,2.587739800219424e-05
0,0.2875407636165619,0,0.0846807584166526,0,0.1055021956562995,0,0.041756484657526
0,0.5910103917121887,0,0.409466803073883,0,0.8896105885505676,0,0.4578036367893219
0,0.8430403470993042,0,0.162672683596611,0,0.008140055462718,0,0.0008628206560388
0,0.1732333898544311,0,0.0035301411990076,0,0.0357755683362484,0,0.0002734913141466
0,0.0089441193267703,0,0.0001676976680755,0,0.0005302542704157,0,8.627548959339038e-05
0,0.5642582178115845,0,0.0164962578564882,0,0.1083330437541008,0,0.0814786925911903
0,0.0026097926311194,0,0.0003944079217035,0,0.0007190620526671,0,4.991198693460319e-06
0,0.0263401716947555,0,0.0003251452581025,0,0.0003375216911081,0,0.0002944336738437
0,0.0051375464536249,0,0.0003167716495227,0,0.0013189235469326,0,3.187460242770612e-05
0,0.0212027058005332,0,0.0018325939308851,0,0.0007678021793253,0,0.0004359402519185
1,0.7483116388320923,1,0.1254176050424575,1,0.6709873676300049,1,0.0064760749228298
1,0.2652205526828766,1,0.961506187915802,1,0.9489968419075012,1,0.6035748720169067
1,0.4576050341129303,1,0.9972368478775024,1,0.9806382656097412,1,0.9933522939682008
1,0.9083662629127502,1,0.9972507357597352,1,0.6939446330070496,1,0.6446273326873779
1,0.7887088060379028,1,0.9997560381889344,1,0.5560590028762817,1,0.9775855541229248
1,0.0053862631320953,1,0.0033660635817795,1,0.0134729193523526,1,0.004019065760076
1,0.0113252056762576,1,0.0003763625863939,1,0.0246408022940158,1,0.0008810153813101
1,0.0060986978933215,1,0.000480132701341,1,0.0679894760251045,1,0.0196928158402442
1,0.334457516670227,1,0.8449147939682007,1,0.6270436644554138,1,0.2751796245574951
1,0.9291605353355408,1,0.9734928011894226,1,0.8043687343597412,1,0.8911442160606384
1,0.9349388480186462,1,0.9426318407058716,1,0.9044684171676636,1,0.9897592067718506
1,0.1137727424502372,1,0.9846234917640686,1,0.1645779460668563,1,0.1693194955587387
1,0.8518573045730591,1,0.9220688343048096,1,0.7510696053504944,1,0.976393222808838
1,0.2480063587427139,1,0.0640859603881836,1,0.6386861205101013,1,0.0005780917708761
1,0.9726378917694092,1,0.9999752044677734,1,0.9973611235618592,1,0.99324232339859
1,0.9923588633537292,1,0.998908281326294,1,0.995297372341156,1,0.9999737739562988
1,0.8685648441314697,1,0.8895519375801086,1,0.3093212246894836,1,0.993021547794342
1,0.91882061958313,1,0.5422450304031372,1,0.9098938703536988,1,0.9973063468933104
1,0.0040945708751678,1,0.0044584297575056,1,0.0048643718473613,1,0.0001003055222099
1,0.4127435684204101,1,0.6934459805488586,1,0.0261082854121923,1,0.0152155272662639
1,0.0581110119819641,1,0.0238395892083644,1,0.0258771535009145,1,0.8204286694526672
0,0.014682481996715,0,0.0007632508641108,0,0.0061920126900076,0,0.0081749437376856
0,0.0058255135081708,0,8.865002018865198e-05,0,0.0006083524785935,0,1.0906665920629166e-05
0,0.0313491895794868,0,0.0287428852170705,0,0.0034996480681002,0,0.0004040847416035
0,0.048826266080141,0,0.0040049222297966,0,0.0029123041313141,0,0.0003824663581326
0,0.0051546446047723,0,0.000708409526851,0,0.0011100099654868,0,0.001934390864335
0,0.0041053746826946,0,0.0001967770658666,0,0.0007845213403925,0,3.739852400030941e-05
0,0.0028969913255423,0,0.0003574269649107,0,0.0006117147277109,0,0.0001904939563246
0,0.005136230494827,0,0.0016143565298989,0,0.0016325954347848,0,6.633487646467984e-05
0,0.011192686855793,0,0.0003733760677278,0,0.0043095694854855,0,0.0005522728315554
0,0.5323873162269592,0,0.2637134790420532,0,0.3521684408187866,0,0.001013955916278
0,0.2136780321598053,0,0.00922233145684,0,0.004306863527745,0,0.0007238528341986
0,0.1995020508766174,0,0.0211298782378435,0,0.0006659114151261,0,0.0004447295796126
0,0.0221591237932443,0,0.0276130717247724,0,0.0119441375136375,0,0.0265073627233505
0,0.0080852853134274,0,0.0011097245151177,0,0.001534930546768,0,0.0416662469506263
0,0.2402160316705703,0,0.9424469470977784,0,0.555824339389801,0,0.1335063874721527
0,0.6035338640213013,0,0.8306165337562561,0,0.4413573741912842,0,0.0012842401629313
0,0.634044885635376,0,0.0105539839714765,0,0.1135419830679893,0,0.0189093127846717
0,0.0144743081182241,0,0.5133268237113953,0,0.1840466409921646,0,0.0030125281773507
0,0.1162954419851303,0,0.153511956334114,0,0.0557140633463859,0,0.0196896214038133
0,0.2759915888309479,0,0.0085302842780947,0,0.0056957472115755,0,0.4429104924201965
0,0.0106996167451143,0,0.0008320869528688,0,0.0121748950332403,0,0.0001778585574356
0,0.0035973449703305,0,0.0004605507710948,0,0.0001457195321563,0,6.406904140021652e-05
0,0.0062084691599011,0,0.0014378408668562,0,0.000367721368093,0,3.548315362422727e-05
0,0.6196449398994446,0,0.1503984779119491,0,0.0025908043608069,0,0.0005083265714347
0,0.0015821680426597,0,0.0004319309664424,0,0.0004092484014108,0,4.807838558917865e-05
0,0.0061849802732467,0,0.0003996374725829,0,0.0003376784443389,0,2.0023890101583675e-05
0,0.5586391091346741,0,0.0038579427637159,0,0.0041952617466449,0,0.0006656905752606
0,0.0057999389246106,0,0.007683465257287,0,0.0067008566111326,0,0.001234462019056
0,0.0033046486787497,0,0.0003411138313822,0,0.0045798188075423,0,5.422350295702927e-05
0,0.081341452896595,0,0.0070524294860661,0,0.0293169617652893,0,0.0096184974536299
0,0.0444639697670936,0,0.0127031616866588,0,0.0078052352182567,0,0.0013621652033179
0,0.0485414005815982,0,0.0043111210688948,0,0.003833980532363,0,0.0037278025411069
0,0.0278587099164724,0,0.1742028146982193,0,0.0200634486973285,0,0.0037604693789035
0,0.5190765857696533,0,0.0786529406905174,0,0.2383851706981659,0,0.0004997532232664
0,0.6151911020278931,0,0.019823445007205,0,0.5772611498832703,0,0.0005476052756421
0,0.0087766731157898,0,0.0035646916367113,0,0.3807957768440246,0,0.0016611369792371
0,0.0076982253231108,0,0.0031761217396706,0,0.2092001885175705,0,0.0002334779856028
0,0.0038727279752492,0,0.0001341551978839,0,0.0001096083506126,0,6.689009296678705e-06
0,0.0015446608886122,0,0.0001111189340008,0,0.000265927897999,0,0.0006721455720253
0,0.0998058170080185,0,0.001590039464645,0,0.0022143144160509,0,0.0003053614636883
0,0.0217089466750621,0,0.009092703461647,0,0.0039638699963688,0,0.0003549034881871
0,0.0026141789276152,0,0.0002613465185277,0,0.0001520818768767,0,1.557542782393284e-05
0,0.0381948351860046,0,0.0019525012467056,0,0.0060905120335519,0,1.7458248748880578e-06
0,0.00123646564316,0,0.0003404033777769,0,0.0003216106269974,0,6.587582902284339e-05
0,0.0648841112852096,0,0.0001613429049029,0,0.0004482545191422,0,3.002688345077331e-06
0,0.0071665365248918,0,0.0014200379373505,0,0.0059647061862051,0,0.0004968373104929
0,0.0034870645031332,0,0.0015823420835658,0,0.0001036832181853,0,1.1106006240879651e-05
0,0.0017818835331127,0,0.0005954964435659,0,0.2150635570287704,0,0.4614104330539703
0,0.00422128662467,0,0.0003383682051207,0,0.0010679266415536,0,0.0001848552346928
0,0.0028058723546564,0,0.0017401808872818,0,0.1778143793344497,0,0.4414828717708587
0,0.0008735253941267,0,0.0002906658628489,0,0.0004343051987234,0,2.190117083955556e-05
0,0.001706201583147,0,0.0035852254368364,0,0.1095086485147476,0,0.4061676561832428
0,0.4935426414012909,0,0.0208634044975042,0,0.0112065859138965,0,0.0437389388680458
0,0.3255733847618103,0,0.4415140450000763,0,0.0241925176233053,0,0.3313403725624084
0,0.0074452185072004,0,0.0060628443025052,0,0.5243745446205139,0,0.0049016941338777
0,0.028648255392909,0,0.0032260045409202,0,0.4603825211524963,0,0.0028828389476984
0,0.6459802389144897,0,0.0071800965815782,0,0.7149245738983154,0,0.774652361869812
0,0.1588181108236313,0,0.1061027497053146,0,0.135181114077568,0,0.0118524162098765
0,0.0037447302602231,0,0.0003788278263527,0,0.0005340544157661,0,3.001294498972129e-05
0,0.0096166934818029,0,0.0010079632047563,0,0.0004312864039093,0,5.710777259082533e-06
0,0.0056678978726267,0,0.0017409017309546,0,0.0129903629422187,0,0.0092027932405471
0,0.0028418311849236,0,0.0013107374543324,0,0.0016863516066223,0,0.003540877951309
0,0.0010523694800212,0,5.450141907203943e-05,0,0.0004127040738239,0,2.1562018446275037e-06
0,0.0019788218196481,0,0.0002018836676143,0,0.0020989489275962,0,9.295898053096607e-06
0,0.0050292224623262,0,0.0062378477305173,0,0.0061379233375191,0,0.000109650682134
0,0.0138594890013337,0,0.0101415971294045,0,0.0202101655304431,0,0.0009185575181618
0,0.8080475330352783,0,0.8040121793746948,0,0.0099956858903169,0,0.4137771427631378
0,0.3377812802791595,0,0.0473687648773193,0,0.0353964604437351,0,0.0005861494573764
0,0.0072427308186888,0,0.003611986991018,0,0.0027151880785822,0,0.0003291426401119
0,0.0211626198142766,0,0.0014503068523481,0,0.013027005828917,0,0.6197786927223206
0,0.0264146327972412,0,0.0278927776962518,0,0.0028506400994956,0,0.5118432641029358
0,0.0262069422751665,0,0.0048779188655316,0,0.001839488861151,0,0.0022686785086989
0,0.0409237965941429,0,0.0014517965028062,0,0.0008064993307925,0,0.2653814852237701
0,0.0031024341005831,0,0.0075746234506368,0,0.0009812084026634,0,0.0001040146744344
0,0.7996655106544495,0,0.9020260572433472,0,0.1687465608119964,0,0.0584272369742393
0,0.37775918841362,0,0.8799186944961548,0,0.3557977974414825,0,0.0022449914831668
0,0.6103566884994507,0,0.4314799606800079,0,0.0140126291662454,0,0.0001665374584263
0,0.2197737097740173,0,0.6562753915786743,0,0.070565715432167,0,2.119209966622293e-05
0,0.554848849773407,0,0.2555007636547088,0,0.0460248365998268,0,0.0005211234092712
0,0.3467406928539276,0,0.8834039568901062,0,0.1839152872562408,0,0.0006765527068637
0,0.0173864141106605,0,0.0095703396946191,0,0.0028786584734916,0,8.016356878215447e-05
0,0.0177193600684404,0,0.0389199294149875,0,0.0103265643119812,0,0.0003639401693362
0,0.0104152709245681,0,0.0699522942304611,0,0.0084813041612505,0,0.0001850377448135
0,0.002615287899971,0,0.002942812629044,0,0.0045551103539764,0,9.692648745840415e-05
0,0.0078583490103483,0,0.0043360884301364,0,0.0025663541164249,0,0.0014234151458367
0,0.0237486455589532,0,0.0017529631732031,0,0.0033721593208611,0,0.0009025059989653
0,0.0227716453373432,0,0.0866049081087112,0,0.0026529724709689,0,0.0637854784727096
0,0.0116843339055776,0,0.1128748655319213,0,0.0075974809005856,0,0.1689493656158447
0,0.0162671115249395,0,0.0100044850260019,0,0.0044384677894413,0,0.0002155632973881
0,0.0134069304913282,0,0.0617122463881969,0,0.0044031427241861,0,0.0005767823895439
0,0.0163850542157888,0,0.8908799886703491,0,0.0791069418191909,0,0.0105468807741999
0,0.0056428075768053,0,0.0018120686290785,0,0.0003541874175425,0,0.0027709945570677
0,0.1947821676731109,0,0.0014132639626041,0,0.0010472328867763,0,0.0188411623239517
0,0.9425716996192932,0,0.9660696387290956,0,0.912234663963318,0,0.94859117269516
0,0.3558942675590515,0,0.0008074417128227,0,0.0009712642640806,0,0.0015953165711835
0,0.0421171002089977,0,0.0002295169833814,0,0.0003602205251809,0,0.0009063295437954
0,0.9289609789848328,0,0.9583751559257508,0,0.7187982797622681,0,0.1671911478042602
0,0.4483814835548401,0,0.0004447040846571,0,0.0021416170056909,0,0.0005103250732645
0,0.0660055354237556,0,0.0007536202901974,0,0.0007242150022648,0,0.0100993262603878
0,0.8922582864761353,0,0.959244668483734,0,0.7905410528182983,0,0.9504857659339904
0,0.0380497425794601,0,0.0020786416716873,0,0.0041477521881461,0,0.03218499943614
0,0.0158326588571071,0,0.0038057232741266,0,0.0017352658323943,0,9.250498260371388e-05
0,0.0326710157096385,0,0.0015851333737373,0,0.0030430688057094,0,0.0006443955353461
0,0.0040432624518871,0,0.0001031757856253,0,0.0003171028220094,0,8.074919605860487e-05
0,0.1245897486805915,0,0.0033561666496098,0,0.0074317590333521,0,0.0012654237216338
0,0.001489520072937,0,0.0005535109667107,0,0.0397094301879406,0,0.0562568120658397
0,0.0017283512279391,0,0.0003097830340266,0,0.0119759272783994,0,0.0005402159877121
0,0.0041219065897166,0,0.0003421624132897,0,0.0068270768970251,0,0.0003385532472748
0,0.0518573075532913,0,0.0063869622536003,0,0.0386772826313972,0,0.0577904097735881
0,0.0011242282344028,0,0.0003080509777646,0,0.0004696381802204,0,5.891516411793418e-05
0,0.0018173756543546,0,0.0013435557484626,0,0.0012643153313547,0,0.0002180197334382
0,0.0256364569067955,0,0.0028816149570047,0,0.0056372312828898,0,6.370101618813351e-05
0,0.1008237525820732,0,0.0033629634417593,0,0.0883923172950744,0,0.0177593249827623
0,0.0040808655321598,0,0.0013121764641255,0,0.0221087485551834,0,6.980976468184963e-05
0,0.0025865654461085,0,0.0003294741909485,0,0.0002734519657678,0,0.0002789025602396
0,0.0980745777487754,0,0.0014727117959409,0,0.0086413621902465,0,0.0002551460056565
0,0.0088778184726834,0,0.0005515873199328,0,0.0126481102779507,0,0.0010390704264864
0,0.0030009783804416,0,0.0072557399980723,0,0.0017215843545272,0,3.0613227863796055e-05
0,0.0019250628538429,0,0.0003289920568931,0,0.0005815554759465,0,0.0001999044034164
0,0.0017611428629606,0,0.0002113192167598,0,0.0012351219775155,0,0.0001402725029038
0,0.0024273470044136,0,0.0001382672635372,0,0.0003298038209322,0,7.387779623968527e-05
0,0.0028367659542709,0,0.0005905533907935,0,0.0130146266892552,0,0.0001992963516386
0,0.0160327199846506,0,0.0033904695883393,0,0.0084579549729824,0,0.0018137143924832
0,0.0167007334530353,0,0.0010893563739955,0,0.0018589046085253,0,0.0009420270216651
0,0.7894036173820496,0,0.643634021282196,0,0.4340251386165619,0,0.9856378436088562
0,0.8771211504936218,0,0.9841374158859252,0,0.7511877417564392,0,0.8377607464790344
0,0.0044809011742472,0,7.882532372605056e-05,0,0.0018052498344331,0,0.0004540754016488
0,0.0268253479152917,0,0.0001358039589831,0,0.0008167840423993,0,0.0003383099974598
0,0.0468526594340801,0,0.0003567158128134,0,0.0008038893574848,0,0.0004196253139525
0,0.0025593061000108,0,8.342592627741396e-05,0,0.0001379500317852,0,0.0001491474977228
0,0.00474448595196,0,6.559625035151839e-05,0,0.0001532934984425,0,0.0001278510753763
0,0.0593215227127075,0,0.0021038562990725,0,0.1018316000699997,0,0.0002086446329485
0,0.0295230615884065,0,0.0006079759332351,0,0.0026452708989381,0,0.0008475201320834
0,0.0028914758004248,0,9.043177124112844e-05,0,0.0002066944580292,0,2.4262148144771345e-05
0,0.0018911032238975,0,4.299428474041633e-05,0,0.000115482333058,0,0.0001428394607501
0,0.0204854309558868,0,0.0006438899436034,0,0.0040849586948752,0,8.162947051459923e-05
0,0.012299794703722,0,0.0030438399408012,0,0.002865222049877,0,3.140284024993889e-05
0,0.8466981053352356,0,0.9149782061576844,0,0.94250750541687,0,0.9881600141525269
0,0.0062279351986944,0,0.017839279025793,0,0.0010166793363168,0,0.0004057992482557
0,0.0095540508627891,0,0.000935421034228,0,0.0007162753609009,0,0.0005096646491438
0,0.0060458998195827,0,0.0166143234819173,0,0.0036040004342794,0,0.002940003061667
0,0.0163872297853231,0,0.0394302532076835,0,0.0008310022531077,0,8.49710704642348e-05
0,0.0044674212113022,0,0.0004143805126659,0,0.0011589785572141,0,0.0065935966558754
0,0.0070560942403972,0,0.0208366625010967,0,0.0023673139512538,0,0.0135948052629828
0,0.0017796041211113,0,0.0002122709556715,0,0.0005068912287242,0,0.0001483707310399
0,0.0777961313724517,0,0.0005521951825357,0,0.0006887597264721,0,0.0002072213246719
0,0.0132055366411805,0,0.00898711476475,0,0.0028171059675514,0,1.800768222892657e-05
0,0.0921208560466766,0,0.0103381099179387,0,0.0019516885513439,0,0.0006506562349386
0,0.0042875949293375,0,0.0009144672658294,0,0.0027165440842509,0,1.4310920050775168e-05
0,0.04091028124094,0,0.0052302801050245,0,0.000734316650778,0,0.0002150547807104
0,0.0165181346237659,0,0.011637550778687,0,0.0189462676644325,0,0.002244203351438
0,0.0173729863017797,0,0.0358860157430172,0,0.0096772518008947,0,4.729607826448046e-05
0,0.0385177694261074,0,0.0041191377677023,0,0.012756809592247,0,0.0003425225731916
0,0.0382977910339832,0,0.0108857620507478,0,0.0118994982913136,0,0.0063729877583682
0,0.0327638983726501,0,0.0099371969699859,0,0.0043401294387876,0,6.907551141921431e-05
0,0.0472413748502731,0,0.0181962568312883,0,0.0114486599341034,0,0.0004647414898499
0,0.0147243589162826,0,0.0009928789222612,0,0.0019025953952223,0,0.0023335602600127
0,0.0075377817265689,0,0.0001643130963202,0,0.0018139268504455,0,0.0001007338796625
0,0.264560729265213,0,0.0012922923779115,0,0.034138660877943,0,0.0292866118252277
0,0.4017089307308197,0,0.1179523393511772,0,0.214618444442749,0,0.0444873012602329
0,0.2196784913539886,0,0.0055913617834448,0,0.0051310476846992,0,0.0027152011170983
0,0.0014690238749608,0,0.001069062273018,0,0.0012442014412954,0,2.186531673942227e-05
0,0.1586204916238784,0,0.0235543195158243,0,0.1430579423904419,0,0.0012678656494244
0,0.0032010469585657,0,0.0013948511332273,0,0.000350988964783,0,2.073549694614485e-05
0,0.0204066764563322,0,0.0172451622784137,0,0.000464213459054,0,0.0003781502018682
0,0.2691521942615509,0,0.0071377754211425,0,0.032962616533041,0,5.48206917301286e-05
0,0.2975891530513763,0,0.0633071437478065,0,0.3733693957328796,0,0.0043065058998763
0,0.015733890235424,0,0.0138927530497312,0,0.0287958718836307,0,0.0017829235875979
0,0.0226717088371515,0,0.0145362624898552,0,0.0101512130349874,0,0.0398813970386981
0,0.0004448380786925,0,9.197914914693683e-05,0,0.0001852116110967,0,4.4253301894059405e-06
0,0.0245181433856487,0,0.0084075573831796,0,0.0020507231820374,0,0.0013493796577677
0,0.0202574972063303,0,0.5171109437942505,0,0.0081787761300802,0,0.0014437758363783
0,0.0119955511763691,0,0.893144965171814,0,0.0090632261708378,0,0.0002331011637579
0,0.0398821793496608,0,0.7621420621871948,0,0.0979595705866813,0,0.0001027426187647
0,0.0775478556752204,0,0.0021178883034735,0,0.0013136124471202,0,0.00087446346879
0,0.0256649646908044,0,0.0006668036803603,0,0.0038894761819392,0,3.585384547477588e-05
0,0.0051048262976109,0,0.0010173730552196,0,0.0012722542742267,0,5.420731395133771e-05
0,0.0132005224004387,0,0.0014707862865179,0,0.0014827288687229,0,6.25595057499595e-05
0,0.011965787038207,0,0.0005504379514604,0,0.0028341489378362,0,2.1177836970309727e-05
0,0.014344410970807,0,0.0006411254871636,0,0.0022820984013378,0,4.2279090848751366e-05
0,0.1306941211223602,0,0.0040017450228333,0,0.0253109466284513,0,0.0019897455349564
0,0.2684736251831054,0,0.0026165109593421,0,0.0335487350821495,0,0.0068994718603789
0,0.0610529445111751,0,0.0385716967284679,0,0.0168613698333501,0,0.0033990019001066
0,0.0811284929513931,0,0.0638801977038383,0,0.2950060367584228,0,0.0048040635883808
0,0.0136575615033507,0,0.0069225174374878,0,0.0745533257722854,0,0.0073104696348309
0,0.4035263061523437,0,0.0870928466320037,0,0.0587766468524932,0,0.6524714827537537
0,0.6616590023040771,0,0.2639881372451782,0,0.1386876404285431,0,0.1219401583075523
0,0.0242152884602546,0,0.0311824213713407,0,0.0678957998752594,0,0.1332795470952987
0,0.0084015410393476,0,0.0105424970388412,0,0.0081359827890992,0,0.0002961465215776
0,0.0537309050559997,0,0.336192786693573,0,0.097766526043415,0,0.8245305418968201
0,0.0180126205086708,0,0.0035089063458144,0,0.0016374867409467,0,0.0018649154808372
0,0.3961637020111084,0,0.5561881065368652,0,0.0571446381509304,0,0.0192370880395174
0,0.0274521056562662,0,0.0006194784073159,0,0.0015064111212268,0,6.650734576396644e-05
0,0.0014407342532649,0,0.001001670374535,0,0.0035245334729552,0,0.0004590995085891
0,0.0028984420932829,0,0.0002440544776618,0,0.0012213314184919,0,6.736195246048737e-06
0,0.0061059165745973,0,8.108268229989335e-05,0,0.0004450385167729,0,8.8484639491071e-06
0,0.0007337561110034,0,0.0002769016427919,0,0.0039182277396321,0,0.000165282326634
0,0.0013012182898819,0,0.0078697297722101,0,0.0014239534502848,0,3.253987597418018e-05
0,0.0057360799983143,0,7.38493399694562e-05,0,0.0003165573289152,0,7.401412403851282e-06
0,0.000761246366892,0,0.0002571748336777,0,0.0015802154084667,0,5.221416722633876e-05
0,0.0009799625258892,0,0.0023632959928363,0,0.0006057766149751,0,5.125271491124295e-05
0,0.033454030752182,0,0.3364847302436828,0,0.126851201057434,0,0.0227924324572086
0,0.0085873203352093,0,0.8420741558074951,0,0.2084100097417831,0,0.744838535785675
0,0.0036759567447006,0,0.6561102271080017,0,0.0010123526444658,0,0.0012624285882338
0,0.0291171856224536,0,0.0113794887438416,0,0.0002400679222773,0,0.0002376985212322
0,0.0009128989186137,0,5.6797583965817466e-05,0,0.0003054537519346,0,6.259271685848944e-06
0,0.0040848795324563,0,0.0005861374083906,0,0.0005793173331767,0,9.46306681726128e-05
0,0.0045081917196512,0,0.0032547831069678,0,0.0003492381074465,0,2.0405017494340427e-05
0,0.0146715184673666,0,0.0017305285437032,0,0.0025786918122321,0,0.000181787792826
0,0.0025275840889662,0,0.0008343835361301,0,0.0037135351449251,0,7.258935511345044e-05
0,0.004250562749803,0,0.0001403308415319,0,0.0017138760304078,0,0.0001942638773471
0,0.0116137219592928,0,0.0092000151053071,0,0.0016935780877247,0,0.0005778361810371
0,0.0252826232463121,0,0.0125585254281759,0,0.0013734886888414,0,0.0002531401987653
0,0.0017920323880389,0,0.0010181036777794,0,0.0016799081349745,0,0.0010736472904682
0,0.0021618003956973,0,0.0001849269756348,0,0.0027777713257819,0,0.0007698334520682
0,0.0121752386912703,0,0.0319370850920677,0,0.0011986632598564,0,0.0001759637234499
0,0.2366777211427688,0,0.0041913813911378,0,0.0003700680390466,0,0.0027026587631553
0,0.1929773986339569,0,0.0016199194360524,0,0.0020461718086153,0,0.0015268007991835
0,0.220800444483757,0,0.0030733672901988,0,0.0022580728400498,0,0.0373247116804122
0,0.0021914469543844,0,4.650662958738394e-05,0,0.0044860821217298,0,1.2031406185997184e-05
0,0.0055349781177937,0,4.450043707038276e-05,0,0.0029241181910037,0,2.792514169414062e-05
0,0.00364680448547,0,0.0001863406796474,0,0.0154184345155954,0,1.5662893929402344e-05
0,0.875616729259491,0,0.46803879737854,0,0.923580288887024,0,0.2336996495723724
0,0.7823780179023743,0,0.8237856030464172,0,0.9285751581192015,0,0.0080700451508164
0,0.0114601450040936,0,0.0001464636879973,0,0.0004427254607435,0,2.3760689146001823e-05
0,0.0016717265825718,0,3.169830233673565e-05,0,0.0001233503426192,0,2.559345830377424e-06
0,0.0054748305119574,0,0.0002076368546113,0,0.000442040793132,0,2.912562649726169e-06
0,0.0079923830926418,0,6.134775321697816e-05,0,0.0003337156085763,0,0.0002157894923584
0,0.0061611593700945,0,6.533877603942528e-05,0,0.0007127753924578,0,3.4071108530042693e-06
0,0.0078605096787214,0,0.0003427417832426,0,0.0002934604126494,0,8.049951247812714e-06
0,0.0011102595599368,0,0.0001809671666705,0,0.000169312392245,0,2.1655721411661943e-06
0,0.0048795603215694,0,2.8883876439067532e-05,0,0.0007954509346745,0,2.0882147509837523e-05
0,0.0012960926396772,0,3.494025440886617e-05,0,0.0002866326540242,0,2.3068798782333037e-06
0,0.0187355913221836,0,0.0011414204491302,0,0.002392309019342,0,0.0008705387008376
0,0.0057708271779119,0,0.0004116647760383,0,0.0024598750751465,0,3.433492747717537e-05
0,0.0207358784973621,0,0.0001002479548333,0,0.0002966492029372,0,2.78778334177332e-05
0,0.0019782814197242,0,0.000324078486301,0,0.0009648688719607,0,2.5119918518612394e-06
0,0.0025585091207176,0,0.000107568448584,0,0.0005252840928733,0,4.896210157312453e-06
0,0.013249346986413,0,0.0013664996949955,0,0.0035991352051496,0,0.0002632340474519
0,0.0029860609211027,0,0.0001196911034639,0,0.0008251360268332,0,2.0722609406220727e-05
0,0.016912518069148,0,0.0005588774802163,0,0.0198494158685207,0,2.338357035114313e-06
0,0.0190677344799041,0,0.0038733538240194,0,0.0099205616861581,0,9.524283086648212e-05
0,0.0185266286134719,0,0.0035422139335423,0,0.0067971548996865,0,0.0028188962023705
0,0.0126261916011571,0,0.0001055169705068,0,0.0004430440312717,0,1.5584982975269668e-05
0,0.0051598018035292,0,0.0001568339212099,0,0.0018830685876309,0,0.0006036371923983
0,0.0010265357559546,0,0.0007177575607784,0,0.0007084810640662,0,0.0003966474323533
0,0.0103583810850977,0,0.0004307155322749,0,0.0025363981258124,0,0.0016469182446599
0,0.0188230574131011,0,0.0005713886930607,0,0.0081225000321865,0,0.0016530416905879
0,0.0291104856878519,0,0.0013071987777948,0,0.0021878383122384,0,0.0002008181618293
0,0.014668789692223,0,0.0079607674852013,0,0.0058562341146171,0,0.000540456501767
0,0.0358659289777278,0,0.056154541671276,0,0.0008389701833948,0,0.0006555854342877
0,0.0083281621336936,0,0.000277220737189,0,0.0011506648734211,0,0.0002663046470843
0,0.002623253269121,0,0.0008916783845052,0,0.0019034277647733,0,7.633739005541429e-05
0,0.2276115715503692,0,0.0054809893481433,0,0.0044176401570439,0,0.0165154468268156
0,0.0096961157396435,0,0.0062794620171189,0,0.0007296218536794,0,0.1464641839265823
0,0.0031447235960513,0,0.0019569424912333,0,0.0210422128438949,0,0.0004037127655465
0,0.0058416719548404,0,0.000390235974919,0,0.0040366239845752,0,0.0002598896680865
0,0.0045780865475535,0,0.0156823638826608,0,0.0029915997292846,0,0.0002480895491316
0,0.0058946297504007,0,0.006821347400546,0,0.00323824188672,0,0.0001093676037271
0,0.0118083348497748,0,0.0003388482437003,0,0.002479332499206,0,0.0002685550425667
0,0.0107400342822074,0,0.0061482726596295,0,0.0008764475351199,0,0.0001767685607774
0,0.0123659633100032,0,0.0007170023745857,0,0.1628044843673706,0,1.2796453120245133e-05
0,0.017243156209588,0,0.0006961722392588,0,0.2379298210144043,0,7.50161416362971e-05
0,0.0083150984719395,0,0.0007176774088293,0,0.0380223058164119,0,1.886938844108954e-05
0,0.0957009494304657,0,0.8864584565162659,0,0.0051983017474412,0,0.0077963769435882
0,0.0293740127235651,0,0.0087717762216925,0,0.003942082170397,0,9.105957724386826e-05
1,0.2163974642753601,1,0.4144732654094696,1,0.4513570368289947,1,0.0387986153364181
1,0.6791597604751587,1,0.4468815326690674,1,0.1603962481021881,1,0.000889953225851
1,0.6862066984176636,1,0.9873962998390198,1,0.9591763019561768,1,0.7976886034011841
1,0.0727192163467407,1,0.7100561857223511,1,0.6578018069267273,1,0.596316933631897
1,0.212926909327507,1,0.0688883662223815,1,0.1831325441598892,1,0.5237926840782166
1,0.9641085267066956,1,0.9964824914932252,1,0.9950696229934692,1,0.9993844032287598
1,0.6451146602630615,1,0.8158833384513855,1,0.0088789043948054,1,0.7226043939590454
1,0.7446051239967346,1,0.8503304719924927,1,0.0753682255744934,1,0.4291970431804657
1,0.6887773871421814,1,0.4602742195129394,1,0.0071610896848142,1,0.6568922996520996
1,0.8276681900024414,1,0.9400838613510132,1,0.9828657507896424,1,0.9997501969337464
1,0.711273193359375,1,0.9788059592247008,1,0.9419329166412354,1,0.998595416545868
1,0.8950529098510742,1,0.9932593703269958,1,0.7389306426048279,1,0.1940442472696304
1,0.5397516489028931,1,0.3647478818893432,1,0.0132790161296725,1,0.0009879561839625
1,0.6084567308425903,1,0.3522690236568451,1,0.0649034082889556,1,0.000147582963109
1,0.7201839089393616,1,0.0355200543999671,1,0.0601285621523857,1,0.000116184935905
0,0.0147822061553597,0,0.0002031999611062,0,0.0084589347243309,0,0.0025747593026608
0,0.0175428353250026,0,0.0002138212730642,0,0.0060906740836799,0,0.0003871856897603
0,0.4098564684391022,0,0.9888849258422852,0,0.409760057926178,0,0.0051333927549421
0,0.003959288354963,0,0.0005261392216198,0,0.0070771523751318,0,1.9688672182383016e-05
0,0.0119283618405461,0,0.0063006137497723,0,0.0065244738943874,0,0.0118180587887763
0,0.768323540687561,0,0.1760574877262115,0,0.4336021542549133,0,0.1638477593660354
0,0.0647864937782287,0,0.0074674654752016,0,0.0030638771131634,0,0.707417905330658
0,0.604165256023407,0,0.3807979226112366,0,0.101558968424797,0,0.1049505770206451
0,0.6009823083877563,0,0.0038724800106137,0,0.0075144139118492,0,0.0135046141222119
0,0.0232466123998165,0,0.0186505503952503,0,0.0029309384990483,0,0.052561730146408
0,0.1923626810312271,0,0.0706621706485748,0,0.2670486867427826,0,0.0202057473361492
0,0.0134873781353235,0,0.0007861898047849,0,0.0064004599116742,0,0.0584159418940544
0,0.4526037275791168,0,0.9125128388404846,0,0.231693610548973,0,0.0029209989588707
0,0.0013240011176094,0,0.0006520781898871,0,0.0011346688261255,0,0.0005981540307402
0,0.0008266879594884,0,0.0028627736028283,0,0.0001399083557771,0,2.986276058436488e-06
0,0.0010620696702972,0,0.0013591612223535,0,0.0003090914979111,0,3.436486622376833e-06
0,0.0078350258991122,0,0.0012106276117265,0,0.0016298518748953,0,1.7402264347765595e-05
0,0.044741153717041,0,0.0020042906980961,0,0.000406480859965,0,0.0001734882098389
0,0.0144492713734507,0,0.0015203810762614,0,0.0017219604924321,0,0.0002755564055405
0,0.0391636751592159,0,0.0118687404319643,0,0.0074635567143559,0,0.0002404043625574
0,0.0263615678995847,0,0.0006639700150117,0,0.0042780418880283,0,0.000127673803945
0,0.0044584535062313,0,1.2868816156696994e-05,0,7.660406845388934e-05,0,1.9364497347851284e-05
0,0.2740733027458191,0,0.0041653541848063,0,0.039223875850439,0,0.0001591848849784
0,0.0147287864238023,0,0.001671907142736,0,0.0030553101096302,0,0.0001131964891101
0,0.0288670901209115,0,0.0448594950139522,0,0.0044998168013989,0,0.0010983046377077
0,0.1100057363510131,0,0.0039622662588953,0,0.0029044058173894,0,0.0007869033725
0,0.013993608765304,0,0.0013115566689521,0,0.0029663015156984,0,0.0011313300346955
0,0.01722371019423,0,0.0060318326577544,0,0.0039565963670611,0,0.0004113386094104
0,0.0095649138092994,0,0.0008748764521442,0,0.0015180974733084,0,5.766027970821597e-05
0,0.0218349248170852,0,0.0130644934251904,0,0.0034455619752407,0,0.0001971263845916
0,0.0071751424111425,0,0.0009200917556881,0,0.0006051412201486,0,3.594779263949022e-05
0,0.0068257879465818,0,0.0033778867218643,0,0.0012403215514495,0,6.145356019260362e-05
0,0.0051013017073273,0,0.2592673599720001,0,0.0028330858331173,0,9.84559883363545e-05
0,0.0070704771205782,0,0.0019012150587514,0,0.0020258778240531,0,4.137320047448156e-06
0,0.007470472715795,0,0.0001496437907917,0,0.0026960326358675,0,1.0046032912214288e-05
0,0.0004173706984147,0,5.512490315595642e-05,0,0.0003794710210058,0,1.2679512337854248e-06
0,0.3649529814720154,0,0.0312349423766136,0,0.0015781642869114,0,0.0026076845824718
0,0.1583884358406067,0,0.3283648490905761,0,0.1046249568462371,0,0.3554832339286804
0,0.2425680607557296,0,0.7666319012641907,0,0.2742513120174408,0,0.0065925722010433
0,0.0020841734949499,0,0.0009154000435955,0,0.0006572814309038,0,0.0001520028745289
0,0.0528689250349998,0,0.0001735790574457,0,0.0013595724012702,0,3.202359221177176e-05
0,0.0348156504333019,0,0.0017336888704448,0,0.0009871418587863,0,9.465657058171928e-05
0,0.0253757033497095,0,0.0002282319037476,0,0.0014072270132601,0,3.764459688682109e-05
0,0.0928196310997009,0,0.0029568199533969,0,0.0001980538654606,0,0.0018012782093137
0,0.027645505964756,0,0.0088374828919768,0,0.0116644501686096,0,0.0194980781525373
0,0.0008204341866075,0,0.0007636000518687,0,0.0012941060122102,0,1.7395046597812325e-05
0,0.0286230146884918,0,0.0013080985518172,0,0.0011696701403707,0,0.0009707229910418
0,0.1332951784133911,0,0.5027008652687073,0,0.4891410171985626,0,0.0059107742272317
0,0.0135074043646454,0,0.0052291168831288,0,0.0024549551308155,0,0.0151308989152312
0,0.0884542614221572,0,0.32553631067276,0,0.1850437968969345,0,0.0699523985385894
0,0.0954756289720535,0,0.0093638263642787,0,0.0635505318641662,0,0.000152925014845
0,0.6000262498855591,0,0.1304236203432083,0,0.1721843779087066,0,0.0027183960191905
0,0.7150240540504456,0,0.8646659851074219,0,0.3649511635303497,0,0.928416907787323
0,0.6664600968360901,0,0.0167406070977449,0,0.2187114059925079,0,0.0189280044287443
0,0.0438237339258194,0,0.0215308275073766,0,0.0026154872030019,0,0.000123887162772
0,0.0465561412274837,0,0.0023426429834216,0,0.000740987365134,0,0.0003066155768465
0,0.0204454511404037,0,0.0007341991295106,0,0.0016683096764609,0,0.0002757450856734
0,0.0172154065221548,0,0.0013705714372918,0,0.0027680709026753,0,0.0002826289564836
0,0.0027467559557408,0,0.0643103271722793,0,0.3278747200965881,0,0.0168562736362218
0,0.0036061981227248,0,0.0046003353781998,0,0.0275926329195499,0,0.0004660843987949
0,0.0080492310225963,0,0.0011190210934728,0,0.8866569995880127,0,0.002448775107041
0,0.0100355092436075,0,0.0004079946957062,0,0.0011719150934368,0,0.0036930353380739
0,0.028071204200387,0,0.0007830574177205,0,0.0029781316407024,0,6.998459866736084e-05
0,0.5886725783348083,0,0.3990682661533355,0,0.0760662481188774,0,0.0010761716403067
0,0.7824901342391968,0,0.3281348645687103,0,0.3038475215435028,0,0.073557898402214
0,0.7390062808990479,0,0.0548432506620883,0,0.6157363057136536,0,0.4225351512432098
0,0.6274945735931396,0,0.3426763415336609,0,0.1010263934731483,0,0.0750774145126342
0,0.0049373554065823,0,0.0004128536093048,0,0.0006442320882342,0,2.1273906725127745e-07
0,0.0076901321299374,0,0.0004018066683784,0,0.0021315608173608,0,3.221742736059241e-05
0,0.0064081372693181,0,0.0009729363955557,0,0.0025890849065035,0,0.0008088667527772
0,0.0577031001448631,0,0.0006468928186222,0,0.0030543531756848,0,0.0004686094180215
0,0.0071479515172541,0,0.0003044774057343,0,0.0005183244938962,0,0.0014641964808106
0,0.0078428061679005,0,0.0002502571442164,0,0.000622056541033,0,4.50462284788955e-05
0,0.0195861160755157,0,0.0009086126810871,0,0.0011397836497053,0,0.0005586434272117
0,0.0086046149954199,0,0.0004574491467792,0,0.0020513907074928,0,0.0011695136781781
0,0.0232091043144464,0,0.0004386656801216,0,0.0019642116967588,0,0.0002691515255719
0,0.0019884943030774,0,0.0004459540941752,0,0.0002895423676818,0,0.0001635119260754
0,0.0017341915518045,0,0.0011379898060113,0,0.0003611981228459,0,0.0001965582341654
0,0.724760890007019,0,0.8371160626411438,0,0.0137662729248404,0,0.2561308741569519
0,0.5333071351051331,0,0.3984104990959167,0,0.0078979935497045,0,0.0415513664484024
0,0.088029034435749,0,0.157545581459999,0,0.0022143039386719,0,0.0375720560550689
0,0.0074953408911824,0,0.0002964374725706,0,0.0039289453998208,0,0.0012892084196209
0,0.0109702441841363,0,0.0018623749492689,0,0.0064275488257408,0,0.0009711064049042
0,0.0051498929969966,0,0.0001646308373892,0,0.0120841283351182,0,0.0003813993243966
0,0.0187836084514856,0,0.0206748899072408,0,0.0039918613620102,0,0.0005833733011968
0,0.0201965533196926,0,0.0280987713485956,0,0.0006034016259945,0,0.0020451475866138
0,0.0238523017615079,0,0.015645807608962,0,0.0026581529527902,0,0.0086037768051028
0,0.0011007845168933,0,0.0010169593151658,0,0.0013392032124102,0,2.9283122785273008e-05
0,0.0041896202601492,0,0.0001898384653031,0,0.008122376166284,0,0.0011591911315917
0,0.0024846012238413,0,0.0003777066885959,0,0.0001284502068301,0,6.290064902714221e-06
0,0.0022193454205989,0,0.0005536249373108,0,0.0003128012467641,0,6.401083737728186e-06
0,0.0235304292291402,0,0.0015278072096407,0,0.0047684991732239,0,4.792151594301686e-05
0,0.0093159209936857,0,0.0007544322288595,0,0.0011057398514822,0,0.0001356119173578
0,0.0761192142963409,0,0.0006303696427494,0,0.0006629109266214,0,0.0004110332229174
0,0.0575317777693271,0,0.0004377588047645,0,0.0004410891269799,0,0.0003984167997259
0,0.011644341982901,0,0.0001949186698766,0,0.0003232376475352,0,0.0008664439665153
0,0.0066393953748047,0,0.0008067296002991,0,0.001627160818316,0,0.0001149489253293
0,0.0952634289860725,0,0.0030434753280133,0,0.008664178662002,0,0.0020866822451353
0,0.0381552800536155,0,0.0011367027182132,0,0.0023335302248597,0,0.0060611409135162
0,0.0196926034986972,0,0.0012214069720357,0,0.0035961745306849,0,0.0076657403260469
0,0.0382497869431972,0,0.0036966407205909,0,0.0115574356168508,0,0.0018637148896232
0,0.7397547960281372,0,0.2828630208969116,0,0.0428255386650562,0,0.7842706441879272
0,0.0052228574641048,0,0.0017838997300714,0,0.0017814101884141,0,3.217962512280792e-05
0,0.5801728367805481,0,0.9267731308937072,0,0.9382254481315612,0,0.460636556148529
0,0.1084695234894752,0,0.0005117113469168,0,0.0042496221140027,0,0.0004135480558034
0,0.4371640384197235,0,0.0065474975854158,0,0.0016003341879695,0,0.951455056667328
0,0.020778490230441,0,0.0042675351724028,0,0.0066612344235181,0,0.0013671076158061
0,0.0056130532175302,0,0.0028116581961512,0,0.0448079667985439,0,0.0054841437377035
0,0.1250269562005996,0,0.0008399523794651,0,0.0058192233555018,0,0.0001877374452305
0,0.1588019430637359,0,0.0022170320153236,0,0.0020501718390733,0,0.2974195480346679
0,0.0038469543214887,0,0.0002811478334479,0,0.0004775430716108,0,7.381654540949967e-06
0,0.246251568198204,0,0.0023594473022967,0,0.003443214809522,0,0.0223282892256975
0,0.067898005247116,0,0.0010274134110659,0,0.5271486043930054,0,0.0013280014973133
0,0.6515832543373108,0,0.4569227993488312,0,0.1366177797317505,0,0.1353934854269027
0,0.0043093217536807,0,0.0015765932621434,0,0.0010966360569,0,8.66876871441491e-06
0,0.0034560337662696,0,0.0011612512171268,0,0.0020262501202523,0,9.647238584875597e-06
0,0.1051391288638114,0,0.6223431825637817,0,0.023403663188219,0,0.0153236780315637
0,0.0018805140862241,0,0.00068867666414,0,0.0017010510200634,0,9.615330782253295e-06
0,0.0443796217441558,0,0.0009997616289183,0,0.0012812713393941,0,0.1450603455305099
0,0.010509624145925,0,0.0005527483881451,0,0.0020086590666323,0,4.0553986764280125e-05
0,0.0858591794967651,0,0.5259286761283875,0,0.1504446566104889,0,0.6031846404075623
0,0.002273935591802,0,0.0011181532172486,0,0.0023238898720592,0,3.3055537642212585e-05
0,0.0306239984929561,0,0.027641849592328,0,0.2081947773694992,0,0.0012176196323707
0,0.2042487859725952,0,0.7271643280982971,0,0.0604108832776546,0,0.1143533438444137
0,0.0035463434178382,0,0.0004585720598697,0,0.0017040342791005,0,1.827521737141069e-05
0,0.2318915426731109,0,0.0225209966301918,0,0.4536753594875335,0,0.0250101722776889
0,0.0015053213573992,0,0.0001829057582654,0,0.0074038514867424,0,8.795264875516295e-05
0,0.0007245608139783,0,3.748032031580806e-05,0,0.0003500704478938,0,0.000206920230994
0,0.0046052397228777,0,0.0016115583712235,0,0.0013871665578335,0,2.1255169485812075e-05
0,0.0030748157296329,0,0.0001849400287028,0,0.0033552737440913,0,3.0072542358539067e-05
0,0.0006444522878155,0,0.0001159851308329,0,0.0019241028930991,0,0.000312998163281
0,0.0018441929714754,0,4.67202662548516e-05,0,0.0005129109486006,0,0.0001942574162967
0,0.0050542308017611,0,0.0003034914552699,0,0.0225299634039402,0,0.0004676549287978
0,0.0010327291674911,0,0.0004310661461204,0,0.0019656855147331,0,9.375983609061224e-06
0,0.0029650565702468,0,0.0001604884309927,0,0.0056780404411256,0,3.1383558962261304e-05
0,0.0022771311923861,0,0.0001152432887465,0,0.0001924921671161,0,8.925123256631196e-05
0,0.0009592729620635,0,7.169325544964522e-05,0,0.0007027956889942,0,3.1355801183963194e-05
0,0.0012812555069103,0,0.0002593047975096,0,0.0054295482113957,0,6.383766594808549e-05
0,0.0008787952247075,0,0.0005449225427582,0,0.0008091138442978,0,6.322866283881012e-06
0,0.0018793939379975,0,6.31662187515758e-05,0,0.0017027063295245,0,3.323054261272773e-05
0,0.0113755725324153,0,8.256996079580858e-05,0,0.0002208778605563,0,3.217501898689079e-06
0,0.0136724850162863,0,0.0001083703609765,0,0.0003325199068058,0,4.549878212856129e-06
0,0.0082175582647323,0,0.0003951167163904,0,0.0005285285296849,0,1.330819031863939e-05
0,0.0025455057621002,0,0.0015044608153402,0,0.0008295240113511,0,0.0001487021509092
0,0.0703803673386573,0,0.9834268093109132,0,0.025877134874463,0,0.0235214047133922
0,0.3550130724906921,0,0.991878628730774,0,0.9634156823158264,0,0.013963165692985
0,0.0036309943534433,0,0.000940196972806,0,0.0038306235801428,0,0.0002580676809884
0,0.008861812762916,0,0.0036227302625775,0,0.0011533002834767,0,0.0011372279841452
0,0.0577749833464622,0,0.0038865287788212,0,0.0228542350232601,0,0.0366723202168941
0,0.0093503445386886,0,0.0009138893801718,0,0.0010836191941052,0,7.214480137918144e-05
0,0.0068792644888162,0,0.0015977922594174,0,0.0039360914379358,0,0.0003601729695219
0,0.0069993394427001,0,0.0003550692636054,0,0.0005048058228567,0,2.697179661481641e-05
0,0.0006009162752889,0,0.0001451892894692,0,0.0006086351932026,0,4.8454762691108044e-06
0,0.0025365732144564,0,0.0002635409182403,0,0.0007621675613336,0,4.118528522667475e-05
0,0.0034836078993976,0,0.0004294333339203,0,0.000688788248226,0,5.237040022620931e-05
0,0.0433973409235477,0,0.0021090353839099,0,0.0022789433132857,0,1.306097510678228e-05
0,0.0119687700644135,0,0.013430125080049,0,0.016484024003148,0,4.688272383646108e-05
0,0.1145234331488609,0,0.0079401042312383,0,0.0013747658813372,0,0.0015062333550304
0,0.4902879893779754,0,0.0150924334302544,0,0.0218074154108762,0,0.0005305436789058
0,0.8081310391426086,0,0.2300699949264526,0,0.1293330490589141,0,0.0076036169193685
0,0.726909339427948,0,0.2938615083694458,0,0.1719893366098404,0,0.5499326586723328
0,0.0167120434343814,0,0.0001301581069128,0,0.0307127200067043,0,0.0026967993471771
0,0.0016539382049813,0,0.000199013040401,0,0.0019735235255211,0,7.43917280487949e-06
0,0.0310400947928428,0,0.0002368289133301,0,0.0232007075101137,0,0.00433607166633
0,0.00197065458633,0,0.0005910083418712,0,0.0003885628830175,0,0.0002351342409383
0,0.0013290744973346,0,0.000292469660053,0,0.0073136123828589,0,4.11696637456771e-05
0,0.0095729399472475,0,0.0012853569351136,0,0.0379659496247768,0,0.0003070654929615
0,0.0020742183551192,0,0.0002329172275494,0,0.0002330765128135,0,1.7389871572959237e-05
0,0.0016956449253484,0,0.0004279276763554,0,0.0018111391691491,0,0.0012679246719926
0,0.1114145666360855,0,0.2634627521038055,0,0.0213004983961582,0,0.0244974307715892
0,0.0040758629329502,0,0.0003861335571855,0,0.0018934528343379,0,5.90724557696376e-05
0,0.0031088767573237,0,0.0003184233210049,0,0.000248021678999,0,2.951676606244291e-06
0,0.0071937129832804,0,0.0001390184334013,0,0.0034624247346073,0,0.0001188445021398
0,0.0028220666572451,0,0.0004827142111025,0,0.0039258413016796,0,6.647621194133535e-05
0,0.5599931478500366,0,0.0254820827394723,0,0.5844255089759827,0,0.0001341558527201
0,0.7776970863342285,0,0.0257134549319744,0,0.4823279976844787,0,0.5295889377593994
0,0.0985021516680717,0,0.029410108923912,0,0.0044388934038579,0,0.0007168664014898
0,0.0515082478523254,0,0.0700954869389534,0,0.0063930111937224,0,0.0009160723420791
0,0.0322482176125049,0,0.0011833383468911,0,0.0012236649636179,0,0.0002521682181395
0,0.0005887274746783,0,0.0007321393932215,0,0.0003901026211678,0,4.074195385328494e-05
0,0.0141733521595597,0,0.0013973070308566,0,0.0039034138899296,0,0.0001869519910542
0,0.003150979289785,0,0.0005882013356313,0,0.0004613016790244,0,0.000239176195464
0,0.0145812770351767,0,0.0006766194128431,0,0.0121790766716003,0,0.0004577524960041
0,0.0012834551744163,0,9.148885146714748e-05,0,4.307981362217106e-05,0,1.0598703738651238e-05
0,0.0362833365797996,0,0.0046461792662739,0,0.0017712049884721,0,7.60809998610057e-05
0,0.0041911643929779,0,0.0052766264416277,0,0.0003591616114135,0,2.0212351955706254e-05
0,0.0541816800832748,0,0.841655433177948,0,0.0356228053569793,0,0.0366964004933834
0,0.0381317250430583,0,0.0309569016098976,0,0.0058272839523851,0,0.0439432859420776
0,0.1274241507053375,0,0.008744859136641,0,0.0018477628473192,0,0.0001154865167336
0,0.7692911624908447,0,0.3804982304573059,0,0.1699520051479339,0,0.3259707689285278
0,0.0165749266743659,0,0.0396426543593406,0,0.8714891076087952,0,0.9785295724868774
0,0.3269136846065521,0,0.2976993322372436,0,0.0219046548008918,0,0.0033869459293782
0,0.0757998973131179,0,0.5901468396186829,0,0.1138136684894561,0,0.0503690391778945
0,0.0176514498889446,0,0.0107668489217758,0,0.0118639599531888,0,4.052483927807771e-05
0,0.2826225757598877,0,0.8166148066520691,0,0.2907246351242065,0,0.0001303467724937
0,0.0053682075813412,0,0.0003638906928244,0,0.0012852405197918,0,5.363905984268058e-06
0,0.0026838136836886,0,0.0155621347948908,0,0.0004014894657302,0,0.0002006761205848
0,0.0011700440663844,0,0.000110960107122,0,0.000204284544452,0,3.2477012155140983e-06
0,0.001769243273884,0,0.0033419553656131,0,0.0009419220732524,0,1.3603645129478537e-05
0,0.0622105076909065,0,0.0090257283300161,0,0.0070836953818798,0,8.034978236537427e-05
0,0.0270106866955757,0,0.0035740411840379,0,0.0109281297773122,0,0.0005431928439065
0,0.0445153005421161,0,0.0087333004921674,0,0.0018478146521374,0,0.0013990752631798
0,0.0041055013425648,0,0.0001675105158938,0,7.600276148878038e-05,0,1.155897007265594e-05
0,0.0063169109635055,0,0.0001954146136995,0,0.0026134713552892,0,7.586547326354776e-06
0,0.0044263685122132,0,0.0001837349846027,0,0.0011732632992789,0,0.0001398513995809
0,0.5359702706336975,0,0.0026894365437328,0,0.3907009959220886,0,0.0277497880160808
0,0.002572055440396,0,5.985470124869608e-05,0,0.0002881511172745,0,1.3304078265719e-06
0,0.2226408123970031,0,0.0015640186611562,0,0.0155629608780145,0,0.0048195491544902
0,0.0024304259568452,0,0.0002952013164758,0,0.0009073771652765,0,9.499621228314936e-05
0,0.0118801370263099,0,0.0004192544147372,0,0.0005586692132055,0,0.0001466980756958
0,0.007461211644113,0,0.0018777872901409,0,0.0046009705401957,0,0.0003781705745495
0,0.3680442869663238,0,0.376382052898407,0,0.0055994703434407,0,0.0040380735881626
0,0.0068992134183645,0,0.0006968732341192,0,0.0032160226255655,0,0.0007594354101456
0,0.2743926346302032,0,0.118767961859703,0,0.0009038700372911,0,0.0160709470510482
0,0.0060871443711221,0,0.0008261458133347,0,0.0043133180588483,0,0.000110162240162
0,0.2217416763305664,0,0.2073503732681274,0,0.0015453890664502,0,0.0002638109144754
0,0.6138367056846619,0,0.3341582715511322,0,0.5420751571655273,0,0.0078632067888975
0,0.0994548574090004,0,0.0001275032263947,0,0.0006322444532997,0,0.0003281190874986
0,0.0039426642470061,0,0.0002520775888115,0,0.0001463503285776,0,4.834102946915664e-05
0,0.001874855486676,0,0.000512353843078,0,0.0001707003248156,0,2.256009065604303e-05
0,0.0074994890019297,0,0.0018393364734947,0,0.0033769123256206,0,0.0003331878979224
0,0.0326506644487381,0,0.0007216789526864,0,0.0030352743342518,0,1.7284024579566903e-05
