fold_1_labels,fold_1_predictions,fold_2_labels,fold_2_predictions,fold_3_labels,fold_3_predictions,fold_4_labels,fold_4_predictions
1,0.0359095260500907,1,0.1096095219254493,1,0.0510792694985866,1,0.1242034435272216
1,0.1110751181840896,1,0.1038373336195945,1,0.0621310621500015,1,0.2223300337791443
1,0.1923411786556244,1,0.1178020313382148,1,0.2685150504112243,1,0.2632889151573181
1,0.3662232160568237,1,0.12143325060606,1,0.4529817998409271,1,0.3435615599155426
1,0.3017440736293793,1,0.115345150232315,1,0.3845340013504028,1,0.3066671788692474
1,0.4236074686050415,1,0.1209870055317878,1,0.4973001480102539,1,0.3667457997798919
1,0.2985635995864868,1,0.1151051446795463,1,0.3400743305683136,1,0.3176040947437286
1,0.3025451302528381,1,0.1151974573731422,1,0.1186989396810531,1,0.3086116313934326
1,0.106241375207901,1,0.1052700281143188,1,0.15322907269001,1,0.1071651652455329
1,0.197395458817482,1,0.1096870526671409,1,0.0441908314824104,1,0.1907975524663925
1,0.1586690694093704,1,0.1097781509160995,1,0.2178335040807724,1,0.2470836341381073
1,0.2809240520000458,1,0.1130902767181396,1,0.3261166512966156,1,0.2518917024135589
1,0.1900325566530227,1,0.1077348068356514,1,0.1242012456059455,1,0.1117269769310951
1,0.0726866349577903,1,0.1083284094929695,1,0.0333287566900253,1,0.1014996394515037
1,0.125128224492073,1,0.1081570833921432,1,0.0742738842964172,1,0.1177993938326835
1,0.1313615441322326,1,0.1072907373309135,1,0.0384913496673107,1,0.075986810028553
1,0.2791678011417389,1,0.1136146932840347,1,0.2906926572322845,1,0.3129097819328308
1,0.2789285480976105,1,0.1150327548384666,1,0.3671481907367706,1,0.3067953884601593
1,0.1970212459564209,1,0.1095646470785141,1,0.2977409660816192,1,0.1349962949752807
1,0.1579091846942901,1,0.1133516058325767,1,0.229232519865036,1,0.2247799932956695
1,0.2847740650177002,1,0.1153382733464241,1,0.3154514729976654,1,0.3094023764133453
0,0.1420533657073974,0,0.1093336567282676,0,0.1344921141862869,0,0.1227661371231079
0,0.0377480834722518,0,0.1121566519141197,0,0.1679184287786483,0,0.1124178320169448
0,0.1655523478984832,0,0.1090985909104347,0,0.2263713330030441,0,0.1642534881830215
0,0.1489794254302978,0,0.1114193499088287,0,0.1312823891639709,0,0.1602644622325897
0,0.1735720783472061,0,0.109325997531414,0,0.2689554095268249,0,0.1022475808858871
0,0.1128439009189605,0,0.1123358905315399,0,0.1786990016698837,0,0.1977308690547943
0,0.1940732300281524,0,0.1096938848495483,0,0.2050685882568359,0,0.2231224477291107
0,0.2273871898651123,0,0.1104604303836822,0,0.1829632818698883,0,0.2449101060628891
0,0.1440650671720504,0,0.1092838943004608,0,0.1115586385130882,0,0.091492548584938
0,0.0631368979811668,0,0.1082932129502296,0,0.0700920224189758,0,0.1556819081306457
0,0.0459552928805351,0,0.1095902770757675,0,0.1262485384941101,0,0.0962104052305221
0,0.0336789488792419,0,0.1086915507912635,0,0.1098336800932884,0,0.0455449149012565
0,0.1795820444822311,0,0.1060918718576431,0,0.1081222891807556,0,0.1356748938560485
0,0.0247037205845117,0,0.1069507300853729,0,0.0942799374461174,0,0.0435668267309665
0,0.1368224024772644,0,0.1093048676848411,0,0.0748207047581672,0,0.1898682713508606
0,0.1228055283427238,0,0.1136873289942741,0,0.0558177642524242,0,0.2423402518033981
0,0.0254392214119434,0,0.1071327254176139,0,0.0206967052072286,0,0.0553786382079124
0,0.0287048779428005,0,0.1028461083769798,0,0.0202809944748878,0,0.0456893108785152
0,0.1361126452684402,0,0.1093294695019722,0,0.149006187915802,0,0.2278293222188949
0,0.0837355181574821,0,0.1104058250784874,0,0.0398509800434112,0,0.0936388820409774
0,0.0769863799214363,0,0.1093752607703208,0,0.1007732823491096,0,0.1173613741993904
0,0.1046165749430656,0,0.1149423941969871,0,0.2928225696086883,0,0.2400640994310379
0,0.1567267924547195,0,0.1091703996062278,0,0.0736087039113044,0,0.1665457338094711
0,0.2055519074201584,0,0.1110549420118331,0,0.1978892982006073,0,0.2541530728340149
0,0.148423969745636,0,0.1102506890892982,0,0.193383902311325,0,0.1735862791538238
0,0.1672374755144119,0,0.1087981387972831,0,0.1591151058673858,0,0.0946456044912338
0,0.0877013802528381,0,0.1107888221740722,0,0.0788980200886726,0,0.1781436949968338
0,0.0760217756032943,0,0.1083077788352966,0,0.2003307342529297,0,0.0822910591959953
0,0.3208487331867218,0,0.102362222969532,0,0.2219320684671402,0,0.2486282587051391
0,0.1177159249782562,0,0.1089603975415229,0,0.1176334097981453,0,0.1983613520860672
0,0.1042209863662719,0,0.1115833520889282,0,0.142084389925003,0,0.1312580555677414
0,0.1307877302169799,0,0.1094173640012741,0,0.1699335128068924,0,0.2271473556756973
0,0.1490210145711898,0,0.1092076003551483,0,0.1976500898599624,0,0.0940138772130012
0,0.0569984018802642,0,0.1087177172303199,0,0.1447163224220276,0,0.2098559290170669
0,0.1413791477680206,0,0.1107192784547805,0,0.0948872417211532,0,0.1271853148937225
0,0.1454466581344604,0,0.1114305332303047,0,0.1654157787561416,0,0.1522805988788604
0,0.1827827841043472,0,0.1124569177627563,0,0.1425381749868393,0,0.2065107971429824
0,0.0505198426544666,0,0.1092169731855392,0,0.1297213584184646,0,0.0969085469841957
0,0.2309431284666061,0,0.1117057278752327,0,0.2316716462373733,0,0.2312450408935547
0,0.2415839731693267,0,0.1144705861806869,0,0.2953797280788421,0,0.308065801858902
0,0.1419829279184341,0,0.1104959398508071,0,0.0446067601442337,0,0.1401671469211578
0,0.2012820392847061,0,0.1116164699196815,0,0.1566411405801773,0,0.2778879404067993
0,0.0404553487896919,0,0.1096431985497474,0,0.0421915352344512,0,0.0626555159687995
0,0.1020703315734863,0,0.1110455244779586,0,0.1088808551430702,0,0.0930999889969825
0,0.2934207916259765,0,0.1118639260530471,0,0.2916825115680694,0,0.2794182002544403
0,0.1627651453018188,0,0.1096296459436416,0,0.1067325696349144,0,0.2980953752994537
0,0.1939986944198608,0,0.1085233017802238,0,0.1557183265686035,0,0.2827895581722259
0,0.2264729291200637,0,0.113893948495388,0,0.2157758921384811,0,0.2663719952106476
0,0.0877653583884239,0,0.1084972843527793,0,0.0658845677971839,0,0.1286965906620025
0,0.2125598043203354,0,0.108912669122219,0,0.2291076034307479,0,0.2033898532390594
0,0.0938950702548027,0,0.1124708205461502,0,0.1329813003540039,0,0.1847608834505081
0,0.273849606513977,0,0.1171704307198524,0,0.3532417416572571,0,0.3162890970706939
0,0.0379296317696571,0,0.1081510931253433,0,0.0942234173417091,0,0.0562229193747043
0,0.0510527193546295,0,0.1090037971735,0,0.1083618625998497,0,0.0474973954260349
0,0.1249065473675727,0,0.105144590139389,0,0.1010647863149643,0,0.0497900061309337
0,0.0508370324969291,0,0.109504647552967,0,0.1062883362174034,0,0.0673431530594825
0,0.0601704716682434,0,0.1084586009383201,0,0.0483462065458297,0,0.0544777251780033
0,0.0267317667603492,0,0.106230191886425,0,0.0367057807743549,0,0.0517887473106384
0,0.0503559820353984,0,0.1084081828594207,0,0.0599030070006847,0,0.0608263462781906
0,0.0635335519909858,0,0.1077340766787529,0,0.1579394787549972,0,0.0514729283750057
0,0.0320604480803012,0,0.1073327362537384,0,0.1302810758352279,0,0.1021744385361671
0,0.0979519188404083,0,0.1094947680830955,0,0.2418349981307983,0,0.125560775399208
0,0.1156976893544197,0,0.1119286268949508,0,0.1192953288555145,0,0.1496880501508712
0,0.02686601690948,0,0.1080417558550834,0,0.0191761422902345,0,0.0548688285052776
0,0.0717890560626983,0,0.112862579524517,0,0.0667144730687141,0,0.1219616755843162
0,0.0409447476267814,0,0.109463132917881,0,0.0521109215915203,0,0.1118118241429328
0,0.0600401423871517,0,0.1096413135528564,0,0.0383695624768734,0,0.0855572074651718
0,0.0737660899758338,0,0.1095734313130378,0,0.0393247753381729,0,0.1292668282985687
0,0.1468652039766311,0,0.113093301653862,0,0.2011878937482834,0,0.153439775109291
0,0.1179686337709426,0,0.1134023442864418,0,0.2268839627504348,0,0.1590222865343094
0,0.1770908534526825,0,0.1138755902647972,0,0.1204893067479133,0,0.1934707760810852
0,0.1796366274356842,0,0.112429492175579,0,0.1221206188201904,0,0.1742806583642959
0,0.1688033640384674,0,0.1113414242863655,0,0.163506343960762,0,0.2869914770126343
0,0.0344443395733833,0,0.1122834905982017,0,0.0675161853432655,0,0.151283785700798
0,0.3964142799377441,0,0.1242909654974937,0,0.4007942676544189,0,0.3822516798973083
0,0.1536273211240768,0,0.112373910844326,0,0.1973895281553268,0,0.1799256950616836
0,0.1544134765863418,0,0.1107965931296348,0,0.1649620085954666,0,0.1963679492473602
0,0.1127414256334304,0,0.1133514195680618,0,0.2074639648199081,0,0.2059251070022583
0,0.1331781893968582,0,0.1135030835866928,0,0.1010972410440445,0,0.1083588376641273
0,0.0705790817737579,0,0.1121896654367446,0,0.0690686255693435,0,0.072172462940216
0,0.1651503145694732,0,0.1170092970132827,0,0.1899072229862213,0,0.2256124317646026
0,0.0812071189284324,0,0.1124212592840194,0,0.1022145375609397,0,0.0837363079190254
0,0.2156187742948532,0,0.1158004254102706,0,0.2003348469734192,0,0.2485848814249038
0,0.2416665107011795,0,0.1158287748694419,0,0.2686419486999511,0,0.2015703320503235
0,0.0719704777002334,0,0.112662062048912,0,0.0819134190678596,0,0.0674976557493209
0,0.0608617849647998,0,0.1146765276789665,0,0.0702867582440376,0,0.0872090011835098
0,0.1810883581638336,0,0.1155582442879676,0,0.2142769247293472,0,0.2905056774616241
0,0.0819182395935058,0,0.1105847656726837,0,0.1283963322639465,0,0.1807685196399688
0,0.2557986676692962,0,0.1181650906801223,0,0.1909109205007553,0,0.2681124806404114
0,0.0975646153092384,0,0.1128403767943382,0,0.0991405025124549,0,0.1448406875133514
0,0.1454040259122848,0,0.1128842309117317,0,0.2813761234283447,0,0.1101266965270042
0,0.2090018391609192,0,0.1136610805988311,0,0.2351353019475937,0,0.2923620343208313
0,0.2480640709400177,0,0.1131887659430503,0,0.2325058728456497,0,0.1128173395991325
0,0.1787922382354736,0,0.1143601238727569,0,0.146528959274292,0,0.1892991811037063
0,0.0562993697822093,0,0.1122793108224868,0,0.0346911922097206,0,0.1887659728527069
0,0.0867931470274925,0,0.1082931607961654,0,0.085198737680912,0,0.0775863900780677
0,0.0468321740627288,0,0.108479231595993,0,0.2812115848064422,0,0.0599819906055927
0,0.1423428356647491,0,0.1085483953356742,0,0.1184478551149368,0,0.2198934555053711
0,0.1726394444704055,0,0.1096470579504966,0,0.3508584499359131,0,0.092403195798397
0,0.1637748926877975,0,0.1117808148264885,0,0.1427873224020004,0,0.1698621064424514
0,0.2024721801280975,0,0.111422523856163,0,0.2175961583852768,0,0.2857716083526611
0,0.0730102285742759,0,0.108347550034523,0,0.063251256942749,0,0.1386513262987136
0,0.1343760937452316,0,0.1088741943240165,0,0.1651117205619812,0,0.1852629035711288
0,0.1292849481105804,0,0.1114014312624931,0,0.2371571809053421,0,0.1882930248975753
0,0.1437931954860687,0,0.111620046198368,0,0.2157452404499054,0,0.1612749546766281
0,0.209171250462532,0,0.1147524788975715,0,0.3152302503585815,0,0.2861230671405792
0,0.2360517531633377,0,0.1127370372414588,0,0.3551948070526123,0,0.2104844748973846
0,0.2654187977313995,0,0.1116575896739959,0,0.1587712913751602,0,0.3016997575759887
0,0.0386632159352302,0,0.1108056679368019,0,0.0343638770282268,0,0.2747313380241394
0,0.1234436780214309,0,0.1069718226790428,0,0.073890745639801,0,0.062881700694561
0,0.0524991750717163,0,0.1066402047872543,0,0.0704501941800117,0,0.057886678725481
0,0.0309484545141458,0,0.1042523235082626,0,0.0544252730906009,0,0.0457987934350967
0,0.0555218048393726,0,0.10664913803339,0,0.0608113966882228,0,0.0592465363442897
0,0.0377715975046157,0,0.1051668673753738,0,0.120132602751255,0,0.0472430400550365
0,0.25089231133461,0,0.1096068769693374,0,0.1433620303869247,0,0.2690684795379638
0,0.1234002113342285,0,0.1124014183878898,0,0.3279386758804321,0,0.235142633318901
0,0.209520161151886,0,0.1163569092750549,0,0.1825330853462219,0,0.1988238990306854
0,0.0527142323553562,0,0.1145673692226409,0,0.1283832341432571,0,0.1180998831987381
0,0.2378558218479156,0,0.1154315173625946,0,0.1467533856630325,0,0.1921572387218475
0,0.4310949742794037,0,0.1239029467105865,0,0.4804390370845794,0,0.3375670909881592
0,0.0931842923164367,0,0.1138194724917411,0,0.0947302356362342,0,0.1538389921188354
0,0.0516775175929069,0,0.1108000054955482,0,0.0618748478591442,0,0.0667772218585014
0,0.0719008594751358,0,0.1053191050887107,0,0.0440831258893013,0,0.0557873472571373
0,0.0416568256914615,0,0.1031542643904686,0,0.0815742909908294,0,0.0535764507949352
0,0.315335750579834,0,0.1147352755069732,0,0.2992846667766571,0,0.2698344588279724
0,0.029778104275465,0,0.1030268371105194,0,0.0474149100482463,0,0.0472937263548374
0,0.0234976485371589,0,0.1038983091711998,0,0.0253706164658069,0,0.0492143929004669
0,0.0223824232816696,0,0.1056129112839698,0,0.0339607931673526,0,0.0447167307138443
0,0.0536776036024093,0,0.1032078862190246,0,0.1009295806288719,0,0.0516624450683593
0,0.3309794962406158,0,0.1151971966028213,0,0.2460909932851791,0,0.2900504767894745
0,0.0404358953237533,0,0.1039975434541702,0,0.0525947622954845,0,0.0476757772266864
0,0.1486556082963943,0,0.1107709780335426,0,0.223505362868309,0,0.1492267549037933
0,0.2617210745811462,0,0.1115694865584373,0,0.3480184078216553,0,0.2573541700839996
0,0.2365530878305435,0,0.1161959543824195,0,0.3287192583084106,0,0.3066608309745788
0,0.1749087870121002,0,0.1079807132482528,0,0.0910582616925239,0,0.2227843999862671
0,0.2914240658283233,0,0.1128713265061378,0,0.3089083433151245,0,0.3007065653800964
0,0.2028319388628006,0,0.1136763840913772,0,0.1279598474502563,0,0.199311152100563
0,0.1546311825513839,0,0.1134730130434036,0,0.2846484184265136,0,0.2487303465604782
0,0.2160932570695877,0,0.1116601973772049,0,0.148837074637413,0,0.2481226176023483
0,0.2065504193305969,0,0.1088742464780807,0,0.154312178492546,0,0.1547282487154007
0,0.2035389393568039,0,0.1101967766880989,0,0.2427950501441955,0,0.1888683289289474
0,0.1019990965723991,0,0.1092977076768875,0,0.0606606863439083,0,0.1585153490304947
0,0.0451279170811176,0,0.1113943755626678,0,0.1088564321398735,0,0.1327354162931442
0,0.1552578061819076,0,0.1173062324523925,0,0.2348866909742355,0,0.260167121887207
0,0.1400886327028274,0,0.1143684834241867,0,0.241343542933464,0,0.2065343260765075
0,0.0544551201164722,0,0.1101403757929802,0,0.0684931203722953,0,0.1718814074993133
0,0.0928765013813972,0,0.1128788366913795,0,0.2528393566608429,0,0.2300689667463302
0,0.0418770164251327,0,0.1112259551882743,0,0.0536223575472831,0,0.0623759478330612
0,0.0504615046083927,0,0.1065122336149215,0,0.0645061060786247,0,0.0756503865122795
0,0.0790246650576591,0,0.1098918318748474,0,0.0605117827653884,0,0.1238988041877746
0,0.1287081986665725,0,0.1106811091303825,0,0.141692578792572,0,0.1857982277870178
0,0.4101894795894623,0,0.1203920766711235,0,0.3308491706848144,0,0.3391494750976562
0,0.3449024260044098,0,0.1208851560950279,0,0.3034243881702423,0,0.3464068174362182
0,0.3262733221054077,0,0.1203819587826728,0,0.4657211303710937,0,0.3141715228557586
0,0.0615474767982959,0,0.110430970788002,0,0.1346381902694702,0,0.0685436427593231
0,0.0849707350134849,0,0.1103710979223251,0,0.1502114087343216,0,0.0823539569973945
0,0.0278976522386074,0,0.1098699867725372,0,0.0400734059512615,0,0.0479387827217578
0,0.2398168444633484,0,0.1063841953873634,0,0.2302810996770858,0,0.2324628233909607
0,0.1846425533294677,0,0.1112165302038192,0,0.2627860605716705,0,0.2266510128974914
0,0.0385999120771884,0,0.1107255890965461,0,0.1304937750101089,0,0.0456075444817543
0,0.0555408708751201,0,0.1119015589356422,0,0.3825972080230713,0,0.0633078590035438
0,0.096641756594181,0,0.1160432621836662,0,0.099699430167675,0,0.2257147580385208
0,0.037174928933382,0,0.1090511828660965,0,0.063233770430088,0,0.050210453569889
0,0.0364633053541183,0,0.1115931868553161,0,0.0652303099632263,0,0.1762332022190094
0,0.1934662908315658,0,0.1111410334706306,0,0.0864515975117683,0,0.2280397415161132
0,0.0264328010380268,0,0.1090309470891952,0,0.0770990476012229,0,0.0428453125059604
0,0.0347042866051197,0,0.1105590164661407,0,0.2074426263570785,0,0.1482477486133575
0,0.0385541543364524,0,0.108335793018341,0,0.2262985557317733,0,0.2360884845256805
0,0.2005531042814254,0,0.1156117096543312,0,0.2282274812459945,0,0.2368541359901428
0,0.0680879950523376,0,0.1100169867277145,0,0.0858581513166427,0,0.1275710314512252
0,0.2175825089216232,0,0.1133890822529792,0,0.2751469910144806,0,0.2252135872840881
0,0.2328122705221176,0,0.1133496686816215,0,0.3432069718837738,0,0.2297495007514953
0,0.2890860736370086,0,0.1122249513864517,0,0.3008742928504944,0,0.2212915420532226
0,0.3379364311695099,0,0.1136244311928749,0,0.3337498307228088,0,0.2491498440504074
0,0.0574999451637268,0,0.1094589903950691,0,0.1161839589476585,0,0.2352616488933563
0,0.2669895887374878,0,0.1110922992229461,0,0.2387136071920395,0,0.2016560435295105
0,0.2353210151195526,0,0.1124067232012748,0,0.1318568438291549,0,0.288106232881546
0,0.0339124724268913,0,0.106899507343769,0,0.0593594275414943,0,0.0414825938642025
0,0.1453988850116729,0,0.1115816086530685,0,0.1037928014993667,0,0.1488381773233413
0,0.0432202219963073,0,0.1074855476617813,0,0.0698259994387626,0,0.1669620871543884
0,0.374114841222763,0,0.1156245842576026,0,0.2982115149497986,0,0.2892076075077057
0,0.1930619329214096,0,0.1122130304574966,0,0.2380528151988983,0,0.2952654361724853
0,0.2049177139997482,0,0.112303502857685,0,0.2655485272407532,0,0.2122870832681656
0,0.0345367193222045,0,0.1117130368947982,0,0.0663956478238105,0,0.0711242631077766
0,0.0808292254805564,0,0.1119808629155159,0,0.0894979238510131,0,0.2026960849761963
0,0.1399163603782653,0,0.1092732772231102,0,0.0507256165146827,0,0.0752942115068435
0,0.1008342802524566,0,0.1097582951188087,0,0.0886941105127334,0,0.0831591635942459
0,0.0722849294543266,0,0.1103780791163444,0,0.0988868251442909,0,0.1172012984752655
0,0.1372349560260772,0,0.1113860085606575,0,0.1648042798042297,0,0.2068603187799453
0,0.059481181204319,0,0.1076990216970443,0,0.1086881309747695,0,0.0771877393126487
0,0.2317497879266739,0,0.1099273636937141,0,0.15401391685009,0,0.212311789393425
0,0.0840418189764022,0,0.1131313443183898,0,0.1443493962287902,0,0.1892635226249694
0,0.0545910075306892,0,0.1114383488893508,0,0.0781862437725067,0,0.169876143336296
0,0.0359032675623893,0,0.110613003373146,0,0.0969821214675903,0,0.0927163287997245
0,0.1609973907470703,0,0.1144521459937095,0,0.0971954017877578,0,0.181107223033905
0,0.1172977834939956,0,0.1149479001760482,0,0.0930627137422561,0,0.1996970325708389
0,0.2193166613578796,0,0.1183071881532669,0,0.2838307023048401,0,0.2786428034305572
0,0.3294813632965088,0,0.1158163547515869,0,0.3318831324577331,0,0.2701508104801178
0,0.2572012543678283,0,0.1147312596440315,0,0.3271135985851288,0,0.2636238932609558
0,0.2158796191215515,0,0.1161526069045066,0,0.2590238153934479,0,0.2542674243450165
0,0.1843573451042175,0,0.1167787760496139,0,0.3171607255935669,0,0.2570056915283203
0,0.138170525431633,0,0.1159413084387779,0,0.333318293094635,0,0.2656961679458618
0,0.1736675500869751,0,0.1176335737109184,0,0.1436988115310669,0,0.2845259010791778
0,0.054554421454668,0,0.1046285778284072,0,0.0942124053835868,0,0.0607023611664772
0,0.0856099352240562,0,0.115134909749031,0,0.087042436003685,0,0.1750190407037735
0,0.0476441793143749,0,0.1145638599991798,0,0.0902198851108551,0,0.0741161257028579
0,0.3528907299041748,0,0.1184433102607727,0,0.4001695215702057,0,0.369262158870697
0,0.3171554207801819,0,0.1186267733573913,0,0.314925342798233,0,0.3247263431549072
0,0.1115733310580253,0,0.1143875941634178,0,0.071782611310482,0,0.2191719263792038
0,0.0587082505226135,0,0.1131974458694458,0,0.1006094738841056,0,0.0701382532715797
0,0.3290613889694214,0,0.1142859905958175,0,0.4341025352478027,0,0.3434001505374908
0,0.0578907765448093,0,0.1099093630909919,0,0.1349594891071319,0,0.0731189921498298
0,0.0314017869532108,0,0.1089980080723762,0,0.114529974758625,0,0.0861580893397331
0,0.0432981476187706,0,0.1074831113219261,0,0.2220402508974075,0,0.0835714563727378
0,0.0559423118829727,0,0.1107852980494499,0,0.0654716491699218,0,0.0702862069010734
0,0.0638040602207183,0,0.1100396439433097,0,0.2708474397659302,0,0.0770592913031578
0,0.1354241222143173,0,0.1110391989350318,0,0.0662600770592689,0,0.0662756338715553
0,0.0310022141784429,0,0.1102771237492561,0,0.0846470594406127,0,0.0832304805517196
0,0.0394903793931007,0,0.1088279336690902,0,0.0710551589727401,0,0.0490071922540664
0,0.2182421386241912,0,0.1138922125101089,0,0.1996347457170486,0,0.2722972929477691
0,0.1036825999617576,0,0.1137471944093704,0,0.2368773370981216,0,0.2226206064224243
0,0.0377378761768341,0,0.1096212342381477,0,0.0425261557102203,0,0.0674387142062187
0,0.3439485728740692,0,0.1199589967727661,0,0.5342656373977661,0,0.3563609421253204
0,0.3044545352458954,0,0.1188426464796066,0,0.4593707621097564,0,0.3135781586170196
0,0.3288987874984741,0,0.1206846162676811,0,0.5051218271255493,0,0.3482901453971863
1,0.2834624648094177,1,0.1137236431241035,1,0.3410289287567138,1,0.2536387145519256
1,0.1941981166601181,1,0.1104979142546653,1,0.3233486115932464,1,0.2150443941354751
1,0.349825769662857,1,0.1151080876588821,1,0.4174292385578155,1,0.3421364426612854
1,0.2459670901298523,1,0.1123208329081535,1,0.4530384242534637,1,0.2014165222644806
1,0.2612219452857971,1,0.1129322350025177,1,0.2615850269794464,1,0.3059519529342651
1,0.4030444920063019,1,0.1241274252533912,1,0.3975622355937958,1,0.3767139017581939
1,0.361841082572937,1,0.1187364533543586,1,0.418067455291748,1,0.3528385460376739
1,0.1097910851240158,1,0.1156265586614608,1,0.1231189593672752,1,0.1740636974573135
1,0.0783656910061836,1,0.1126564666628837,1,0.159484788775444,1,0.3055570125579834
1,0.0558984987437725,1,0.1134757176041603,1,0.1213552951812744,1,0.2091524749994278
1,0.1432557702064514,1,0.1072272658348083,1,0.2229959666728973,1,0.2374447882175445
1,0.2411912381649017,1,0.1080399379134178,1,0.1397554129362106,1,0.2293340414762497
1,0.4201438128948211,1,0.1233847886323928,1,0.4549281597137451,1,0.383502185344696
1,0.1606894880533218,1,0.1120179444551467,1,0.2280459403991699,1,0.2225521355867386
1,0.28902268409729,1,0.1200687363743782,1,0.3954567909240722,1,0.3122168481349945
1,0.2063281536102295,1,0.1085977852344513,1,0.1793207377195358,1,0.2192973047494888
1,0.1540050059556961,1,0.1078389734029769,1,0.1743538081645965,1,0.208798348903656
1,0.1956828236579895,1,0.1131107211112976,1,0.2447226196527481,1,0.2590457201004028
1,0.1549333035945892,1,0.1108892560005188,1,0.1145086660981178,1,0.2073966264724731
1,0.1393976062536239,1,0.1142517924308776,1,0.1484095305204391,1,0.2077402919530868
1,0.1205544918775558,1,0.1123210564255714,1,0.1433704197406768,1,0.1860566437244415
1,0.1400210410356521,1,0.1130793541669845,1,0.1622270196676254,1,0.241132915019989
1,0.058494322001934,1,0.1106262952089309,1,0.1039052903652191,1,0.2779178917407989
1,0.0947881191968917,1,0.1098061352968216,1,0.0855949074029922,1,0.1406197994947433
1,0.0414807945489883,1,0.1098340600728988,1,0.0826368406414985,1,0.1834575831890106
1,0.0664139166474342,1,0.1103790700435638,1,0.1953126192092895,1,0.1256283074617386
0,0.1621788144111633,0,0.1130945235490799,0,0.3237231969833374,0,0.2710958421230316
0,0.3310383260250091,0,0.1154976114630699,0,0.154600590467453,0,0.2860278189182281
0,0.2820024192333221,0,0.11348757147789,0,0.2156559377908706,0,0.2734127938747406
0,0.2609840035438537,0,0.1114674061536789,0,0.3323791325092315,0,0.1970258057117462
0,0.3071396052837372,0,0.1106124296784401,0,0.1730150580406189,0,0.2131790220737457
0,0.3695524334907532,0,0.1168153285980224,0,0.4368666112422943,0,0.2979230582714081
0,0.217104434967041,0,0.1110227480530738,0,0.2462879568338394,0,0.2512568235397339
0,0.0281166359782218,0,0.1099092811346054,0,0.0888924002647399,0,0.0635538250207901
0,0.2967661917209625,0,0.1140941604971885,0,0.3631454706192016,0,0.319485604763031
0,0.2095803171396255,0,0.1080343052744865,0,0.1219980865716934,0,0.2655901312828064
0,0.1593039482831955,0,0.1115887910127639,0,0.2089317440986633,0,0.1704681515693664
0,0.051622349768877,0,0.1105392053723335,0,0.074801817536354,0,0.0736142098903656
0,0.0837690010666847,0,0.1166536659002304,0,0.1614286303520202,0,0.1619074642658233
0,0.3226919770240783,0,0.1244720444083213,0,0.3703570663928985,0,0.3618734180927276
0,0.056747131049633,0,0.1108554601669311,0,0.1520788967609405,0,0.2418364733457565
0,0.0371936298906803,0,0.1062969863414764,0,0.0473223850131034,0,0.0736941993236541
0,0.2406383901834488,0,0.1154667064547538,0,0.2054644227027893,0,0.2629095613956451
0,0.0704305693507194,0,0.1140676364302635,0,0.1753958463668823,0,0.1978901028633117
0,0.1314283162355423,0,0.1141409054398536,0,0.175234779715538,0,0.2037095129489898
0,0.2663503289222717,0,0.1164881214499473,0,0.4163066148757934,0,0.317039430141449
0,0.2819758355617523,0,0.1246593371033668,0,0.4269751310348511,0,0.386525422334671
0,0.281497448682785,0,0.1164294630289077,0,0.2609357237815857,0,0.3314602375030517
0,0.2247098684310913,0,0.1152608767151832,0,0.3591347336769104,0,0.2801656126976013
0,0.046262327581644,0,0.1154283657670021,0,0.0935712829232215,0,0.073398619890213
0,0.1496769040822982,0,0.1128687560558319,0,0.1129375845193862,0,0.2036590725183487
0,0.0403868332505226,0,0.106174536049366,0,0.0879703909158706,0,0.0752633213996887
0,0.0372904650866985,0,0.1148113384842872,0,0.0892483815550804,0,0.0845581963658332
0,0.0785877928137779,0,0.1134409755468368,0,0.1006413027644157,0,0.1070025712251663
0,0.0951159298419952,0,0.1142243891954422,0,0.1077184379100799,0,0.1684208214282989
0,0.0417726933956146,0,0.1123382598161697,0,0.0833109617233276,0,0.0772465318441391
0,0.3602716028690338,0,0.1189462468028068,0,0.4436120390892029,0,0.360917866230011
0,0.3316065967082977,0,0.117782138288021,0,0.3331965506076813,0,0.3707909286022186
0,0.196697860956192,0,0.1132925748825073,0,0.2170006483793258,0,0.2991922497749328
0,0.0580793768167495,0,0.1082605645060539,0,0.0616978742182254,0,0.0906869918107986
0,0.1512157618999481,0,0.1146703138947486,0,0.1968645304441452,0,0.215679332613945
0,0.0386779084801673,0,0.1091049462556839,0,0.0806453898549079,0,0.0687587782740593
0,0.0845308452844619,0,0.1116216480731964,0,0.0650884285569191,0,0.0719789043068885
0,0.1678019016981125,0,0.1046321913599968,0,0.0523137710988521,0,0.1037183701992034
0,0.0386213660240173,0,0.1108226999640464,0,0.1173426955938339,0,0.0767849460244178
0,0.0594131201505661,0,0.1045200303196907,0,0.0920361280441284,0,0.0730820447206497
0,0.3579083681106567,0,0.1158311665058136,0,0.4331249296665191,0,0.297803521156311
0,0.0329100042581558,0,0.1056527867913246,0,0.0677911192178726,0,0.0551447495818138
0,0.1303482055664062,0,0.1121154949069023,0,0.1399662494659423,0,0.2027962356805801
0,0.0354958362877368,0,0.1089871302247047,0,0.0669872462749481,0,0.0570317283272743
0,0.0305473767220973,0,0.1084978654980659,0,0.0338130667805671,0,0.0951275080442428
0,0.0266767460852861,0,0.1070931926369667,0,0.1091939657926559,0,0.0684438496828079
0,0.242079421877861,0,0.1109001636505127,0,0.3053813576698303,0,0.2314165979623794
0,0.0429896153509616,0,0.104854367673397,0,0.191501498222351,0,0.1153584346175193
0,0.1828885674476623,0,0.1072621047496795,0,0.1281447112560272,0,0.1332010477781295
0,0.0362206883728504,0,0.1078925430774688,0,0.0617402121424675,0,0.1735518276691436
0,0.043935440480709,0,0.108477383852005,0,0.0377577953040599,0,0.0603233538568019
0,0.0390547700226306,0,0.1087992340326309,0,0.0484850890934467,0,0.0549650117754936
0,0.1292981058359146,0,0.1086948215961456,0,0.0951214432716369,0,0.0608158744871616
0,0.23927603662014,0,0.1112684085965156,0,0.1893742531538009,0,0.1972940266132354
0,0.0732118934392929,0,0.1103951185941696,0,0.0645350739359855,0,0.0802963823080062
0,0.0564541332423687,0,0.1091210469603538,0,0.075018897652626,0,0.0845657065510749
0,0.0640178844332695,0,0.1008668169379234,0,0.1978231966495514,0,0.051254753023386
0,0.1880194991827011,0,0.1123968213796615,0,0.3912231922149658,0,0.2290959358215332
0,0.0464260317385196,0,0.106265127658844,0,0.0371609441936016,0,0.0463065356016159
0,0.2605084180831909,0,0.1146137863397598,0,0.3506098091602325,0,0.3253450691699981
0,0.3320688903331756,0,0.1184370592236518,0,0.4586181342601776,0,0.3079277575016022
0,0.1049629747867584,0,0.1135774403810501,0,0.0761229023337364,0,0.1405853778123855
0,0.0370811857283115,0,0.1041154786944389,0,0.0407696850597858,0,0.0457843802869319
0,0.037235215306282,0,0.1111555993556976,0,0.1909900158643722,0,0.0482431575655937
0,0.0808082520961761,0,0.114842414855957,0,0.0821521505713462,0,0.1469921022653579
0,0.0344884470105171,0,0.1100216284394264,0,0.0795556977391243,0,0.046243842691183
0,0.0599607191979885,0,0.1139631196856498,0,0.0757825523614883,0,0.1452288180589676
0,0.0291951615363359,0,0.1092424616217613,0,0.1023707166314125,0,0.0493309944868087
0,0.046594925224781,0,0.1068746969103813,0,0.0662686824798584,0,0.1293815821409225
0,0.0433405898511409,0,0.1077189743518829,0,0.0419942699372768,0,0.0725348368287086
0,0.1525479108095169,0,0.1109168082475662,0,0.1479512751102447,0,0.0530567206442356
0,0.0239964965730905,0,0.1092583164572715,0,0.0498156510293483,0,0.0583638362586498
0,0.0233929846435785,0,0.1069234162569046,0,0.0472250580787658,0,0.0469335988163948
0,0.0384675152599811,0,0.1089762970805168,0,0.0245419573038816,0,0.0653726309537887
0,0.161190465092659,0,0.1118822619318962,0,0.2340618669986724,0,0.2634367644786834
0,0.0250008851289749,0,0.1049374863505363,0,0.01779973693192,0,0.0423767194151878
0,0.1932603865861892,0,0.1076642796397209,0,0.1316624134778976,0,0.0587359406054019
0,0.0277777928858995,0,0.1108193397521972,0,0.0742399021983146,0,0.0660650134086608
0,0.114783763885498,0,0.1107352823019027,0,0.135753646492958,0,0.1330908238887787
0,0.0572347305715084,0,0.1091748997569084,0,0.081105463206768,0,0.1123358383774757
0,0.0395760349929332,0,0.110508032143116,0,0.0925671830773353,0,0.0843698978424072
0,0.0353956520557403,0,0.1097858399152755,0,0.0754875540733337,0,0.1019193083047866
0,0.0650696530938148,0,0.1080299615859985,0,0.195012018084526,0,0.1283776313066482
0,0.1141698434948921,0,0.110291764140129,0,0.1352503001689911,0,0.1675330549478531
0,0.1194222569465637,0,0.1105211824178695,0,0.1314747929573059,0,0.2329950928688049
0,0.1577151268720626,0,0.112950675189495,0,0.1335951387882232,0,0.1554268598556518
0,0.2757535278797149,0,0.1131916865706443,0,0.2106229364871978,0,0.2663454413414001
0,0.2569386661052704,0,0.1136276796460151,0,0.3606291711330414,0,0.2142666578292846
0,0.2226843833923339,0,0.1130637675523758,0,0.3918765485286712,0,0.3038379848003387
0,0.1624306291341781,0,0.1128800138831138,0,0.1074033081531524,0,0.1371880173683166
0,0.2986563444137573,0,0.1182930245995521,0,0.2402483075857162,0,0.3023239374160766
0,0.2937390804290771,0,0.1169495284557342,0,0.2868291139602661,0,0.3425330817699432
0,0.1143258139491081,0,0.1125474497675895,0,0.1520766168832779,0,0.1960937678813934
0,0.2774704694747925,0,0.115111768245697,0,0.2895424365997314,0,0.2846852540969848
0,0.0713198706507682,0,0.1117204651236534,0,0.2596299350261688,0,0.1162024736404419
0,0.3749837279319763,0,0.118280254304409,0,0.4100289940834045,0,0.3352582156658172
0,0.2195805162191391,0,0.1149438321590423,0,0.2404831647872924,0,0.2730446457862854
0,0.1519093662500381,0,0.1142366603016853,0,0.1542094349861145,0,0.204456940293312
0,0.2197255045175552,0,0.1115243211388588,0,0.1167567744851112,0,0.1920028626918792
0,0.20733343064785,0,0.1104684621095657,0,0.2225073277950287,0,0.2675909101963043
0,0.1711739152669906,0,0.1103340312838554,0,0.192022904753685,0,0.1875791698694229
0,0.278130829334259,0,0.1136843487620353,0,0.3849304020404815,0,0.2271361351013183
0,0.0436174049973487,0,0.1054110750555992,0,0.0325210355222225,0,0.0646348893642425
0,0.2035067826509475,0,0.112817458808422,0,0.2848613858222961,0,0.31172576546669
0,0.04079395160079,0,0.1062465831637382,0,0.0959075465798378,0,0.0653877854347229
0,0.0275270231068134,0,0.105110578238964,0,0.0191235076636075,0,0.047483704984188
0,0.0559473261237144,0,0.1088204011321067,0,0.2076310962438583,0,0.153293564915657
0,0.1355017274618148,0,0.1093100383877754,0,0.1124664768576622,0,0.2094316333532333
0,0.0269849989563226,0,0.1054258048534393,0,0.0948985964059829,0,0.0437987521290779
0,0.1346917450428009,0,0.1086304411292076,0,0.1393588781356811,0,0.162030816078186
0,0.0371240302920341,0,0.0975342541933059,0,0.072495050728321,0,0.0485128387808799
0,0.3344726264476776,0,0.1215166598558425,0,0.4017307460308075,0,0.3615316450595855
0,0.0400101244449615,0,0.1079687774181366,0,0.0874060168862342,0,0.0564792305231094
0,0.2215946614742279,0,0.1139517948031425,0,0.2540100514888763,0,0.3249825835227966
0,0.2370992600917816,0,0.116061732172966,0,0.168453648686409,0,0.2885280549526214
0,0.0301571860909461,0,0.1065456867218017,0,0.04171047732234,0,0.0534735284745693
0,0.3495532274246216,0,0.1212634295225143,0,0.2756051123142242,0,0.3643526136875152
0,0.0931780487298965,0,0.1089210212230682,0,0.0969358384609222,0,0.0952025204896926
0,0.0402572527527809,0,0.106786660850048,0,0.0621784031391143,0,0.0652032047510147
0,0.1561988443136215,0,0.1141894087195396,0,0.2304116040468216,0,0.2203730791807174
0,0.3055623769760132,0,0.121510349214077,0,0.4063080251216888,0,0.3392307460308075
0,0.2282258719205856,0,0.1101660504937172,0,0.2659159302711487,0,0.2050400078296661
0,0.2980749905109405,0,0.1114966422319412,0,0.1535909920930862,0,0.2382146269083023
0,0.2341580688953399,0,0.1107001230120658,0,0.1877316534519195,0,0.244437038898468
0,0.2581232190132141,0,0.1178616285324096,0,0.4671735763549804,0,0.3325720131397247
0,0.2734209299087524,0,0.1210046857595443,0,0.4504351019859314,0,0.3568029701709747
0,0.1257645338773727,0,0.1127415969967842,0,0.2750336825847626,0,0.1901922971010208
0,0.26634082198143,0,0.1117204427719116,0,0.1433963775634765,0,0.2340342551469802
0,0.2459388971328735,0,0.1208715289831161,0,0.4547197520732879,0,0.3327810764312744
0,0.0251051168888807,0,0.1072832942008972,0,0.0489343367516994,0,0.0618528611958026
0,0.220094084739685,0,0.1100271269679069,0,0.1752600371837616,0,0.2223311066627502
0,0.2113625556230545,0,0.1122161969542503,0,0.2455128878355026,0,0.235422596335411
0,0.236160397529602,0,0.112605981528759,0,0.246546134352684,0,0.2672677338123321
0,0.3042038381099701,0,0.1127652525901794,0,0.2487530559301376,0,0.2545020878314972
0,0.2571497857570648,0,0.1117456704378128,0,0.313198983669281,0,0.2192068099975586
0,0.0365037247538566,0,0.1091721728444099,0,0.0350462645292282,0,0.0854615271091461
0,0.055620439350605,0,0.1095454320311546,0,0.112323448061943,0,0.0667616501450538
0,0.0419069081544876,0,0.1108890697360038,0,0.1177475973963737,0,0.0503947176039218
0,0.0364271588623523,0,0.1084887087345123,0,0.103248581290245,0,0.1055563315749168
0,0.035129927098751,0,0.1082423850893974,0,0.1271661818027496,0,0.0991683453321456
0,0.0349443331360816,0,0.1099847853183746,0,0.0435719154775142,0,0.0461022965610027
0,0.1076113283634185,0,0.1177140697836875,0,0.0968168750405311,0,0.2872737050056457
0,0.0214491486549377,0,0.1033368036150932,0,0.0348642095923423,0,0.0393194779753685
0,0.0265271998941898,0,0.1060372740030288,0,0.0342780165374279,0,0.0688303261995315
0,0.1731374710798263,0,0.1046189442276954,0,0.1466178745031356,0,0.1434058398008346
0,0.0335960760712623,0,0.1056002750992775,0,0.0850490629673004,0,0.0675575658679008
0,0.1975733637809753,0,0.1102657988667488,0,0.0840793177485466,0,0.2439493983983993
0,0.0284532774239778,0,0.106039173901081,0,0.0501112006604671,0,0.0594801865518093
0,0.2437693327665329,0,0.110520415008068,0,0.2002166807651519,0,0.2511391937732696
0,0.2632717788219452,0,0.1168017983436584,0,0.3843229711055755,0,0.2587141990661621
0,0.2676737308502197,0,0.1158626750111579,0,0.3352158665657043,0,0.3019969463348388
0,0.1774490624666214,0,0.1171523034572601,0,0.1742849797010421,0,0.2849873900413513
0,0.30661541223526,0,0.1161528080701828,0,0.3527779281139374,0,0.301809012889862
0,0.2616191208362579,0,0.1100520938634872,0,0.2181918174028396,0,0.2063761949539184
0,0.2596189081668854,0,0.1160160228610038,0,0.3078336417675018,0,0.3186719715595245
0,0.2396663576364517,0,0.1163807362318039,0,0.377618134021759,0,0.2979732453823089
0,0.1274586021900177,0,0.1113577038049697,0,0.2551114559173584,0,0.1686134338378906
0,0.2285967618227005,0,0.1127313449978828,0,0.1323274821043014,0,0.2087966650724411
0,0.1318050622940063,0,0.1152706667780876,0,0.134868785738945,0,0.1540495306253433
0,0.1518544703722,0,0.1161304265260696,0,0.191755786538124,0,0.2356255799531936
0,0.2438965737819671,0,0.1134422272443771,0,0.1853708773851394,0,0.2546183168888092
0,0.1801132410764694,0,0.1123701483011245,0,0.3835770785808563,0,0.2608404159545898
0,0.1723294705152511,0,0.1060967966914177,0,0.0928640514612197,0,0.0866480469703674
0,0.1776866167783737,0,0.1052816659212112,0,0.102731704711914,0,0.1034204885363578
0,0.1623937636613845,0,0.1046452298760414,0,0.0799941346049308,0,0.0977379083633422
0,0.1149445846676826,0,0.1088586598634719,0,0.1111606508493423,0,0.095941349864006
0,0.039844237267971,0,0.1078663617372512,0,0.1473790854215622,0,0.2875042855739593
0,0.0588519349694252,0,0.1095867529511451,0,0.0515476651489734,0,0.0783925354480743
0,0.2494726628065109,0,0.1128157377243042,0,0.2609846591949463,0,0.258465826511383
0,0.2703377604484558,0,0.1113742440938949,0,0.3213523030281067,0,0.236001968383789
0,0.149183452129364,0,0.1112459450960159,0,0.2384876310825348,0,0.1645759046077728
0,0.0764848589897155,0,0.113526239991188,0,0.0278131049126386,0,0.0898227766156196
0,0.1213460266590118,0,0.1150129437446594,0,0.110693834722042,0,0.1894496083259582
0,0.1021864041686058,0,0.1142281740903854,0,0.1653821915388107,0,0.201503723859787
0,0.1235978826880455,0,0.1138439252972602,0,0.1347332447767257,0,0.09067302942276
0,0.1139261424541473,0,0.1155808046460151,0,0.1398473232984542,0,0.2083406448364257
0,0.089926429092884,0,0.1141335815191268,0,0.1324706524610519,0,0.1148151531815528
0,0.0830066874623298,0,0.1060816571116447,0,0.1592393070459365,0,0.0705857127904892
0,0.0555383712053298,0,0.1058147177100181,0,0.0864239782094955,0,0.0864791721105575
0,0.0599364936351776,0,0.1059693545103073,0,0.1523191332817077,0,0.082460843026638
0,0.1557344943284988,0,0.1089116707444191,0,0.1499948501586914,0,0.2281022518873214
0,0.0392440967261791,0,0.1093183681368827,0,0.1462225914001464,0,0.0921869799494743
0,0.0823510065674781,0,0.1105826497077941,0,0.0679467916488647,0,0.1614959388971328
0,0.1251247078180313,0,0.1143870204687118,0,0.0557612292468547,0,0.3064399659633636
0,0.2751670181751251,0,0.1154113560914993,0,0.399594247341156,0,0.2954853475093841
0,0.2154837846755981,0,0.113035537302494,0,0.3183817565441131,0,0.2620558738708496
0,0.3156012296676636,0,0.1149847954511642,0,0.4795137643814087,0,0.2896861732006073
0,0.1293464601039886,0,0.1147452965378761,0,0.2102455645799636,0,0.2129989564418792
0,0.0973531752824783,0,0.1100851669907569,0,0.191990241408348,0,0.0615733414888381
0,0.0958443060517311,0,0.1141332536935806,0,0.1106710135936737,0,0.1527670621871948
0,0.1557176858186721,0,0.1122575998306274,0,0.1494874656200409,0,0.0695514976978302
0,0.0503852441906929,0,0.1143458113074302,0,0.0966098457574844,0,0.1327010840177536
0,0.0684498623013496,0,0.1111153960227966,0,0.2166001796722412,0,0.0604286044836044
0,0.0445991195738315,0,0.1125267967581749,0,0.0916764214634895,0,0.0674604251980781
0,0.0265836063772439,0,0.1040936261415481,0,0.0538982935249805,0,0.049869168549776
0,0.083175741136074,0,0.1133655086159706,0,0.1438592821359634,0,0.1955047994852066
0,0.0414110012352466,0,0.1040766388177871,0,0.0372538343071937,0,0.0454055853188037
0,0.0268653165549039,0,0.1054581925272941,0,0.0495714955031871,0,0.0629544630646705
0,0.0495070479810237,0,0.1113614812493324,0,0.0583136901259422,0,0.2811913788318634
0,0.0356146730482578,0,0.1039010360836982,0,0.0403584279119968,0,0.0557908564805984
0,0.0654010847210884,0,0.1116227433085441,0,0.1980739086866378,0,0.2601743340492248
0,0.0263767428696155,0,0.1098653525114059,0,0.0253227651119232,0,0.0588255375623703
0,0.0504941865801811,0,0.1096885204315185,0,0.0345403589308261,0,0.0677141323685646
0,0.0336795374751091,0,0.1066125482320785,0,0.0443986244499683,0,0.0552777610719203
0,0.1432807743549347,0,0.1142579689621925,0,0.2624406516551971,0,0.1652816832065582
0,0.1188622862100601,0,0.1122685745358467,0,0.1219628974795341,0,0.2628141641616821
0,0.0986885428428649,0,0.1131517589092254,0,0.1666343212127685,0,0.1164074540138244
0,0.0967204570770263,0,0.1103634685277938,0,0.0969600826501846,0,0.1578562408685684
0,0.0333094298839569,0,0.1086946874856948,0,0.1428613513708114,0,0.0919000282883644
0,0.0405186004936695,0,0.1103871092200279,0,0.1371986418962478,0,0.0915646702051162
0,0.0498226806521415,0,0.1097531467676162,0,0.0752015933394432,0,0.0697234496474266
0,0.3353660702705383,0,0.1180102154612541,0,0.3136325776576996,0,0.3029422461986542
0,0.3588190376758575,0,0.1182118207216262,0,0.4469421803951263,0,0.2922782301902771
0,0.0378726683557033,0,0.1094470098614692,0,0.0668500065803527,0,0.0772896111011505
0,0.3692639470100403,0,0.1158699244260788,0,0.2675431966781616,0,0.2862043082714081
0,0.2351241260766983,0,0.1165190860629081,0,0.2579034268856048,0,0.2818511128425598
0,0.0288032349199056,0,0.1084370613098144,0,0.0623204745352268,0,0.0679941177368164
0,0.2973473072052002,0,0.1175847873091697,0,0.3618816137313843,0,0.3364757299423218
0,0.2698644697666168,0,0.1166310608386993,0,0.2692208290100097,0,0.2938195168972015
0,0.3576385974884033,0,0.1165659502148628,0,0.4527563452720642,0,0.3445708751678467
0,0.0856973603367805,0,0.1123575195670127,0,0.143973246216774,0,0.299261599779129
0,0.0325655937194824,0,0.1109346225857734,0,0.0543244555592536,0,0.0650621503591537
0,0.0953465029597282,0,0.1136911064386367,0,0.1643076390028,0,0.1747906506061554
0,0.03287298604846,0,0.1104767248034477,0,0.068857692182064,0,0.0550422333180904
0,0.1318894028663635,0,0.1123461052775383,0,0.1524650305509567,0,0.18518827855587
0,0.0334063656628131,0,0.1105766668915748,0,0.0764162987470626,0,0.0595454573631286
0,0.0944964066147804,0,0.1160652711987495,0,0.1514493077993393,0,0.052902590483427
0,0.1105101406574249,0,0.10947747528553,0,0.079097606241703,0,0.0551174990832805
0,0.0555526427924633,0,0.1136879995465278,0,0.0893071219325065,0,0.0536307580769062
0,0.0452972315251827,0,0.1092707961797714,0,0.0866298750042915,0,0.0518112406134605
0,0.3243340253829956,0,0.1140892431139946,0,0.3487974405288696,0,0.2385451942682266
0,0.3184784948825836,0,0.1173867285251617,0,0.313357800245285,0,0.2703860700130462
0,0.2343730032444,0,0.1150926128029823,0,0.2861413955688476,0,0.2754762172698974
0,0.2228937894105911,0,0.1105891913175582,0,0.2348363548517227,0,0.2460067570209503
0,0.2714602947235107,0,0.1162144318222999,0,0.1871674656867981,0,0.284069687128067
0,0.1753886938095092,0,0.1138197779655456,0,0.2853496670722961,0,0.2379495352506637
0,0.228026658296585,0,0.110549472272396,0,0.2549220323562622,0,0.1981165409088134
0,0.1694455444812774,0,0.1146690770983696,0,0.2777591049671173,0,0.25861456990242
0,0.2171393632888794,0,0.1171870082616806,0,0.3660739362239837,0,0.3074747323989868
0,0.2397566139698028,0,0.1143803596496582,0,0.3468562662601471,0,0.2708007991313934
0,0.1393778622150421,0,0.1109768152236938,0,0.1842337697744369,0,0.2348577082157135
0,0.2196621596813202,0,0.1127812713384628,0,0.217352494597435,0,0.083227626979351
0,0.0434295386075973,0,0.110924631357193,0,0.0533728711307048,0,0.0803970545530319
0,0.1712829917669296,0,0.1069092750549316,0,0.0757537484169006,0,0.0903735384345054
1,0.3907433450222015,1,0.1173605620861053,1,0.4288554489612579,1,0.3499618470668793
1,0.2811620533466339,1,0.1168934255838394,1,0.375456154346466,1,0.3329248428344726
1,0.2719617187976837,1,0.1155144572257995,1,0.3713239729404449,1,0.273204892873764
1,0.2115868180990219,1,0.1132298707962036,1,0.2093698233366012,1,0.2884131968021393
1,0.307849109172821,1,0.1212295144796371,1,0.3929079473018646,1,0.3658324182033539
1,0.1429362148046493,1,0.115501694381237,1,0.1970646232366562,1,0.2162681967020034
1,0.0627285987138748,1,0.1082184985280036,1,0.0810044109821319,1,0.1657144129276275
1,0.1576122790575027,1,0.1086144968867302,1,0.0622089281678199,1,0.1420011073350906
1,0.255957543849945,1,0.1069552302360534,1,0.2094017118215561,1,0.1923635154962539
1,0.1999145895242691,1,0.109766662120819,1,0.2485701739788055,1,0.2770250737667084
1,0.2848915457725525,1,0.1177634745836258,1,0.2189461886882782,1,0.3322965502738952
1,0.2982692718505859,1,0.1178618222475051,1,0.4575205445289612,1,0.3362958431243896
1,0.0562919117510318,1,0.110193021595478,1,0.036317016929388,1,0.1617796421051025
1,0.2262741178274154,1,0.1169093027710914,1,0.3808345794677734,1,0.2805761396884918
1,0.2778434157371521,1,0.1169138252735138,1,0.3526135683059692,1,0.307077556848526
1,0.2500967681407928,1,0.1181608587503433,1,0.4321981370449066,1,0.2854897677898407
1,0.3398072421550751,1,0.1150834038853645,1,0.3693677484989166,1,0.3021562993526459
1,0.3113966882228851,1,0.1175713166594505,1,0.360129714012146,1,0.3299583196640014
1,0.3372211754322052,1,0.1140702590346336,1,0.4079256653785705,1,0.3044458329677582
1,0.1215647831559181,1,0.1127107068896293,1,0.192804679274559,1,0.2083839625120163
1,0.2206432670354843,1,0.1123443841934204,1,0.1838936060667038,1,0.2339243590831756
1,0.1163181588053703,1,0.1117526516318321,1,0.1495759338140487,1,0.2042388170957565
1,0.1272312551736831,1,0.1106311306357383,1,0.2130372673273086,1,0.1227688938379287
1,0.1397939473390579,1,0.1108094081282615,1,0.1241975873708725,1,0.2677242457866668
1,0.0368776731193065,1,0.11125198751688,1,0.0916162058711052,1,0.1806831657886505
1,0.3242862820625305,1,0.1185216233134269,1,0.3612783551216125,1,0.3099204301834106
1,0.3953070640563965,1,0.1184504777193069,1,0.3996116518974304,1,0.3212886750698089
0,0.1767448484897613,0,0.1112526580691337,0,0.357004314661026,0,0.2742646336555481
0,0.1935084015130996,0,0.115871176123619,0,0.3324394822120666,0,0.2792520523071289
0,0.0689083859324455,0,0.1129376292228698,0,0.1081510707736015,0,0.2168540805578231
0,0.0447898656129837,0,0.1092546507716178,0,0.0436557494103908,0,0.0899055004119873
0,0.0702344700694084,0,0.1088358759880065,0,0.0996764451265335,0,0.1359173059463501
0,0.3132144808769226,0,0.1139333620667457,0,0.3551781475543976,0,0.2780603766441345
0,0.0602450184524059,0,0.1099125444889068,0,0.089937187731266,0,0.1223358735442161
0,0.2053791284561157,0,0.1141927912831306,0,0.3223592936992645,0,0.2867215871810913
0,0.2272578179836273,0,0.1153494268655777,0,0.3653925061225891,0,0.279729813337326
0,0.0300536248832941,0,0.1094573512673378,0,0.0725577920675277,0,0.0924139991402626
0,0.0516098588705062,0,0.1095215752720832,0,0.0789384543895721,0,0.2104812264442443
0,0.2084489315748214,0,0.1124202236533165,0,0.1548606753349304,0,0.2285288125276565
0,0.317101240158081,0,0.119326077401638,0,0.3680797517299652,0,0.3340977132320404
0,0.0983505621552467,0,0.1119130253791809,0,0.1465673148632049,0,0.2549150586128235
0,0.291420578956604,0,0.117843821644783,0,0.3748098909854889,0,0.3010843694210052
0,0.2377603352069854,0,0.1126664951443672,0,0.39328533411026,0,0.1349352598190307
0,0.2141723036766052,0,0.1126543134450912,0,0.2433332949876785,0,0.2356927841901779
0,0.1778401732444763,0,0.1132922992110252,0,0.2462725341320037,0,0.2738083302974701
0,0.1491528004407882,0,0.1144639924168586,0,0.2800946831703186,0,0.085620105266571
0,0.1057339310646057,0,0.1118233948945999,0,0.3638702630996704,0,0.0752611830830574
0,0.1441989988088607,0,0.1132125481963157,0,0.1275122016668319,0,0.2497226148843765
0,0.1890934556722641,0,0.1118551939725875,0,0.2456856667995453,0,0.240122839808464
0,0.3929775357246399,0,0.124367855489254,0,0.4782524406909942,0,0.3758374154567718
0,0.0233313720673322,0,0.1039949432015419,0,0.0302551686763763,0,0.0446094721555709
0,0.2335432916879654,0,0.1110557094216346,0,0.2492431700229644,0,0.2397779077291488
0,0.1841031610965728,0,0.1120269894599914,0,0.277914822101593,0,0.1521507501602172
0,0.3251908123493194,0,0.1124598905444145,0,0.3330309092998504,0,0.2780844569206238
0,0.0578599013388156,0,0.1080894097685813,0,0.1837797611951828,0,0.0670075267553329
0,0.2158523499965667,0,0.11235873401165,0,0.2332639396190643,0,0.2601438462734222
0,0.0428109988570213,0,0.1091657355427742,0,0.2387596666812896,0,0.0634968802332878
0,0.0464846417307853,0,0.1068864241242408,0,0.0707406476140022,0,0.0939758718013763
0,0.1440205127000808,0,0.1100867539644241,0,0.1714909970760345,0,0.2828083336353302
0,0.129934012889862,0,0.1100974828004837,0,0.1873503476381302,0,0.2280169874429702
0,0.277668833732605,0,0.1154518574476242,0,0.3898698389530182,0,0.2720274031162262
0,0.0971209108829498,0,0.112789586186409,0,0.1323594599962234,0,0.1379314064979553
0,0.2129560112953186,0,0.1115094497799873,0,0.2088077217340469,0,0.2773883938789367
0,0.0562693029642105,0,0.1089444458484649,0,0.0982713252305984,0,0.0841063037514686
0,0.0497932061553001,0,0.107223592698574,0,0.1810153424739837,0,0.0594283938407897
0,0.2381046563386917,0,0.1131428927183151,0,0.1463101208209991,0,0.2336304485797882
0,0.0454951524734497,0,0.1081181615591049,0,0.0553237348794937,0,0.0500792488455772
0,0.0693706646561622,0,0.1092882975935936,0,0.1690926998853683,0,0.1136618256568908
0,0.1444385200738906,0,0.1109894812107086,0,0.2634195685386657,0,0.2228201031684875
0,0.1907606869935989,0,0.1131558120250701,0,0.2326828092336654,0,0.2156073153018951
0,0.0529668964445591,0,0.1117042452096939,0,0.0330946967005729,0,0.0672410503029823
0,0.042068526148796,0,0.1083561033010482,0,0.0625776052474975,0,0.0525076761841774
0,0.1260324567556381,0,0.1087144613265991,0,0.2186920791864395,0,0.1968190968036651
0,0.094219222664833,0,0.1126298382878303,0,0.0813123285770416,0,0.2018851637840271
0,0.4266004562377929,0,0.1199584901332855,0,0.4849849343299866,0,0.3682089745998382
0,0.0703194662928581,0,0.112148605287075,0,0.0805884003639221,0,0.1697729080915451
0,0.1366281360387802,0,0.1129946112632751,0,0.1595845222473144,0,0.2303791493177414
0,0.2732027769088745,0,0.1214052587747573,0,0.4097253978252411,0,0.3075877726078033
0,0.1660684198141098,0,0.112633503973484,0,0.097615547478199,0,0.2046345770359039
0,0.1343439817428589,0,0.11427041888237,0,0.1062580049037933,0,0.2623652517795563
0,0.0699702724814415,0,0.1138046458363533,0,0.0935294553637504,0,0.2423424422740936
0,0.2685687839984894,0,0.1125600412487983,0,0.1684522032737732,0,0.233139306306839
0,0.1600383520126342,0,0.1117018610239029,0,0.2467644959688186,0,0.1307016909122467
0,0.1653974950313568,0,0.1124320328235626,0,0.1544258445501327,0,0.2086084634065628
0,0.058623269200325,0,0.1075488701462745,0,0.1339242905378341,0,0.0817958042025566
0,0.0445366539061069,0,0.1083254665136337,0,0.1302943080663681,0,0.0614549741148948
0,0.0421582013368606,0,0.1055067479610443,0,0.0550930723547935,0,0.0675748363137245
0,0.1225985959172248,0,0.1064081341028213,0,0.0929552912712097,0,0.0676386356353759
0,0.0287103578448295,0,0.1049315780401229,0,0.0733893141150474,0,0.0646556466817855
0,0.1350361853837967,0,0.1089110746979713,0,0.2358472645282745,0,0.1533741354942321
0,0.0302834343165159,0,0.1058715507388114,0,0.040542971342802,0,0.0567083358764648
0,0.0449883975088596,0,0.1058639883995056,0,0.0945815965533256,0,0.082899771630764
0,0.0270879846066236,0,0.1043750941753387,0,0.0819072425365448,0,0.0411500297486782
0,0.1724888831377029,0,0.1120097562670707,0,0.3125845193862915,0,0.3024104237556457
0,0.0405479148030281,0,0.1075378209352493,0,0.0397945679724216,0,0.1466910243034362
0,0.188419222831726,0,0.1119323000311851,0,0.1960699707269668,0,0.2237428724765777
0,0.063316635787487,0,0.1067626103758812,0,0.0907427221536636,0,0.0793616697192192
0,0.1128549799323082,0,0.1074024140834808,0,0.1135765686631202,0,0.1396525800228119
0,0.094930462539196,0,0.1095142588019371,0,0.1059354171156883,0,0.1416562348604202
0,0.1821520328521728,0,0.111750341951847,0,0.2771722376346588,0,0.2516849339008331
0,0.0940749794244766,0,0.1104564368724823,0,0.1713505834341049,0,0.2635665535926819
0,0.1373082101345062,0,0.1108674481511116,0,0.0985193029046058,0,0.2142051756381988
0,0.1771617531776428,0,0.1121169254183769,0,0.1490510106086731,0,0.174560084939003
0,0.0914701968431472,0,0.1107845976948738,0,0.1099310740828514,0,0.1585429012775421
0,0.3189089000225067,0,0.1149622797966003,0,0.3795877397060394,0,0.238996997475624
0,0.2820957601070404,0,0.1113663166761398,0,0.340571641921997,0,0.2050210535526275
0,0.1636046171188354,0,0.1107541024684906,0,0.2446097582578659,0,0.2194876968860626
0,0.0917762964963913,0,0.1098417565226554,0,0.062697060406208,0,0.0834703296422958
0,0.0645056888461113,0,0.10999196767807,0,0.1207786127924919,0,0.1168466731905937
0,0.134135827422142,0,0.110890969634056,0,0.1243484020233154,0,0.1475487351417541
0,0.1269736289978027,0,0.1084484010934829,0,0.1459223926067352,0,0.2034501135349273
0,0.1336319744586944,0,0.1066973730921745,0,0.0798136964440345,0,0.199125736951828
0,0.1961788386106491,0,0.1188065335154533,0,0.1943101733922958,0,0.2722658812999725
0,0.2708086967468261,0,0.1166439354419708,0,0.1468942910432815,0,0.2911212146282196
0,0.1972077637910843,0,0.1154888048768043,0,0.4045163989067077,0,0.2873930335044861
0,0.1982942670583725,0,0.1063810959458351,0,0.1222138479351997,0,0.160735085606575
0,0.0463369488716125,0,0.1131286174058914,0,0.0699151828885078,0,0.0691895261406898
0,0.035552442073822,0,0.1126588657498359,0,0.062878131866455,0,0.0729418918490409
0,0.0697755739092826,0,0.1102278679609298,0,0.0890517830848693,0,0.0790236443281173
0,0.1005629226565361,0,0.1118220537900924,0,0.0549744106829166,0,0.0889329463243484
0,0.0404427163302898,0,0.1103448420763015,0,0.0424922481179237,0,0.0805050879716873
0,0.0289164315909147,0,0.1027998253703117,0,0.0299729164689779,0,0.0543424375355243
0,0.0367638766765594,0,0.1105248630046844,0,0.0380061753094196,0,0.0863560885190963
0,0.1203844249248504,0,0.111578844487667,0,0.1081474423408508,0,0.2565403580665588
0,0.1844900399446487,0,0.1103619933128357,0,0.2001809775829315,0,0.1236792430281639
0,0.242945596575737,0,0.1128463819622993,0,0.2163901627063751,0,0.0924952551722526
0,0.192608043551445,0,0.108314648270607,0,0.1380811035633087,0,0.1720022112131118
0,0.2189603149890899,0,0.1091879531741142,0,0.0453996025025844,0,0.1870386153459549
0,0.0307075642049312,0,0.1105147376656532,0,0.0501184128224849,0,0.052091296762228
0,0.0788675472140312,0,0.1079067066311836,0,0.1038383543491363,0,0.1840666830539703
0,0.179599717259407,0,0.1116561740636825,0,0.2363668084144592,0,0.0949867293238639
0,0.0295052845031023,0,0.1071193590760231,0,0.0583679489791393,0,0.0716377049684524
0,0.2263870239257812,0,0.1126424074172973,0,0.243394523859024,0,0.2863605916500091
0,0.0319459214806556,0,0.1003080606460571,0,0.0722608640789985,0,0.0777905359864234
0,0.162757396697998,0,0.110592633485794,0,0.272519052028656,0,0.2248575836420059
0,0.0262143872678279,0,0.1081494390964508,0,0.1092515811324119,0,0.0534137226641178
0,0.1114827021956443,0,0.1059427708387374,0,0.1208440586924552,0,0.0752491876482963
0,0.0548931062221527,0,0.1062987595796585,0,0.050988133996725,0,0.0942034944891929
0,0.0337267443537712,0,0.1056598350405693,0,0.0224344730377197,0,0.0740428268909454
0,0.0273102447390556,0,0.1058597564697265,0,0.0253339204937219,0,0.1279132962226867
0,0.0442784465849399,0,0.1063184440135955,0,0.0942044705152511,0,0.0686057731509208
0,0.0484298057854175,0,0.1060742288827896,0,0.0281192306429147,0,0.1072942316532135
0,0.0432511195540428,0,0.105363979935646,0,0.0534515976905822,0,0.1072038114070892
0,0.1305568516254425,0,0.1094845607876777,0,0.2055197209119796,0,0.1822995096445083
0,0.0542075335979461,0,0.1084964722394943,0,0.0955989137291908,0,0.0535117127001285
0,0.0611243285238742,0,0.1059535071253776,0,0.1176914274692535,0,0.0514100417494773
0,0.1756764352321624,0,0.112081378698349,0,0.1904428303241729,0,0.2367047220468521
0,0.037688173353672,0,0.109817199409008,0,0.0819291174411773,0,0.0813425630331039
0,0.082935594022274,0,0.1104803755879402,0,0.1133657470345497,0,0.2539095878601074
0,0.0861342698335647,0,0.1096263825893402,0,0.079579584300518,0,0.0609788820147514
0,0.0351526252925396,0,0.1087603345513343,0,0.0906467288732528,0,0.0634053796529769
0,0.2145171612501144,0,0.1149442046880722,0,0.1848442256450653,0,0.2078884840011596
0,0.0880618318915367,0,0.1103760600090026,0,0.0917260274291038,0,0.1790817677974701
0,0.2340462803840637,0,0.1129841431975364,0,0.1702430099248886,0,0.2283900082111358
0,0.0311332698911428,0,0.1107187494635582,0,0.0371706187725067,0,0.0505775362253189
0,0.3277424871921539,0,0.1152614802122116,0,0.3639715015888214,0,0.2971238493919372
0,0.0746140033006668,0,0.1081031113862991,0,0.0878804922103881,0,0.0838951840996742
0,0.1864247620105743,0,0.1120251938700676,0,0.282996267080307,0,0.2607495486736297
0,0.231566920876503,0,0.1197505593299865,0,0.3874042928218841,0,0.3124390840530395
0,0.3766346275806427,0,0.1214556545019149,0,0.4098297357559204,0,0.3481561541557312
0,0.1433548033237457,0,0.1059014797210693,0,0.0396323427557945,0,0.0758408308029174
0,0.1027442067861557,0,0.1119991615414619,0,0.2326903492212295,0,0.0828536599874496
0,0.3425114452838897,0,0.1238463371992111,0,0.3790502548217773,0,0.3725149035453796
0,0.3649423122406006,0,0.1234399527311325,0,0.4686222374439239,0,0.3351806700229645
0,0.3543506562709808,0,0.1224130764603614,0,0.49348846077919,0,0.3575645685195923
0,0.2363990247249603,0,0.115793839097023,0,0.2501353919506073,0,0.3043802082538605
0,0.0593354068696498,0,0.1093742176890373,0,0.115799494087696,0,0.1075241118669509
0,0.0596908219158649,0,0.1093133464455604,0,0.1311968713998794,0,0.0982939824461937
0,0.2265229821205139,0,0.110844075679779,0,0.2494259029626846,0,0.3254311978816986
0,0.0611547231674194,0,0.1093539744615554,0,0.0997103676199913,0,0.0667930841445922
0,0.1121575981378555,0,0.1098428592085838,0,0.2146489918231964,0,0.1280839592218399
0,0.3096973598003387,0,0.115977294743061,0,0.3055165112018585,0,0.2903719842433929
0,0.0602483749389648,0,0.1094911247491836,0,0.0774799510836601,0,0.0735403373837471
0,0.0445133745670318,0,0.1103561148047447,0,0.1289970576763153,0,0.0683399513363838
0,0.1717889159917831,0,0.117919735610485,0,0.3108731210231781,0,0.3494253754615783
0,0.2477326244115829,0,0.1201464533805847,0,0.2739605009555816,0,0.2816291749477386
0,0.1671046465635299,0,0.1205708533525466,0,0.2579995393753052,0,0.3274282217025757
0,0.3206425011157989,0,0.1127310767769813,0,0.2298477739095688,0,0.2819654643535614
0,0.3668995201587677,0,0.1136076748371124,0,0.1489539593458175,0,0.2908638119697571
0,0.0651520565152168,0,0.1071793958544731,0,0.0695020630955696,0,0.0630325675010681
0,0.0924706235527992,0,0.1149911507964134,0,0.2230293303728103,0,0.2566249966621399
0,0.0897798314690589,0,0.1142245382070541,0,0.0868860930204391,0,0.1334814876317978
0,0.0503192618489265,0,0.1153032183647155,0,0.1146554350852966,0,0.1630995273590088
0,0.2067605555057525,0,0.1064776927232742,0,0.0624049268662929,0,0.0759920328855514
0,0.043336346745491,0,0.1111287251114845,0,0.1028064861893653,0,0.261236310005188
0,0.1026119664311409,0,0.1081365123391151,0,0.0761894062161445,0,0.0793514102697372
0,0.1317852288484573,0,0.1107716336846351,0,0.1331107020378112,0,0.1447056382894516
0,0.0739500224590301,0,0.1097078695893287,0,0.0434625186026096,0,0.1053740084171295
0,0.1548456102609634,0,0.1072134673595428,0,0.1500914096832275,0,0.0751271247863769
0,0.1141355037689209,0,0.1090382561087608,0,0.201399490237236,0,0.1742937564849853
0,0.0926592350006103,0,0.1050934270024299,0,0.1261955946683883,0,0.2163757681846618
0,0.0617346726357936,0,0.1089194789528846,0,0.1319297105073928,0,0.0618831552565097
0,0.0451412685215473,0,0.1088884398341178,0,0.0717789530754089,0,0.1447453498840332
0,0.0432411953806877,0,0.1115113347768783,0,0.1466851532459259,0,0.2426698058843612
0,0.1186743602156639,0,0.1093141958117485,0,0.1596622169017791,0,0.1245381981134414
0,0.1441806554794311,0,0.1075380146503448,0,0.1632332503795623,0,0.1755348443984985
0,0.155957892537117,0,0.1062977239489555,0,0.1948111355304718,0,0.2064351141452789
0,0.1412646472454071,0,0.1096142902970314,0,0.1982737481594085,0,0.0780420675873756
0,0.0622717030346393,0,0.1077937260270118,0,0.0419072024524211,0,0.1302558630704879
0,0.1148322746157646,0,0.1017853245139122,0,0.1132542490959167,0,0.1401162296533584
0,0.2256965935230255,0,0.1093139126896858,0,0.2061491757631302,0,0.1880368739366531
0,0.0997828468680381,0,0.1092661768198013,0,0.1018077358603477,0,0.1941962838172912
0,0.1843648850917816,0,0.1131389290094375,0,0.2112778276205063,0,0.2345487773418426
0,0.0358515009284019,0,0.1085782423615455,0,0.0286852400749921,0,0.0582075342535972
0,0.0325877666473388,0,0.1103520020842552,0,0.0402162373065948,0,0.053392507135868
0,0.1549858599901199,0,0.1104409545660018,0,0.1068050637841224,0,0.1458239406347274
0,0.0803323239088058,0,0.1136277019977569,0,0.1927445083856582,0,0.2985914349555969
0,0.1581427752971649,0,0.1127686351537704,0,0.1905309110879898,0,0.15976183116436
0,0.3824484050273895,0,0.1229184493422508,0,0.4609718024730682,0,0.363539844751358
0,0.2934249937534332,0,0.1110310703516006,0,0.2230802476406097,0,0.2341329753398895
0,0.1649777740240097,0,0.1094753816723823,0,0.2432989478111267,0,0.161846324801445
0,0.0283165648579597,0,0.1055905446410179,0,0.060476504266262,0,0.0482976101338863
0,0.2940953075885772,0,0.114405944943428,0,0.3809227645397186,0,0.2750876247882843
0,0.2881628572940826,0,0.1107599884271621,0,0.155987799167633,0,0.2487866133451461
0,0.0688253864645958,0,0.1064765453338623,0,0.0540118254721164,0,0.0591431520879268
0,0.2521556615829468,0,0.1099965423345565,0,0.1983333975076675,0,0.1880043148994445
0,0.3211175501346588,0,0.1122919544577598,0,0.3595893383026123,0,0.2468795329332351
0,0.1227229461073875,0,0.1084897518157959,0,0.1102925613522529,0,0.1326949745416641
0,0.2860661745071411,0,0.1110821440815925,0,0.2903177738189697,0,0.2177430838346481
0,0.05526664853096,0,0.1066513806581497,0,0.0791729092597961,0,0.0560837090015411
0,0.2456344217061996,0,0.1154429838061332,0,0.2782818973064422,0,0.3155140876770019
0,0.0549534708261489,0,0.1149773299694061,0,0.0743860378861427,0,0.1866198778152465
0,0.0453424639999866,0,0.1091259196400642,0,0.0534232594072818,0,0.069977268576622
0,0.0424761846661567,0,0.1090781465172767,0,0.0500444360077381,0,0.0979406312108039
0,0.1636373251676559,0,0.1153321340680122,0,0.2675105333328247,0,0.2215535789728164
0,0.1359503418207168,0,0.1106631755828857,0,0.1239242479205131,0,0.2364281266927719
0,0.1325307488441467,0,0.1081674918532371,0,0.1276133209466934,0,0.1898785084486007
0,0.1104369387030601,0,0.1109187752008438,0,0.1249703839421272,0,0.2242940962314605
0,0.0723380595445633,0,0.1092112213373184,0,0.1933716982603073,0,0.1402339786291122
0,0.1134984195232391,0,0.1055455431342125,0,0.2703662812709808,0,0.0765178427100181
0,0.3343860208988189,0,0.1214377358555793,0,0.4861611723899841,0,0.3141004741191864
0,0.1538552939891815,0,0.1107183545827865,0,0.229989618062973,0,0.1814000159502029
0,0.3547295033931732,0,0.1208315566182136,0,0.4443850219249725,0,0.3456205725669861
0,0.0452129133045673,0,0.1066339388489723,0,0.0286834016442298,0,0.0588594265282154
0,0.305438220500946,0,0.1191459372639656,0,0.507265031337738,0,0.3432495892047882
0,0.1120392754673957,0,0.1083413809537887,0,0.1778753697872162,0,0.0931725278496742
0,0.0741625428199768,0,0.1073410883545875,0,0.262176513671875,0,0.0994939729571342
0,0.0344964899122715,0,0.1096776500344276,0,0.048330895602703,0,0.0585461072623729
0,0.3151304125785827,0,0.1171133443713188,0,0.3349940776824951,0,0.3160282969474792
0,0.1026990190148353,0,0.1100325286388397,0,0.1153140068054199,0,0.1389661580324173
0,0.0330585315823555,0,0.1080929711461067,0,0.0296345073729753,0,0.0510946363210678
0,0.3574928045272827,0,0.1154797002673149,0,0.3892925083637237,0,0.2901979684829712
0,0.0823114514350891,0,0.1090062782168388,0,0.0756148844957351,0,0.1626695841550827
0,0.0482335202395916,0,0.1085163950920105,0,0.3546235263347626,0,0.0861401781439781
0,0.2546479105949402,0,0.1089122369885444,0,0.0961731523275375,0,0.1884112954139709
0,0.2072135657072067,0,0.1068473905324935,0,0.1623174399137497,0,0.1441153138875961
0,0.3005074262619018,0,0.1126730442047119,0,0.2944950461387634,0,0.2470788061618805
0,0.164360836148262,0,0.1086557060480117,0,0.1864161193370819,0,0.100001536309719
0,0.1378709524869918,0,0.1082468852400779,0,0.1896701008081436,0,0.2056872397661209
0,0.2016860544681549,0,0.112402431666851,0,0.1513841152191162,0,0.2475657165050506
0,0.0317610055208206,0,0.1072821468114852,0,0.0764572024345398,0,0.052115973085165
0,0.0289838928729295,0,0.1058965101838111,0,0.0201743934303522,0,0.0518559664487838
0,0.0643947646021843,0,0.1092084348201751,0,0.0525739714503288,0,0.0736785605549812
0,0.1049044951796531,0,0.1133126020431518,0,0.0774171650409698,0,0.0683766081929206
0,0.083433486521244,0,0.1156080886721611,0,0.0760035514831543,0,0.0658750161528587
0,0.1138194724917411,0,0.1144121959805488,0,0.0766006559133529,0,0.1386188268661499
0,0.1738313734531402,0,0.1102380901575088,0,0.1483954042196273,0,0.1296889036893844
0,0.0284254569560289,0,0.1077392995357513,0,0.0339137203991413,0,0.052355159074068
0,0.1889391392469406,0,0.1112433448433876,0,0.0988213270902633,0,0.1993353068828582
0,0.1138689145445823,0,0.1107150018215179,0,0.3090605735778808,0,0.1321047395467758
0,0.0654854103922844,0,0.1114615052938461,0,0.149352878332138,0,0.2418925762176513
0,0.4326679706573486,0,0.130569189786911,0,0.5052876472473145,0,0.3836386501789093
0,0.037878755480051,0,0.1154134795069694,0,0.0815409123897552,0,0.0630633533000946
0,0.0773250162601471,0,0.1163142099976539,0,0.1065771132707595,0,0.0722034946084022
0,0.4412254691123962,0,0.1304423809051513,0,0.5136565566062927,0,0.3881450593471527
0,0.2979116439819336,0,0.1176022067666053,0,0.2571108043193817,0,0.3057111799716949
0,0.2286829650402069,0,0.115857221186161,0,0.3647506535053253,0,0.2488983720541
0,0.261302649974823,0,0.1143092736601829,0,0.1451683789491653,0,0.3065783679485321
0,0.0545356087386608,0,0.1155476123094558,0,0.1132284775376319,0,0.0891398787498474
0,0.4664237201213836,0,0.1287883818149566,0,0.5219042301177979,0,0.4195004105567932
0,0.150648221373558,0,0.1116884872317314,0,0.1014241501688957,0,0.0877145379781723
0,0.2495374977588653,0,0.1166677847504615,0,0.2482281476259231,0,0.3002103865146637
0,0.0431844480335712,0,0.1109701320528984,0,0.0662303045392036,0,0.0700426176190376
0,0.2444445639848709,0,0.1166242286562919,0,0.1823401600122451,0,0.1580180376768112
1,0.1995302885770797,1,0.1117664650082588,1,0.2394392937421798,1,0.2408558577299118
1,0.2236022353172302,1,0.1135721504688263,1,0.3985487818717956,1,0.2850543856620788
1,0.1721640676259994,1,0.1131404414772987,1,0.291727602481842,1,0.2246992290019989
1,0.3144049048423767,1,0.1128072366118431,1,0.3605301678180694,1,0.2799462974071502
1,0.0386728607118129,1,0.1117857918143272,1,0.2416885644197464,1,0.2553566694259643
1,0.1136262863874435,1,0.1076615825295448,1,0.0703528746962547,1,0.2388238310813903
1,0.1268012523651123,1,0.1128865778446197,1,0.1669760346412658,1,0.2727123200893402
1,0.0871831700205802,1,0.1109590828418731,1,0.1453184485435485,1,0.2166111469268798
1,0.0477286539971828,1,0.1072103381156921,1,0.0600265674293041,1,0.0599277317523956
1,0.0573876798152923,1,0.1084591001272201,1,0.1202694326639175,1,0.0603058263659477
1,0.1155032590031623,1,0.1089304685592651,1,0.0502172075212001,1,0.0808087363839149
1,0.3107918798923492,1,0.122440181672573,1,0.3758996427059173,1,0.2681361734867096
1,0.3316161930561065,1,0.1078770980238914,1,0.3291692733764648,1,0.2846536636352539
1,0.3591174483299255,1,0.1145377084612846,1,0.4239464104175567,1,0.2869261503219604
1,0.0628305673599243,1,0.1096553280949592,1,0.0838877260684967,1,0.0992370173335075
1,0.2440522760152816,1,0.1139874756336212,1,0.4656963050365448,1,0.3045232594013214
1,0.3565642833709717,1,0.1210021525621414,1,0.3534256219863891,1,0.3488145470619201
1,0.3066039383411407,1,0.1192394793033599,1,0.4354307353496551,1,0.3265622556209564
1,0.083110824227333,1,0.1104015782475471,1,0.0614036284387111,1,0.2593957781791687
1,0.138008639216423,1,0.1088562458753585,1,0.1760321259498596,1,0.1874132305383682
1,0.2414464801549911,1,0.1106017231941223,1,0.1301016211509704,1,0.138339415192604
0,0.120904840528965,0,0.1104847192764282,0,0.1887378990650177,0,0.1373275220394134
0,0.1047766581177711,0,0.109108455479145,0,0.1085483431816101,0,0.0994530692696571
0,0.0583376251161098,0,0.1065949276089668,0,0.0509761981666088,0,0.1348960399627685
0,0.1709228903055191,0,0.1096270009875297,0,0.246793121099472,0,0.1790489852428436
0,0.1754141747951507,0,0.1099191680550575,0,0.2180426120758056,0,0.14914271235466
0,0.0723020955920219,0,0.1074274778366088,0,0.1196528673171997,0,0.08498465269804
0,0.0412605628371238,0,0.1059201285243034,0,0.1007371097803115,0,0.0732648074626922
0,0.0331751108169555,0,0.1061490401625633,0,0.0712013989686966,0,0.0665078535676002
0,0.0510839372873306,0,0.1073015183210372,0,0.1892113387584686,0,0.1067865937948226
0,0.1466933786869049,0,0.1088542342185974,0,0.2114600241184234,0,0.1826727539300918
0,0.3507812619209289,0,0.1233627647161483,0,0.4669193625450134,0,0.3421698212623596
0,0.4017720222473144,0,0.1235815957188606,0,0.4805523455142975,0,0.3542409241199493
0,0.2998799085617065,0,0.1162518411874771,0,0.2682723999023437,0,0.2902849614620209
0,0.2455831319093704,0,0.1142659857869148,0,0.3464514911174774,0,0.2647754251956939
0,0.4533959329128265,0,0.1318238079547882,0,0.5144937038421631,0,0.4138433635234833
0,0.3651975691318512,0,0.1237694770097732,0,0.470060259103775,0,0.3317281007766723
0,0.148754134774208,0,0.114794835448265,0,0.0997022166848182,0,0.2058772295713424
0,0.3714773952960968,0,0.1239620745182037,0,0.4570716321468353,0,0.374272733926773
0,0.0989333614706993,0,0.1148915141820907,0,0.0827437043190002,0,0.1890988647937774
0,0.1637892723083496,0,0.1119826063513755,0,0.127711609005928,0,0.2273339927196502
0,0.0449567772448062,0,0.1087400689721107,0,0.0508847124874591,0,0.0849058926105499
0,0.0590999014675617,0,0.1094651296734809,0,0.0592414960265159,0,0.0714199468493461
0,0.0488199703395366,0,0.1122447401285171,0,0.1062568575143814,0,0.1078946366906166
0,0.2533973753452301,0,0.1123413071036338,0,0.1418956816196441,0,0.3051300048828125
0,0.0316383652389049,0,0.107857272028923,0,0.0483830198645591,0,0.0768916606903076
0,0.0671743005514144,0,0.1093707382678985,0,0.0613829791545867,0,0.0696467980742454
0,0.1307841688394546,0,0.110654667019844,0,0.1340763568878173,0,0.1424463093280792
0,0.0452060215175151,0,0.1121250763535499,0,0.1134873330593109,0,0.1650706380605697
0,0.1145368069410324,0,0.1168624088168144,0,0.1531435996294021,0,0.1972631365060806
0,0.2880361974239349,0,0.1173716485500335,0,0.4503713548183441,0,0.3194388449192047
0,0.1331135332584381,0,0.1118491291999816,0,0.2190391719341278,0,0.2810339033603668
0,0.3363470733165741,0,0.1190042570233345,0,0.4102390706539154,0,0.347234159708023
0,0.1535174548625946,0,0.111616127192974,0,0.2149137109518051,0,0.273686796426773
0,0.1432916969060897,0,0.1143399998545646,0,0.1958770602941513,0,0.2061312198638916
0,0.178336501121521,0,0.1144918575882911,0,0.1322540342807769,0,0.1917076408863067
0,0.1458172351121902,0,0.1177858710289001,0,0.1440543532371521,0,0.2237318903207779
0,0.197209432721138,0,0.1182944253087043,0,0.1515813171863556,0,0.2321356981992721
0,0.0273644533008337,0,0.1073202490806579,0,0.0390216410160064,0,0.0467057190835475
0,0.0301544666290283,0,0.1098112612962722,0,0.0722317174077034,0,0.0675579831004142
0,0.0380817726254463,0,0.1057548746466636,0,0.1388503909111023,0,0.0479592345654964
0,0.2452818751335144,0,0.1156045421957969,0,0.2282880544662475,0,0.2778386175632477
0,0.0312388092279434,0,0.1061371266841888,0,0.0306791551411151,0,0.0502691902220249
0,0.026344746351242,0,0.1049588322639465,0,0.0936908721923828,0,0.0477650091052055
0,0.0456236936151981,0,0.1085352078080177,0,0.0327223092317581,0,0.1141696646809578
0,0.0398592799901962,0,0.1064393296837806,0,0.0939086973667144,0,0.0504722446203231
0,0.1736848354339599,0,0.107614479959011,0,0.0659990087151527,0,0.0816271603107452
0,0.0311719495803117,0,0.1074039414525032,0,0.0359958633780479,0,0.0500830560922622
0,0.0901015549898147,0,0.1163765788078308,0,0.1130110993981361,0,0.0853182673454284
0,0.0662570744752883,0,0.1122010201215744,0,0.0758718028664588,0,0.1241642460227012
0,0.0992292389273643,0,0.1155596226453781,0,0.1465878635644912,0,0.1977126449346542
0,0.0880371704697609,0,0.1146173700690269,0,0.099916860461235,0,0.1747932136058807
0,0.0604008287191391,0,0.1150942668318748,0,0.1807595044374466,0,0.1780964136123657
0,0.3451731503009796,0,0.1199555695056915,0,0.4035098254680633,0,0.3471442759037018
0,0.3665296137332916,0,0.1184928342700004,0,0.3990445435047149,0,0.3528050780296325
0,0.1011233255267143,0,0.1139803454279899,0,0.1277874410152435,0,0.1751907020807266
0,0.0727206170558929,0,0.1086116954684257,0,0.1150508522987365,0,0.0708047747611999
0,0.0455900058150291,0,0.1057617142796516,0,0.1329029500484466,0,0.1185344904661178
0,0.2176639884710312,0,0.1081947013735771,0,0.1545472592115402,0,0.1883008331060409
0,0.0937654674053192,0,0.1118003726005554,0,0.1116969287395477,0,0.1904689967632293
0,0.0506387054920196,0,0.1112281009554863,0,0.2626500129699707,0,0.0564479380846023
0,0.1208359822630882,0,0.1114077791571617,0,0.096653327345848,0,0.1811831593513488
0,0.0866719707846641,0,0.1130880564451217,0,0.1275641173124313,0,0.2275696247816085
0,0.0477063283324241,0,0.1064506694674491,0,0.212833359837532,0,0.0552136152982711
0,0.2396311908960342,0,0.1090310141444206,0,0.109017975628376,0,0.1061781570315361
0,0.0561064295470714,0,0.1138057857751846,0,0.112187959253788,0,0.1573865860700607
0,0.1081443130970001,0,0.1161212474107742,0,0.0985890701413154,0,0.2427062094211578
0,0.2553993761539459,0,0.1221230924129486,0,0.3089865148067474,0,0.3014259338378906
0,0.1212546750903129,0,0.1081396415829658,0,0.1138238981366157,0,0.1033417731523513
0,0.2151367366313934,0,0.1126620098948478,0,0.2014183700084686,0,0.2349591106176376
0,0.2171006202697754,0,0.1151138916611671,0,0.1629202365875244,0,0.2146314233541488
0,0.3791509866714477,0,0.121272824704647,0,0.4668065011501312,0,0.3433921635150909
0,0.4331318736076355,0,0.1204256489872932,0,0.4952556192874908,0,0.3423976302146911
0,0.3333912491798401,0,0.1217024624347686,0,0.3995579183101654,0,0.3209430873394012
0,0.0477074645459651,0,0.1113423183560371,0,0.0292088203132152,0,0.0795474797487258
0,0.277988851070404,0,0.1155799254775047,0,0.1919499039649963,0,0.2421231418848037
0,0.2472752779722213,0,0.113233283162117,0,0.1859767735004425,0,0.2715404629707336
0,0.1353868693113327,0,0.1113952323794364,0,0.1893347650766372,0,0.2479297518730163
0,0.1879018098115921,0,0.1091244742274284,0,0.1129406988620758,0,0.2249692380428314
0,0.2836146056652069,0,0.1126571744680404,0,0.1811712384223938,0,0.215977594256401
0,0.2264501303434372,0,0.1114729419350624,0,0.1749137192964553,0,0.2039490342140197
0,0.0642880648374557,0,0.109549231827259,0,0.1093581691384315,0,0.0853540003299713
0,0.0720662400126457,0,0.1083620637655258,0,0.1096173152327537,0,0.1714884638786316
0,0.1237383112311363,0,0.1093693673610687,0,0.1076522171497345,0,0.2134830057621002
0,0.0604900419712066,0,0.1117074340581893,0,0.2174321711063385,0,0.1120737344026565
0,0.1917705088853836,0,0.1123824343085289,0,0.2896308600902557,0,0.2528397142887115
0,0.1605561822652816,0,0.1109123155474662,0,0.1724366247653961,0,0.1617476791143417
0,0.250808447599411,0,0.1106758043169975,0,0.4228861331939697,0,0.2436345368623733
0,0.0961235091090202,0,0.1023577973246574,0,0.1116396412253379,0,0.1535598337650299
0,0.1248929798603057,0,0.1067233458161354,0,0.2001632899045944,0,0.2180791944265365
0,0.2682711482048034,0,0.1152453199028968,0,0.2508761882781982,0,0.3194885849952698
0,0.2769510149955749,0,0.1167473644018173,0,0.3264355957508087,0,0.3077518045902252
0,0.1616667211055755,0,0.1131202653050422,0,0.1082160994410514,0,0.1377891302108764
0,0.3151597678661346,0,0.1120337396860122,0,0.1638056635856628,0,0.2231033444404602
0,0.0949701070785522,0,0.1109493151307106,0,0.10533357411623,0,0.1766290962696075
0,0.2664494514465332,0,0.1167830154299736,0,0.2242157310247421,0,0.2735861241817474
0,0.1253567188978195,0,0.1096571162343025,0,0.1951420903205871,0,0.2243833690881729
0,0.1053429469466209,0,0.1125267744064331,0,0.1697040647268295,0,0.2707031369209289
0,0.1920358538627624,0,0.1145978420972824,0,0.1477209478616714,0,0.1529686897993087
0,0.0862888470292091,0,0.1110784113407135,0,0.1621698141098022,0,0.2206507921218872
0,0.098449558019638,0,0.1130672767758369,0,0.115720234811306,0,0.1958904862403869
0,0.1774625331163406,0,0.1062017008662223,0,0.0496029593050479,0,0.1252227872610092
0,0.1531132608652115,0,0.1122335344552993,0,0.1154380291700363,0,0.153836503624916
0,0.1120319813489914,0,0.112200491130352,0,0.1671043038368225,0,0.1652854233980178
0,0.0841927155852317,0,0.1062814518809318,0,0.0954097807407379,0,0.0584311448037624
0,0.3797392249107361,0,0.1217615604400634,0,0.477906584739685,0,0.3440679013729095
0,0.0625901669263839,0,0.1077978760004043,0,0.0489181950688362,0,0.0815120786428451
0,0.0273410994559526,0,0.1085922494530677,0,0.0508751682937145,0,0.0857058092951774
0,0.0303068906068801,0,0.110739879310131,0,0.0833451002836227,0,0.0691404342651367
0,0.2400840073823928,0,0.1172856986522674,0,0.380452036857605,0,0.2894560992717743
0,0.042824413627386,0,0.10980224609375,0,0.0934401378035545,0,0.0494384318590164
0,0.0921898782253265,0,0.1124075204133987,0,0.2286395281553268,0,0.2190626412630081
0,0.0274912063032388,0,0.1082740053534507,0,0.0765614062547683,0,0.0540048778057098
0,0.2875873148441314,0,0.1167146265506744,0,0.3471965193748474,0,0.2989386022090912
0,0.0491193756461143,0,0.1132867336273193,0,0.1083655208349227,0,0.057829737663269
0,0.032313734292984,0,0.1125256493687629,0,0.0296896509826183,0,0.0509998686611652
0,0.0318825058639049,0,0.1077574715018272,0,0.0907050445675849,0,0.0664493665099144
0,0.2635961771011352,0,0.1161978095769882,0,0.3031591773033142,0,0.2728878557682037
0,0.0847009792923927,0,0.1124976798892021,0,0.0598731264472007,0,0.0552170351147651
0,0.0340352430939674,0,0.1120559126138687,0,0.0545386001467704,0,0.046381052583456
0,0.0883055850863456,0,0.1130966693162918,0,0.0989779978990554,0,0.1551933139562606
0,0.0308585502207279,0,0.1070651859045028,0,0.0728956162929534,0,0.0478206388652324
0,0.0419628880918026,0,0.1069808825850486,0,0.0804230868816375,0,0.0457476936280727
0,0.1312371343374252,0,0.1118248030543327,0,0.1061160638928413,0,0.2153560221195221
0,0.1989668756723404,0,0.1116426959633827,0,0.2822364866733551,0,0.3061254918575287
0,0.2079381942749023,0,0.1158396378159523,0,0.2408910244703292,0,0.2075341045856475
0,0.1279901266098022,0,0.1118706092238426,0,0.225344032049179,0,0.1123649403452873
0,0.0789307877421379,0,0.1131002306938171,0,0.0240460485219955,0,0.0793214812874794
0,0.0633032470941543,0,0.1128381937742233,0,0.1060190796852111,0,0.0816682279109954
0,0.0685353279113769,0,0.112439677119255,0,0.1080285832285881,0,0.0829205065965652
0,0.0308317840099334,0,0.111942745745182,0,0.0648045241832733,0,0.0665179342031478
0,0.0432651005685329,0,0.1109477430582046,0,0.024757457897067,0,0.0606502145528793
0,0.1971442550420761,0,0.1124221831560134,0,0.1006192937493324,0,0.2699565589427948
0,0.0928044766187667,0,0.1142618805170059,0,0.2682293057441711,0,0.0816952586174011
0,0.0441840440034866,0,0.1116525158286094,0,0.0291768871247768,0,0.077906034886837
0,0.041749570518732,0,0.1109844669699668,0,0.0725470930337905,0,0.0628592520952224
0,0.0922685414552688,0,0.1152772307395935,0,0.1337019205093383,0,0.1797231137752533
0,0.0782664865255355,0,0.1120575591921806,0,0.1005552411079406,0,0.0721842125058174
0,0.1828871816396713,0,0.1141172349452972,0,0.1849232614040374,0,0.2480669468641281
0,0.1997486352920532,0,0.1148867532610893,0,0.2168678492307663,0,0.2802105844020843
0,0.1552265286445617,0,0.1080672740936279,0,0.0541470050811767,0,0.1729547381401062
0,0.2167606353759765,0,0.1164424121379852,0,0.212111160159111,0,0.2696984112262726
0,0.3667607009410858,0,0.1246556341648101,0,0.4784055650234222,0,0.3495401442050934
0,0.0546860322356224,0,0.1100031957030296,0,0.131087526679039,0,0.1405544728040695
0,0.2016542553901672,0,0.1154605895280838,0,0.3290918171405792,0,0.2928369343280792
0,0.0659216567873954,0,0.1110503450036048,0,0.1112720817327499,0,0.1394489258527755
0,0.2553181052207947,0,0.1104403510689735,0,0.254715085029602,0,0.186365932226181
0,0.2631759643554687,0,0.1133121848106384,0,0.2948310077190399,0,0.2550326287746429
0,0.2766277194023132,0,0.1134956777095794,0,0.1956682652235031,0,0.1599559336900711
0,0.2559191584587097,0,0.1118719577789306,0,0.36226487159729,0,0.2124036401510238
0,0.2124535143375396,0,0.112353965640068,0,0.1513933092355728,0,0.2039471715688705
0,0.1025479659438133,0,0.1113861203193664,0,0.1631085127592086,0,0.2286638170480728
0,0.3048424124717712,0,0.1113434433937072,0,0.2791502177715301,0,0.2554623186588287
0,0.2135399729013443,0,0.1114014089107513,0,0.2353722900152206,0,0.2119659781455993
0,0.2437158524990081,0,0.1143597289919853,0,0.3026185035705566,0,0.3363513350486755
0,0.0411170870065689,0,0.1098662242293357,0,0.1780207306146621,0,0.1246508285403251
0,0.2487212568521499,0,0.112257644534111,0,0.3530961573123932,0,0.2264330387115478
0,0.2275834828615188,0,0.11292564868927,0,0.164420798420906,0,0.2366131991147995
0,0.186645433306694,0,0.1111758574843406,0,0.1729475408792495,0,0.2167651802301406
0,0.0386908911168575,0,0.1106767430901527,0,0.0967938229441642,0,0.0942072570323944
0,0.3261937499046325,0,0.1165791675448417,0,0.3762044012546539,0,0.3014253377914428
0,0.0401927568018436,0,0.107174627482891,0,0.090018130838871,0,0.08864476531744
0,0.0392335802316665,0,0.1120127737522125,0,0.0513034835457801,0,0.0656214579939842
0,0.107741042971611,0,0.113588660955429,0,0.0754101276397705,0,0.1309078186750412
0,0.0301489420235157,0,0.1063073128461837,0,0.0436153449118137,0,0.0452569350600242
0,0.1314006149768829,0,0.1070936620235443,0,0.1132527515292167,0,0.1324141025543213
0,0.0822455585002899,0,0.1090522930026054,0,0.0946612730622291,0,0.1163628622889518
0,0.2281913012266159,0,0.1108331829309463,0,0.2488128542900085,0,0.2290937602519989
0,0.1700670570135116,0,0.1110827550292015,0,0.1980651915073394,0,0.3073191344738006
0,0.2627178430557251,0,0.110013723373413,0,0.1882859468460083,0,0.2416540831327438
0,0.0289141871035099,0,0.1101253032684326,0,0.0513180121779441,0,0.0943623110651969
0,0.2552089393138885,0,0.1193894073367118,0,0.4517225623130798,0,0.2974732518196106
0,0.310295820236206,0,0.1146013736724853,0,0.2638359069824219,0,0.3663674294948578
0,0.2032760083675384,0,0.1133129894733429,0,0.2559705078601837,0,0.2222172319889068
0,0.2508735954761505,0,0.11627197265625,0,0.2926707863807678,0,0.3615811169147491
0,0.1650667935609817,0,0.1100835502147674,0,0.2469766438007354,0,0.2750163972377777
0,0.1859224438667297,0,0.1147071868181228,0,0.2649286389350891,0,0.2547401189804077
0,0.0683777257800102,0,0.1141676157712936,0,0.1569359898567199,0,0.0854011699557304
0,0.0568666011095047,0,0.1125052347779274,0,0.0771001130342483,0,0.1036259531974792
0,0.0906132087111473,0,0.1127378493547439,0,0.0736427381634712,0,0.0835280418395996
0,0.0906111523509025,0,0.1139057204127311,0,0.0968977287411689,0,0.1000913605093956
0,0.415431946516037,0,0.1272677928209304,0,0.4852339327335357,0,0.3769172132015228
0,0.135058656334877,0,0.1110900864005088,0,0.201126217842102,0,0.0882212743163108
0,0.1617192924022674,0,0.1117715910077095,0,0.2199927568435669,0,0.2515721917152405
0,0.0958712697029113,0,0.1107738092541694,0,0.142215147614479,0,0.262822151184082
0,0.299587607383728,0,0.1191240921616554,0,0.3436828255653381,0,0.3214950561523437
0,0.272713840007782,0,0.1139509528875351,0,0.2931183576583862,0,0.2365572303533554
0,0.3149540722370147,0,0.1133146733045578,0,0.3330115079879761,0,0.2728139758110046
0,0.2907912135124206,0,0.1182048544287681,0,0.3188962936401367,0,0.2876462042331695
0,0.2359237074851989,0,0.117122858762741,0,0.29819056391716,0,0.2773764133453369
0,0.19711534678936,0,0.1162915229797363,0,0.2017941027879715,0,0.3226102292537689
0,0.1622008383274078,0,0.1135104298591613,0,0.1320328563451767,0,0.1820604503154754
0,0.158281534910202,0,0.1170073673129081,0,0.1711653470993042,0,0.3074323236942291
0,0.0511143282055854,0,0.1101007312536239,0,0.1029768511652946,0,0.1245369836688041
0,0.0392345488071441,0,0.1100437268614769,0,0.0853335633873939,0,0.0768645703792572
0,0.0272278934717178,0,0.1079900935292244,0,0.0541288815438747,0,0.0507376566529274
0,0.0605190470814704,0,0.1099450662732124,0,0.0490740276873111,0,0.0608750283718109
0,0.0251323319971561,0,0.108042411506176,0,0.0602627582848072,0,0.0562375634908676
0,0.0720109045505523,0,0.1131437867879867,0,0.0511470399796962,0,0.0560859516263008
0,0.0704158321022987,0,0.108780913054943,0,0.0762041509151458,0,0.0572714954614639
0,0.0294161178171634,0,0.108609952032566,0,0.0577978752553463,0,0.06105737388134
0,0.0472186617553234,0,0.1108468323945999,0,0.0832857489585876,0,0.0489571020007133
0,0.0352878272533416,0,0.10910514742136,0,0.1043479666113853,0,0.0814823806285858
0,0.036370612680912,0,0.1102588698267936,0,0.0532656386494636,0,0.0544478185474872
0,0.027404623106122,0,0.1107067316770553,0,0.065941110253334,0,0.0683557093143463
0,0.1373878866434097,0,0.1104366481304168,0,0.1286888569593429,0,0.251411885023117
0,0.0611377507448196,0,0.1122683435678482,0,0.1962969154119491,0,0.0490166470408439
0,0.0529735423624515,0,0.1062254309654235,0,0.0468044877052307,0,0.0518092848360538
0,0.0851772204041481,0,0.1075730472803115,0,0.0567994564771652,0,0.0890542939305305
0,0.0845962390303611,0,0.1128032356500625,0,0.058199618011713,0,0.1434468775987625
0,0.0468085631728172,0,0.1128468140959739,0,0.0671150758862495,0,0.0942255333065986
0,0.0931213274598121,0,0.1134677082300186,0,0.0953652709722518,0,0.20859956741333
0,0.1969857662916183,0,0.1162750646471977,0,0.3499732315540313,0,0.3086181879043579
0,0.2226777225732803,0,0.1167353242635726,0,0.401653379201889,0,0.2443801313638687
0,0.1577052325010299,0,0.111646294593811,0,0.1061532944440841,0,0.2299344092607498
0,0.0587923899292945,0,0.1131597235798835,0,0.0923593640327453,0,0.2148855626583099
0,0.1463417708873748,0,0.1167006343603134,0,0.3013328015804291,0,0.2233365476131439
0,0.1076580956578254,0,0.1097974181175232,0,0.0975066497921943,0,0.1742563396692276
0,0.2798759341239929,0,0.1125043630599975,0,0.4171290099620819,0,0.3105681836605072
0,0.1518599987030029,0,0.1082040071487426,0,0.1051967218518257,0,0.2160931676626205
0,0.0347649157047271,0,0.1061445623636245,0,0.0640416294336319,0,0.057090800255537
0,0.0403083972632885,0,0.1055807769298553,0,0.0666364356875419,0,0.0557427033782005
0,0.0359077900648117,0,0.1060288473963737,0,0.1494690030813217,0,0.0727083384990692
0,0.3109022974967956,0,0.1116155907511711,0,0.3862284719944,0,0.2410609275102615
0,0.2160781770944595,0,0.1118887811899185,0,0.3129161596298218,0,0.2797460854053497
0,0.0359355397522449,0,0.1105856224894523,0,0.1128353253006935,0,0.1542430073022842
0,0.0395235791802406,0,0.1094897985458374,0,0.0505337156355381,0,0.0528554581105709
0,0.0288969539105892,0,0.1100175753235817,0,0.0673299878835678,0,0.0460674166679382
0,0.0367216169834136,0,0.1096065193414688,0,0.077384777367115,0,0.0530978217720985
0,0.0404415391385555,0,0.1087368056178093,0,0.0273026823997497,0,0.0499084629118442
0,0.0606437139213085,0,0.1104276701807975,0,0.0738326460123062,0,0.1151929423213005
0,0.0388571582734584,0,0.1110063195228576,0,0.1851736158132553,0,0.0628829374909401
0,0.0298939887434244,0,0.1075325831770896,0,0.0714139342308044,0,0.0525840930640697
0,0.0270360726863145,0,0.108643814921379,0,0.0574100017547607,0,0.0452469922602176
0,0.091133251786232,0,0.1088791936635971,0,0.1369537115097046,0,0.070053830742836
0,0.0548920296132564,0,0.109371617436409,0,0.0494015701115131,0,0.0889557003974914
0,0.0403785184025764,0,0.1111851707100868,0,0.110407531261444,0,0.1267206966876983
0,0.0449731796979904,0,0.1096341833472251,0,0.0559746287763118,0,0.0467721298336982
0,0.0280020479112863,0,0.1076310575008392,0,0.0732605531811714,0,0.0478643998503685
0,0.1440637111663818,0,0.110648825764656,0,0.2176638543605804,0,0.1845028847455978
0,0.0395801588892936,0,0.1095657348632812,0,0.0616887211799621,0,0.0914791226387023
0,0.1078204438090324,0,0.1062514036893844,0,0.0689721331000328,0,0.0466947220265865
0,0.2220818698406219,0,0.114496961236,0,0.1528983563184738,0,0.239724650979042
0,0.0270982831716537,0,0.1071566045284271,0,0.0471137315034866,0,0.0793512240052223
0,0.0579178556799888,0,0.1108321398496627,0,0.0525845065712928,0,0.0738807395100593
0,0.0997593104839325,0,0.1101743057370185,0,0.0534349419176578,0,0.2351164072751999
0,0.032652374356985,0,0.1006479263305664,0,0.0818313211202621,0,0.0673067644238472
0,0.2405673414468765,0,0.112770676612854,0,0.1515112072229385,0,0.3135546445846557
0,0.3136761784553528,0,0.1149006783962249,0,0.2214788049459457,0,0.2747455239295959
0,0.1689149737358093,0,0.1112648770213127,0,0.1327294409275055,0,0.2741605639457702
0,0.0532902106642723,0,0.1110930144786834,0,0.0936078429222107,0,0.1167013943195343
0,0.2296824604272842,0,0.1142297908663749,0,0.1852046549320221,0,0.2004103511571884
0,0.0698221772909164,0,0.1090747267007827,0,0.0872252881526947,0,0.0674186199903488
0,0.2292498052120208,0,0.1128496080636978,0,0.1917309165000915,0,0.190804973244667
0,0.0391176491975784,0,0.1074107512831687,0,0.0516249164938926,0,0.0783646479249
0,0.188753992319107,0,0.1101537123322486,0,0.1120846047997474,0,0.1582467406988144
0,0.0588828101754188,0,0.1105686947703361,0,0.0707802325487136,0,0.0587486773729324
0,0.1440025717020034,0,0.1125783696770668,0,0.1634880751371383,0,0.2662433087825775
0,0.0902657061815261,0,0.1126148477196693,0,0.1463669091463089,0,0.1406148374080658
0,0.1008743867278099,0,0.1124637573957443,0,0.1238187849521637,0,0.1992987543344497
0,0.144098699092865,0,0.1138161718845367,0,0.157158151268959,0,0.2243380546569824
0,0.0498657040297985,0,0.1082920506596565,0,0.1010813415050506,0,0.0929521024227142
0,0.0311345718801021,0,0.1078785434365272,0,0.0297834184020757,0,0.0482760667800903
0,0.0419561564922332,0,0.1092409119009971,0,0.1547579765319824,0,0.0513863041996955
0,0.0317784436047077,0,0.1085382029414177,0,0.0372123755514621,0,0.0516104437410831
0,0.177631989121437,0,0.1066117882728576,0,0.1806731224060058,0,0.1804108768701553
0,0.1760201901197433,0,0.1131016016006469,0,0.350016176700592,0,0.3340175151824951
1,0.12248245626688,1,0.1119377166032791,1,0.1042652204632759,1,0.0789998173713684
1,0.1226755455136299,1,0.1110206767916679,1,0.1002994701266288,1,0.0633987337350845
1,0.2196145057678222,1,0.1100024729967117,1,0.3686382472515106,1,0.2759659588336944
1,0.1900738775730133,1,0.1137434393167495,1,0.1833870708942413,1,0.2804837822914123
1,0.2636268734931946,1,0.1159234941005706,1,0.2902594208717346,1,0.2743226289749145
1,0.1411023288965225,1,0.1113287657499313,1,0.3336890935897827,1,0.2755821943283081
1,0.174492597579956,1,0.10881969332695,1,0.1646907329559326,1,0.1160872802138328
1,0.1905133575201034,1,0.1086032837629318,1,0.1920588165521621,1,0.1657466143369674
1,0.1809228360652923,1,0.1086232215166091,1,0.1298206746578216,1,0.0941283106803894
1,0.1573257744312286,1,0.1123119220137596,1,0.2234117537736892,1,0.1998805403709411
1,0.3789876997470855,1,0.1218904331326484,1,0.4937586486339569,1,0.3378043174743652
1,0.1253786534070968,1,0.1129134222865104,1,0.1907049119472503,1,0.0883154049515724
1,0.2547638714313507,1,0.1103516817092895,1,0.2218394577503204,1,0.2386118620634079
1,0.2871562838554382,1,0.1103304997086525,1,0.3651768863201141,1,0.2032728344202041
1,0.2003428637981414,1,0.1100666671991348,1,0.2226880937814712,1,0.2008822858333587
0,0.2406802624464035,0,0.1167080178856849,0,0.3685506880283355,0,0.2973314821720123
0,0.1642029285430908,0,0.1078736186027526,0,0.2539609372615814,0,0.2404526472091674
0,0.0797614976763725,0,0.1101487129926681,0,0.1454756706953048,0,0.1933444589376449
0,0.043431244790554,0,0.1062019020318985,0,0.1171645522117614,0,0.0575009025633335
0,0.1978029310703277,0,0.1098198667168617,0,0.0824406743049621,0,0.1044078096747398
0,0.2374315857887268,0,0.1101078540086746,0,0.1955301463603973,0,0.2683116197586059
0,0.1657333672046661,0,0.1088311299681663,0,0.0778349861502647,0,0.1111842170357704
0,0.2242578715085983,0,0.1095352694392204,0,0.0759402215480804,0,0.1429721117019653
0,0.1788992434740066,0,0.1092991828918457,0,0.1014445722103118,0,0.1292642205953598
0,0.1816478222608566,0,0.1083092764019966,0,0.1175658032298088,0,0.1235965713858604
0,0.063071921467781,0,0.1080351769924163,0,0.061218474060297,0,0.049945343285799
0,0.1802014410495758,0,0.1125439554452896,0,0.1573643088340759,0,0.2489898949861526
0,0.338966816663742,0,0.1170967146754264,0,0.408462643623352,0,0.3038018345832824
0,0.1117546483874321,0,0.1165026724338531,0,0.1205490306019783,0,0.160363420844078
0,0.0501622520387172,0,0.1149400621652603,0,0.0966839641332626,0,0.0933012440800666
0,0.0426629520952701,0,0.1135519444942474,0,0.1491900980472564,0,0.0838870555162429
0,0.0685720816254615,0,0.1144702285528183,0,0.1067664697766304,0,0.2070261240005493
0,0.094078317284584,0,0.1110385358333587,0,0.0631267502903938,0,0.0824820920825004
0,0.2281344830989837,0,0.117399588227272,0,0.2577837407588959,0,0.2893574237823486
0,0.0501524955034256,0,0.1110513359308242,0,0.0650025829672813,0,0.1548036187887191
0,0.1057738363742828,0,0.109144851565361,0,0.1221529245376586,0,0.1390057504177093
0,0.0340011790394783,0,0.1086697652935981,0,0.0375810116529464,0,0.0720739215612411
0,0.0347866788506507,0,0.1113483160734176,0,0.0478633232414722,0,0.0883396789431572
0,0.2604286670684814,0,0.1138380840420723,0,0.2546882927417755,0,0.2718885540962219
0,0.3831580281257629,0,0.1244814544916153,0,0.5114331245422363,0,0.3589746952056885
0,0.0581844970583915,0,0.1117170751094818,0,0.0482059344649314,0,0.1739415377378463
0,0.0486457347869873,0,0.1060439646244049,0,0.1132726073265075,0,0.1102736592292785
0,0.2943564653396606,0,0.1215486899018287,0,0.4809736609458923,0,0.3242777287960052
0,0.1595613956451416,0,0.1149030849337577,0,0.0831950902938842,0,0.1007103398442268
0,0.342928409576416,0,0.120206281542778,0,0.4840521216392517,0,0.3287239074707031
0,0.1925660073757171,0,0.114808551967144,0,0.1617277860641479,0,0.1823999136686325
0,0.1765479296445846,0,0.1150237172842025,0,0.1989811658859253,0,0.2161616533994674
0,0.0400391370058059,0,0.1085448712110519,0,0.1804161667823791,0,0.0725224092602729
0,0.2080266028642654,0,0.1110241115093231,0,0.1387026011943817,0,0.2208770513534546
0,0.0888948813080787,0,0.1106897667050361,0,0.1714497208595276,0,0.1253822147846222
0,0.0409642346203327,0,0.108969397842884,0,0.1022345796227455,0,0.0600914992392063
0,0.0936446264386177,0,0.1070029363036155,0,0.1564720124006271,0,0.1850677281618118
0,0.1890184432268142,0,0.1106307283043861,0,0.2565926015377044,0,0.209045872092247
0,0.0749891102313995,0,0.1128741726279258,0,0.1434694975614547,0,0.1873302459716797
0,0.139150783419609,0,0.1087254211306572,0,0.1426095068454742,0,0.1521186977624893
0,0.0501393713057041,0,0.1100261658430099,0,0.0635168850421905,0,0.0607280544936656
0,0.1071374714374542,0,0.1100561022758483,0,0.2720654904842376,0,0.1519570052623748
0,0.0708696544170379,0,0.1083959266543388,0,0.0826238691806793,0,0.063739575445652
0,0.3006556928157806,0,0.1153136193752288,0,0.3761505782604217,0,0.2922888100147247
0,0.0757463574409484,0,0.1091564893722534,0,0.0864175781607627,0,0.1397077888250351
0,0.1929166316986084,0,0.1139293387532234,0,0.1298498958349228,0,0.2301348894834518
0,0.1129331812262535,0,0.1076219528913497,0,0.132464975118637,0,0.1235222592949867
0,0.3388053476810455,0,0.1204650774598121,0,0.4709316790103912,0,0.3360483944416046
0,0.0470946729183197,0,0.1077670305967331,0,0.061912901699543,0,0.1192034110426902
0,0.3514875173568725,0,0.1206219717860221,0,0.4727256894111633,0,0.3563932776451111
0,0.1198735311627388,0,0.1160513311624527,0,0.1662916094064712,0,0.2350950241088867
0,0.1124820411205291,0,0.1154776513576507,0,0.1890378296375274,0,0.2519817352294922
0,0.3549410104751587,0,0.1185482814908027,0,0.3747726380825043,0,0.2903012037277221
0,0.0800266191363334,0,0.1145208925008773,0,0.1512417793273925,0,0.1984644830226898
0,0.2854929268360138,0,0.1217657178640365,0,0.442967802286148,0,0.3612988591194153
0,0.3928136229515075,0,0.1217955350875854,0,0.5090945363044739,0,0.3417495489120483
0,0.3116742968559265,0,0.1204398721456527,0,0.4775446057319641,0,0.34831303358078
0,0.0393570214509964,0,0.1095345243811607,0,0.0743393525481224,0,0.0961048677563667
0,0.0873466655611991,0,0.1100775748491287,0,0.2052652984857559,0,0.19868765771389
0,0.1133148819208145,0,0.1114895120263099,0,0.2276843637228012,0,0.1697190552949905
0,0.2393200993537902,0,0.1096884757280349,0,0.1458707153797149,0,0.2946276664733886
0,0.2963873445987701,0,0.1134092733263969,0,0.0618681907653808,0,0.2905209064483642
0,0.2864818572998047,0,0.1183023825287818,0,0.3355862498283386,0,0.2987664341926574
0,0.0954866781830787,0,0.1136611849069595,0,0.2463386058807373,0,0.1008842438459396
0,0.1135142147541046,0,0.1140379980206489,0,0.1002418249845504,0,0.2045992016792297
0,0.0637270137667656,0,0.1138556823134422,0,0.1069626659154892,0,0.1458902508020401
0,0.1347730606794357,0,0.1123156249523162,0,0.1287826001644134,0,0.2918883860111236
0,0.0270114187151193,0,0.1078127771615982,0,0.0916413813829422,0,0.0456816963851451
0,0.0283160880208015,0,0.1079863011837005,0,0.0468453429639339,0,0.0540464930236339
0,0.2031892836093902,0,0.1088759750127792,0,0.1417622119188308,0,0.1862955391407013
0,0.0900043472647667,0,0.1098170951008796,0,0.1075840294361114,0,0.1683230549097061
0,0.0272657517343759,0,0.1116546913981437,0,0.0424497202038764,0,0.0562037043273448
0,0.1093551144003868,0,0.1135705783963203,0,0.1265357136726379,0,0.0691031888127327
0,0.1064193546772003,0,0.1111577302217483,0,0.1993815302848816,0,0.1566819101572036
0,0.0609162636101245,0,0.1143242418766021,0,0.1972665935754776,0,0.1174214780330658
0,0.1532728672027588,0,0.1128792762756347,0,0.2748529613018036,0,0.1224510222673416
0,0.1281438171863556,0,0.110183447599411,0,0.0636297389864921,0,0.0942785292863845
0,0.0736210122704505,0,0.1122990623116493,0,0.0350690260529518,0,0.1013165563344955
0,0.1633457839488983,0,0.1086982041597366,0,0.1452980190515518,0,0.2808992266654968
0,0.0857630595564842,0,0.1071626469492912,0,0.1359553337097168,0,0.1545416712760925
0,0.1133329644799232,0,0.1067558676004409,0,0.2169930189847946,0,0.0659461989998817
0,0.0463730506598949,0,0.1100720167160034,0,0.0317075923085212,0,0.0751655474305152
0,0.0656317472457885,0,0.1097635850310325,0,0.1388060450553894,0,0.0922245383262634
0,0.048131451010704,0,0.1138533800840377,0,0.1029005125164985,0,0.1124218851327896
0,0.1101649180054664,0,0.1119779869914054,0,0.0562051981687545,0,0.2925556600093841
0,0.1037843227386474,0,0.1121812537312507,0,0.0886413902044296,0,0.135229229927063
0,0.0801481530070304,0,0.112637460231781,0,0.1206695064902305,0,0.0998213067650795
0,0.0756694748997688,0,0.1102269515395164,0,0.0571557581424713,0,0.1216274201869964
0,0.1724047660827636,0,0.1108360439538955,0,0.2163456380367279,0,0.217526689171791
0,0.0751732364296913,0,0.1119501814246177,0,0.0769923478364944,0,0.073195494711399
0,0.1187911331653595,0,0.111568346619606,0,0.071241483092308,0,0.075763463973999
0,0.1975328773260116,0,0.1129315495491027,0,0.2986094653606415,0,0.2330030649900436
0,0.2822871208190918,0,0.1137032359838485,0,0.2458137273788452,0,0.2325344532728195
0,0.2722765803337097,0,0.1141484156250953,0,0.364142507314682,0,0.2307675182819366
0,0.2549322247505188,0,0.1138797476887703,0,0.4304831326007843,0,0.2696475684642792
0,0.2484295666217804,0,0.1102417483925819,0,0.3612580299377441,0,0.238780677318573
0,0.1143141984939575,0,0.1166370287537574,0,0.0786072015762329,0,0.1325939148664474
0,0.1300525069236755,0,0.1142148822546005,0,0.2173569649457931,0,0.2304309457540512
0,0.1461668163537979,0,0.116034060716629,0,0.1113446280360221,0,0.219638854265213
0,0.1554447561502456,0,0.116034060716629,0,0.1990870684385299,0,0.2044169157743454
0,0.0618445612490177,0,0.108112096786499,0,0.0894096195697784,0,0.0617701672017574
0,0.132622942328453,0,0.1132503822445869,0,0.2128375321626663,0,0.1056568846106529
0,0.0374735742807388,0,0.1120373904705047,0,0.2754518389701843,0,0.0525276586413383
0,0.2054133713245391,0,0.1134968772530555,0,0.2195383608341217,0,0.2228015661239624
0,0.1035092771053314,0,0.1077083349227905,0,0.0833357870578765,0,0.0601622760295867
0,0.1230816170573234,0,0.1119541004300117,0,0.1425660848617553,0,0.0921511575579643
0,0.20070680975914,0,0.1133156046271324,0,0.1767119020223617,0,0.2205573618412017
0,0.066905677318573,0,0.113157719373703,0,0.0535111315548419,0,0.1950154900550842
0,0.0297335796058177,0,0.1074168160557746,0,0.058611687272787,0,0.0577907525002956
0,0.1298188418149948,0,0.1106239482760429,0,0.2669802606105804,0,0.0674479454755783
0,0.0657936483621597,0,0.1107747331261634,0,0.1148557811975479,0,0.0499794371426105
0,0.350164920091629,0,0.1186666712164878,0,0.3050704300403595,0,0.3371093571186065
0,0.1732103079557418,0,0.1149049997329711,0,0.1603121310472488,0,0.2979702651500702
0,0.0574929565191268,0,0.1106215119361877,0,0.1094023734331131,0,0.0923335999250412
0,0.0459416769444942,0,0.1117838844656944,0,0.1382439881563186,0,0.1098178550601005
0,0.1214466243982315,0,0.1110573410987854,0,0.1316879689693451,0,0.2146742194890976
0,0.3519254624843597,0,0.1200426891446113,0,0.424503356218338,0,0.3316295146942138
0,0.0830127671360969,0,0.1086107343435287,0,0.1309457868337631,0,0.1285258829593658
0,0.2841427624225616,0,0.1131099686026573,0,0.3120434880256653,0,0.2397568821907043
0,0.0833382084965705,0,0.1101508662104606,0,0.1093571111559867,0,0.2066438943147659
0,0.4063129127025604,0,0.1199055016040802,0,0.3520135879516601,0,0.3579055666923523
0,0.0669660717248916,0,0.1096220910549163,0,0.1037396490573883,0,0.2187576293945312
0,0.323706567287445,0,0.1220681145787239,0,0.4605913758277893,0,0.3463399410247803
0,0.3758512735366821,0,0.1200259923934936,0,0.3752840161323547,0,0.3361406624317169
0,0.0737454071640968,0,0.1090764626860618,0,0.0830219164490699,0,0.1011401936411857
0,0.2868956327438354,0,0.1129075959324836,0,0.3498707115650177,0,0.246472880244255
0,0.0343645066022872,0,0.1094395741820335,0,0.07694823294878,0,0.066903531551361
0,0.0379717797040939,0,0.1100233867764473,0,0.0839403420686721,0,0.0635601282119751
0,0.0599298141896724,0,0.1100133880972862,0,0.0674907267093658,0,0.0592662915587425
0,0.0963363796472549,0,0.1112460121512413,0,0.0380410514771938,0,0.0787615776062011
0,0.0278002806007862,0,0.1077773720026016,0,0.1044103652238845,0,0.0550616681575775
0,0.0303374677896499,0,0.108153186738491,0,0.0307707041501998,0,0.0535228438675403
0,0.035616785287857,0,0.1096065640449523,0,0.0379774458706378,0,0.0522344931960105
0,0.0987320989370346,0,0.1101578697562217,0,0.1135680899024009,0,0.0880237743258476
0,0.1013239473104476,0,0.1112427115440368,0,0.0996980294585228,0,0.0686535909771919
0,0.0350860394537448,0,0.1107572615146637,0,0.0330111421644687,0,0.0768899172544479
0,0.0347186401486396,0,0.1117102205753326,0,0.0350617170333862,0,0.1286676377058029
0,0.0257178395986557,0,0.1083297729492187,0,0.0248533859848976,0,0.0490584969520568
0,0.0444586500525474,0,0.1078647822141647,0,0.0617047660052776,0,0.0474613010883331
0,0.0725830197334289,0,0.1099467948079109,0,0.0716584473848342,0,0.0766002312302589
0,0.0937635451555252,0,0.1090221479535102,0,0.1691519021987915,0,0.0862944796681404
0,0.0569916106760501,0,0.1102216020226478,0,0.1169938147068023,0,0.0791631191968917
0,0.1263088881969452,0,0.1084937825798988,0,0.1020237207412719,0,0.156108871102333
0,0.0920681059360504,0,0.1120022684335708,0,0.1122690737247467,0,0.1607504189014434
0,0.3953432440757751,0,0.1222450211644172,0,0.4118825197219848,0,0.3493322134017944
0,0.1872674226760864,0,0.1132022961974144,0,0.1043988093733787,0,0.2217528373003006
0,0.093148797750473,0,0.1107534617185592,0,0.092540793120861,0,0.1520669907331466
0,0.1365164220333099,0,0.1118925064802169,0,0.2119227200746536,0,0.2310857772827148
0,0.2386627197265625,0,0.1160374358296394,0,0.4055958986282348,0,0.2436369657516479
0,0.2202003300189972,0,0.1140592098236084,0,0.3777194917201996,0,0.2384368777275085
0,0.1163966804742813,0,0.1112408190965652,0,0.1352018415927887,0,0.1760510802268982
0,0.2554985880851745,0,0.1134206056594848,0,0.2990441918373108,0,0.2182186096906662
0,0.1291370242834091,0,0.110651209950447,0,0.2055574655532837,0,0.1524184048175811
0,0.0519145280122756,0,0.1101566180586814,0,0.0578329488635063,0,0.0747822150588035
0,0.0425085835158824,0,0.1114522963762283,0,0.059522695839405,0,0.0571300610899925
0,0.2477985620498657,0,0.1115453839302063,0,0.3414583802223205,0,0.2607556581497192
0,0.0667401179671287,0,0.1102261394262313,0,0.0422893017530441,0,0.0697088986635208
0,0.0786436572670936,0,0.1100310981273651,0,0.2759499251842499,0,0.1936774849891662
0,0.0483095832169055,0,0.1090100556612014,0,0.0523469969630241,0,0.1017657145857811
0,0.0741815119981765,0,0.1122747287154197,0,0.1313848048448562,0,0.1925372779369354
0,0.059579063206911,0,0.1097801774740219,0,0.0431735813617706,0,0.0898152962327003
0,0.3052226305007934,0,0.1143006905913353,0,0.4371953010559082,0,0.3055868148803711
0,0.0658810511231422,0,0.1134155020117759,0,0.2213651090860366,0,0.0621909275650978
0,0.2124120742082595,0,0.1144087612628936,0,0.2290216833353042,0,0.2629546821117401
0,0.0979919508099556,0,0.1157296225428581,0,0.0997311994433403,0,0.1703207343816757
0,0.0909336283802986,0,0.1159105002880096,0,0.1985617280006408,0,0.0740063339471817
0,0.2099123150110244,0,0.1159390583634376,0,0.1930713504552841,0,0.2309148460626602
0,0.0523588024079799,0,0.114543966948986,0,0.0851204618811607,0,0.0913320928812027
0,0.1106355413794517,0,0.1138642281293869,0,0.2090178579092025,0,0.0629457682371139
0,0.2638534307479858,0,0.1146547570824623,0,0.2711163759231567,0,0.3016601204872131
0,0.055112887173891,0,0.1104566231369972,0,0.0923829078674316,0,0.123032733798027
0,0.0332252383232116,0,0.1079437136650085,0,0.0506454221904277,0,0.0501802638173103
0,0.1242297515273094,0,0.1126294359564781,0,0.1481906324625015,0,0.2102274894714355
0,0.0404869467020034,0,0.1117747575044632,0,0.0412325337529182,0,0.1349608451128006
0,0.1751873344182968,0,0.1128251329064369,0,0.1068719625473022,0,0.1600368469953537
0,0.4091646671295166,0,0.122268371284008,0,0.3229144215583801,0,0.3270529508590698
0,0.2505339980125427,0,0.1136034503579139,0,0.2037709206342697,0,0.2112547755241394
0,0.0849991217255592,0,0.113053098320961,0,0.1323550939559936,0,0.0881283432245254
0,0.1472642421722412,0,0.108182668685913,0,0.1164759621024131,0,0.1033764630556106
0,0.0815187245607376,0,0.1081072017550468,0,0.0382764339447021,0,0.0469375103712081
0,0.199447825551033,0,0.1099724769592285,0,0.1283291578292846,0,0.191477283835411
0,0.09688550978899,0,0.1086140498518943,0,0.0413278527557849,0,0.0623172670602798
0,0.2138442695140838,0,0.1121604368090629,0,0.1655599772930145,0,0.1711860597133636
0,0.0284109618514776,0,0.1090460121631622,0,0.0395535416901111,0,0.048183150589466
0,0.0860360488295555,0,0.1089565232396125,0,0.0489584021270275,0,0.119745098054409
0,0.2774319052696228,0,0.1127341091632843,0,0.2306639701128006,0,0.2105432599782943
0,0.2447074949741363,0,0.1120970249176025,0,0.1336711049079895,0,0.2306311428546905
0,0.2413171827793121,0,0.1177709773182869,0,0.2636904716491699,0,0.2944982945919037
0,0.4097341895103454,0,0.1255010962486267,0,0.4893573224544525,0,0.3519425094127655
0,0.2819782197475433,0,0.1165986433625221,0,0.2880610823631286,0,0.3082753419876098
0,0.0924000963568687,0,0.1128670051693916,0,0.089228831231594,0,0.1521765440702438
0,0.0334447100758552,0,0.109637051820755,0,0.1275728344917297,0,0.0816524848341941
0,0.1036592274904251,0,0.1109647825360298,0,0.2011124193668365,0,0.2110601961612701
0,0.0872284024953842,0,0.1072577685117721,0,0.1076936721801757,0,0.1690707057714462
0,0.2630597352981567,0,0.1111497059464454,0,0.2918115258216858,0,0.2047232836484909
0,0.0308703742921352,0,0.1097555980086326,0,0.0280241165310144,0,0.0483204759657382
0,0.0664876624941825,0,0.106774553656578,0,0.0416851751506328,0,0.0543595440685749
0,0.0334400311112403,0,0.1096091195940971,0,0.0332009084522724,0,0.053921602666378
0,0.0281401146203279,0,0.1072615161538124,0,0.0708183497190475,0,0.0559028536081314
0,0.1044595912098884,0,0.1109211593866348,0,0.1758258193731308,0,0.0689933821558952
0,0.0860100761055946,0,0.1125514581799507,0,0.083137571811676,0,0.090126596391201
0,0.2420742362737655,0,0.1124988123774528,0,0.1545725762844085,0,0.2423826605081558
0,0.0946143120527267,0,0.1109946966171264,0,0.1052102893590927,0,0.168904960155487
0,0.2174575626850128,0,0.111431285738945,0,0.1484890133142471,0,0.1925906240940094
0,0.0851513296365737,0,0.1099232733249664,0,0.2236369103193283,0,0.0851393714547157
0,0.0294945742934942,0,0.1053420901298523,0,0.1244168207049369,0,0.0512649714946746
0,0.0308478008955717,0,0.1060059294104576,0,0.2141372859477996,0,0.0491684488952159
0,0.029878070577979,0,0.1082253456115722,0,0.1026152446866035,0,0.0491962321102619
0,0.0278784353286027,0,0.1051156520843505,0,0.1624639630317688,0,0.0481627248227596
0,0.0459622368216514,0,0.1123633757233619,0,0.1475615799427032,0,0.0651585310697555
0,0.2189038693904876,0,0.1130307614803314,0,0.1558531522750854,0,0.2100953906774521
0,0.1300662606954574,0,0.1104677394032478,0,0.2743282616138458,0,0.2294907420873642
0,0.1953483074903488,0,0.1130178719758987,0,0.1123441457748413,0,0.2340669184923172
0,0.0983972623944282,0,0.1097279265522956,0,0.2404131740331649,0,0.1934797018766403
0,0.2193517684936523,0,0.1127163171768188,0,0.2181466519832611,0,0.1982316076755523
0,0.2327566742897033,0,0.1106279417872428,0,0.2553084790706634,0,0.2629109025001526
0,0.3368638157844543,0,0.1174362525343895,0,0.4703616201877594,0,0.298694759607315
0,0.0257638543844223,0,0.105973333120346,0,0.1326941400766372,0,0.0475144907832145
0,0.0713776424527168,0,0.1092513501644134,0,0.0995264276862144,0,0.0440450049936771
0,0.0882108658552169,0,0.1104006990790367,0,0.055092453956604,0,0.0577511601150035
0,0.1306826025247573,0,0.1167599037289619,0,0.2419319748878479,0,0.2032477408647537
0,0.174978420138359,0,0.1167166158556938,0,0.1299683898687362,0,0.1778739094734192
