fold_1_labels,fold_1_predictions,fold_2_labels,fold_2_predictions,fold_3_labels,fold_3_predictions,fold_4_labels,fold_4_predictions
1,0.6742721796035767,1,0.3022994697093963,1,0.4454962015151977,1,0.5651096701622009
1,0.8001787066459656,1,0.7464821338653564,1,0.649325430393219,1,0.6769471168518066
1,0.725039005279541,1,0.3166119754314422,1,0.7009243965148926,1,0.4410420358181
1,0.7512368559837341,1,0.5040223598480225,1,0.393043577671051,1,0.4364653825759887
1,0.6829379200935364,1,0.4304178357124328,1,0.3018486499786377,1,0.4866101443767547
1,0.8726828694343567,1,0.680504560470581,1,0.7164987921714783,1,0.6091680526733398
1,0.6626388430595398,1,0.3610729277133941,1,0.3030402660369873,1,0.3095681369304657
1,0.7410606741905212,1,0.4734011590480804,1,0.1940352171659469,1,0.739409327507019
1,0.5695286393165588,1,0.444134920835495,1,0.0635396689176559,1,0.2895116508007049
1,0.8014774918556213,1,0.4089502990245819,1,0.0253161396831274,1,0.2292232662439346
1,0.5989236235618591,1,0.5850450396537781,1,0.0330164581537246,1,0.1431211978197097
1,0.8988379240036011,1,0.7646042704582214,1,0.7803890705108643,1,0.8150619864463806
1,0.6428743600845337,1,0.4593078792095184,1,0.4718135595321655,1,0.2949369847774505
1,0.0458562076091766,1,0.4213504195213318,1,0.0618804581463336,1,0.0849296748638153
1,0.6699779629707336,1,0.688153088092804,1,0.3205475211143493,1,0.2933634519577026
1,0.8135327696800232,1,0.6719569563865662,1,0.1733513623476028,1,0.49092698097229
1,0.6641455888748169,1,0.4001950323581695,1,0.1296167224645614,1,0.6311156153678894
1,0.6871340870857239,1,0.5262294411659241,1,0.1154071763157844,1,0.2701510190963745
1,0.9251757264137268,1,0.6812213659286499,1,0.9080880880355836,1,0.7780342102050781
1,0.7949385643005371,1,0.4602753818035126,1,0.4486666917800903,1,0.3623101711273193
1,0.8949803709983826,1,0.4139134287834167,1,0.9225467443466188,1,0.7874588966369629
0,0.0090852435678243,0,0.1192463934421539,0,0.1055841743946075,0,0.104424200952053
0,0.0006249594152905,0,0.007706596981734,0,0.0046092397533357,0,0.0056883231736719
0,0.1886156946420669,0,0.3144144415855407,0,0.0921879038214683,0,0.169999897480011
0,0.0005449716118164,0,0.0163963641971349,0,0.004407599568367,0,0.0099212974309921
0,0.1448143422603607,0,0.2940449714660644,0,0.1159274578094482,0,0.1921527534723281
0,0.0007377848960459,0,0.0073721171356737,0,0.0071479100733995,0,0.0142870442941784
0,0.1140817999839782,0,0.284868448972702,0,0.0817501172423362,0,0.1628094613552093
0,0.0040120249614119,0,0.014830813743174,0,0.0824471265077591,0,0.0942989140748977
0,0.0032496128696948,0,0.008759681135416,0,0.0593600608408451,0,0.111481674015522
0,0.0525809787213802,0,0.0775908231735229,0,0.0462396144866943,0,0.089627668261528
0,0.0004730013897642,0,0.0048100450076162,0,0.0018130263779312,0,0.0035922639071941
0,0.0006144418148323,0,0.0069457390345633,0,0.0016987351700663,0,0.0108576519414782
0,0.0137068657204508,0,0.1551285088062286,0,0.0287927594035863,0,0.1328137218952179
0,0.0008057949016802,0,0.0271784104406833,0,0.0023368974216282,0,0.0338141024112701
0,0.0787303745746612,0,0.1398922801017761,0,0.0601277202367782,0,0.0964815616607666
0,0.0321456938982009,0,0.0297176409512758,0,0.014404029585421,0,0.072084866464138
0,0.0014347605174407,0,0.0672113746404647,0,0.0021214978769421,0,0.0365011766552925
0,0.000781690061558,0,0.0180116221308708,0,0.001170881325379,0,0.0149492276832461
0,0.0713028237223625,0,0.183377981185913,0,0.0516727492213249,0,0.1217658892273902
0,0.0071201208047568,0,0.0927744954824447,0,0.0076493769884109,0,0.0547059290111064
0,0.0756066963076591,0,0.2150394022464752,0,0.0254699531942605,0,0.1351962685585022
0,0.1132688820362091,0,0.2675313353538513,0,0.0799438655376434,0,0.1120016723871231
0,0.0213208217173814,0,0.0898345932364463,0,0.0547012388706207,0,0.1101908385753631
0,0.0585418045520782,0,0.3117742836475372,0,0.0490909628570079,0,0.0966817215085029
0,0.8191486597061157,0,0.7998800277709961,0,0.511235773563385,0,0.7735605239868164
0,0.7810704708099365,0,0.5393550992012024,0,0.1641663908958435,0,0.251534640789032
0,0.8626784086227417,0,0.3564069867134094,0,0.1208356246352195,0,0.3647173345088959
0,0.6021502614021301,0,0.3569686114788055,0,0.1207896023988723,0,0.2861751317977905
0,0.6163840293884277,0,0.4408302307128906,0,0.2992730140686035,0,0.5796917676925659
0,0.8449249863624573,0,0.3703260421752929,0,0.2098024785518646,0,0.7099353671073914
0,0.7324564456939697,0,0.3272094428539276,0,0.2567754089832306,0,0.3456713557243347
0,0.3504761755466461,0,0.2414131909608841,0,0.1331889927387237,0,0.1915671974420547
0,0.7705287933349609,0,0.6948856115341187,0,0.1575379073619842,0,0.5692194700241089
0,0.8149544596672058,0,0.3084010779857635,0,0.2099920511245727,0,0.3022825121879577
0,0.8506695628166199,0,0.131652146577835,0,0.3463301062583923,0,0.2841136455535888
0,0.6409690380096436,0,0.3181305527687073,0,0.18924380838871,0,0.171417236328125
0,0.1596855521202087,0,0.2019852995872497,0,0.1410470306873321,0,0.1052932068705558
0,0.0008526901947334,0,0.0110833551734685,0,0.0064674811437726,0,0.0064943493343889
0,0.4538340270519256,0,0.2737159132957458,0,0.1062968075275421,0,0.3645930588245392
0,0.1413246989250183,0,0.1562354862689972,0,0.1861575990915298,0,0.3397174179553985
0,0.0047479746863245,0,0.0382112003862857,0,0.0101616838946938,0,0.0935913622379303
0,0.0062288767658174,0,0.0546917468309402,0,0.0084832813590765,0,0.1243901625275611
0,0.001080214860849,0,0.0067122061736881,0,0.002186459256336,0,0.0207501370459795
0,0.007054132875055,0,0.0457291901111602,0,0.0089085204526782,0,0.2258220016956329
0,0.3439205288887024,0,0.0763659998774528,0,0.12765733897686,0,0.1712856888771057
0,0.0050213667564094,0,0.0315982885658741,0,0.0083750616759061,0,0.0578736625611782
0,0.0065270215272903,0,0.0675867795944213,0,0.0042449859902262,0,0.0694177374243736
0,0.1808704435825348,0,0.0834520012140274,0,0.018809501081705,0,0.1452372968196869
0,0.0967772975564003,0,0.0724230259656906,0,0.1942792981863021,0,0.2646723091602325
0,0.5196840763092041,0,0.4165874719619751,0,0.0591678991913795,0,0.2718646824359894
0,0.194347083568573,0,0.1871750950813293,0,0.0131321065127849,0,0.2605471312999725
0,0.8879030346870422,0,0.850873589515686,0,0.6473120450973511,0,0.7714734673500061
0,0.0005924318102188,0,0.0048544378951191,0,0.0030107242055237,0,0.0137029653415083
0,0.0007518055499531,0,0.026057356968522,0,0.0011286115041002,0,0.0048688128590583
0,0.0010007321834564,0,0.0702135190367698,0,0.0020119529217481,0,0.030862545594573
0,0.000524271687027,0,0.005929562728852,0,0.0019332595402374,0,0.0032016083132475
0,0.000567945477087,0,0.0259277578443288,0,0.0010135879274457,0,0.002760088769719
0,0.000825349939987,0,0.0346023179590702,0,0.0017758648609742,0,0.0093147289007902
0,0.0005908433231525,0,0.0065681403502821,0,0.0016361830057576,0,0.0086703486740589
0,0.0007704253075644,0,0.015515181235969,0,0.0008472281624563,0,0.0027124094776809
0,0.3929294347763061,0,0.1177276074886322,0,0.1358720660209655,0,0.1627104431390762
0,0.3674773871898651,0,0.1761142760515213,0,0.1124905794858932,0,0.1323904693126678
0,0.0005423700204119,0,0.0060300631448626,0,0.0075075603090226,0,0.010005529038608
0,0.0012266576522961,0,0.00503282668069,0,0.0010500596836209,0,0.0088750785216689
0,0.0011616012779995,0,0.0061331959441304,0,0.0015655733877792,0,0.0103831384330987
0,0.0060050385072827,0,0.0147042488679289,0,0.0010728953639045,0,0.00402228301391
0,0.0008283604984171,0,0.0062561854720115,0,0.0010990120936185,0,0.006936174351722
0,0.000966842228081,0,0.011754211038351,0,0.0014078168896958,0,0.0091323750093579
0,0.5506476163864136,0,0.5835893750190735,0,0.1361476331949234,0,0.1032279580831527
0,0.5952011346817017,0,0.4039188623428345,0,0.1013817191123962,0,0.1460239738225937
0,0.8360629081726074,0,0.1539158970117569,0,0.3703392744064331,0,0.3966895341873169
0,0.429458349943161,0,0.2510813474655151,0,0.2410323619842529,0,0.0867143124341964
0,0.2993306219577789,0,0.4054794609546661,0,0.086443580687046,0,0.1137210428714752
0,0.0007304992177523,0,0.0124215856194496,0,0.0084288921207189,0,0.0089338747784495
0,0.3056261241436004,0,0.275249570608139,0,0.2108545303344726,0,0.1710143685340881
0,0.0108834831044077,0,0.0768483504652977,0,0.0025651799514889,0,0.0555937588214874
0,0.0024424723815172,0,0.1052775755524635,0,0.0244937054812908,0,0.0526073165237903
0,0.0947601720690727,0,0.1699093431234359,0,0.1493765115737915,0,0.1255926787853241
0,0.0231103338301181,0,0.0757165625691413,0,0.0779819935560226,0,0.0873305425047874
0,0.0492440201342105,0,0.0639185830950737,0,0.1496371179819107,0,0.1134190335869789
0,0.0336008854210376,0,0.0707312002778053,0,0.0909117683768272,0,0.0961762592196464
0,0.0250901896506547,0,0.0471723414957523,0,0.2112944573163986,0,0.0792298838496208
0,0.0811904519796371,0,0.16825932264328,0,0.0981392115354538,0,0.1278066188097
0,0.0044162455014884,0,0.0233111009001731,0,0.0016591760795563,0,0.026241922751069
0,0.0295437593013048,0,0.0625739395618438,0,0.0930282548069953,0,0.0978272780776023
0,0.0105379419401288,0,0.0214228313416242,0,0.052551232278347,0,0.1274929046630859
0,0.0566545985639095,0,0.064090609550476,0,0.0886651426553726,0,0.0924602225422859
0,0.0011177213164046,0,0.0073698600754141,0,0.0277502369135618,0,0.107514388859272
0,0.7623677849769592,0,0.4864547252655029,0,0.4553850591182709,0,0.3837693333625793
0,0.1568678319454193,0,0.0065385247580707,0,0.0097788646817207,0,0.0742198079824447
0,0.8056234121322632,0,0.4172267615795135,0,0.5447022318840027,0,0.6273564696311951
0,0.0007069968851283,0,0.0079937819391489,0,0.0032151895575225,0,0.0115123745054006
0,0.0006584674119949,0,0.0084496326744556,0,0.0187468733638525,0,0.0385719984769821
0,0.0006323264096863,0,0.0085445446893572,0,0.0482384078204631,0,0.0698962435126304
0,0.0005506003508344,0,0.0043672020547091,0,0.001200346276164,0,0.0055031036026775
0,0.3268613219261169,0,0.4825675189495086,0,0.1101823970675468,0,0.5733116865158081
0,0.2414922267198562,0,0.4210369884967804,0,0.0704201459884643,0,0.3823537230491638
0,0.2461740672588348,0,0.3125830590724945,0,0.0262618046253919,0,0.3260991871356964
0,0.496203750371933,0,0.2523810863494873,0,0.0874229595065116,0,0.5554773807525635
0,0.0252295807003974,0,0.1363386213779449,0,0.0602966286242008,0,0.1674922406673431
0,0.0194792579859495,0,0.1523706167936325,0,0.0683770403265953,0,0.1301610618829727
0,0.0820825174450874,0,0.16810043156147,0,0.0673453137278556,0,0.2015338987112045
0,0.0260449741035699,0,0.1046527922153472,0,0.0938086286187172,0,0.1099810898303985
0,0.1083606034517288,0,0.3842061161994934,0,0.0986687168478965,0,0.11040049046278
0,0.2022556066513061,0,0.5403494238853455,0,0.1444532424211502,0,0.1046392694115638
0,0.0313748195767402,0,0.5186456441879272,0,0.0679915249347686,0,0.0906703621149063
0,0.4157430529594421,0,0.36618173122406,0,0.1448286026716232,0,0.10733213275671
0,0.2058165818452835,0,0.2341856360435485,0,0.0804616212844848,0,0.0757269114255905
0,0.0017299691680818,0,0.0139176435768604,0,0.0014517238596454,0,0.0042570196092128
0,0.0006359741673804,0,0.0067715980112552,0,0.0089753828942775,0,0.0037937960587441
0,0.000622070452664,0,0.006241853814572,0,0.0050060334615409,0,0.0032489995937794
0,0.0007871774723753,0,0.0140636339783668,0,0.0010025725932791,0,0.0030619958415627
0,0.000657387310639,0,0.0080839740112423,0,0.0041471570730209,0,0.0035475839395076
0,0.0008644767804071,0,0.0145530607551336,0,0.0008693698327988,0,0.0026400252245366
0,0.0570864602923393,0,0.1010603755712509,0,0.0100268442183732,0,0.1903141587972641
0,0.2919730544090271,0,0.2757680714130401,0,0.1101534143090248,0,0.1531704664230346
0,0.0012514013797044,0,0.0094969328492879,0,0.1684383600950241,0,0.0424756221473217
0,0.0008083300781436,0,0.0062506473623216,0,0.0287106502801179,0,0.0087370332330465
0,0.0018916045082733,0,0.0168398842215538,0,0.0074436785653233,0,0.0452144816517829
0,0.4617438614368438,0,0.4410580694675445,0,0.1905176192522049,0,0.4050461649894714
0,0.00167776865419,0,0.0219289176166057,0,0.0147770894691348,0,0.0037373902741819
0,0.0006062103202566,0,0.0061748796142637,0,0.0017687843646854,0,0.0042095868848264
0,0.4385063052177429,0,0.2434061616659164,0,0.1622942686080932,0,0.4102787971496582
0,0.003817914519459,0,0.0403963029384613,0,0.0038766339421272,0,0.0556419752538204
0,0.0024356225039809,0,0.0472660958766937,0,0.0762247741222381,0,0.1041303649544715
0,0.067078873515129,0,0.0574958138167858,0,0.0076332897879183,0,0.0105767548084259
0,0.0005957615212537,0,0.0045368890278041,0,0.0010043627116829,0,0.003219814505428
0,0.0005473172641359,0,0.0055465730838477,0,0.0014099549734964,0,0.0063638570718467
0,0.0056427167728543,0,0.0428473986685276,0,0.0048954277299344,0,0.0455395653843879
0,0.0046421652659773,0,0.050207495689392,0,0.0944001749157905,0,0.139335349202156
0,0.0369411744177341,0,0.0435059294104576,0,0.0064083617180585,0,0.0103069487959146
0,0.2770906686782837,0,0.515473484992981,0,0.2883733510971069,0,0.3293656706809997
0,0.5762465000152588,0,0.5387395620346069,0,0.3232074975967407,0,0.6466829180717468
0,0.7459423542022705,0,0.6274614930152893,0,0.2024959325790405,0,0.6235118508338928
0,0.0971678644418716,0,0.0885539501905441,0,0.0624024607241153,0,0.0932457372546196
0,0.1452575922012329,0,0.1308548897504806,0,0.1396665722131729,0,0.1786819994449615
0,0.159162700176239,0,0.0783651396632194,0,0.0566661544144153,0,0.1861937493085861
0,0.4335778653621673,0,0.3396136164665222,0,0.2710137367248535,0,0.2244826555252075
0,0.1373338103294372,0,0.2413266152143478,0,0.0701462924480438,0,0.0136243337765336
0,0.1421678215265274,0,0.0677661746740341,0,0.1001009941101074,0,0.104376383125782
0,0.1147483065724372,0,0.1653250902891159,0,0.034581184387207,0,0.0934403240680694
0,0.0022528793197125,0,0.0207484848797321,0,0.0143028665333986,0,0.0352344550192356
0,0.1355089545249939,0,0.0224148966372013,0,0.0658615231513977,0,0.2123372107744217
0,0.5690944194793701,0,0.4585709869861603,0,0.1000883504748344,0,0.2499184906482696
0,0.1004385948181152,0,0.1835375726222992,0,0.080466628074646,0,0.2452397495508194
0,0.1050593256950378,0,0.1027947887778282,0,0.0283369105309247,0,0.1694975793361663
0,0.684781551361084,0,0.5564019083976746,0,0.1689152717590332,0,0.3897005319595337
0,0.000767545425333,0,0.004285991191864,0,0.002060841070488,0,0.0058380812406539
0,0.0004054023884236,0,0.0116500789299607,0,0.0013394118286669,0,0.0189201161265373
0,0.0006078108563087,0,0.0038043968379497,0,0.0022172378376126,0,0.0116197718307375
0,0.0007435558363795,0,0.0048474697396159,0,0.0019745540339499,0,0.008206658065319
0,0.8017173409461975,0,0.1676427870988845,0,0.4808586537837982,0,0.4278989434242248
0,0.8412824869155884,0,0.1686922907829284,0,0.6602742671966553,0,0.7493433356285095
0,0.883794903755188,0,0.3946298956871032,0,0.7678828835487366,0,0.7897443771362305
0,0.005835267715156,0,0.0222561154514551,0,0.0078284861519932,0,0.0209176950156688
0,0.0010177666554227,0,0.0342896543443203,0,0.0070558534935116,0,0.0346388295292854
0,0.0012182763312011,0,0.0219930056482553,0,0.009414492174983,0,0.0424171313643455
0,0.459991991519928,0,0.1613040715456009,0,0.1226447969675064,0,0.1034688726067543
0,0.0601103492081165,0,0.4398784935474396,0,0.1362888813018798,0,0.1192292273044586
0,0.2558464109897613,0,0.0149186849594116,0,0.0164093803614377,0,0.0179583951830863
0,0.0006947714136913,0,0.3191435933113098,0,0.0011357156326994,0,0.1207430213689804
0,0.0136050973087549,0,0.0236532799899578,0,0.1087555661797523,0,0.1022714525461196
0,0.4692032933235168,0,0.0263130366802215,0,0.2050647437572479,0,0.0385213159024715
0,0.0006251214072108,0,0.078684002161026,0,0.0014804363017901,0,0.0118545219302177
0,0.2546025514602661,0,0.3447603285312652,0,0.399247258901596,0,0.1018505170941352
0,0.4128171503543854,0,0.0293103139847517,0,0.0740362405776977,0,0.0514259077608585
0,0.0008579325512982,0,0.0408363938331604,0,0.0013193858321756,0,0.024629982188344
0,0.7417488098144531,0,0.2724687159061432,0,0.8970360159873962,0,0.6025053858757019
0,0.3473835587501526,0,0.4990913867950439,0,0.2922683656215668,0,0.4657202959060669
0,0.7287310361862183,0,0.2396076172590255,0,0.4155319631099701,0,0.4034645855426788
0,0.4746615886688232,0,0.60416179895401,0,0.2847601175308227,0,0.3394936919212341
0,0.4937361180782318,0,0.4344430267810821,0,0.027855284512043,0,0.5172024965286255
0,0.483612447977066,0,0.6291940808296204,0,0.0907265767455101,0,0.2388641238212585
0,0.0653282701969146,0,0.1607247591018676,0,0.1028118506073951,0,0.102872684597969
0,0.0006891828379593,0,0.0057106730528175,0,0.0028122756630182,0,0.0180324055254459
0,0.7406439185142517,0,0.7404844760894775,0,0.0964748486876487,0,0.6899269223213196
0,0.7813602089881897,0,0.7260845303535461,0,0.3511720299720764,0,0.4617280066013336
0,0.0080961994826793,0,0.0360064208507537,0,0.0089631639420986,0,0.2457225471735
0,0.01535224635154,0,0.1078940853476524,0,0.0306015834212303,0,0.0873952731490135
0,0.107844203710556,0,0.0565459318459034,0,0.0363605953752994,0,0.0997731760144233
0,0.1087179258465766,0,0.3291182518005371,0,0.0973096489906311,0,0.1172368749976158
0,0.0764703080058097,0,0.1794871091842651,0,0.0778351724147796,0,0.1768379360437393
0,0.0730119571089744,0,0.1500067561864853,0,0.0667167007923126,0,0.1825665533542633
0,0.0007644883007742,0,0.0144750298932194,0,0.0056419083848595,0,0.0306394174695014
0,0.2407698929309845,0,0.5677416920661926,0,0.2473869621753692,0,0.2467823028564453
0,0.0006396015523932,0,0.0073781046085059,0,0.0092491786926984,0,0.0187883283942937
0,0.0057887719012796,0,0.0650446787476539,0,0.1516980081796646,0,0.0938891842961311
0,0.000637758988887,0,0.0069899205118417,0,0.0319802612066268,0,0.0176756419241428
0,0.0114058479666709,0,0.4198717772960663,0,0.0054280655458569,0,0.0294371787458658
0,0.0012302458053454,0,0.006549771875143,0,0.0063214120455086,0,0.0196708906441926
0,0.001518839970231,0,0.0262470860034227,0,0.0084640113636851,0,0.0093431565910577
0,0.0029081907123327,0,0.2665516436100006,0,0.0660573914647102,0,0.0618658699095249
0,0.0017395968316122,0,0.0769321471452713,0,0.0406582616269588,0,0.0430806949734687
0,0.0005225674249231,0,0.0086947688832879,0,0.0018419359112158,0,0.0068705421872437
0,0.0016956707695499,0,0.0497023798525333,0,0.047063086181879,0,0.042580921202898
0,0.0022314046509563,0,0.008073691278696,0,0.0173536483198404,0,0.0170419141650199
0,0.0580681599676609,0,0.2912251949310303,0,0.5515687465667725,0,0.0913891121745109
0,0.7736582159996033,0,0.5672036409378052,0,0.5292583107948303,0,0.4395041465759277
0,0.6998624801635742,0,0.524806022644043,0,0.7495684623718262,0,0.5821263194084167
0,0.6912211775779724,0,0.6063501238822937,0,0.4808851182460785,0,0.4418630003929138
0,0.2977760732173919,0,0.151059553027153,0,0.0960026010870933,0,0.1368053257465362
0,0.2697402238845825,0,0.1039586663246154,0,0.1071856692433357,0,0.1146271079778671
0,0.2999042570590973,0,0.1626315116882324,0,0.1220178231596946,0,0.119823507964611
0,0.082589253783226,0,0.1602919995784759,0,0.0098730754107236,0,0.430004209280014
0,0.0041570710018277,0,0.0056675351224839,0,0.0045199105516076,0,0.0196867641061544
0,0.0014752910938113,0,0.0068999389186501,0,0.0068810265511274,0,0.0201272927224636
0,0.9008155465126038,0,0.5350639820098877,0,0.9011366367340088,0,0.8114036917686462
0,0.5884394645690918,0,0.2496850341558456,0,0.6874600648880005,0,0.3498581051826477
0,0.0012244542594999,0,0.008412878960371,0,0.0153542719781398,0,0.0123032592236995
0,0.000636379525531,0,0.0053654792718589,0,0.002674309303984,0,0.0041520972736179
0,0.1594692021608352,0,0.1402267515659332,0,0.2452266663312912,0,0.1994834542274475
0,0.0005576275871135,0,0.0074880509637296,0,0.0080284578725695,0,0.0073006493039429
0,0.0045049227774143,0,0.0297321192920207,0,0.0280132070183753,0,0.0493135303258895
0,0.0005781562067568,0,0.0370920673012733,0,0.0008840022492222,0,0.0172557178884744
0,0.0005622954922728,0,0.0078067942522466,0,0.0032959026284515,0,0.0053710723295807
0,0.0009045885526575,0,0.0222802609205245,0,0.0011176803382113,0,0.0182576272636652
0,0.0005346189718693,0,0.0082948021590709,0,0.0058938283473253,0,0.0119241531938314
0,0.0087963407859206,0,0.023013075813651,0,0.0460904613137245,0,0.0614173524081707
0,0.00061637442559,0,0.0303168073296546,0,0.0008139566634781,0,0.0141522474586963
0,0.5942713022232056,0,0.2725324630737304,0,0.1975705623626709,0,0.4458237886428833
0,0.0831190347671508,0,0.4288778901100158,0,0.0566906854510307,0,0.0497514642775058
0,0.0007019382319413,0,0.0068762609735131,0,0.0014499126700684,0,0.0046606324613094
0,0.2121523022651672,0,0.2475670874118805,0,0.1194469481706619,0,0.1563270092010498
0,0.1951032131910324,0,0.1688844263553619,0,0.1397827416658401,0,0.1679771244525909
0,0.1847013086080551,0,0.2829312086105346,0,0.1092970073223114,0,0.2004051804542541
1,0.6812930703163147,1,0.1662679463624954,1,0.5560234189033508,1,0.5942121744155884
1,0.0909856855869293,1,0.246894970536232,1,0.1163044869899749,1,0.4285776615142822
1,0.0847876146435737,1,0.1377327591180801,1,0.1293192356824875,1,0.1719103306531906
1,0.3729468286037445,1,0.101181648671627,1,0.1581886559724807,1,0.1874837279319763
1,0.1853397786617279,1,0.1768621355295181,1,0.3911794126033783,1,0.4613891243934631
1,0.8829290270805359,1,0.8842465877532959,1,0.9546183943748474,1,0.7183842658996582
1,0.7593089938163757,1,0.8109037280082703,1,0.959627091884613,1,0.8182669281959534
1,0.1863054186105728,1,0.0821834653615951,1,0.0087373722344636,1,0.0156922303140163
1,0.1985972374677658,1,0.332260400056839,1,0.2693018615245819,1,0.0584370531141757
1,0.486883133649826,1,0.5959208011627197,1,0.3994178175926208,1,0.2686856091022491
1,0.0330100320279598,1,0.0251822136342525,1,0.0214300137013196,1,0.0922599583864212
1,0.864871084690094,1,0.3770456314086914,1,0.600631594657898,1,0.3067174851894378
1,0.6964623928070068,1,0.346897691488266,1,0.3420132994651794,1,0.496070384979248
1,0.8110605478286743,1,0.2387814372777938,1,0.7692939639091492,1,0.7252418994903564
1,0.8949950933456421,1,0.6984127163887024,1,0.718299388885498,1,0.8087053298950195
1,0.2661516070365906,1,0.0788389220833778,1,0.0731721073389053,1,0.1772084087133407
1,0.3294681012630462,1,0.1289267390966415,1,0.0475997701287269,1,0.2242584526538849
1,0.029207581654191,1,0.2292399108409881,1,0.0948488265275955,1,0.0832810178399086
1,0.3522169888019562,1,0.1324657201766967,1,0.3182204961776733,1,0.4593704640865326
1,0.7700367569923401,1,0.7961211800575256,1,0.4164645075798034,1,0.5245630741119385
1,0.9184554219245912,1,0.8095354437828064,1,0.9477870464324952,1,0.6984894275665283
1,0.889003336429596,1,0.8414428234100342,1,0.9269272089004515,1,0.8162760734558105
1,0.8854235410690308,1,0.8301485776901245,1,0.8973799347877502,1,0.8361504077911377
1,0.543731689453125,1,0.1032386943697929,1,0.1991424709558487,1,0.6165122985839844
1,0.2984232902526855,1,0.1366730779409408,1,0.6054879426956177,1,0.6491121053695679
1,0.6659889817237854,1,0.1108807399868965,1,0.5930729508399963,1,0.497375875711441
0,0.4838026762008667,0,0.3425813615322113,0,0.1536508649587631,0,0.1637298762798309
0,0.1094864457845687,0,0.3476448655128479,0,0.0914124771952629,0,0.1370822191238403
0,0.2359423637390136,0,0.3860093355178833,0,0.1122842356562614,0,0.1749454140663147
0,0.203855812549591,0,0.3533325493335724,0,0.0139259323477745,0,0.0993920788168907
0,0.3007347583770752,0,0.1269710808992386,0,0.0454668551683425,0,0.0943586975336074
0,0.3222681283950805,0,0.3826765418052673,0,0.2176368832588195,0,0.2341056168079376
0,0.1055923998355865,0,0.1133423671126365,0,0.0838972404599189,0,0.1925963014364242
0,0.0006336310179904,0,0.0115668578073382,0,0.0047458307817578,0,0.0754654705524444
0,0.2126917839050293,0,0.322740226984024,0,0.104276418685913,0,0.1612070500850677
0,0.0665020197629928,0,0.2421971261501312,0,0.0714491009712219,0,0.2050645351409912
0,0.0950730517506599,0,0.1626054048538208,0,0.079068087041378,0,0.1385969519615173
0,0.0014294860884547,0,0.0035863807424902,0,0.5391296148300171,0,0.0655052587389946
0,0.0179924946278333,0,0.0133715383708477,0,0.5325317978858948,0,0.0108863217756152
0,0.4536128640174866,0,0.5033566951751709,0,0.556237518787384,0,0.2014447301626205
0,0.0009396551176905,0,0.017429968342185,0,0.0013541855150833,0,0.0146396430209279
0,0.0006047601345926,0,0.0216104630380868,0,0.0012322253314778,0,0.0129447728395462
0,0.3144183754920959,0,0.3197278082370758,0,0.0877527743577957,0,0.1594966351985931
0,0.0034523305948823,0,0.0072180656716227,0,0.0036290211137384,0,0.0145234260708093
0,0.0288491360843181,0,0.0216183792799711,0,0.0064367917366325,0,0.0485079735517501
0,0.4173032939434051,0,0.1546936929225921,0,0.5301635265350342,0,0.2397784292697906
0,0.2764935791492462,0,0.2646536231040954,0,0.2404705882072448,0,0.1935628056526184
0,0.3470876216888428,0,0.2691871225833893,0,0.0684773176908493,0,0.2444357872009277
0,0.1357751637697219,0,0.3558069467544555,0,0.083784632384777,0,0.1796210706233978
0,0.0010041480418294,0,0.0255946237593889,0,0.0222431533038616,0,0.0994193330407142
0,0.0011140221031382,0,0.0040351385250687,0,0.05462047457695,0,0.0078758643940091
0,0.0713605880737304,0,0.1763073056936264,0,0.0572289414703846,0,0.1214038208127021
0,0.0016348189674317,0,0.02247173525393,0,0.015139621682465,0,0.0574777349829673
0,0.0010004735086113,0,0.0039622946642339,0,0.0636142715811729,0,0.0382611118257045
0,0.0010493466397747,0,0.0041667562909424,0,0.0470384769141674,0,0.0159517172724008
0,0.0009097583242692,0,0.0049926694482564,0,0.0031836968846619,0,0.0035354243591427
0,0.5772547125816345,0,0.2083614766597747,0,0.2680844366550445,0,0.5440751910209656
0,0.4430752992630005,0,0.3409692645072937,0,0.1909112930297851,0,0.4603350758552551
0,0.2618076205253601,0,0.6372373700141907,0,0.4078939259052276,0,0.1793390661478042
0,0.3784576654434204,0,0.6934558749198914,0,0.101371444761753,0,0.4332391023635864
0,0.6543580293655396,0,0.297884464263916,0,0.1289867460727691,0,0.2302400469779968
0,0.4275462925434112,0,0.6419148445129395,0,0.0227251090109348,0,0.4355204105377197
0,0.0239743217825889,0,0.0105662802234292,0,0.0182902161031961,0,0.0716104730963707
0,0.0026045339182019,0,0.0707278028130531,0,0.048397984355688,0,0.0727215036749839
0,0.089207649230957,0,0.0092689720913767,0,0.2690818309783935,0,0.0449547432363033
0,0.0042158258147537,0,0.03259789198637,0,0.0484510771930217,0,0.056721094995737
0,0.2749301493167877,0,0.5819264054298401,0,0.1104679480195045,0,0.0862083509564399
0,0.0014446849236264,0,0.0075694462284445,0,0.0333521328866481,0,0.0647306367754936
0,0.0012507477076724,0,0.0452529899775981,0,0.1224096491932869,0,0.075480431318283
0,0.0005189894000068,0,0.0143897058442235,0,0.0020279102027416,0,0.0030863978900015
0,0.3673041462898254,0,0.0216696429997682,0,0.0034250584430992,0,0.0043129390105605
0,0.1400946974754333,0,0.025917125865817,0,0.0120921926572918,0,0.0107569498941302
0,0.1545913219451904,0,0.3560816943645477,0,0.2674075961112976,0,0.290026843547821
0,0.0364856533706188,0,0.1983930915594101,0,0.0793230086565017,0,0.0959518402814865
0,0.1607163697481155,0,0.1106291115283966,0,0.0197662990540266,0,0.0499089807271957
0,0.0236797053366899,0,0.2290772944688797,0,0.0447667986154556,0,0.0610189773142337
0,0.1323237866163253,0,0.1240473687648773,0,0.014363725669682,0,0.065275028347969
0,0.1027414351701736,0,0.0547758936882019,0,0.0308972056955099,0,0.0316598713397979
0,0.1390966176986694,0,0.5810176730155945,0,0.0278854016214609,0,0.1391025781631469
0,0.0919052958488464,0,0.2092549204826355,0,0.0763856992125511,0,0.1609373837709427
0,0.009454826824367,0,0.0348611399531364,0,0.0819721072912216,0,0.1036721915006637
0,0.014595883898437,0,0.1453275829553604,0,0.1211555004119873,0,0.1886804103851318
0,0.0006003675516694,0,0.0242197159677743,0,0.0012835689121857,0,0.0029218336567282
0,0.4968509674072265,0,0.4274483919143677,0,0.266566514968872,0,0.4198514223098755
0,0.0009664471144787,0,0.022457106038928,0,0.0018894036766141,0,0.0203248523175716
0,0.2921002805233001,0,0.20822773873806,0,0.1440867185592651,0,0.2975294291973114
0,0.1488942354917526,0,0.3066710531711578,0,0.0950558260083198,0,0.4281311333179474
0,0.0008351276628673,0,0.0045301173813641,0,0.1492155194282531,0,0.0091200759634375
0,0.0086899865418672,0,0.1338985115289688,0,0.0026896682102233,0,0.0738104283809661
0,0.0006209032726474,0,0.0050284210592508,0,0.0028185222763568,0,0.0054945615120232
0,0.0007165987044572,0,0.0046469513326883,0,0.1899739801883697,0,0.0115935914218425
0,0.0005650125676766,0,0.0051649985834956,0,0.005941102746874,0,0.0064820637926459
0,0.0060882261022925,0,0.0042922981083393,0,0.2389725595712661,0,0.0085047781467437
0,0.0005474234349094,0,0.0081601114943623,0,0.0020962709095329,0,0.003875812748447
0,0.0046128965914249,0,0.0092081911861896,0,0.0037018989678472,0,0.0256033297628164
0,0.0688426718115806,0,0.0325646623969078,0,0.003629189915955,0,0.0799627304077148
0,0.0023773475550115,0,0.0671801343560218,0,0.0040419166907668,0,0.003274091752246
0,0.0006792008061893,0,0.0029969494789838,0,0.0008302028290927,0,0.0022199493832886
0,0.0010360560845583,0,0.0053096809424459,0,0.0009730156743898,0,0.0029730587266385
0,0.0016313227824866,0,0.0043324376456439,0,0.0010499976342543,0,0.0048790788277983
0,0.6669985055923462,0,0.4973646700382232,0,0.4205642342567444,0,0.499590665102005
0,0.0010451175039634,0,0.010414469987154,0,0.00111100228969,0,0.0048271189443767
0,0.8610748052597046,0,0.2750253975391388,0,0.8339091539382935,0,0.1897139102220535
0,0.0064912182278931,0,0.0303599052131176,0,0.0281896237283945,0,0.0549015998840332
0,0.0009059012518264,0,0.0079971477389335,0,0.0057126255705952,0,0.01760009303689
0,0.0067337700165808,0,0.0241200029850006,0,0.0340876802802085,0,0.1124944910407066
0,0.0066564939916133,0,0.0351794250309467,0,0.0274274218827486,0,0.0568474680185318
0,0.0060385866090655,0,0.0297111775726079,0,0.0256880335509777,0,0.0801127776503562
0,0.0268375761806964,0,0.0883752703666687,0,0.0153399026021361,0,0.1626961678266525
0,0.0543241128325462,0,0.1036089807748794,0,0.0953050330281257,0,0.3518177270889282
0,0.017590869218111,0,0.1426447033882141,0,0.0711222887039184,0,0.1834746897220611
0,0.233840063214302,0,0.0526504218578338,0,0.5299244523048401,0,0.0717595443129539
0,0.0012311782920733,0,0.0055739413946866,0,0.0522458814084529,0,0.0136885056272149
0,0.6818597912788391,0,0.3917271494865417,0,0.2049125880002975,0,0.3081128299236297
0,0.8179975152015686,0,0.5211820006370544,0,0.2035607397556305,0,0.3139594495296478
0,0.0067109405063092,0,0.0077774887904524,0,0.4196800589561462,0,0.0477027632296085
0,0.2470920234918594,0,0.1136847659945488,0,0.1179595291614532,0,0.1079731658101081
0,0.1454010903835296,0,0.1091136112809181,0,0.1080240085721015,0,0.1102892607450485
0,0.4685422480106354,0,0.104584977030754,0,0.1179177165031433,0,0.2721474468708038
0,0.513178288936615,0,0.1619863212108612,0,0.0428236536681652,0,0.2646971344947815
0,0.2185977399349212,0,0.0648113712668418,0,0.1298616528511047,0,0.182630255818367
0,0.9020918607711792,0,0.7109246850013733,0,0.5691006183624268,0,0.7852673530578613
0,0.687347412109375,0,0.5960729122161865,0,0.9039559364318848,0,0.5113312602043152
0,0.8348903059959412,0,0.1807932406663894,0,0.353692352771759,0,0.5786011219024658
0,0.5603005290031433,0,0.2857194244861603,0,0.3749192655086517,0,0.454703688621521
0,0.0025492168497294,0,0.0233017858117818,0,0.0178951229900121,0,0.0919279977679252
0,0.0032627859618514,0,0.0292463656514883,0,0.0448794104158878,0,0.1231552436947822
0,0.0177036728709936,0,0.0682939067482948,0,0.189500480890274,0,0.1244223862886428
0,0.0017283625202253,0,0.0327155403792858,0,0.0012029930949211,0,0.0272676590830087
0,0.0094771776348352,0,0.0700893476605415,0,0.0945004001259803,0,0.1982487142086029
0,0.0029156568925827,0,0.0444467216730117,0,0.0026037225034087,0,0.0795809403061866
0,0.0006088712834753,0,0.0114636784419417,0,0.0009628755506128,0,0.0229000654071569
0,0.0018176559824496,0,0.0951382666826248,0,0.0168407298624515,0,0.1074628308415412
0,0.0164614263921976,0,0.053973488509655,0,0.0169478524476289,0,0.115928016602993
0,0.0011195734841749,0,0.024960558861494,0,0.0038265550974756,0,0.0070101483725011
0,0.0055332169868052,0,0.0369726456701755,0,0.0202236864715814,0,0.0834842100739479
0,0.0028239565435796,0,0.0199997220188379,0,0.0033909077756106,0,0.0156428478658199
0,0.917185604572296,0,0.2148104161024093,0,0.917456328868866,0,0.6416519284248352
0,0.0179906655102968,0,0.1051073595881462,0,0.0099508818238973,0,0.0539052933454513
0,0.1698223948478698,0,0.2200891524553299,0,0.1083829179406166,0,0.1742906272411346
0,0.076001338660717,0,0.0776905715465545,0,0.0624288022518157,0,0.1394375562667846
0,0.0200013816356658,0,0.0533659718930721,0,0.0085827214643359,0,0.0874900519847869
0,0.8554149866104126,0,0.4145413935184479,0,0.7472091317176819,0,0.7568439841270447
0,0.0344010964035987,0,0.2640718221664428,0,0.0602927953004837,0,0.1020896062254905
0,0.0144432019442319,0,0.0809627473354339,0,0.0159622151404619,0,0.0901069119572639
0,0.0568807311356067,0,0.1146949157118797,0,0.0681367442011833,0,0.1105957403779029
0,0.8336502909660339,0,0.323601096868515,0,0.7825601100921631,0,0.7794057130813599
0,0.0751312971115112,0,0.1844870150089264,0,0.094675213098526,0,0.129007801413536
0,0.0039338059723377,0,0.0426456220448017,0,0.2385086268186569,0,0.0951607152819633
0,0.0012386167654767,0,0.0940967202186584,0,0.0672784596681594,0,0.0649879053235054
0,0.387085884809494,0,0.4206480085849762,0,0.2663899958133697,0,0.3117447793483734
0,0.3093571066856384,0,0.2053061723709106,0,0.1019808650016784,0,0.2087947726249694
0,0.017279103398323,0,0.0945950746536254,0,0.0567103140056133,0,0.0514016523957252
0,0.0228235032409429,0,0.1007282957434654,0,0.0492575727403163,0,0.0635409280657768
0,0.3448347747325897,0,0.267521470785141,0,0.1305684894323349,0,0.1886930167675018
0,0.0063018384389579,0,0.1076065525412559,0,0.002081356011331,0,0.0098601579666137
0,0.186051458120346,0,0.183008462190628,0,0.0096264760941267,0,0.1154412552714347
0,0.5847035050392151,0,0.554326593875885,0,0.1922559440135955,0,0.3523147404193878
0,0.474591463804245,0,0.2735591828823089,0,0.1869353801012039,0,0.3017288148403168
0,0.8881946802139282,0,0.7344872951507568,0,0.5674858093261719,0,0.5921221971511841
0,0.5303691625595093,0,0.3854856193065643,0,0.1583259254693985,0,0.3120421767234802
0,0.2431554943323135,0,0.393589586019516,0,0.6044601798057556,0,0.4808310866355896
0,0.0005941403214819,0,0.00910469237715,0,0.0007969854632392,0,0.0026872402522712
0,0.0009029019856825,0,0.0061368066817522,0,0.0015122182667255,0,0.0037203209940344
0,0.7167484760284424,0,0.0281957406550645,0,0.7761585116386414,0,0.2535501420497894
0,0.747269868850708,0,0.167859598994255,0,0.7358018159866333,0,0.2343050390481948
0,0.000648342364002,0,0.00329534499906,0,0.0015203186776489,0,0.0018502331804484
0,0.1018182858824729,0,0.1055555865168571,0,0.5996644496917725,0,0.0997141525149345
0,0.0149212982505559,0,0.0694794133305549,0,0.0049229562282562,0,0.0504023805260658
0,0.0013831825926899,0,0.0090360166504979,0,0.0024670099373906,0,0.0432885996997356
0,0.0039034988731145,0,0.0334643609821796,0,0.0213869698345661,0,0.0270272884517908
0,0.0020099959801882,0,0.1818455010652542,0,0.0568443797528743,0,0.1442985981702804
0,0.0690109506249427,0,0.159641146659851,0,0.0642164275050163,0,0.1209640875458717
0,0.001256383373402,0,0.0088449586182832,0,0.0030372401233762,0,0.0359313786029815
0,0.6172049045562744,0,0.4352671504020691,0,0.0821214541792869,0,0.251175582408905
0,0.7950301766395569,0,0.4618337452411651,0,0.3785300850868225,0,0.6149572730064392
0,0.6216194033622742,0,0.3058552145957947,0,0.6259570121765137,0,0.4978924095630646
0,0.7341555953025818,0,0.582772433757782,0,0.1471505016088485,0,0.5341772437095642
0,0.6192333698272705,0,0.3879793882369995,0,0.1929744482040405,0,0.4346866011619568
0,0.3488041460514068,0,0.3349508047103882,0,0.2058303207159042,0,0.1997794806957245
0,0.7772113680839539,0,0.5112410187721252,0,0.5306990742683411,0,0.3764132261276245
0,0.4985665678977966,0,0.7312373518943787,0,0.2227512300014495,0,0.4632514417171478
0,0.2836422026157379,0,0.3964671492576599,0,0.1292122602462768,0,0.2929660677909851
0,0.0016575804911553,0,0.0142792556434869,0,0.0118449022993445,0,0.0378895998001098
0,0.0307954121381044,0,0.2998173534870147,0,0.0737835019826889,0,0.0809608325362205
0,0.0338918268680572,0,0.2483221143484115,0,0.075393721461296,0,0.0748371630907058
0,0.0007629661122336,0,0.0197459124028682,0,0.0016828286461532,0,0.0027568121440708
0,0.5249606966972351,0,0.1758490204811096,0,0.3053595423698425,0,0.6279104351997375
0,0.70540851354599,0,0.1602083444595337,0,0.0206788871437311,0,0.0855088308453559
0,0.5080093741416931,0,0.1582639664411544,0,0.0179446525871753,0,0.1110201478004455
0,0.6088231801986694,0,0.120104506611824,0,0.0424632206559181,0,0.1215302050113678
0,0.7580116391181946,0,0.5331745147705078,0,0.489836573600769,0,0.389038622379303
0,0.3907029032707214,0,0.2198290973901748,0,0.1789441555738449,0,0.1964356750249862
0,0.0146883809939026,0,0.1532499343156814,0,0.0300638154149055,0,0.1823467165231704
0,0.0880961790680885,0,0.403648316860199,0,0.0633231699466705,0,0.1654182523488998
0,0.0382965207099914,0,0.1739996969699859,0,0.0595965906977653,0,0.1254095584154129
0,0.0837607458233833,0,0.1707647740840912,0,0.2703563272953033,0,0.1718047559261322
0,0.0007733366801403,0,0.003542463062331,0,0.001835188944824,0,0.009503080509603
0,0.0037790881469845,0,0.2589423656463623,0,0.0195342749357223,0,0.0487222857773304
0,0.0099267596378922,0,0.372454434633255,0,0.0327733792364597,0,0.1121685951948165
0,0.0008678961894474,0,0.0069226906634867,0,0.0048482199199497,0,0.011724560521543
0,0.0236478745937347,0,0.1025386676192283,0,0.0429322980344295,0,0.145672395825386
0,0.0012304281117394,0,0.0115782627835869,0,0.0052491915412247,0,0.0705350190401077
0,0.2254859656095504,0,0.0438792221248149,0,0.0103564355522394,0,0.1167796030640602
0,0.0312563963234424,0,0.0492720380425453,0,0.0256642140448093,0,0.1611394733190536
0,0.1653198301792144,0,0.0695969462394714,0,0.0425373204052448,0,0.1241300851106643
0,0.0704026520252227,0,0.0842188075184822,0,0.0932213068008422,0,0.0845397934317588
0,0.0007262023282237,0,0.0094728413969278,0,0.0014992743963375,0,0.0027660289779305
0,0.0005585086764767,0,0.0445818230509758,0,0.0033576439600437,0,0.004496029112488
0,0.0003959062451031,0,0.0212689582258462,0,0.0092905275523662,0,0.0109142074361443
0,0.0960720255970954,0,0.1495508849620819,0,0.0751988366246223,0,0.1335602849721908
0,0.0769168063998222,0,0.1761506646871566,0,0.0567819438874721,0,0.0754750967025756
0,0.2546251714229584,0,0.1708112061023712,0,0.1128714978694915,0,0.1693063527345657
0,0.0515717230737209,0,0.1729248762130737,0,0.0661465600132942,0,0.0898891761898994
0,0.0006587596144527,0,0.0305381491780281,0,0.0007966945995576,0,0.0019665923900902
0,0.002840822096914,0,0.0117535423487424,0,0.0071852379478514,0,0.0184335615485906
0,0.0006769393803551,0,0.0162976067513227,0,0.00130312575493,0,0.0024898943956941
0,0.0017919504316523,0,0.0203813109546899,0,0.0048074275255203,0,0.010378049686551
0,0.0004892462748102,0,0.0142061552032828,0,0.0011964314617216,0,0.0031899285968393
0,0.0045187198556959,0,0.0134638287127017,0,0.0035947877913713,0,0.0131641542539
0,0.0008463983540423,0,0.0118032395839691,0,0.0046618226915597,0,0.0086020687595009
0,0.0510754846036434,0,0.1482248306274414,0,0.020252926275134,0,0.0310173500329256
0,0.000512781611178,0,0.0101336250081658,0,0.0036623440682888,0,0.0158918127417564
0,0.0008837886853143,0,0.0790998488664627,0,0.0014433757169172,0,0.012843201868236
0,0.0096615850925445,0,0.0386987663805484,0,0.0185233559459447,0,0.0547761507332325
0,0.0005753759760409,0,0.0111878495663404,0,0.0066733960993587,0,0.0068509927950799
0,0.0056665004231035,0,0.0553926452994346,0,0.0180791616439819,0,0.0287827439606189
0,0.0006082228501327,0,0.0073173972778022,0,0.0012390699703246,0,0.0052780085243284
0,0.0004990139277651,0,0.0082563245669007,0,0.0009137531742453,0,0.005343560129404
0,0.0007599533419124,0,0.0079429633915424,0,0.0011793009471148,0,0.0067906654439866
0,0.0505960993468761,0,0.4783902764320373,0,0.0881321132183075,0,0.182876780629158
0,0.0244658961892128,0,0.1547611504793167,0,0.0717409551143646,0,0.107037529349327
0,0.0287564471364021,0,0.1798157393932342,0,0.0556023232638835,0,0.1022007688879966
0,0.9190393686294556,0,0.7965570092201233,0,0.4631286263465881,0,0.6774066090583801
0,0.9066340327262878,0,0.7481634020805359,0,0.9016266465187072,0,0.8173917531967163
0,0.9013532400131226,0,0.750732421875,0,0.9322391748428344,0,0.7851478457450867
0,0.000685952079948,0,0.0200341027230024,0,0.0286349188536405,0,0.0052306149154901
0,0.1916134804487228,0,0.4380402863025665,0,0.1270221024751663,0,0.3700656294822693
0,0.145408809185028,0,0.3384590148925781,0,0.1190494373440742,0,0.1044566631317138
0,0.0008040104876272,0,0.0221572685986757,0,0.0089397458359599,0,0.0028560641221702
0,0.332868754863739,0,0.3711626827716827,0,0.2517065107822418,0,0.2049782276153564
0,0.1592505425214767,0,0.1374663859605789,0,0.127947062253952,0,0.2086622416973114
0,0.0009253993630409,0,0.0382510833442211,0,0.0100404182448983,0,0.0041744546033442
0,0.1698517501354217,0,0.2334118783473968,0,0.1363313645124435,0,0.2738998234272003
0,0.09303530305624,0,0.2492591440677642,0,0.1813966631889343,0,0.1174107566475868
0,0.6835201382637024,0,0.6017446517944336,0,0.8089756369590759,0,0.5777603983879089
0,0.4212446212768554,0,0.3928264379501343,0,0.1765735447406768,0,0.1343257874250412
0,0.0005568675114773,0,0.0043508200906217,0,0.0017482117982581,0,0.0116779748350381
0,0.6683200597763062,0,0.3428662717342376,0,0.4510880708694458,0,0.135336697101593
0,0.0004665270680561,0,0.0050872936844825,0,0.0039605014026165,0,0.0402624979615211
0,0.3829861283302307,0,0.3269335031509399,0,0.2120493054389953,0,0.1000575572252273
0,0.0005566236795857,0,0.0056870179250836,0,0.0026862842496484,0,0.0165404435247182
0,0.0003771967894863,0,0.0037226739805191,0,0.0016812410904094,0,0.0039734719321131
0,0.0005920951371081,0,0.0055590984411537,0,0.0013825985370203,0,0.0059235873632133
0,0.0005241862381808,0,0.0042688623070716,0,0.0013937199255451,0,0.0041290475055575
0,0.0007579997763969,0,0.0385256968438625,0,0.0016799673903733,0,0.0324360243976116
0,0.5465258359909058,0,0.2644058763980865,0,0.1039436757564544,0,0.4850732684135437
0,0.8707264065742493,0,0.1552440226078033,0,0.378236174583435,0,0.2460629492998123
0,0.8499577045440674,0,0.5919455885887146,0,0.6327126622200012,0,0.6345894932746887
0,0.7860011458396912,0,0.3165428936481476,0,0.3011820614337921,0,0.3234572112560272
0,0.9123687148094176,0,0.2765475809574127,0,0.6494524478912354,0,0.4658162891864776
0,0.8252031803131104,0,0.3509566187858581,0,0.6512345671653748,0,0.6093229651451111
0,0.7849514484405518,0,0.2886760532855987,0,0.1890839040279388,0,0.2954682111740112
0,0.0008793417946435,0,0.0535712987184524,0,0.0014744905056431,0,0.0032874764874577
0,0.7763979434967041,0,0.2740703523159027,0,0.8259821534156799,0,0.3900625109672546
0,0.7384104132652283,0,0.3315699696540832,0,0.6692891716957092,0,0.5017732381820679
0,0.7780057191848755,0,0.2951197922229767,0,0.768571674823761,0,0.2774349451065063
0,0.0007884803344495,0,0.0635052695870399,0,0.0012385076843202,0,0.0028591225855052
0,0.0240710098296403,0,0.1126586943864822,0,0.0772280469536781,0,0.3439281284809112
0,0.0060849809087812,0,0.0408993810415267,0,0.0319586209952831,0,0.157442569732666
1,0.7311781644821167,1,0.6237888932228088,1,0.8387815356254578,1,0.5290746092796326
1,0.848714292049408,1,0.5723763704299927,1,0.6888182163238525,1,0.5839188694953918
1,0.8426097631454468,1,0.3979940414428711,1,0.700459897518158,1,0.7031987905502319
1,0.8846613764762878,1,0.6844901442527771,1,0.8471937775611877,1,0.7549724578857422
1,0.9001477360725403,1,0.8134826421737671,1,0.7920549511909485,1,0.8321264982223511
1,0.8733656406402588,1,0.7196362614631653,1,0.8410517573356628,1,0.4446150064468384
1,0.7107833027839661,1,0.7059141397476196,1,0.1335478872060775,1,0.7652977705001831
1,0.7528240084648132,1,0.6107275485992432,1,0.2086875736713409,1,0.3653125166893005
1,0.9099125266075134,1,0.6376702189445496,1,0.3464584350585937,1,0.5094015598297119
1,0.885341227054596,1,0.4387093186378479,1,0.3279104232788086,1,0.6744508743286133
1,0.3345374464988708,1,0.1982921957969665,1,0.1312222629785537,1,0.1425766795873642
1,0.9149464964866638,1,0.3081125319004059,1,0.8033691048622131,1,0.6965827941894531
1,0.0024273633025586,1,0.4167308509349823,1,0.0303507763892412,1,0.0195422228425741
1,0.7671289443969727,1,0.3587460815906524,1,0.739950954914093,1,0.3024933040142059
1,0.6344829201698303,1,0.6228259801864624,1,0.8836798071861267,1,0.6939470767974854
1,0.6485198140144348,1,0.3556222021579742,1,0.7979126572608948,1,0.6693824529647827
1,0.580593466758728,1,0.7210374474525452,1,0.1901409327983856,1,0.5483224391937256
1,0.7873469591140747,1,0.658376932144165,1,0.6946040391921997,1,0.4294916689395904
1,0.7019179463386536,1,0.6749958992004395,1,0.594193696975708,1,0.7219798564910889
1,0.6985187530517578,1,0.3204238414764404,1,0.6073469519615173,1,0.6124217510223389
1,0.6076406240463257,1,0.7367619276046753,1,0.1530191898345947,1,0.6352095603942871
1,0.8570556640625,1,0.8043271899223328,1,0.8612738847732544,1,0.8166664242744446
1,0.1641804724931717,1,0.1103332042694091,1,0.1124336943030357,1,0.1542899757623672
1,0.7296091318130493,1,0.1434195786714553,1,0.2839039862155914,1,0.5684564113616943
1,0.7643678784370422,1,0.715910792350769,1,0.6918926239013672,1,0.7766414284706116
1,0.3293145000934601,1,0.3473789989948272,1,0.1614491641521453,1,0.2968381941318512
1,0.9473764300346376,1,0.8689935803413391,1,0.9444528222084044,1,0.9293651580810548
0,0.2531972825527191,0,0.4413209855556488,0,0.1413463354110717,0,0.2689370512962341
0,0.2078637182712555,0,0.2150238752365112,0,0.1719855517148971,0,0.2082895636558532
0,0.0034662734251469,0,0.0105183310806751,0,0.2728902399539947,0,0.0159333143383264
0,0.0033678093459457,0,0.013318171724677,0,0.0061699715442955,0,0.0149660678580403
0,0.0401587225496768,0,0.0739368647336959,0,0.0226569585502147,0,0.104994386434555
0,0.8691678047180176,0,0.5364820957183838,0,0.3491184115409851,0,0.66069096326828
0,0.0209595654159784,0,0.0781291350722312,0,0.0116984713822603,0,0.0951044037938118
0,0.7863611578941345,0,0.2382962852716446,0,0.4210083484649658,0,0.5928815603256226
0,0.3401524424552917,0,0.1930482238531112,0,0.0118445279076695,0,0.243930384516716
0,0.0142432311549782,0,0.0421524196863174,0,0.0077235829085111,0,0.0929538309574127
0,0.0790780708193779,0,0.1427321881055832,0,0.0522709414362907,0,0.0922242626547813
0,0.0092307180166244,0,0.0567843727767467,0,0.0512365102767944,0,0.0913771539926529
0,0.6961098313331604,0,0.3986601233482361,0,0.7843208312988281,0,0.4363573491573334
0,0.0620939023792743,0,0.0886712148785591,0,0.0235553961247205,0,0.0953890010714531
0,0.0974979624152183,0,0.1938870549201965,0,0.1105373948812484,0,0.2212723195552826
0,0.1452346593141555,0,0.231358453631401,0,0.0106027740985155,0,0.0312466025352478
0,0.1531192511320114,0,0.1979199200868606,0,0.0141878575086593,0,0.0344323404133319
0,0.1294902861118316,0,0.2785104513168335,0,0.0033948968630284,0,0.0147313261404633
0,0.0147384637966752,0,0.1122951209545135,0,0.0061933477409183,0,0.0097402427345514
0,0.2670824229717254,0,0.3117187619209289,0,0.015191089361906,0,0.0105161732062697
0,0.6752952337265015,0,0.4672845900058746,0,0.087579920887947,0,0.1556700468063354
0,0.749840497970581,0,0.6053349375724792,0,0.0997455567121505,0,0.3185324072837829
0,0.8263512253761292,0,0.7600671052932739,0,0.6973779201507568,0,0.755154550075531
0,0.0009181012865155,0,0.0225992407649755,0,0.0057969400659203,0,0.0038777054287493
0,0.6144693493843079,0,0.3477979600429535,0,0.2163713425397873,0,0.3201850950717926
0,0.31263467669487,0,0.2850683927536011,0,0.1005442962050437,0,0.3127534687519073
0,0.176581859588623,0,0.152982547879219,0,0.1778289824724197,0,0.1549595296382904
0,0.77522212266922,0,0.531050443649292,0,0.9365148544311525,0,0.7455782890319824
0,0.560228168964386,0,0.7905784845352173,0,0.597679615020752,0,0.5558257699012756
0,0.0025563158560544,0,0.0329719968140125,0,0.0185273084789514,0,0.0325966142117977
0,0.0167902596294879,0,0.0313246324658393,0,0.0330410748720169,0,0.0280621442943811
0,0.1077027544379234,0,0.2840427160263061,0,0.0917710736393928,0,0.274761289358139
0,0.2306041568517685,0,0.2706057727336883,0,0.0958802998065948,0,0.3056532442569732
0,0.17822927236557,0,0.2121548056602478,0,0.2132852971553802,0,0.2571827471256256
0,0.0010002504568547,0,0.0057619418948888,0,0.0017204841133207,0,0.0024601994082331
0,0.0014765122905373,0,0.0200652163475751,0,0.0278406143188476,0,0.0237728133797645
0,0.0005150896613486,0,0.0177694596350193,0,0.0073768789879977,0,0.0105658015236258
0,0.0006361429695971,0,0.010819673538208,0,0.0012441960861906,0,0.0055979490280151
0,0.0008870916790328,0,0.0242910217493772,0,0.0345410332083702,0,0.0563179962337017
0,0.0006496787536889,0,0.0056586232967674,0,0.0016057068714872,0,0.0068763517774641
0,0.0230791997164487,0,0.0547904223203659,0,0.0087602157145738,0,0.1208943873643875
0,0.0369318649172782,0,0.1334764510393142,0,0.0165755245834589,0,0.0833352729678154
0,0.0007141988608054,0,0.0136265838518738,0,0.0513200014829635,0,0.0338697545230388
0,0.0005591590306721,0,0.0028288711328059,0,0.0018979838350787,0,0.0029633217491209
0,0.0006340190884657,0,0.0057117212563753,0,0.0016404149355366,0,0.0031451180111616
0,0.0279519632458686,0,0.0583265349268913,0,0.0078687211498618,0,0.1326797306537628
0,0.0294963493943214,0,0.080833226442337,0,0.1082397326827049,0,0.1139320135116577
0,0.7053269147872925,0,0.6547369956970215,0,0.7846348881721497,0,0.7037507891654968
0,0.0041922591626644,0,0.0322358608245849,0,0.0315604396164417,0,0.0772673264145851
0,0.2173897475004196,0,0.0286976546049118,0,0.0211225245147943,0,0.0981635898351669
0,0.7411515712738037,0,0.5188467502593994,0,0.4157848358154297,0,0.3462677597999573
0,0.0036371580790728,0,0.0186104457825422,0,0.0177097097039222,0,0.0442027784883976
0,0.0040300521068274,0,0.016966825351119,0,0.0046377847902476,0,0.0662236809730529
0,0.0340582393109798,0,0.0785497575998306,0,0.0050914008170366,0,0.0702189058065414
0,0.0556810945272445,0,0.1518250256776809,0,0.1585496962070465,0,0.2363344728946685
0,0.1064307391643524,0,0.1117495745420456,0,0.0707179456949234,0,0.1727670133113861
0,0.1022978797554969,0,0.1384247392416,0,0.059256050735712,0,0.187669888138771
0,0.0010996258351951,0,0.0113302795216441,0,0.0111950784921646,0,0.0320661962032318
0,0.0012549750972539,0,0.0189310424029827,0,0.009920229203999,0,0.0260146725922822
0,0.0008021631510928,0,0.0118524162098765,0,0.0026665271725505,0,0.0199600346386432
0,0.0032199441920965,0,0.034938994795084,0,0.0018836234230548,0,0.0549387261271476
0,0.0018056982662528,0,0.0121940933167934,0,0.0016998465871438,0,0.0286661908030509
0,0.1666025519371032,0,0.4376329481601715,0,0.1564396172761917,0,0.1919300109148025
0,0.0096153039485216,0,0.0877531245350837,0,0.0026078121736645,0,0.0370320826768875
0,0.002051607472822,0,0.0272408481687307,0,0.0241696927696466,0,0.0425702780485153
0,0.0008177933050319,0,0.0457781068980693,0,0.001363044953905,0,0.0035026078112423
0,0.2142401188611984,0,0.0933535993099212,0,0.0776183530688285,0,0.155755266547203
0,0.0007452320423908,0,0.0261338874697685,0,0.0040818639099597,0,0.0261012595146894
0,0.2670250535011291,0,0.0592299364507198,0,0.0792380422353744,0,0.1470251679420471
0,0.0004769105289597,0,0.0135698774829506,0,0.0027827240992337,0,0.0095465807244181
0,0.7785875201225281,0,0.6436255574226379,0,0.120346263051033,0,0.2954127490520477
0,0.0041216132231056,0,0.0293421894311904,0,0.3477323651313782,0,0.2079486399888992
0,0.2464400678873062,0,0.0833998993039131,0,0.0875188782811164,0,0.1563318520784378
0,0.684944748878479,0,0.6433929800987244,0,0.1236868724226951,0,0.412533164024353
0,0.6040176749229431,0,0.4309448003768921,0,0.5150166749954224,0,0.4162715673446655
0,0.0010807331418618,0,0.0135773718357086,0,0.0637623891234397,0,0.0220400393009185
0,0.8212485313415527,0,0.3837991058826446,0,0.5816206932067871,0,0.3404069244861603
0,0.3063701689243316,0,0.4992919564247131,0,0.4473868012428283,0,0.4018456637859344
0,0.4760814905166626,0,0.480774313211441,0,0.338706761598587,0,0.4527902603149414
0,0.5009429454803467,0,0.2840198576450348,0,0.3690772652626037,0,0.4421010315418243
0,0.4580191671848297,0,0.1827316433191299,0,0.0292163249105215,0,0.1435514092445373
0,0.5142785310745239,0,0.0486034229397773,0,0.07729122787714,0,0.1294697523117065
0,0.0354950167238712,0,0.1054656952619552,0,0.0570752061903476,0,0.0996273830533027
0,0.0534979961812496,0,0.157886117696762,0,0.0751857310533523,0,0.1493095010519027
0,0.0508529096841812,0,0.1433856636285781,0,0.0749452412128448,0,0.0968235880136489
0,0.0699348300695419,0,0.3199284672737121,0,0.3361860811710357,0,0.0934881195425987
0,0.0034563045483082,0,0.0136193428188562,0,0.2190782725811004,0,0.0299446638673543
0,0.1760270446538925,0,0.2611536085605621,0,0.1745055466890335,0,0.2684506475925445
0,0.0412934273481369,0,0.0791010633111,0,0.018311770632863,0,0.1445846706628799
0,0.0024477434344589,0,0.0037134131416678,0,0.0089429905638098,0,0.0335474722087383
0,0.001368525554426,0,0.007543106097728,0,0.0033010162878781,0,0.0069477292709052
0,0.0453684739768505,0,0.0359128415584564,0,0.0301537010818719,0,0.0688802301883697
0,0.2162646502256393,0,0.0402509532868862,0,0.0479406900703907,0,0.0999089702963829
0,0.0517974160611629,0,0.060168407857418,0,0.0938397198915481,0,0.0928335487842559
0,0.0030933159869164,0,0.0231067854911088,0,0.0022349173668771,0,0.1316942423582077
0,0.06531822681427,0,0.0642385706305503,0,0.1261700838804245,0,0.0625463128089904
0,0.6925501227378845,0,0.51329505443573,0,0.554674506187439,0,0.5315603017807007
0,0.0006825217278674,0,0.0365093797445297,0,0.0052664694376289,0,0.0342990569770336
0,0.0008723733481019,0,0.0172731429338455,0,0.0034124965313822,0,0.0201146807521581
0,0.6063491702079773,0,0.1068904548883438,0,0.0397356562316417,0,0.1114900782704353
0,0.107301227748394,0,0.2781680524349212,0,0.0244028009474277,0,0.0822629779577255
0,0.0005252340342849,0,0.0056983022950589,0,0.0040534138679504,0,0.0068473569117486
0,0.3748001754283905,0,0.2482113987207412,0,0.0569456815719604,0,0.1467509567737579
0,0.0748205557465553,0,0.4677369594573974,0,0.0392805784940719,0,0.0641440004110336
0,0.0014132155338302,0,0.0057337065227329,0,0.0200889632105827,0,0.021779078990221
0,0.0469624102115631,0,0.23704394698143,0,0.0552304945886135,0,0.081199012696743
0,0.001829252927564,0,0.0089656254276633,0,0.0055840304121375,0,0.0185521114617586
0,0.1130671054124832,0,0.2743326723575592,0,0.0565614812076091,0,0.0976604148745536
0,0.0019048150861635,0,0.0038306764326989,0,0.0108893010765314,0,0.0194929651916027
0,0.0462426431477069,0,0.1427361518144607,0,0.0090215327218174,0,0.1730248928070068
0,0.0212881937623024,0,0.040505152195692,0,0.0182989798486232,0,0.0523989163339138
0,0.0009039500146172,0,0.0080812023952603,0,0.0025361941661685,0,0.0117029873654246
0,0.0021641128696501,0,0.0095048807561397,0,0.0019834944978356,0,0.0137744192034006
0,0.0005784081295132,0,0.0131899984553456,0,0.0016760062426328,0,0.0080144805833697
0,0.0157164297997951,0,0.0175159983336925,0,0.0021109038498252,0,0.0331551991403102
0,0.0012506895000115,0,0.0351960584521293,0,0.0023592205252498,0,0.0543205216526985
0,0.099171794950962,0,0.2287395149469375,0,0.0734601020812988,0,0.1791024357080459
0,0.0006226903060451,0,0.0041566938161849,0,0.0018130410462617,0,0.0032767022494226
0,0.0547782965004444,0,0.1184562891721725,0,0.0049547660164535,0,0.3877332806587219
0,0.1216834783554077,0,0.0679733082652092,0,0.0133449099957942,0,0.092083565890789
0,0.0012562565971165,0,0.0149108031764626,0,0.0049912864342331,0,0.0218643732368946
0,0.072442702949047,0,0.0400615781545639,0,0.0079645635560154,0,0.0389811247587204
0,0.0011699398746713,0,0.0196509752422571,0,0.002712873974815,0,0.0177758429199457
0,0.00058338441886,0,0.003630852792412,0,0.0016430848045274,0,0.0035154414363205
0,0.3880673348903656,0,0.1460617631673813,0,0.0942781865596771,0,0.1297353208065033
0,0.0676042735576629,0,0.0271057114005088,0,0.0534354336559772,0,0.130055084824562
0,0.223988652229309,0,0.2241844236850738,0,0.132089152932167,0,0.1413003206253051
0,0.0006260538939386,0,0.0052569084800779,0,0.018197264522314,0,0.0042855720967054
0,0.1904535591602325,0,0.2408767491579055,0,0.0302962213754653,0,0.1684840023517608
0,0.1893638968467712,0,0.2187477797269821,0,0.1737504601478576,0,0.1781495064496994
0,0.2418239265680313,0,0.1362238377332687,0,0.0663033723831176,0,0.1337224096059799
0,0.5701352953910828,0,0.2256612777709961,0,0.1658537238836288,0,0.6808463931083679
0,0.3358875811100006,0,0.4040143191814422,0,0.0955870971083641,0,0.2045677453279495
0,0.0026179859414696,0,0.0449471957981586,0,0.0028698102105408,0,0.0449966676533222
0,0.640238881111145,0,0.5654453635215759,0,0.0953302755951881,0,0.4334995746612549
0,0.4522905647754669,0,0.6254361271858215,0,0.1439196169376373,0,0.3916817903518677
0,0.5027117133140564,0,0.7034603953361511,0,0.115799494087696,0,0.3892374038696289
0,0.424286276102066,0,0.634225606918335,0,0.1642342209815979,0,0.3585051000118255
0,0.4129957556724548,0,0.4434618055820465,0,0.0865328833460807,0,0.1291410624980926
0,0.3664514720439911,0,0.0376053042709827,0,0.4187865257263183,0,0.0690222978591919
0,0.1170692965388298,0,0.1324633061885833,0,0.097100555896759,0,0.1006523072719574
0,0.1968199014663696,0,0.2237153500318527,0,0.0789684802293777,0,0.0926066786050796
0,0.1177785694599151,0,0.0090978303924202,0,0.2029046267271042,0,0.0534908287227153
0,0.0290862005203962,0,0.0652948170900344,0,0.0156246423721313,0,0.0575454533100128
0,0.1087894663214683,0,0.2673232853412628,0,0.0691948980093002,0,0.1059052795171737
0,0.0007906556129455,0,0.0133249154314398,0,0.0646987333893776,0,0.0290178917348384
0,0.0011857044883072,0,0.0208303984254598,0,0.0399679504334926,0,0.0126880155876278
0,0.930248498916626,0,0.8410249352455139,0,0.7041190266609192,0,0.8050985336303711
0,0.8579035401344299,0,0.8348202109336853,0,0.7960852384567261,0,0.8080459833145142
0,0.8052120208740234,0,0.8263365030288696,0,0.6469953656196594,0,0.7681449055671692
0,0.2820292711257934,0,0.1068747639656066,0,0.0398031845688819,0,0.1755350083112716
0,0.3110242784023285,0,0.1109637320041656,0,0.0784850940108299,0,0.3242247402667999
0,0.001050955383107,0,0.0054264976643025,0,0.1332929134368896,0,0.0325139090418815
0,0.000681361707393,0,0.0270968582481145,0,0.0115404147654771,0,0.0419525653123855
0,0.00056024256628,0,0.0110811023041605,0,0.0263739023357629,0,0.0537245869636535
0,0.0009499920415692,0,0.0104180332273244,0,0.0156210483983159,0,0.0256095752120018
0,0.0009616552852094,0,0.0176467020064592,0,0.0248173736035823,0,0.0384816788136959
0,0.2937532365322113,0,0.5725883841514587,0,0.1252830475568771,0,0.3498592674732208
0,0.225052535533905,0,0.3699089288711548,0,0.1229200959205627,0,0.1300342977046966
0,0.3890564739704132,0,0.0572452135384082,0,0.2003387063741684,0,0.1091238036751747
0,0.0016795890405774,0,0.0167915280908346,0,0.0060000740922987,0,0.1210479289293289
0,0.1957308948040008,0,0.3367393314838409,0,0.0823878049850463,0,0.1321661174297332
0,0.4612756669521332,0,0.2386563867330551,0,0.2284420877695083,0,0.1749624013900756
0,0.2951521575450897,0,0.310381144285202,0,0.1500732153654098,0,0.1223045065999031
0,0.7476981282234192,0,0.146645963191986,0,0.1031404361128807,0,0.0987420305609703
0,0.000779693305958,0,0.0210185144096612,0,0.004024897236377,0,0.0917607918381691
0,0.2502357959747314,0,0.064807005226612,0,0.1330928206443786,0,0.1657268851995468
0,0.1812106072902679,0,0.3496279120445251,0,0.1141865998506546,0,0.1181366816163063
0,0.6166580319404602,0,0.2401567548513412,0,0.3523306548595428,0,0.1968743503093719
0,0.11481374502182,0,0.1108197793364524,0,0.0431620888411998,0,0.0766801834106445
0,0.0235594417899847,0,0.1051308363676071,0,0.0110486689954996,0,0.1470714509487152
0,0.0013751967344433,0,0.016232207417488,0,0.0021807586308568,0,0.0136149749159812
0,0.0405852012336254,0,0.0950395390391349,0,0.0676098987460136,0,0.0626551359891891
0,0.664424479007721,0,0.1905425488948822,0,0.3272986114025116,0,0.1755104660987854
0,0.0176834668964147,0,0.3747092187404632,0,0.0433749184012413,0,0.1368211954832077
0,0.2230178117752075,0,0.1109633967280387,0,0.0922316685318946,0,0.1328727602958679
0,0.0006435828981921,0,0.0168606601655483,0,0.001469233771786,0,0.0192013997584581
0,0.0005711970152333,0,0.0104765528813004,0,0.0023065349087119,0,0.015555640682578
0,0.8104321956634521,0,0.2931196093559265,0,0.1907105892896652,0,0.21068075299263
0,0.2745118141174316,0,0.1383252888917923,0,0.0609345771372318,0,0.127028077840805
0,0.8745889663696289,0,0.4330815076828003,0,0.4691978394985199,0,0.789775013923645
0,0.8672395944595337,0,0.6426746845245361,0,0.7397827506065369,0,0.7056564092636108
0,0.0510160736739635,0,0.0198837462812662,0,0.3990625739097595,0,0.0976281091570854
0,0.0335486158728599,0,0.1392092257738113,0,0.0538300164043903,0,0.0752066671848297
0,0.0011134465457871,0,0.0507517978549003,0,0.0012210475979372,0,0.0038203801959753
0,0.2710249125957489,0,0.6862303614616394,0,0.1034686788916587,0,0.3379831612110138
0,0.0261699426919221,0,0.0721072256565094,0,0.1172524243593216,0,0.2068886011838913
0,0.0009961506584659,0,0.0858295261859893,0,0.0012294661719352,0,0.0057703838683664
0,0.0385885462164878,0,0.340627372264862,0,0.0594265013933181,0,0.0931179895997047
0,0.2030050307512283,0,0.2969010770320892,0,0.0894056558609008,0,0.2866305112838745
0,0.0412425063550472,0,0.2393724918365478,0,0.0618417300283908,0,0.1266890168190002
0,0.4468709528446197,0,0.1392136514186859,0,0.620157778263092,0,0.2990886270999908
0,0.0010302402079105,0,0.0378473587334156,0,0.0011502507841214,0,0.0031740327831357
0,0.1851546019315719,0,0.2122770845890045,0,0.0793862044811248,0,0.3153279721736908
0,0.0009758695960044,0,0.0050876652821898,0,0.0324479192495346,0,0.0052546048536896
0,0.0032898818608373,0,0.0051615862175822,0,0.0428346768021583,0,0.0049758721143007
0,0.002436256268993,0,0.0059784026816487,0,0.0407338179647922,0,0.0053972410969436
0,0.0363020077347755,0,0.2747809588909149,0,0.3731206655502319,0,0.116864688694477
0,0.0764832571148872,0,0.0538820922374725,0,0.064851276576519,0,0.1018686890602111
0,0.0354557558894157,0,0.1074699684977531,0,0.0503105893731117,0,0.0515610426664352
0,0.4778270721435547,0,0.1903291195631027,0,0.0408172458410263,0,0.0952816754579544
0,0.0504197292029857,0,0.3556550741195678,0,0.203463613986969,0,0.1500693261623382
0,0.0009382831631228,0,0.1934560984373092,0,0.0011778768384829,0,0.09381615370512
0,0.3326416313648224,0,0.5628116130828857,0,0.1633986234664917,0,0.3968766927719116
0,0.059347964823246,0,0.2188528925180435,0,0.1050558090209961,0,0.1241017058491706
0,0.3752732574939728,0,0.6431213021278381,0,0.137408971786499,0,0.3678279221057892
0,0.0011003153631463,0,0.1738357990980148,0,0.0010551292216405,0,0.0648062080144882
0,0.2848957479000091,0,0.3815646767616272,0,0.1903796195983886,0,0.4134083986282348
0,0.0493227876722812,0,0.1688965708017349,0,0.1257988810539245,0,0.1101630628108978
0,0.0010387734510004,0,0.2308065891265869,0,0.0012915793340653,0,0.0488931313157081
0,0.000574444711674,0,0.0034859478473663,0,0.0009194305166602,0,0.0021386425942182
0,0.5479706525802612,0,0.4844649732112884,0,0.2796267867088318,0,0.4156873822212219
0,0.0249745287001132,0,0.0695826038718223,0,0.0704651623964309,0,0.1025716140866279
0,0.0007244179723784,0,0.0032643885351717,0,0.0010066934628412,0,0.0024511313531547
0,0.6653010845184326,0,0.3325288295745849,0,0.2867773175239563,0,0.3490026891231537
0,0.0433048196136951,0,0.1514983922243118,0,0.0335724987089633,0,0.0647043287754058
0,0.3885671198368072,0,0.4390018880367279,0,0.2551933526992798,0,0.1374441385269165
0,0.1502760797739029,0,0.299415111541748,0,0.0341388620436191,0,0.0785744562745094
0,0.2270809710025787,0,0.2869965732097626,0,0.0459125004708766,0,0.1009835079312324
0,0.0191415306180715,0,0.2469157725572586,0,0.0542223826050758,0,0.0880904793739318
0,0.0055875214748084,0,0.0456146746873855,0,0.0246593728661537,0,0.0802351310849189
0,0.1586157232522964,0,0.0737524703145027,0,0.0202113445848226,0,0.0913041830062866
0,0.144544780254364,0,0.2923499345779419,0,0.3533859550952911,0,0.4075677394866943
0,0.0013870872789993,0,0.0159859973937273,0,0.0038367207162082,0,0.0094007616862654
0,0.0014382633380591,0,0.0198389329016208,0,0.0015599636826664,0,0.0116970110684633
0,0.0051734875887632,0,0.1258801519870758,0,0.0023646296467632,0,0.0454357489943504
0,0.0036882841959595,0,0.0212762523442506,0,0.0268044043332338,0,0.0429901629686355
0,0.0027847399469465,0,0.017246089875698,0,0.0085398247465491,0,0.0814640074968338
0,0.0110201798379421,0,0.0291057769209146,0,0.041288997977972,0,0.0596272237598896
0,0.0005300174816511,0,0.0122137395665049,0,0.0202750656753778,0,0.0129257105290889
0,0.000559585285373,0,0.004073744174093,0,0.0026839999482035,0,0.0024295416660606
0,0.0216254387050867,0,0.1147931143641471,0,0.0706594288349151,0,0.0778931006789207
0,0.001383249182254,0,0.0810537785291671,0,0.002266559517011,0,0.0175149869173765
0,0.0890777632594108,0,0.0263702720403671,0,0.0188855659216642,0,0.0346618592739105
0,0.5478847622871399,0,0.5594330430030823,0,0.5649765133857727,0,0.4004517793655395
0,0.0006281598471105,0,0.0038390595000237,0,0.0037168955896049,0,0.0030804381240159
0,0.0006760273827239,0,0.0034324703738093,0,0.0063918447121977,0,0.0029950437601655
0,0.634660005569458,0,0.4936705529689789,0,0.3985463380813598,0,0.4760152995586395
0,0.1915914118289947,0,0.119256779551506,0,0.1334217935800552,0,0.1896509528160095
0,0.11143758893013,0,0.1966235935688018,0,0.0665719583630561,0,0.2110254615545272
0,0.0346090607345104,0,0.0657995492219924,0,0.0456922203302383,0,0.0708646923303604
0,0.000721831980627,0,0.0053622275590896,0,0.0062178680673241,0,0.0050359992310404
0,0.6187583804130554,0,0.4972289800643921,0,0.3377791047096252,0,0.360159695148468
0,0.0088468277826905,0,0.0185710787773132,0,0.0226566791534423,0,0.2096689045429229
0,0.5747825503349304,0,0.0373557694256305,0,0.1046528071165084,0,0.1502256691455841
0,0.001356158289127,0,0.0196479298174381,0,0.0100422101095318,0,0.0359145179390907
0,0.0067225913517177,0,0.0673980712890625,0,0.2330967634916305,0,0.2451589256525039
1,0.7701811194419861,1,0.4582051038742065,1,0.3419835269451141,1,0.6537014245986938
1,0.8638138175010681,1,0.5744388103485107,1,0.252294510602951,1,0.3345143795013428
1,0.7363229393959045,1,0.6983757019042969,1,0.1249507591128349,1,0.2512247264385223
1,0.9070131182670592,1,0.7253414988517761,1,0.9771618247032166,1,0.8807014226913452
1,0.9187248349189758,1,0.844023585319519,1,0.94159197807312,1,0.8033671379089355
1,0.0795276835560798,1,0.043576605618,1,0.0033083006273955,1,0.0285886377096176
1,0.0373499244451522,1,0.0199793353676795,1,0.0027205375954508,1,0.0196039974689483
1,0.5223756432533264,1,0.0707263275980949,1,0.0628452822566032,1,0.0433526076376438
1,0.6943939924240112,1,0.0219928380101919,1,0.1273137629032135,1,0.0448810867965221
1,0.0137406075373291,1,0.0040023536421358,1,0.3389444947242737,1,0.0862670019268989
1,0.8956865668296814,1,0.1689280718564987,1,0.5562742948532104,1,0.5110161304473877
1,0.6814348101615906,1,0.5069621801376343,1,0.6630998253822327,1,0.4234679937362671
1,0.8698752522468567,1,0.6326254606246948,1,0.9534423351287842,1,0.8481635451316833
1,0.674505352973938,1,0.5271429419517517,1,0.7030678987503052,1,0.372640460729599
1,0.9341170191764832,1,0.6486538648605347,1,0.2439185827970504,1,0.8484394550323486
1,0.9593240022659302,1,0.8934139013290405,1,0.9753884673118592,1,0.9329198002815248
1,0.9185177087783812,1,0.7763516902923584,1,0.7866196632385254,1,0.6913610100746155
1,0.8805928230285645,1,0.7442629933357239,1,0.878147542476654,1,0.6486496329307556
1,0.0042261579073965,1,0.0440867766737937,1,0.0414569079875946,1,0.0124498885124921
1,0.7576401829719543,1,0.4385387599468231,1,0.5662801265716553,1,0.3343858420848846
1,0.702413022518158,1,0.3614988029003143,1,0.0275936499238014,1,0.149874210357666
0,0.0982023179531097,0,0.228658452630043,0,0.0939268916845321,0,0.0956095457077026
0,0.0043634362518787,0,0.0188441276550292,0,0.0073497286066412,0,0.0390744507312774
0,0.2987493574619293,0,0.3717583119869232,0,0.1080020889639854,0,0.1070200502872467
0,0.4264483749866485,0,0.2989929020404815,0,0.1398321390151977,0,0.1188682466745376
0,0.0215834397822618,0,0.0970420837402343,0,0.1060692369937896,0,0.0672683790326118
0,0.0082932133227586,0,0.057551234960556,0,0.0086354250088334,0,0.1200616583228111
0,0.0006230390863493,0,0.039418738335371,0,0.0017531617777422,0,0.0200288090854883
0,0.0009454321116209,0,0.0261582490056753,0,0.0053117517381906,0,0.03289794921875
0,0.0138387344777584,0,0.0507795326411724,0,0.0535463541746139,0,0.0352501161396503
0,0.5026773810386658,0,0.3293918073177337,0,0.0442262068390846,0,0.078562706708908
0,0.2916536629199981,0,0.4209664165973663,0,0.2313663214445114,0,0.329925924539566
0,0.4647112190723419,0,0.710634708404541,0,0.2509995102882385,0,0.3582611083984375
0,0.2994080483913421,0,0.2107659727334976,0,0.0201705638319253,0,0.1048023775219917
0,0.0728268921375274,0,0.2799024581909179,0,0.0299755148589611,0,0.2572938799858093
0,0.838222324848175,0,0.6968466639518738,0,0.7639665603637695,0,0.7021284699440002
0,0.8083632588386536,0,0.746454119682312,0,0.4994457066059112,0,0.7648623585700989
0,0.7751607894897461,0,0.5585837364196777,0,0.6747564077377319,0,0.7136748433113098
0,0.5750263929367065,0,0.3445176482200622,0,0.3276976346969604,0,0.3553445637226105
0,0.2994969189167022,0,0.2420847415924072,0,0.1757600009441375,0,0.2853298783302307
0,0.374408483505249,0,0.3433107733726501,0,0.1308006346225738,0,0.3606320321559906
0,0.0347235947847366,0,0.2218321561813354,0,0.1151688545942306,0,0.0987047776579856
0,0.0005752391298301,0,0.0104188155382871,0,0.0029999243561178,0,0.0028119469061493
0,0.0142036126926541,0,0.0758954584598541,0,0.0449839569628238,0,0.0678197368979454
0,0.587760329246521,0,0.2760294377803802,0,0.0776753351092338,0,0.2352436035871505
0,0.0336946174502372,0,0.2727946639060974,0,0.1277017295360565,0,0.0822641551494598
0,0.0006619251216761,0,0.0114656183868646,0,0.0017291960539296,0,0.0162451025098562
0,0.0099091958254575,0,0.0332147777080535,0,0.0093475095927715,0,0.0980602130293846
0,0.0294844172894954,0,0.1766764372587204,0,0.0445730499923229,0,0.1481108516454696
0,0.031648464500904,0,0.0358425118029117,0,0.0090679470449686,0,0.0377473756670951
0,0.1289846152067184,0,0.2520995736122131,0,0.0794838145375251,0,0.226645827293396
0,0.0092660998925566,0,0.017567029222846,0,0.0419859625399112,0,0.095194511115551
0,0.1934637725353241,0,0.3689520061016083,0,0.1363681405782699,0,0.2963984310626983
0,0.0106471106410026,0,0.0524698980152606,0,0.059876337647438,0,0.0700495019555091
0,0.7887997627258301,0,0.7367878556251526,0,0.5848928689956665,0,0.6504298448562622
0,0.89186030626297,0,0.8318436741828918,0,0.8797241449356079,0,0.761172890663147
0,0.0217578522861003,0,0.016742505133152,0,0.0640806481242179,0,0.0382417365908622
0,0.0100716287270188,0,0.0148038119077682,0,0.0313621796667575,0,0.0381390415132045
0,0.000837211497128,0,0.0065021137706935,0,0.0034636964555829,0,0.0030989088118076
0,0.0005906380829401,0,0.0037266961298882,0,0.0059853154234588,0,0.0432991534471511
0,0.0018456910038366,0,0.0594017729163169,0,0.0017501476686447,0,0.0167249701917171
0,0.1854306161403656,0,0.0455395877361297,0,0.1275624185800552,0,0.1005219742655754
0,0.0007385203498415,0,0.0065440745092928,0,0.0027341595850884,0,0.0026149933692067
0,0.001447177841328,0,0.0293715968728065,0,0.0021552836988121,0,0.0060538169927895
0,0.0004438177857082,0,0.0060749650001525,0,0.0024116714484989,0,0.0060452236793935
0,0.0021534520201385,0,0.4786593317985534,0,0.0013008372625336,0,0.0876437798142433
0,0.0011398151982575,0,0.0052657877095043,0,0.0754172205924987,0,0.0108358263969421
0,0.0006661732913926,0,0.0057905400171875,0,0.0030052128713577,0,0.0028161390218883
0,0.1237962171435356,0,0.1473883241415023,0,0.2409890741109848,0,0.2550757229328155
0,0.0006962372572161,0,0.0292330738157033,0,0.0085884816944599,0,0.0673957169055938
0,0.4909545183181762,0,0.0445428639650344,0,0.2839140892028808,0,0.167788878083229
0,0.0005628574290312,0,0.013925788924098,0,0.0048878542147576,0,0.0087491339072585
0,0.218350663781166,0,0.3989306986331939,0,0.5133770704269409,0,0.1354948729276657
0,0.6436116099357605,0,0.7246019244194031,0,0.4917029738426208,0,0.656436026096344
0,0.464359849691391,0,0.742607057094574,0,0.2175355106592178,0,0.6196989417076111
0,0.0053627975285053,0,0.0845642983913421,0,0.15797820687294,0,0.0327388159930706
0,0.0181691590696573,0,0.2754183113574981,0,0.4684069454669952,0,0.0587016940116882
0,0.1826213300228119,0,0.4558019340038299,0,0.3897134363651275,0,0.5570650100708008
0,0.8613719940185547,0,0.4228886067867279,0,0.8756870031356812,0,0.4664371013641357
0,0.0006260739755816,0,0.0049931644462049,0,0.0189711488783359,0,0.0033661373890936
0,0.0019590195734053,0,0.0370565876364707,0,0.0008944344590418,0,0.0044484534300863
0,0.000930170645006,0,0.0351895503699779,0,0.0230673812329769,0,0.0415853522717952
0,0.0015693375607952,0,0.06251972168684,0,0.0286772046238183,0,0.1819356679916381
0,0.0014155545504763,0,0.0937440991401672,0,0.001153577119112,0,0.0042487527243793
0,0.0013606895226985,0,0.2167978733778,0,0.0020168542396277,0,0.0102575495839118
0,0.0026200923603028,0,0.0335215888917446,0,0.0130628207698464,0,0.0526280924677848
0,0.0048075593076646,0,0.0166426990181207,0,0.0167413745075464,0,0.1429406851530075
0,0.7805081605911255,0,0.570577085018158,0,0.6863237023353577,0,0.441224455833435
0,0.063894435763359,0,0.1273169368505478,0,0.108365423977375,0,0.0941165536642074
0,0.0501828752458095,0,0.3501736223697662,0,0.0927716791629791,0,0.1167621910572052
0,0.0312557630240917,0,0.2166073471307754,0,0.103157490491867,0,0.0656832158565521
0,0.5033852458000183,0,0.4122161269187927,0,0.2695730328559875,0,0.4027741551399231
0,0.4402963519096374,0,0.4249942600727081,0,0.3020597994327545,0,0.4244208335876465
0,0.5637472867965698,0,0.4939138889312744,0,0.3223056495189667,0,0.4210813343524933
0,0.6432439088821411,0,0.0150855313986539,0,0.04779839143157,0,0.0719753503799438
0,0.6367926001548767,0,0.5070033073425293,0,0.7560365200042725,0,0.462314248085022
0,0.4297399520874023,0,0.178037017583847,0,0.1447537988424301,0,0.2833995819091797
0,0.8087639212608337,0,0.5872989892959595,0,0.664284884929657,0,0.6427484750747681
0,0.7823505997657776,0,0.4786509573459625,0,0.1937629282474517,0,0.6090958714485168
0,0.5781871676445007,0,0.302695631980896,0,0.1774640679359436,0,0.3214505314826965
0,0.3542042076587677,0,0.2041724324226379,0,0.119202472269535,0,0.1374468505382537
0,0.1026042401790618,0,0.0714478343725204,0,0.0712693929672241,0,0.0931072607636451
0,0.0538436956703662,0,0.0370628051459789,0,0.1566530913114547,0,0.0869607701897621
0,0.082450620830059,0,0.1349664777517318,0,0.0441750772297382,0,0.0844340920448303
0,0.0166141204535961,0,0.251690924167633,0,0.0575437992811203,0,0.0957154184579849
0,0.1005040258169174,0,0.2924340367317199,0,0.077177956700325,0,0.0961087644100189
0,0.2751549482345581,0,0.0441814698278903,0,0.0930831804871559,0,0.1014772206544876
0,0.2989038527011871,0,0.4616874456405639,0,0.0225553512573242,0,0.1270716488361358
0,0.0871084332466125,0,0.0524536147713661,0,0.0691800042986869,0,0.1363715380430221
0,0.38573157787323,0,0.0880686789751052,0,0.1507995128631591,0,0.113383337855339
0,0.2307134419679641,0,0.2132135182619094,0,0.0614815093576908,0,0.1186770424246788
0,0.0690399184823036,0,0.2444082647562027,0,0.0618527829647064,0,0.1140414252877235
0,0.033332597464323,0,0.1073280125856399,0,0.1014582216739654,0,0.0206115767359733
0,0.5882049798965454,0,0.4282116591930389,0,0.0634857267141342,0,0.2943057119846344
0,0.9416499733924866,0,0.6738085746765137,0,0.8744189739227295,0,0.9080851078033448
0,0.0012528038350865,0,0.0240452717989683,0,0.1548534035682678,0,0.087642066180706
0,0.6978856921195984,0,0.2806860208511352,0,0.0492150671780109,0,0.1946556270122528
0,0.9149264097213744,0,0.5622423887252808,0,0.8656067252159119,0,0.9065108299255372
0,0.2713787257671356,0,0.0341840088367462,0,0.3331902921199798,0,0.1792508661746978
0,0.7119970321655273,0,0.4909995198249817,0,0.0758963078260421,0,0.2395765483379364
0,0.9431318640708924,0,0.7410309314727783,0,0.8881591558456421,0,0.9065982103347778
0,0.5179807543754578,0,0.1815049648284912,0,0.0225225444883108,0,0.1312928199768066
0,0.0016517925541847,0,0.0198969189077615,0,0.1449898332357406,0,0.0923017933964729
0,0.0029296248685568,0,0.034665297716856,0,0.033061858266592,0,0.1086545437574386
0,0.0008469021413475,0,0.0281031262129545,0,0.0009466449264436,0,0.0073888502083718
0,0.3933762311935425,0,0.3704789578914642,0,0.0775165110826492,0,0.3639978766441345
0,0.3507534563541412,0,0.0806239172816276,0,0.1301358640193939,0,0.1765503585338592
0,0.2014331221580505,0,0.1293779611587524,0,0.1007199212908744,0,0.1536542624235153
0,0.1955543309450149,0,0.1971920281648636,0,0.0238712355494499,0,0.2061049044132232
0,0.2137588560581207,0,0.2021985501050949,0,0.0152014009654521,0,0.1095898300409317
0,0.0005954104708507,0,0.0088629443198442,0,0.0017711130203679,0,0.0032253346871584
0,0.0013619179371744,0,0.0103531768545508,0,0.0028023123741149,0,0.0068499674089252
0,0.0056029064580798,0,0.0821518301963806,0,0.0062192087061703,0,0.1772937476634979
0,0.5106396079063416,0,0.4529996812343597,0,0.1926476061344146,0,0.2569479942321777
0,0.0003869613574352,0,0.0053003504872322,0,0.0013949715066701,0,0.0049810879863798
0,0.0003981236950494,0,0.003987671341747,0,0.0017476751236245,0,0.003271811408922
0,0.0023361546918749,0,0.068730741739273,0,0.0326648987829685,0,0.1792634129524231
0,0.357230544090271,0,0.5774467587471008,0,0.0767924338579177,0,0.251358300447464
0,0.0012550050159916,0,0.0099342940375208,0,0.0024725242983549,0,0.0070550246164202
0,0.0007373765693046,0,0.0127843003720045,0,0.0016424481291323,0,0.0053680115379393
0,0.0031379947904497,0,0.0108087016269564,0,0.003618090879172,0,0.0146360183134675
0,0.0005988968187011,0,0.0063076331280171,0,0.0017878398066386,0,0.0035667535848915
0,0.0010152864269912,0,0.0281235631555318,0,0.0074834246188402,0,0.0243997238576412
0,0.0445267893373966,0,0.147993579506874,0,0.03394066542387,0,0.0477842874825
0,0.0831432789564132,0,0.1250224262475967,0,0.0958319753408432,0,0.2750458419322967
0,0.556265115737915,0,0.1928785741329193,0,0.2123274654150009,0,0.0905739292502403
0,0.4899370372295379,0,0.2734590768814087,0,0.0829614400863647,0,0.1605442017316818
0,0.2733442783355713,0,0.0041947080753743,0,0.0020031435415148,0,0.0286807063966989
0,0.0017697772709652,0,0.0055756671354174,0,0.0022825575433671,0,0.0034365898463875
0,0.0013887599343433,0,0.0487154982984066,0,0.0007310190121643,0,0.0082590514793992
0,0.0015234026359394,0,0.0042043174616992,0,0.0033913846127688,0,0.010021174326539
0,0.0010089201387017,0,0.0043096165172755,0,0.003125796560198,0,0.0065818917937576
0,0.0761748477816581,0,0.1621531397104263,0,0.0611412450671196,0,0.1304378807544708
0,0.0009357749368064,0,0.0307168625295162,0,0.0008341764914803,0,0.0079384632408618
0,0.0009841565042734,0,0.0050256424583494,0,0.0018231173744425,0,0.0024452668149024
0,0.0021337729413062,0,0.0079445866867899,0,0.0036503009032458,0,0.0110812494531273
0,0.0011791452998295,0,0.2893346846103668,0,0.0032313615083694,0,0.0050095901824533
0,0.0351312980055809,0,0.115611657500267,0,0.0689592510461807,0,0.0644929260015487
0,0.7286859750747681,0,0.8244788646697998,0,0.8453806042671204,0,0.5163109302520752
0,0.2636457085609436,0,0.396758496761322,0,0.0301393754780292,0,0.1822713315486908
0,0.0177170373499393,0,0.0526931770145893,0,0.0038463494274765,0,0.1086202040314674
0,0.1747785806655883,0,0.2930551469326019,0,0.0187601055949926,0,0.2576107084751129
0,0.291420578956604,0,0.4076811969280243,0,0.1572060585021972,0,0.3064304888248443
0,0.0014707910595461,0,0.0375534631311893,0,0.0049416627734899,0,0.0185579471290111
0,0.2118047177791595,0,0.3300654590129852,0,0.0229244045913219,0,0.2292770743370056
0,0.0014400746440514,0,0.0247441697865724,0,0.0018749178852885,0,0.0080272508785128
0,0.0129142291843891,0,0.0224044285714626,0,0.0325033739209175,0,0.1033874750137329
0,0.1949673146009445,0,0.1704143434762954,0,0.1025260984897613,0,0.1879732310771942
0,0.2409418672323227,0,0.2050986140966415,0,0.1264515966176986,0,0.2218470871448516
0,0.0014012508327141,0,0.0205685645341873,0,0.0200733691453933,0,0.0428153052926063
0,0.1549640595912933,0,0.2244377136230468,0,0.1152192801237106,0,0.1884801536798477
0,0.2918531000614166,0,0.3898763358592987,0,0.2312817573547363,0,0.3271160423755646
0,0.5326287150382996,0,0.4355338215827942,0,0.1928425431251526,0,0.6041933298110962
0,0.100873664021492,0,0.1555532813072204,0,0.0709628239274025,0,0.1475375890731811
0,0.1600075811147689,0,0.3607449233531952,0,0.1465066373348236,0,0.2477498054504394
0,0.0801971405744552,0,0.0572447478771209,0,0.0585724599659442,0,0.0490176565945148
0,0.4400264620780945,0,0.5139611959457397,0,0.2734785079956054,0,0.221451997756958
0,0.0356599204242229,0,0.1498167365789413,0,0.0707181915640831,0,0.0845144093036651
0,0.0093997176736593,0,0.0975745990872383,0,0.0607658997178077,0,0.0483808778226375
0,0.0010398419108241,0,0.0282497853040695,0,0.0027078371495008,0,0.0359549149870872
0,0.7916622161865234,0,0.8204435110092163,0,0.744995653629303,0,0.7295528650283813
0,0.206964910030365,0,0.2251597195863723,0,0.0101986909285187,0,0.1030681952834129
0,0.0008234888664446,0,0.0099232969805598,0,0.1709632575511932,0,0.1956270039081573
0,0.042317509651184,0,0.2259918600320816,0,0.2892448306083679,0,0.2104614526033401
0,0.0031570543069392,0,0.0481216758489608,0,0.0039544682949781,0,0.0183957517147064
0,0.0137577168643474,0,0.1181914359331131,0,0.0035139701794832,0,0.1258826702833175
0,0.001595213310793,0,0.2072221040725708,0,0.0106413252651691,0,0.0089698461815714
0,0.4980278015136719,0,0.2721411883831024,0,0.0653552263975143,0,0.1580422073602676
0,0.381866842508316,0,0.4008451998233795,0,0.3856518566608429,0,0.2546727359294891
0,0.3627115190029144,0,0.0979730561375618,0,0.0962618067860603,0,0.231921449303627
0,0.0004569830198306,0,0.0034043882042169,0,0.0013446508673951,0,0.0037734555080533
0,0.1536831706762313,0,0.1424373388290405,0,0.1814503073692321,0,0.3030998110771179
0,0.5283815860748291,0,0.1316031217575073,0,0.5369293093681335,0,0.3260349631309509
0,0.611078143119812,0,0.1247431859374046,0,0.5661699771881104,0,0.373022973537445
0,0.495889276266098,0,0.2722612619400024,0,0.3572690784931183,0,0.4724825322628021
0,0.3418798148632049,0,0.2395881563425064,0,0.0448927730321884,0,0.1323409229516983
0,0.0024785897694528,0,0.0559356957674026,0,0.0429283045232296,0,0.2749398052692413
0,0.0009381115669384,0,0.0155162373557686,0,0.0224806349724531,0,0.0649526566267013
0,0.0013043396174907,0,0.0066584898158907,0,0.0051328251138329,0,0.0162001736462116
0,0.0009294535266235,0,0.0089603643864393,0,0.0065182922407984,0,0.0235123634338378
0,0.0008724374347366,0,0.0055352486670017,0,0.0073733455501496,0,0.0059171859174966
0,0.4803835749626159,0,0.2822751104831695,0,0.2529320418834686,0,0.2896963059902191
0,0.2201897054910659,0,0.3659484982490539,0,0.0690929144620895,0,0.1294169425964355
0,0.1842121034860611,0,0.0482564456760883,0,0.0787333846092224,0,0.1787018775939941
0,0.2895590364933014,0,0.1319462954998016,0,0.0470841452479362,0,0.1441739797592163
0,0.4888347685337066,0,0.4330025315284729,0,0.3441106975078583,0,0.2182226330041885
0,0.3164401352405548,0,0.3157869577407837,0,0.237337052822113,0,0.3326222002506256
0,0.4168148338794708,0,0.5687281489372253,0,0.2557685673236847,0,0.4968055784702301
0,0.090141475200653,0,0.1127748489379882,0,0.1792403310537338,0,0.1605741828680038
0,0.0130470311269164,0,0.0574982687830925,0,0.078671894967556,0,0.1579696089029312
0,0.5966473817825317,0,0.3200326561927795,0,0.614112913608551,0,0.4652074575424194
0,0.000917428813409,0,0.0048147081397473,0,0.0475031584501266,0,0.0183789487928152
0,0.7509598135948181,0,0.2898531556129455,0,0.7610988616943359,0,0.7230598330497742
0,0.1059892550110817,0,0.118822805583477,0,0.0759652704000473,0,0.2388407289981842
0,0.0065325181931257,0,0.0189410559833049,0,0.0686030462384224,0,0.0565236434340477
0,0.0004501917574089,0,0.0040627121925354,0,0.0009833519579842,0,0.0019071600399911
0,0.0004542033129837,0,0.0055929715745151,0,0.0017180363647639,0,0.0026691036764532
0,0.0018631243146955,0,0.0130868731066584,0,0.0075153955258429,0,0.0241767782717943
0,0.000464387179818,0,0.004775813780725,0,0.0017747299280017,0,0.0039354315958917
0,0.0004927203408442,0,0.0045261946506798,0,0.0013329407665878,0,0.0021737792994827
0,0.0014655907871201,0,0.0277140252292156,0,0.0044077103957533,0,0.0210148394107818
0,0.0004880327032878,0,0.0044305394403636,0,0.0018423864385113,0,0.0037216464988887
0,0.0598355904221534,0,0.0596979968249797,0,0.0775169879198074,0,0.0804188400506973
0,0.4317272007465362,0,0.2813479006290436,0,0.1454871445894241,0,0.1384632289409637
0,0.14773029088974,0,0.2032619416713714,0,0.175030305981636,0,0.085749328136444
0,0.2263575792312622,0,0.4139341413974762,0,0.3421048521995544,0,0.1345604807138443
0,0.0004794050764758,0,0.0057572401128709,0,0.0012160235783085,0,0.0019741451833397
0,0.0007079201750457,0,0.0080144461244344,0,0.0029559852555394,0,0.0024668644182384
0,0.000536028528586,0,0.0069519709795713,0,0.0062260315753519,0,0.0024782714899629
0,0.0015470315702259,0,0.0297222062945365,0,0.0045062787830829,0,0.0086983162909746
0,0.0010458499891683,0,0.0115718469023704,0,0.0022176627535372,0,0.0024957910645753
0,0.0049338373355567,0,0.0149887613952159,0,0.0091681368649005,0,0.0344797782599926
0,0.4159159958362579,0,0.1706091910600662,0,0.2998604774475097,0,0.1427522152662277
0,0.56524258852005,0,0.1686068326234817,0,0.2526224553585052,0,0.1442865878343582
0,0.0154235884547233,0,0.014359837397933,0,0.0095610152930021,0,0.0475326627492904
0,0.0078204600140452,0,0.0621071420609951,0,0.0074483584612607,0,0.0304027646780014
0,0.4293245375156402,0,0.1452767848968505,0,0.282144695520401,0,0.2808218896389007
0,0.1003637984395027,0,0.0727444812655448,0,0.0143014136701822,0,0.067759484052658
0,0.2021304965019226,0,0.3618159592151642,0,0.0825244039297103,0,0.2162401676177978
0,0.0690755099058151,0,0.1528622955083847,0,0.0562392212450504,0,0.1423041224479675
0,0.0011183294700458,0,0.0088750040158629,0,0.0017194958636537,0,0.0032363447826355
0,0.0127529595047235,0,0.0178007967770099,0,0.00408072816208,0,0.0358471125364303
0,0.00116111128591,0,0.0185803100466728,0,0.0011016725329682,0,0.0053564831614494
0,0.6638731956481934,0,0.3157029151916504,0,0.1559403389692306,0,0.2660342156887054
0,0.6445352435112,0,0.6191757321357727,0,0.0939611122012138,0,0.4324178993701935
0,0.001296017318964,0,0.0376758389174938,0,0.0028964804951101,0,0.020265869796276
0,0.000689590582624,0,0.0030801848042756,0,0.0015214686281979,0,0.002632193500176
0,0.0006564792129211,0,0.0024588666856288,0,0.0011694768909364,0,0.0023683265317231
0,0.000496188935358,0,0.0052314959466457,0,0.0086241289973258,0,0.0030974536202847
0,0.0005515725933946,0,0.0028270413167774,0,0.0016935192979872,0,0.0026612556539475
0,0.0017162780277431,0,0.0420160889625549,0,0.0050518475472927,0,0.0800002589821815
0,0.0007030894048511,0,0.002338396385312,0,0.0011483194539323,0,0.0030492364894598
0,0.0006896355771459,0,0.00335044413805,0,0.001927116070874,0,0.0023886519484221
0,0.0006752669578418,0,0.0020646329503506,0,0.0009713071631267,0,0.0025174601469188
0,0.0419886410236358,0,0.1909007281064987,0,0.0665869265794754,0,0.0806387066841125
0,0.0007509942515753,0,0.0074615580961108,0,0.020953144878149,0,0.0054869609884917
0,0.0011668724473565,0,0.041500985622406,0,0.0041560879908502,0,0.0470161139965057
0,0.0006258108769543,0,0.0021242373622953,0,0.001338209491223,0,0.0023589693009853
0,0.0005294361035339,0,0.0026712601538747,0,0.0009603931684978,0,0.0026997711975127
0,0.0392065197229385,0,0.0965398102998733,0,0.1071876138448715,0,0.0530845522880554
0,0.0007515090401284,0,0.00785141158849,0,0.0069762580096721,0,0.0048653064295649
0,0.0009663564851507,0,0.0384004972875118,0,0.0014935859944671,0,0.0085000032559037
0,0.0265890043228864,0,0.0518808960914611,0,0.0674110203981399,0,0.0286324154585599
0,0.0127687836065888,0,0.0908353254199028,0,0.0048462557606399,0,0.1248355731368064
0,0.0004896969767287,0,0.0066670011729002,0,0.001794783398509,0,0.0051613193936645
0,0.0168792754411697,0,0.0206909701228141,0,0.0060117822140455,0,0.0380327738821506
0,0.0007584593258798,0,0.0141443666070699,0,0.0013285257155075,0,0.0096253305673599
0,0.0824023336172103,0,0.0867718607187271,0,0.0135187124833464,0,0.0718691051006317
0,0.1343125104904174,0,0.0750362053513526,0,0.0173634737730026,0,0.0889556258916854
0,0.0011075806105509,0,0.0043620630167424,0,0.0486066453158855,0,0.0063501587137579
0,0.2975910305976867,0,0.0168816819787025,0,0.0032015684992074,0,0.0081485025584697
0,0.0999346077442169,0,0.3135693669319153,0,0.1826794147491455,0,0.0603986270725727
0,0.0789722055196762,0,0.0526790767908096,0,0.0670792087912559,0,0.1447189748287201
0,0.015287104062736,0,0.0570155829191207,0,0.0316144824028015,0,0.0473448112607002
0,0.0039933705702424,0,0.1254627853631973,0,0.0058584860526025,0,0.0418031215667724
0,0.1068301871418953,0,0.1232476681470871,0,0.0414676293730735,0,0.0763104557991027
0,0.0202746484428644,0,0.0092153633013367,0,0.004154507536441,0,0.0082267979159951
0,0.0074395043775439,0,0.0169576033949852,0,0.007287967018783,0,0.0321418158710002
0,0.0322380624711513,0,0.0926840230822563,0,0.103701464831829,0,0.0653796717524528
0,0.0282554253935813,0,0.1298259794712066,0,0.0765327662229538,0,0.0507445484399795
0,0.0212088599801063,0,0.2099954336881637,0,0.0995116829872131,0,0.1217974424362182
0,0.0253907572478055,0,0.0601133145391941,0,0.0405232086777687,0,0.0677298083901405
0,0.2786798179149627,0,0.0054156458936631,0,0.0018507854547351,0,0.0065586050041019
0,0.0031126223038882,0,0.0083213914185762,0,0.0012885830365121,0,0.0044721127487719
0,0.0009483903995715,0,0.0069203968159854,0,0.0022190834861248,0,0.0046911439858376
0,0.1188117712736129,0,0.1497504711151123,0,0.0495738424360752,0,0.1043878123164177
0,0.0649562701582908,0,0.0998670980334281,0,0.0939584746956825,0,0.0894877612590789
1,0.6439520120620728,1,0.2552894353866577,1,0.0581277683377265,1,0.166588693857193
1,0.838398277759552,1,0.557900071144104,1,0.0657944008708,1,0.5577282905578613
1,0.4491173326969147,1,0.413231760263443,1,0.2306827902793884,1,0.5294663310050964
1,0.7922081351280212,1,0.4846415221691131,1,0.5595618486404419,1,0.3432952761650085
1,0.4363581240177154,1,0.5736543536186218,1,0.6609516739845276,1,0.660507321357727
1,0.9198658466339112,1,0.7912659049034119,1,0.95831036567688,1,0.8157767057418823
1,0.1489235907793045,1,0.0568447634577751,1,0.012532640248537,1,0.0831561461091041
1,0.7324278354644775,1,0.0482212640345096,1,0.0265678353607654,1,0.0690280944108963
1,0.8378781080245972,1,0.0609997808933258,1,0.1118014529347419,1,0.1980223059654235
1,0.8982345461845398,1,0.6764911413192749,1,0.9626120924949646,1,0.8747809529304504
1,0.8617293834686279,1,0.6474462747573853,1,0.610896110534668,1,0.5690232515335083
1,0.9156490564346312,1,0.8318929672241211,1,0.9467950463294984,1,0.7849599719047546
1,0.339978277683258,1,0.2017165273427963,1,0.0986419692635536,1,0.2793161571025848
1,0.3571982383728027,1,0.1659647822380066,1,0.724838376045227,1,0.2769498527050018
1,0.6776779294013977,1,0.4384104609489441,1,0.2073319554328918,1,0.5847667455673218
0,0.1877909004688263,0,0.1432021558284759,0,0.0748932659626007,0,0.1126103848218917
0,0.2801109254360199,0,0.2842652797698974,0,0.0670913308858871,0,0.1070597469806671
0,0.8152409195899963,0,0.4983172118663788,0,0.7936530709266663,0,0.6245099306106567
0,0.0006325747817754,0,0.0110323475673794,0,0.000915442360565,0,0.0026017248164862
0,0.1818396896123886,0,0.0852702781558036,0,0.0206814818084239,0,0.1023458763957023
0,0.4169510304927826,0,0.165637731552124,0,0.1182781606912612,0,0.3885075449943542
0,0.3262320756912231,0,0.1223601251840591,0,0.1959803849458694,0,0.0827536210417747
0,0.6732040047645569,0,0.5149904489517212,0,0.2759792804718017,0,0.3559648096561432
0,0.5907214283943176,0,0.1823564767837524,0,0.077370747923851,0,0.1679464280605316
0,0.1081379875540733,0,0.1128962263464927,0,0.0455350987613201,0,0.1203118935227394
0,0.5547744631767273,0,0.1917019486427307,0,0.2367371022701263,0,0.1661587059497833
0,0.1535767465829849,0,0.1919511407613754,0,0.1517525911331176,0,0.1944023072719574
0,0.8147979974746704,0,0.4374555349349975,0,0.6727679371833801,0,0.4405053257942199
0,0.0008408572757616,0,0.0210391134023666,0,0.014605214819312,0,0.148424744606018
0,0.0005545504973269,0,0.0061015137471258,0,0.0097181219607591,0,0.0119200535118579
0,0.0005589133943431,0,0.0058256485499441,0,0.0055297939106822,0,0.0040209386497735
0,0.0093286661431193,0,0.0144259240478277,0,0.0737046375870704,0,0.0129578774794936
0,0.0030974387191236,0,0.0247957743704319,0,0.0083645852282643,0,0.033714797347784
0,0.0296834036707878,0,0.3175505399703979,0,0.0927394181489944,0,0.109441190958023
0,0.0164871402084827,0,0.0759341493248939,0,0.3181212246417999,0,0.081508994102478
0,0.688856303691864,0,0.386868268251419,0,0.3957058489322662,0,0.1761523187160492
0,0.0013765143230557,0,0.0104348640888929,0,0.0023133875802159,0,0.011464575305581
0,0.0050012189894914,0,0.1666503101587295,0,0.1363057941198349,0,0.0901918187737464
0,0.1592328697443008,0,0.0935792475938797,0,0.1108072847127914,0,0.0797422900795936
0,0.4161952435970306,0,0.4397204220294952,0,0.1663386821746826,0,0.4346190392971039
0,0.0054454770870506,0,0.1814973354339599,0,0.0976462364196777,0,0.0752755403518676
0,0.0665599405765533,0,0.3777066767215729,0,0.1330799162387848,0,0.1288247108459472
0,0.054429467767477,0,0.1406289339065551,0,0.189113512635231,0,0.1488484442234039
0,0.0007496807374991,0,0.0095164021477103,0,0.0348833613097667,0,0.01708266697824
0,0.1962978839874267,0,0.147463858127594,0,0.223735898733139,0,0.1593165546655655
0,0.0007277507102116,0,0.0081410063430666,0,0.0500366389751434,0,0.0168591346591711
0,0.0008167758351191,0,0.0087374672293663,0,0.0702459216117858,0,0.021622272208333
0,0.0048543182201683,0,0.0408630557358264,0,0.0229202713817358,0,0.0636323243379592
0,0.0008283233037218,0,0.0094922436401247,0,0.0072995601221919,0,0.0170718617737293
0,0.0006818348774686,0,0.0103933699429035,0,0.0081623457372188,0,0.0294942520558834
0,0.0007759930449537,0,0.0056109856814146,0,0.0015597748570144,0,0.0028252701740711
0,0.1602591723203659,0,0.2612382173538208,0,0.0618573725223541,0,0.0898455530405044
0,0.1343351751565933,0,0.4077809453010559,0,0.1488515883684158,0,0.112930878996849
0,0.5722715258598328,0,0.430410087108612,0,0.2329337000846862,0,0.5242494940757751
0,0.0024467981420457,0,0.1794255971908569,0,0.005460191052407,0,0.0153510197997093
0,0.0005389903672039,0,0.0092868637293577,0,0.0014157021651044,0,0.0027656473685055
0,0.0534128509461879,0,0.1251218765974044,0,0.0656604096293449,0,0.1353361159563064
0,0.0005389333236962,0,0.0070258630439639,0,0.0012607073877006,0,0.0044317976571619
0,0.1852097362279892,0,0.3790473043918609,0,0.2641787528991699,0,0.232111170887947
0,0.013549224473536,0,0.0508804656565189,0,0.0336229167878627,0,0.0962343141436576
0,0.0017066255677491,0,0.0177895110100507,0,0.0014868234284222,0,0.0042973714880645
0,0.0838618427515029,0,0.0568768419325351,0,0.0790981501340866,0,0.0866526141762733
0,0.4309025704860687,0,0.3245524168014526,0,0.4026466906070709,0,0.4734075665473938
0,0.0222999677062034,0,0.0519491396844387,0,0.035106036812067,0,0.0854921117424964
0,0.5589932203292847,0,0.3974768817424774,0,0.2545130252838135,0,0.4384321868419647
0,0.5487703680992126,0,0.1317108273506164,0,0.5406839847564697,0,0.2846395373344421
0,0.7453263401985168,0,0.4650130271911621,0,0.4140104353427887,0,0.4574924409389496
0,0.7121973037719727,0,0.821912407875061,0,0.6288056373596191,0,0.6724570393562317
0,0.7706139087677002,0,0.452062040567398,0,0.3685222566127777,0,0.4139050245285034
0,0.4813265800476074,0,0.430364578962326,0,0.0592333897948265,0,0.3143639266490936
0,0.3463326394557953,0,0.246198296546936,0,0.0543221905827522,0,0.3659615516662597
0,0.2486932724714279,0,0.2856006026268005,0,0.0507500991225242,0,0.4604766368865967
0,0.0012634666636586,0,0.0046624927781522,0,0.0132900094613432,0,0.0129191828891634
0,0.606270432472229,0,0.2000171989202499,0,0.4030103981494903,0,0.368718147277832
0,0.6241134405136108,0,0.3011388182640075,0,0.3209350109100342,0,0.2102412730455398
0,0.6027318835258484,0,0.215529978275299,0,0.4599261581897735,0,0.4466218948364258
0,0.0845507904887199,0,0.1949594020843505,0,0.0615124106407165,0,0.1031427979469299
0,0.2376528829336166,0,0.4108045697212219,0,0.0670520067214965,0,0.1464384645223617
0,0.2354078441858291,0,0.174154445528984,0,0.1271533817052841,0,0.3356501162052154
0,0.7383890748023987,0,0.3193126320838928,0,0.5733094811439514,0,0.5703739523887634
0,0.6707457304000854,0,0.4002272188663482,0,0.5332900285720825,0,0.4997150599956512
0,0.674019992351532,0,0.2018733471632003,0,0.4797192513942718,0,0.5496447086334229
0,0.0011869921581819,0,0.023446962237358,0,0.0012148155365139,0,0.0082663698121905
0,0.0006400180282071,0,0.0031665824353694,0,0.0012813719222322,0,0.0032179264817386
0,0.1074096858501434,0,0.0925972536206245,0,0.0094717359170317,0,0.1040004268288612
0,0.106291763484478,0,0.1518053263425827,0,0.0231628529727458,0,0.1393822431564331
0,0.0009503649780526,0,0.0090778712183237,0,0.053015399724245,0,0.0061490801163017
0,0.0180886872112751,0,0.1168548390269279,0,0.0351480655372142,0,0.1661892980337143
0,0.0551965311169624,0,0.1035715341567993,0,0.0028748195618391,0,0.1055260151624679
0,0.0291096456348896,0,0.1253053545951843,0,0.0264752712100744,0,0.2369559407234192
0,0.0211769714951515,0,0.0992597937583923,0,0.0223953127861022,0,0.1465398967266082
0,0.0007227967726066,0,0.0248778853565454,0,0.0052862358279526,0,0.0444738678634166
0,0.0005403246032074,0,0.0770823583006858,0,0.0056884954683482,0,0.0177468191832304
0,0.2186124175786972,0,0.2584055066108703,0,0.145593911409378,0,0.2579387128353119
0,0.0687144473195076,0,0.1070816963911056,0,0.0503908470273017,0,0.3187122642993927
0,0.0357373170554637,0,0.148805633187294,0,0.1032331511378288,0,0.2304089218378067
0,0.0024316771887242,0,0.0125082330778241,0,0.0010799966985359,0,0.0220781341195106
0,0.2334791719913482,0,0.1113882139325141,0,0.0671331584453582,0,0.1065586283802986
0,0.0011628534412011,0,0.0196343045681715,0,0.001379428198561,0,0.0138640785589814
0,0.459174633026123,0,0.0441410765051841,0,0.0218086503446102,0,0.1421923339366912
0,0.044790294021368,0,0.0240922030061483,0,0.0613188482820987,0,0.0910246670246124
0,0.2684499025344848,0,0.0586387440562248,0,0.153832122683525,0,0.1132828518748283
0,0.0529054887592792,0,0.0211936719715595,0,0.0108614787459373,0,0.0670592412352562
0,0.076297141611576,0,0.1172855496406555,0,0.0838983580470085,0,0.2343995869159698
0,0.0009833781514316,0,0.0035249891225248,0,0.4343322515487671,0,0.0109716057777404
0,0.0011532338103279,0,0.0034804195165634,0,0.0292642340064048,0,0.0054200035519897
0,0.0011164485476911,0,0.0465864427387714,0,0.0409759990870952,0,0.0750702172517776
0,0.0032070090528577,0,0.0773522183299064,0,0.0706030577421188,0,0.1699139177799224
0,0.1017821431159973,0,0.3719808757305145,0,0.0901578143239021,0,0.145715445280075
0,0.0877282917499542,0,0.3651876747608185,0,0.14654041826725,0,0.148710235953331
0,0.3461886644363403,0,0.4391908347606659,0,0.0988387390971183,0,0.1844865530729293
0,0.0012901114532724,0,0.02677733451128,0,0.0366640612483024,0,0.0875065550208091
0,0.1834384053945541,0,0.2607969939708709,0,0.10429198294878,0,0.1358832716941833
0,0.200747549533844,0,0.234934851527214,0,0.0995916351675987,0,0.1162303835153579
0,0.1921909004449844,0,0.3775594234466553,0,0.1266108453273773,0,0.1235158294439315
0,0.0076674818992614,0,0.0599779225885868,0,0.0159692633897066,0,0.0834932178258895
0,0.1016011536121368,0,0.1628143042325973,0,0.1047723889350891,0,0.1135971918702125
0,0.0013874829746782,0,0.0160029809921979,0,0.0011525067966431,0,0.0079547362402081
0,0.8414105176925659,0,0.5707364678382874,0,0.7948775291442871,0,0.6802124381065369
0,0.0355706363916397,0,0.0787017941474914,0,0.0350782014429569,0,0.0624932050704956
0,0.0831955447793006,0,0.2207649797201156,0,0.0848145931959152,0,0.1007700562477111
0,0.0279911737889051,0,0.025970984250307,0,0.0656846612691879,0,0.0768048241734504
0,0.0241565834730863,0,0.059032242745161,0,0.0465780235826969,0,0.0873471945524215
0,0.0226053558290004,0,0.0738979205489158,0,0.0376957952976226,0,0.044418528676033
0,0.2032838612794876,0,0.1904240846633911,0,0.0482145138084888,0,0.1410675942897796
0,0.0007791199022904,0,0.0103384368121624,0,0.0008666866924613,0,0.0078253969550132
0,0.4394533038139343,0,0.3416421115398407,0,0.1689246445894241,0,0.3324620723724365
0,0.455817699432373,0,0.1544612348079681,0,0.3494115173816681,0,0.186341717839241
0,0.574173629283905,0,0.2377517372369766,0,0.3868023157119751,0,0.1526515632867813
0,0.0012020303402096,0,0.0371425971388816,0,0.0194200649857521,0,0.1658642590045929
0,0.0016862481134012,0,0.0169085543602705,0,0.0239594150334596,0,0.0600680708885192
0,0.810601532459259,0,0.7416040301322937,0,0.7528589367866516,0,0.4750650823116302
0,0.0014139155391603,0,0.0053859031759202,0,0.0060907574370503,0,0.0084695192053914
0,0.4352720975875854,0,0.3378241956233978,0,0.2606901228427887,0,0.0989201664924621
0,0.2251079976558685,0,0.0319567769765853,0,0.0727202445268631,0,0.0476750098168849
0,0.8429310321807861,0,0.7503643035888672,0,0.675045907497406,0,0.5728411674499512
0,0.0046699121594429,0,0.0146251078695058,0,0.0853166282176971,0,0.0210044141858816
0,0.4096684157848358,0,0.5327613949775696,0,0.1709693670272827,0,0.2830002009868622
0,0.8346849679946899,0,0.7244735360145569,0,0.7437863945960999,0,0.5755460858345032
0,0.0013538263738155,0,0.0137568116188049,0,0.0382862538099288,0,0.0091443769633769
0,0.4832650125026703,0,0.4946154057979584,0,0.1100730746984481,0,0.2281049042940139
0,0.0007051225984469,0,0.0031318513210862,0,0.0024212580174207,0,0.0043162694200873
0,0.0005699744215235,0,0.0044556371867656,0,0.0007990439771674,0,0.0039268163964152
0,0.0028891440015286,0,0.0523827224969863,0,0.0057650706730782,0,0.0107605727389454
0,0.0020068741869181,0,0.107678011059761,0,0.0146207455545663,0,0.0326130092144012
0,0.0006708943983539,0,0.0044713485985994,0,0.0008068974711932,0,0.0050807022489607
0,0.0006180754280649,0,0.004188033286482,0,0.0007399903261102,0,0.0057277642190456
0,0.0010124697582796,0,0.0047762850299477,0,0.0009942131582647,0,0.0063671562820672
0,0.0014487738953903,0,0.0832690298557281,0,0.0131512274965643,0,0.0097462832927703
0,0.0010608799057081,0,0.1004693508148193,0,0.0456874147057533,0,0.0074973707087337
0,0.0007656847592443,0,0.0070800245739519,0,0.0010907857213169,0,0.0052756178192794
0,0.0005689017125405,0,0.0045326962135732,0,0.0007993398467078,0,0.0043832976371049
0,0.0005327714025042,0,0.0034223836846649,0,0.0011986774625256,0,0.0108838574960827
0,0.0010485267266631,0,0.0580723211169242,0,0.002197939902544,0,0.010761709883809
0,0.0011150259524583,0,0.0325498841702938,0,0.0021679776255041,0,0.0087893391028046
0,0.0009938470320776,0,0.0159341283142566,0,0.0864217579364776,0,0.0213754884898662
0,0.4500085115432739,0,0.0361315570771694,0,0.1396399736404419,0,0.0419275909662246
0,0.3304003179073334,0,0.0259094182401895,0,0.1117417886853218,0,0.0296728778630495
0,0.0393034480512142,0,0.0240613892674446,0,0.0147325377911329,0,0.0694941952824592
0,0.734943687915802,0,0.6355282664299011,0,0.6060410141944885,0,0.6333975195884705
0,0.7581398487091064,0,0.3424499332904815,0,0.8468133807182312,0,0.6760411262512207
0,0.0349069163203239,0,0.0643613636493682,0,0.0365467183291912,0,0.0846785008907318
0,0.0208277720957994,0,0.1284884810447693,0,0.1455157548189163,0,0.1463179439306259
0,0.4471168518066406,0,0.2522087097167969,0,0.2713062763214111,0,0.2702902853488922
0,0.0263121109455823,0,0.039131112396717,0,0.3211653232574463,0,0.0961034595966339
0,0.0191623084247112,0,0.162662535905838,0,0.0823475494980812,0,0.0770818889141082
0,0.0046013025566935,0,0.0772691667079925,0,0.1757258623838424,0,0.1670756489038467
0,0.0004016950551886,0,0.0139803187921643,0,0.0045408536680042,0,0.0078536663204431
0,0.0006037703715264,0,0.00891306810081,0,0.0033860369585454,0,0.0085569992661476
0,0.0005862606340087,0,0.0161111708730459,0,0.0036283524241298,0,0.0073274760507047
0,0.236466035246849,0,0.2393877357244491,0,0.1300675421953201,0,0.0859507918357849
0,0.0032081140670925,0,0.2520087957382202,0,0.0085267201066017,0,0.0559926703572273
0,0.0167833101004362,0,0.1066964566707611,0,0.0224987231194973,0,0.1713188588619232
0,0.0723835229873657,0,0.031672328710556,0,0.3191514909267425,0,0.5477073192596436
0,0.7511461973190308,0,0.1508994549512863,0,0.5417459011077881,0,0.746972918510437
0,0.7377488017082214,0,0.3789641559123993,0,0.7079660296440125,0,0.8122014999389648
0,0.039482481777668,0,0.1608353108167648,0,0.10801362991333,0,0.1136258840560913
0,0.001256103394553,0,0.0060104802250862,0,0.0017002171371132,0,0.0047065429389476
0,0.0346914455294609,0,0.1870481669902801,0,0.1005462780594825,0,0.0958150997757911
0,0.0007017411990091,0,0.0051275491714477,0,0.0813479796051979,0,0.0082185305655002
0,0.0007546705892309,0,0.0071837278082966,0,0.0015921640442684,0,0.0038105803541839
0,0.0247522592544555,0,0.1695190817117691,0,0.1626876443624496,0,0.148564338684082
0,0.0005752383149228,0,0.0054104574955999,0,0.0979905202984809,0,0.0064032478258013
0,0.000602426182013,0,0.0051288264803588,0,0.0018048252677544,0,0.0033313580788671
0,0.5064760446548462,0,0.6383243203163147,0,0.4571775496006012,0,0.3130441606044769
0,0.1319111883640289,0,0.0795174390077591,0,0.0830360874533653,0,0.0723066255450248
0,0.0005881108227185,0,0.004669508896768,0,0.0015668075066059,0,0.0073993634432554
0,0.1372692435979843,0,0.130027025938034,0,0.0786887630820274,0,0.2844203412532806
0,0.0087069505825638,0,0.0239084474742412,0,0.0292239226400852,0,0.0506179071962833
0,0.4102920889854431,0,0.0516600422561168,0,0.040174800902605,0,0.2955541014671325
0,0.6218342185020447,0,0.2497012317180633,0,0.5664582848548889,0,0.3318665027618408
0,0.6638288497924805,0,0.3475967645645141,0,0.5803960561752319,0,0.5309179425239563
0,0.5811773538589478,0,0.0365525595843791,0,0.0846373960375785,0,0.0729661136865615
0,0.1308201402425766,0,0.2861844003200531,0,0.1655094921588897,0,0.1711805611848831
0,0.000361350539606,0,0.011146793141961,0,0.0016505834646522,0,0.004246522206813
0,0.11541698127985,0,0.1363758146762848,0,0.1370486915111541,0,0.1080317795276641
0,0.0004098834760952,0,0.0097435135394334,0,0.0141153838485479,0,0.0824931263923645
0,0.066616341471672,0,0.1969635039567947,0,0.0869526714086532,0,0.1214887425303459
0,0.0003620393399614,0,0.0113064963370561,0,0.0012997034937143,0,0.0030122431926429
0,0.0492340736091136,0,0.0801706686615943,0,0.0759294927120208,0,0.1126016676425933
0,0.0063948896713554,0,0.0297208316624164,0,0.0293020438402891,0,0.0441316701471805
0,0.3416866958141327,0,0.2927195429801941,0,0.3512721061706543,0,0.2086316049098968
0,0.3494702577590942,0,0.3434520065784454,0,0.0943945124745369,0,0.1882223635911941
0,0.5483191609382629,0,0.3905837535858154,0,0.1836120635271072,0,0.3256822824478149
0,0.8096961379051208,0,0.7947972416877747,0,0.8188658952713013,0,0.7816058993339539
0,0.0223008506000041,0,0.1148270666599273,0,0.1535964757204055,0,0.0660258680582046
0,0.0315771400928497,0,0.1573941707611084,0,0.0304380934685468,0,0.0498867183923721
0,0.3400191068649292,0,0.2860966324806213,0,0.0614120438694953,0,0.1098768636584281
0,0.0804408937692642,0,0.0800224170088768,0,0.0412558801472187,0,0.0397899411618709
0,0.3035133779048919,0,0.1165395602583885,0,0.0583247877657413,0,0.0830571502447128
0,0.0006571499397978,0,0.0031577341724187,0,0.0012089625233784,0,0.0063118427060544
0,0.1690902858972549,0,0.1764975488185882,0,0.0270944442600011,0,0.1703501641750335
0,0.00062951707514,0,0.0026918014045804,0,0.0012218689080327,0,0.0023614282254129
0,0.0519728027284145,0,0.0555757023394107,0,0.0046461396850645,0,0.058250855654478
0,0.0014647005591541,0,0.0523532181978225,0,0.0013000922044739,0,0.0056368336081504
0,0.0012185281375423,0,0.0070512741804122,0,0.0830475687980651,0,0.0296028926968574
0,0.1073800548911094,0,0.1914294213056564,0,0.0378613658249378,0,0.1436675041913986
0,0.0053160511888563,0,0.0315160602331161,0,0.0322751030325889,0,0.0674087554216384
0,0.0818401128053665,0,0.2591610550880432,0,0.0681755691766738,0,0.1058125868439674
0,0.0113466726616024,0,0.0998470857739448,0,0.0381761118769645,0,0.0794114023447036
0,0.0021354153286665,0,0.052903663367033,0,0.0027112010866403,0,0.0386959314346313
0,0.0006843036971986,0,0.0336707532405853,0,0.0012786448933184,0,0.002524894895032
0,0.0065238806419074,0,0.0730922371149063,0,0.002967334119603,0,0.0152564560994505
0,0.0006103287450969,0,0.0340204462409019,0,0.0011050727916881,0,0.0021030625794082
0,0.0257718358188867,0,0.0109866987913846,0,0.0042823133990168,0,0.0073549561202526
0,0.0398068651556968,0,0.039596352726221,0,0.0061494507826864,0,0.0517488047480583
0,0.1953781992197036,0,0.1887945681810379,0,0.0864360481500625,0,0.2111882418394088
0,0.0552309304475784,0,0.0177388321608304,0,0.0073582287877798,0,0.0443818792700767
0,0.3051943480968475,0,0.2175114601850509,0,0.0477298349142074,0,0.1834292262792587
0,0.2415428757667541,0,0.0414045117795467,0,0.0081011140719056,0,0.2026006877422332
0,0.2490338087081909,0,0.1720660924911499,0,0.0635567903518676,0,0.2507395446300506
0,0.7427418231964111,0,0.2536350786685943,0,0.6197087168693542,0,0.2720684707164764
0,0.0333598442375659,0,0.0373334847390651,0,0.0013015591539442,0,0.0635561719536781
0,0.0007925297250039,0,0.0049629020504653,0,0.0072739874012768,0,0.012549877166748
0,0.000589772069361,0,0.0045918971300125,0,0.0049127456732094,0,0.0041437949985265
0,0.0048119351267814,0,0.0231124088168144,0,0.0485915765166282,0,0.024333132430911
0,0.001700481865555,0,0.127769723534584,0,0.0033620940521359,0,0.0066808690316975
