fold_1_labels,fold_1_predictions,fold_2_labels,fold_2_predictions,fold_3_labels,fold_3_predictions,fold_4_labels,fold_4_predictions
1,0.0500668287277221,1,0.0499881170690059,1,0.0320409126579761,1,0.0507272742688655
1,0.1381007432937622,1,0.0723037496209144,1,0.0692975744605064,1,0.0765450894832611
1,0.1795174926519394,1,0.2111250013113021,1,0.1870307177305221,1,0.1256861686706543
1,0.3609971702098846,1,0.2890763580799103,1,0.4360452890396118,1,0.2449060380458831
1,0.2379943281412124,1,0.2490203827619552,1,0.3253678679466247,1,0.2139681428670883
1,0.3614912629127502,1,0.255393385887146,1,0.4277670979499817,1,0.2417349815368652
1,0.209864541888237,1,0.2115701138973236,1,0.2911467552185058,1,0.1897020637989044
1,0.202011376619339,1,0.2206297069787979,1,0.266470193862915,1,0.1753860563039779
1,0.1019811183214187,1,0.133212462067604,1,0.0777866393327713,1,0.0883605927228927
1,0.1335767656564712,1,0.1286143809556961,1,0.1599339693784713,1,0.0908385515213012
1,0.1531006693840026,1,0.1390596628189087,1,0.0754082798957824,1,0.0975759699940681
1,0.2173391729593277,1,0.1847909390926361,1,0.2546411454677582,1,0.1509388089179992
1,0.1172919273376464,1,0.1183446571230888,1,0.103503905236721,1,0.0768665969371795
1,0.0565949715673923,1,0.1545363962650299,1,0.0370735339820385,1,0.111868679523468
1,0.0501294583082199,1,0.0896474719047546,1,0.0686166360974311,1,0.080242820084095
1,0.0536462441086769,1,0.0834493786096572,1,0.0783996805548667,1,0.0786538869142532
1,0.194590151309967,1,0.2283219844102859,1,0.2648787796497345,1,0.1935677230358123
1,0.1866111904382705,1,0.1889973282814026,1,0.2143451869487762,1,0.180406853556633
1,0.1223643943667411,1,0.1839619576930999,1,0.1034987345337867,1,0.0927092358469963
1,0.1535379886627197,1,0.1161782518029213,1,0.1678904891014099,1,0.1144520565867424
1,0.2626034915447235,1,0.2072077840566635,1,0.241190955042839,1,0.1797648519277572
0,0.0910271182656288,0,0.1266888529062271,0,0.0794274434447288,0,0.0558654926717281
0,0.1009852588176727,0,0.1587584167718887,0,0.062480516731739,0,0.0811534076929092
0,0.0967644974589347,0,0.1837999075651168,0,0.233586236834526,0,0.1481317430734634
0,0.0931211486458778,0,0.1366711854934692,0,0.0967161059379577,0,0.0972664579749107
0,0.1151134744286537,0,0.1446217149496078,0,0.1559036374092102,0,0.0956139117479324
0,0.0987163409590721,0,0.1367417275905609,0,0.084023967385292,0,0.067484050989151
0,0.0968774706125259,0,0.1362752318382263,0,0.1815044581890106,0,0.136822760105133
0,0.0839784517884254,0,0.1342756301164627,0,0.0525703020393848,0,0.071561299264431
0,0.0408914238214492,0,0.1443182975053787,0,0.0716391652822494,0,0.0713286399841308
0,0.0518204495310783,0,0.0468070656061172,0,0.0627816468477249,0,0.0790766775608062
0,0.0578895956277847,0,0.0568546429276466,0,0.0602506324648857,0,0.06448645144701
0,0.0180396642535924,0,0.0372838042676448,0,0.0522240623831748,0,0.0516946837306022
0,0.073239542543888,0,0.1113262102007865,0,0.0614627264440059,0,0.075926698744297
0,0.0175280235707759,0,0.0288088377565145,0,0.0406854972243309,0,0.0474333278834819
0,0.0798494070768356,0,0.1385253220796585,0,0.0628958195447921,0,0.0962928608059883
0,0.1321357488632202,0,0.1426016688346862,0,0.0939277932047844,0,0.0982597097754478
0,0.0201498139649629,0,0.0232699792832136,0,0.0060164285823702,0,0.0319290347397327
0,0.0085242334753274,0,0.0209228042513132,0,0.0233301501721143,0,0.0254294071346521
0,0.0600886568427085,0,0.1531599164009094,0,0.0582250580191612,0,0.111445240676403
0,0.0105288373306393,0,0.0293060597032308,0,0.0642341673374176,0,0.0510119646787643
0,0.0845526754856109,0,0.1571035534143448,0,0.0166914965957403,0,0.1128690168261528
0,0.1467336118221283,0,0.209766075015068,0,0.0773690193891525,0,0.12403155118227
0,0.1182295233011245,0,0.1191763281822204,0,0.0922693163156509,0,0.1285518556833267
0,0.1244530901312828,0,0.1534747928380966,0,0.1571695208549499,0,0.0911042466759681
0,0.0965399667620658,0,0.0904675796627998,0,0.1075103655457496,0,0.112949751317501
0,0.0840553119778633,0,0.1002222597599029,0,0.0537418164312839,0,0.0921054705977439
0,0.0862398371100425,0,0.1419727355241775,0,0.0884799137711525,0,0.1162856668233871
0,0.0798852890729904,0,0.1370121389627456,0,0.054010447114706,0,0.0831416547298431
0,0.102843664586544,0,0.1249135136604309,0,0.1193953976035118,0,0.1141831651329994
0,0.0892374739050865,0,0.1734823435544967,0,0.0790752992033958,0,0.1435258537530899
0,0.1053490713238716,0,0.1625866591930389,0,0.0689786523580551,0,0.1216189786791801
0,0.0950628370046615,0,0.1852674037218094,0,0.0848375260829925,0,0.123486503958702
0,0.0808215215802192,0,0.1220612004399299,0,0.0735550224781036,0,0.1074986234307289
0,0.0755617842078208,0,0.1577813476324081,0,0.081696979701519,0,0.0988061502575874
0,0.1174338236451149,0,0.1474677771329879,0,0.0912882760167121,0,0.138337105512619
0,0.1144778579473495,0,0.171394944190979,0,0.0840823352336883,0,0.1142641678452491
0,0.1246756836771965,0,0.1770809888839721,0,0.1766152083873748,0,0.1258513182401657
0,0.0764329209923744,0,0.0369425490498542,0,0.0519047193229198,0,0.0536046102643013
0,0.1451483070850372,0,0.208553746342659,0,0.2925952970981598,0,0.1602894961833953
0,0.1646061986684799,0,0.1865873485803604,0,0.0940951406955719,0,0.184355691075325
0,0.0805580094456672,0,0.1154242381453514,0,0.0590764284133911,0,0.0828909054398536
0,0.1018049567937851,0,0.1567833125591278,0,0.0650501698255539,0,0.0933153256773948
0,0.0114019885659217,0,0.0498046912252903,0,0.0334436781704425,0,0.0443433560431003
0,0.0759101584553718,0,0.1317176967859268,0,0.0765514150261879,0,0.0760412141680717
0,0.1747431755065918,0,0.2233073860406875,0,0.0651327446103096,0,0.1311680525541305
0,0.0901128351688385,0,0.1791739463806152,0,0.0738397017121315,0,0.0970717743039131
0,0.1188149899244308,0,0.1473491787910461,0,0.0836867615580558,0,0.0936206355690956
0,0.2297296822071075,0,0.2530988454818725,0,0.2815617024898529,0,0.206423208117485
0,0.0783720687031745,0,0.1401155292987823,0,0.0737378522753715,0,0.0880738720297813
0,0.1359234154224395,0,0.143716424703598,0,0.1153056621551513,0,0.0960430577397346
0,0.0914874374866485,0,0.107446052134037,0,0.0857786163687706,0,0.1160240545868873
0,0.1947920769453048,0,0.253486692905426,0,0.2014029324054718,0,0.1740355938673019
0,0.0537429675459861,0,0.0563239753246307,0,0.03837476298213,0,0.0566261447966098
0,0.0584538541734218,0,0.0594070777297019,0,0.0457235947251319,0,0.0565286241471767
0,0.0625979304313659,0,0.0489125400781631,0,0.0382018387317657,0,0.0663492605090141
0,0.0628024116158485,0,0.0396729074418544,0,0.0514434017241001,0,0.0427871942520141
0,0.0957081317901611,0,0.0502216555178165,0,0.0240023117512464,0,0.0562000051140785
0,0.0442849732935428,0,0.0436171554028987,0,0.0309010185301303,0,0.0402811951935291
0,0.0308440886437892,0,0.03859668597579,0,0.0447528660297393,0,0.0582415983080863
0,0.0841990262269973,0,0.0697451308369636,0,0.0410086549818515,0,0.0534389168024063
0,0.0845543891191482,0,0.1194802224636077,0,0.0852957367897033,0,0.1105607002973556
0,0.101523071527481,0,0.1564740091562271,0,0.062041275203228,0,0.1089252829551696
0,0.0620015859603881,0,0.0550200119614601,0,0.0691829919815063,0,0.0722687318921089
0,0.0305196400731802,0,0.0199770275503397,0,0.0061824019066989,0,0.0286179650574922
0,0.0780490785837173,0,0.0467919297516346,0,0.0065575609914958,0,0.0579153671860694
0,0.0501236692070961,0,0.0562837645411491,0,0.0292692594230175,0,0.0621873438358306
0,0.0615692250430583,0,0.0810469985008239,0,0.0743960887193679,0,0.0604460090398788
0,0.0334992073476314,0,0.0901103913784027,0,0.024350244551897,0,0.0649806782603263
0,0.124000646173954,0,0.1522900909185409,0,0.1469181776046753,0,0.1252179741859436
0,0.1094056218862533,0,0.1804647147655487,0,0.2796593904495239,0,0.1222448199987411
0,0.0879898443818092,0,0.1077876463532447,0,0.139496698975563,0,0.1269120573997497
0,0.1090864464640617,0,0.0921268984675407,0,0.1382987201213836,0,0.1160120293498039
0,0.1519507616758346,0,0.2108551263809204,0,0.1457949131727218,0,0.1748393923044204
0,0.0679738819599151,0,0.0802979096770286,0,0.0889877453446388,0,0.0965535119175911
0,0.3670764863491058,0,0.3177379071712494,0,0.4346417784690857,0,0.2712746858596802
0,0.0722400397062301,0,0.0386949963867664,0,0.0390724278986454,0,0.0845775008201599
0,0.1189482063055038,0,0.1529405415058136,0,0.0479728505015373,0,0.1270776987075805
0,0.1409732103347778,0,0.1075398027896881,0,0.1603851318359375,0,0.0953580737113952
0,0.0763217657804489,0,0.0636357590556144,0,0.109051764011383,0,0.0954289436340332
0,0.065229408442974,0,0.0702625513076782,0,0.0831779316067695,0,0.0906371772289276
0,0.1250671595335006,0,0.1377792060375213,0,0.2068131119012832,0,0.1322226971387863
0,0.0706706419587135,0,0.1005808487534523,0,0.0597490966320037,0,0.0856056213378906
0,0.1640043705701828,0,0.2049379348754882,0,0.1258683055639267,0,0.173083022236824
0,0.1185429021716117,0,0.1293499767780304,0,0.1714759767055511,0,0.0959063693881034
0,0.0622378587722778,0,0.1034773141145706,0,0.089540809392929,0,0.0967369750142097
0,0.0857083052396774,0,0.0939635708928108,0,0.0939678698778152,0,0.0939959436655044
0,0.092296302318573,0,0.2042389065027237,0,0.1174787431955337,0,0.1721145659685135
0,0.0899158790707588,0,0.1791065037250518,0,0.0581585466861724,0,0.0713985040783882
0,0.2441988885402679,0,0.2452702969312667,0,0.2323603928089141,0,0.1826289147138595
0,0.0577220320701599,0,0.1084175407886505,0,0.0572044514119625,0,0.0467961728572845
0,0.1046896800398826,0,0.1621079742908477,0,0.0999979078769683,0,0.1214929744601249
0,0.1189847812056541,0,0.1466022878885269,0,0.1015173569321632,0,0.0877823680639267
0,0.1200405284762382,0,0.1364360749721527,0,0.077398382127285,0,0.08806973695755
0,0.0854021608829498,0,0.0816567465662956,0,0.1064098998904228,0,0.0771041959524154
0,0.0784367248415947,0,0.0887210667133331,0,0.0274304244667291,0,0.0703397765755653
0,0.0710315778851509,0,0.0399514511227607,0,0.0689009204506874,0,0.0605746917426586
0,0.0662867203354835,0,0.0462856069207191,0,0.0794101804494857,0,0.066913716495037
0,0.0798086747527122,0,0.091035671532154,0,0.0931539386510849,0,0.0624381229281425
0,0.0985544174909591,0,0.1495482325553894,0,0.1985456943511963,0,0.0676871687173843
0,0.1029563769698143,0,0.1642805337905883,0,0.0675634145736694,0,0.1426888704299926
0,0.1229812502861023,0,0.2212674468755722,0,0.1270001232624054,0,0.0914451777935028
0,0.055345632135868,0,0.1284446120262146,0,0.1153833046555519,0,0.1020254120230674
0,0.0637020617723465,0,0.0885071605443954,0,0.073714293539524,0,0.1049260199069976
0,0.1193232834339141,0,0.2093784213066101,0,0.1840131729841232,0,0.1049399599432945
0,0.1232099831104278,0,0.1511619240045547,0,0.0883913785219192,0,0.1198357790708541
0,0.1531537622213363,0,0.1958429515361786,0,0.1205773428082466,0,0.1614314615726471
0,0.1608926504850387,0,0.2002921402454376,0,0.1330488622188568,0,0.1650356948375702
0,0.1320964097976684,0,0.1442046165466308,0,0.1169058978557586,0,0.1511420011520385
0,0.0981518104672432,0,0.1457101851701736,0,0.0384597294032573,0,0.0970785394310951
0,0.0245005134493112,0,0.0476287566125392,0,0.0594367645680904,0,0.0417563319206237
0,0.019444515928626,0,0.029219314455986,0,0.0555031411349773,0,0.0406936332583427
0,0.0414254777133464,0,0.0261472985148429,0,0.0484235621988773,0,0.0436606295406818
0,0.0278999712318182,0,0.0238787811249494,0,0.0547306910157203,0,0.0396345108747482
0,0.0276786293834447,0,0.025241969153285,0,0.011597542092204,0,0.0350641384720802
0,0.0232033543288707,0,0.1436669677495956,0,0.0698940083384513,0,0.0800030827522277
0,0.180134117603302,0,0.1873606294393539,0,0.1897375285625457,0,0.1260819137096405
0,0.1502921432256698,0,0.18954698741436,0,0.1235387921333313,0,0.099228486418724
0,0.1625618040561676,0,0.0564815551042556,0,0.0449247881770134,0,0.0647958517074585
0,0.1420409232378006,0,0.1471292078495025,0,0.0791231989860534,0,0.0747166648507118
0,0.3828511238098144,0,0.2936130166053772,0,0.4128035008907318,0,0.2545683085918426
0,0.0967641845345497,0,0.1105976775288581,0,0.0226913727819919,0,0.0589513294398784
0,0.0506243743002414,0,0.0484835617244243,0,0.0648430362343788,0,0.0517880097031593
0,0.0738318040966987,0,0.0450223572552204,0,0.0426546484231948,0,0.0492847673594951
0,0.0278192739933729,0,0.0316338539123535,0,0.0374892242252826,0,0.0325290560722351
0,0.146741971373558,0,0.1716755032539367,0,0.2616122961044311,0,0.1035442277789115
0,0.0412918701767921,0,0.0267445594072341,0,0.0259819626808166,0,0.0424135588109493
0,0.0250330306589603,0,0.0202199164777994,0,0.0061784042045474,0,0.0335007607936859
0,0.0226853787899017,0,0.0195701755583286,0,0.0294817071408033,0,0.0338265374302864
0,0.0247859694063663,0,0.060681439936161,0,0.0317649096250534,0,0.0376663655042648
0,0.2048349678516388,0,0.2495138645172119,0,0.200000375509262,0,0.124768242239952
0,0.0336291901767253,0,0.0311212949454784,0,0.0314356610178947,0,0.0472237579524517
0,0.1276893615722656,0,0.1488010585308075,0,0.1102609112858772,0,0.1463610678911209
0,0.2111181169748306,0,0.2196898162364959,0,0.1508942693471908,0,0.1845418363809585
0,0.1984345316886901,0,0.2488735318183899,0,0.2011198252439499,0,0.1940585374832153
0,0.0683829113841056,0,0.1155617609620094,0,0.0591843090951442,0,0.0896456241607666
0,0.1754418015480041,0,0.1642839461565017,0,0.1879186928272247,0,0.1732869744300842
0,0.1303478181362152,0,0.1790477335453033,0,0.0806848034262657,0,0.1462287902832031
0,0.1782780289649963,0,0.2002599835395813,0,0.1836874037981033,0,0.1818064600229263
0,0.09481792896986,0,0.1585375070571899,0,0.0787765234708786,0,0.0775920897722244
0,0.1072765588760376,0,0.1453885734081268,0,0.1114891618490219,0,0.0687784776091575
0,0.1599264591932296,0,0.1262273639440536,0,0.1249601989984512,0,0.1060367748141288
0,0.0726410523056984,0,0.1171821132302284,0,0.0758764147758483,0,0.0616384968161582
0,0.0727241709828376,0,0.0934991091489791,0,0.0766856893897056,0,0.0748631730675697
0,0.2241972684860229,0,0.2386513948440551,0,0.134193554520607,0,0.1611204892396927
0,0.1955796480178833,0,0.0975558012723922,0,0.1519134491682052,0,0.111165627837181
0,0.079452283680439,0,0.0696387737989425,0,0.0652456060051918,0,0.0758232995867729
0,0.1697288453578949,0,0.1982637494802475,0,0.0810282155871391,0,0.1364306062459945
0,0.0305947624146938,0,0.0374583750963211,0,0.0457556582987308,0,0.04437205940485
0,0.0608096197247505,0,0.0417911186814308,0,0.0323577895760536,0,0.0585563145577907
0,0.0607631802558898,0,0.0705236047506332,0,0.035243347287178,0,0.0494954474270343
0,0.0856041461229324,0,0.1085412725806236,0,0.0472248941659927,0,0.0657177120447158
0,0.3083005249500274,0,0.2872072160243988,0,0.379711776971817,0,0.2102002948522567
0,0.3415259122848511,0,0.2774036228656769,0,0.3821496367454529,0,0.2105390131473541
0,0.344557911157608,0,0.3026596307754516,0,0.4057108163833618,0,0.2046073824167251
0,0.0397993139922618,0,0.0392944328486919,0,0.1759378612041473,0,0.0484077036380767
0,0.044599812477827,0,0.0356916449964046,0,0.0095785921439528,0,0.0500607751309871
0,0.0318209454417228,0,0.0378874726593494,0,0.0389035381376743,0,0.0436649061739444
0,0.1289553493261337,0,0.1037380918860435,0,0.1759908497333526,0,0.1048410162329673
0,0.1090620756149292,0,0.1615300178527832,0,0.1504202634096145,0,0.0698555335402488
0,0.0313815474510192,0,0.0428874157369136,0,0.0171974506229162,0,0.0401420816779136
0,0.0741327106952667,0,0.1005070507526397,0,0.0396405532956123,0,0.0515936166048049
0,0.094748742878437,0,0.0982098430395126,0,0.046967901289463,0,0.0689068511128425
0,0.0472891069948673,0,0.0400446467101573,0,0.0339803621172905,0,0.0299970973283052
0,0.0121182864531874,0,0.0360002741217613,0,0.0041136178188025,0,0.046788390725851
0,0.1311848163604736,0,0.1453724652528762,0,0.120814099907875,0,0.087157167494297
0,0.0105210216715931,0,0.0533936768770217,0,0.0087961042299866,0,0.0279039237648248
0,0.0182243958115577,0,0.0273747034370899,0,0.0079540712758898,0,0.0409833826124668
0,0.0808552503585815,0,0.1107229143381118,0,0.0349407643079757,0,0.0602308735251426
0,0.1971708238124847,0,0.1639779955148697,0,0.1105964854359626,0,0.1503781825304031
0,0.0430380478501319,0,0.1157140433788299,0,0.0149255599826574,0,0.0406023897230625
0,0.1760117560625076,0,0.2077578902244568,0,0.1167554482817649,0,0.1366768926382064
0,0.1694503128528595,0,0.1864376366138458,0,0.1867641657590866,0,0.1467963755130767
0,0.1635260134935379,0,0.1749816238880157,0,0.2415139973163604,0,0.1590958535671234
0,0.1750630885362625,0,0.2256507277488708,0,0.2669841945171356,0,0.1490738987922668
0,0.0704593732953071,0,0.036525335162878,0,0.0395409800112247,0,0.0568309128284454
0,0.1190703064203262,0,0.161440297961235,0,0.1285462826490402,0,0.1237251386046409
0,0.1065225377678871,0,0.1558386534452438,0,0.1825816631317138,0,0.132921889424324
0,0.0406228899955749,0,0.0274464059621095,0,0.0449538193643093,0,0.0544821433722972
0,0.0714143887162208,0,0.0532648004591465,0,0.0908064246177673,0,0.1019392535090446
0,0.0469935908913612,0,0.059798240661621,0,0.05142617598176,0,0.0710188448429107
0,0.1958098262548446,0,0.2175140082836151,0,0.1197263970971107,0,0.1532617807388305
0,0.1727846711874008,0,0.201821431517601,0,0.1231632977724075,0,0.1237601563334465
0,0.1352034509181976,0,0.1577630192041397,0,0.2539611458778381,0,0.109656773507595
0,0.036807931959629,0,0.0416533201932907,0,0.0281646233052015,0,0.065249428153038
0,0.0972384065389633,0,0.0868829265236854,0,0.0842895880341529,0,0.0888088718056678
0,0.041575763374567,0,0.0361290834844112,0,0.0555880777537822,0,0.0437902472913265
0,0.0209549460560083,0,0.0495131388306617,0,0.0629225671291351,0,0.0565074682235717
0,0.0574162527918815,0,0.076341725885868,0,0.0809246450662612,0,0.0585399679839611
0,0.1152104586362838,0,0.1574632972478866,0,0.057500809431076,0,0.097624585032463
0,0.0847679004073143,0,0.1166315004229545,0,0.0785848349332809,0,0.069327488541603
0,0.2140614241361618,0,0.1996866017580032,0,0.137589693069458,0,0.1574165672063827
0,0.0983550772070884,0,0.0954548493027687,0,0.0880548432469368,0,0.0947516858577728
0,0.0967921987175941,0,0.1110375821590423,0,0.0814014226198196,0,0.0839578583836555
0,0.0176637656986713,0,0.0852460488677024,0,0.0378405600786209,0,0.0707362443208694
0,0.0897312313318252,0,0.101765751838684,0,0.0781498700380325,0,0.0978366136550903
0,0.0443751327693462,0,0.0957900807261467,0,0.0297448076307773,0,0.0815173462033271
0,0.2008605450391769,0,0.2323522865772247,0,0.2410291284322738,0,0.1966619789600372
0,0.177349641919136,0,0.2168512493371963,0,0.196122869849205,0,0.1498049795627594
0,0.1807958632707595,0,0.2405340522527694,0,0.2410051971673965,0,0.1261179745197296
0,0.2277683913707733,0,0.1978920102119445,0,0.2118799835443496,0,0.1460782587528228
0,0.101895734667778,0,0.1908177584409713,0,0.1228552162647247,0,0.1718959510326385
0,0.166883647441864,0,0.2314363569021225,0,0.1532656699419021,0,0.1757281571626663
0,0.1401168704032898,0,0.255772054195404,0,0.1323799937963485,0,0.2169861048460006
0,0.0671132132411003,0,0.0918072611093521,0,0.0493561886250972,0,0.0760099813342094
0,0.0755887702107429,0,0.0683710873126983,0,0.0545213185250759,0,0.0794511511921882
0,0.0527038685977458,0,0.0915863811969757,0,0.0265259500592947,0,0.0927916690707206
0,0.2446108162403106,0,0.2509519159793854,0,0.4426037669181824,0,0.1691839694976806
0,0.226711243391037,0,0.2447219938039779,0,0.4001210331916809,0,0.1914788633584976
0,0.0519503057003021,0,0.0555138625204563,0,0.0762603357434272,0,0.0989921689033508
0,0.0439127646386623,0,0.0476055108010768,0,0.0530496276915073,0,0.0496140494942665
0,0.2055391371250152,0,0.271069198846817,0,0.2110337018966674,0,0.1845020651817321
0,0.028057599440217,0,0.0439045988023281,0,0.0650397315621376,0,0.0482095144689083
0,0.0466216318309307,0,0.0602352730929851,0,0.0588641054928302,0,0.0685225054621696
0,0.0297559704631567,0,0.040838535875082,0,0.0336693488061428,0,0.0410467647016048
0,0.027439460158348,0,0.0424980297684669,0,0.0649377554655075,0,0.0482824631035327
0,0.0634663179516792,0,0.0408873185515403,0,0.0465193800628185,0,0.0457911118865013
0,0.0272117424756288,0,0.0351302698254585,0,0.0637565106153488,0,0.0423713997006416
0,0.0430425852537155,0,0.0529735200107097,0,0.0749307200312614,0,0.0622600018978118
0,0.0478393584489822,0,0.0279812067747116,0,0.0381080098450183,0,0.0369317978620529
0,0.1725610047578811,0,0.2048540115356445,0,0.1194544434547424,0,0.1350778043270111
0,0.1630530655384063,0,0.2137913405895233,0,0.1200615763664245,0,0.1991307288408279
0,0.0435022786259651,0,0.0221517011523246,0,0.0295817572623491,0,0.0367168188095092
0,0.3602147698402405,0,0.2961267530918121,0,0.4140077233314514,0,0.2276406288146972
0,0.3281743228435516,0,0.2937335073947906,0,0.394586980342865,0,0.2375855594873428
0,0.3288675248622894,0,0.2625869214534759,0,0.4178243279457092,0,0.2174798399209976
1,0.19769948720932,1,0.2113997787237167,1,0.116862878203392,1,0.1629378795623779
1,0.1222890764474868,1,0.156268760561943,1,0.1338360607624054,1,0.094485267996788
1,0.1711315363645553,1,0.2434191405773162,1,0.2660770714282989,1,0.1727137714624405
1,0.1233140677213668,1,0.2102383375167846,1,0.1098222658038139,1,0.1392545402050018
1,0.141834944486618,1,0.2089883387088775,1,0.1817405521869659,1,0.1607750356197357
1,0.3723310530185699,1,0.3237570822238922,1,0.4447529315948486,1,0.2640271484851837
1,0.2791000008583069,1,0.276631623506546,1,0.414517730474472,1,0.2358039319515228
1,0.1254291534423828,1,0.1323728114366531,1,0.1360238641500473,1,0.114003486931324
1,0.0632374286651611,1,0.1777223497629165,1,0.1067455559968948,1,0.1282855570316314
1,0.094169445335865,1,0.1010599210858345,1,0.1181453093886375,1,0.1013963520526886
1,0.0833400413393974,1,0.1875409185886383,1,0.0833311602473259,1,0.0845783948898315
1,0.1128251999616622,1,0.1432327330112457,1,0.0558792725205421,1,0.1069515496492385
1,0.3549768924713135,1,0.2971311807632446,1,0.4538316428661346,1,0.2472636103630066
1,0.1301302462816238,1,0.1758440285921096,1,0.0774803459644317,1,0.1703846901655197
1,0.322573721408844,1,0.2718994915485382,1,0.3484750092029571,1,0.2031089961528778
1,0.1219344288110733,1,0.166879266500473,1,0.090285412967205,1,0.1499517261981964
1,0.1186565235257148,1,0.1708220690488815,1,0.0766403079032898,1,0.1112020090222358
1,0.1367619633674621,1,0.1922390758991241,1,0.1514273285865783,1,0.1455259323120117
1,0.0821973383426666,1,0.102013312280178,1,0.0997808128595352,1,0.1027471125125885
1,0.1223272234201431,1,0.1781758666038513,1,0.1300104111433029,1,0.1290510445833206
1,0.1428822129964828,1,0.1381773948669433,1,0.1554126590490341,1,0.1421177238225937
1,0.1007430031895637,1,0.1350171416997909,1,0.1407520174980163,1,0.114027090370655
1,0.1203264817595481,1,0.156803086400032,1,0.1502765715122223,1,0.1507317721843719
1,0.0735452398657798,1,0.1114216521382331,1,0.0660972595214843,1,0.0995350033044815
1,0.0900829508900642,1,0.118033543229103,1,0.0697924494743347,1,0.0988256782293319
1,0.067042127251625,1,0.1105666309595108,1,0.0660226047039032,1,0.0830506682395935
0,0.1714282929897308,0,0.1833187937736511,0,0.1493539959192276,0,0.1380969434976577
0,0.1340706348419189,0,0.2316063493490219,0,0.2138136178255081,0,0.1654738336801529
0,0.1373995095491409,0,0.1968035101890564,0,0.2818973362445831,0,0.1691386848688125
0,0.132722333073616,0,0.1900926381349563,0,0.2277710139751434,0,0.1244363114237785
0,0.1117590367794036,0,0.1707919389009475,0,0.0795954242348671,0,0.0899406820535659
0,0.2242624759674072,0,0.2280164361000061,0,0.3220030069351196,0,0.1828963905572891
0,0.0877327993512153,0,0.1298356801271438,0,0.2990809082984924,0,0.1490634083747863
0,0.0510350838303566,0,0.0615886375308036,0,0.0497222356498241,0,0.0378500595688819
0,0.214410051703453,0,0.2162813693284988,0,0.2509161829948425,0,0.1826454550027847
0,0.1610899865627288,0,0.1904824674129486,0,0.3085967898368835,0,0.1858134120702743
0,0.1477589607238769,0,0.1640666425228119,0,0.1259171515703201,0,0.1372313946485519
0,0.0185601226985454,0,0.035786684602499,0,0.0554728433489799,0,0.0447644665837287
0,0.0533858202397823,0,0.0618118569254875,0,0.0887917131185531,0,0.0573838613927364
0,0.4046807587146759,0,0.3020402789115906,0,0.3506775498390198,0,0.241809457540512
0,0.0457412116229534,0,0.135654792189598,0,0.0583465471863746,0,0.0723340883851051
0,0.0607940778136253,0,0.0766881108283996,0,0.0452076233923435,0,0.076827123761177
0,0.132800817489624,0,0.1484620571136474,0,0.2262856662273407,0,0.1194344013929367
0,0.0572393573820591,0,0.1491388380527496,0,0.023569481447339,0,0.09345393627882
0,0.0862978845834732,0,0.0722260028123855,0,0.0528695434331893,0,0.0873389840126037
0,0.1727898567914962,0,0.2733910083770752,0,0.3823695778846741,0,0.1956424564123153
0,0.4075346291065216,0,0.3015995025634765,0,0.3296940922737121,0,0.2660344839096069
0,0.1751698553562164,0,0.226372018456459,0,0.337752491235733,0,0.1518971920013427
0,0.1497786790132522,0,0.1494284272193908,0,0.0937692821025848,0,0.1220700964331626
0,0.0961136370897293,0,0.1072238907217979,0,0.0751816257834434,0,0.060890257358551
0,0.0537702925503253,0,0.0490415506064891,0,0.0846432149410247,0,0.061225052922964
0,0.0462140068411827,0,0.0412693656980991,0,0.0613523088395595,0,0.0660042166709899
0,0.09302619099617,0,0.113064594566822,0,0.0767706334590911,0,0.0653442740440368
0,0.0695091858506202,0,0.0544286109507083,0,0.0925975367426872,0,0.0586338192224502
0,0.0592078380286693,0,0.0477445237338542,0,0.0874005630612373,0,0.0596551895141601
0,0.045995756983757,0,0.0368983782827854,0,0.0669689923524856,0,0.0445337705314159
0,0.2564342319965362,0,0.245526522397995,0,0.299048513174057,0,0.2135091722011566
0,0.2387071400880813,0,0.2413877546787262,0,0.342068463563919,0,0.1834987848997116
0,0.1198345050215721,0,0.1709859371185302,0,0.2012987434864044,0,0.1094376444816589
0,0.054259568452835,0,0.0458215773105621,0,0.0986890718340873,0,0.0698522925376892
0,0.1244471818208694,0,0.1412224173545837,0,0.2068899869918823,0,0.1062621846795082
0,0.0707860514521598,0,0.0526275224983692,0,0.0779793709516525,0,0.0779698267579078
0,0.0565025843679904,0,0.0823016539216041,0,0.0621762461960315,0,0.072152554988861
0,0.035679142922163,0,0.0729566738009452,0,0.0585526898503303,0,0.0441680513322353
0,0.0533157289028167,0,0.04606419429183,0,0.0491037219762802,0,0.0538978576660156
0,0.0195015426725149,0,0.0348798520863056,0,0.0444557219743728,0,0.0450557470321655
0,0.1696206331253051,0,0.1668893694877624,0,0.2793120741844177,0,0.143934354186058
0,0.0230793859809637,0,0.0350069776177406,0,0.0431807897984981,0,0.0468038953840732
0,0.0787446573376655,0,0.0810808688402175,0,0.0577286146581172,0,0.0578039363026618
0,0.0346976183354854,0,0.0883383527398109,0,0.0090231904760003,0,0.057178147137165
0,0.0619780197739601,0,0.0249493215233087,0,0.0316627360880374,0,0.0294202640652656
0,0.0426495224237442,0,0.0673633590340614,0,0.013554629869759,0,0.0585169121623039
0,0.1813878118991851,0,0.1770375221967697,0,0.2189133763313293,0,0.162740483880043
0,0.1173396408557891,0,0.0898045003414154,0,0.0797076001763343,0,0.08462505787611
0,0.0625321492552757,0,0.0991234555840492,0,0.045935284346342,0,0.0697991698980331
0,0.1041604727506637,0,0.1140982806682586,0,0.0522303991019725,0,0.0831401348114013
0,0.0505428351461887,0,0.0484077781438827,0,0.04478769749403,0,0.0650412365794181
0,0.0460602194070816,0,0.1044959500432014,0,0.0373026579618454,0,0.0525748841464519
0,0.0212698224931955,0,0.0633540600538253,0,0.0592015534639358,0,0.054154347628355
0,0.1361216753721237,0,0.181431159377098,0,0.1212758794426918,0,0.1705687940120697
0,0.0578059293329715,0,0.0680154636502265,0,0.0887253656983375,0,0.0696478188037872
0,0.0745122134685516,0,0.0826715230941772,0,0.074472464621067,0,0.089882805943489
0,0.0617955178022384,0,0.0351251512765884,0,0.0589239932596683,0,0.0459277592599391
0,0.1330391019582748,0,0.1936763823032379,0,0.3763643205165863,0,0.1574163138866424
0,0.0291380863636732,0,0.0260897353291511,0,0.0317920707166194,0,0.0341976843774318
0,0.201842650771141,0,0.2246406376361847,0,0.319404661655426,0,0.1628326773643493
0,0.2785123884677887,0,0.2821331322193146,0,0.3499465882778168,0,0.173051044344902
0,0.059276208281517,0,0.0958160459995269,0,0.0840192660689354,0,0.0650130659341812
0,0.025840638205409,0,0.0584055036306381,0,0.0323747247457504,0,0.0396635457873344
0,0.0209665857255458,0,0.0248455349355936,0,0.0203981325030326,0,0.0370911508798599
0,0.0594633482396602,0,0.0543436929583549,0,0.0908067002892494,0,0.0632496625185012
0,0.0263162720948457,0,0.0512505359947681,0,0.0525138303637504,0,0.0661484450101852
0,0.0551285669207572,0,0.0501656606793403,0,0.0846065878868103,0,0.0606988482177257
0,0.0284761805087327,0,0.0300607960671186,0,0.0160428192466497,0,0.0454290211200714
0,0.0745463445782661,0,0.1268398165702819,0,0.0099079897627234,0,0.0826421454548835
0,0.0529739111661911,0,0.0540662184357643,0,0.0212336108088493,0,0.0600456781685352
0,0.1038260906934738,0,0.0383774004876613,0,0.1054266691207885,0,0.0674143657088279
0,0.0153691498562693,0,0.0178307257592678,0,0.0040241535753011,0,0.0237901769578456
0,0.0102893393486738,0,0.0160304699093103,0,0.0028986006509512,0,0.027169395238161
0,0.0201784018427133,0,0.019496776163578,0,0.0150208277627825,0,0.0409732647240161
0,0.1256141662597656,0,0.1739152073860168,0,0.2134760469198227,0,0.1365544348955154
0,0.0126351658254861,0,0.0184176191687583,0,0.0061102584004402,0,0.0177682526409626
0,0.0320796892046928,0,0.0488038510084152,0,0.0745919570326805,0,0.0612852126359939
0,0.0340533927083015,0,0.0773533955216407,0,0.1025155410170555,0,0.0757584273815155
0,0.0982075184583664,0,0.0460634231567382,0,0.0487066432833671,0,0.0514105670154094
0,0.0352131687104702,0,0.0569511614739894,0,0.1072854623198509,0,0.0694856271147728
0,0.0344797857105731,0,0.0576487742364406,0,0.0686186626553535,0,0.0684272870421409
0,0.037496518343687,0,0.0739555656909942,0,0.0716228783130645,0,0.0745876431465148
0,0.0909539684653282,0,0.110292449593544,0,0.0696562826633453,0,0.1176412776112556
0,0.0683044269680976,0,0.1573386490345001,0,0.1250082552433014,0,0.0958869159221649
0,0.0724065601825714,0,0.128334105014801,0,0.0950575098395347,0,0.092205561697483
0,0.0627249926328659,0,0.1005430147051811,0,0.0833361521363258,0,0.071034200489521
0,0.096880979835987,0,0.2120424509048462,0,0.0923075452446937,0,0.124811366200447
0,0.1750804483890533,0,0.1957997530698776,0,0.2453747242689132,0,0.1664932668209076
0,0.1750465631484985,0,0.243453249335289,0,0.260889321565628,0,0.1608320623636245
0,0.0617199353873729,0,0.0706533566117286,0,0.0891975685954094,0,0.0606675222516059
0,0.2667574286460876,0,0.2280037403106689,0,0.2357435226440429,0,0.2039033025503158
0,0.2539710104465484,0,0.27034392952919,0,0.2786706089973449,0,0.2361309826374054
0,0.0876779705286026,0,0.1263617277145385,0,0.1380790472030639,0,0.1050809174776077
0,0.1636310964822769,0,0.2254788726568222,0,0.1841280460357666,0,0.1786213964223861
0,0.0781258344650268,0,0.1177215278148651,0,0.1449149549007415,0,0.0769801586866378
0,0.2076652944087982,0,0.2675733566284179,0,0.4266656339168548,0,0.2130926698446273
0,0.1509075313806533,0,0.1924118846654892,0,0.2863324284553528,0,0.151326909661293
0,0.1349206417798996,0,0.0801221877336502,0,0.1257593631744384,0,0.1150425225496292
0,0.0906742513179779,0,0.0795846357941627,0,0.0892728641629219,0,0.0797827467322349
0,0.0806296244263649,0,0.153190478682518,0,0.0566921532154083,0,0.0894411280751228
0,0.0741801559925079,0,0.1355666220188141,0,0.1979674696922302,0,0.0734327957034111
0,0.1638334393501281,0,0.2342447489500045,0,0.1590942442417144,0,0.1301399916410446
0,0.0516375005245208,0,0.0301154423505067,0,0.0085319783538579,0,0.052423357963562
0,0.1035719066858291,0,0.1534196585416793,0,0.1563254296779632,0,0.0909442231059074
0,0.0285595785826444,0,0.0685421526432037,0,0.0427538566291332,0,0.0495987646281719
0,0.0094932075589895,0,0.0205754078924655,0,0.0143881430849432,0,0.0377262160181999
0,0.0919496193528175,0,0.1193757057189941,0,0.1497277021408081,0,0.0979488119482994
0,0.1119451820850372,0,0.1492688208818435,0,0.133753016591072,0,0.1344908326864242
0,0.0160011276602745,0,0.0176110044121742,0,0.0129172503948211,0,0.0289380233734846
0,0.0925682112574577,0,0.1407891660928726,0,0.0972941592335701,0,0.1417304128408432
0,0.037497267127037,0,0.0164801888167858,0,0.0063151097856462,0,0.0304473266005516
0,0.3166506588459015,0,0.2823412716388702,0,0.4190772771835327,0,0.2394257336854934
0,0.0743899494409561,0,0.0377402640879154,0,0.042097833007574,0,0.0643137395381927
0,0.1202189326286315,0,0.2007391899824142,0,0.1958024799823761,0,0.1492577046155929
0,0.1803882122039795,0,0.1816385239362716,0,0.3166026175022125,0,0.1865639388561248
0,0.0504079982638359,0,0.0480117313563823,0,0.0253575854003429,0,0.056978054344654
0,0.3221316635608673,0,0.2785710096359253,0,0.4415511786937713,0,0.2322365194559097
0,0.0556474588811397,0,0.1124266311526298,0,0.0936180427670478,0,0.0894386619329452
0,0.0374680310487747,0,0.0369840487837791,0,0.0360292270779609,0,0.0551791712641716
0,0.1771636456251144,0,0.1617023646831512,0,0.2715054452419281,0,0.1544488072395324
0,0.323652446269989,0,0.2570814192295074,0,0.3844717741012573,0,0.2332963496446609
0,0.1298597306013107,0,0.1947328746318817,0,0.1175521239638328,0,0.1030571535229682
0,0.1168513149023056,0,0.1488760858774185,0,0.1981453746557235,0,0.1075778678059578
0,0.1226842030882835,0,0.1639789640903473,0,0.1217814162373542,0,0.0838416740298271
0,0.2436441034078598,0,0.2586898803710937,0,0.3267445266246795,0,0.2077965885400772
0,0.3506865799427032,0,0.2759715616703033,0,0.435864120721817,0,0.2248015403747558
0,0.1608171463012695,0,0.15847809612751,0,0.1461182236671447,0,0.1212154850363731
0,0.1228665113449096,0,0.1939136832952499,0,0.1116780564188957,0,0.1610579192638397
0,0.301519900560379,0,0.2617008686065674,0,0.3347989916801452,0,0.1827272027730941
0,0.0150788724422454,0,0.0581864491105079,0,0.0135573595762252,0,0.054023765027523
0,0.1058678850531578,0,0.1752287000417709,0,0.1149864196777343,0,0.1174588203430175
0,0.1416850388050079,0,0.1754224747419357,0,0.1185533329844474,0,0.1618636697530746
0,0.1800784617662429,0,0.1862004697322845,0,0.2506630718708038,0,0.1801914572715759
0,0.1813547313213348,0,0.1850733160972595,0,0.3014784455299377,0,0.1439102292060852
0,0.1604476422071457,0,0.1941042095422744,0,0.098127856850624,0,0.1114613860845565
0,0.1068148538470268,0,0.127784788608551,0,0.0741131752729415,0,0.108749009668827
0,0.109688751399517,0,0.0695391222834587,0,0.0480245053768157,0,0.0741256475448608
0,0.0222870856523513,0,0.0317925252020359,0,0.0278633926063776,0,0.0469596460461616
0,0.0273948609828948,0,0.0715551674365997,0,0.063110664486885,0,0.0693130940198898
0,0.0263507571071386,0,0.0787704363465309,0,0.0533365383744239,0,0.0649435892701149
0,0.0218721386045217,0,0.0267719831317663,0,0.0263703949749469,0,0.0319669470191001
0,0.1160301938652992,0,0.1824773102998733,0,0.1387524008750915,0,0.1725109964609146
0,0.0376200340688228,0,0.0281755998730659,0,0.03977932035923,0,0.0392216928303241
0,0.0479107312858104,0,0.0400576367974281,0,0.0242439918220043,0,0.0467483699321746
0,0.0482926368713378,0,0.0571940094232559,0,0.0277691092342138,0,0.049896128475666
0,0.0486420355737209,0,0.0365541316568851,0,0.0268898550420999,0,0.0672667622566223
0,0.1401479989290237,0,0.1674638390541076,0,0.0457205697894096,0,0.1773883402347564
0,0.047646377235651,0,0.0650336295366287,0,0.0270348619669675,0,0.0674901753664016
0,0.1364772915840149,0,0.1497083753347396,0,0.1636040210723877,0,0.1037128269672393
0,0.1925001442432403,0,0.2005800306797027,0,0.1476699858903885,0,0.1250052899122238
0,0.1668019294738769,0,0.191178098320961,0,0.1309888809919357,0,0.1044748947024345
0,0.188106507062912,0,0.1771902441978454,0,0.2467276006937027,0,0.1700786501169204
0,0.2059016972780227,0,0.3005307018756866,0,0.2084265351295471,0,0.1255785077810287
0,0.1454369723796844,0,0.1678997576236724,0,0.0552519299089908,0,0.1000077798962593
0,0.1616614609956741,0,0.2713768184185028,0,0.3029232323169708,0,0.1231997534632682
0,0.1922966241836547,0,0.2272595912218094,0,0.2813315689563751,0,0.1622104048728943
0,0.1157627254724502,0,0.1765413731336593,0,0.1728418320417404,0,0.095011755824089
0,0.1392546594142913,0,0.1697080284357071,0,0.1095746681094169,0,0.1285113245248794
0,0.1163045912981033,0,0.1497711390256881,0,0.1903014779090881,0,0.1399939507246017
0,0.1184478551149368,0,0.1729009747505188,0,0.1963719725608825,0,0.1286540627479553
0,0.087676428258419,0,0.0928974002599716,0,0.0786432102322578,0,0.0783213153481483
0,0.1923642754554748,0,0.1856611967086792,0,0.2399021834135055,0,0.1852370053529739
0,0.0511283949017524,0,0.0673843026161193,0,0.058992825448513,0,0.0484304465353488
0,0.0519026592373847,0,0.0667204856872558,0,0.0715092942118644,0,0.0534891262650489
0,0.0536563880741596,0,0.0747710764408111,0,0.0583446249365806,0,0.0520572215318679
0,0.1148218736052513,0,0.1384453773498535,0,0.132307767868042,0,0.1099496781826019
0,0.0819383263587951,0,0.105781964957714,0,0.2533260881900787,0,0.1173262074589729
0,0.0804396793246269,0,0.1067852899432182,0,0.1120523586869239,0,0.0985465198755264
0,0.1596882194280624,0,0.2033218294382095,0,0.112854465842247,0,0.1410602033138275
0,0.0948295891284942,0,0.1059558987617492,0,0.0740909650921821,0,0.1115241199731826
0,0.1020893156528472,0,0.185168519616127,0,0.1508448123931884,0,0.1273925006389618
0,0.0885212570428848,0,0.0281409099698066,0,0.0862319022417068,0,0.0399441160261631
0,0.0997697114944458,0,0.1415559202432632,0,0.0334206707775592,0,0.1002017483115196
0,0.1190436482429504,0,0.0634286627173423,0,0.1013905331492424,0,0.0913034901022911
0,0.0932306721806526,0,0.0451762787997722,0,0.1038803160190582,0,0.0620831064879894
0,0.1175726503133773,0,0.0800216570496559,0,0.1010010465979576,0,0.0741015300154686
0,0.0927937775850296,0,0.0396445728838443,0,0.0960522145032882,0,0.0598477832973003
0,0.0801029056310653,0,0.0894787088036537,0,0.1026573330163955,0,0.0640185475349426
0,0.0601287707686424,0,0.0965261757373809,0,0.0544234700500965,0,0.1116922721266746
0,0.0790081694722175,0,0.0940118059515953,0,0.1728146523237228,0,0.1049533411860466
0,0.1361148804426193,0,0.0904182568192482,0,0.2142652124166488,0,0.0934831500053405
0,0.0911356210708618,0,0.0901495739817619,0,0.0569592230021953,0,0.061846025288105
0,0.0788496360182762,0,0.1283641159534454,0,0.0745475217700004,0,0.068249337375164
0,0.1659964025020599,0,0.1960268020629882,0,0.1270942836999893,0,0.1133237704634666
0,0.1707727015018463,0,0.1599780470132827,0,0.1850517094135284,0,0.141278475522995
0,0.1338220387697219,0,0.0905162915587425,0,0.2054998278617859,0,0.1083430647850036
0,0.2053125351667404,0,0.1289675533771515,0,0.2441543936729431,0,0.1601684391498565
0,0.1280273348093032,0,0.131777286529541,0,0.1403804570436477,0,0.1053415462374687
0,0.1050294712185859,0,0.039020899683237,0,0.0244309939444065,0,0.0501306504011154
0,0.0407477803528308,0,0.0758780390024185,0,0.0486633256077766,0,0.071685142815113
0,0.1338071674108505,0,0.0604215301573276,0,0.056191224604845,0,0.0718296766281127
0,0.0578717924654483,0,0.0974279791116714,0,0.0686421394348144,0,0.0852012112736702
0,0.1074616014957428,0,0.0620823726058006,0,0.0545982047915458,0,0.0504938215017318
0,0.0327113531529903,0,0.0860384181141853,0,0.0533001944422721,0,0.0782138630747795
0,0.0287152491509914,0,0.0213762260973453,0,0.0416609533131122,0,0.0338176153600215
0,0.0947826132178306,0,0.1271933317184448,0,0.0710744261741638,0,0.0811726823449134
0,0.0253529548645019,0,0.0179622899740934,0,0.0395884066820144,0,0.0337206907570362
0,0.035253319889307,0,0.0253836493939161,0,0.0511690899729728,0,0.0395802222192287
0,0.0770793631672859,0,0.0541939847171306,0,0.0571657344698905,0,0.0686644688248634
0,0.0267111230641603,0,0.0171029679477214,0,0.0301371719688177,0,0.0361532606184482
0,0.0626832917332649,0,0.1095796748995781,0,0.0515230968594551,0,0.0687176510691642
0,0.0430859439074993,0,0.0269874669611454,0,0.0130505440756678,0,0.049209851771593
0,0.0346022769808769,0,0.0336304157972335,0,0.0297215394675731,0,0.0361565984785556
0,0.0436332710087299,0,0.0354115292429924,0,0.0130102047696709,0,0.0507431738078594
0,0.1181421130895614,0,0.165249690413475,0,0.1298872828483581,0,0.1107325851917266
0,0.0852556377649307,0,0.158474251627922,0,0.1615422815084457,0,0.1117749288678169
0,0.0858171433210372,0,0.074967011809349,0,0.0856322050094604,0,0.0983140170574188
0,0.0481452383100986,0,0.1189047470688819,0,0.1090353429317474,0,0.0881308168172836
0,0.053697433322668,0,0.0915442779660224,0,0.115433320403099,0,0.0907684043049812
0,0.0506320521235466,0,0.117778941988945,0,0.1033714488148689,0,0.0874217823147773
0,0.0638472810387611,0,0.0542308315634727,0,0.0657722204923629,0,0.0607061274349689
0,0.2114040702581405,0,0.228609099984169,0,0.3836959600448608,0,0.177871897816658
0,0.2576420307159424,0,0.2253698855638504,0,0.1972369402647018,0,0.1650761067867279
0,0.0631861388683319,0,0.0324010625481605,0,0.0639491528272628,0,0.0607493333518505
0,0.1895067393779754,0,0.2288850098848343,0,0.2832443714141845,0,0.1841464042663574
0,0.1840307265520095,0,0.2010458558797836,0,0.1811715513467788,0,0.1369313597679138
0,0.051761906594038,0,0.0375920943915843,0,0.0566319487988948,0,0.0394333712756633
0,0.2279651761054992,0,0.2762057483196258,0,0.2325796335935592,0,0.1825384199619293
0,0.2621901035308838,0,0.2662031948566437,0,0.2606666386127472,0,0.1643021702766418
0,0.2676752805709839,0,0.2543927729129791,0,0.3731834590435028,0,0.1983420252799987
0,0.1427862793207168,0,0.1624475419521331,0,0.1349235922098159,0,0.1006105989217758
0,0.0481881499290466,0,0.0303798224776983,0,0.0397639945149421,0,0.0461299233138561
0,0.0877672061324119,0,0.1510406732559204,0,0.1399032175540924,0,0.0843555703759193
0,0.0539266280829906,0,0.0352959409356117,0,0.0490432418882846,0,0.0446244217455387
0,0.0636151507496833,0,0.1410343497991562,0,0.1066185534000396,0,0.0842357650399208
0,0.0172484815120697,0,0.025568151846528,0,0.0338847562670707,0,0.0436858311295509
0,0.0810594335198402,0,0.0338645428419113,0,0.0114962328225374,0,0.0376787781715393
0,0.0260997880250215,0,0.0251483637839555,0,0.0183537323027849,0,0.0372634343802928
0,0.0216342341154813,0,0.0258902180939912,0,0.0121456487104296,0,0.0317008011043071
0,0.0162749104201793,0,0.0205660108476877,0,0.0190224628895521,0,0.0381060652434825
0,0.1800898164510727,0,0.1909896284341812,0,0.258760392665863,0,0.1302901059389114
0,0.2031009346246719,0,0.2564379274845123,0,0.2207567393779754,0,0.1880390048027038
0,0.1737489700317382,0,0.2426141947507858,0,0.1810407489538192,0,0.2011257857084274
0,0.1340743452310562,0,0.1960860192775726,0,0.3150799572467804,0,0.1493867635726928
0,0.1560254245996475,0,0.226812943816185,0,0.2362611144781112,0,0.1582201868295669
0,0.1689245998859405,0,0.2473765462636947,0,0.2078776210546493,0,0.1729687452316284
0,0.1270365864038467,0,0.1562367081642151,0,0.0846156775951385,0,0.1207585707306861
0,0.1367642432451248,0,0.1764319390058517,0,0.1057366654276847,0,0.0805704370141029
0,0.1780016422271728,0,0.1961251646280288,0,0.2435587048530578,0,0.1486027389764785
0,0.1688339561223983,0,0.2040120065212249,0,0.1889715641736984,0,0.1799879223108291
0,0.1412715762853622,0,0.1920202821493148,0,0.1615576893091201,0,0.1095706298947334
0,0.0376392044126987,0,0.0476163886487484,0,0.0540766045451164,0,0.0610591135919094
0,0.082201711833477,0,0.0720487684011459,0,0.0312047209590673,0,0.0607116818428039
0,0.0821967124938964,0,0.1354541778564453,0,0.0533037558197975,0,0.0729464441537857
1,0.271142303943634,1,0.2328430265188217,1,0.4094685316085815,1,0.2019984573125839
1,0.2276808023452758,1,0.2358800321817398,1,0.2890048921108246,1,0.1812714785337448
1,0.2078190743923187,1,0.2167211025953292,1,0.1362605690956115,1,0.1308218538761139
1,0.1174217537045478,1,0.1782131642103195,1,0.1373704373836517,1,0.1288934648036956
1,0.3199085295200348,1,0.2638128995895386,1,0.0807129591703414,1,0.2444976866245269
1,0.1762578040361404,1,0.2116737514734268,1,0.1166240572929382,1,0.1400264203548431
1,0.0678868070244789,1,0.159272626042366,1,0.0696198865771293,1,0.1237665116786956
1,0.069716565310955,1,0.1594040989875793,1,0.0871053636074066,1,0.1256243586540222
1,0.1356819123029709,1,0.157034769654274,1,0.0587628260254859,1,0.1533627212047577
1,0.1241368204355239,1,0.1790168136358261,1,0.091851145029068,1,0.1592399626970291
1,0.2188466191291809,1,0.2599342763423919,1,0.2976733744144439,1,0.1243915930390358
1,0.2819450497627258,1,0.2739433646202087,1,0.2713972926139831,1,0.1977634578943252
1,0.0090769371017813,1,0.0678284913301467,1,0.0739082694053649,1,0.0666906982660293
1,0.1486071795225143,1,0.256618857383728,1,0.2855680882930755,1,0.185491144657135
1,0.2711561620235443,1,0.2259249836206436,1,0.1874223798513412,1,0.2137269824743271
1,0.2691865563392639,1,0.2830759882926941,1,0.3238008916378021,1,0.1684609651565551
1,0.1904736161231994,1,0.2484119087457656,1,0.1387628018856048,1,0.1976092457771301
1,0.2272950112819671,1,0.2044767439365387,1,0.2578820884227752,1,0.1952468901872635
1,0.2295078635215759,1,0.2192867845296859,1,0.0567450262606143,1,0.1586195230484008
1,0.1369521021842956,1,0.1705216169357299,1,0.1193991899490356,1,0.1466084271669387
1,0.1723734140396118,1,0.2048065662384033,1,0.2258680909872055,1,0.1637574881315231
1,0.1124521940946579,1,0.1534349024295807,1,0.1286527812480926,1,0.1375931799411773
1,0.10567407310009,1,0.1443232893943786,1,0.0988194420933723,1,0.0754983574151992
1,0.090739831328392,1,0.0974558442831039,1,0.079034186899662,1,0.0868218690156936
1,0.0944595336914062,1,0.0834163576364517,1,0.100679762661457,1,0.0808895975351333
1,0.3102202415466308,1,0.2399080097675323,1,0.3938245475292206,1,0.2297631055116653
1,0.2766579985618591,1,0.246246799826622,1,0.3434353768825531,1,0.1939935237169265
0,0.142965093255043,0,0.1375244110822677,0,0.1401415467262268,0,0.1225740313529968
0,0.2228264361619949,0,0.2091981619596481,0,0.332042783498764,0,0.1949063390493393
0,0.0644549056887626,0,0.0464530624449253,0,0.0080868620425462,0,0.054972156882286
0,0.027632538229227,0,0.0216447282582521,0,0.0327003225684165,0,0.039197638630867
0,0.0499913282692432,0,0.1446095108985901,0,0.0554527789354324,0,0.088584266602993
0,0.1341196894645691,0,0.2309499382972717,0,0.3381542265415191,0,0.1568181365728378
0,0.0542035549879074,0,0.0987433046102523,0,0.0558005906641483,0,0.0518015213310718
0,0.1824202388525009,0,0.2079208791255951,0,0.2175964564085006,0,0.1470846235752105
0,0.1878426820039749,0,0.2509461343288421,0,0.0339486189186573,0,0.1409823149442672
0,0.0591009557247161,0,0.0579711124300956,0,0.087092824280262,0,0.0693645104765892
0,0.0564133189618587,0,0.142770379781723,0,0.1356681585311889,0,0.1090888381004333
0,0.120512954890728,0,0.1869423538446426,0,0.1102695390582084,0,0.1072848960757255
0,0.2706303596496582,0,0.229820892214775,0,0.4428695440292358,0,0.1919870525598526
0,0.1221459135413169,0,0.1464614570140838,0,0.0964103117585182,0,0.1547969132661819
0,0.2190227657556533,0,0.295211911201477,0,0.4116897284984588,0,0.2037439793348312
0,0.1121096834540367,0,0.1578947156667709,0,0.094820886850357,0,0.0986987426877021
0,0.1059769466519355,0,0.1456287205219268,0,0.0723005756735801,0,0.0983431637287139
0,0.1333567351102829,0,0.2272064685821533,0,0.1168406978249549,0,0.0961315482854843
0,0.1310872435569763,0,0.12970632314682,0,0.0601539425551891,0,0.1147231012582779
0,0.1465030163526535,0,0.1540617644786834,0,0.0838527753949165,0,0.1014793291687965
0,0.1113408878445625,0,0.1532137840986251,0,0.1560253649950027,0,0.0989778935909271
0,0.1140460595488548,0,0.1929487437009811,0,0.0976680144667625,0,0.0974201187491417
0,0.4172143936157226,0,0.2946983575820923,0,0.3989075124263763,0,0.2606788277626037
0,0.0198084134608507,0,0.0267597660422325,0,0.0084232343360781,0,0.0387601107358932
0,0.1436970680952072,0,0.2131441384553909,0,0.136581614613533,0,0.119617722928524
0,0.1510562449693679,0,0.1512152552604675,0,0.1709474325180053,0,0.1111621707677841
0,0.1665046364068985,0,0.2502665817737579,0,0.2181591987609863,0,0.1289849579334259
0,0.1115879863500595,0,0.1003079414367675,0,0.2405014038085937,0,0.0903668329119682
0,0.1806618422269821,0,0.208513081073761,0,0.2351440489292144,0,0.1783247739076614
0,0.066000148653984,0,0.1128470972180366,0,0.0707403197884559,0,0.0804135277867317
0,0.0596923008561134,0,0.0463406071066856,0,0.0481969006359577,0,0.062591016292572
0,0.1161579340696334,0,0.1531812995672226,0,0.2866133153438568,0,0.1112056896090507
0,0.1319629698991775,0,0.1537991911172866,0,0.2015516757965088,0,0.1031893491744995
0,0.2269592434167862,0,0.2045358270406723,0,0.2105296552181244,0,0.1419924795627594
0,0.0765624344348907,0,0.0642741248011589,0,0.0656982138752937,0,0.0533052831888198
0,0.1715777367353439,0,0.1580217331647873,0,0.1197875514626503,0,0.1034232974052429
0,0.112072467803955,0,0.1216997951269149,0,0.0803001672029495,0,0.0832389444112777
0,0.0552691593766212,0,0.0755039379000663,0,0.0520714968442916,0,0.056972686201334
0,0.1322825849056244,0,0.1714733242988586,0,0.1266476213932037,0,0.0829363316297531
0,0.0258989669382572,0,0.0371574871242046,0,0.0518356338143348,0,0.044984433799982
0,0.0794478729367256,0,0.1615856736898422,0,0.1928999423980713,0,0.1240391656756401
0,0.0581042282283306,0,0.1531362831592559,0,0.0911605283617973,0,0.1514925956726074
0,0.124850794672966,0,0.1158732548356056,0,0.1238517686724662,0,0.0853419080376625
0,0.0802049785852432,0,0.0289869047701358,0,0.0243457090109586,0,0.0382964648306369
0,0.0315978676080703,0,0.0340675674378871,0,0.0507868751883506,0,0.043097123503685
0,0.0962070226669311,0,0.1441700905561447,0,0.0598427839577198,0,0.1050955057144165
0,0.1135242208838462,0,0.140172928571701,0,0.0845117270946502,0,0.114678606390953
0,0.3398981094360351,0,0.2744255363941192,0,0.4324934184551239,0,0.2522628605365753
0,0.0859426409006118,0,0.1052655801177024,0,0.074696235358715,0,0.0791396424174308
0,0.1411973237991333,0,0.1524524092674255,0,0.1152320951223373,0,0.0927686169743537
0,0.2741580009460449,0,0.2530122399330139,0,0.3255077302455902,0,0.2078904062509536
0,0.0821973979473114,0,0.0900274068117141,0,0.1071944832801818,0,0.0932481959462165
0,0.1295696198940277,0,0.1382913589477539,0,0.0931194350123405,0,0.1042374521493911
0,0.1236869618296623,0,0.1270820498466491,0,0.0780984386801719,0,0.0982875749468803
0,0.134918987751007,0,0.1830382198095321,0,0.1147406250238418,0,0.1626499593257904
0,0.1368368268013,0,0.1403955519199371,0,0.135058581829071,0,0.1626651138067245
0,0.1320720016956329,0,0.180796667933464,0,0.0605107359588146,0,0.1714362502098083
0,0.0790503695607185,0,0.1728169918060302,0,0.0634794160723686,0,0.0678265690803527
0,0.0695296972990036,0,0.1004087403416633,0,0.0563505515456199,0,0.0455581322312355
0,0.0505132898688316,0,0.0498240925371646,0,0.0406223982572555,0,0.0560288429260253
0,0.0421396903693676,0,0.1209090650081634,0,0.0229569710791111,0,0.1253222227096557
0,0.0870042294263839,0,0.0321327447891235,0,0.0044131292961537,0,0.0397577285766601
0,0.0997460708022117,0,0.1635914891958236,0,0.083812303841114,0,0.1370898634195327
0,0.0487136021256446,0,0.0883523821830749,0,0.0289797969162464,0,0.0945608913898468
0,0.0611724741756916,0,0.0828599035739898,0,0.0099972002208232,0,0.0468296222388744
0,0.0278386957943439,0,0.0248876605182886,0,0.0175363272428512,0,0.0383657850325107
0,0.128748670220375,0,0.1643769592046737,0,0.1199536621570587,0,0.0968324393033981
0,0.0719969496130943,0,0.1209701299667358,0,0.0621436685323715,0,0.0745100751519203
0,0.1100253909826278,0,0.1979280263185501,0,0.1412784606218338,0,0.1206349059939384
0,0.0959066972136497,0,0.1343996971845626,0,0.0909491926431655,0,0.0851877331733703
0,0.0562860071659088,0,0.1263401806354522,0,0.1127544492483139,0,0.099214419722557
0,0.0728637650609016,0,0.0787900239229202,0,0.0433748885989189,0,0.0689784809947013
0,0.1182027906179428,0,0.2117746919393539,0,0.1559072583913803,0,0.1126896813511848
0,0.1321410983800888,0,0.1941415518522262,0,0.0926680266857147,0,0.1366146057844162
0,0.1122219190001487,0,0.1622244715690612,0,0.0958706885576248,0,0.1235152184963226
0,0.0704308822751045,0,0.1263181120157241,0,0.0750955641269683,0,0.0801370963454246
0,0.1301960200071334,0,0.1233865320682525,0,0.0261496845632791,0,0.0885369628667831
0,0.2153066247701645,0,0.2097348123788833,0,0.3448617160320282,0,0.1281884908676147
0,0.1728485226631164,0,0.1458300054073333,0,0.3542770743370056,0,0.1101189777255058
0,0.1346665173768997,0,0.1280929148197174,0,0.2848864793777466,0,0.1174841374158859
0,0.0626262798905372,0,0.0570962652564048,0,0.0560069419443607,0,0.0747469365596771
0,0.0931112244725227,0,0.0818328782916069,0,0.0207975748926401,0,0.0845316350460052
0,0.1216594502329826,0,0.1220711767673492,0,0.0947128161787986,0,0.108515977859497
0,0.0897511020302772,0,0.1354885697364807,0,0.1001988053321838,0,0.0986674129962921
0,0.1060168594121933,0,0.1376922279596328,0,0.1397224813699722,0,0.1229097172617912
0,0.1612245887517929,0,0.1889297366142273,0,0.2095430791378021,0,0.1452769190073013
0,0.2159461379051208,0,0.2529606223106384,0,0.1819622814655304,0,0.2233335375785827
0,0.2160686403512954,0,0.1964239329099655,0,0.2429474741220474,0,0.1940821856260299
0,0.0968615412712097,0,0.1274555772542953,0,0.0849236920475959,0,0.0787683576345443
0,0.0487954393029212,0,0.0338732823729515,0,0.0178051982074975,0,0.0490224957466125
0,0.0276150964200496,0,0.0389596745371818,0,0.0076656602323055,0,0.0417857356369495
0,0.0540426671504974,0,0.0638121664524078,0,0.0648744329810142,0,0.0757016018033027
0,0.0435997545719146,0,0.0798770412802696,0,0.0818689838051796,0,0.0781455487012863
0,0.0303810723125934,0,0.045322448015213,0,0.084041990339756,0,0.07397922873497
0,0.0353468507528305,0,0.0225892011076211,0,0.0297898966819047,0,0.0373469218611717
0,0.0432136841118335,0,0.0690698996186256,0,0.0919863358139991,0,0.0861758068203926
0,0.0843270123004913,0,0.1192652508616447,0,0.0982044339179992,0,0.0812076330184936
0,0.094653695821762,0,0.0927947834134101,0,0.0957862436771392,0,0.0744236037135124
0,0.1231499165296554,0,0.1451273113489151,0,0.1256564557552337,0,0.0951634868979454
0,0.1183794066309928,0,0.1532509624958038,0,0.0868681371212005,0,0.0883989706635475
0,0.1031355857849121,0,0.1388464421033859,0,0.0858634039759635,0,0.102726861834526
0,0.0397493690252304,0,0.0410822927951812,0,0.0315165556967258,0,0.0299524404108524
0,0.080373078584671,0,0.0932738184928894,0,0.0245890151709318,0,0.1198200285434722
0,0.1029075235128402,0,0.0704540908336639,0,0.1094883978366851,0,0.1041054278612136
0,0.0059665073640644,0,0.0371918454766273,0,0.0093941064551472,0,0.0386960171163082
0,0.1804893165826797,0,0.1752168834209442,0,0.1441972851753235,0,0.1679785549640655
0,0.029934087768197,0,0.0460584051907062,0,0.0094844540581107,0,0.0426270253956317
0,0.1366990655660629,0,0.2136405408382415,0,0.1156101003289222,0,0.1422589719295501
0,0.0237125735729932,0,0.0315138734877109,0,0.0123579055070877,0,0.0448125675320625
0,0.0327067039906978,0,0.0393097959458828,0,0.0463110283017158,0,0.0399302132427692
0,0.0343333147466182,0,0.0216334965080022,0,0.0533495917916297,0,0.0421694405376911
0,0.0460169725120067,0,0.0634194612503051,0,0.0458283200860023,0,0.0588542222976684
0,0.0330319963395595,0,0.0269491299986839,0,0.0037925241049379,0,0.0483778156340122
0,0.0809731259942054,0,0.1001414507627487,0,0.0636355057358741,0,0.1001377254724502
0,0.0792549327015876,0,0.0890928506851196,0,0.0079973023384809,0,0.0651100277900695
0,0.1068287640810012,0,0.0768817141652107,0,0.0444983690977096,0,0.1037317961454391
0,0.1243269219994545,0,0.1210792958736419,0,0.234700471162796,0,0.1410539895296096
0,0.0625897869467735,0,0.0715492144227027,0,0.0310761146247386,0,0.0504288040101528
0,0.0702069178223609,0,0.0959484055638313,0,0.0472310297191143,0,0.0515452101826667
0,0.124271310865879,0,0.1643794924020767,0,0.0530463233590126,0,0.1199687421321868
0,0.068181112408638,0,0.0471569709479808,0,0.0270733293145895,0,0.0664778277277946
0,0.0810582041740417,0,0.087186150252819,0,0.0906055867671966,0,0.093436487019062
0,0.0779569521546363,0,0.0392256565392017,0,0.0455692782998085,0,0.0519849583506584
0,0.0717412531375885,0,0.0583229213953018,0,0.0428963229060173,0,0.0414983592927455
0,0.1524879783391952,0,0.1632783561944961,0,0.068742536008358,0,0.1914483159780502
0,0.0755825713276863,0,0.1574893295764923,0,0.0972789749503135,0,0.0956713706254959
0,0.1587991416454315,0,0.1880991905927658,0,0.1168068498373031,0,0.1546704024076461
0,0.0370274670422077,0,0.0294777229428291,0,0.0419327728450298,0,0.0342477448284626
0,0.2157138288021087,0,0.2179575264453888,0,0.2103102058172226,0,0.1964921653270721
0,0.0736885443329811,0,0.1297838240861892,0,0.0818482711911201,0,0.0884512737393379
0,0.1520757228136062,0,0.1863064467906952,0,0.1848553270101547,0,0.1654709577560424
0,0.2222986072301864,0,0.2305419445037841,0,0.2873872816562652,0,0.2004817575216293
0,0.3652518987655639,0,0.2718245685100555,0,0.3117228150367737,0,0.2534220516681671
0,0.0661480873823165,0,0.108970507979393,0,0.0787132680416107,0,0.1067905500531196
0,0.1142673045396804,0,0.1338233798742294,0,0.2046254873275756,0,0.0823866724967956
0,0.3960227966308594,0,0.3158537447452545,0,0.3703258633613586,0,0.2558248937129974
0,0.4017785787582397,0,0.2912629544734955,0,0.4522498548030853,0,0.2429397851228714
0,0.3916775286197662,0,0.286268025636673,0,0.3718162775039673,0,0.2527755200862884
0,0.2478550970554351,0,0.2191086113452911,0,0.2706538140773773,0,0.1832587271928787
0,0.0694950670003891,0,0.0512416437268257,0,0.0715880170464515,0,0.0614711567759513
0,0.0664686113595962,0,0.1217448785901069,0,0.0617183335125446,0,0.1029796004295349
0,0.2062617540359497,0,0.2282946854829788,0,0.2226666063070297,0,0.1726024895906448
0,0.0456605292856693,0,0.0417718179523944,0,0.0534524619579315,0,0.0499616675078868
0,0.0762656331062316,0,0.1095302700996398,0,0.0541540496051311,0,0.0930125191807746
0,0.2407660782337188,0,0.2210096269845962,0,0.2815950810909271,0,0.1649309992790222
0,0.0560682564973831,0,0.0365625135600566,0,0.0482479520142078,0,0.0619012080132961
0,0.0853293016552925,0,0.0427130535244941,0,0.0562803074717521,0,0.0646989643573761
0,0.2356817722320556,0,0.2487581372261047,0,0.1445376276969909,0,0.1894061863422393
0,0.1711246222257614,0,0.1981919109821319,0,0.1801057159900665,0,0.1714747101068496
0,0.2007183283567428,0,0.263190746307373,0,0.2251273095607757,0,0.1671675592660904
0,0.2065008133649826,0,0.2006607204675674,0,0.1490222513675689,0,0.111534796655178
0,0.1925981044769287,0,0.2211033999919891,0,0.0963518396019935,0,0.1213535815477371
0,0.015673017129302,0,0.0369829572737216,0,0.0488708466291427,0,0.0478316284716129
0,0.1315265744924545,0,0.1951852142810821,0,0.0957634672522544,0,0.0981378182768821
0,0.0704129934310913,0,0.0976392030715942,0,0.0794921219348907,0,0.0888344347476959
0,0.111926831305027,0,0.0854694694280624,0,0.0532757900655269,0,0.10491993278265
0,0.0231665018945932,0,0.033486358821392,0,0.063680000603199,0,0.0493809096515178
0,0.026809150353074,0,0.1312214732170105,0,0.0788973048329353,0,0.0885332226753234
0,0.073241114616394,0,0.071920521557331,0,0.1143631935119628,0,0.0698161944746971
0,0.0571556352078914,0,0.104647196829319,0,0.1237320303916931,0,0.0574775598943233
0,0.0524943545460701,0,0.0438564531505107,0,0.0484696254134178,0,0.0696996226906776
0,0.0531394071877002,0,0.0427935793995857,0,0.072711706161499,0,0.0749190002679824
0,0.1143712997436523,0,0.1702469885349273,0,0.0877405628561973,0,0.142335906624794
0,0.0676641836762428,0,0.1534274816513061,0,0.0950455740094184,0,0.0897814854979515
0,0.0410574041306972,0,0.1151970699429512,0,0.0559679567813873,0,0.0445937700569629
0,0.0535852871835231,0,0.0742542967200279,0,0.0406201966106891,0,0.0751155689358711
0,0.0505993738770484,0,0.1308581382036209,0,0.0591993071138858,0,0.0775392577052116
0,0.0591810755431652,0,0.0416992157697677,0,0.0748873502016067,0,0.0747690722346305
0,0.1083701029419899,0,0.1794265508651733,0,0.0976695120334625,0,0.1042318940162658
0,0.0936613529920578,0,0.1206562593579292,0,0.0855875238776207,0,0.1047553047537803
0,0.0695113763213157,0,0.1119303926825523,0,0.0624466091394424,0,0.0584442391991615
0,0.0615498609840869,0,0.0902909860014915,0,0.0405778251588344,0,0.0648350343108177
0,0.0577914975583553,0,0.0627853348851203,0,0.0706040486693382,0,0.0762693062424659
0,0.1060928180813789,0,0.1560318320989608,0,0.1338072717189788,0,0.141170933842659
0,0.0587566718459129,0,0.131064772605896,0,0.1512776315212249,0,0.0953545197844505
0,0.0816602706909179,0,0.1698211729526519,0,0.3419877588748932,0,0.1381581425666809
0,0.0156130008399486,0,0.0682643204927444,0,0.0280901566147804,0,0.0370390452444553
0,0.0362179689109325,0,0.041672758758068,0,0.04509749263525,0,0.0397099629044532
0,0.046012494713068,0,0.0723235458135604,0,0.0893752053380012,0,0.0749483183026313
0,0.1230164691805839,0,0.1864465028047561,0,0.1148732900619506,0,0.1069805398583412
0,0.0905582383275032,0,0.1166934967041015,0,0.1000372394919395,0,0.1038263514637947
0,0.3685439527034759,0,0.2921089231967926,0,0.4527100324630737,0,0.2196075767278671
0,0.1301358342170715,0,0.1803602427244186,0,0.1078117042779922,0,0.0990762189030647
0,0.0859231278300285,0,0.1112893894314765,0,0.0867696776986122,0,0.1045395880937576
0,0.0381840765476226,0,0.0303710773587226,0,0.0126127982512116,0,0.0387297943234443
0,0.1892853528261184,0,0.2120168954133987,0,0.3247085511684418,0,0.1670747548341751
0,0.1199424490332603,0,0.1807548850774765,0,0.1303083896636963,0,0.1231783628463745
0,0.0466203093528747,0,0.028186772018671,0,0.043673101812601,0,0.0510224588215351
0,0.0786306485533714,0,0.1225061267614364,0,0.0848368033766746,0,0.0983780920505523
0,0.1557819843292236,0,0.1891103535890579,0,0.1296363174915313,0,0.1651655882596969
0,0.0741427987813949,0,0.1369099467992782,0,0.0838352292776107,0,0.079039916396141
0,0.1213907971978187,0,0.1484877169132232,0,0.2807164788246155,0,0.0737753584980964
0,0.0467721186578273,0,0.0271656904369592,0,0.0421918854117393,0,0.0414880439639091
0,0.1744148880243301,0,0.2121067494153976,0,0.2525114715099334,0,0.197649598121643
0,0.0536573715507984,0,0.1133842021226883,0,0.0610617026686668,0,0.0665492936968803
0,0.024813299998641,0,0.0274286549538373,0,0.0567148551344871,0,0.0425256602466106
0,0.0446680560708045,0,0.0764597207307815,0,0.054181057959795,0,0.0423308163881301
0,0.214772492647171,0,0.1796330958604812,0,0.1666752099990844,0,0.136210948228836
0,0.101528450846672,0,0.1506730914115905,0,0.1066225543618202,0,0.0898947939276695
0,0.1101631820201873,0,0.1310505121946334,0,0.0785963684320449,0,0.0775118097662925
0,0.1060263812541961,0,0.1590772271156311,0,0.0940717458724975,0,0.1180349513888359
0,0.0623609982430934,0,0.0916874557733535,0,0.1531226485967636,0,0.0846676230430603
0,0.1046584472060203,0,0.1263950169086456,0,0.0102210594341158,0,0.0656018555164337
0,0.3202747404575348,0,0.2732867300510406,0,0.4365423917770386,0,0.2264898121356964
0,0.0983404144644737,0,0.1267939060926437,0,0.0855952128767967,0,0.1020679473876953
0,0.3231130838394165,0,0.2506012916564941,0,0.4458021819591522,0,0.2333124130964279
0,0.0628428980708122,0,0.0853200107812881,0,0.0099588008597493,0,0.0667780712246894
0,0.3396854102611542,0,0.2819189429283142,0,0.4518040716648102,0,0.2372982800006866
0,0.0575005747377872,0,0.0953630805015564,0,0.0749660357832908,0,0.1040335223078727
0,0.0987550765275955,0,0.1477656960487365,0,0.0357259288430213,0,0.0920250937342643
0,0.0286675691604614,0,0.0236306395381689,0,0.0176973305642604,0,0.04278115183115
0,0.2627074122428894,0,0.2309758812189102,0,0.3780564367771148,0,0.2161344736814499
0,0.0869309082627296,0,0.1336745023727417,0,0.0859166607260704,0,0.0946152135729789
0,0.0153351575136184,0,0.0180185716599226,0,0.0371477082371711,0,0.0213036444038152
0,0.2396382540464401,0,0.2394748628139495,0,0.2958264946937561,0,0.2057634443044662
0,0.0985799878835678,0,0.0968196988105773,0,0.1023379564285278,0,0.0915779992938041
0,0.0864357128739357,0,0.0784785896539688,0,0.061052281409502,0,0.083573080599308
0,0.0993689447641372,0,0.132633775472641,0,0.0712253227829933,0,0.0932805612683296
0,0.0864124074578285,0,0.1266849189996719,0,0.0912572741508483,0,0.087119922041893
0,0.0851843953132629,0,0.1399186849594116,0,0.1797695904970169,0,0.1298029571771621
0,0.0535765588283538,0,0.1027576327323913,0,0.0933083668351173,0,0.0823113620281219
0,0.0952794030308723,0,0.1725668460130691,0,0.072114773094654,0,0.1017806008458137
0,0.1081800460815429,0,0.1584082245826721,0,0.1608734875917434,0,0.1059642061591148
0,0.0450089834630489,0,0.0268413294106721,0,0.0205791089683771,0,0.0471936538815498
0,0.0476309284567832,0,0.0252565462142229,0,0.0077196508646011,0,0.0433690436184406
0,0.0513588078320026,0,0.0674910172820091,0,0.063496395945549,0,0.0507575385272502
0,0.0600949302315712,0,0.0587450638413429,0,0.0699972882866859,0,0.0691509172320365
0,0.0589009299874305,0,0.0601390898227691,0,0.0675686970353126,0,0.0536111667752265
0,0.0887778848409652,0,0.0842046812176704,0,0.0960059314966201,0,0.0860013738274574
0,0.1017239838838577,0,0.1554553508758545,0,0.0866090357303619,0,0.0830225497484207
0,0.034502875059843,0,0.0214281640946865,0,0.0487462319433689,0,0.0260438360273838
0,0.1182405203580856,0,0.1397523880004882,0,0.0918591767549514,0,0.1105295941233635
0,0.1642685830593109,0,0.1458816975355148,0,0.0735130310058593,0,0.0827286168932914
0,0.0915970206260681,0,0.1675542443990707,0,0.0988311842083931,0,0.1044989377260208
0,0.5347673892974854,0,0.3306427001953125,0,0.40855872631073,0,0.2591839730739593
0,0.078260101377964,0,0.0941136106848716,0,0.073371984064579,0,0.0469949431717395
0,0.0778001025319099,0,0.146103948354721,0,0.098253421485424,0,0.0830700099468231
0,0.5261956453323364,0,0.3432718217372894,0,0.486185073852539,0,0.2737439572811126
0,0.1673414558172226,0,0.245623230934143,0,0.2507430911064148,0,0.1324207037687301
0,0.1870484799146652,0,0.2134752720594406,0,0.136992946267128,0,0.164491593837738
0,0.1826168298721313,0,0.22696553170681,0,0.1850631088018417,0,0.1655611246824264
0,0.0931112468242645,0,0.1218983829021453,0,0.0767150595784187,0,0.119788534939289
0,0.4960024058818817,0,0.3330603539943695,0,0.4920071065425873,0,0.2749868929386139
0,0.0691695660352706,0,0.1514963954687118,0,0.0872110649943351,0,0.0544385500252246
0,0.1621113568544387,0,0.1831272542476654,0,0.2114042341709137,0,0.118866465985775
0,0.0740945264697074,0,0.1236235424876213,0,0.0710199028253555,0,0.0609239935874938
0,0.1096574068069458,0,0.1548969447612762,0,0.1306985020637512,0,0.0918292477726936
1,0.1921004652976989,1,0.2246230691671371,1,0.3209521770477295,1,0.1555300056934356
1,0.1310088336467743,1,0.18121238052845,1,0.1684470027685165,1,0.1517646610736847
1,0.1506357491016388,1,0.1845268011093139,1,0.0920268818736076,1,0.1073482483625412
1,0.1603945791721344,1,0.1842579692602157,1,0.2319789677858352,1,0.1747280359268188
1,0.1011468917131424,1,0.1932865232229232,1,0.0992342159152031,1,0.1056973412632942
1,0.1361536383628845,1,0.1033304184675216,1,0.0955798998475074,1,0.0979924350976944
1,0.1282790750265121,1,0.1439072042703628,1,0.0632502064108848,1,0.0955662056803703
1,0.1358691602945327,1,0.1247637271881103,1,0.0359030924737453,1,0.0918534696102142
1,0.0108133675530552,1,0.0310724396258592,1,0.0459544546902179,1,0.0631685107946395
1,0.0129894334822893,1,0.0355323366820812,1,0.0482516847550869,1,0.0436903834342956
1,0.0151388384401798,1,0.049170434474945,1,0.0612245015799999,1,0.0469965040683746
1,0.2749232351779938,1,0.2605155408382416,1,0.3627810776233673,1,0.200669065117836
1,0.1762812584638595,1,0.2018033266067505,1,0.2840182185173034,1,0.1688708811998367
1,0.2106112688779831,1,0.2181629538536071,1,0.2195555865764618,1,0.1720132678747177
1,0.0777139812707901,1,0.1226369813084602,1,0.0685954540967941,1,0.0749618783593177
1,0.2237481474876403,1,0.2016655206680297,1,0.2744697630405426,1,0.157123401761055
1,0.2940097451210022,1,0.2638511955738067,1,0.2683165669441223,1,0.2423132061958313
1,0.2851338386535644,1,0.2692856192588806,1,0.2443224489688873,1,0.2342716008424759
1,0.0890583917498588,1,0.1704419553279876,1,0.0724620223045349,1,0.1017266362905502
1,0.1031951084733009,1,0.1788035035133361,1,0.0902664810419082,1,0.1421532928943634
1,0.0851563438773155,1,0.0937387943267822,1,0.0993604734539985,1,0.0916757732629776
0,0.0791974067687988,0,0.0874562561511993,0,0.0818729996681213,0,0.0906631276011467
0,0.0863432213664054,0,0.1020510345697403,0,0.0555331520736217,0,0.0741351321339607
0,0.0471441596746444,0,0.1050318479537963,0,0.0648964792490005,0,0.0718917101621627
0,0.0940820500254631,0,0.1005898043513298,0,0.1047273054718971,0,0.0727914050221443
0,0.1021849811077117,0,0.1236749961972236,0,0.0641241669654846,0,0.0856229215860366
0,0.0571444071829319,0,0.1069234162569046,0,0.0467378906905651,0,0.0936036258935928
0,0.0731716901063919,0,0.0625453293323516,0,0.0113498242571949,0,0.072399228811264
0,0.0959148854017257,0,0.1009494438767433,0,0.020112881436944,0,0.0810374990105629
0,0.0922173932194709,0,0.1260264664888382,0,0.0793136805295944,0,0.1133209019899368
0,0.0947400704026222,0,0.1362881809473037,0,0.0575141981244087,0,0.084465242922306
0,0.3920474648475647,0,0.3279407620429992,0,0.4707427620887756,0,0.2625719904899597
0,0.4196990132331848,0,0.3237322270870209,0,0.4705131649971008,0,0.2674521803855896
0,0.2452808171510696,0,0.2174211889505386,0,0.1989378631114959,0,0.1670198142528534
0,0.2007873058319091,0,0.2022913545370102,0,0.3457701504230499,0,0.1561793833971023
0,0.5674115419387817,0,0.351573497056961,0,0.5018419623374939,0,0.2939176857471466
0,0.3798164427280426,0,0.3299259841442108,0,0.3791099488735199,0,0.2375938445329666
0,0.1168470680713653,0,0.1049030572175979,0,0.108597807586193,0,0.1091466844081878
0,0.4518533051013946,0,0.3276674747467041,0,0.362751692533493,0,0.2755243480205536
0,0.1070796847343444,0,0.081071101129055,0,0.0954458713531494,0,0.0901088938117027
0,0.13831327855587,0,0.1544631272554397,0,0.2220101505517959,0,0.1171185821294784
0,0.0549865886569023,0,0.1019160971045494,0,0.1159368008375167,0,0.1014744490385055
0,0.0571039021015167,0,0.0386711992323398,0,0.0655062720179557,0,0.0509582012891769
0,0.0884827971458435,0,0.1079238206148147,0,0.0886343643069267,0,0.1087028011679649
0,0.1146473363041877,0,0.1633548140525818,0,0.2232397049665451,0,0.1652587652206421
0,0.035028588026762,0,0.1168977692723274,0,0.0746162012219429,0,0.0926534757018089
0,0.0628987774252891,0,0.0448247455060482,0,0.054566491395235,0,0.0560019351541996
0,0.0492083132266998,0,0.0593682825565338,0,0.0852010622620582,0,0.0609046444296836
0,0.0926932916045188,0,0.1113509535789489,0,0.1220421642065048,0,0.1069448962807655
0,0.1274896413087844,0,0.208596870303154,0,0.0260408241301774,0,0.1270399540662765
0,0.269741415977478,0,0.2575819194316864,0,0.4012389481067657,0,0.2153180837631225
0,0.1641205251216888,0,0.1728823482990265,0,0.347275823354721,0,0.1260121315717697
0,0.2974330484867096,0,0.270947128534317,0,0.3938155472278595,0,0.2387641072273254
0,0.1502444893121719,0,0.1144361868500709,0,0.1664065718650818,0,0.1252619326114654
0,0.1079236268997192,0,0.1650610119104385,0,0.1169940754771232,0,0.0961654633283615
0,0.0569630041718483,0,0.1382110118865966,0,0.122694082558155,0,0.0973894074559211
0,0.1402345895767212,0,0.173841118812561,0,0.1046003252267837,0,0.146103098988533
0,0.1839828640222549,0,0.2260479032993316,0,0.0861373618245124,0,0.1818763613700866
0,0.0325437486171722,0,0.0373172312974929,0,0.0350351706147193,0,0.0309906844049692
0,0.0412479452788829,0,0.0401072613894939,0,0.0316019020974636,0,0.0589931458234787
0,0.021340575069189,0,0.0146142281591892,0,0.0185525119304656,0,0.0279866065829992
0,0.1493766158819198,0,0.2028522938489914,0,0.087639719247818,0,0.1262798756361007
0,0.0245161540806293,0,0.0207823384553194,0,0.0295288041234016,0,0.0345233716070652
0,0.0348793938755989,0,0.0545193627476692,0,0.0648424923419952,0,0.034709446132183
0,0.0583317317068576,0,0.0465754680335521,0,0.0437429398298263,0,0.0643724873661995
0,0.0053340238519012,0,0.0203736405819654,0,0.0065965834073722,0,0.036275140941143
0,0.0232766009867191,0,0.0335702709853649,0,0.078072465956211,0,0.0486857704818248
0,0.0270540304481983,0,0.022172262892127,0,0.0356105789542198,0,0.0331752486526966
0,0.1246204599738121,0,0.1455332338809967,0,0.1197830736637115,0,0.099345713853836
0,0.1052790507674217,0,0.1245340555906295,0,0.0421201325953006,0,0.076615996658802
0,0.0930931866168975,0,0.1316896378993988,0,0.1822742372751236,0,0.0869277641177177
0,0.1209784373641014,0,0.1391087472438812,0,0.1220058649778366,0,0.0963172614574432
0,0.0887304320931434,0,0.0975352749228477,0,0.1018101274967193,0,0.1068118512630462
0,0.2933948934078216,0,0.261774480342865,0,0.2346748411655426,0,0.2299497127532959
0,0.2514613568782806,0,0.2646926641464233,0,0.3853927552700043,0,0.214555487036705
0,0.1357771903276443,0,0.114382266998291,0,0.0995534509420394,0,0.0714865699410438
0,0.0875650122761726,0,0.106605090200901,0,0.1195026785135269,0,0.0955354794859886
0,0.0782314166426658,0,0.067607469856739,0,0.055573970079422,0,0.100220538675785
0,0.0957230105996131,0,0.1773948818445205,0,0.094714917242527,0,0.094760000705719
0,0.1021196022629737,0,0.136222556233406,0,0.0798142254352569,0,0.0886917412281036
0,0.1116251274943351,0,0.031938511878252,0,0.0381195098161697,0,0.0455268546938896
0,0.0941657200455665,0,0.165480688214302,0,0.0816218703985214,0,0.0848841816186904
0,0.0832697302103042,0,0.1566457897424698,0,0.0799733400344848,0,0.0763296037912368
0,0.0462523251771926,0,0.0267642438411712,0,0.0265826303511858,0,0.0583503693342208
0,0.0956570580601692,0,0.1694570779800415,0,0.0704893767833709,0,0.0678079649806022
0,0.1343718320131302,0,0.1039874553680419,0,0.0639034956693649,0,0.0943963527679443
0,0.1154501289129257,0,0.1033170521259307,0,0.0512031204998493,0,0.098295122385025
0,0.1826358139514923,0,0.2358396202325821,0,0.3818765878677368,0,0.1925929933786392
0,0.0591254159808158,0,0.0662888213992118,0,0.0565835684537887,0,0.0699340105056762
0,0.0935248658061027,0,0.0481814742088317,0,0.0898216515779495,0,0.1095281541347503
0,0.1240414083003997,0,0.2309074252843856,0,0.1021656692028045,0,0.1150205358862876
0,0.3760244250297546,0,0.2843804657459259,0,0.3914228677749634,0,0.2384698390960693
0,0.3432769477367401,0,0.3018486499786377,0,0.3109423816204071,0,0.2178419977426529
0,0.3590177595615387,0,0.2990516126155853,0,0.3959235548973083,0,0.2282589524984359
0,0.0978518575429916,0,0.0603632181882858,0,0.0268903672695159,0,0.0643618628382682
0,0.138689175248146,0,0.1569871455430984,0,0.1037047952413559,0,0.1524523198604583
0,0.1373343765735626,0,0.1957374215126037,0,0.1257243305444717,0,0.1743159294128418
0,0.1030071452260017,0,0.1355995833873748,0,0.0899967029690742,0,0.1065643429756164
0,0.0902159661054611,0,0.1726575642824173,0,0.0783964693546295,0,0.1107921376824379
0,0.1367923021316528,0,0.1915594786405563,0,0.1057705506682396,0,0.1362932920455932
0,0.1019647642970085,0,0.158578023314476,0,0.0834621638059616,0,0.1052681654691696
0,0.0550821125507354,0,0.0932400748133659,0,0.0648679062724113,0,0.0863612741231918
0,0.0362562537193298,0,0.1255002617835998,0,0.0276006944477558,0,0.1025169044733047
0,0.0673547461628913,0,0.1295119822025299,0,0.0513818599283695,0,0.0988064482808113
0,0.0935642048716545,0,0.1375669687986374,0,0.1287485063076019,0,0.098621480166912
0,0.1219211742281913,0,0.1551364362239837,0,0.1341307312250137,0,0.1394591778516769
0,0.098839946091175,0,0.1544321030378341,0,0.0736565068364143,0,0.1046600043773651
0,0.1615329086780548,0,0.1482822448015213,0,0.0980762019753456,0,0.1012050360441207
0,0.1009541004896164,0,0.1452993899583816,0,0.0494008772075176,0,0.1075780987739563
0,0.1445608586072921,0,0.1812095493078231,0,0.1836075484752655,0,0.1301567107439041
0,0.1845042258501052,0,0.2442894279956817,0,0.1057771071791648,0,0.1615437120199203
0,0.2271133512258529,0,0.2315743416547775,0,0.1677170842885971,0,0.2008565813302993
0,0.0741768181324005,0,0.118094615638256,0,0.072065383195877,0,0.0704562216997146
0,0.1141191944479942,0,0.1599044948816299,0,0.2256839722394943,0,0.1588519066572189
0,0.1120355352759361,0,0.1179448589682579,0,0.0706171691417694,0,0.0917419418692588
0,0.1560477465391159,0,0.1915197521448135,0,0.1421733945608139,0,0.1396701782941818
0,0.1303073018789291,0,0.1586233526468277,0,0.1311546117067337,0,0.1311386078596115
0,0.1038216054439544,0,0.1634857356548309,0,0.1799912303686142,0,0.1102437227964401
0,0.0494653545320034,0,0.0660062581300735,0,0.1105822324752807,0,0.0691590458154678
0,0.1135665401816368,0,0.1677764505147934,0,0.1748301982879638,0,0.1337632238864898
0,0.0979254022240638,0,0.1279944628477096,0,0.0926166102290153,0,0.0959616228938102
0,0.0853983089327812,0,0.0973293408751487,0,0.0711830332875251,0,0.0767582654953002
0,0.0960163548588752,0,0.1589611619710922,0,0.0860883742570877,0,0.0855760276317596
0,0.0735040083527565,0,0.1036358773708343,0,0.0880781412124633,0,0.092574656009674
0,0.0097404224798083,0,0.0282428003847599,0,0.0261175017803907,0,0.037468321621418
0,0.3789854943752289,0,0.2963551580905914,0,0.393434464931488,0,0.2428768873214721
0,0.0448691993951797,0,0.0521175749599933,0,0.0372929163277149,0,0.0552410893142223
0,0.0392481759190559,0,0.0298780761659145,0,0.0446263030171394,0,0.058433074504137
0,0.0844027996063232,0,0.0600744783878326,0,0.0409171693027019,0,0.0707775056362152
0,0.2525096535682678,0,0.2534007132053375,0,0.3103183507919311,0,0.1917886734008789
0,0.0538925416767597,0,0.029598681256175,0,0.0192349553108215,0,0.0508888289332389
0,0.1198712885379791,0,0.169484943151474,0,0.0519345887005329,0,0.108841098845005
0,0.0448620095849037,0,0.0859550237655639,0,0.0376986563205719,0,0.0459108278155326
0,0.1791760623455047,0,0.2287980020046234,0,0.1716730147600174,0,0.1429342925548553
0,0.0541142039000988,0,0.0793172493577003,0,0.006920478772372,0,0.0493462160229682
0,0.0708708465099334,0,0.0296152420341968,0,0.0355025231838226,0,0.0470879822969436
0,0.0486608408391475,0,0.0908487886190414,0,0.0574465915560722,0,0.066109575331211
0,0.2197248041629791,0,0.2250574082136154,0,0.1918069571256637,0,0.1205091923475265
0,0.0628265663981437,0,0.0509426295757293,0,0.0151277519762516,0,0.0712508633732795
0,0.0272745061665773,0,0.0303212068974971,0,0.0220814235508441,0,0.0382047668099403
0,0.0576834492385387,0,0.1351371109485626,0,0.0228134132921695,0,0.0874964892864227
0,0.0325707532465457,0,0.0188997592777013,0,0.0349373146891593,0,0.0324289314448833
0,0.0539293177425861,0,0.0194901321083307,0,0.0312919281423091,0,0.034120637923479
0,0.1467721164226532,0,0.1597651541233062,0,0.11446163803339,0,0.0847784057259559
0,0.1798472255468368,0,0.2102231383323669,0,0.124135173857212,0,0.1168408691883087
0,0.1462798416614532,0,0.1199673414230346,0,0.1225023791193962,0,0.1277994960546493
0,0.1205819696187973,0,0.1209017187356948,0,0.0861929580569267,0,0.0909288525581359
0,0.0695732533931732,0,0.0313518717885017,0,0.0290547348558902,0,0.0337029471993446
0,0.0667288601398468,0,0.0271821469068527,0,0.0723811015486717,0,0.0502295456826686
0,0.083908274769783,0,0.0286586042493581,0,0.0383243635296821,0,0.0525662563741207
0,0.0911727398633956,0,0.0242011118680238,0,0.0101652666926383,0,0.0367132276296615
0,0.0587555915117263,0,0.0249980073422193,0,0.0094072995707392,0,0.0326370075345039
0,0.1321030855178833,0,0.1674886047840118,0,0.0985589921474456,0,0.1299705654382705
0,0.1305945962667465,0,0.0464167296886444,0,0.0915873497724533,0,0.103167325258255
0,0.0509863160550594,0,0.023872222751379,0,0.0516336373984813,0,0.024919256567955
0,0.0399704799056053,0,0.0251674856990575,0,0.0553038530051708,0,0.0388322696089744
0,0.0611095875501632,0,0.1014118865132331,0,0.047196689993143,0,0.0758069679141044
0,0.0902447775006294,0,0.0488963276147842,0,0.0862915739417076,0,0.0798522904515266
0,0.1614452898502349,0,0.2016901075839996,0,0.1295778900384903,0,0.1771663278341293
0,0.2019230276346206,0,0.2049029320478439,0,0.0845108851790428,0,0.1544897854328155
0,0.0906856730580329,0,0.1287941038608551,0,0.1227636933326721,0,0.1219291538000106
0,0.1963992565870285,0,0.2087239325046539,0,0.1410399675369262,0,0.2142163962125778
0,0.4272557497024536,0,0.3006637692451477,0,0.4072135388851166,0,0.2549090385437011
0,0.1007378473877906,0,0.0622600018978118,0,0.0669673681259155,0,0.0760408490896225
0,0.2059478759765625,0,0.2093221694231033,0,0.1907095313072204,0,0.1967057734727859
0,0.0955257564783096,0,0.080797828733921,0,0.0589806288480758,0,0.0761925503611564
0,0.0884395167231559,0,0.215322807431221,0,0.1629965901374817,0,0.077268473803997
0,0.161609947681427,0,0.1581111699342727,0,0.1449136883020401,0,0.1216295883059501
0,0.1497729122638702,0,0.1036706566810607,0,0.160539224743843,0,0.113796129822731
0,0.1528594940900802,0,0.2469632029533386,0,0.1518593877553939,0,0.0978960245847702
0,0.0959027037024498,0,0.1030986756086349,0,0.1853789389133453,0,0.1313772648572921
0,0.1198884174227714,0,0.1845942586660385,0,0.1826382130384445,0,0.1044426187872886
0,0.1574494689702987,0,0.1883009225130081,0,0.1399543732404709,0,0.1376548409461975
0,0.2055228352546692,0,0.1845055818557739,0,0.2707791924476623,0,0.1778153628110885
0,0.2489495426416397,0,0.220048725605011,0,0.3831624686717987,0,0.1984274983406067
0,0.1232386752963066,0,0.1371927857398986,0,0.1187687739729881,0,0.1150151863694191
0,0.163326159119606,0,0.2090018838644027,0,0.1777732074260711,0,0.1184517070651054
0,0.1087393909692764,0,0.1850744187831878,0,0.1243674308061599,0,0.1374880671501159
0,0.1112978607416153,0,0.1013140603899955,0,0.1334147304296493,0,0.1095566749572753
0,0.1366906017065048,0,0.1248753443360328,0,0.0495693534612655,0,0.0715629830956459
0,0.1789771616458892,0,0.2490826100111007,0,0.2277275323867797,0,0.1568959504365921
0,0.0737765282392501,0,0.1163394525647163,0,0.0436534620821476,0,0.0855714082717895
0,0.0545146465301513,0,0.059367898851633,0,0.077381357550621,0,0.0727606490254402
0,0.0617364458739757,0,0.0458406656980514,0,0.051944226026535,0,0.0586316213011741
0,0.0267817396670579,0,0.039591234177351,0,0.0399968586862087,0,0.0386457704007625
0,0.0596561133861541,0,0.1082807853817939,0,0.0934479311108589,0,0.0714809969067573
0,0.1035019233822822,0,0.1383493393659591,0,0.0840933173894882,0,0.0737246870994567
0,0.1236167773604393,0,0.1520840972661972,0,0.0863368213176727,0,0.0984831899404525
0,0.0863065496087074,0,0.1612790375947952,0,0.0822131559252739,0,0.0958392396569252
0,0.1315190345048904,0,0.1392445117235183,0,0.0800164192914962,0,0.1318106651306152
0,0.0531739965081214,0,0.1045310124754905,0,0.0423032082617282,0,0.0903406366705894
0,0.2818335890769958,0,0.2429656237363815,0,0.3126048147678375,0,0.208169087767601
0,0.1988538056612014,0,0.2315676361322403,0,0.2582170367240906,0,0.2030570358037948
0,0.1417966932058334,0,0.2070778906345367,0,0.1686638444662094,0,0.1608437001705169
0,0.2284710258245468,0,0.2671028673648834,0,0.2105547189712524,0,0.1952279210090637
0,0.1177446842193603,0,0.1981236040592193,0,0.0702449828386306,0,0.1049223467707634
0,0.192023292183876,0,0.1694373935461044,0,0.1251326650381088,0,0.0926012024283409
0,0.1269198060035705,0,0.1130330637097358,0,0.0904357060790062,0,0.0844980850815773
0,0.0437089428305625,0,0.0474461205303669,0,0.0796800106763839,0,0.0559298209846019
0,0.041201114654541,0,0.0450694747269153,0,0.0441290214657783,0,0.0598622150719165
0,0.0977659821510315,0,0.0407933443784713,0,0.087783895432949,0,0.0604442507028579
0,0.4496581256389618,0,0.3185023665428161,0,0.4694607257843017,0,0.2635738551616668
0,0.1120635792613029,0,0.1248666420578956,0,0.0846703350543975,0,0.1245292648673057
0,0.0799215734004974,0,0.1504008471965789,0,0.0805058851838111,0,0.1098923534154892
0,0.0750702694058418,0,0.1848362535238266,0,0.0870526283979415,0,0.1239290684461593
0,0.226657435297966,0,0.2141228169202804,0,0.3579404056072235,0,0.2108827382326126
0,0.13790263235569,0,0.1920395642518997,0,0.1788385212421417,0,0.1399218738079071
0,0.1471039652824401,0,0.1879473179578781,0,0.234696090221405,0,0.1510016769170761
0,0.2633619308471679,0,0.2551934719085693,0,0.3089998066425323,0,0.203902468085289
0,0.1840992420911789,0,0.2946818768978119,0,0.1737168282270431,0,0.1189536303281784
0,0.1665389388799667,0,0.2250341325998306,0,0.1713455319404602,0,0.1800041496753692
0,0.0586296096444129,0,0.0862810239195823,0,0.0976922735571861,0,0.0896080806851387
0,0.1440758407115936,0,0.1632309257984161,0,0.2054954171180725,0,0.1736316233873367
0,0.0740325599908828,0,0.1215090826153755,0,0.0779212266206741,0,0.0996112823486328
0,0.0531129539012908,0,0.0423385873436927,0,0.0177041683346033,0,0.0413973666727542
0,0.0121331196278333,0,0.025681173428893,0,0.0332203134894371,0,0.0356288664042949
0,0.0272320173680782,0,0.0412004627287387,0,0.0391195937991142,0,0.0397802740335464
0,0.0391981676220893,0,0.0307987574487924,0,0.014313262887299,0,0.0336615331470966
0,0.0277292877435684,0,0.0222703367471694,0,0.0094240624457597,0,0.0387967340648174
0,0.0453104302287101,0,0.0236686132848262,0,0.0393591150641441,0,0.0430151186883449
0,0.0368684865534305,0,0.0316802784800529,0,0.0124860415235161,0,0.0375854037702083
0,0.0723830536007881,0,0.031153293326497,0,0.0059005850926041,0,0.0501470305025577
0,0.1084012016654014,0,0.1613370031118393,0,0.0804974138736724,0,0.1089101657271385
0,0.0404646061360836,0,0.0346245840191841,0,0.0617606341838836,0,0.0483139306306839
0,0.0720290392637252,0,0.054331436753273,0,0.0500562600791454,0,0.0530073046684265
0,0.0982656329870224,0,0.1526445746421814,0,0.104369431734085,0,0.1456530541181564
0,0.103498950600624,0,0.0345507822930812,0,0.0537513978779315,0,0.0608740672469139
0,0.0327080786228179,0,0.0323265418410301,0,0.0316320024430751,0,0.0381806641817092
0,0.0285602789372205,0,0.0253963079303503,0,0.0443773046135902,0,0.0433934107422828
0,0.0713842436671257,0,0.1627533733844757,0,0.065793402493,0,0.0777604952454567
0,0.0977813601493835,0,0.0648998767137527,0,0.0343970656394958,0,0.0571192875504493
0,0.1027847230434417,0,0.1526990532875061,0,0.1090555414557457,0,0.1024588942527771
0,0.1823843866586685,0,0.2116871029138565,0,0.2892490327358246,0,0.1698171943426132
0,0.2185216248035431,0,0.2697544693946838,0,0.3059958219528198,0,0.1900066286325454
0,0.1816999316215515,0,0.1833216845989227,0,0.1477023512125015,0,0.127002939581871
0,0.1193191260099411,0,0.1818885505199432,0,0.0741210654377937,0,0.1280933767557144
0,0.201757326722145,0,0.1843302696943283,0,0.2213600277900695,0,0.1261216551065445
0,0.1067904755473136,0,0.1539857387542724,0,0.1068739891052246,0,0.1261335164308548
0,0.2255669683218002,0,0.2277420610189438,0,0.360568642616272,0,0.1827806979417801
0,0.0607142858207225,0,0.1380190700292587,0,0.0694876015186309,0,0.1220557987689971
0,0.039939772337675,0,0.0312384031713008,0,0.0188347641378641,0,0.0456025339663028
0,0.0491412915289402,0,0.0399315617978572,0,0.021910224109888,0,0.0546642057597637
0,0.0262237749993801,0,0.0838448256254196,0,0.044266939163208,0,0.0596982687711715
0,0.1399556547403335,0,0.2024256139993667,0,0.1725960373878479,0,0.1646372228860855
0,0.1511284410953521,0,0.2285979837179184,0,0.2357362359762191,0,0.1451233625411987
0,0.0873851925134658,0,0.1491452902555465,0,0.0622419826686382,0,0.0823111981153488
0,0.036999762058258,0,0.0305532831698656,0,0.0284635908901691,0,0.032805435359478
0,0.0244534835219383,0,0.0258389934897422,0,0.0158878844231367,0,0.0361846908926963
0,0.0262481160461902,0,0.0383994206786155,0,0.0048758061602711,0,0.0321254581212997
0,0.0219175685197114,0,0.0209207721054554,0,0.015362543053925,0,0.0299488473683595
0,0.0873054191470146,0,0.1387536227703094,0,0.0737603530287742,0,0.0746566131711006
0,0.0635297074913978,0,0.0304982010275125,0,0.0338510870933532,0,0.0332299694418907
0,0.0189799759536981,0,0.0253741573542356,0,0.0121696256101131,0,0.0285983905196189
0,0.021204512566328,0,0.0290954038500785,0,0.044153768569231,0,0.026326410472393
0,0.080748364329338,0,0.1111015975475311,0,0.1137264147400856,0,0.0791445821523666
0,0.0642226263880729,0,0.0548048205673694,0,0.047844897955656,0,0.056142970919609
0,0.0855804532766342,0,0.1511265933513641,0,0.0741484612226486,0,0.1166406869888305
0,0.019421549513936,0,0.0304987207055091,0,0.0134183652698993,0,0.0350945554673671
0,0.0104643451049923,0,0.0227354429662227,0,0.0170912127941846,0,0.0303991641849279
0,0.1329208463430404,0,0.1570617407560348,0,0.0760299637913703,0,0.1123312413692474
0,0.0647552534937858,0,0.0382227003574371,0,0.0266193822026252,0,0.0476150251924991
0,0.0431676506996154,0,0.0400430522859096,0,0.0515677370131015,0,0.0575178153812885
0,0.1270467191934585,0,0.1833609491586685,0,0.0603143163025379,0,0.1496249139308929
0,0.0591318495571613,0,0.0699058175086975,0,0.0410184636712074,0,0.0509148314595222
0,0.04388889670372,0,0.1047424226999282,0,0.0582987479865551,0,0.0500217154622077
0,0.0953521206974983,0,0.1706033945083618,0,0.0650875642895698,0,0.1020028293132782
0,0.0840040370821952,0,0.0254337154328823,0,0.0216923430562019,0,0.0694574192166328
0,0.1614658087491989,0,0.207779973745346,0,0.0741360187530517,0,0.1228327751159668
0,0.239390030503273,0,0.21868696808815,0,0.1185567528009414,0,0.2024195790290832
0,0.0653578117489814,0,0.2012678235769271,0,0.0633381903171539,0,0.0934080630540847
0,0.0529654361307621,0,0.0436961017549037,0,0.0567247532308101,0,0.0519307851791381
0,0.0816726386547088,0,0.1679076999425888,0,0.1598812341690063,0,0.102060317993164
0,0.0672717913985252,0,0.1080816686153411,0,0.0499520152807235,0,0.075882963836193
0,0.1219681203365325,0,0.1296392530202865,0,0.0797095075249672,0,0.105272963643074
0,0.0287845749408006,0,0.0516926385462284,0,0.0382340885698795,0,0.0416494645178318
0,0.0696061477065086,0,0.165027305483818,0,0.1599548161029815,0,0.0912513136863708
0,0.0391852743923664,0,0.1170028746128082,0,0.0087647018954157,0,0.0414878465235233
0,0.1233821287751197,0,0.1468304842710495,0,0.0118646593764424,0,0.0971163734793663
0,0.1072906330227851,0,0.131734624505043,0,0.0909910053014755,0,0.1014091297984123
0,0.0723902136087417,0,0.1295931488275528,0,0.0702566653490066,0,0.0944163873791694
0,0.1065903753042221,0,0.1546932905912399,0,0.1469908356666565,0,0.1038866266608238
0,0.0709284842014312,0,0.1236633881926536,0,0.0545583367347717,0,0.0718435272574424
0,0.0234970040619373,0,0.0285918749868869,0,0.0036614723503589,0,0.0385651253163814
0,0.0289300549775362,0,0.0314145646989345,0,0.0090707065537571,0,0.0487576276063919
0,0.0301082450896501,0,0.0231594610959291,0,0.008655909448862,0,0.0439083203673362
0,0.104321077466011,0,0.1343111246824264,0,0.1236251890659332,0,0.0888116434216499
0,0.1841844320297241,0,0.2124359309673309,0,0.142835795879364,0,0.1388961523771286
1,0.0618126466870307,1,0.0947521179914474,1,0.1140721142292022,1,0.0788226276636123
1,0.0674622729420661,1,0.0573727041482925,1,0.0556854829192161,1,0.0641339197754859
1,0.1349836140871048,1,0.185477927327156,1,0.1728764474391937,1,0.1683000922203064
1,0.0767361298203468,1,0.1608102023601532,1,0.2705567479133606,1,0.1318985223770141
1,0.1915282756090164,1,0.1921922862529754,1,0.1577906906604766,1,0.191687986254692
1,0.1351631432771682,1,0.1897345036268234,1,0.1411111652851104,1,0.1286454200744629
1,0.1095817908644676,1,0.133951649069786,1,0.071976862847805,1,0.0837186574935913
1,0.1121808290481567,1,0.1351050436496734,1,0.0338048972189426,1,0.0878042876720428
1,0.1119793131947517,1,0.1080331355333328,1,0.0748889967799186,1,0.0861273184418678
1,0.1428831666707992,1,0.1487100273370742,1,0.107426181435585,1,0.1354782879352569
1,0.3557135760784149,1,0.2892759144306183,1,0.3486081957817077,1,0.2041023969650268
1,0.114336259663105,1,0.1054644733667373,1,0.1388544589281082,1,0.1003018990159034
1,0.123036079108715,1,0.1559958159923553,1,0.2815029919147491,1,0.1508171707391739
1,0.1298839449882507,1,0.1675539910793304,1,0.1089509725570678,1,0.1099981069564819
1,0.0783168077468872,1,0.2166944295167923,1,0.2348013222217559,1,0.111856073141098
0,0.1781818866729736,0,0.2242748588323593,0,0.1777682900428772,0,0.1323398053646087
0,0.1591848880052566,0,0.1560238599777221,0,0.2035940885543823,0,0.1129039973020553
0,0.0814656466245651,0,0.1071248799562454,0,0.1384378671646118,0,0.1233010739088058
0,0.0504692606627941,0,0.0219220854341983,0,0.008829990401864,0,0.0375604331493377
0,0.0691798478364944,0,0.0517776124179363,0,0.0589789077639579,0,0.084303043782711
0,0.1715264171361923,0,0.2440186589956283,0,0.0915703028440475,0,0.1313056945800781
0,0.0592018738389015,0,0.0838952511548996,0,0.064260147511959,0,0.1132643520832061
0,0.0754695385694503,0,0.1449029892683029,0,0.035288818180561,0,0.0947325900197029
0,0.0842432826757431,0,0.1146158427000045,0,0.0308835264295339,0,0.0888991355895996
0,0.051827784627676,0,0.037521094083786,0,0.0749973654747009,0,0.0758922323584556
0,0.0213598236441612,0,0.1050086989998817,0,0.0508812554180622,0,0.0477283634245395
0,0.1275767385959625,0,0.1676215529441833,0,0.082803688943386,0,0.1319558173418045
0,0.2410789430141449,0,0.2032293528318405,0,0.1925069242715835,0,0.1512249708175659
0,0.0929835811257362,0,0.0863728746771812,0,0.103626824915409,0,0.1019812822341919
0,0.0759495943784713,0,0.1098709926009178,0,0.0791810601949691,0,0.0825312882661819
0,0.0856888443231582,0,0.1803944110870361,0,0.0666147395968437,0,0.1037226691842079
0,0.060432743281126,0,0.0905505642294883,0,0.08329838514328,0,0.0886757373809814
0,0.0599224902689456,0,0.1082004085183143,0,0.0363841764628887,0,0.0756904929876327
0,0.2355657666921615,0,0.2047546952962875,0,0.2688395977020263,0,0.1620411425828933
0,0.0520794354379177,0,0.1221283003687858,0,0.0733769908547401,0,0.0865325108170509
0,0.0556822530925273,0,0.1193882375955581,0,0.0846156626939773,0,0.0981730669736862
0,0.058697123080492,0,0.037084013223648,0,0.0362095274031162,0,0.0328471399843692
0,0.0496864803135395,0,0.0611856393516063,0,0.0656910687685012,0,0.0803164541721344
0,0.1728980094194412,0,0.276332825422287,0,0.1069016680121421,0,0.1237381026148796
0,0.4241765141487121,0,0.2902857065200805,0,0.4674908816814422,0,0.2578585743904114
0,0.0636240318417549,0,0.0957843214273452,0,0.0691964998841285,0,0.0861687436699867
0,0.0616777911782264,0,0.0949833691120147,0,0.0860909670591354,0,0.0931374430656433
0,0.3205259442329407,0,0.255517303943634,0,0.3333933651447296,0,0.165750503540039
0,0.0981499180197715,0,0.1105416864156723,0,0.1280657798051834,0,0.0888108387589454
0,0.2984895706176758,0,0.206567570567131,0,0.39052215218544,0,0.1678027510643005
0,0.096980907022953,0,0.1560414880514145,0,0.1199929341673851,0,0.0850784033536911
0,0.1141501292586326,0,0.1861281096935272,0,0.1372663080692291,0,0.1048129424452781
0,0.0759190544486045,0,0.0723701268434524,0,0.0676432102918624,0,0.0797492489218711
0,0.1315439790487289,0,0.1798081547021865,0,0.0701344460248947,0,0.1091742068529129
0,0.085299476981163,0,0.0682415142655372,0,0.0766112059354782,0,0.0729310065507888
0,0.0664141476154327,0,0.0299682021141052,0,0.0391201302409172,0,0.0497049242258071
0,0.074521780014038,0,0.1425102651119232,0,0.0766810476779937,0,0.0910736545920372
0,0.1181996464729309,0,0.0964078232645988,0,0.1083330661058425,0,0.1239932551980018
0,0.0906467959284782,0,0.1289302855730056,0,0.1147269383072853,0,0.0967195257544517
0,0.0745156332850456,0,0.0917020142078399,0,0.0715969502925872,0,0.0685329064726829
0,0.0373555868864059,0,0.0284090805798769,0,0.0543145239353179,0,0.0395372584462165
0,0.1096150130033493,0,0.1901788562536239,0,0.1134886741638183,0,0.1341296136379242
0,0.0399560742080211,0,0.0204995106905698,0,0.0525029450654983,0,0.0361344218254089
0,0.2485832273960113,0,0.2698616683483124,0,0.2987331449985504,0,0.1934131383895874
0,0.0871242955327034,0,0.0849726423621177,0,0.08721524477005,0,0.1126128435134887
0,0.1172514259815216,0,0.0440618507564067,0,0.1114432960748672,0,0.0575559027493
0,0.0703971460461616,0,0.1131531149148941,0,0.14645816385746,0,0.0877901539206504
0,0.3280208110809326,0,0.2800179421901703,0,0.4491329491138458,0,0.2481339573860168
0,0.0711509361863136,0,0.0586169771850109,0,0.0792406052350997,0,0.0806350484490394
0,0.3408071398735046,0,0.3087999820709228,0,0.4567383527755737,0,0.2559744119644165
0,0.0819839686155319,0,0.1625346839427948,0,0.1269262135028839,0,0.0977527573704719
0,0.1252378523349762,0,0.1671448349952697,0,0.1824742555618286,0,0.1516095250844955
0,0.3103951513767242,0,0.2382636666297912,0,0.2422425001859665,0,0.1840582340955734
0,0.1173803433775901,0,0.1262957900762558,0,0.133502796292305,0,0.1098784208297729
0,0.3956091403961181,0,0.2945015430450439,0,0.441356360912323,0,0.2434025555849075
0,0.3416746258735657,0,0.3101512789726257,0,0.4351930022239685,0,0.239278107881546
0,0.3589672446250915,0,0.2735319435596466,0,0.4331041574478149,0,0.2463887333869934
0,0.0129671525210142,0,0.0396498031914234,0,0.0537594594061374,0,0.0455032065510749
0,0.0890569761395454,0,0.1254522502422332,0,0.1188075691461563,0,0.0894826725125312
0,0.1099257245659828,0,0.1517310291528701,0,0.0825617089867591,0,0.1204373389482498
0,0.1105541363358497,0,0.1435625404119491,0,0.0797007828950882,0,0.1061760485172271
0,0.1444190889596939,0,0.1949062049388885,0,0.1245992854237556,0,0.1376643180847168
0,0.1844715625047683,0,0.2645918428897857,0,0.3014157712459564,0,0.1573646068572998
0,0.1402264833450317,0,0.1525043994188308,0,0.0917157158255577,0,0.1051519438624382
0,0.1206488460302352,0,0.1125422939658165,0,0.0654742792248725,0,0.1116157993674278
0,0.115510806441307,0,0.0879495739936828,0,0.0690221935510635,0,0.0946441367268562
0,0.1156894639134407,0,0.1779147386550903,0,0.0637453347444534,0,0.1188588216900825
0,0.0222084913402795,0,0.0176499523222446,0,0.0445140153169631,0,0.0368380323052406
0,0.0141806155443191,0,0.0379345081746578,0,0.0346122272312641,0,0.0294368118047714
0,0.1307772547006607,0,0.1679563820362091,0,0.0269091818481683,0,0.1223912760615348
0,0.1670308709144592,0,0.1307034343481063,0,0.0702942013740539,0,0.0930122211575508
0,0.0583893023431301,0,0.0382025614380836,0,0.0497560948133468,0,0.0503345876932144
0,0.106484867632389,0,0.1610292643308639,0,0.1079495102167129,0,0.0925674736499786
0,0.1367748230695724,0,0.1428869813680648,0,0.0664740949869155,0,0.0808365792036056
0,0.1040494889020919,0,0.1441382020711898,0,0.1426592916250229,0,0.0990088209509849
0,0.1165811121463775,0,0.136480376124382,0,0.1043493077158927,0,0.1066474393010139
0,0.0741018950939178,0,0.0771119967103004,0,0.062981516122818,0,0.0691808760166168
0,0.1079495698213577,0,0.112294964492321,0,0.0652052238583564,0,0.1109091117978096
0,0.1083695963025093,0,0.1304681897163391,0,0.0760995000600814,0,0.128334105014801
0,0.103994496166706,0,0.130229115486145,0,0.1124150827527046,0,0.1247627213597297
0,0.0732154697179794,0,0.0884689837694168,0,0.0807679370045661,0,0.1038571745157241
0,0.0328844487667083,0,0.049941923469305,0,0.0552803017199039,0,0.0569766163825988
0,0.0740246921777725,0,0.105991743505001,0,0.0828093439340591,0,0.084914393723011
0,0.0549013204872608,0,0.0714784637093544,0,0.0550379529595375,0,0.0775014609098434
0,0.0778427273035049,0,0.1731834709644317,0,0.076060764491558,0,0.1162287443876266
0,0.0815126523375511,0,0.1082809120416641,0,0.1198615580797195,0,0.1075631380081176
0,0.0690655186772346,0,0.109479583799839,0,0.0934234634041786,0,0.0880832746624946
0,0.0518673509359359,0,0.0864399001002311,0,0.0588579624891281,0,0.0786570087075233
0,0.1471467465162277,0,0.1612429767847061,0,0.1375759392976761,0,0.1483423709869384
0,0.0507462471723556,0,0.0458011291921138,0,0.0536756590008735,0,0.0551748350262641
0,0.0358160138130188,0,0.045806985348463,0,0.0501592643558979,0,0.0532361902296543
0,0.0916490480303764,0,0.2366741299629211,0,0.1215300932526588,0,0.1113356426358223
0,0.1452711224555969,0,0.2019761204719543,0,0.1440106183290481,0,0.0954905748367309
0,0.1688069999217987,0,0.2000989615917205,0,0.1751525700092315,0,0.1254753023386001
0,0.1521863490343094,0,0.2344810962677002,0,0.1818516254425048,0,0.1273851990699768
0,0.1239803805947303,0,0.1474774330854416,0,0.2125824689865112,0,0.1311402320861816
0,0.0690038055181503,0,0.0437579751014709,0,0.0695981830358505,0,0.0810050666332244
0,0.1101760864257812,0,0.1670947968959808,0,0.0417959839105606,0,0.1452591270208358
0,0.1176707446575164,0,0.1731591522693634,0,0.055066455155611,0,0.139425590634346
0,0.1665304005146026,0,0.1407753676176071,0,0.1031782478094101,0,0.1431391835212707
0,0.0210805758833885,0,0.0698717534542083,0,0.0426068902015686,0,0.047659371048212
0,0.1203178688883781,0,0.1190202087163925,0,0.0799767076969146,0,0.1051699891686439
0,0.0403701774775981,0,0.0387679114937782,0,0.0041340682655572,0,0.0566674880683422
0,0.1410081833600998,0,0.1472502201795578,0,0.0992113798856735,0,0.105719119310379
0,0.009142693132162,0,0.0920870676636695,0,0.0183959808200597,0,0.0418052040040493
0,0.1246535554528236,0,0.1871458739042282,0,0.1671815812587738,0,0.094720110297203
0,0.096840351819992,0,0.1396387964487075,0,0.1377332955598831,0,0.1645059436559677
0,0.0601962320506572,0,0.1028891876339912,0,0.0863895937800407,0,0.0864101126790046
0,0.0130247185006737,0,0.0405929088592529,0,0.0217882897704839,0,0.0448575243353843
0,0.1578953862190246,0,0.0686094313859939,0,0.0632492378354072,0,0.0849457904696464
0,0.0104444362223148,0,0.0373401083052158,0,0.0061231292784214,0,0.0435920618474483
0,0.3040161728858948,0,0.2861844301223755,0,0.4489211142063141,0,0.226665124297142
0,0.1858357787132263,0,0.2063322216272354,0,0.1361312717199325,0,0.1564871519804
0,0.0865273103117942,0,0.0553128458559513,0,0.0174552127718925,0,0.0792791917920112
0,0.0688022747635841,0,0.0913887768983841,0,0.0519371926784515,0,0.0648426413536071
0,0.0863570421934127,0,0.1684360206127166,0,0.027705917134881,0,0.0875370800495147
0,0.3151362836360931,0,0.2748105823993683,0,0.2826999127864837,0,0.244297057390213
0,0.0641126632690429,0,0.0481716617941856,0,0.0303801223635673,0,0.0578507781028747
0,0.1370200514793396,0,0.1559469401836395,0,0.2780573666095733,0,0.1131942197680473
0,0.1166271865367889,0,0.201113611459732,0,0.0698621496558189,0,0.1259131133556366
0,0.3089961111545563,0,0.2691894471645355,0,0.2062970697879791,0,0.2258920073509216
0,0.0831390470266342,0,0.1770265102386474,0,0.0559900403022766,0,0.0991546213626861
0,0.3529098629951477,0,0.2843650579452514,0,0.4393020570278168,0,0.2327425628900528
0,0.3134530484676361,0,0.2704208791255951,0,0.3180161714553833,0,0.2244573831558227
0,0.0736528858542442,0,0.0497495159506797,0,0.0408305488526821,0,0.056784301996231
0,0.1755658239126205,0,0.2043566405773162,0,0.1896725445985794,0,0.1843094378709793
0,0.0179124046117067,0,0.039024107158184,0,0.0192191042006015,0,0.030578538775444
0,0.0435099080204963,0,0.0372397042810916,0,0.0112189725041389,0,0.0455135442316532
0,0.0951015874743461,0,0.0568094551563262,0,0.052275214344263,0,0.0548530519008636
0,0.0618157126009464,0,0.0504561364650726,0,0.0617347955703735,0,0.05324337631464
0,0.0459166876971721,0,0.0277233254164457,0,0.007074418477714,0,0.0480194687843322
0,0.0149934515357017,0,0.0351665467023849,0,0.0163102038204669,0,0.0409565083682537
0,0.0297576356679201,0,0.0230428967624902,0,0.009028180502355,0,0.0246533062309026
0,0.0872694104909896,0,0.0427050590515136,0,0.0342823043465614,0,0.0840788260102272
0,0.1079688072204589,0,0.1621824502944946,0,0.0552206933498382,0,0.0935990288853645
0,0.0147553123533725,0,0.0375959351658821,0,0.0148744061589241,0,0.0336133129894733
0,0.0558113418519496,0,0.0430840961635112,0,0.0355334058403968,0,0.0432332083582878
0,0.0225095208734273,0,0.0171011332422494,0,0.0069861817173659,0,0.0242260266095399
0,0.0673919543623924,0,0.0424937419593334,0,0.0366995260119438,0,0.0709853246808052
0,0.0366360358893871,0,0.0398208238184452,0,0.0328021235764026,0,0.0675489827990531
0,0.0796132609248161,0,0.0372714363038539,0,0.0682583153247833,0,0.056682351976633
0,0.075198233127594,0,0.090854212641716,0,0.0661196559667587,0,0.0578163154423236
0,0.0951530784368515,0,0.1288822889328003,0,0.0854448527097702,0,0.0898936688899993
0,0.0776175186038017,0,0.1635875850915908,0,0.0674882382154464,0,0.0744838044047355
0,0.3462444841861725,0,0.2747772634029388,0,0.442060261964798,0,0.2452742755413055
0,0.1140375584363937,0,0.1467329859733581,0,0.0912510752677917,0,0.0882684588432312
0,0.0700855404138565,0,0.106325052678585,0,0.0917348340153694,0,0.0766706615686416
0,0.1284066587686538,0,0.1647083908319473,0,0.0754610896110534,0,0.0829442963004112
0,0.2570316791534424,0,0.2017674148082733,0,0.1998345851898193,0,0.1913695782423019
0,0.1772352010011673,0,0.2193533480167389,0,0.1940938681364059,0,0.1298349648714065
0,0.0715511664748191,0,0.1545051336288452,0,0.142423927783966,0,0.099076047539711
0,0.1347449123859405,0,0.1882927119731903,0,0.1914918571710586,0,0.1405838727951049
0,0.0808938145637512,0,0.1312182396650314,0,0.0832672789692878,0,0.0661084875464439
0,0.0387209393084049,0,0.0266604125499725,0,0.0519089773297309,0,0.0449480861425399
0,0.0804964154958725,0,0.065575361251831,0,0.0603701062500476,0,0.0741103962063789
0,0.2104895561933517,0,0.2169579118490219,0,0.1864225268363952,0,0.1884792298078537
0,0.0545678958296775,0,0.0688492581248283,0,0.0739221051335334,0,0.0499695241451263
0,0.0659083276987075,0,0.1259080469608307,0,0.0680653229355812,0,0.0886687785387039
0,0.0911588072776794,0,0.0723570957779884,0,0.0608171932399272,0,0.0734029188752174
0,0.1002840474247932,0,0.1240685507655143,0,0.1398378163576126,0,0.0919961482286453
0,0.0569879934191703,0,0.0968196094036102,0,0.083387091755867,0,0.073553942143917
0,0.2446930408477783,0,0.2382582724094391,0,0.1854200512170791,0,0.1293387413024902
0,0.0491974167525768,0,0.0483511500060558,0,0.0488435104489326,0,0.0496647581458091
0,0.1968386322259903,0,0.158984363079071,0,0.1812589168548584,0,0.1331397891044616
0,0.0900962948799133,0,0.0477434918284416,0,0.086488664150238,0,0.0711649432778358
0,0.0504132136702537,0,0.0298119746148586,0,0.0388497412204742,0,0.0683959126472473
0,0.1095863059163093,0,0.1566815674304962,0,0.1436569690704345,0,0.1336692720651626
0,0.0741540938615799,0,0.052761435508728,0,0.0760003328323364,0,0.0603453367948532
0,0.0651128813624382,0,0.0498702973127365,0,0.0636468976736068,0,0.0647085681557655
0,0.1786271631717682,0,0.2036303579807281,0,0.3433434963226318,0,0.1755978465080261
0,0.0598836354911327,0,0.0739391595125198,0,0.1202394440770149,0,0.1075104996562004
0,0.0266542080789804,0,0.0321165323257446,0,0.0319834649562835,0,0.0308567620813846
0,0.0990858376026153,0,0.191671073436737,0,0.1020155400037765,0,0.1199263036251068
0,0.045899037271738,0,0.0502421930432319,0,0.0764338672161102,0,0.0802176222205162
0,0.1013733595609664,0,0.1317953467369079,0,0.0863362252712249,0,0.0886639282107353
0,0.339946448802948,0,0.2975707352161407,0,0.4673254787921905,0,0.2465104907751083
0,0.1302768290042877,0,0.1861744672060012,0,0.1174054741859436,0,0.081831969320774
0,0.0557542145252227,0,0.0572335086762905,0,0.0239354353398084,0,0.0845641866326332
0,0.0957073867321014,0,0.1530903726816177,0,0.0631536990404129,0,0.1097373813390731
0,0.0748188197612762,0,0.0365778394043445,0,0.0985766798257827,0,0.0586503073573112
0,0.1331683546304702,0,0.1413657814264297,0,0.1919942945241928,0,0.103494107723236
0,0.1022056266665458,0,0.0387069098651409,0,0.0753814205527305,0,0.0742123126983642
0,0.1474045813083648,0,0.1804199069738388,0,0.1631701588630676,0,0.1287535727024078
0,0.0295743513852357,0,0.0337146371603012,0,0.0588925331830978,0,0.0393249988555908
0,0.0630082637071609,0,0.1465500444173813,0,0.0637302175164222,0,0.0891851261258125
0,0.1537201851606369,0,0.1711208373308181,0,0.1375575512647628,0,0.1462024450302124
0,0.1097573190927505,0,0.1993548274040222,0,0.1723739206790924,0,0.1179447472095489
0,0.2062826156616211,0,0.2315984219312667,0,0.3673596978187561,0,0.171608492732048
0,0.4152486324310303,0,0.2910806834697723,0,0.4267952740192413,0,0.2687732875347137
0,0.202326014637947,0,0.2209628224372863,0,0.2859029769897461,0,0.1581913232803344
0,0.0641464963555336,0,0.0945343002676963,0,0.1095672026276588,0,0.127104714512825
0,0.0220288895070552,0,0.0422132797539234,0,0.070913627743721,0,0.0568093657493591
0,0.0794601663947105,0,0.1335711032152176,0,0.1274506151676178,0,0.1055081933736801
0,0.0655069053173065,0,0.1890904754400253,0,0.1280728727579116,0,0.1049586236476898
0,0.141751155257225,0,0.1851032376289367,0,0.0900590866804122,0,0.1116179153323173
0,0.0357422120869159,0,0.0223095342516899,0,0.0405351184308528,0,0.0368505418300628
0,0.0091565605252981,0,0.0420976653695106,0,0.0238482896238565,0,0.0396131910383701
0,0.0419184491038322,0,0.0260873734951019,0,0.041565041989088,0,0.0357467457652092
0,0.0430224388837814,0,0.0274856332689523,0,0.0134015707299113,0,0.0401867628097534
0,0.0841867178678512,0,0.0456709302961826,0,0.0346393436193466,0,0.0683321580290794
0,0.0391172990202903,0,0.0954369828104972,0,0.0848649814724922,0,0.0698926970362663
0,0.1601741313934326,0,0.1876422613859176,0,0.202202558517456,0,0.1586980819702148
0,0.0973143652081489,0,0.0777974501252174,0,0.0987800732254982,0,0.0713498145341873
0,0.0822061747312545,0,0.0976713448762893,0,0.1271230280399322,0,0.0962162092328071
0,0.0808042213320732,0,0.1076830402016639,0,0.0742421150207519,0,0.1087222620844841
0,0.0370562188327312,0,0.0560714192688465,0,0.0170132536441087,0,0.0441034287214279
0,0.0416623838245868,0,0.0313778333365917,0,0.0271598678082227,0,0.0359447933733463
0,0.0598501749336719,0,0.0313687250018119,0,0.052475593984127,0,0.032681506127119
0,0.0559898540377616,0,0.0257901512086391,0,0.0190036259591579,0,0.0328989513218402
0,0.047138437628746,0,0.0752371028065681,0,0.0806001871824264,0,0.0992946922779083
0,0.1186619997024536,0,0.1665242314338684,0,0.0280092135071754,0,0.1093224808573722
0,0.1238611191511154,0,0.1310987472534179,0,0.2869891226291656,0,0.1488032639026641
0,0.1395082324743271,0,0.1458911895751953,0,0.0774898827075958,0,0.0971017107367515
0,0.0930089578032493,0,0.1580340564250946,0,0.2573665380477905,0,0.1291296333074569
0,0.1317520141601562,0,0.1061651110649108,0,0.0735049471259117,0,0.0912290960550308
0,0.0904281437397003,0,0.1746976375579834,0,0.144847109913826,0,0.1251056343317031
0,0.2329803854227066,0,0.2670474350452423,0,0.3150769472122192,0,0.1403852850198745
0,0.0121448300778865,0,0.0182685926556587,0,0.0050238780677318,0,0.0303997285664081
0,0.0594676919281482,0,0.0337912701070308,0,0.0541139356791973,0,0.042787566781044
0,0.0667252242565155,0,0.0295547489076852,0,0.044885616749525,0,0.063893586397171
0,0.0914185792207717,0,0.1408826559782028,0,0.073106363415718,0,0.131249263882637
0,0.1037362143397331,0,0.1257732957601547,0,0.0894147455692291,0,0.0970980301499366
