fold_1_labels,fold_1_predictions,fold_2_labels,fold_2_predictions,fold_3_labels,fold_3_predictions,fold_4_labels,fold_4_predictions
1,0.5018114447593689,1,0.6794636845588684,1,0.1831878423690796,1,0.2322579771280288
1,0.670455276966095,1,0.8372487425804138,1,0.6375780701637268,1,0.6694720387458801
1,0.4929770529270172,1,0.8503015041351318,1,0.6941916942596436,1,0.4773226678371429
1,0.2602136731147766,1,0.182920217514038,1,0.0052819950506091,1,0.2904452681541443
1,0.3733424544334411,1,0.2226801067590713,1,0.0681733563542366,1,0.3336239755153656
1,0.2837297320365906,1,0.4920005798339844,1,0.0077523267827928,1,0.6993528604507446
1,0.5099835395812988,1,0.3005480468273163,1,0.1429767459630966,1,0.5255266427993774
1,0.2801259458065033,1,0.474234938621521,1,0.2692009508609772,1,0.256228506565094
1,0.4005774855613708,1,0.6186865568161011,1,0.3848760724067688,1,0.7233550548553467
1,0.4417417049407959,1,0.714460551738739,1,0.2894161939620971,1,0.7766109108924866
1,0.3346210420131683,1,0.401052713394165,1,0.1466209888458252,1,0.7053924798965454
1,0.6762109398841858,1,0.8562500476837158,1,0.8019101619720459,1,0.8300654888153076
1,0.0643626078963279,1,0.0549425780773162,1,0.0941963568329811,1,0.0931126177310943
1,0.067991591989994,1,0.3512424230575561,1,0.0610788911581039,1,0.1019285768270492
1,0.4684888124465942,1,0.797279417514801,1,0.4967229664325714,1,0.2912037372589111
1,0.5094706416130066,1,0.8864620327949524,1,0.3712319731712341,1,0.4420788586139679
1,0.5951642990112305,1,0.7265613079071045,1,0.9475134015083312,1,0.968936800956726
1,0.3566896915435791,1,0.0198146514594554,1,0.1103263348340988,1,0.3631803691387176
1,0.5672543048858643,1,0.8233720064163208,1,0.7611896395683289,1,0.6823419332504272
1,0.0576383769512176,1,0.102951280772686,1,0.5200687050819397,1,0.066641055047512
1,0.2723211944103241,1,0.4589986503124237,1,0.3801769018173218,1,0.4603346288204193
0,0.1235022991895675,0,0.0539984703063964,0,0.0241638403385877,0,0.0216151420027017
0,0.0080086216330528,0,0.0096911769360303,0,0.0046606101095676,0,0.0030680759809911
0,0.1138070821762085,0,0.0567218698561191,0,0.028484009206295,0,0.4469701647758484
0,0.0149460732936859,0,0.0063891015015542,0,0.0064122402109205,0,0.0046557020395994
0,0.0997496098279953,0,0.0539337061345577,0,0.0416416153311729,0,0.3325575590133667
0,0.0071010026149451,0,0.0044470238499343,0,0.000902812113054,0,0.0045623336918652
0,0.1037908717989921,0,0.0621686875820159,0,0.0327106341719627,0,0.440800130367279
0,0.0290968436747789,0,0.0084125036373734,0,0.0165621228516101,0,0.0698973760008812
0,0.0371561311185359,0,0.0137888202443718,0,0.0359479486942291,0,0.1035911664366722
0,0.0068510835990309,0,0.0041992058977484,0,0.0021164959762245,0,0.0018906748155131
0,0.0209943559020757,0,0.0015260108048096,0,0.0013362589525058,0,0.0013837412698194
0,0.0261272881180048,0,0.0010869809193536,0,0.0001642201968934,0,0.0005434810300357
0,0.0180197525769472,0,0.0104262856766581,0,0.0141112115234136,0,0.0941750556230545
0,0.0283803828060627,0,0.0011570542119443,0,0.0007851573755033,0,0.0010159482480958
0,0.0936611518263816,0,0.0780236721038818,0,0.005795631557703,0,0.0130368182435631
0,0.4088501036167145,0,0.0471929088234901,0,0.1601971238851547,0,0.058647084981203
0,0.0202734302729368,0,0.006349207367748,0,0.0011365311220288,0,0.0079325241968035
0,0.0375762283802032,0,0.0064207282848656,0,0.0002165073092328,0,0.0028151646256446
0,0.0704658105969429,0,0.0672219768166542,0,0.0062289237976074,0,0.0101020811125636
0,0.3582088053226471,0,0.0735724568367004,0,0.0075842440128326,0,0.0323010571300983
0,0.1329740136861801,0,0.1440833210945129,0,0.0161331519484519,0,0.0241115912795066
0,0.382638543844223,0,0.1040452048182487,0,0.0989180654287338,0,0.1685211807489395
0,0.0458411164581775,0,0.0430829860270023,0,0.0076307221315801,0,0.0129510732367634
0,0.0969266071915626,0,0.2393447905778885,0,0.0272063799202442,0,0.0192602220922708
0,0.5307164788246155,0,0.5902674198150635,0,0.0867491587996482,0,0.9206583499908448
0,0.4752219915390014,0,0.3846868574619293,0,0.3125626146793365,0,0.815704345703125
0,0.045806348323822,0,0.0155325317755341,0,0.0101403435692191,0,0.0167796127498149
0,0.1135493218898773,0,0.0555797889828681,0,0.0171575844287872,0,0.5875440239906311
0,0.4829190373420715,0,0.6480251550674438,0,0.0974499508738517,0,0.8816409111022949
0,0.3794559240341186,0,0.340669721364975,0,0.2910398840904236,0,0.5708658695220947
0,0.0357018634676933,0,0.0157468393445014,0,0.0345293469727039,0,0.0158102288842201
0,0.139054849743843,0,0.0495565012097358,0,0.0071616116911172,0,0.2281125634908676
0,0.4960336685180664,0,0.5531126856803894,0,0.0931537970900535,0,0.8742737174034119
0,0.503991425037384,0,0.5046587586402893,0,0.3506934940814972,0,0.6573000550270081
0,0.0723872408270835,0,0.0168918147683143,0,0.0206614881753921,0,0.0229772683233022
0,0.1334199607372284,0,0.0523136891424655,0,0.0137093160301446,0,0.1614383608102798
0,0.074124090373516,0,0.0076408432796597,0,0.000565108959563,0,0.1336093991994857
0,0.0202117189764976,0,0.0090611325576901,0,0.0017117123352363,0,0.0130424089729785
0,0.2614253461360931,0,0.5927708745002747,0,0.1237862184643745,0,0.5606744885444641
0,0.2714568674564361,0,0.4323588907718658,0,0.3204086124897003,0,0.4388779699802398
0,0.1521414667367935,0,0.1984171122312545,0,0.0068264342844486,0,0.0214268546551466
0,0.1158266738057136,0,0.1696292757987976,0,0.0056955125182867,0,0.0296662859618663
0,0.0036550106015056,0,0.004072583746165,0,0.0002166132180718,0,0.0077105839736759
0,0.1720817387104034,0,0.1589397341012954,0,0.007884819060564,0,0.0203935876488685
0,0.0344326086342334,0,0.0799834355711937,0,0.0534788407385349,0,0.0320362113416194
0,0.0577798448503017,0,0.0215156693011522,0,0.2129652798175811,0,0.0693646520376205
0,0.0591067522764205,0,0.0046943644993007,0,0.0079192891716957,0,0.0159925110638141
0,0.0678136497735977,0,0.0266610011458396,0,0.0146585637703537,0,0.0445646904408931
0,0.1963922083377838,0,0.2161114513874054,0,0.6189206838607788,0,0.237569510936737
0,0.0844675302505493,0,0.0573163479566574,0,0.0215583238750696,0,0.3804541528224945
0,0.0109684141352772,0,0.0129303596913814,0,0.0043381783179938,0,0.0227240938693285
0,0.566220760345459,0,0.8652900457382202,0,0.4813531637191772,0,0.5813410878181458
0,0.0040530441328883,0,0.0033179610036313,0,0.0002325872483197,0,0.022022696211934
0,0.0488023795187473,0,0.0019716673996299,0,0.0008179016876965,0,0.007480545900762
0,0.0459325760602951,0,0.0228704642504453,0,0.0081337401643395,0,0.0092633422464132
0,0.0035770293325185,0,0.0030106152407824,0,0.0003105284995399,0,0.0252387952059507
0,0.0477976351976394,0,0.0024795120116323,0,0.000800575595349,0,0.0066610099747776
0,0.0360632315278053,0,0.0222483202815055,0,0.0053716916590929,0,0.021991778165102
0,0.0036456144880503,0,0.0033464930020272,0,0.0002050987823167,0,0.0416861474514007
0,0.0859671011567115,0,0.0026922186370939,0,0.0007756614941172,0,0.0056249094195663
0,0.0317853204905986,0,0.0150999706238508,0,0.0203859154134988,0,0.0245194677263498
0,0.0311167426407337,0,0.0586699433624744,0,0.1369958221912384,0,0.1068241447210311
0,0.0076710451394319,0,0.0108484020456671,0,0.0083665000274777,0,0.0040512140840291
0,0.0199123192578554,0,0.0038710287772119,0,0.0008182855672203,0,0.070349633693695
0,0.1563202738761901,0,0.0117918867617845,0,0.007023764308542,0,0.0719031020998954
0,0.0061726355925202,0,0.0032188931945711,0,0.0002169309009332,0,0.0092336712405085
0,0.0078469067811965,0,0.0045489268377423,0,0.0002518899564165,0,0.0095580406486988
0,0.0087763918563723,0,0.00514119816944,0,0.0003134077996946,0,0.0093968510627746
0,0.050445981323719,0,0.0145319858565926,0,0.082992099225521,0,0.1139278262853622
0,0.0506116040050983,0,0.0201766919344663,0,0.0618571117520332,0,0.1413658112287521
0,0.4827202260494232,0,0.2476349472999572,0,0.3216595947742462,0,0.113899365067482
0,0.1327124536037445,0,0.1084542348980903,0,0.047912698239088,0,0.1801649630069732
0,0.3472197651863098,0,0.4583368897438049,0,0.3459240794181824,0,0.4840968251228332
0,0.0099333189427852,0,0.0051331855356693,0,0.0018292545573785,0,0.0058107352815568
0,0.0378053002059459,0,0.3608156740665436,0,0.0088292295113205,0,0.2454036027193069
0,0.026094727218151,0,0.0790161788463592,0,0.0253174286335706,0,0.0425115190446376
0,0.1273897141218185,0,0.0856093019247055,0,0.0121896304190158,0,0.2207625061273574
0,0.1386111229658126,0,0.0337278246879577,0,0.000612195697613,0,0.0200201757252216
0,0.0294271800667047,0,0.0247016455978155,0,0.0030189782846719,0,0.0172001589089632
0,0.0564928688108921,0,0.039672452956438,0,0.0804281309247016,0,0.1391985118389129
0,0.027962751686573,0,0.0497601591050624,0,0.0023444013204425,0,0.0250527411699295
0,0.035101730376482,0,0.0289838500320911,0,0.0072449492290616,0,0.0256019923835992
0,0.0290323439985513,0,0.0399151965975761,0,0.0044244150631129,0,0.0149281406775116
0,0.0076116700656712,0,0.0048372033052146,0,0.0007272861548699,0,0.0010764828184619
0,0.0388391204178333,0,0.0235999766737222,0,0.030126005411148,0,0.0321766324341297
0,0.0201484579592943,0,0.0121283074840903,0,0.0073376703076064,0,0.0077900723554193
0,0.049527246505022,0,0.0654359683394432,0,0.0099548194557428,0,0.0361850559711456
0,0.0309437345713377,0,0.0048939995467662,0,0.0067591150291264,0,0.0089570917189121
0,0.0926222577691078,0,0.5729759335517883,0,0.3696940541267395,0,0.1510767042636871
0,0.0986009389162063,0,0.0759300962090492,0,0.2499966025352478,0,0.3000910878181457
0,0.3547618389129638,0,0.2721371054649353,0,0.1761896759271621,0,0.4802227616310119
0,0.0798578485846519,0,0.4840621948242187,0,0.4337846040725708,0,0.117229513823986
0,0.1077762097120285,0,0.5655761957168579,0,0.2992202639579773,0,0.1044947728514671
0,0.1637621819972992,0,0.5691466927528381,0,0.2984379827976227,0,0.101233035326004
0,0.0861649587750434,0,0.0060904459096491,0,0.0007672785432077,0,0.0164561383426189
0,0.3278949856758117,0,0.4482412934303283,0,0.1224672198295593,0,0.1826078593730926
0,0.4055411517620086,0,0.3266375362873077,0,0.0455676913261413,0,0.1351470202207565
0,0.428047239780426,0,0.317746490240097,0,0.0553752146661281,0,0.1296635568141937
0,0.3462427854537964,0,0.1094581559300422,0,0.0270547810941934,0,0.0803394243121147
0,0.3668627142906189,0,0.2700206339359283,0,0.0250610075891017,0,0.0270396620035171
0,0.0090582128614187,0,0.0217781439423561,0,0.0208631455898284,0,0.0077651203610002
0,0.0215689931064844,0,0.0055264439433813,0,0.0167207606136798,0,0.0405092947185039
0,0.019986929371953,0,0.0076163071207702,0,0.0305628441274166,0,0.0645759180188179
0,0.0718878805637359,0,0.0372561104595661,0,0.0334355495870113,0,0.0160808581858873
0,0.058088693767786,0,0.0080040879547595,0,0.0096440492197871,0,0.0261461045593023
0,0.0594719015061855,0,0.01104895491153,0,0.0228770729154348,0,0.0657670870423317
0,0.0854032710194587,0,0.0283907316625118,0,0.1415136307477951,0,0.2050274461507797
0,0.0490915179252624,0,0.0108287101611495,0,0.0751873254776001,0,0.2430336028337478
0,0.0183932688087224,0,0.0173983126878738,0,0.0050329226069152,0,0.0142211215570569
0,0.0039431061595678,0,0.0022858916781842,0,3.5418550396570936e-05,0,0.001672668964602
0,0.0056853243149816,0,0.0027916885446757,0,5.415611667558551e-05,0,0.0016775012481957
0,0.023619420826435,0,0.0022703292779624,0,0.0011464314302429,0,0.0040230229496955
0,0.0053561935201287,0,0.0029293100815266,0,3.167941758874804e-05,0,0.0015512686222791
0,0.0267390664666891,0,0.0033020328264683,0,0.0015806825831532,0,0.0079914787784218
0,0.0344171486794948,0,0.030084665864706,0,0.010554083622992,0,0.3071685135364532
0,0.1741129010915756,0,0.0674072429537773,0,0.0077276257798075,0,0.0717920437455177
0,0.0134144071489572,0,0.0543291643261909,0,0.004269438330084,0,0.0450380258262157
0,0.0213265176862478,0,0.0102700171992182,0,0.0004068111593369,0,0.0074130138382315
0,0.0124443434178829,0,0.0335470512509346,0,0.0058929873630404,0,0.028087243437767
0,0.1011377722024917,0,0.104715771973133,0,0.0151272686198353,0,0.0304877869784832
0,0.0141230374574661,0,0.005490334238857,0,0.0001804108469514,0,0.0066659110598266
0,0.0104519743472337,0,0.0058042546734213,0,0.0018927184864878,0,0.0013796252897009
0,0.3899506628513336,0,0.0961413010954856,0,0.0052842805162072,0,0.1098122894763946
0,0.0400987453758716,0,0.0058550988323986,0,0.0003456576378084,0,0.0129411406815052
0,0.0168290007859468,0,0.0296223405748605,0,0.0197070073336362,0,0.0420573726296424
0,0.0264177285134792,0,0.0020612315274775,0,0.0009148067329078,0,0.0034906601067632
0,0.0380373708903789,0,0.0070892618969082,0,0.0004732902452815,0,0.0042958110570907
0,0.1173449605703353,0,0.02354496717453,0,0.0046777669340372,0,0.0203915834426879
0,0.0440437197685241,0,0.005912747234106,0,0.0002525298332329,0,0.018156724050641
0,0.0124732898548245,0,0.029846504330635,0,0.0228868275880813,0,0.0209710504859685
0,0.0266729854047298,0,0.001723967376165,0,0.0008820871589705,0,0.0022345292381942
0,0.5252325534820557,0,0.7263452410697937,0,0.2980519533157348,0,0.6698174476623535
0,0.4595307409763336,0,0.5663440227508545,0,0.0633297562599182,0,0.4514634013175964
0,0.4137374460697174,0,0.3101242482662201,0,0.0120485834777355,0,0.3083991408348083
0,0.0137107009068131,0,0.0063642645254731,0,0.0052028335630893,0,0.0080661484971642
0,0.2061216086149215,0,0.013857084326446,0,0.0029586651362478,0,0.0277220755815505
0,0.0259790867567062,0,0.1153169497847557,0,0.0219829604029655,0,0.0356477126479148
0,0.1542334109544754,0,0.4415666759014129,0,0.0964304208755493,0,0.104230910539627
0,0.0846471190452575,0,0.0136435329914093,0,0.0250374302268028,0,0.0011319078039377
0,0.0068973544985055,0,0.0106155117973685,0,0.0023202509619295,0,0.0370351523160934
0,0.0062310025095939,0,0.0156101575121283,0,0.0039453729987144,0,0.0269122179597616
0,0.0053328652866184,0,0.0042950198985636,0,0.000542482943274,0,0.0093003688380122
0,0.0166694708168506,0,0.0069213509559631,0,0.0082951514050364,0,0.0198163762688636
0,0.0163121689110994,0,0.1709199994802475,0,0.0400070324540138,0,0.075962521135807
0,0.187159389257431,0,0.0818296745419502,0,0.021034488454461,0,0.0263624694198369
0,0.0467121116816997,0,0.0688592121005058,0,0.1389756351709365,0,0.3685376942157745
0,0.5676923990249634,0,0.5209972262382507,0,0.2030415534973144,0,0.2859476506710052
0,0.0082406559959054,0,0.0038887076079845,0,0.0011297108139842,0,0.0016803168691694
0,0.0247076209634542,0,0.0062011661939322,0,0.0014505056897178,0,0.0177700836211442
0,0.0111672738566994,0,0.002774839522317,0,0.0011156582040712,0,0.0011839945800602
0,0.0084330299869179,0,0.0040500960312783,0,0.0007076474139466,0,0.0024642830248922
0,0.3785600662231445,0,0.7580133676528931,0,0.6018424034118652,0,0.6605454087257385
0,0.5294592380523682,0,0.7575139403343201,0,0.4283927977085113,0,0.5931017994880676
0,0.4527610838413238,0,0.7640661597251892,0,0.4259268045425415,0,0.6386088728904724
0,0.0739142224192619,0,0.0608190484344959,0,0.0120765017345547,0,0.1472981572151184
0,0.063585065305233,0,0.0513947829604148,0,0.0060233077965676,0,0.1166573539376258
0,0.0768773481249809,0,0.0405960828065872,0,0.0110148014500737,0,0.1204698160290718
0,0.1698372513055801,0,0.4766926169395447,0,0.0270880125463008,0,0.2654718160629272
0,0.0028656430076807,0,0.0117078255861997,0,0.0004535297048278,0,0.0098174111917614
0,0.0696083232760429,0,0.0035525511484593,0,0.0167879536747932,0,0.0039847996085882
0,0.0137588754296302,0,0.0013926120009273,0,0.0003964028437621,0,0.0047779968008399
0,0.0037233445327728,0,0.0223964862525463,0,0.0027658194303512,0,0.0364073812961578
0,0.0452034473419189,0,0.0031572836451232,0,0.0048454161733388,0,0.0109606310725212
0,0.0228671934455633,0,0.0014753007562831,0,0.0005135438987053,0,0.0131283178925514
0,0.0037522825878113,0,0.0143832201138138,0,0.0004389729001559,0,0.0140076829120516
0,0.0361463949084281,0,0.0015821469714865,0,0.002516555134207,0,0.007972352206707
0,0.020513392984867,0,0.0012361458502709,0,0.0002632390533108,0,0.0062325079925358
0,0.4266218841075897,0,0.7180734276771545,0,0.3203742802143097,0,0.1557257920503616
0,0.4106071889400482,0,0.5001541972160339,0,0.0097984615713357,0,0.2966297566890716
0,0.3370319008827209,0,0.506492018699646,0,0.2364777624607086,0,0.3938568532466888
0,0.329725980758667,0,0.3867384791374206,0,0.0083309318870306,0,0.431741327047348
0,0.0068107657134532,0,0.0069901593960821,0,0.008865880779922,0,0.1011833399534225
0,0.239521712064743,0,0.3266033232212066,0,0.0249381270259618,0,0.2783602178096771
0,0.1630637347698211,0,0.0190502312034368,0,0.4731321334838867,0,0.4724100530147552
0,0.0870645120739936,0,0.1296567767858505,0,0.0172643810510635,0,0.0324335023760795
0,0.271471619606018,0,0.476010650396347,0,0.032993234694004,0,0.3948600888252258
0,0.3168913722038269,0,0.5401930809020996,0,0.0357554778456687,0,0.6018891930580139
0,0.0641412585973739,0,0.0609920471906662,0,0.0042577371932566,0,0.0118647832423448
0,0.0149019742384552,0,0.0138681335374712,0,0.0067762113176286,0,0.0140466652810573
0,0.1390941739082336,0,0.3967911005020141,0,0.2890909314155578,0,0.4242686033248901
0,0.1530606150627136,0,0.0190229173749685,0,0.0013612456386908,0,0.3305057287216186
0,0.1101292073726654,0,0.0262683387845754,0,0.0162085741758346,0,0.4536474943161011
0,0.1164317578077316,0,0.0195606686174869,0,0.0054891081526875,0,0.4050567150115967
0,0.0182719286531209,0,0.0036277077160775,0,0.0030624778009951,0,0.0031140032224357
0,0.1197096705436706,0,0.2525197565555572,0,0.1221686005592346,0,0.301866203546524
0,0.006617160513997,0,0.0124030858278274,0,0.0007953092572279,0,0.0537871904671192
0,0.0009933765977621,0,0.0028700255788862,0,3.337488669785671e-05,0,0.0016059568151831
0,0.0096409665420651,0,0.0315712429583072,0,0.0082806851714849,0,0.1009271144866943
0,0.0116341346874833,0,0.0484594479203224,0,0.0030294070020318,0,0.0286756753921508
0,0.0196019075810909,0,0.0064365533180534,0,0.0025997853372246,0,0.0117737306281924
0,0.0182791706174612,0,0.0216438844799995,0,0.0850885584950447,0,0.0870658457279205
0,0.02822588942945,0,0.0124324997887015,0,0.0114821242168545,0,0.0016845014179125
0,0.0428646653890609,0,0.0239541474729776,0,0.0166088324040174,0,0.0027410720940679
0,0.0163363330066204,0,0.0047799716703593,0,0.0008699047612026,0,0.0029352321289479
0,0.0304661449044942,0,0.0195632018148899,0,0.0109416656196117,0,0.0013102226657792
0,0.0102990707382559,0,0.0107404347509145,0,0.0011552843498066,0,0.0035555029753595
0,0.0192732363939285,0,0.0411179363727569,0,0.0038922375533729,0,0.0904745161533355
0,0.6521347165107727,0,0.8310747742652893,0,0.5150893330574036,0,0.2644573450088501
0,0.6536582112312317,0,0.8560261130332947,0,0.6676734089851379,0,0.3695237040519714
0,0.6678604483604431,0,0.856601893901825,0,0.647571861743927,0,0.3194848299026489
0,0.0119468653574585,0,0.020698644220829,0,0.0007732736412435,0,0.0073680952191352
0,0.0111714340746402,0,0.0308734644204378,0,0.0011283315252512,0,0.0085460925474762
0,0.0256129316985607,0,0.0668341293931007,0,0.001567841740325,0,0.0231370404362678
0,0.0327554084360599,0,0.0349259190261364,0,0.001669205026701,0,0.3814273476600647
0,0.0413032807409763,0,0.1055868044495582,0,0.0110494662076234,0,0.0140952793881297
0,0.0194929912686347,0,0.1322217881679535,0,0.0063051804900169,0,0.0265196710824966
0,0.670835018157959,0,0.8982130289077759,0,0.9010891318321228,0,0.4573501348495483
0,0.3638842701911926,0,0.8169371485710144,0,0.5028932690620422,0,0.1787467002868652
0,0.0362463742494583,0,0.1082386076450347,0,0.0245959516614675,0,0.0270064957439899
0,0.0231715403497219,0,0.0056668766774237,0,0.0015312910545617,0,0.0115756653249263
0,0.197207435965538,0,0.2716979086399078,0,0.1501977443695068,0,0.1270844936370849
0,0.0105480747297406,0,0.0060716173611581,0,0.0017206699121743,0,0.0172535348683595
0,0.0228823069483041,0,0.0064422339200973,0,0.0011671987595036,0,0.0006463101017288
0,0.0070606120862066,0,0.0014331745915114,0,0.0029769483953714,0,0.0012630528071895
0,0.0086441049352288,0,0.0068549648858606,0,0.0029754471033811,0,0.0163972489535808
0,0.0049470607191324,0,0.0014072499470785,0,0.0012332063633948,0,0.0013845565263181
0,0.0109510263428092,0,0.008139343932271,0,0.0030707563273608,0,0.0338841676712036
0,0.0251742675900459,0,0.0068500717170536,0,0.0020407079719007,0,0.001028150669299
0,0.0060790115967392,0,0.0009181594941765,0,0.0011561744613572,0,0.0009551293333061
0,0.5220956206321716,0,0.7221676707267761,0,0.1069242730736732,0,0.5544897317886353
0,0.0322840437293052,0,0.1726889610290527,0,0.0312314145267009,0,0.0195778049528598
0,0.0226834341883659,0,0.0026688270736485,0,0.0011884985724464,0,0.0118969483301043
0,0.0103560835123062,0,0.0151091208681464,0,0.0019043410429731,0,0.0134424632415175
0,0.007335830014199,0,0.0128226382657885,0,0.0016705633606761,0,0.0095805283635854
0,0.0091556096449494,0,0.0152688045054674,0,0.0020258056465536,0,0.0121858585625886
1,0.5902879238128662,1,0.8920297622680664,1,0.4592373073101043,1,0.6551947593688965
1,0.5920652151107788,1,0.5995578169822693,1,0.44110107421875,1,0.8535149693489075
1,0.1124863699078559,1,0.0489915609359741,1,0.1238379329442977,1,0.5493371486663818
1,0.3350717425346374,1,0.1249110475182533,1,0.0839668437838554,1,0.3900083303451538
1,0.3716255128383636,1,0.1310054063796997,1,0.0566301196813583,1,0.3987071216106415
1,0.7385765314102173,1,0.739587128162384,1,0.6568754315376282,1,0.9174480438232422
1,0.6405246257781982,1,0.9296486377716064,1,0.9969326257705688,1,0.9803375005722046
1,0.0124146025627851,1,0.1083477884531021,1,0.0110582811757922,1,0.02405178360641
1,0.0284579545259475,1,0.1688041687011718,1,0.1787553876638412,1,0.0889559239149093
1,0.2221985310316085,1,0.3412929475307464,1,0.4333486557006836,1,0.1971923261880874
1,0.0633064582943916,1,0.0417540147900581,1,0.1924373507499694,1,0.3604505360126495
1,0.1009397283196449,1,0.3755843043327331,1,0.53117835521698,1,0.3699718117713928
1,0.1701345890760421,1,0.2014103233814239,1,0.033673983067274,1,0.3429304957389831
1,0.1913829147815704,1,0.2500764429569244,1,0.7212279438972473,1,0.4012281596660614
1,0.2777905166149139,1,0.584854006767273,1,0.4767992794513702,1,0.7483023405075073
1,0.0058443644084036,1,0.0057309316471219,1,0.0022234618663787,1,0.0249586105346679
1,0.0266620442271232,1,0.0812088251113891,1,0.0275797117501497,1,0.1068262606859207
1,0.1111211702227592,1,0.0162136759608984,1,0.1352551281452179,1,0.0422239415347576
1,0.1602141857147216,1,0.4225682616233825,1,0.3317944705486297,1,0.4604763388633728
1,0.4792187809944153,1,0.6788170337677002,1,0.0645995438098907,1,0.4326294958591461
1,0.5237677097320557,1,0.6313403248786926,1,0.6790445446968079,1,0.5705997347831726
1,0.589767336845398,1,0.8344077467918396,1,0.5058795213699341,1,0.609298050403595
1,0.6546841263771057,1,0.8371617197990417,1,0.8504610657691956,1,0.7408378720283508
1,0.1225514858961105,1,0.3090430796146393,1,0.3552143275737762,1,0.3238802254199981
1,0.0855550020933151,1,0.1937546581029892,1,0.4306575655937195,1,0.5477908253669739
1,0.116786889731884,1,0.186561107635498,1,0.3782251179218292,1,0.6871419548988342
0,0.1766390353441238,0,0.014222384430468,0,0.24980428814888,0,0.4237340986728668
0,0.2108572870492935,0,0.0184558499604463,0,0.2562266588211059,0,0.2898404598236084
0,0.1190264746546745,0,0.016743266955018,0,0.141860544681549,0,0.35031858086586
0,0.0038179617840796,0,0.0113551756367087,0,0.0009604530641809,0,0.0093716904520988
0,0.0023971730843186,0,0.0054488480091094,0,0.0012207132531329,0,0.0065622311085462
0,0.5453934073448181,0,0.4879274666309356,0,0.2441096156835556,0,0.2681791484355926
0,0.057674866169691,0,0.0540732555091381,0,0.0120032103732228,0,0.007562453392893
0,0.0201600454747676,0,0.0039108279161155,0,0.000552705663722,0,0.0004625235160347
0,0.4850046932697296,0,0.3245786726474762,0,0.2189082503318786,0,0.2166581451892852
0,0.0355339609086513,0,0.0139165325090289,0,0.0027156954165548,0,0.0457246340811252
0,0.0444190725684165,0,0.0555919408798217,0,0.0122101847082376,0,0.0097890933975577
0,0.0244186930358409,0,0.0416711568832397,0,0.0510957278311252,0,0.2946784794330597
0,0.3043343126773834,0,0.2213858217000961,0,0.137085422873497,0,0.6614896059036255
0,0.339898020029068,0,0.8700008988380432,0,0.2416482418775558,0,0.4576892852783203
0,0.0131598133593797,0,0.0097942203283309,0,0.0123157715424895,0,0.0035363619681447
0,0.0593596249818801,0,0.0253792386502027,0,0.0057087028399109,0,0.0180479567497968
0,0.0986166670918464,0,0.0079341232776641,0,0.0137185575440526,0,0.0121103366836905
0,0.0358623974025249,0,0.0063623436726629,0,0.0035045770928263,0,0.0264733731746673
0,0.0277437791228294,0,0.0238881129771471,0,0.011889399960637,0,0.0622698217630386
0,0.3235599100589752,0,0.8051514625549316,0,0.0763303041458129,0,0.386169970035553
0,0.0153548130765557,0,0.1078033000230789,0,0.0215089991688728,0,0.2624675333499908
0,0.2395493537187576,0,0.0296854544430971,0,0.5411897897720337,0,0.155661404132843
0,0.0563637390732765,0,0.0210763923823833,0,0.0212632697075605,0,0.0241720639169216
0,0.0189691260457038,0,0.0804141163825988,0,0.0088062128052115,0,0.1118707284331321
0,0.0074588074348866,0,0.016674006357789,0,0.0004153262707404,0,0.0180920604616403
0,0.0308438446372747,0,0.0193551108241081,0,0.0264531821012496,0,0.0104305874556303
0,0.0149937272071838,0,0.0494969300925731,0,0.0032715918496251,0,0.0931640788912773
0,0.0058998460881412,0,0.0132844634354114,0,0.0004873825528193,0,0.0120181711390614
0,0.0062073343433439,0,0.0121458247303962,0,0.0002792021259665,0,0.0101939840242266
0,0.0078634852543473,0,0.0039083841256797,0,0.0016423027263954,0,0.0340295396745204
0,0.558735191822052,0,0.7916749715805054,0,0.697651743888855,0,0.4191702902317047
0,0.5912507772445679,0,0.8568685054779053,0,0.5524075627326965,0,0.3635474145412445
0,0.4975188672542572,0,0.6693494319915771,0,0.2377685010433197,0,0.6606484055519104
0,0.2897863388061523,0,0.1545121967792511,0,0.3874158859252929,0,0.4470387101173401
0,0.4603268504142761,0,0.7503203749656677,0,0.3577693998813629,0,0.2991299927234649
0,0.510434627532959,0,0.7241992354393005,0,0.6655223369598389,0,0.3709482848644256
0,0.059800449758768,0,0.0284734647721052,0,0.0834219753742218,0,0.0095313573256134
0,0.0129974819719791,0,0.0102560343220829,0,0.0001504794199718,0,0.1628940254449844
0,0.0870611146092414,0,0.0712631046772003,0,0.0153668848797678,0,0.1292977780103683
0,0.0120065752416849,0,0.0097426306456327,0,0.0002453874913044,0,0.1580102294683456
0,0.0785556435585022,0,0.0125383595004677,0,0.0121798096224665,0,0.0529915988445282
0,0.0092769190669059,0,0.0087016262114048,0,0.0001307663042098,0,0.1149574890732765
0,0.1159730851650238,0,0.11366718262434,0,0.02470532245934,0,0.1519674956798553
0,0.1032286956906318,0,0.0138820502907037,0,0.0208960846066474,0,0.0036621005274355
0,0.0817644372582435,0,0.0048404959961771,0,0.0069423550739884,0,0.0137638784945011
0,0.0727187320590019,0,0.0169957838952541,0,0.0561531744897365,0,0.0465679876506328
0,0.1773126274347305,0,0.0258250869810581,0,0.0013578733196482,0,0.0849523097276687
0,0.0265361219644546,0,0.0192648340016603,0,0.0185346063226461,0,0.0561479069292545
0,0.0407252684235572,0,0.1240161657333374,0,0.02265583910048,0,0.0376643165946006
0,0.0409016273915767,0,0.0282892826944589,0,0.0083142640069127,0,0.1774128228425979
0,0.0737740248441696,0,0.1734248697757721,0,0.0510678216814994,0,0.0321077294647693
0,0.0643408894538879,0,0.0961099043488502,0,0.0172759778797626,0,0.0188674125820398
0,0.0691361427307128,0,0.0237750876694917,0,0.0205538906157016,0,0.2352747917175293
0,0.0833856835961341,0,0.0100433230400085,0,0.0005483344430103,0,0.0385191813111305
0,0.0161418206989765,0,0.0194235295057296,0,0.0044077103957533,0,0.0031054930295795
0,0.0126637937501072,0,0.0164391752332448,0,0.0022583049722015,0,0.0028109324630349
0,0.0064187021926045,0,0.0015483055030927,0,0.0004280225257389,0,0.0005292854621075
0,0.2978118062019348,0,0.429198294878006,0,0.1437620669603347,0,0.7434871792793274
0,0.0288164224475622,0,0.0179111212491989,0,0.0026729258242994,0,0.0454985052347183
0,0.3758821189403534,0,0.0419555678963661,0,0.0157827977091074,0,0.2314366102218628
0,0.4970951080322265,0,0.139669582247734,0,0.077159933745861,0,0.2677333950996399
0,0.0110196340829133,0,0.0320933870971202,0,0.0192160662263631,0,0.1870629787445068
0,0.1008141860365867,0,0.0215390212833881,0,0.000492570514325,0,0.0383557118475437
0,0.0116372546181082,0,0.0004434295406099,0,0.0001589975290698,0,0.0008899400709196
0,0.011224458925426,0,0.0203455686569213,0,0.0044933301396667,0,0.0537638030946254
0,0.0201622974127531,0,0.0005298767937347,0,0.000210189493373,0,0.0010931877186521
0,0.0193557348102331,0,0.0302140489220619,0,0.0194586999714374,0,0.2319903820753097
0,0.0189993809908628,0,0.000758770504035,0,0.0002317328035132,0,0.0015666717663407
0,0.0163952093571424,0,0.0072010047733783,0,0.0015223678201436,0,0.0811889469623565
0,0.0263268444687128,0,0.0103989029303193,0,0.0058375555090606,0,0.0561902672052383
0,0.2316361367702484,0,0.0488359779119491,0,0.0016069057164713,0,0.0208813156932592
0,0.0472260937094688,0,0.0039173420518636,0,0.0138965165242552,0,0.0040615894831717
0,0.0216284301131963,0,0.0044469223357737,0,0.0013645015424117,0,0.0061626569367945
0,0.0735049024224281,0,0.0071294610388576,0,0.0053770774975419,0,0.0037055590655654
0,0.1350992918014526,0,0.0489042922854423,0,0.007413936778903,0,0.0176847018301486
0,0.024020018056035,0,0.0027983526233583,0,0.000424206489697,0,0.0260112136602401
0,0.3787905573844909,0,0.5802806615829468,0,0.4310707747936249,0,0.2819719016551971
0,0.0602190718054771,0,0.0811789408326149,0,0.010464665479958,0,0.0333471149206161
0,0.0075650308281183,0,0.00189070624765,0,0.001608763472177,0,0.0017051314935088
0,0.0238187741488218,0,0.0232387371361255,0,0.002792652696371,0,0.0026146324817091
0,0.0943220853805542,0,0.1399984806776046,0,0.0084494650363922,0,0.0472106486558914
0,0.0455290302634239,0,0.0607202537357807,0,0.0048665860667824,0,0.0070430692285299
0,0.0068714497610926,0,0.0099011762067675,0,0.0217342935502529,0,0.0024194298312067
0,0.018872145563364,0,0.0116782234981656,0,0.0027189208194613,0,0.0006832444923929
0,0.0214686337858438,0,0.0112837422639131,0,0.0061442274600267,0,0.0015156643930822
0,0.170835256576538,0,0.4247006773948669,0,0.0666230022907257,0,0.3614725470542907
0,0.100410521030426,0,0.3635212779045105,0,0.1063388139009475,0,0.5166428089141846
0,0.0877527147531509,0,0.1047665774822235,0,0.0839947983622551,0,0.3956586718559265
0,0.0856487452983856,0,0.0849417820572853,0,0.0675148144364357,0,0.4464040100574493
0,0.121213398873806,0,0.3863362669944763,0,0.0360597111284732,0,0.3626639246940613
0,0.0495244301855564,0,0.0636961236596107,0,0.0177596807479858,0,0.0397950783371925
0,0.0521244928240776,0,0.1410192102193832,0,0.0136293908581137,0,0.1132952868938446
0,0.289878100156784,0,0.0674978271126747,0,0.0075764381326735,0,0.2110569328069687
0,0.1310669630765915,0,0.1355164349079132,0,0.1422926634550094,0,0.1119772717356681
0,0.1399783641099929,0,0.0452640876173973,0,0.0057990262284874,0,0.1155128553509712
0,0.586035966873169,0,0.7694053649902344,0,0.7571715116500854,0,0.8365749716758728
0,0.5823716521263123,0,0.7145811915397644,0,0.1449803858995437,0,0.1709741801023483
0,0.5739574432373047,0,0.8686379790306091,0,0.4307422041893005,0,0.9042331576347352
0,0.2180029302835464,0,0.0283019877970218,0,0.0062256017699837,0,0.0710385590791702
0,0.006151330191642,0,0.002379463519901,0,0.0014739893376827,0,0.0008344348752871
0,0.0303194746375083,0,0.0045272926799952,0,0.0023960480466485,0,0.001375907449983
0,0.0829041749238967,0,0.0093226563185453,0,0.0047195493243634,0,0.0015481122536584
0,0.0169450789690017,0,0.0081460792571306,0,0.0030730797443538,0,0.0118054086342453
0,0.0492648668587207,0,0.0067121041938662,0,0.0023277623113244,0,0.0007767654606141
0,0.1458469927310943,0,0.018564460799098,0,0.0017684625927358,0,0.0040394468232989
0,0.0238582585006952,0,0.0075034368783235,0,0.001372579135932,0,0.0184124130755662
0,0.0591044463217258,0,0.0207974128425121,0,0.0370511747896671,0,0.0059554371982812
0,0.0602712891995906,0,0.0237724985927343,0,0.0108192488551139,0,0.0014688041992485
0,0.0245054196566343,0,0.0118832569569349,0,0.0021907517220824,0,0.0135991806164383
0,0.1440501809120178,0,0.0417004078626632,0,0.0127947404980659,0,0.0090095829218626
0,0.0336013473570346,0,0.0187447424978017,0,0.0015056446427479,0,0.0079954117536544
0,0.4722190499305725,0,0.2907180786132812,0,0.6581997275352478,0,0.6023308634757996
0,0.0963091701269149,0,0.0186783876270055,0,0.0108080077916383,0,0.0168265327811241
0,0.0652593970298767,0,0.0222009140998125,0,0.0055253328755497,0,0.0087989326566457
0,0.1291664093732834,0,0.0275519825518131,0,0.0166687984019517,0,0.0210353527218103
0,0.085006259381771,0,0.0181343331933021,0,0.0109295053407549,0,0.0173634178936481
0,0.3577155768871307,0,0.214564248919487,0,0.6471314430236816,0,0.6745138764381409
0,0.0171399191021919,0,0.0219412893056869,0,0.0188454650342464,0,0.0097287427634
0,0.1019644811749458,0,0.0185800679028034,0,0.012216243892908,0,0.0209327116608619
0,0.0891591981053352,0,0.0252637714147567,0,0.0102030672132968,0,0.0130699789151549
0,0.3981176614761352,0,0.2423986345529556,0,0.6305081248283386,0,0.6622104644775391
0,0.0252526607364416,0,0.0183838792145252,0,0.0069932108744978,0,0.0269982516765594
0,0.0087245628237724,0,0.0127552123740315,0,0.005553750321269,0,0.0127879912033677
0,0.0465041361749172,0,0.0323880203068256,0,0.0045463596470654,0,0.0299597978591918
0,0.3329228460788727,0,0.2744995653629303,0,0.1137657016515731,0,0.581900417804718
0,0.1782378554344177,0,0.4206551313400268,0,0.1171255931258201,0,0.5197505354881287
0,0.0404352322220802,0,0.0084119793027639,0,0.0142005151137709,0,0.089787907898426
0,0.2413161247968673,0,0.0057932441122829,0,0.0100323399528861,0,0.070743054151535
0,0.3097057342529297,0,0.349539041519165,0,0.0178580954670906,0,0.6855350732803345
0,0.041151788085699,0,0.0031314925290644,0,0.0001922978990478,0,0.0083077922463417
0,0.0124743124470114,0,0.0290021728724241,0,0.0453704930841922,0,0.0388082414865493
0,0.1391940861940384,0,0.3584680259227752,0,0.237233966588974,0,0.1225708276033401
0,0.3729474246501922,0,0.5429913401603699,0,0.2009799927473068,0,0.7980256676673889
0,0.6536365151405334,0,0.7125445008277893,0,0.9836480021476746,0,0.9839490056037904
0,0.67177814245224,0,0.7254559397697449,0,0.8753812909126282,0,0.9901621341705322
0,0.6544972062110901,0,0.2935998141765594,0,0.0391249358654022,0,0.4856455624103546
0,0.0350022539496421,0,0.0030593099072575,0,0.0002284726942889,0,0.008349435403943
0,0.0321585461497306,0,0.0024026655592024,0,0.0003235891635995,0,0.0037142178043723
0,0.4632515907287597,0,0.6244719624519348,0,0.3201049566268921,0,0.417972207069397
0,0.2793236374855041,0,0.2653397619724273,0,0.0633645057678222,0,0.2678883373737335
0,0.0779400691390037,0,0.0030141768511384,0,0.0013803915353491,0,0.0054940432310104
0,0.0347814336419105,0,0.0029172417707741,0,0.0010700974380597,0,0.0070320102386176
0,0.2806145548820495,0,0.0655742809176445,0,0.0049017546698451,0,0.017905818298459
0,0.0325626581907272,0,0.0200085770338773,0,0.0023243122268468,0,0.0004365066124591
0,0.0953286960721015,0,0.0024234508164227,0,0.0293537769466638,0,0.0045982003211975
0,0.1043356955051422,0,0.0738618820905685,0,0.006765529513359,0,0.0006656258483417
0,0.1663499921560287,0,0.2222906798124313,0,0.0408967360854148,0,0.00514807831496
0,0.0522785112261772,0,0.0586542189121246,0,0.0044598034583032,0,0.0005493388161994
0,0.1715703606605529,0,0.2726626992225647,0,0.2703534960746765,0,0.434926301240921
0,0.1466154009103775,0,0.0623099505901336,0,0.5693473815917969,0,0.4020672142505646
0,0.3149408400058746,0,0.775884747505188,0,0.7650771141052246,0,0.4714517593383789
0,0.1577282845973968,0,0.0928371995687484,0,0.1744234561920166,0,0.3714455664157867
0,0.2380638122558593,0,0.4629909992218017,0,0.5475833415985107,0,0.2607869505882263
0,0.1851062476634979,0,0.2732152342796325,0,0.0544613786041736,0,0.3397566676139831
0,0.1912054121494293,0,0.4347462356090545,0,0.4856363236904144,0,0.2321305572986602
0,0.1562300324440002,0,0.1011303812265396,0,0.1911814957857132,0,0.4903295040130615
0,0.2998818755149841,0,0.4743907451629638,0,0.1516942977905273,0,0.403112918138504
0,0.0702161788940429,0,0.0578304715454578,0,0.0014504587743431,0,0.0295190885663032
0,0.1093988865613937,0,0.0103695560246706,0,0.0252138562500476,0,0.0450278632342815
0,0.1541153490543365,0,0.0255623701959848,0,0.2073490917682647,0,0.1743477284908294
0,0.0104513028636574,0,0.009717172011733,0,0.0004118390497751,0,0.0106376353651285
0,0.4848144054412842,0,0.6898722648620605,0,0.1826852262020111,0,0.866880476474762
0,0.0369687266647815,0,0.0132832638919353,0,0.0033978491555899,0,0.2344992309808731
0,0.0387292802333831,0,0.0167610719799995,0,0.0028616483323276,0,0.3938155472278595
0,0.0412503704428672,0,0.011051227338612,0,0.001518766162917,0,0.2920932471752167
0,0.6455364227294922,0,0.7020302414894104,0,0.5870776176452637,0,0.4103366732597351
0,0.5717052221298218,0,0.622917652130127,0,0.1874082237482071,0,0.1673316806554794
0,0.6264932751655579,0,0.665310263633728,0,0.3963307440280914,0,0.3400053977966308
0,0.1162320673465728,0,0.00403066072613,0,0.0083278240635991,0,0.0757976323366165
0,0.0845460891723632,0,0.0034561664797365,0,0.003987951669842,0,0.0118247596547007
0,0.0873085781931877,0,0.0059623713605105,0,0.0084461811929941,0,0.0196506939828395
0,0.1017170548439025,0,0.0050575835630297,0,0.0392966456711292,0,0.0172476600855588
0,0.0099594630300998,0,0.0050580324605107,0,0.0019352185772731,0,0.0934361815452575
0,0.0136647773906588,0,0.0081842932850122,0,0.0013160788221284,0,0.0791219249367713
0,0.1370798498392105,0,0.0093581182882189,0,0.02640744112432,0,0.0103731537237763
0,0.0120150409638881,0,0.0067124227061867,0,0.0012294416083022,0,0.0720249563455581
0,0.208023801445961,0,0.0470521040260791,0,0.0774392187595367,0,0.0230038482695817
0,0.4324454367160797,0,0.1377826780080795,0,0.0174102429300546,0,0.0550184622406959
0,0.2200087457895279,0,0.105475477874279,0,0.0307729225605726,0,0.0755396708846092
0,0.3474996387958526,0,0.1789431422948837,0,0.035625334829092,0,0.1299749910831451
0,0.0245254039764404,0,0.0226276610046625,0,0.0006533138221129,0,0.0071446620859205
0,0.0361322648823261,0,0.0143998609855771,0,0.012923770584166,0,0.0088540138676762
0,0.0152552947402,0,0.004670871887356,0,0.0066530583426356,0,0.0051044095307588
0,0.0347747541964054,0,0.0368484742939472,0,0.0818490907549858,0,0.0254525151103734
0,0.1159991472959518,0,0.0136027820408344,0,0.0483392216265201,0,0.1868939697742462
0,0.2282824069261551,0,0.0400634035468101,0,0.0184494070708751,0,0.0704410150647163
0,0.1192074343562126,0,0.0226876363158226,0,0.0615119226276874,0,0.1893443316221237
0,0.1818689107894897,0,0.0182870645076036,0,0.0190216731280088,0,0.0892287194728851
0,0.0805060341954231,0,0.0051156557165086,0,0.0012630660785362,0,0.0128093417733907
0,0.010997419245541,0,0.0232563260942697,0,0.0011359703494235,0,0.0096312696114182
0,0.0064705363474786,0,0.0026329820975661,0,0.0004340543237049,0,0.0002953350194729
0,0.0131563451141119,0,0.0238411929458379,0,0.0007488381816074,0,0.0060279085300862
0,0.0067087225615978,0,0.0034436387941241,0,0.0003929068043362,0,0.0005466610891744
0,0.0093551343306899,0,0.0141413481906056,0,0.000358770834282,0,0.0029051033779978
0,0.0469052195549011,0,0.0056142462417483,0,0.0007304664468392,0,0.0111852539703249
0,0.0569167844951152,0,0.0738699585199356,0,0.0145522272214293,0,0.0113154556602239
0,0.0522275678813457,0,0.0117104016244411,0,0.0009721854585222,0,0.017230724915862
0,0.0273157637566328,0,0.0095205521211028,0,0.0018456613179296,0,0.0450226217508316
0,0.0247270483523607,0,0.0228473041206598,0,0.0051924483850598,0,0.0083484761416912
0,0.064907506108284,0,0.0068320063874125,0,0.0013909452827647,0,0.0158609934151172
0,0.086406759917736,0,0.119528479874134,0,0.0556407161056995,0,0.0680100992321968
0,0.0940701588988304,0,0.0105757964774966,0,0.0051528206095099,0,0.0083448328077793
0,0.0544099658727645,0,0.0026530493050813,0,0.0012780718971043,0,0.025346415117383
0,0.0308948773890733,0,0.0106059117242693,0,0.0029996805824339,0,0.0227836705744266
0,0.1098707243800163,0,0.0127919940277934,0,0.0654115825891494,0,0.0792535245418548
0,0.0312103871256113,0,0.0067731854505836,0,0.0049877045676112,0,0.0095263179391622
0,0.0324076861143112,0,0.0061635593883693,0,0.0066312015987932,0,0.0193369425833225
0,0.6216377019882202,0,0.8508293032646179,0,0.729697585105896,0,0.8986437916755676
0,0.5394012928009033,0,0.7679297924041748,0,0.7922847270965576,0,0.6925240755081177
0,0.6014441251754761,0,0.8457691073417664,0,0.8143197894096375,0,0.7830424308776855
0,0.0156571138650178,0,0.0096141276881098,0,0.0083492454141378,0,0.1034413427114486
0,0.2177208364009857,0,0.2045423686504364,0,0.3461048901081085,0,0.5740700364112854
0,0.13379468023777,0,0.0496489256620407,0,0.0997526124119758,0,0.0738050863146781
0,0.0137068983167409,0,0.0079853497445583,0,0.0045418366789817,0,0.1200721338391304
0,0.1271172910928726,0,0.1165004968643188,0,0.3972262442111969,0,0.6133171916007996
0,0.1846988201141357,0,0.1128263100981712,0,0.1216898337006568,0,0.512252151966095
0,0.0226536486297845,0,0.0036500736605376,0,0.0030914226081222,0,0.0013704865705221
0,0.1972817182540893,0,0.2116967290639877,0,0.7598761320114136,0,0.707304060459137
0,0.1454668939113617,0,0.0607340335845947,0,0.1512765288352966,0,0.0595055930316448
0,0.6942280530929565,0,0.7380571961402893,0,0.7853708863258362,0,0.8187779784202576
0,0.3714406490325928,0,0.6845263838768005,0,0.2059632241725921,0,0.1268605291843414
0,0.0207449346780776,0,0.0207997914403677,0,0.0065614790655672,0,0.0071808039210736
0,0.3634614646434784,0,0.6971356272697449,0,0.1291767358779907,0,0.1091002151370048
0,0.0290098022669553,0,0.0113190682604908,0,0.0022484674118459,0,0.0026122762355953
0,0.3337238729000091,0,0.6503345370292664,0,0.1892969012260437,0,0.1035314351320266
0,0.0211540758609771,0,0.0092601524665951,0,0.0061049531213939,0,0.0084963105618953
0,0.1424998044967651,0,0.0122626731172204,0,0.1334583312273025,0,0.0349770970642566
0,0.0751794502139091,0,0.0042020925320684,0,0.0012002061121165,0,0.0226577930152416
0,0.0724226534366607,0,0.0054244007915258,0,0.0062772096134722,0,0.0177904106676578
0,0.0297175291925668,0,0.0009729726007208,0,0.000506721669808,0,0.0021902963053435
0,0.4822783470153808,0,0.5320320725440979,0,0.2886252701282501,0,0.5918871760368347
0,0.374796450138092,0,0.8347810506820679,0,0.8282411098480225,0,0.4780466258525848
0,0.468914270401001,0,0.3415986001491546,0,0.2030853033065796,0,0.6899678707122803
0,0.2286397814750671,0,0.2626969814300537,0,0.3005031943321228,0,0.5124771595001221
0,0.4328342378139496,0,0.8469729423522949,0,0.7635016441345215,0,0.3669086098670959
0,0.4399317502975464,0,0.4603500962257385,0,0.370256096124649,0,0.8393760323524475
0,0.3485748171806335,0,0.3723994791507721,0,0.4368743598461151,0,0.6844444870948792
0,0.0084259109571576,0,0.0087329130619764,0,0.0004166857106611,0,0.0013383763143792
0,0.3972359597682953,0,0.859405517578125,0,0.6418089270591736,0,0.3384614288806915
0,0.410652220249176,0,0.4938473701477051,0,0.2583747804164886,0,0.8780910968780518
0,0.3366235196590423,0,0.4042271673679352,0,0.4979686141014099,0,0.5660820007324219
0,0.0096524553373456,0,0.0083773592486977,0,0.0008665542700327,0,0.0012318363878875
0,0.3480523526668548,0,0.4232489168643951,0,0.1977269053459167,0,0.2426159679889679
0,0.3006075918674469,0,0.1147247776389122,0,0.0118554942309856,0,0.0090530309826135
1,0.6299207210540771,1,0.696330726146698,1,0.6694963574409485,1,0.739650309085846
1,0.5591654777526855,1,0.8403223752975464,1,0.4474877119064331,1,0.2468830496072769
1,0.5649909377098083,1,0.6927028298377991,1,0.3554514050483703,1,0.2579201161861419
1,0.5298454165458679,1,0.9043870568275452,1,0.4942230582237243,1,0.3600971102714538
1,0.6082048416137695,1,0.9226813316345216,1,0.7472871541976929,1,0.4764222204685211
1,0.6353198885917664,1,0.8054614663124084,1,0.7446802258491516,1,0.3819203972816467
1,0.0565341711044311,1,0.5913435220718384,1,0.0796589031815528,1,0.2665224075317383
1,0.3080982565879822,1,0.7250387072563171,1,0.1144290417432785,1,0.397247850894928
1,0.3711012899875641,1,0.2503520548343658,1,0.9197412133216858,1,0.9393597841262816
1,0.3648665249347687,1,0.6320638060569763,1,0.5956189632415771,1,0.2657488286495209
1,0.2607628107070923,1,0.1933482140302658,1,0.2198140323162078,1,0.3054658472537994
1,0.588409960269928,1,0.8790123462677002,1,0.6027900576591492,1,0.6342007517814636
1,0.0809179320931434,1,0.0392811559140682,1,0.0232783127576112,1,0.0560731329023838
1,0.4443662762641907,1,0.6483561396598816,1,0.3339230418205261,1,0.4393824934959411
1,0.6218806505203247,1,0.8006052374839783,1,0.1141287609934806,1,0.125158280134201
1,0.5206059217453003,1,0.8982337117195129,1,0.7457327246665955,1,0.793779730796814
1,0.2333052605390548,1,0.6851611137390137,1,0.5470057725906372,1,0.4341970980167389
1,0.3796428740024566,1,0.7547969222068787,1,0.6241378784179688,1,0.520354151725769
1,0.591247022151947,1,0.7780597805976868,1,0.6006019711494446,1,0.7646743655204773
1,0.3314703106880188,1,0.4528243839740753,1,0.1798159778118133,1,0.6920855641365051
1,0.2845555543899536,1,0.3969064354896545,1,0.0886269882321357,1,0.6126750111579895
1,0.3387967646121979,1,0.4980544745922088,1,0.3169173002243042,1,0.6907292604446411
1,0.0526700057089328,1,0.1418119370937347,1,0.103693351149559,1,0.2335007488727569
1,0.4366320967674255,1,0.6235908269882202,1,0.4325252175331116,1,0.7367140054702759
1,0.6465112566947937,1,0.707588791847229,1,0.7028254270553589,1,0.7784886360168457
1,0.2649608254432678,1,0.2179214209318161,1,0.0712060555815696,1,0.1578663885593414
1,0.762497067451477,1,0.9226874113082886,1,0.9854690432548524,1,0.9731730818748474
0,0.253225028514862,0,0.382773756980896,0,0.0465559400618076,0,0.6038705706596375
0,0.0322611294686794,0,0.0318368524312973,0,0.0023992448113858,0,0.0366714522242546
0,0.0069610001519322,0,0.0010771465022116,0,0.0001528913271613,0,0.0011714212596416
0,0.005330990999937,0,0.0017265668138861,0,0.000292290438665,0,0.0012705492554232
0,0.0468593649566173,0,0.0122528243809938,0,0.0102732265368103,0,0.0040647792629897
0,0.3750826716423034,0,0.5154446363449097,0,0.1413669735193252,0,0.5984856486320496
0,0.0270094703882932,0,0.0117281079292297,0,0.0127868596464395,0,0.0044236984103918
0,0.4622247517108917,0,0.4690804481506347,0,0.271684318780899,0,0.7493142485618591
0,0.0080198924988508,0,0.0372962467372417,0,0.0018650052370503,0,0.0918087139725685
0,0.026138599961996,0,0.0128870494663715,0,0.0037917240988463,0,0.0034433046821504
0,0.0130143817514181,0,0.0096751535311341,0,0.0089411903172731,0,0.0025924537330865
0,0.1972356438636779,0,0.2145291268825531,0,0.1019487008452415,0,0.1357823014259338
0,0.5518085360527039,0,0.8617316484451294,0,0.5744034051895142,0,0.63205885887146
0,0.0561684221029281,0,0.0429982766509056,0,0.0068315151147544,0,0.0906107351183891
0,0.3248371183872223,0,0.1838722378015518,0,0.0193953104317188,0,0.5326071381568909
0,0.4919448494911194,0,0.0825250372290611,0,0.1118884459137916,0,0.4667310118675232
0,0.3841017186641693,0,0.0466481707990169,0,0.0200015529990196,0,0.2691572606563568
0,0.5340477824211121,0,0.0767847746610641,0,0.0821386650204658,0,0.3454650938510895
0,0.4116534888744354,0,0.0408041849732399,0,0.1976790577173233,0,0.140499860048294
0,0.6036224961280823,0,0.0708862766623497,0,0.3561021387577057,0,0.690067708492279
0,0.5948780179023743,0,0.4535228908061981,0,0.0031601546797901,0,0.562195360660553
0,0.4995571672916412,0,0.3560052812099457,0,0.0094932913780212,0,0.631541907787323
0,0.5845906734466553,0,0.92766934633255,0,0.8460749983787537,0,0.9304349422454834
0,0.0497438125312328,0,0.0033281503710895,0,0.000627226603683,0,0.011391264386475
0,0.5694641470909119,0,0.4122982919216156,0,0.4641200602054596,0,0.8118907809257507
0,0.5144966840744019,0,0.5054864287376404,0,0.4363076388835907,0,0.815212607383728
0,0.0756704434752464,0,0.0845463573932647,0,0.0083538107573986,0,0.098390869796276
0,0.4449002146720886,0,0.2576081752777099,0,0.0544603280723094,0,0.068847082555294
0,0.5268182754516602,0,0.6730770468711853,0,0.4691106081008911,0,0.8467180728912354
0,0.0167320910841226,0,0.0110187139362096,0,0.0048849694430828,0,0.0006587875541299
0,0.0296634193509817,0,0.0087061440572142,0,0.009652491658926,0,0.2036742568016052
0,0.0260580405592918,0,0.0517971813678741,0,0.0052804620936512,0,0.0090640448033809
0,0.0517079308629035,0,0.0208142362534999,0,0.0016546943224966,0,0.063788041472435
0,0.0372559018433094,0,0.1261116713285446,0,0.0624976158142089,0,0.4124223589897156
0,0.0062670689076185,0,0.0049238395877182,0,0.0012730828020721,0,0.0012354778591543
0,0.0090868221595883,0,0.0563676245510578,0,0.0060630971565842,0,0.1062236502766609
0,0.0184461344033479,0,0.0010338480351492,0,0.00050701177679,0,0.0004804369236808
0,0.0335158593952655,0,0.0017399647040292,0,0.0002965853200294,0,0.0006707042339257
0,0.0040022125467658,0,0.0232499577105045,0,0.0014964538859203,0,0.0481090620160102
0,0.0471622832119464,0,0.0167770162224769,0,0.0006275330670177,0,0.0067540328018367
0,0.036853265017271,0,0.0424016118049621,0,0.001274368725717,0,0.0125880958512425
0,0.203042134642601,0,0.0595647655427455,0,0.0072242566384375,0,0.0365086905658245
0,0.0053823157213628,0,0.0269405841827392,0,0.0037455204874277,0,0.0413669310510158
0,0.0067806928418576,0,0.0039623589254915,0,0.0006198720657266,0,0.0084425844252109
0,0.0518458038568496,0,0.032704971730709,0,0.0010611321777105,0,0.0215644761919975
0,0.0303777996450662,0,0.0382388941943645,0,0.0007924859528429,0,0.0095366090536117
0,0.021727105602622,0,0.027723278850317,0,0.0268526803702116,0,0.0486456491053104
0,0.4292274713516235,0,0.3108539283275604,0,0.7748454213142395,0,0.7283240556716919
0,0.0798405259847641,0,0.0146811306476593,0,0.0053944210521876,0,0.0190257467329502
0,0.2135833799839019,0,0.2289813756942749,0,0.2270833253860473,0,0.3609608113765716
0,0.4428285360336303,0,0.2799841165542602,0,0.038923256099224,0,0.2366797924041748
0,0.0696208328008651,0,0.0081135649234056,0,0.0069680935703217,0,0.0162590779364109
0,0.1198572665452957,0,0.1218526884913444,0,0.2551317811012268,0,0.3327606618404388
0,0.1637978106737136,0,0.1062624976038932,0,0.2864518463611603,0,0.332073301076889
0,0.2233565151691436,0,0.0266212951391935,0,0.003149191616103,0,0.0099878935143351
0,0.291977971792221,0,0.0236381720751523,0,0.0029984898865222,0,0.0090845869854092
0,0.3793363571166992,0,0.0711643397808075,0,0.0054311454296112,0,0.0174869801849126
0,0.0137969143688678,0,0.0036853621713817,0,0.000306003174046,0,0.0005483634304255
0,0.0183682702481746,0,0.0035452279262244,0,0.0004555557970888,0,0.0008101328858174
0,0.0576910674571991,0,0.0199082493782043,0,0.0032507714349776,0,0.0334990173578262
0,0.0298423562198877,0,0.0298871845006942,0,0.0034930945839732,0,0.0149684371426701
0,0.027991447597742,0,0.0123781291767954,0,0.0065895500592887,0,0.0750994235277175
0,0.0717998519539833,0,0.1203096136450767,0,0.0088004125282168,0,0.0078865950927138
0,0.0359058678150177,0,0.034512422978878,0,0.003351719584316,0,0.0154777374118566
0,0.025732098147273,0,0.0191953480243682,0,0.0051106051541864,0,0.04823899269104
0,0.0451995059847831,0,0.0027986809145659,0,0.0023260843008756,0,0.014688953757286
0,0.014512974768877,0,0.0008592059020884,0,0.0035416637547314,0,0.0016279100673273
0,0.0087325293570756,0,0.0009984951466321,0,0.0002506478049326,0,0.0020517236553132
0,0.0155718019232153,0,0.0014798652846366,0,0.0069640758447349,0,0.003055146196857
0,0.0173620972782373,0,0.0031579337082803,0,0.0011114050867035,0,0.0054967426694929
0,0.3622838854789734,0,0.311159998178482,0,0.355504035949707,0,0.3429774343967438
0,0.0099554723128676,0,0.0030952400993555,0,0.0019285272574052,0,0.0007049670093692
0,0.0189278423786163,0,0.0021487765479832,0,0.0035161382984369,0,0.0046138600446283
0,0.0197051391005516,0,0.0699960961937904,0,0.021760256960988,0,0.3468208014965057
0,0.0135645726695656,0,0.0350606851279735,0,0.0114321690052747,0,0.3838628232479095
0,0.0170172732323408,0,0.029751144349575,0,0.0043037827126681,0,0.0668824464082717
0,0.4208145439624786,0,0.7243348956108093,0,0.2419362664222717,0,0.3414364755153656
0,0.5338532328605652,0,0.6803331971168518,0,0.0683065950870513,0,0.3001965284347534
0,0.4437199831008911,0,0.7103278040885925,0,0.1891172528266906,0,0.2743909060955047
0,0.3420111238956451,0,0.7100678086280823,0,0.2171648293733596,0,0.3577714264392853
0,0.2934902906417846,0,0.4293438494205475,0,0.2250588536262512,0,0.3509407341480255
0,0.1688001900911331,0,0.1124944686889648,0,0.1562959998846054,0,0.2139010727405548
0,0.0081747425720095,0,0.0040362714789807,0,0.0001471197319915,0,0.0066518131643533
0,0.0136630414053797,0,0.0038165363948792,0,0.0001136570353992,0,0.0142956487834453
0,0.0104967057704925,0,0.0041539906524121,0,0.0001089782526833,0,0.0122422156855463
0,0.1249086633324623,0,0.2749217748641968,0,0.2001582831144333,0,0.1209800392389297
0,0.0041667902842164,0,0.0061615677550435,0,9.339924872620033e-05,0,0.0015884223394095
0,0.1284889131784439,0,0.278569608926773,0,0.0699768215417862,0,0.0371482297778129
0,0.0400334000587463,0,0.0912080630660057,0,0.1772406846284866,0,0.3411411643028259
0,0.0079097496345639,0,0.0130057064816355,0,0.0133532499894499,0,0.0207808129489421
0,0.0031855436973273,0,0.0024444190785288,0,0.0004137485811952,0,0.003266334766522
0,0.0344291441142559,0,0.0429766997694969,0,0.0125755481421947,0,0.0119169643148779
0,0.055503100156784,0,0.0245882645249366,0,0.0195364542305469,0,0.0160871818661689
0,0.0399086847901344,0,0.0348914973437786,0,0.0599435567855834,0,0.0030649609398096
0,0.034996036440134,0,0.0330471843481063,0,0.0390176884829998,0,0.0215266998857259
0,0.0187620371580123,0,0.0079124588519334,0,0.0039472626522183,0,0.0051697827875614
0,0.2371247261762619,0,0.2318732440471649,0,0.3177050650119781,0,0.173499658703804
0,0.051995676010847,0,0.0222771745175123,0,0.0045116362161934,0,0.0031771620269864
0,0.0146424295380711,0,0.0288111232221126,0,0.005100299604237,0,0.0344821289181709
0,0.0523809045553207,0,0.0466800592839717,0,0.0527365878224372,0,0.3014476299285888
0,0.0508593469858169,0,0.0268814116716384,0,0.0171873532235622,0,0.1362963914871215
0,0.0464076437056064,0,0.0029435919132083,0,0.0005456921062432,0,0.0006524215568788
0,0.0098767727613449,0,0.0086379153653979,0,0.0051468964666128,0,0.0015865525929257
0,0.0782505720853805,0,0.0089218923822045,0,0.0321812592446804,0,0.0289143938571214
0,0.0877256616950035,0,0.022724200040102,0,0.0146957468241453,0,0.0688195005059242
0,0.086905837059021,0,0.0080931177362799,0,0.1538590937852859,0,0.348370224237442
0,0.0822202786803245,0,0.0121040511876344,0,0.099217340350151,0,0.0605624876916408
0,0.0818411037325859,0,0.0066349222324788,0,0.0357562080025672,0,0.0231558158993721
0,0.051846332848072,0,0.0201073102653026,0,0.0233817771077156,0,0.0438826531171798
0,0.6455895304679871,0,0.7769140005111694,0,0.5642591118812561,0,0.4509001672267914
0,0.6159272789955139,0,0.704052746295929,0,0.7874607443809509,0,0.4823341965675354
0,0.0387732684612274,0,0.0147817758843302,0,0.0034389272332191,0,0.1319003254175186
0,0.019589614123106,0,0.0070164580829441,0,0.0005714788567274,0,0.0059116682969033
0,0.0420336127281188,0,0.0181700438261032,0,0.0046457713469862,0,0.0728112608194351
0,0.0293676983565092,0,0.0090495450422167,0,0.0011164422612637,0,0.0127216838300228
0,0.0474704429507255,0,0.0211230851709842,0,0.0047207367606461,0,0.0716311857104301
0,0.0239923670887947,0,0.01574033126235,0,0.013615308329463,0,0.0235854368656873
0,0.0088979713618755,0,0.0027392609044909,0,0.0006475815316662,0,0.0010338790016248
0,0.0349383652210235,0,0.0096967341378331,0,0.0043072989210486,0,0.0243690460920333
0,0.0073116393759846,0,0.0098731182515621,0,0.0056195589713752,0,0.0069997110404074
0,0.0360264778137207,0,0.0287815779447555,0,0.0547039769589901,0,0.0567486621439456
0,0.0155520197004079,0,0.0230904296040534,0,0.0239015687257051,0,0.0506820641458034
0,0.0884846374392509,0,0.0085460636764764,0,0.0012247056001797,0,0.008513456210494
0,0.00976999476552,0,0.0058387955650687,0,0.0006084411870688,0,0.0010163501137867
0,0.0060466225259006,0,0.0175401885062456,0,0.0010312603553757,0,0.005062339361757
0,0.0162144303321838,0,0.0051789069548249,0,0.0036526133771985,0,0.0061851274222135
0,0.0067051392979919,0,0.0160791538655757,0,0.0016893598949536,0,0.0060937283560633
0,0.0119190141558647,0,0.0024585167411714,0,0.0003882106102537,0,0.0024381726980209
0,0.0502334125339984,0,0.0072552901692688,0,0.0011183592723682,0,0.0342539474368095
0,0.0227452926337718,0,0.0151841361075639,0,0.0023782278876751,0,0.0051367129199206
0,0.0110889477655291,0,0.0230791922658681,0,0.0030625404324382,0,0.0149176120758056
0,0.336876630783081,0,0.1492318511009216,0,0.078424371778965,0,0.0325466282665729
0,0.1143250912427902,0,0.1757202446460724,0,0.0049958825111389,0,0.0579152107238769
0,0.2050873190164566,0,0.0661504939198494,0,0.0099542653188109,0,0.1212808489799499
0,0.4010274112224579,0,0.2905495464801788,0,0.1038528010249137,0,0.2541888356208801
0,0.0146406684070825,0,0.0778242871165275,0,0.0016100768698379,0,0.0588507205247879
0,0.0169040616601705,0,0.082037515938282,0,0.0015533711994066,0,0.0880496874451637
0,0.0143761383369565,0,0.0589658617973327,0,0.0008902543340809,0,0.0442139394581317
0,0.085631139576435,0,0.0632031559944152,0,0.1317130625247955,0,0.2552347779273987
0,0.0118498029187321,0,0.0406908132135868,0,0.0073648109100759,0,0.064479075372219
0,0.3061301708221435,0,0.1893568783998489,0,0.0168334040790796,0,0.0688505694270134
0,0.1094055548310279,0,0.044647891074419,0,0.1975785493850708,0,0.3144062161445617
0,0.0109688891097903,0,0.0189518481492996,0,0.0149656599387526,0,0.0481397211551666
0,0.1029935628175735,0,0.0451430007815361,0,0.0074689071625471,0,0.0227002426981925
0,0.1596699655055999,0,0.0555079132318496,0,0.4099193215370178,0,0.4821552336215973
0,0.009696184657514,0,0.0304520949721336,0,0.0185204986482858,0,0.1022431477904319
0,0.0369532965123653,0,0.0219378639012575,0,0.0514537766575813,0,0.0170480739325284
0,0.5824468731880188,0,0.8615811467170715,0,0.7033748626708984,0,0.4792044460773468
0,0.5226690769195557,0,0.7943852543830872,0,0.3957084715366363,0,0.448806881904602
0,0.5113016366958618,0,0.8287199139595032,0,0.4230988323688507,0,0.4614503383636474
0,0.013494168408215,0,0.0236417334526777,0,0.0033163763582706,0,0.0229363907128572
0,0.013125711120665,0,0.0289792455732822,0,0.0025181390810757,0,0.0234223064035177
0,0.0185948461294174,0,0.0157233625650405,0,0.0007192231132648,0,0.0173356886953115
0,0.0284368321299552,0,0.0050132852047681,0,0.0380929261445999,0,0.0119559252634644
0,0.0736146867275238,0,0.017435997724533,0,0.0454758554697036,0,0.0147377010434865
0,0.0936374440789222,0,0.0226682908833026,0,0.03586445748806,0,0.0181175526231527
0,0.015363291837275,0,0.0172373484820127,0,0.0090481424704194,0,0.0262230988591909
0,0.2275199592113495,0,0.0660165920853614,0,0.1492507010698318,0,0.1814150214195251
0,0.1206110268831253,0,0.1370742917060852,0,0.3704064488410949,0,0.3517679870128631
0,0.1338932812213897,0,0.0123552586883306,0,0.0097483601421117,0,0.035028651356697
0,0.0162694826722145,0,0.0026526432484388,0,0.0041455584578216,0,0.0041533932089805
0,0.0614146776497364,0,0.0370935127139091,0,0.0063030864112079,0,0.0265075154602527
0,0.0490945577621459,0,0.0708061605691909,0,0.0473581925034523,0,0.1282022893428802
0,0.0383345335721969,0,0.0553949512541294,0,0.40554079413414,0,0.2293724864721298
0,0.0595404617488384,0,0.0055604302324354,0,0.0014365105889737,0,0.0029107343871146
0,0.0182804577052593,0,0.0048969634808599,0,0.001570587279275,0,0.0023918312508612
0,0.1443271785974502,0,0.079009935259819,0,0.0820125937461853,0,0.1896027326583862
0,0.0517223365604877,0,0.0075486623682081,0,0.0005537975230254,0,0.0024784000124782
0,0.0546041242778301,0,0.0820511430501937,0,0.0865313783288002,0,0.0511507540941238
0,0.030541643500328,0,0.0488489940762519,0,0.3150138258934021,0,0.1996752619743347
0,0.0196159891784191,0,0.0032584003638476,0,0.0007007031235843,0,0.0023359160404652
0,0.0132181318476796,0,0.0021127958316355,0,0.0017488709418103,0,0.0031050324905663
0,0.0398243963718414,0,0.0089174285531044,0,0.000485604366986,0,0.0068995305337011
0,0.066811628639698,0,0.1170767322182655,0,0.0578274428844451,0,0.0806004405021667
0,0.0430031046271324,0,0.0498367846012115,0,0.0270710419863462,0,0.0610853508114814
0,0.0785832852125167,0,0.0962179973721504,0,0.0569515824317932,0,0.0941684022545814
0,0.0202319733798503,0,0.0032123683486133,0,0.0003606532991398,0,0.0038594144862145
0,0.0234856884926557,0,0.0047327154316008,0,0.0012236515758559,0,0.0332406871020793
0,0.0884636417031288,0,0.2240207642316818,0,0.1009431630373001,0,0.1875831186771392
0,0.2847130000591278,0,0.6784356832504272,0,0.0419125668704509,0,0.1222624704241752
0,0.4465609490871429,0,0.6398516297340393,0,0.1887151002883911,0,0.7593417763710022
0,0.5651472806930542,0,0.8777071237564087,0,0.7356244325637817,0,0.6214104890823364
0,0.0943324491381645,0,0.1960693448781967,0,0.0517639443278312,0,0.2079977244138717
0,0.0533739402890205,0,0.1246214807033538,0,0.1393280774354934,0,0.2149504423141479
0,0.0220287051051855,0,0.0030502814333885,0,0.0006721176905557,0,0.0036831866018474
0,0.5386649966239929,0,0.1974197924137115,0,0.0362697839736938,0,0.5260614156723022
0,0.0655819103121757,0,0.1987018883228302,0,0.0732542723417282,0,0.2108521163463592
0,0.0223713181912899,0,0.0034515711013227,0,0.0009014613460749,0,0.0038861797656863
0,0.0507291853427886,0,0.1187447905540466,0,0.1491908133029937,0,0.133448451757431
0,0.4345389604568481,0,0.1409012675285339,0,0.0313539616763591,0,0.4027177691459656
0,0.0397260673344135,0,0.0993535071611404,0,0.086945004761219,0,0.1672175377607345
0,0.1745160222053527,0,0.6930479407310486,0,0.4632872939109802,0,0.5035349726676941
0,0.0277715045958757,0,0.0045185610651969,0,0.0023652068339288,0,0.004454786889255
0,0.5377083420753479,0,0.2334216386079788,0,0.1578902751207351,0,0.8097761273384094
0,0.0092440107837319,0,0.0039461469277739,0,0.0004382358165457,0,0.0147034395486116
0,0.0108816148713231,0,0.0095862355083227,0,0.0005249632522463,0,0.0076812147162854
0,0.009897050447762,0,0.0078773507848382,0,0.000731420062948,0,0.0161500088870525
0,0.2355235069990158,0,0.7661854028701782,0,0.428767055273056,0,0.3150302469730377
0,0.0042606210336089,0,0.0037365560419857,0,0.0011801746441051,0,0.0006221496150828
0,0.0069459420628845,0,0.004345626104623,0,0.0006144022918306,0,0.0006170482956804
0,0.1210114955902099,0,0.0454670190811157,0,0.5499227643013,0,0.0917766988277435
0,0.0286261569708585,0,0.0525149703025817,0,0.0083253746852278,0,0.0192931573837995
0,0.0317072980105876,0,0.006954045034945,0,0.000728249491658,0,0.0050960620865225
0,0.4173991978168487,0,0.033851034939289,0,0.0018312484025955,0,0.0176820680499076
0,0.034291710704565,0,0.0406296402215957,0,0.0051257223822176,0,0.0086582703515887
0,0.3072811365127563,0,0.0295332558453083,0,0.0022181386593729,0,0.0173093471676111
0,0.0427219532430172,0,0.0090423170477151,0,0.0008898730739019,0,0.0049947355873882
0,0.4592918753623962,0,0.0264052543789148,0,0.0023593306541442,0,0.0210041999816894
0,0.0326423943042755,0,0.0567203052341938,0,0.0100519508123397,0,0.0401506349444389
0,0.0998614132404327,0,0.0265270564705133,0,0.0019732783548533,0,0.0086321402341127
0,0.0090680280700325,0,0.0022101472131907,0,0.0008372236043214,0,0.0009154175058938
0,0.1088514104485511,0,0.0840633958578109,0,0.0201714802533388,0,0.1632778495550155
0,0.0641684979200363,0,0.0083438623696565,0,0.0020895574707537,0,0.0004781586758326
0,0.012494240887463,0,0.0035441217478364,0,0.0019494290463626,0,0.0025859321467578
0,0.129917711019516,0,0.0968796461820602,0,0.0317595265805721,0,0.1224256008863449
0,0.0473021008074283,0,0.0097188567742705,0,0.0033052093349397,0,0.0005223898333497
0,0.5170625448226929,0,0.0767939016222953,0,0.2146163433790207,0,0.2575622200965881
0,0.076695941388607,0,0.2156648337841034,0,0.2534287869930267,0,0.1562046110630035
0,0.0655095651745796,0,0.1679104268550872,0,0.0551119297742843,0,0.1114904806017875
0,0.0864774584770202,0,0.0053668734617531,0,0.0158488266170024,0,0.0097779277712106
0,0.0153722176328301,0,0.008638197556138,0,0.0194704942405223,0,0.0019078700570389
0,0.0313684791326522,0,0.023094518110156,0,0.0455500334501266,0,0.0204826314002275
0,0.2298852950334549,0,0.1553127914667129,0,0.1363782286643982,0,0.3541187942028045
0,0.029858648777008,0,0.0085445409640669,0,0.0022116410546004,0,0.0256754793226718
0,0.0239145997911691,0,0.0082747703418135,0,0.0009466552874073,0,0.0195974335074424
0,0.1047330126166343,0,0.0147488731890916,0,0.0350867882370948,0,0.0145106688141822
0,0.0825430378317833,0,0.027308041229844,0,0.0044711614027619,0,0.0023019439540803
0,0.1511325687170028,0,0.0636738613247871,0,0.0320705510675907,0,0.0145912561565637
0,0.0365688987076282,0,0.0292165502905845,0,0.0305054560303688,0,0.0108363227918744
0,0.0309981014579534,0,0.0111578470095992,0,0.0039240126498043,0,0.0080879507586359
0,0.0138085400685668,0,0.0027177652809768,0,0.0012821820564568,0,0.0056379344314336
0,0.0069075957871973,0,0.0062496433965861,0,0.0018309113802388,0,0.0029318642336875
0,0.0769801586866378,0,0.0148068657144904,0,0.0024263807572424,0,0.0167600587010383
0,0.0249193608760833,0,0.0163757596164941,0,0.0014683952322229,0,0.0075255096890032
0,0.2457534670829773,0,0.1556105315685272,0,0.0646030306816101,0,0.0442121624946594
0,0.0428408347070217,0,0.0045890822075307,0,0.0021172896958887,0,0.0073158801533281
0,0.066783957183361,0,0.004798169247806,0,0.0012025365140289,0,0.0046519562602043
0,0.1698815822601318,0,0.1810759752988815,0,0.0517900921404361,0,0.0511816628277301
0,0.1086176484823226,0,0.171831801533699,0,0.1166558712720871,0,0.5797275900840759
0,0.4360526502132416,0,0.4259786307811737,0,0.021752381697297,0,0.2912657856941223
0,0.208365723490715,0,0.0180773083120584,0,0.0315559208393096,0,0.0785056799650192
0,0.0311607141047716,0,0.0033775623887777,0,0.0023167270701378,0,0.0022745025344192
0,0.1587854325771331,0,0.1039551869034767,0,0.0091174049302935,0,0.1518488377332687
0,0.0782257243990898,0,0.0451382175087928,0,0.0158984288573265,0,0.0333016365766525
0,0.1122403889894485,0,0.2779610753059387,0,0.3913965821266174,0,0.4753760695457458
0,0.0225172862410545,0,0.0223020147532224,0,0.003117742948234,0,0.0173334926366806
0,0.0481152087450027,0,0.1242403909564018,0,0.0845919474959373,0,0.2896197438240051
1,0.5762361288070679,1,0.8436452150344849,1,0.416761964559555,1,0.6595439314842224
1,0.166039690375328,1,0.1573584973812103,1,0.0353031419217586,1,0.3510556519031524
1,0.5414509773254395,1,0.8061347007751465,1,0.8496165871620178,1,0.8448078036308289
1,0.65316241979599,1,0.714988648891449,1,0.5023152828216553,1,0.9197259545326232
1,0.5923583507537842,1,0.911655068397522,1,0.41329225897789,1,0.6681374907493591
1,0.0806685537099838,1,0.0999571159482002,1,0.0917111858725547,1,0.2402748465538025
1,0.0345063395798206,1,0.0510885380208492,1,0.0797595381736755,1,0.1737365126609802
1,0.2591951191425323,1,0.2828954458236694,1,0.1229535639286041,1,0.3173513114452362
1,0.0797963291406631,1,0.0521124042570591,1,0.038024004548788,1,0.0961560383439064
1,0.1218598112463951,1,0.074653036892414,1,0.0385938361287117,1,0.0771153047680854
1,0.2493155300617218,1,0.2005538195371627,1,0.0651486068964004,1,0.1755780577659607
1,0.5246641635894775,1,0.9098238945007324,1,0.4023709297180176,1,0.410042405128479
1,0.6604189276695251,1,0.5954858660697937,1,0.1675906330347061,1,0.62699955701828
1,0.2996854186058044,1,0.0613289773464202,1,0.195694625377655,1,0.1167256608605384
1,0.5951170325279236,1,0.834405243396759,1,0.7754549384117126,1,0.4540129899978637
1,0.642685055732727,1,0.6612735986709595,1,0.967199444770813,1,0.951328694820404
1,0.6651560664176941,1,0.8599795699119568,1,0.2392742335796356,1,0.7904113531112671
1,0.6501794457435608,1,0.79533451795578,1,0.3638556003570556,1,0.662489652633667
1,0.0468608550727367,1,0.0012999398168176,1,0.0073919715359807,1,0.0021666071843355
1,0.655674934387207,1,0.4588111340999603,1,0.619641900062561,1,0.7013501524925232
1,0.1872123628854751,1,0.3655710518360138,1,0.5811668634414673,1,0.3291732370853424
0,0.0369136184453964,0,0.0090902158990502,0,0.0209433026611804,0,0.0117836268618702
0,0.0238182377070188,0,0.0073044090531766,0,0.0028018846642225,0,0.0022378358989953
0,0.0386458784341812,0,0.0272058174014091,0,0.0164307355880737,0,0.0051418519578874
0,0.1148832291364669,0,0.0553763434290885,0,0.0112984618172049,0,0.0605585686862468
0,0.0148786762729287,0,0.0048359590582549,0,0.0063731204718351,0,0.0024287295527756
0,0.0584147274494171,0,0.0123949935659766,0,0.0099894972518086,0,0.0161500610411167
0,0.0577663853764534,0,0.0241801925003528,0,0.0056814257986843,0,0.1706506609916687
0,0.1470550000667572,0,0.0792653113603591,0,0.0088115464895963,0,0.1291840374469757
0,0.0657241344451904,0,0.00573186064139,0,0.0173372309654951,0,0.0078449845314025
0,0.220424622297287,0,0.3946714103221893,0,0.3490372598171234,0,0.2665132880210876
0,0.0738458037376403,0,0.037636648863554,0,0.002062652260065,0,0.052096989005804
0,0.0822296887636184,0,0.0334386229515075,0,0.0022950493730604,0,0.0618181191384792
0,0.0412944220006465,0,0.0213730316609144,0,0.0079525616019964,0,0.2226179838180542
0,0.0220191031694412,0,0.0135221853852272,0,0.0014335601590573,0,0.2353225499391555
0,0.3200513124465942,0,0.8432217836380005,0,0.5727089047431946,0,0.7411141991615295
0,0.620570182800293,0,0.7435405254364014,0,0.5006948709487915,0,0.658128559589386
0,0.6164470911026001,0,0.8181431889533997,0,0.6580893397331238,0,0.4770362377166748
0,0.6447677612304688,0,0.8404538631439209,0,0.8278301954269409,0,0.6842468976974487
0,0.5589068531990051,0,0.6360182762145996,0,0.6101809144020081,0,0.3933763802051544
0,0.1582964360713958,0,0.4026226103305816,0,0.0718147382140159,0,0.1877075582742691
0,0.0385494232177734,0,0.0447034165263175,0,0.089898981153965,0,0.1995737254619598
0,0.1571149230003357,0,0.1500737220048904,0,0.1085085198283195,0,0.0082390811294317
0,0.0262681227177381,0,0.029526300728321,0,0.0022516243625432,0,0.0047166948206722
0,0.1453964859247207,0,0.2285059243440628,0,0.0643162652850151,0,0.1179956123232841
0,0.0302316434681415,0,0.0284001640975475,0,0.0882235243916511,0,0.1694615483283996
0,0.1213352158665657,0,0.1000906080007553,0,0.0440938286483287,0,0.0053792353719472
0,0.0195666421204805,0,0.0423558205366134,0,0.0572442114353179,0,0.1793638616800308
0,0.044310875236988,0,0.0341807194054126,0,0.0166214704513549,0,0.0581381656229496
0,0.0446945168077945,0,0.1050874441862106,0,0.0160446781665086,0,0.1351916939020156
0,0.0492277294397354,0,0.0453549139201641,0,0.028580380603671,0,0.0221818480640649
0,0.2671048939228058,0,0.0974313616752624,0,0.0370195433497428,0,0.0141905918717384
0,0.0504070930182933,0,0.0368066318333148,0,0.0066591934300959,0,0.0242150239646434
0,0.2671823799610138,0,0.137796550989151,0,0.0683677345514297,0,0.0317657105624675
0,0.5363770723342896,0,0.8555520176887512,0,0.8019847273826599,0,0.2941844761371612
0,0.6247288584709167,0,0.8919875025749207,0,0.7691965103149414,0,0.3653335273265838
0,0.0376927927136421,0,0.0620161071419715,0,0.0458910502493381,0,0.0454384498298168
0,0.0288022477179765,0,0.0474143289029598,0,0.0307203903794288,0,0.0482326112687587
0,0.0068825683556497,0,0.0017389205750077,0,0.0002705534279812,0,0.0029618709813803
0,0.0106954537332057,0,0.0017119029071182,0,0.0008242987096309,0,0.0028259337414056
0,0.0263864658772945,0,0.0027485969476401,0,0.0006080591119825,0,0.0035353854764252
0,0.0288983192294836,0,0.0108236959204077,0,0.0064102783799171,0,0.0301775131374597
0,0.0146374208852648,0,0.0018711817683652,0,0.0002313663135282,0,0.0032709282822906
0,0.0285432301461696,0,0.0038266824558377,0,0.0004895238671451,0,0.0039312466979026
0,0.0093941166996955,0,0.0017115982482209,0,0.0006147347157821,0,0.0049501485191285
0,0.0439995042979717,0,0.0007496292819269,0,0.000401977187721,0,0.0015626968815922
0,0.0039709722623229,0,0.0038138867821544,0,0.0003036442794837,0,0.0032586357556283
0,0.0095091555267572,0,0.0016954407328739,0,0.0002296590537298,0,0.0040863808244466
0,0.1868925839662552,0,0.147896870970726,0,0.7751020193099976,0,0.2216498255729675
0,0.012920381501317,0,0.0041930768638849,0,0.0005393546889536,0,0.0029622118454426
0,0.1009915843605995,0,0.0991542041301727,0,0.7448127269744873,0,0.1742612272500991
0,0.0220484267920255,0,0.0038623104337602,0,0.0003200272039975,0,0.0035511555615812
0,0.2038754671812057,0,0.2383074164390564,0,0.6846478581428528,0,0.1228415817022323
0,0.5800924301147461,0,0.8323746919631958,0,0.6364385485649109,0,0.6374170184135437
0,0.6437428593635559,0,0.8485748767852783,0,0.7501576542854309,0,0.7101439237594604
0,0.2356611639261245,0,0.0835726633667945,0,0.1079142615199089,0,0.5472147464752197
0,0.4595045745372772,0,0.0475896783173084,0,0.0128321908414363,0,0.0446829386055469
0,0.450076162815094,0,0.0795225501060485,0,0.0076672532595694,0,0.0992904379963874
0,0.2974201142787933,0,0.652441143989563,0,0.5886247754096985,0,0.3558437526226043
0,0.0055360491387546,0,0.0084946202114224,0,0.0013963563833385,0,0.0112478910014033
0,0.2061221152544021,0,0.1106316670775413,0,0.0075291083194315,0,0.057289995253086
0,0.0878387987613678,0,0.0066208099015057,0,0.0026735323481261,0,0.0176607202738523
0,0.0488836541771888,0,0.0049048420041799,0,0.0082247201353311,0,0.0274709202349185
0,0.2529574632644653,0,0.0266607701778411,0,0.0172186829149723,0,0.0591434314846992
0,0.3261202573776245,0,0.0109813110902905,0,0.0020189532078802,0,0.017703590914607
0,0.0155884698033332,0,0.0082726376131176,0,0.0241523683071136,0,0.0196920521557331
0,0.0405595414340496,0,0.0107492338865995,0,0.0183138996362686,0,0.0849858000874519
0,0.3499758541584015,0,0.7859227657318115,0,0.6111738085746765,0,0.7425037026405334
0,0.3896248042583465,0,0.0589197352528572,0,0.034301821142435,0,0.0807835981249809
0,0.0411567986011505,0,0.0157206263393163,0,0.0022457968443632,0,0.1429390162229538
0,0.1016942858695983,0,0.0102279214188456,0,0.0028934071306139,0,0.2535010278224945
0,0.2512428760528564,0,0.598192572593689,0,0.4148162305355072,0,0.3559658229351043
0,0.2421943843364715,0,0.5592268109321594,0,0.3727459907531738,0,0.3970767259597778
0,0.2071712762117386,0,0.642738401889801,0,0.5796904563903809,0,0.4863721430301666
0,0.3714856505393982,0,0.3875462710857391,0,0.4654976725578308,0,0.3091453611850738
0,0.4043402671813965,0,0.1991422772407531,0,0.0181493833661079,0,0.4468169808387756
0,0.4126365482807159,0,0.240572914481163,0,0.0268743801862001,0,0.4020388424396515
0,0.424558013677597,0,0.5643910765647888,0,0.1001392304897308,0,0.5161933898925781
0,0.4111233949661255,0,0.4202329516410827,0,0.1180698275566101,0,0.8302014470100403
0,0.2696461379528045,0,0.0560661777853965,0,0.0124115878716111,0,0.4003203809261322
0,0.3550280928611755,0,0.2532753646373749,0,0.0111408662050962,0,0.6311985850334167
0,0.0710935518145561,0,0.2029246091842651,0,0.0072371205314993,0,0.0044035273604094
0,0.0878678932785987,0,0.1819756776094436,0,0.0047924369573593,0,0.0051465644501149
0,0.0860909074544906,0,0.143525630235672,0,0.0044019683264195,0,0.0052711181342601
0,0.0731832385063171,0,0.0558735020458698,0,0.0294969100505113,0,0.0162553712725639
0,0.0431620888411998,0,0.0048818923532962,0,0.0022588614374399,0,0.0067699588835239
0,0.0195320434868335,0,0.0062485029920935,0,0.0008611890953034,0,0.0030213471036404
0,0.0024781841784715,0,0.0052483901381492,0,0.0004882378852926,0,0.0115812653675675
0,0.3284565508365631,0,0.4827704727649688,0,0.1559478938579559,0,0.3783827722072601
0,0.2222665548324585,0,0.0293765012174844,0,0.0016986349364742,0,0.2049054950475692
0,0.1612825095653534,0,0.0311989057809114,0,0.0041813063435256,0,0.3834616839885711
0,0.0681795626878738,0,0.0639758557081222,0,0.1969092786312103,0,0.3331160545349121
0,0.1537038832902908,0,0.4818234443664551,0,0.3218111395835876,0,0.5372545123100281
0,0.0271998923271894,0,0.012389606796205,0,0.001486147637479,0,0.1231532469391822
0,0.5549773573875427,0,0.7318423986434937,0,0.3424808979034424,0,0.5575571060180664
0,0.007310988381505,0,0.0606915280222892,0,0.1443190425634384,0,0.6009364128112793
0,0.0188991297036409,0,0.0090960720553994,0,0.0016395539278164,0,0.1172040253877639
0,0.5648269653320312,0,0.7649140954017639,0,0.4018239974975586,0,0.5651512145996094
0,0.0246681608259677,0,0.1699199229478836,0,0.2358826994895935,0,0.5245603919029236
0,0.0238852780312299,0,0.010766040533781,0,0.0012918782886117,0,0.0965610221028328
0,0.5496273040771484,0,0.7842579483985901,0,0.3468367755413055,0,0.5882510542869568
0,0.047316025942564,0,0.0514569766819477,0,0.002882718341425,0,0.2032997459173202
0,0.0295600872486829,0,0.0178144313395023,0,0.0107783423736691,0,0.1033378317952156
0,0.0289729554206132,0,0.0178152415901422,0,0.0140706375241279,0,0.0883371010422706
0,0.0807627886533737,0,0.0130829457193613,0,0.0146363275125622,0,0.0196104235947132
0,0.0513867400586605,0,0.0318444594740867,0,0.0014383648522198,0,0.039490457624197
0,0.2841382026672363,0,0.2366048395633697,0,0.0399591661989688,0,0.0313584506511688
0,0.2783699631690979,0,0.2474649399518966,0,0.0574258118867874,0,0.0300287138670682
0,0.2677322924137115,0,0.3026292324066162,0,0.0636491328477859,0,0.0508851297199726
0,0.0150845404714345,0,0.0141829280182719,0,0.0041409116238355,0,0.0177396386861801
0,0.0204350724816322,0,0.0022540187928825,0,0.0007179685053415,0,0.0024216787423938
0,0.0318649522960186,0,0.00687194801867,0,0.0059675090014934,0,0.0043842778541147
0,0.4476554691791534,0,0.1852921396493911,0,0.0060318955220282,0,0.0041389651596546
0,0.0050341305322945,0,0.0100949266925454,0,0.0003091828839387,0,0.0087881470099091
0,0.0164728872478008,0,0.0023932035546749,0,0.0003844049351755,0,0.001089441939257
0,0.0260992050170898,0,0.0016838174778968,0,0.0008889536256901,0,0.0026319955941289
0,0.3069365918636322,0,0.259190022945404,0,0.0198123138397932,0,0.0520863123238086
0,0.0090626869350671,0,0.0124375121667981,0,0.0010609248420223,0,0.0058126058429479
0,0.018872931599617,0,0.003451807424426,0,0.0007351807435043,0,0.0025404633488506
0,0.0176472421735525,0,0.0022785540204495,0,0.0012189849512651,0,0.0040372279472649
0,0.0233124084770679,0,0.0127399703487753,0,0.0032428563572466,0,0.0035245369654148
0,0.1142430305480957,0,0.1217120960354805,0,0.0130524542182683,0,0.1056137382984161
0,0.1438675671815872,0,0.1296592205762863,0,0.003489049617201,0,0.0983996018767356
0,0.0839376300573349,0,0.1074472144246101,0,0.2626713514328003,0,0.0610559098422527
0,0.0944461300969123,0,0.0062537849880754,0,0.0005239147576503,0,0.0302399862557649
0,0.254004418849945,0,0.145537719130516,0,0.0727310478687286,0,0.3326882421970367
0,0.3115193247795105,0,0.4268986582756042,0,0.1442620158195495,0,0.4509859681129455
0,0.0895047336816787,0,0.0019142356468364,0,0.0497895963490009,0,0.0067705647088587
0,0.0610170029103755,0,0.0050762956961989,0,0.0240182466804981,0,0.0233808141201734
0,0.0177679192274808,0,0.0151582732796669,0,0.0010662286076694,0,0.0397691689431667
0,0.1318659484386444,0,0.0034466034267097,0,0.0138540873304009,0,0.0159030556678771
0,0.0631995871663093,0,0.004737542476505,0,0.002981758210808,0,0.0102773001417517
0,0.011601785197854,0,0.0056842062622308,0,0.0080687552690505,0,0.0018208320252597
0,0.0220383275300264,0,0.0204103663563728,0,0.0013105745892971,0,0.015536418184638
0,0.1401913166046142,0,0.0025891650002449,0,0.0008314414881169,0,0.0022513694129884
0,0.0338972322642803,0,0.0054261554032564,0,0.0008016293868422,0,0.0060943579301238
0,0.0137689542025327,0,0.0321586392819881,0,0.000653110560961,0,0.0051416251808404
0,0.0674908608198165,0,0.1935069411993026,0,0.0258524473756551,0,0.0243075136095285
0,0.6691752076148987,0,0.7614988088607788,0,0.4949407875537872,0,0.7415228486061096
0,0.0451902747154235,0,0.0183644630014896,0,0.0120845204219222,0,0.1130456700921058
0,0.0276845730841159,0,0.0251105278730392,0,0.0055084298364818,0,0.0377592667937278
0,0.0394719876348972,0,0.0184581689536571,0,0.0135394884273409,0,0.105935625731945
0,0.030718283727765,0,0.3266414701938629,0,0.0478004775941371,0,0.2555134296417236
0,0.006165815051645,0,0.0025142759550362,0,0.0011724064825102,0,0.013039500452578
0,0.0234411675482988,0,0.0171491671353578,0,0.0088769998401403,0,0.1081045269966125
0,0.0038967062719166,0,0.001456388272345,0,0.0020539565011858,0,0.0047179502435028
0,0.0322412699460983,0,0.0304758008569479,0,0.0025992302689701,0,0.0876206383109092
0,0.0730534791946411,0,0.1329203695058822,0,0.0560674555599689,0,0.4817249476909637
0,0.0640428885817527,0,0.1420879960060119,0,0.045551735907793,0,0.4870429635047912
0,0.0237524528056383,0,0.086550772190094,0,0.0018076985143125,0,0.1804368644952774
0,0.0483848117291927,0,0.1466663777828216,0,0.0432109683752059,0,0.3954872488975525
0,0.4007275104522705,0,0.0774012058973312,0,0.0073672584258019,0,0.0646388307213783
0,0.3394903838634491,0,0.0746606960892677,0,0.0086997719481587,0,0.0481422133743763
0,0.0568802170455455,0,0.0487529933452606,0,0.014314541593194,0,0.1461472809314727
0,0.4982203543186188,0,0.0549080334603786,0,0.0165041740983724,0,0.1251713782548904
0,0.0580067597329616,0,0.0490412823855876,0,0.0191617254167795,0,0.0356339216232299
0,0.3573966920375824,0,0.0769856125116348,0,0.010857380926609,0,0.0775517299771308
0,0.0482491552829742,0,0.0390407517552375,0,0.0594768412411212,0,0.0607235804200172
0,0.0740687921643257,0,0.004122503567487,0,0.019308591261506,0,0.2516341805458069
0,0.129624530673027,0,0.037049863487482,0,0.0450752712786197,0,0.1288586556911468
0,0.464758425951004,0,0.8864995837211609,0,0.5430479049682617,0,0.480821818113327
0,0.0447250865399837,0,0.0154002979397773,0,0.0010803893674165,0,0.023895813152194
0,0.1487694084644317,0,0.0071129640564322,0,0.0602960214018821,0,0.0793465375900268
0,0.0144121209159493,0,0.0061140768229961,0,0.0120331952348351,0,0.0065111168660223
0,0.0950543656945228,0,0.051911786198616,0,0.0057619889266788,0,0.0078928954899311
0,0.1191630288958549,0,0.0138079300522804,0,0.0004626436566468,0,0.0902035981416702
0,0.0607079714536666,0,0.0047903615050017,0,0.001697251223959,0,0.0048644663766026
0,0.6664388179779053,0,0.623724102973938,0,0.6496695876121521,0,0.6221484541893005
0,0.4325113296508789,0,0.4984629452228546,0,0.3682846426963806,0,0.2941885888576507
0,0.6341369152069092,0,0.5869460105895996,0,0.5287052392959595,0,0.3972821831703186
0,0.0406759344041347,0,0.0012871123617514,0,0.0006498555303551,0,0.0007319946307688
0,0.2549565136432647,0,0.7039427161216736,0,0.3540754914283752,0,0.3550014793872833
0,0.597957193851471,0,0.7176477909088135,0,0.677853524684906,0,0.4342834651470184
0,0.6130375862121582,0,0.7743240594863892,0,0.7511478662490845,0,0.5968054533004761
0,0.6963433027267456,0,0.7967472672462463,0,0.8724238872528076,0,0.6807241439819336
0,0.0287755224853754,0,0.097314141690731,0,0.013021096587181,0,0.0788104981184005
0,0.0357503481209278,0,0.0244074240326881,0,0.0012174607254564,0,0.0214166808873415
0,0.023674800992012,0,0.0404093228280544,0,0.0191355105489492,0,0.0066468208096921
0,0.0082356724888086,0,0.015817129984498,0,0.0032881689257919,0,0.0825662910938263
0,0.0088341301307082,0,0.016627138480544,0,0.0022217722143977,0,0.0805485621094703
0,0.0104115214198827,0,0.0161523334681987,0,0.0023759335745126,0,0.0783223137259483
0,0.0293639041483402,0,0.0200154520571231,0,0.0004359248559921,0,0.006455517373979
0,0.1793790906667709,0,0.302995353937149,0,0.5424081683158875,0,0.0986691489815712
0,0.0346010029315948,0,0.038646038621664,0,0.1415386945009231,0,0.0299494732171297
0,0.0639559105038642,0,0.0882048457860946,0,0.1430103778839111,0,0.0506558194756507
0,0.5467221736907959,0,0.1783548146486282,0,0.5448517799377441,0,0.7670918703079224
0,0.4490319192409515,0,0.6804754734039307,0,0.6474173069000244,0,0.773152768611908
0,0.4877471327781677,0,0.6655024886131287,0,0.8632022142410278,0,0.788051187992096
0,0.210539624094963,0,0.7028372883796692,0,0.0911414623260498,0,0.1039849296212196
0,0.0266893878579139,0,0.0371145233511924,0,0.0030619301833212,0,0.002145062200725
0,0.1924677491188049,0,0.4397608935832977,0,0.4042775630950928,0,0.5647105574607849
0,0.015595443546772,0,0.0751653611660003,0,0.0205628257244825,0,0.3312127292156219
0,0.3141756057739258,0,0.6159858107566833,0,0.6064042448997498,0,0.4843743443489074
0,0.0554571375250816,0,0.0156100252643227,0,0.0119825713336467,0,0.0104756439104676
0,0.0562566965818405,0,0.0016365218907594,0,0.0014531915076076,0,0.0034411998931318
0,0.0144486743956804,0,0.0027363745030015,0,0.0005538099212571,0,0.0014968592440709
0,0.0060559688135981,0,0.0019171688472852,0,0.0004492109292186,0,0.0006696943892166
0,0.0670899450778961,0,0.001879179268144,0,0.0023539965040981,0,0.0049868430942296
0,0.0100336614996194,0,0.0024688811972737,0,0.000511267920956,0,0.0017188477795571
0,0.0061807348392903,0,0.0017353772418573,0,0.0003115616564173,0,0.0009526886278763
0,0.0757253617048263,0,0.0016214417992159,0,0.0025100505445152,0,0.0038124322891235
0,0.0107425982132554,0,0.0012977070873603,0,0.0002805031253956,0,0.0023120453115552
0,0.2823361456394195,0,0.181532010436058,0,0.1131078675389289,0,0.1756166666746139
0,0.2304942607879638,0,0.252589613199234,0,0.2157149910926818,0,0.3540466129779815
0,0.2803590893745422,0,0.2907723486423492,0,0.2195360511541366,0,0.374079018831253
0,0.2836772799491882,0,0.1236213445663452,0,0.0342203937470912,0,0.7322165966033936
0,0.0164131298661232,0,0.0018264540703967,0,0.0006275163032114,0,0.0017335700104013
0,0.0118450028821825,0,0.0027950012590736,0,0.0003520353347994,0,0.0053686709143221
0,0.0324034616351127,0,0.001850617933087,0,0.0017541842535138,0,0.0087855597957968
0,0.077058620750904,0,0.0086554177105426,0,0.0038163533899933,0,0.0068073477596044
0,0.0401135981082916,0,0.0110381338745355,0,0.0144383907318115,0,0.0186460018157959
0,0.0084373531863093,0,0.0100364563986659,0,0.0058230669237673,0,0.0233630016446113
0,0.1539525687694549,0,0.4147627353668213,0,0.0382926352322101,0,0.1247813031077385
0,0.0725452825427055,0,0.0839079022407531,0,0.001362431095913,0,0.0244278069585561
0,0.0039378264918923,0,0.0068796747364103,0,0.0089252749457955,0,0.0073696724139153
0,0.0056254831142723,0,0.0065155355259776,0,0.0020237271673977,0,0.0058751692995429
0,0.1452410072088241,0,0.2232871949672699,0,0.0068810591474175,0,0.0719465762376785
0,0.0096101788803935,0,0.0064767403528094,0,0.0263904314488172,0,0.0055587538518011
0,0.1230464205145835,0,0.059143416583538,0,0.0155702596530318,0,0.0735882818698883
0,0.0206324905157089,0,0.0125524178147315,0,0.0555378533899784,0,0.0012956274440512
0,0.0159102585166692,0,0.0034805252216756,0,0.0010650539770722,0,0.0044918633066117
0,0.0157405082136392,0,0.0015657218173146,0,0.0006148199317976,0,0.0009021466248668
0,0.022714776918292,0,0.0017330171540379,0,0.0012950518867,0,0.0045365639962255
0,0.1716815531253814,0,0.1570053398609161,0,0.0410018563270568,0,0.6986669898033142
0,0.2226519435644149,0,0.2121157497167587,0,0.0472407639026641,0,0.5825497508049011
0,0.0164727568626403,0,0.0152444466948509,0,0.0030089642386883,0,0.0024234566371887
0,0.0787715092301368,0,0.0121533516794443,0,0.0034828861244022,0,0.0268896613270044
0,0.0340769924223423,0,0.006688252557069,0,0.0007935771136544,0,0.004601392429322
0,0.0225620176643133,0,0.0026376042515039,0,0.0029772820416837,0,0.0564457513391971
0,0.0201455298811197,0,0.0054229525849223,0,0.0032363305799663,0,0.0663055405020713
0,0.0181581992655992,0,0.0177517905831336,0,0.0030492392834275,0,0.0013066889951005
0,0.0316882580518722,0,0.0051023857668042,0,0.0004166741564404,0,0.0029078824445605
0,0.0170699264854192,0,0.003944044932723,0,0.00230502220802,0,0.0391524173319339
0,0.0180934388190507,0,0.005069691222161,0,0.0008864498813636,0,0.0161264482885599
0,0.0657903030514717,0,0.0213572792708873,0,0.0322178713977336,0,0.0790841802954673
0,0.0134945679455995,0,0.0030991605017334,0,0.000700574950315,0,0.0034529967233538
0,0.0233203507959842,0,0.0210620146244764,0,0.0039639980532228,0,0.002011350588873
0,0.0499681197106838,0,0.0103746959939599,0,0.0009889242937788,0,0.00938022416085
0,0.0333834625780582,0,0.0072639053687453,0,0.002287465846166,0,0.0729736611247062
0,0.0619004778563976,0,0.019271183758974,0,0.0384804531931877,0,0.0730396434664726
0,0.0120528414845466,0,0.0037403302267193,0,0.0009105990175157,0,0.0032057974021881
0,0.0735255032777786,0,0.0097111910581588,0,0.0021221844945102,0,0.0131928483024239
0,0.0044521759264171,0,0.0092681571841239,0,0.0004883326473645,0,0.0026247892528772
0,0.2276379615068435,0,0.1850764602422714,0,0.0372848287224769,0,0.0304190311580896
0,0.0450763963162899,0,0.0169128682464361,0,0.0165625102818012,0,0.0042932420037686
0,0.0126355281099677,0,0.0065507115796208,0,0.001128998119384,0,0.0014160594437271
0,0.0280636791139841,0,0.0080312155187129,0,0.0046595153398811,0,0.0085419882088899
0,0.1120312735438346,0,0.1595560014247894,0,0.0428027808666229,0,0.0566656403243541
0,0.1139801368117332,0,0.127760425209999,0,0.0173392444849014,0,0.076135516166687
0,0.0163355227559804,0,0.0224919486790895,0,0.0086813801899552,0,0.0809648036956787
0,0.4165072739124298,0,0.6856417655944824,0,0.1055178493261337,0,0.1738967448472976
0,0.1280126720666885,0,0.1050557419657707,0,0.0224871542304754,0,0.1832442134618759
0,0.050552699714899,0,0.017143364995718,0,0.0385718494653701,0,0.003300491021946
0,0.0962292253971099,0,0.0070571624673902,0,0.0140425711870193,0,0.0217221789062023
0,0.2558301389217376,0,0.1298727244138717,0,0.0176259838044643,0,0.007472570054233
0,0.0545969381928443,0,0.0454421304166317,0,0.0090633640065789,0,0.2120746821165084
0,0.4202672243118286,0,0.6550880074501038,0,0.4599415063858032,0,0.2944555580615997
0,0.0278407353907823,0,0.0415442362427711,0,0.0217506419867277,0,0.0494106635451316
0,0.0875531136989593,0,0.0481616035103797,0,0.1340590119361877,0,0.0276277028024196
0,0.0901782885193824,0,0.0342224277555942,0,0.1409386247396469,0,0.0139711908996105
0,0.1189847588539123,0,0.018946174532175,0,0.0304000489413738,0,0.0677172988653183
0,0.100707784295082,0,0.0886192470788955,0,0.024726478382945,0,0.020281733945012
0,0.0157176963984966,0,0.0022000176832079,0,9.86528757493943e-05,0,0.0013024873333051
0,0.0122657977044582,0,0.0025936979800462,0,0.0004184664285276,0,0.0012460449943318
0,0.0193029977381229,0,0.0041140471585094,0,0.0006515613058581,0,0.0014989103656262
0,0.0205495301634073,0,0.0292627643793821,0,0.1229790821671485,0,0.1554478257894516
0,0.0571802072227001,0,0.0367209315299987,0,0.022472184151411,0,0.0838283970952034
1,0.14835125207901,1,0.5895329117774963,1,0.0621500052511692,1,0.1860629469156265
1,0.1016354784369468,1,0.659415602684021,1,0.0649834722280502,1,0.1358798891305923
1,0.3481900691986084,1,0.120669849216938,1,0.3694300353527069,1,0.7593560814857483
1,0.6753389239311218,1,0.6440015435218811,1,0.5492100715637207,1,0.2772854566574096
1,0.67848801612854,1,0.5011640191078186,1,0.4974119663238525,1,0.4567220211029053
1,0.6895270347595215,1,0.7709358930587769,1,0.2244406640529632,1,0.7160184383392334
1,0.0118532432243227,1,0.017686316743493,1,0.005268421024084,1,0.015407521277666
1,0.0196538921445608,1,0.0324357189238071,1,0.0112828109413385,1,0.0196621678769588
1,0.0582328960299491,1,0.0875125005841255,1,0.0196119043976068,1,0.0411671251058578
1,0.5994677543640137,1,0.5749841928482056,1,0.4042501449584961,1,0.8830377459526062
1,0.4979584515094757,1,0.9465374946594238,1,0.8829428553581238,1,0.7645130753517151
1,0.5229511260986328,1,0.8827544450759888,1,0.6296904683113098,1,0.5464425683021545
1,0.4676160216331482,1,0.3598175048828125,1,0.399063766002655,1,0.6781731843948364
1,0.5269933342933655,1,0.4153403639793396,1,0.1270178109407425,1,0.5433129072189331
1,0.5296878218650818,1,0.5970473289489746,1,0.4970719516277313,1,0.7927814722061157
0,0.1068190187215805,0,0.0485793836414814,0,0.023245420306921,0,0.2020862847566604
0,0.1051747575402259,0,0.050594788044691,0,0.0306452717632055,0,0.1377898603677749
0,0.2501545548439026,0,0.5400220155715942,0,0.3966501355171203,0,0.6169180274009705
0,0.0397464931011199,0,0.0035180400591343,0,0.0008891370380297,0,0.0005500889383256
0,0.059451226145029,0,0.0843924805521965,0,0.0453677847981452,0,0.0157061573117971
0,0.1626457720994949,0,0.4339165389537811,0,0.1073419898748397,0,0.4207370281219482
0,0.0295814555138349,0,0.0525364354252815,0,0.0358031094074249,0,0.0444997996091842
0,0.4015516340732574,0,0.5599486827850342,0,0.3233421742916107,0,0.5068133473396301
0,0.3493713736534118,0,0.5023953318595886,0,0.2537104189395904,0,0.4526724815368652
0,0.0265922490507364,0,0.0366540476679801,0,0.0133235370740294,0,0.0289301835000515
0,0.3727295696735382,0,0.2815437316894531,0,0.154169425368309,0,0.1467660665512085
0,0.5037052035331726,0,0.6321779489517212,0,0.3286710977554321,0,0.7492449879646301
0,0.5979170799255371,0,0.8553500771522522,0,0.7541610598564148,0,0.7708866596221924
0,0.0162796750664711,0,0.0013335490366443,0,0.0016389841912314,0,0.0016783215105533
0,0.0095359422266483,0,0.0058172233402729,0,0.0005374202737584,0,0.0252960138022899
0,0.0082306349650025,0,0.0053803427144885,0,0.0002860459499061,0,0.0029178746044635
0,0.0063656484708189,0,0.0381901673972606,0,0.0007660324918106,0,0.0121227679774165
0,0.0066945725120604,0,0.0128268953412771,0,0.0004317627754062,0,0.0451821722090244
0,0.1047178879380226,0,0.0160281993448734,0,0.010423962958157,0,0.120305985212326
0,0.0312920361757278,0,0.012711513787508,0,0.0279003158211708,0,0.0045549827627837
0,0.0256553851068019,0,0.013056207448244,0,0.2125816345214843,0,0.1167834848165512
0,0.0134321711957454,0,0.0021276392508298,0,0.0017476544016972,0,0.0054704034700989
0,0.0459311343729496,0,0.0119609450921416,0,0.0122271506115794,0,0.0047385385259985
0,0.0156653337180614,0,0.0150954537093639,0,0.0056036906316876,0,0.0366826467216014
0,0.0441035144031047,0,0.0525284260511398,0,0.0027732115704566,0,0.0297525804489851
0,0.0337577350437641,0,0.0130831860005855,0,0.020177399739623,0,0.0061057833954691
0,0.0188245549798011,0,0.0096676498651504,0,0.1861873567104339,0,0.1460664421319961
0,0.0551314949989318,0,0.0940496921539306,0,0.0074855322018265,0,0.0374189391732215
0,0.0044691837392747,0,0.0410957187414169,0,0.0037391309160739,0,0.041025411337614
0,0.0279576126486063,0,0.1243437007069587,0,0.0076198251917958,0,0.0330673977732658
0,0.0038675698451697,0,0.0285521317273378,0,0.0016507124528288,0,0.0184794589877128
0,0.0036124759353697,0,0.0253240894526243,0,0.0026518192607909,0,0.0216502528637647
0,0.1999700218439102,0,0.0902200564742088,0,0.0223761051893234,0,0.0552247911691665
0,0.0528271421790123,0,0.01681456156075,0,0.0067324209958314,0,0.0192910991609096
0,0.031124273315072,0,0.0124541744589805,0,0.0025913368444889,0,0.003983068279922
0,0.0339681580662727,0,0.0017905648564919,0,0.0003088626253884,0,0.003351358231157
0,0.0600620210170745,0,0.144863560795784,0,0.0142547115683555,0,0.0207711663097143
0,0.2886740267276764,0,0.0810069665312767,0,0.0716296657919883,0,0.310548186302185
0,0.3938346803188324,0,0.5941863059997559,0,0.1869276016950607,0,0.5573267936706543
0,0.0306500364094972,0,0.0092929461970925,0,0.0129191586747765,0,0.0007879947661422
0,0.0127497185021638,0,0.0077202464453876,0,0.0018596656154841,0,0.0041302572935819
0,0.0554690770804882,0,0.024288360029459,0,0.0138432905077934,0,0.0551534816622734
0,0.0160673148930072,0,0.0094456588849425,0,0.0043751955963671,0,0.0085522392764687
0,0.0814777612686157,0,0.0189365558326244,0,0.0015929533401504,0,0.0311070904135704
0,0.0239384677261114,0,0.0134605541825294,0,0.0027477121911942,0,0.0025629312731325
0,0.0745732337236404,0,0.0516393594443798,0,0.0742229968309402,0,0.006383498199284
0,0.0273015648126602,0,0.0167531836777925,0,0.0025677569210529,0,0.0021753273904323
0,0.0819471031427383,0,0.1715942919254303,0,0.2620405554771423,0,0.7040356993675232
0,0.0198204983025789,0,0.013610909692943,0,0.00303759961389,0,0.0019974682945758
0,0.100104697048664,0,0.1871493607759475,0,0.2103188931941986,0,0.7140836119651794
0,0.5179374814033508,0,0.795214056968689,0,0.2335397005081176,0,0.3085924685001373
0,0.6428444981575012,0,0.858783483505249,0,0.4568046033382416,0,0.3477204442024231
0,0.6074725389480591,0,0.9428099393844604,0,0.7120457291603088,0,0.796541154384613
0,0.6073077917098999,0,0.8501160740852356,0,0.4541299343109131,0,0.3403348624706268
0,0.0608799755573272,0,0.0276955608278512,0,0.0032751669641584,0,0.0527041740715503
0,0.038552176207304,0,0.0157947223633527,0,0.0004155411152169,0,0.0154516510665416
0,0.0473924092948436,0,0.0142911737784743,0,0.0005310020642355,0,0.0150289852172136
0,0.0027434481307864,0,0.0031305560842156,0,0.0004146962019149,0,0.0052267950959503
0,0.1284471601247787,0,0.0132440980523824,0,0.3896811902523041,0,0.04083688929677
0,0.2773900032043457,0,0.0729043781757354,0,0.5632619857788086,0,0.134620651602745
0,0.3645835816860199,0,0.1159306615591049,0,0.5050139427185059,0,0.1260216683149337
0,0.2115370035171508,0,0.0733850821852684,0,0.0010387527290731,0,0.0109826792031526
0,0.3847717642784118,0,0.1239538267254829,0,0.076329231262207,0,0.1774625033140182
0,0.5924971699714661,0,0.6809611916542053,0,0.8206380605697632,0,0.4007965922355652
0,0.4016589224338531,0,0.6365464925765991,0,0.2432686686515808,0,0.4676486849784851
0,0.5185202956199646,0,0.6938547492027283,0,0.303349494934082,0,0.5076889991760254
0,0.4092549979686737,0,0.6255699396133423,0,0.2631906569004059,0,0.503966212272644
0,0.0110624888911843,0,0.0010538613423705,0,0.000234056788031,0,0.0011240236926823
0,0.0034674478229135,0,0.0021465497557073,0,0.0003496612189337,0,0.001737154321745
0,0.0070663574151694,0,0.0150025244802236,0,0.003072929335758,0,0.0338656678795814
0,0.0082225305959582,0,0.0108200004324316,0,0.0024361205287277,0,0.0324527658522129
0,0.0139883067458868,0,0.0189921651035547,0,0.0019007716327905,0,0.0241552330553531
0,0.1066095232963562,0,0.0949184596538543,0,0.0146383363753557,0,0.0237162262201309
0,0.0070568090304732,0,0.0152693279087543,0,0.0007166232098825,0,0.0276521872729063
0,0.1147500276565551,0,0.0848761275410652,0,0.0163068603724241,0,0.0213743615895509
0,0.1120184808969497,0,0.0781319811940193,0,0.0099457250908017,0,0.0081962822005152
0,0.0181382950395345,0,0.0038539443630725,0,0.0006405321182683,0,0.0061263805255293
0,0.0172832980751991,0,0.0089865587651729,0,0.001541145145893,0,0.0466346256434917
0,0.3426143527030945,0,0.3489973545074463,0,0.0450208224356174,0,0.7002396583557129
0,0.2999913096427917,0,0.1575766652822494,0,0.0186264123767614,0,0.5716527700424194
0,0.4912858605384826,0,0.2795607447624206,0,0.072145290672779,0,0.6092069745063782
0,0.0194035600870847,0,0.0125319072976708,0,0.0021394081413745,0,0.0046281670220196
0,0.0500634796917438,0,0.1716023236513137,0,0.0260473825037479,0,0.0766573175787925
0,0.0146978385746479,0,0.0151865677908062,0,0.0041903122328221,0,0.0342337228357791
0,0.0276827942579984,0,0.0063866502605378,0,0.0037231110036373,0,0.0002084634761558
0,0.0208287481218576,0,0.010686419904232,0,0.0035928497090935,0,0.0004223425930831
0,0.0321239158511161,0,0.0129306931048631,0,0.0054203094914555,0,0.0006598400650545
0,0.0571666471660137,0,0.0172657389193773,0,0.0057172700762748,0,0.0012232775334268
0,0.0183135792613029,0,0.0026609215419739,0,0.0004260581627022,0,0.0028072136919945
0,0.0085289813578128,0,0.00335882185027,0,0.0004982342361472,0,0.005060754250735
0,0.0103661706671118,0,0.0038402923382818,0,0.0007080467185005,0,0.0067761023528873
0,0.0299404803663492,0,0.0222806669771671,0,0.0026965904980897,0,0.0032835383899509
0,0.041506677865982,0,0.0304374676197767,0,0.0025785374455153,0,0.0061371931806206
0,0.0556855984032154,0,0.0244589988142251,0,0.0123171173036098,0,0.0373012721538543
0,0.0583600401878356,0,0.0258536711335182,0,0.0120295342057943,0,0.0376700051128864
0,0.0301768220961093,0,0.0178193282335996,0,0.0044230897910892,0,0.0222372356802225
0,0.0509314723312854,0,0.0046036401763558,0,0.0028304508887231,0,0.0065317009575665
0,0.386528342962265,0,0.4160568118095398,0,0.1859610825777053,0,0.1849327534437179
0,0.4359421133995056,0,0.4750088155269623,0,0.2542397081851959,0,0.2207777053117752
0,0.4282542765140533,0,0.3905548751354217,0,0.3195080757141113,0,0.2318791300058365
0,0.0306293163448572,0,0.0088908886536955,0,0.0007499368512071,0,0.022721679881215
0,0.0769962221384048,0,0.0232494547963142,0,0.0002440214739181,0,0.2927551865577698
0,0.018785485997796,0,0.0036129925865679,0,0.0041219829581677,0,0.0329641364514827
0,0.5558390021324158,0,0.9184222221374512,0,0.2805959284305572,0,0.7185878753662109
0,0.035519428551197,0,0.0092348363250494,0,0.0016059827757999,0,0.049075573682785
0,0.2369001507759094,0,0.0707044526934623,0,0.0001781087048584,0,0.4087668061256408
0,0.0625036880373954,0,0.4491219520568847,0,0.0306003335863351,0,0.0648297742009162
0,0.0609444603323936,0,0.0576037354767322,0,0.0354848280549049,0,0.008132304996252
0,0.0301789175719022,0,0.0073571004904806,0,0.0004023235815111,0,0.0207056626677513
0,0.0583512336015701,0,0.009333835914731,0,0.0001812932314351,0,0.1075742244720459
0,0.0138672012835741,0,0.0020553832873702,0,0.0021177106536924,0,0.0058483551256358
0,0.0239038113504648,0,0.2341044843196869,0,0.0157467816025018,0,0.3158818185329437
0,0.2937476336956024,0,0.2774830758571625,0,0.1213272660970687,0,0.1961244195699691
0,0.4049984514713287,0,0.5178756713867188,0,0.4800345599651336,0,0.5763666033744812
0,0.0084062498062849,0,0.003318348666653,0,0.0008092375355772,0,0.0469859838485717
0,0.0112826209515333,0,0.0045160008594393,0,0.0017028853762894,0,0.0964649096131324
0,0.5348947048187256,0,0.752894401550293,0,0.54916912317276,0,0.5912867188453674
0,0.0177593082189559,0,0.0059439702890813,0,0.0008651355747133,0,0.0061947987414896
0,0.1332331299781799,0,0.0076441699638962,0,0.0005287476815283,0,0.0929579436779022
0,0.0108659099787473,0,0.0055824606679379,0,0.0004675793752539,0,0.0040148552507162
0,0.575275719165802,0,0.7104809284210205,0,0.5438142418861389,0,0.6412144899368286
0,0.1509578973054886,0,0.1303349882364273,0,0.109363168478012,0,0.1830480098724365
0,0.1594678461551666,0,0.1136872470378875,0,0.3712924718856811,0,0.6371663808822632
0,0.6380432844161987,0,0.8174017071723938,0,0.5471957921981812,0,0.5354733467102051
0,0.0131026366725564,0,0.0101099330931901,0,0.0038628131151199,0,0.0168346259742975
0,0.0233764350414276,0,0.0160831306129694,0,0.0057717491872608,0,0.0735719427466392
0,0.013964413665235,0,0.001057984190993,0,0.0008207986829802,0,0.0023229524958878
0,0.0403519012033939,0,0.0034205981064587,0,0.0034852884709835,0,0.0049435552209615
0,0.0449073426425457,0,0.0161648113280534,0,0.0081304749473929,0,0.0083743603900074
0,0.0419830307364463,0,0.1315721869468689,0,0.1707473397254943,0,0.1138998121023178
0,0.0518976114690303,0,0.0060283709317445,0,0.0060031921602785,0,0.0170107036828994
0,0.0930589362978935,0,0.0068469285033643,0,0.0033398054074496,0,0.0120734432712197
0,0.0091693541035056,0,0.0010094287572428,0,0.0008721751510165,0,0.0022968580015003
0,0.0464861318469047,0,0.0158317442983388,0,0.0084588946774601,0,0.0243753772228956
0,0.056013710796833,0,0.1081792190670967,0,0.1143701449036598,0,0.1631285846233368
0,0.1197089850902557,0,0.0066017350181937,0,0.0147401178255677,0,0.008664178662002
0,0.0567834377288818,0,0.0045662480406463,0,0.0210161246359348,0,0.0066297035664319
0,0.0064854361116886,0,0.0008716218871995,0,0.0010325624607503,0,0.0008919439278542
0,0.1551841497421264,0,0.0176687613129615,0,0.0085871536284685,0,0.0136969024315476
0,0.0858936980366706,0,0.0991527289152145,0,0.269923985004425,0,0.0636936500668525
0,0.1418313682079315,0,0.0509015507996082,0,0.0110764009878039,0,0.0098269004374742
0,0.1680007576942443,0,0.0919983610510826,0,0.0147643536329269,0,0.01247030030936
0,0.2507767677307129,0,0.2094041109085083,0,0.1012880057096481,0,0.08057601749897
0,0.0800362527370452,0,0.0208849478513002,0,0.0153662292286753,0,0.036179170012474
0,0.4741672873497009,0,0.502436637878418,0,0.5040923357009888,0,0.2841650247573852
0,0.1526357382535934,0,0.4973033368587494,0,0.3378052413463592,0,0.4303353428840637
0,0.0629805848002433,0,0.0210179705172777,0,0.021985812112689,0,0.0255394484847784
0,0.2416812479496002,0,0.0332051664590835,0,0.0039372616447508,0,0.0028442495968192
0,0.3117129802703857,0,0.1203725636005401,0,0.3253038227558136,0,0.0483877509832382
0,0.0096507593989372,0,0.0504927597939968,0,0.0077122361399233,0,0.0421546958386898
0,0.0086745163425803,0,0.0018973073456436,0,0.0008411144954152,0,0.0011020667152479
0,0.0245505757629871,0,0.0143422465771436,0,0.0032412384171038,0,0.090788684785366
0,0.0281859803944826,0,0.001180802588351,0,0.0021095953416079,0,0.0019182821270078
0,0.1005036830902099,0,0.1164400801062583,0,0.0057491147890686,0,0.0551368407905101
0,0.03312349319458,0,0.0520054809749126,0,0.002327989321202,0,0.0445543974637985
0,0.0462488085031509,0,0.0061731324531137,0,0.1930668950080871,0,0.2380587309598922
0,0.4249266982078552,0,0.1714116930961609,0,0.0996627882122993,0,0.1438960283994674
0,0.5957383513450623,0,0.1373469680547714,0,0.0058762254193425,0,0.0875661969184875
0,0.5893049836158752,0,0.370534211397171,0,0.0722919926047325,0,0.1829144954681396
0,0.4048372209072113,0,0.4239237010478973,0,0.2410562187433242,0,0.29722660779953
0,0.6496669054031372,0,0.7207443118095398,0,0.2100884914398193,0,0.5314138531684875
0,0.0987028256058693,0,0.0259097218513488,0,0.0178004130721092,0,0.0371310822665691
0,0.0113334786146879,0,0.0015730335144326,0,0.0001899344351841,0,0.001723947818391
0,0.1166942492127418,0,0.0315037444233894,0,0.0198742300271987,0,0.0363436415791511
0,0.0086125750094652,0,0.0074305674061179,0,0.0052932640537619,0,0.1193364560604095
0,0.0151041969656944,0,0.0015925832558423,0,0.0002431368775432,0,0.0023531578481197
0,0.0879698619246482,0,0.0377511233091354,0,0.0992681682109832,0,0.117691084742546
0,0.0085218921303749,0,0.0120173497125506,0,0.005434894002974,0,0.1180312857031822
0,0.0111161414533853,0,0.0016131050651893,0,0.0001969114673556,0,0.0024404479190707
0,0.186769038438797,0,0.2721821367740631,0,0.0421956405043602,0,0.442634254693985
0,0.0265229437500238,0,0.0085513340309262,0,0.007861454039812,0,0.0091791236773133
0,0.0181762222200632,0,0.0029296875,0,0.0001411325065419,0,0.0006631785654462
0,0.021548967808485,0,0.0131954737007617,0,0.0043001044541597,0,0.0307219922542572
0,0.0495716668665409,0,0.0148673858493566,0,0.0981644168496131,0,0.0061977906152606
0,0.4458942711353302,0,0.4032165706157684,0,0.3478538691997528,0,0.0365818738937377
0,0.1331788897514343,0,0.1345007866621017,0,0.0255343411117792,0,0.2367517799139022
0,0.2922580540180206,0,0.1668068766593933,0,0.6807383298873901,0,0.3680110871791839
0,0.0566036701202392,0,0.0907810553908348,0,0.0113448277115821,0,0.0282225385308265
0,0.0399148128926754,0,0.0443133264780044,0,0.0123119205236434,0,0.0747874304652214
0,0.0447017140686512,0,0.0061396225355565,0,0.0038854894228279,0,0.0093894014135003
0,0.0792401507496833,0,0.0044898828491568,0,0.0213478356599807,0,0.0407146327197551
0,0.1121094450354576,0,0.0066843824461102,0,0.0207407623529434,0,0.0136391390115022
0,0.0933606997132301,0,0.0098812598735094,0,0.0189181789755821,0,0.1604742109775543
0,0.14629827439785,0,0.0043478300794959,0,0.0018969635711982,0,0.0017881494713947
0,0.0248436629772186,0,0.0171142499893903,0,0.0015480673173442,0,0.0134895043447613
0,0.0082860244438052,0,0.0241538230329751,0,0.0023256537970155,0,0.0032888283021748
0,0.4401335716247558,0,0.6377529501914978,0,0.019925283268094,0,0.1708540767431259
0,0.2831623554229736,0,0.0728896856307983,0,0.0147385941818356,0,0.0198767520487308
0,0.5959864258766174,0,0.8199995756149292,0,0.5711832642555237,0,0.6010071635246277
0,0.4881204664707184,0,0.8422059416770935,0,0.2464867085218429,0,0.4613007307052612
0,0.1350433677434921,0,0.1591494381427765,0,0.0678682550787925,0,0.0193760935217142
0,0.0543960779905319,0,0.1411021500825882,0,0.5643739104270935,0,0.2093186229467392
0,0.1262048929929733,0,0.2456272840499878,0,0.4822093844413757,0,0.0653520971536636
0,0.0385191142559051,0,0.3111309707164764,0,0.0939193144440651,0,0.0725943148136138
0,0.1021542027592659,0,0.3878924250602722,0,0.1020811274647712,0,0.0920888632535934
0,0.0204162485897541,0,0.0031888356897979,0,0.0006543622585013,0,0.0013458096655085
0,0.2103361934423446,0,0.4150194823741913,0,0.5737930536270142,0,0.1470903158187866
0,0.0171919707208871,0,0.0027386476285755,0,0.0005442654364742,0,0.0012056120904162
0,0.1115777492523193,0,0.1919784992933273,0,0.6134626865386963,0,0.0412438735365867
0,0.0611329302191734,0,0.0247053988277912,0,0.0200766883790493,0,0.0079857017844915
0,0.0059539130888879,0,0.0053875893354415,0,0.0009729831945151,0,0.0063295369036495
0,0.086111843585968,0,0.020110173150897,0,0.0017187495250254,0,0.064114972949028
0,0.0160037837922573,0,0.0087762046605348,0,0.0009859246201813,0,0.0019190292805433
0,0.0270239487290382,0,0.024151811376214,0,0.0023342673666775,0,0.0070204134099185
0,0.026167020201683,0,0.0251226481050252,0,0.0047807819209992,0,0.0098690260201692
0,0.0191948302090168,0,0.0093286614865064,0,0.0012576496228575,0,0.0126150092110037
0,0.019060730934143,0,0.0087414747104048,0,0.002582200570032,0,0.0111970733851194
0,0.0117503413930535,0,0.0152427647262811,0,0.0031727459281682,0,0.032937005162239
0,0.0237637255340814,0,0.0081412028521299,0,0.0013678317191079,0,0.0103714205324649
0,0.0573443099856376,0,0.0441045314073562,0,0.0114826755598187,0,0.0209493357688188
0,0.0097138378769159,0,0.0083699980750679,0,0.0011773193255066,0,0.0166996754705905
0,0.3338900506496429,0,0.3270339369773865,0,0.1597153842449188,0,0.4936037361621856
0,0.0110768759623169,0,0.0077782911248505,0,0.0008973201620392,0,0.0127965593710541
0,0.2659851610660553,0,0.2199058830738067,0,0.1112284064292907,0,0.4770196378231048
0,0.0112778870388865,0,0.0076051857322454,0,0.0013236354570835,0,0.0125567754730582
0,0.3881023228168487,0,0.3889485001564026,0,0.1547418683767318,0,0.5224820375442505
0,0.5537927150726318,0,0.8631219267845154,0,0.6863945722579956,0,0.6300174593925476
0,0.0307935196906328,0,0.00438660569489,0,0.0014597234549,0,0.0346463546156883
0,0.022587290033698,0,0.0033817205112427,0,0.0002032747870543,0,0.0012044619070366
0,0.0153345167636871,0,0.0028486766386777,0,0.0005281392368488,0,0.0007812707917764
0,0.0092471605166792,0,0.0060118762776255,0,0.0004613271739799,0,0.002027318580076
0,0.0196521468460559,0,0.0602199397981166,0,0.000298660073895,0,0.0221191830933094
