fold_1_labels,fold_1_predictions,fold_2_labels,fold_2_predictions,fold_3_labels,fold_3_predictions,fold_4_labels,fold_4_predictions
1,0.6877701878547668,1,0.1684228032827377,1,0.5487198829650879,1,0.6687084436416626
1,0.9361862540245056,1,0.7791125774383545,1,0.810513436794281,1,0.7348999381065369
1,0.6255495548248291,1,0.4335976243019104,1,0.3844179213047027,1,0.3325814306735992
1,0.0192315839231014,1,0.0986134484410286,1,0.07172691822052,1,0.1068694815039634
1,0.0577775239944458,1,0.0998511090874672,1,0.0642760619521141,1,0.129356637597084
1,0.7248202562332153,1,0.583019495010376,1,0.416856050491333,1,0.7401227951049805
1,0.1837614178657531,1,0.0806777849793434,1,0.161899909377098,1,0.2512646317481994
1,0.2125934213399887,1,0.2978366613388061,1,0.4789518415927887,1,0.1651414483785629
1,0.4424559772014618,1,0.145808458328247,1,0.2720413506031036,1,0.1459063440561294
1,0.4617961347103119,1,0.2613891065120697,1,0.3464584350585937,1,0.1529518961906433
1,0.390583336353302,1,0.1128483191132545,1,0.2705185413360595,1,0.072678230702877
1,0.8312943577766418,1,0.7518167495727539,1,0.759899914264679,1,0.7640102505683899
1,0.0301726646721363,1,0.0263726469129323,1,0.1767061650753021,1,0.0995335802435875
1,0.0078922975808382,1,0.1853920370340347,1,0.1544057577848434,1,0.0171003378927707
1,0.7496665120124817,1,0.3159379661083221,1,0.3915252089500427,1,0.3875885307788849
1,0.7605630159378052,1,0.412171334028244,1,0.4764909446239471,1,0.4312321841716766
1,0.9653266072273254,1,0.878864586353302,1,0.9663044810295104,1,0.9453892707824708
1,0.2232266813516616,1,0.3917216956615448,1,0.2239549309015274,1,0.0921847522258758
1,0.8287864327430725,1,0.6278769373893738,1,0.7533432841300964,1,0.804217517375946
1,0.0002079090481856,1,0.2061778306961059,1,0.6512672901153564,1,0.2816471457481384
1,0.6669424176216125,1,0.7597460150718689,1,0.7126590013504028,1,0.5817221403121948
0,0.0023398108314722,0,0.0107417684048414,0,0.0308021306991577,0,0.0018084921175614
0,0.0001439148763893,0,0.0071190255694091,0,0.0146265439689159,0,0.0002982614387292
0,0.0714850798249244,0,0.0683103054761886,0,0.0518745966255664,0,0.0198679883033037
0,4.782605537911877e-05,0,0.0054752565920352,0,0.0108146732673048,0,0.000348189874785
0,0.1063832715153694,0,0.0640693753957748,0,0.0438911505043506,0,0.0225557293742895
0,0.0001016666647046,0,0.0064918641000986,0,0.0101793436333537,0,0.0001880159979918
0,0.0931287556886673,0,0.0687565356492996,0,0.0386000722646713,0,0.0145069863647222
0,0.0001584806450409,0,0.0039667570963501,0,0.021571772173047,0,0.0133500657975673
0,0.0002462023403495,0,0.0071375323459506,0,0.0724594742059707,0,0.0278980080038309
0,0.0005556723917834,0,0.0052336826920509,0,0.0224800948053598,0,0.0005212816759012
0,7.646372250746936e-05,0,0.008946431800723,0,0.011096560396254,0,0.0003352145722601
0,7.541033119196072e-05,0,0.0063474425114691,0,0.0129238301888108,0,0.0011031995527446
0,0.0440627075731754,0,0.0366650186479091,0,0.0303960870951414,0,0.0266544930636882
0,0.0001601919648237,0,0.004721428733319,0,0.0123707167804241,0,0.0012356843799352
0,0.0160531923174858,0,0.0240114610642194,0,0.1629648357629776,0,0.0438403189182281
0,0.0289230532944202,0,0.0249586384743452,0,0.017338927835226,0,0.0067226607352495
0,2.0610976207535717e-05,0,0.001380062312819,0,0.0083030126988887,0,0.0008013013284653
0,3.659243520814925e-05,0,0.0065936245955526,0,0.0137984473258256,0,0.0007454238366335
0,0.0172001011669635,0,0.0224510040134191,0,0.1281342953443527,0,0.0327695198357105
0,0.0014121379936113,0,0.0233265198767185,0,0.0179195515811443,0,0.0029713448602706
0,0.0614302493631839,0,0.0444008596241474,0,0.167699858546257,0,0.0647701844573021
0,0.1224881932139396,0,0.0373785980045795,0,0.0277270581573247,0,0.0109651917591691
0,0.0082925390452146,0,0.0098091037943959,0,0.0587762929499149,0,0.0042865080758929
0,0.0064572277478873,0,0.04077660292387,0,0.1114337891340255,0,0.009549562819302
0,0.3343575298786163,0,0.3684243857860565,0,0.4548605382442474,0,0.6608083248138428
0,0.3022662997245788,0,0.5229994058609009,0,0.4207951128482818,0,0.2202845811843872
0,0.0031160598155111,0,0.0215928722172975,0,0.0318342670798301,0,0.0187754202634096
0,0.1318831443786621,0,0.0315539389848709,0,0.0710485056042671,0,0.0809113010764122
0,0.3410858511924743,0,0.4191696643829345,0,0.498573750257492,0,0.6715764999389648
0,0.2753908336162567,0,0.4785285294055938,0,0.5138609409332275,0,0.2666109800338745
0,0.0015185197116807,0,0.0789264515042305,0,0.0625781342387199,0,0.0126796206459403
0,0.0617682076990604,0,0.0257779099047184,0,0.0453442819416523,0,0.0179215911775827
0,0.3430173099040985,0,0.3586773574352264,0,0.4493131339550018,0,0.6955857276916504
0,0.3826018273830414,0,0.494581937789917,0,0.4842335283756256,0,0.3367352485656738
0,0.0027639197651296,0,0.0168520547449588,0,0.0337523110210895,0,0.0032788959797471
0,0.0788416415452957,0,0.1013645753264427,0,0.0660714730620384,0,0.0196002777665853
0,0.0032488668803125,0,0.0438620410859584,0,0.0088770715519785,0,0.0029590083286166
0,0.0041429726406931,0,0.108736827969551,0,0.0318490490317344,0,0.0010881065391004
0,0.0489054173231124,0,0.0360656306147575,0,0.1024414002895355,0,0.0169844981282949
0,0.3318208456039428,0,0.0440222211182117,0,0.1007527932524681,0,0.326674610376358
0,0.000199120666366,0,0.0175644792616367,0,0.0422675609588623,0,0.0012950375676155
0,0.0002249540848424,0,0.018148235976696,0,0.0500865466892719,0,0.000832010875456
0,0.0011439300142228,0,0.0167376790195703,0,0.0059695765376091,0,0.0008961794665083
0,0.0002517739776521,0,0.0147923054173588,0,0.0477248877286911,0,0.0022536190226674
0,0.0004532783932518,0,0.0098695335909724,0,0.0225930139422416,0,0.0160150285810232
0,0.0026845310349017,0,0.0982689410448074,0,0.1243510469794273,0,0.0215934962034225
0,0.0018384472932666,0,0.0357451103627681,0,0.0292516835033893,0,0.0005931742489337
0,0.0248140208423137,0,0.0259905271232128,0,0.0145141948014497,0,0.0023347737733274
0,0.6549298167228699,0,0.2993542850017547,0,0.4344824254512787,0,0.7412240505218506
0,0.0446024201810359,0,0.1085076481103897,0,0.030796667560935,0,0.0219265092164278
0,0.0033503724262118,0,0.0135433236137032,0,0.0244872011244297,0,0.0060724061913788
0,0.8380122184753418,0,0.7946147918701172,0,0.604965329170227,0,0.9016363024711608
0,0.0003751259064301,0,0.0185087546706199,0,0.0084116412326693,0,0.0028889821842312
0,0.0001829407992772,0,0.0698351487517356,0,0.0133239552378654,0,0.0016037434106692
0,0.0064103994518518,0,0.0356473661959171,0,0.0333288758993148,0,0.0142908040434122
0,0.0002808092394843,0,0.0174645632505416,0,0.0103269834071397,0,0.0025743430014699
0,0.0001331316598225,0,0.0665758997201919,0,0.0171221364289522,0,0.0015488902572542
0,0.0046426439657807,0,0.0284397881478071,0,0.0264893118292093,0,0.0085314381867647
0,0.0008004396804608,0,0.0178729780018329,0,0.0077264439314603,0,0.0053569097071886
0,7.313214155146852e-05,0,0.0775327757000923,0,0.0161329396069049,0,0.0019046609522774
0,0.0076010911725461,0,0.0312920361757278,0,0.0844412744045257,0,0.002572018885985
0,0.0695098116993904,0,0.0552256405353546,0,0.1833496391773224,0,0.0145405801013112
0,0.0003689960576593,0,0.044267650693655,0,0.0126975169405341,0,0.0027597842272371
0,0.0002539463748689,0,0.0071088061667978,0,0.0075264647603034,0,0.0041100699454545
0,0.0001837297313613,0,0.0129266353324055,0,0.0070883859880268,0,0.0034761782735586
0,0.0002603727916721,0,0.0066384272649884,0,0.0056262863799929,0,0.0006930226227268
0,0.00079415430082,0,0.0112625006586313,0,0.006619959603995,0,0.0008661687024869
0,0.0007584409322589,0,0.0116922380402684,0,0.0070379758253693,0,0.0006570133846253
0,0.0101808235049247,0,0.0436159819364547,0,0.0318608805537223,0,0.0197049658745527
0,0.0119739985093474,0,0.047220055013895,0,0.0383829213678836,0,0.0191901512444019
0,0.5567977428436279,0,0.3031636774539947,0,0.2908724248409271,0,0.2314526289701461
0,0.1994235813617706,0,0.0312580950558185,0,0.2230913490056991,0,0.4006549119949341
0,0.3186775743961334,0,0.3675882518291473,0,0.772838830947876,0,0.3857718706130981
0,0.0010668899631127,0,0.020784605294466,0,0.0549283921718597,0,0.0010973602766171
0,0.0528314597904682,0,0.1165200173854827,0,0.111833170056343,0,0.0046547674573957
0,0.0667825937271118,0,0.0475311502814292,0,0.0146674364805221,0,0.0043368744663894
0,0.136807233095169,0,0.0671363547444343,0,0.0544092766940593,0,0.0838365480303764
0,0.0006992411799728,0,0.010596128180623,0,0.0119499349966645,0,0.0041902586817741
0,5.0331953389104456e-05,0,0.0249344408512115,0,0.0531801283359527,0,0.0007758485153317
0,0.0013763975584879,0,0.1204375475645065,0,0.3693768382072449,0,0.0074948761612176
0,0.0056598200462758,0,0.0190535821020603,0,0.0321031138300895,0,0.0158556103706359
0,0.0004693890805356,0,0.0519101284444332,0,0.2610248327255249,0,0.0017503267154097
0,0.0047625894658267,0,0.0126537205651402,0,0.0271130856126546,0,0.02035310305655
0,5.902144403080456e-05,0,0.0228677205741405,0,0.0131358383223414,0,0.0003729225136339
0,0.0004464649246074,0,0.0421303994953632,0,0.2374927550554275,0,0.0020039370283484
0,0.0003131276753265,0,0.0130593245849013,0,0.0593099929392337,0,0.0012754208873957
0,0.0076974094845354,0,0.0149131715297698,0,0.0352295823395252,0,0.0356716848909854
0,0.000547609233763,0,0.0128669748082757,0,0.0199444182217121,0,0.0011131585342809
0,0.0553719624876976,0,0.1670486778020858,0,0.0672189369797706,0,0.2213609516620636
0,0.0028286708984524,0,0.0395791009068489,0,0.1644441485404968,0,0.0221917387098073
0,0.6328449845314026,0,0.1645144522190094,0,0.5085545778274536,0,0.1186496466398239
0,0.113693855702877,0,0.143059641122818,0,0.29398974776268,0,0.1791206896305084
0,0.108589731156826,0,0.1333531439304351,0,0.2416436225175857,0,0.0694157183170318
0,0.0829074755311012,0,0.1233391612768173,0,0.2173729687929153,0,0.0828429609537124
0,0.0001712364901322,0,0.005180160049349,0,0.0093144159764051,0,0.0016106769908219
0,0.0213106349110603,0,0.3190785944461822,0,0.7525506019592285,0,0.6053646206855774
0,0.0131699545308947,0,0.2348469197750091,0,0.6794122457504272,0,0.1711798161268234
0,0.0141441458836197,0,0.2851397693157196,0,0.7578767538070679,0,0.2171602398157119
0,0.1184267774224281,0,0.210942655801773,0,0.506719708442688,0,0.013684295117855
0,0.0465997867286205,0,0.2337686568498611,0,0.1052494347095489,0,0.0375162549316883
0,0.0088796382769942,0,0.0207652952522039,0,0.0751473531126976,0,0.0010711550712585
0,0.0009588050888851,0,0.0089333141222596,0,0.0320190005004406,0,0.0017421417869627
0,0.001243024598807,0,0.0123919229954481,0,0.0414225496351718,0,0.0016742461593821
0,0.0969171747565269,0,0.0538609288632869,0,0.0726356655359268,0,0.0164020415395498
0,0.035257551819086,0,0.0705706626176834,0,0.0301601644605398,0,0.0186884831637144
0,0.0245448723435401,0,0.0634343177080154,0,0.0390332713723182,0,0.0845446288585662
0,0.0512795485556125,0,0.042305838316679,0,0.1163554489612579,0,0.0167411398142576
0,0.0949125215411186,0,0.0346412323415279,0,0.0316791348159313,0,0.0292833540588617
0,0.001141021028161,0,0.008925468660891,0,0.0262043066322803,0,0.0112342908978462
0,5.152956146048382e-05,0,0.0104686906561255,0,0.0078372061252594,0,0.0001296834961976
0,0.00018406745221,0,0.0114443115890026,0,0.0080006662756204,0,0.0001497645571362
0,9.118131856666878e-05,0,0.009217414073646,0,0.0143926413729786,0,0.0007920261123217
0,0.0001019586998154,0,0.0135754300281405,0,0.007915124297142,0,0.0001429814728908
0,0.0001288128987653,0,0.0172901190817356,0,0.0124957412481307,0,0.001508874585852
0,0.0009084190824069,0,0.0200925134122371,0,0.0313193313777446,0,0.0125443655997514
0,0.0272927451878786,0,0.0275481287389993,0,0.0354137606918811,0,0.0568713061511516
0,0.0033866385929286,0,0.0193322412669658,0,0.0226843040436506,0,0.0003758577804546
0,0.0219096280634403,0,0.1338257044553756,0,0.0464074984192848,0,0.0018810100154951
0,0.0010579549707472,0,0.0134445494040846,0,0.0203029792755842,0,0.0002875111822504
0,0.0302397310733795,0,0.0346346832811832,0,0.0281503535807132,0,0.0011211396194994
0,0.0046835825778543,0,0.0807952433824539,0,0.0356068350374698,0,0.0018355306237936
0,0.0001275477407034,0,0.0055550881661474,0,0.0099180098623037,0,0.0014421419473364
0,0.0055252676829695,0,0.018267823383212,0,0.0793660059571266,0,0.0132763367146253
0,0.0007667471072636,0,0.0107472008094191,0,0.0303329322487115,0,0.0029999101534485
0,0.0029720638412982,0,0.0120763881132006,0,0.0232220906764268,0,0.0007528088754042
0,0.0016349031357094,0,0.0345448739826679,0,0.0092467367649078,0,0.0016901586204767
0,0.0014359505148604,0,0.0066195363178849,0,0.0097316727042198,0,0.0013138765934854
0,0.0037497521843761,0,0.0118161542341113,0,0.0268862433731555,0,0.0028705443255603
0,0.0007965181139297,0,0.0125436149537563,0,0.0293249413371086,0,0.00180087715853
0,0.0104713393375277,0,0.0133064538240432,0,0.033012568950653,0,0.0011485125869512
0,0.0019320374121889,0,0.0324617512524127,0,0.0085837235674262,0,0.001173329190351
0,0.2470312416553497,0,0.1687811911106109,0,0.5161299109458923,0,0.4729111790657043
0,0.2863376438617706,0,0.3761586844921112,0,0.5287651419639587,0,0.1603126972913742
0,0.3161382973194122,0,0.3588145673274994,0,0.3717407584190368,0,0.1210822612047195
0,0.0276990197598934,0,0.0091059757396578,0,0.0318127386271953,0,0.0175018738955259
0,0.0028207411523908,0,0.0128457210958004,0,0.0105340955778956,0,0.0050933551974594
0,0.0022313985973596,0,0.0789959132671356,0,0.0867565646767616,0,0.0016816572751849
0,0.2258759289979934,0,0.0376905687153339,0,0.0421010926365852,0,0.0639288574457168
0,0.0015830766642466,0,0.0897858589887619,0,0.116592027246952,0,0.0012951974058523
0,0.0004511057049967,0,0.0172833148390054,0,0.1459140032529831,0,0.0112003684043884
0,0.0019139287760481,0,0.0108187599107623,0,0.0093878973275423,0,0.0124687384814023
0,0.0007013621507212,0,0.0134921884164214,0,0.0586062036454677,0,0.0024722090456634
0,0.0030881222337484,0,0.0180604457855224,0,0.0448481813073158,0,0.0167200453579425
0,0.1358733177185058,0,0.3157566487789154,0,0.2341200113296508,0,0.0097755873575806
0,0.1014114841818809,0,0.1356199532747268,0,0.0645061507821083,0,0.0456187017261981
0,0.6302733421325684,0,0.0829930379986763,0,0.3613593578338623,0,0.1434217244386673
0,0.304601103067398,0,0.3852684795856476,0,0.6062374711036682,0,0.3850482106208801
0,5.85945017519407e-05,0,0.0229893568903207,0,0.0104072531685233,0,0.000630390655715
0,0.0001743483881,0,0.005801310762763,0,0.0212343949824571,0,0.0004050802090205
0,0.0001588861487107,0,0.0197027586400508,0,0.010919808410108,0,0.0008089180337265
0,4.641646228265017e-05,0,0.0216002259403467,0,0.0100095681846141,0,0.0005611585220322
0,0.7644704580307007,0,0.8417747616767883,0,0.527725100517273,0,0.2729421854019165
0,0.6875306367874146,0,0.7628225088119507,0,0.4277567565441131,0,0.3868927359580993
0,0.7371770143508911,0,0.8040066957473755,0,0.4585581123828888,0,0.4193849265575409
0,0.0008873385377228,0,0.0477690882980823,0,0.096198484301567,0,0.0065419264137744
0,0.0017514067003503,0,0.0420822016894817,0,0.0597060360014438,0,0.0079805431887507
0,0.0006335008074529,0,0.0455456487834453,0,0.0870951414108276,0,0.0095844846218824
0,0.4379614293575287,0,0.101958118379116,0,0.1049574241042137,0,0.0222587436437606
0,7.544881373178214e-05,0,0.0779408812522888,0,0.0291140712797641,0,0.0008087884634733
0,0.0003449100477155,0,0.0223248396068811,0,0.0554514415562152,0,0.0034545194357633
0,6.767189188394696e-05,0,0.0157169662415981,0,0.0130558153614401,0,0.0005848029395565
0,0.0001936218468472,0,0.0647860392928123,0,0.0217438302934169,0,0.0009634359157644
0,0.0001581839896971,0,0.0196956191211938,0,0.0325712002813816,0,0.0052576642483472
0,5.62011482543312e-05,0,0.0212166085839271,0,0.0153714250773191,0,0.0003035684349015
0,0.0005740112392231,0,0.0856403782963752,0,0.0484594777226448,0,0.0025524038355797
0,0.0001170994364656,0,0.0299835447221994,0,0.0653619542717933,0,0.0046663894318044
0,9.330799366580322e-05,0,0.0286592449992895,0,0.0249261241406202,0,0.0001987716095754
0,0.5258471965789795,0,0.1594418287277221,0,0.5531079769134521,0,0.2114114314317703
0,0.3235531449317932,0,0.2971963286399841,0,0.3165808320045471,0,0.2682067155838012
0,0.5608729720115662,0,0.1195665299892425,0,0.4027445316314697,0,0.0504374578595161
0,0.2439828664064407,0,0.1547889411449432,0,0.2915782928466797,0,0.438241571187973
0,0.0027774148620665,0,0.0328038148581981,0,0.0333960987627506,0,0.0015382048441097
0,0.0884039998054504,0,0.3100226819515228,0,0.2637150883674621,0,0.1381249725818634
0,0.5569629073143005,0,0.0899678096175193,0,0.0760756656527519,0,0.1262090653181076
0,0.0015370753826573,0,0.0178940575569868,0,0.0422620438039302,0,0.001670581754297
0,0.1160190775990486,0,0.3798569738864898,0,0.2541457712650299,0,0.2731874883174896
0,0.4006860256195068,0,0.4304408729076385,0,0.35701984167099,0,0.4165971279144287
0,0.001079307636246,0,0.0243089571595191,0,0.0283982176333665,0,0.0022782713640481
0,0.040795762091875,0,0.0106271374970674,0,0.0916718766093254,0,0.0052425330504775
0,0.2599666714668274,0,0.1761620491743087,0,0.1935555338859558,0,0.4897632300853729
0,0.0323315076529979,0,0.1012848541140556,0,0.1090753450989723,0,0.0552014894783496
0,0.1872136443853378,0,0.0336522497236728,0,0.179219976067543,0,0.1965678185224533
0,0.1097493022680282,0,0.0279313176870346,0,0.0742501318454742,0,0.1354441195726394
0,2.3841972506488677e-05,0,0.0213595610111951,0,0.0419673472642898,0,0.0019986815750598
0,0.1317585408687591,0,0.1943739503622055,0,0.5336549282073975,0,0.0537478104233741
0,0.0012887334451079,0,0.0138242309913039,0,0.0437026284635067,0,0.0004797017318196
0,3.5912714793084888e-06,0,0.0089138643816113,0,0.0071275038644671,0,0.0002030405739787
0,0.0187721904367208,0,0.0316516645252704,0,0.0328522101044654,0,0.0022812886163592
0,0.0046657957136631,0,0.0243561547249555,0,0.2243004739284515,0,0.006731423549354
0,0.0013461738126352,0,0.0158734414726495,0,0.0099972849711775,0,0.0090815816074609
0,0.0781176388263702,0,0.0069707203656435,0,0.0636167824268341,0,0.0408913493156433
0,7.266734610311687e-05,0,0.0063922386616468,0,0.0319205895066261,0,0.0016303996089845
0,0.0002281781489728,0,0.0122732007876038,0,0.0620446540415287,0,0.004404972307384
0,2.926614979514852e-05,0,0.0076062688603997,0,0.0118531258776783,0,0.0007249052287079
0,0.0001171095864265,0,0.0072058537043631,0,0.0315009653568267,0,0.0021149646490812
0,3.1334635423263535e-05,0,0.0049261227250099,0,0.0149578731507062,0,0.0007231443887576
0,0.0045332624576985,0,0.0928900241851806,0,0.0192517265677452,0,0.0007981326780281
0,0.7797711491584778,0,0.7047471404075623,0,0.7191984057426453,0,0.7749952077865601
0,0.7725647687911987,0,0.7426754236221313,0,0.7244715094566345,0,0.7883135080337524
0,0.8206979632377625,0,0.7302052974700928,0,0.740027904510498,0,0.7910169363021851
0,0.0005102912546135,0,0.0205816775560379,0,0.0161315090954303,0,0.0024745161645114
0,0.0004752690729219,0,0.0265662111341953,0,0.0227554012089967,0,0.0033266448881477
0,0.0029311350081115,0,0.0813838839530944,0,0.0416783392429351,0,0.0084723867475986
0,0.233163520693779,0,0.0635557547211647,0,0.0324273481965065,0,0.0084382146596908
0,0.0001508073619334,0,0.0253193601965904,0,0.0269022565335035,0,0.0089286537840962
0,6.023507376085036e-05,0,0.0373597294092178,0,0.0261656120419502,0,0.0046215923503041
0,0.9021506309509276,0,0.7110031247138977,0,0.801590621471405,0,0.8386877179145813
0,0.8915730714797974,0,0.5178934335708618,0,0.6688478589057922,0,0.5697522163391113
0,0.0001169908282463,0,0.057754885405302,0,0.1294020861387252,0,0.0152037851512432
0,0.0023206761106848,0,0.0298705156892538,0,0.0145542798563838,0,0.006848323624581
0,0.2703738808631897,0,0.1522818058729171,0,0.1376097649335861,0,0.0209940280765295
0,0.0001703809539321,0,0.0077496427111327,0,0.0139912003651261,0,0.0012712035095319
0,6.216527981450781e-05,0,0.0077886604703962,0,0.0212051998823881,0,0.0007186520379036
0,0.0008174493559636,0,0.0042500058189034,0,0.0040177945047616,0,0.0001514496398158
0,0.0001177352824015,0,0.0093599306419491,0,0.0146909141913056,0,0.0007962464587762
0,0.0001794040726963,0,0.0032224999740719,0,0.0044745672494173,0,0.0001104124312405
0,0.0002256935404147,0,0.0072997538372874,0,0.0145367672666907,0,0.0015634566079825
0,5.5222975788638e-05,0,0.007336176931858,0,0.022674586623907,0,0.00058093277039
0,0.0001507032866356,0,0.0040468084625899,0,0.0046213841997087,0,0.0001194393626064
0,0.7048429250717163,0,0.4924874603748321,0,0.6913048624992371,0,0.6614022254943848
0,0.0292074643075466,0,0.0343871936202049,0,0.0719914734363555,0,0.0192964896559715
0,1.5091696695890278e-05,0,0.0039256433956325,0,0.0118834348395466,0,0.0009812341304495
0,0.0030522255692631,0,0.0235012508928775,0,0.0151235815137624,0,0.0006817497778683
0,0.0024541015736758,0,0.0184992458671331,0,0.0168318096548318,0,0.0006399085395969
0,0.0028508475515991,0,0.0201661270111799,0,0.0168398991227149,0,0.0006364975124597
1,0.6064663529396057,1,0.8181211948394775,1,0.6834521293640137,1,0.8000224232673645
1,0.5881275534629822,1,0.3014841675758362,1,0.7429125905036926,1,0.3903112411499023
1,0.1370282024145126,1,0.0981760919094085,1,0.1686560809612274,1,0.0648380070924758
1,0.1597779691219329,1,0.099211074411869,1,0.1766935139894485,1,0.0443378686904907
1,0.2734725177288055,1,0.097253143787384,1,0.0916913971304893,1,0.0523730851709842
1,0.8353232145309448,1,0.4724025130271911,1,0.9077284336090088,1,0.4241152703762054
1,0.9782228469848632,1,0.7762543559074402,1,0.9844579100608826,1,0.9933128952980042
1,0.0008244735072366,1,0.0338771939277648,1,0.1161363422870636,1,0.0179107841104269
1,0.0044198762625455,1,0.0610065385699272,1,0.2564399540424347,1,0.0302994083613157
1,0.3235152661800384,1,0.2624959051609039,1,0.4440966248512268,1,0.1968074440956115
1,0.016850734129548,1,0.1260934472084045,1,0.0613366477191448,1,0.2130941450595855
1,0.5678651928901672,1,0.5073933005332947,1,0.4982112944126129,1,0.5401648879051208
1,0.3527197539806366,1,0.5337693691253662,1,0.0487002916634082,1,0.0371565073728561
1,0.4820025861263275,1,0.1106379106640815,1,0.4834903478622436,1,0.0619987696409225
1,0.7376975417137146,1,0.5076907277107239,1,0.3028224408626556,1,0.4032909870147705
1,0.0002189039660152,1,0.0084530934691429,1,0.0183272361755371,1,0.0022339043207466
1,0.0007871406851336,1,0.0221730843186378,1,0.1043057069182396,1,0.0105353277176618
1,0.0365658141672611,1,0.1190245300531387,1,0.1736886203289032,1,0.0164432246237993
1,0.3229851722717285,1,0.3866278231143951,1,0.3952954709529876,1,0.3122318685054779
1,0.4709548354148865,1,0.5715071558952332,1,0.6146681308746338,1,0.4469330608844757
1,0.7481291890144348,1,0.7581325173377991,1,0.6426702737808228,1,0.7525911927223206
1,0.5718138813972473,1,0.5737927556037903,1,0.6275373697280884,1,0.8619793653488159
1,0.9081199169158936,1,0.7892852425575256,1,0.7369611263275146,1,0.9302383065223694
1,0.0399766787886619,1,0.228856086730957,1,0.4997105002403259,1,0.5884648561477661
1,0.2010502219200134,1,0.2370264530181884,1,0.4534812271595001,1,0.7875936627388
1,0.6642318964004517,1,0.3441627025604248,1,0.4807084202766418,1,0.8354387879371643
0,0.325110524892807,0,0.0935586765408515,0,0.0866999328136444,0,0.3596391081809997
0,0.4585664272308349,0,0.1149006560444831,0,0.2399018555879593,0,0.3596350252628326
0,0.0830203667283058,0,0.0670463368296623,0,0.0671654567122459,0,0.0349094793200492
0,2.9860404538339932e-05,0,0.0168670956045389,0,0.0212358012795448,0,0.0012744142441079
0,0.0003761947446037,0,0.0228712800890207,0,0.0522808879613876,0,0.0008511336054652
0,0.4752478897571563,0,0.5069004893302917,0,0.6778202056884766,0,0.046405479311943
0,0.0007063035736791,0,0.0087399128824472,0,0.0367322787642478,0,0.0149686196818947
0,8.487471495755017e-05,0,0.0060126855969429,0,0.0090135596692562,0,0.0010507026454433
0,0.3114490211009979,0,0.2332407981157302,0,0.4412572681903839,0,0.0285360813140869
0,0.0089805722236633,0,0.010222241282463,0,0.0203662887215614,0,0.003150578122586
0,0.0005623083561658,0,0.0102257737889885,0,0.0561316534876823,0,0.0115356836467981
0,0.0002794367610476,0,0.0411647446453571,0,0.098214104771614,0,0.0035598408430814
0,0.0008046144503168,0,0.1081221774220466,0,0.1810233891010284,0,0.0369872748851776
0,0.718596339225769,0,0.8321896195411682,0,0.3765972852706909,0,0.5485754609107971
0,0.0002316817844985,0,0.0207166112959384,0,0.0281967129558324,0,0.0043249302543699
0,0.0011347088729962,0,0.0109733641147613,0,0.0549784861505031,0,0.0127794817090034
0,0.0661728829145431,0,0.0785445868968963,0,0.0876896828413009,0,0.0005067042657174
0,0.0125199705362319,0,0.0154834641143679,0,0.008636899292469,0,0.0067574954591691
0,0.0196600705385208,0,0.0186307039111852,0,0.0804226398468017,0,0.0125873545184731
0,0.4882927536964416,0,0.2194696217775344,0,0.1631147861480713,0,0.178768903017044
0,0.0263356789946556,0,0.1047998741269111,0,0.0535411275923252,0,0.0054870438762009
0,0.2034443169832229,0,0.0944136157631874,0,0.2355476170778274,0,0.0096913045272231
0,0.0565295442938804,0,0.139298066496849,0,0.1963720917701721,0,0.0009784096619114
0,0.0050322134047746,0,0.0144358603283762,0,0.1619865000247955,0,0.0004643402935471
0,0.0004388352972455,0,0.0184563770890235,0,0.0172118414193391,0,0.0003065480559598
0,0.0007183832349255,0,0.0206433665007352,0,0.0371098965406417,0,0.0010246695019304
0,0.0077746738679707,0,0.0148589648306369,0,0.0866074338555336,0,0.0008165365434251
0,0.0004919567727483,0,0.0211728122085332,0,0.0175152011215686,0,0.0003478574508335
0,0.0007233573123812,0,0.0221847929060459,0,0.0208764858543872,0,0.0004421324701979
0,0.0003842019941657,0,0.0180449541658163,0,0.0149605711922049,0,0.0033339951187372
0,0.722092866897583,0,0.5240352153778076,0,0.6595108509063721,0,0.6126092076301575
0,0.7991480827331543,0,0.6207413077354431,0,0.7004959583282471,0,0.6327651143074036
0,0.5160802602767944,0,0.3185411393642425,0,0.5382036566734314,0,0.4744635820388794
0,0.5799220204353333,0,0.3947977125644684,0,0.4595230519771576,0,0.4511315524578094
0,0.3400518894195556,0,0.4294266700744629,0,0.6042362451553345,0,0.1129472181200981
0,0.6734918355941772,0,0.5226181149482727,0,0.5845971703529358,0,0.4341363310813904
0,0.0007517428020946,0,0.0035591255873441,0,0.0214946512132883,0,0.0156039157882332
0,0.0042728288099169,0,0.0391922295093536,0,0.0108338138088583,0,0.0061986539512872
0,0.0058955270797014,0,0.0675286278128624,0,0.0250301752239465,0,0.0507565252482891
0,0.0045403493568301,0,0.0436084531247615,0,0.0115844691172242,0,0.0089609744027256
0,0.0086561907082796,0,0.1549447029829025,0,0.0723878964781761,0,0.0154257249087095
0,0.0035117398947477,0,0.0331602655351161,0,0.008785156533122,0,0.0078581301495432
0,0.0129236476495862,0,0.0945039540529251,0,0.0296953041106462,0,0.0825125128030777
0,0.0006302377441897,0,0.0356789194047451,0,0.0969700291752815,0,0.0061660166829824
0,0.0008685985812917,0,0.1000100597739219,0,0.15350142121315,0,0.0157823618501424
0,0.0021161355543881,0,0.094449795782566,0,0.1420968323945999,0,0.1418217569589615
0,0.0003469236835371,0,0.052802737802267,0,0.0430415235459804,0,0.0568129420280456
0,0.0129577815532684,0,0.1154399290680885,0,0.0214331783354282,0,0.0569449551403522
0,0.0011033775517717,0,0.0355000831186771,0,0.0938564762473106,0,0.0032397399190813
0,0.0178341586142778,0,0.1397872418165207,0,0.0233376268297433,0,0.116637572646141
0,0.00406543770805,0,0.0359585098922252,0,0.0743101313710212,0,0.0019184000557288
0,0.0029754217248409,0,0.0334012918174266,0,0.0647584423422813,0,0.0027883187867701
0,0.045994009822607,0,0.1447173804044723,0,0.0236162357032299,0,0.287076324224472
0,0.0144241210073232,0,0.0081362137570977,0,0.0081544825807213,0,0.0009065985213965
0,0.0004372693656478,0,0.0176979023963212,0,0.1458537876605987,0,0.0128771662712097
0,0.0026767752133309,0,0.0275123845785856,0,0.1865530759096145,0,0.0846544206142425
0,0.0001709604548523,0,0.0198297910392284,0,0.0112798009067773,0,0.000770503480453
0,0.3568156659603119,0,0.6345709562301636,0,0.3096067607402801,0,0.1141861528158187
0,0.0003745986032299,0,0.0272944346070289,0,0.0947484001517295,0,0.0013681463897228
0,0.1753842234611511,0,0.0298515651375055,0,0.063955470919609,0,0.0507322512567043
0,0.3706868588924408,0,0.0879675447940826,0,0.0822428837418556,0,0.05986013635993
0,0.0013492973521351,0,0.0659401342272758,0,0.0166157577186822,0,0.002681829733774
0,0.0214785113930702,0,0.0924942567944526,0,0.0584579072892665,0,0.0014969420153647
0,3.7829213397344574e-05,0,0.0133330365642905,0,0.0114574218168854,0,0.0001196027951664
0,0.000339808728313,0,0.0581103861331939,0,0.0166104603558778,0,0.0023458101786673
0,8.628898649476469e-05,0,0.0210801418870687,0,0.0129977567121386,0,0.0001312182284891
0,0.000470861850772,0,0.0641995295882225,0,0.034277070313692,0,0.0040418379940092
0,3.488904258119874e-05,0,0.0235256366431713,0,0.0097186183556914,0,0.0001044939417624
0,0.0011523679131641,0,0.0116614485159516,0,0.0221735574305057,0,0.0051646749489009
0,0.000889743794687,0,0.017403058707714,0,0.0206689331680536,0,0.0161919519305229
0,0.0010374201228842,0,0.0385518297553062,0,0.0513951405882835,0,0.0143206194043159
0,0.0001627666642889,0,0.0035395640879869,0,0.003838999196887,0,0.0006160945631563
0,0.0005577429546974,0,0.002417053328827,0,0.0077342456206679,0,0.0003719810629263
0,0.0010061911307275,0,0.0025461097247898,0,0.0044464897364377,0,0.0001815776486182
0,0.000281305226963,0,0.0108353216201066,0,0.0198353342711925,0,0.0044575599022209
0,0.001342530013062,0,0.007165060378611,0,0.0213405452668666,0,0.0027488672640174
0,0.602165699005127,0,0.5915857553482056,0,0.5455706715583801,0,0.572796106338501
0,0.0065559390932321,0,0.0201283879578113,0,0.0578369088470935,0,0.0261170547455549
0,5.8192188589600846e-05,0,0.0058928001672029,0,0.0068321139551699,0,0.0024100544396787
0,0.0034339500125497,0,0.0130716450512409,0,0.0443328693509101,0,0.0015064999461174
0,0.043759997934103,0,0.0231219232082366,0,0.0545634776353836,0,0.0441916659474372
0,0.0070013618096709,0,0.0184591673314571,0,0.0437865331768989,0,0.0045940750278532
0,0.0029789928812533,0,0.0050925626419484,0,0.0196093507111072,0,0.0057332986034452
0,0.0003219039062969,0,0.0126609560102224,0,0.0262969993054866,0,0.0015639681369066
0,0.0002811328449752,0,0.029934074729681,0,0.036824993789196,0,0.0022643359843641
0,0.0667180642485618,0,0.073997713625431,0,0.1929946839809417,0,0.0193186942487955
0,0.0130625758320093,0,0.0351437851786613,0,0.2452967762947082,0,0.0139914508908987
0,0.1006441712379455,0,0.1051280498504638,0,0.4531228840351105,0,0.0110208867117762
0,0.0288274753838777,0,0.0920198559761047,0,0.313713788986206,0,0.0088870907202363
0,0.0195904653519392,0,0.0333827771246433,0,0.128883346915245,0,0.0149739068001508
0,0.1027945056557655,0,0.0578077919781208,0,0.0104774581268429,0,0.0095520205795764
0,0.0378366112709045,0,0.0692889392375946,0,0.0141279716044664,0,0.0076825669966638
0,0.0367288365960121,0,0.4137624204158783,0,0.0973129794001579,0,0.0473899841308593
0,0.1947218626737594,0,0.0301841087639331,0,0.1602502167224884,0,0.0671464726328849
0,0.0065199844539165,0,0.3187064528465271,0,0.0324662290513515,0,0.0101177338510751
0,0.814807653427124,0,0.7698273062705994,0,0.7371355891227722,0,0.8109833002090454
0,0.3778356909751892,0,0.3570106029510498,0,0.3967565298080444,0,0.160883828997612
0,0.5378355383872986,0,0.3623458743095398,0,0.5807392597198486,0,0.6760178804397583
0,0.0006314808852039,0,0.1835961937904358,0,0.0339911244809627,0,0.0033433339558541
0,5.636356218019501e-05,0,0.0023132315836846,0,0.005875991191715,0,0.000606135232374
0,0.0001197086749016,0,0.0022766957990825,0,0.0082081677392125,0,0.00094468210591
0,0.0003312909393571,0,0.0101596741005778,0,0.0132187465205788,0,0.0010813479311764
0,0.0009142861235886,0,0.0225552376359701,0,0.008355394937098,0,0.0245847981423139
0,9.434494859306142e-05,0,0.0034648524597287,0,0.0095220580697059,0,0.0012076273560523
0,0.0157445129007101,0,0.0236376859247684,0,0.2943229973316192,0,0.0014212284004315
0,0.0024753520265221,0,0.0297017432749271,0,0.0063242875039577,0,0.0183894895017147
0,0.0108581902459263,0,0.0160748250782489,0,0.0174661520868539,0,0.0039613838307559
0,0.0050272736698389,0,0.0074899373576045,0,0.0231644567102193,0,0.0009357330272905
0,0.0003017347480636,0,0.0132523821666836,0,0.0153519278392195,0,0.0082899397239089
0,0.0050946823321282,0,0.0282092541456222,0,0.0216097254306077,0,0.0121959596872329
0,0.0050540985539555,0,0.0136610493063926,0,0.0105099426582455,0,0.0151895703747868
0,0.5765095949172974,0,0.1932977885007858,0,0.5936640501022339,0,0.5371813774108887
0,0.005244034808129,0,0.0823009014129638,0,0.0323818884789943,0,0.0577185824513435
0,0.0010919418418779,0,0.0251132976263761,0,0.0346196815371513,0,0.0046818666160106
0,0.0028075834270566,0,0.09829131513834,0,0.0439535118639469,0,0.0142844785004854
0,0.0072222631424665,0,0.0868768393993377,0,0.0261358562856912,0,0.0391548313200473
0,0.4759399890899658,0,0.225134864449501,0,0.6189400553703308,0,0.5727744102478027
0,0.0001980149536393,0,0.0124565381556749,0,0.0407064221799373,0,0.0045787189155817
0,0.006134352646768,0,0.0870316550135612,0,0.0308019276708364,0,0.0644521415233612
0,0.0021952288225293,0,0.0904665812849998,0,0.0415139161050319,0,0.0113780731335282
0,0.4179893434047699,0,0.1418986767530441,0,0.5154541730880737,0,0.50749671459198
0,0.0002568702329881,0,0.010163745842874,0,0.0469919331371784,0,0.0037892051041126
0,0.0001138018124038,0,0.0057589602656662,0,0.0254767183214426,0,0.0018636208260431
0,0.0009932441171258,0,0.0120880920439958,0,0.0236044265329837,0,0.004192569758743
0,0.2877270877361297,0,0.1367600113153457,0,0.3125733137130737,0,0.1956558525562286
0,0.0435483418405056,0,0.0915185883641243,0,0.1889210790395736,0,0.2327145636081695
0,0.0043601933866739,0,0.0350104197859764,0,0.0284222178161144,0,0.0227203462272882
0,0.0022116317413747,0,0.0458714328706264,0,0.0698506981134414,0,0.003303202567622
0,0.0227442812174558,0,0.0663767978549003,0,0.1437120288610458,0,0.0352613255381584
0,0.0030170597601681,0,0.00625641644001,0,0.0097002508118748,0,0.001253607799299
0,0.001252320013009,0,0.0123207317665219,0,0.0841871500015258,0,0.0469721965491771
0,0.1174371913075447,0,0.1317187249660492,0,0.3244652450084686,0,0.1147021651268005
0,0.380114883184433,0,0.4656617045402527,0,0.4401978850364685,0,0.4036019742488861
0,0.9831946492195128,0,0.6983145475387573,0,0.9709751605987548,0,0.960809886455536
0,0.9360202550888062,0,0.8101171255111694,0,0.9245111346244812,0,0.981238603591919
0,0.1303015500307083,0,0.3359628617763519,0,0.4787332415580749,0,0.7721303105354309
0,0.0005543694715015,0,0.0791207775473594,0,0.0106327133253216,0,0.0006679752841591
0,5.31936930201482e-05,0,0.0252537857741117,0,0.0190561786293983,0,0.0001800472236936
0,0.4385028183460235,0,0.4459228515625,0,0.2922652661800384,0,0.3877986073493957
0,0.0657139047980308,0,0.1423505395650863,0,0.0606713145971298,0,0.1437173932790756
0,0.0003801580751314,0,0.0110521605238318,0,0.0071020615287125,0,0.0038755952846258
0,0.0005263744969852,0,0.0528738088905811,0,0.0173317547887563,0,0.0020348257385194
0,0.0027924294117838,0,0.0517625547945499,0,0.0859654545783996,0,0.0081477351486682
0,0.0005868053995072,0,0.0061514731496572,0,0.0386902540922164,0,0.0022699404507875
0,6.822974683018401e-05,0,0.0575010403990745,0,0.030924629420042,0,0.0010688402689993
0,0.0038738762959837,0,0.0098472852259874,0,0.1342077255249023,0,0.0037329595070332
0,0.1230432316660881,0,0.0257759895175695,0,0.2310567647218704,0,0.0598071478307247
0,0.0014640151057392,0,0.0070371362380683,0,0.0805705338716507,0,0.0031775545794516
0,0.0116519453004002,0,0.0481629632413387,0,0.148774191737175,0,0.1713851988315582
0,0.7471362948417664,0,0.1961798518896103,0,0.1764303743839264,0,0.4518697559833526
0,0.8003159165382385,0,0.2649144828319549,0,0.577634871006012,0,0.2349905520677566
0,0.7297970056533813,0,0.3943926990032196,0,0.3607561886310577,0,0.4399939477443695
0,0.6010046601295471,0,0.1943171620368957,0,0.406094878911972,0,0.0121651673689484
0,0.0083447974175214,0,0.0520843230187892,0,0.1612408310174942,0,0.1579130291938781
0,0.5744113326072693,0,0.1949424296617508,0,0.4781349003314972,0,0.007725385017693
0,0.755628228187561,0,0.39789879322052,0,0.3965830504894256,0,0.5084161162376404
0,0.011116131208837,0,0.0792280063033104,0,0.1992003470659256,0,0.2247209399938583
0,0.027461452409625,0,0.0142981614917516,0,0.0388182029128074,0,0.0153300100937485
0,0.0086038950830698,0,0.0101534416899085,0,0.0205366592854261,0,0.0059944512322545
0,0.1084223613142967,0,0.0144790830090641,0,0.0316841527819633,0,0.0175118129700422
0,0.001626071287319,0,0.1752345263957977,0,0.040736511349678,0,0.0010889626573771
0,0.2530480325222015,0,0.3121651709079742,0,0.3904407322406769,0,0.7398061156272888
0,0.0827524736523628,0,0.061180256307125,0,0.0140709094703197,0,0.0256196409463882
0,0.142344132065773,0,0.0701284259557724,0,0.0161558128893375,0,0.0461892634630203
0,0.0704393461346626,0,0.0651484653353691,0,0.0119103910401463,0,0.0202351044863462
0,0.2780332267284393,0,0.2781889140605926,0,0.7525210380554199,0,0.8422982096672058
0,0.3600989580154419,0,0.2413960099220276,0,0.6947628259658813,0,0.8333837985992432
0,0.3427630662918091,0,0.3576562404632568,0,0.7589753866195679,0,0.1711513251066208
0,0.0045753642916679,0,0.056362435221672,0,0.0336415246129035,0,0.0318221077322959
0,0.0013033126015216,0,0.0570510029792785,0,0.0619217455387115,0,0.0058515025302767
0,0.004863902926445,0,0.0606884434819221,0,0.2145915776491165,0,0.0083941472694277
0,0.0312055200338363,0,0.0192027520388364,0,0.0146158477291464,0,0.0031597984489053
0,0.0056417719461023,0,0.0170746464282274,0,0.0083915432915091,0,0.0035554165951907
0,0.0048238211311399,0,0.0180436670780181,0,0.0097784493118524,0,0.0022844457998871
0,0.2897733151912689,0,0.0721248760819435,0,0.022150570526719,0,0.0048862984403967
0,0.0015869439812377,0,0.0211773887276649,0,0.0086850207298994,0,0.0029838499613106
0,0.3880467414855957,0,0.1388755142688751,0,0.0590883530676364,0,0.0178596749901771
0,0.066054955124855,0,0.1386905312538147,0,0.2327515482902526,0,0.3500782251358032
0,0.0980782285332679,0,0.1642152070999145,0,0.1600570678710937,0,0.2061310410499572
0,0.0838268399238586,0,0.2197987735271453,0,0.2388283014297485,0,0.4749059677124023
0,2.228174707852304e-05,0,0.0369615294039249,0,0.0244653802365064,0,0.0076146242208778
0,0.0026898011565208,0,0.0060288943350315,0,0.0144962547346949,0,0.0009820139966905
0,0.0033224059734493,0,0.0058808317407965,0,0.0141985844820737,0,0.0007335707196034
0,0.0581323057413101,0,0.0085109882056713,0,0.0244922395795583,0,0.0073145478963851
0,0.4835512340068817,0,0.0725810006260871,0,0.1501822918653488,0,0.1130019351840019
0,0.0033165891654789,0,0.0446796715259552,0,0.0567093826830387,0,0.0106159029528498
0,0.498370498418808,0,0.0781447067856788,0,0.1576304733753204,0,0.1072055771946907
0,0.0071959681808948,0,0.0315909497439861,0,0.0437432490289211,0,0.0267554521560668
0,0.0053676627576351,0,0.1090488508343696,0,0.0212651472538709,0,0.0004965239204466
0,0.0003931488317903,0,0.0166566334664821,0,0.0217008516192436,0,0.001359196845442
0,0.0013443436473608,0,0.023788021877408,0,0.0165166314691305,0,0.001457814592868
0,0.000425563979661,0,0.0170132629573345,0,0.0239798072725534,0,0.0009452574304305
0,0.0011680010939016,0,0.0270346049219369,0,0.020946143195033,0,0.0018533681286498
0,0.0001598491217009,0,0.0129404962062835,0,0.0161141883581876,0,0.0004430341068655
0,0.0002090845373459,0,0.0143939740955829,0,0.0096373511478304,0,0.0024393883068114
0,0.0017546903109177,0,0.0287368260324001,0,0.0247630905359983,0,0.0029761726036667
0,0.0001038291593431,0,0.0146394642069935,0,0.0103398915380239,0,0.0029069697484374
0,0.0028548287227749,0,0.0043844990432262,0,0.0141041744500398,0,0.0004063902015332
0,0.0012259510112926,0,0.0176056269556283,0,0.0122346300631761,0,0.0018381666159257
0,0.0002711018896661,0,0.0119733270257711,0,0.0111147472634911,0,0.0035659773275256
0,0.0015982639743015,0,0.0207361076027154,0,0.025720290839672,0,0.0082562351599335
0,0.0021469707135111,0,0.019154455512762,0,0.1373164504766464,0,0.0011627101339399
0,0.0048574889078736,0,0.0141674168407917,0,0.072253406047821,0,0.0020956208463758
0,0.0010724002495408,0,0.0307467337697744,0,0.1169058755040168,0,0.0020608401391655
0,0.000733396387659,0,0.0070305648259818,0,0.0243411157280206,0,0.0071253678761422
0,7.815313438186422e-05,0,0.0208522528409957,0,0.0184579454362392,0,0.0010286669712513
0,2.328253503947053e-05,0,0.0228964798152446,0,0.0155049432069063,0,0.0016536808107048
0,0.8398452401161194,0,0.6788613200187683,0,0.6554874181747437,0,0.8326229453086853
0,0.8166521787643433,0,0.6626299619674683,0,0.6949936747550964,0,0.8674849271774292
0,0.870841383934021,0,0.7195501327514648,0,0.7238231897354126,0,0.9026762247085572
0,0.0021157104056328,0,0.095583289861679,0,0.0277754142880439,0,0.0025701150298118
0,0.4999943971633911,0,0.1775562018156051,0,0.1839272826910019,0,0.2450124770402908
0,0.1432817131280899,0,0.0768346339464187,0,0.0828960537910461,0,0.0339884385466575
0,0.0027856139931827,0,0.0780453756451606,0,0.0218751654028892,0,0.001726413029246
0,0.0051109325140714,0,0.0982651561498642,0,0.1170409545302391,0,0.3107238113880157
0,0.1464414149522781,0,0.0914361029863357,0,0.1177638173103332,0,0.1521886885166168
0,0.0051590870134532,0,0.0627872720360755,0,0.0254330206662416,0,0.0022433942649513
0,0.2632054388523102,0,0.3069015443325043,0,0.2205512374639511,0,0.3565109670162201
0,0.0473940633237361,0,0.0769187808036804,0,0.0917228236794471,0,0.0070846755988895
0,0.9290258288383484,0,0.7528989315032959,0,0.8889684081077576,0,0.8431167006492615
0,0.0267796330153942,0,0.2051690220832824,0,0.2980470061302185,0,0.1219212859869003
0,0.0001704574824543,0,0.0160558968782424,0,0.0115869911387562,0,0.0002581249864306
0,0.0225594323128461,0,0.2071556746959686,0,0.2401965707540512,0,0.1349162459373474
0,0.0001891289575723,0,0.0207921527326107,0,0.011065948754549,0,0.0002284064976265
0,0.0058775376528501,0,0.1592940986156463,0,0.2230642139911651,0,0.0996014401316642
0,5.586872430285439e-05,0,0.0177271794527769,0,0.0141047649085521,0,0.0003543064522091
0,0.0263308119028806,0,0.0876882374286651,0,0.0471103675663471,0,0.0108213843777775
0,0.001450186013244,0,0.0875315144658088,0,0.0204421933740377,0,0.0011197210988029
0,0.0297545511275529,0,0.0414194464683532,0,0.045173056423664,0,0.0080223735421895
0,7.748973075649701e-06,0,0.0082330014556646,0,0.0092962039634585,0,7.872939750086516e-05
0,0.8169165253639221,0,0.3585860729217529,0,0.4523353576660156,0,0.6786858439445496
0,0.9290010333061218,0,0.4878809750080108,0,0.7534402012825012,0,0.7217442393302917
0,0.1613121777772903,0,0.1530529707670211,0,0.3790576457977295,0,0.6736311316490173
0,0.0245206523686647,0,0.3579276204109192,0,0.5190789699554443,0,0.0938908234238624
0,0.8560612201690674,0,0.4787262976169586,0,0.7049634456634521,0,0.69277423620224
0,0.4811006784439087,0,0.1897148936986923,0,0.6054422855377197,0,0.7927318811416626
0,0.0360654145479202,0,0.4574418067932129,0,0.6761165261268616,0,0.2744656801223755
0,0.0013325987383723,0,0.1720319390296936,0,0.0187602341175079,0,0.0007775730919092
0,0.8327584862709045,0,0.4875604808330536,0,0.6098306775093079,0,0.8004360198974609
0,0.2901942431926727,0,0.2608520984649658,0,0.6378035545349121,0,0.830743134021759
0,0.0504703260958194,0,0.3890597820281982,0,0.5992825031280518,0,0.4195654094219208
0,0.0003322660631965,0,0.1049380972981453,0,0.0231275260448455,0,0.0012664535315707
0,0.0076238000765442,0,0.0296537782996892,0,0.1618941724300384,0,0.1382571756839752
0,0.0026506152935326,0,0.0145417349413037,0,0.244039386510849,0,0.0155128492042422
1,0.3208597302436828,1,0.2401617020368576,1,0.5094147324562073,1,0.2194346636533737
1,0.7393038868904114,1,0.6537528038024902,1,0.6439132690429688,1,0.6114814281463623
1,0.5387107133865356,1,0.5653751492500305,1,0.5965456366539001,1,0.5239468216896057
1,0.3369359970092773,1,0.5473095178604126,1,0.4962448179721832,1,0.7301441431045532
1,0.8506760001182556,1,0.8808388710021973,1,0.606451153755188,1,0.8018544316291809
1,0.7203526496887207,1,0.6375275254249573,1,0.706698477268219,1,0.721222996711731
1,0.335851788520813,1,0.2273630052804947,1,0.3135744631290436,1,0.3692544400691986
1,0.4425749778747558,1,0.3972958624362945,1,0.4703020751476288,1,0.5637465715408325
1,0.8805220723152161,1,0.3982485830783844,1,0.7994268536567688,1,0.815483570098877
1,0.5432847142219543,1,0.4331212639808655,1,0.6985069513320923,1,0.5201270580291748
1,0.3928459286689758,1,0.1412241756916046,1,0.1182820424437522,1,0.0791814923286438
1,0.7415680885314941,1,0.6935208439826965,1,0.5968410968780518,1,0.7012486457824707
1,0.0123957516625523,1,0.2380256354808807,1,0.1055115684866905,1,0.2499077022075653
1,0.8622349500656128,1,0.2679601907730102,1,0.4361864924430847,1,0.804071843624115
1,0.8818376660346985,1,0.4873891770839691,1,0.476658821105957,1,0.9002811312675476
1,0.9386352896690368,1,0.5973057746887207,1,0.761265218257904,1,0.8161956071853638
1,0.7852098941802979,1,0.6814860701560974,1,0.6236960887908936,1,0.7098382115364075
1,0.3132306635379791,1,0.6099898815155029,1,0.6583474278450012,1,0.3507688641548157
1,0.6965243816375732,1,0.5679054856300354,1,0.7112751007080078,1,0.6442859768867493
1,0.5808960199356079,1,0.5750389099121094,1,0.2935735285282135,1,0.3452306687831878
1,0.5392425656318665,1,0.5819377303123474,1,0.2428561300039291,1,0.4319662451744079
1,0.565819501876831,1,0.5631740689277649,1,0.4331750571727752,1,0.5508980751037598
1,0.1826176643371582,1,0.1859240233898162,1,0.1915771961212158,1,0.0326389409601688
1,0.8111879229545593,1,0.6072148084640503,1,0.433645099401474,1,0.8135678768157959
1,0.7063847780227661,1,0.6661195158958435,1,0.6596530675888062,1,0.8863259553909302
1,0.5156358480453491,1,0.2951690852642059,1,0.1017219573259353,1,0.0301504991948604
1,0.9820457100868224,1,0.933602809906006,1,0.9524996280670166,1,0.980248749256134
0,0.3693085014820099,0,0.1824208199977874,0,0.411373108625412,0,0.086537204682827
0,0.007416870445013,0,0.0080240201205015,0,0.0205197129398584,0,0.0040949014946818
0,7.311006356758298e-06,0,0.0027218884788453,0,0.003830298082903,0,0.0006452890229411
0,4.035063284391072e-06,0,0.0020755010191351,0,0.0041331415995955,0,0.000937512377277
0,0.0005619587609544,0,0.0048021213151514,0,0.0283215511590242,0,0.008923465386033
0,0.5869327783584595,0,0.1899291425943374,0,0.2984336316585541,0,0.2911714613437652
0,0.0003225376422051,0,0.0051375706680119,0,0.0242141894996166,0,0.004508570767939
0,0.7328251004219055,0,0.0646154880523681,0,0.1675507128238678,0,0.1092921048402786
0,0.0184231139719486,0,0.0472601801156997,0,0.0280847251415252,0,0.0033478846307843
0,0.0001833620335673,0,0.0079909041523933,0,0.024426981806755,0,0.0023615562822669
0,9.344298450741916e-05,0,0.0110858744010329,0,0.158738374710083,0,0.0033881645649671
0,0.0132957026362419,0,0.0119021516293287,0,0.0190511755645275,0,0.0230610780417919
0,0.7739052772521973,0,0.5932199954986572,0,0.6412781476974487,0,0.840810239315033
0,0.0958842113614082,0,0.1146048232913017,0,0.0638330653309822,0,0.0171601418405771
0,0.1524281054735183,0,0.142804741859436,0,0.1850910186767578,0,0.5252076983451843
0,0.0167836789041757,0,0.1102053001523017,0,0.0814484357833862,0,0.0041116471402347
0,0.0058849528431892,0,0.1009483560919761,0,0.0499690137803554,0,0.0023605544120073
0,0.0076853013597428,0,0.1788166910409927,0,0.0666625499725341,0,0.0033453113865107
0,0.0919399186968803,0,0.161523163318634,0,0.0311685986816883,0,0.004250462166965
0,0.1502707004547119,0,0.1703860610723495,0,0.167344719171524,0,0.0089059146121144
0,0.1273865401744842,0,0.2944190204143524,0,0.2386014312505722,0,0.177442580461502
0,0.1505330055952072,0,0.2589836418628692,0,0.2325253039598465,0,0.365262359380722
0,0.9465782642364502,0,0.8853241205215454,0,0.8387160301208496,0,0.963534653186798
0,0.0020680311135947,0,0.0278517212718725,0,0.009195270948112,0,0.0003980094916187
0,0.1391253173351287,0,0.079295627772808,0,0.2874433100223541,0,0.0231528989970684
0,0.0961418896913528,0,0.1405663788318634,0,0.4909938871860504,0,0.0669488459825515
0,0.0066174864768981,0,0.0072324522770941,0,0.0304146520793437,0,0.0119059532880783
0,0.2643614411354065,0,0.3232826590538025,0,0.5418881177902222,0,0.8095089197158813
0,0.5199921131134033,0,0.3524344563484192,0,0.7584677934646606,0,0.901880145072937
0,0.0015204744413495,0,0.0037956673186272,0,0.0362883806228637,0,0.0061635100282728
0,0.0031609463039785,0,0.0223890077322721,0,0.0220255050808191,0,0.0054648979566991
0,6.298979133134708e-05,0,0.0205016769468784,0,0.0291603859513998,0,0.0008811988518573
0,0.0003082860494032,0,0.0104206781834363,0,0.0197873469442129,0,0.0024260391946882
0,0.1722065359354019,0,0.0720651596784591,0,0.0336571186780929,0,0.0802425593137741
0,0.0020415782928466,0,0.0356840714812278,0,0.0118793603032827,0,0.0034071269910782
0,4.7786619688849896e-05,0,0.0213272161781787,0,0.1758832335472107,0,0.0093533666804432
0,1.986558527278248e-05,0,0.0083468267694115,0,0.013987373560667,0,0.0012925434857606
0,0.0002202074829256,0,0.0073074218817055,0,0.0152906728908419,0,0.0004058938648086
0,0.0130843427032232,0,0.0160461291670799,0,0.0148313287645578,0,0.0016800289740785
0,0.0001084206960513,0,0.0129260756075382,0,0.011943900026381,0,0.0013050490524619
0,0.002080776495859,0,0.008320084773004,0,0.0313214063644409,0,0.0085904831066727
0,0.0007316309493035,0,0.0282818004488945,0,0.1054878234863281,0,0.0185027178376913
0,0.0076960222795605,0,0.0184347424656152,0,0.0306351855397224,0,0.0038431626744568
0,6.509783997898921e-05,0,0.0049163433723151,0,0.0053978650830686,0,0.0026787261012941
0,0.0001494806492701,0,0.0117557905614376,0,0.0113122276961803,0,0.0013246791204437
0,0.0007561077945865,0,0.0069743716157972,0,0.0196467526257038,0,0.0041285986080765
0,0.0046788747422397,0,0.0095209553837776,0,0.0302495788782835,0,0.0115084964781999
0,0.8270041346549988,0,0.2056247889995575,0,0.6574196815490723,0,0.8086405992507935
0,0.0003399520937819,0,0.0119687309488654,0,0.027963625267148,0,0.0133787812665104
0,0.2094393223524093,0,0.1910669803619384,0,0.344886302947998,0,0.2818330228328705
0,0.3867473006248474,0,0.2508704364299774,0,0.0653803944587707,0,0.0541641600430011
0,0.0003333013155497,0,0.0064043793827295,0,0.0143878199160099,0,0.0039446144364774
0,0.0382378436625003,0,0.0685405060648918,0,0.3041958510875702,0,0.1021889820694923
0,0.0392328239977359,0,0.0708604529500007,0,0.3092661798000335,0,0.0983592793345451
0,0.0312960930168628,0,0.0512377731502056,0,0.0743384957313537,0,0.0307512916624546
0,0.0579466670751571,0,0.0677772462368011,0,0.1244604289531707,0,0.0520482324063777
0,0.1065240204334259,0,0.0591633841395378,0,0.1384460031986236,0,0.0889809355139732
0,0.0003264715778641,0,0.0047032311558723,0,0.0079035628587007,0,0.0006243884563446
0,0.0004688667831942,0,0.0051499274559319,0,0.0067901667207479,0,0.0005971472710371
0,0.0005300743505358,0,0.0337510891258716,0,0.10077765583992,0,0.0279730428010225
0,0.0024159245658665,0,0.021891226992011,0,0.0170685015618801,0,0.0057201110757887
0,6.576823943760246e-05,0,0.007094114087522,0,0.0111949192360043,0,0.0129565550014376
0,0.0160395298153162,0,0.0125083858147263,0,0.0674154832959175,0,0.0097027020528912
0,0.0095029957592487,0,0.0375032126903533,0,0.0280136670917272,0,0.0140931727364659
0,0.0001269931381102,0,0.0085578123107552,0,0.0150430528447031,0,0.0102446991950273
0,0.0003716447099577,0,0.0227340068668127,0,0.0372557416558265,0,0.0020377305336296
0,5.627842983813025e-05,0,0.0069176615215837,0,0.027583222836256,0,0.000934308511205
0,0.0002633015683386,0,0.0018019266426563,0,0.0106397941708564,0,0.0004023783840239
0,0.0003221323131583,0,0.0112388841807842,0,0.0376335978507995,0,0.0018970500677824
0,0.0004888577386736,0,0.0042114006355404,0,0.0203045662492513,0,0.0006887901690788
0,0.4039214253425598,0,0.5035118460655212,0,0.4667169451713562,0,0.751500129699707
0,0.0001596970687387,0,0.0033607890363782,0,0.0071516605094075,0,0.0003071006212849
0,0.0002216229331679,0,0.0111274057999253,0,0.0224998239427804,0,0.0027292219456285
0,0.0529070124030113,0,0.053757194429636,0,0.2163326442241668,0,0.0179643183946609
0,0.0063503812998533,0,0.0375364944338798,0,0.1178341284394264,0,0.0038791680708527
0,0.0007763022440485,0,0.0111794956028461,0,0.0148901985958218,0,0.0020611060317605
0,0.7615398168563843,0,0.1349428296089172,0,0.386491447687149,0,0.3159969747066498
0,0.3541914522647857,0,0.521601676940918,0,0.3705682456493377,0,0.1813336163759231
0,0.2571229934692383,0,0.3865306377410888,0,0.3221703767776489,0,0.0824600458145141
0,0.2763707339763641,0,0.3742663860321045,0,0.397896409034729,0,0.2166153043508529
0,0.5307886600494385,0,0.1228864416480064,0,0.3737216889858246,0,0.3151699602603912
0,0.6964038014411926,0,0.0875154063105583,0,0.2492606490850448,0,0.3004053831100464
0,0.0025436563882976,0,0.0286429803818464,0,0.0206577107310295,0,0.000277362181805
0,0.0012205853126943,0,0.0473284497857093,0,0.0205174181610345,0,0.000281943444861
0,0.0010266848839819,0,0.030549332499504,0,0.0173985250294208,0,0.0002586378832347
0,0.4658709168434143,0,0.2115048915147781,0,0.2020168304443359,0,0.0207302458584308
0,0.0002232094266219,0,0.0142867946997284,0,0.0311693847179412,0,0.000218274522922
0,0.0402759499847888,0,0.0332345962524414,0,0.0907798334956169,0,0.0172722712159156
0,0.0052349064499139,0,0.1401554644107818,0,0.0708148181438446,0,0.2459071725606918
0,0.0026466348208487,0,0.0195687264204025,0,0.0344743765890598,0,0.009692970663309
0,0.0015927045606076,0,0.0118398843333125,0,0.0063148313201963,0,0.0005283179343678
0,6.020613363943994e-05,0,0.0179733540862798,0,0.0548862032592296,0,0.0077353594824671
0,0.0001835747534641,0,0.0094787487760186,0,0.0375455431640148,0,0.0037740864790976
0,0.0001014050576486,0,0.0159714370965957,0,0.0919796079397201,0,0.0022017280571162
0,0.0016168531728908,0,0.0220979861915111,0,0.0778864622116088,0,0.0057644969783723
0,0.0001426864619133,0,0.0060469205491244,0,0.0593517273664474,0,0.0016577881760895
0,0.2325391769409179,0,0.2484371662139892,0,0.3526571691036224,0,0.3630450665950775
0,0.0013491295976564,0,0.0079489173367619,0,0.0401726216077804,0,0.0068457908928394
0,0.0498739331960678,0,0.0518169701099395,0,0.0701398700475692,0,0.0010397690348327
0,0.0004382136976346,0,0.0396579578518867,0,0.0469080843031406,0,0.0368262082338333
0,0.0002450312022119,0,0.0295203384011983,0,0.029386568814516,0,0.0123249161988496
0,0.0001241795253008,0,0.0053988257423043,0,0.0109190875664353,0,0.0012776721268892
0,0.0013849824899807,0,0.0072970478795468,0,0.0263445414602756,0,0.0029293142724782
0,0.2579646408557892,0,0.0761463791131973,0,0.0489176660776138,0,0.0096516525372862
0,0.0097321607172489,0,0.1453925222158432,0,0.0278311949223279,0,0.002905057510361
0,0.3307720124721527,0,0.0617824532091617,0,0.0494105517864227,0,0.0525444447994232
0,0.0069274855777621,0,0.1226156279444694,0,0.0298910569399595,0,0.0026715546846389
0,0.2608751058578491,0,0.0704713836312294,0,0.0410098545253276,0,0.0085974307730793
0,0.0101205809041857,0,0.1548266112804412,0,0.0298177972435951,0,0.0014540884876623
0,0.6696329116821289,0,0.4058268368244171,0,0.7662361264228821,0,0.717634916305542
0,0.5110419392585754,0,0.3527062237262726,0,0.5398973226547241,0,0.557675838470459
0,0.0056880260817706,0,0.0402751490473747,0,0.1517588645219802,0,0.0055080172605812
0,0.0001290765212615,0,0.0039090435020625,0,0.0122912544757127,0,0.0022094070445746
0,0.0077164703980088,0,0.0257172249257564,0,0.1454143524169922,0,0.0032104908023029
0,0.0002854664926417,0,0.0055844965390861,0,0.0144355678930878,0,0.004069616086781
0,0.0242753010243177,0,0.0208340361714363,0,0.115078404545784,0,0.0031030552927404
0,0.0075425244867801,0,0.0107001671567559,0,0.0279912892729043,0,0.0122795831412076
0,4.3500520405359566e-05,0,0.0048035392537713,0,0.0126873524859547,0,0.0010386522626504
0,0.0028647275175899,0,0.0300003234297037,0,0.0678933337330818,0,0.0209774225950241
0,0.0223944503813982,0,0.008415007032454,0,0.0285279396921396,0,0.0087675601243972
0,0.0007352805696427,0,0.0575844906270504,0,0.0121668633073568,0,0.0094191813841462
0,0.0929829031229019,0,0.0199619159102439,0,0.0697394981980323,0,0.0761131271719932
0,5.444288035505451e-05,0,0.0197461117058992,0,0.0106786340475082,0,0.0014730329858139
0,4.032007200294174e-05,0,0.0047131767496466,0,0.0128576457500457,0,0.0015202789800241
0,0.0005870954482816,0,0.0219964664429426,0,0.0210856236517429,0,0.0008774761809036
0,0.0001150375392171,0,0.0091719664633274,0,0.1023404970765113,0,0.0017944254213944
0,0.0030980913434177,0,0.0275480076670646,0,0.022142669185996,0,0.0012976501602679
0,2.1808007659274157e-05,0,0.0141272954642772,0,0.0088155288249254,0,0.0004945325199514
0,0.0005526550812646,0,0.0031098953913897,0,0.0148488814011216,0,0.0024856640957295
0,0.0043514729477465,0,0.0045940969139337,0,0.0323262996971607,0,0.0034826048649847
0,0.0068378779105842,0,0.0189597513526678,0,0.0179831869900226,0,0.005964268464595
0,0.6535770893096924,0,0.0580232888460159,0,0.0514357946813106,0,0.0061363819986581
0,0.0189799536019563,0,0.2089953422546386,0,0.026454247534275,0,0.0092480862513184
0,0.0103581603616476,0,0.1181754767894744,0,0.1175209805369377,0,0.0336768291890621
0,0.0913536772131919,0,0.1113552898168563,0,0.2329640388488769,0,0.0946864709258079
0,0.001049909624271,0,0.0153511716052889,0,0.0527085922658443,0,0.0024804295971989
0,0.0009077196591533,0,0.0184152014553546,0,0.0553413964807987,0,0.0031597700435668
0,0.0009077278664335,0,0.0141532849520444,0,0.0502235628664493,0,0.0019794681575149
0,0.4217576682567596,0,0.1359779685735702,0,0.2659257054328918,0,0.4601630568504333
0,0.0001049168931785,0,0.1000486016273498,0,0.0354575105011463,0,0.0077041210606694
0,0.1090523228049278,0,0.0944939851760864,0,0.048899944871664,0,0.1435758173465728
0,0.1714342981576919,0,0.1161931380629539,0,0.2237923145294189,0,0.752087414264679
0,0.0003632756415754,0,0.07817292958498,0,0.0246558282524347,0,0.0082085747271776
0,0.0073018823750317,0,0.049547404050827,0,0.0542082525789737,0,0.0290439706295728
0,0.2491844147443771,0,0.1455472558736801,0,0.1953472197055816,0,0.792069673538208
0,0.0001308445062022,0,0.0865118876099586,0,0.0286484342068433,0,0.0067198630422353
0,0.0168037563562393,0,0.13726307451725,0,0.0458748638629913,0,0.0014601271832361
0,0.7339195013046265,0,0.7296556830406189,0,0.6253398656845093,0,0.7322579622268677
0,0.6633040904998779,0,0.7451334595680237,0,0.2608832418918609,0,0.694087564945221
0,0.7963244915008545,0,0.7896803617477417,0,0.2374830991029739,0,0.6844556927680969
0,0.0002531430800445,0,0.0289066657423973,0,0.0502554289996624,0,0.0198080744594335
0,0.0001055417233146,0,0.0408534109592437,0,0.0529216900467872,0,0.0134515156969428
0,0.0008702388149686,0,0.0375943034887313,0,0.0144633678719401,0,0.0027868342585861
0,0.0002851303142961,0,0.0121804131194949,0,0.0711142867803573,0,0.0061948397196829
0,0.0003867907798849,0,0.0141358124092221,0,0.0971965566277504,0,0.0092700887471437
0,0.0012822473654523,0,0.0180540028959512,0,0.101679615676403,0,0.0077151525765657
0,0.007295805029571,0,0.056918516755104,0,0.0146404961124062,0,0.0334605351090431
0,0.2828176915645599,0,0.2353881299495697,0,0.3797267377376556,0,0.182274505496025
0,0.1492807865142822,0,0.3741635084152221,0,0.4289964139461517,0,0.216181218624115
0,0.0182354524731636,0,0.0166847109794616,0,0.0596914999186992,0,0.010818070732057
0,0.0018044790485873,0,0.0124832559376955,0,0.0133651727810502,0,0.0018222399521619
0,0.0193950664252042,0,0.0321913100779056,0,0.0994877964258194,0,0.133329153060913
0,0.1706658452749252,0,0.1940712034702301,0,0.2566523253917694,0,0.055115882307291
0,0.0331120602786541,0,0.2955638468265533,0,0.4056161642074585,0,0.0334511324763298
0,0.0006186980754137,0,0.004359096288681,0,0.0166558921337127,0,0.0189397260546684
0,0.0015210225246846,0,0.0095272893086075,0,0.0159591604024171,0,0.000400455086492
0,0.0269725024700164,0,0.1600302755832672,0,0.3715340495109558,0,0.1019817367196083
0,0.0014508061576634,0,0.0394602715969085,0,0.0249146129935979,0,0.0014243379700928
0,0.3249161541461944,0,0.0895341336727142,0,0.1527535915374755,0,0.0456811673939228
0,0.0384537167847156,0,0.2817229330539703,0,0.4137257039546966,0,0.0333054177463054
0,0.0003691749589052,0,0.0042142351157963,0,0.0177816394716501,0,0.0162128321826457
0,0.0009234862518496,0,0.0094595840200781,0,0.0113263586536049,0,0.0019611536990851
0,0.0016577778151258,0,0.0198260433971881,0,0.0243755206465721,0,0.0014699433231726
0,0.3028342127799988,0,0.0984754562377929,0,0.1533356457948684,0,0.086556427180767
0,0.0069449502043426,0,0.0191506426781415,0,0.0265367310494184,0,0.0260514579713344
0,0.0037670170422643,0,0.058145947754383,0,0.2500219643115997,0,0.4054325819015503
0,3.93943591916468e-05,0,0.01286599971354,0,0.0102205332368612,0,0.0006994581781327
0,8.390070433961228e-05,0,0.0220580287277698,0,0.0133971273899078,0,0.0014291626866906
0,0.0837469175457954,0,0.2298718839883804,0,0.0974614471197128,0,0.0317332223057746
0,0.0728935226798057,0,0.0693467333912849,0,0.1340138018131256,0,0.0420639887452125
0,0.3743220865726471,0,0.5196694731712341,0,0.5801392197608948,0,0.5357837080955505
0,0.7530428171157837,0,0.861292839050293,0,0.7826622128486633,0,0.7842333912849426
0,0.0008312913123518,0,0.0360296219587326,0,0.4028730392456054,0,0.0139201050624251
0,0.0829904079437255,0,0.0679231360554695,0,0.2547304928302765,0,0.0219303648918867
0,0.0001492292794864,0,0.0479625426232814,0,0.0303779784590005,0,0.0013870464172214
0,0.3137339949607849,0,0.1127576828002929,0,0.3457588851451874,0,0.1094108521938324
0,0.0004703038721345,0,0.0320394709706306,0,0.377166748046875,0,0.004809814505279
0,0.0005063677672296,0,0.057577721774578,0,0.0276812985539436,0,0.0013931492576375
0,0.1004605814814567,0,0.0627349391579628,0,0.2974329590797424,0,0.0247780233621597
0,0.2313773483037948,0,0.0783428996801376,0,0.2750239074230194,0,0.0539645999670028
0,0.171655386686325,0,0.0497909300029277,0,0.1632734686136245,0,0.0092965560033917
0,0.0662290528416633,0,0.253391832113266,0,0.5479202270507812,0,0.1120959520339965
0,0.001431344076991,0,0.056339107453823,0,0.0320980697870254,0,0.0009054776164703
0,0.4096672236919403,0,0.285512775182724,0,0.4394928514957428,0,0.282880961894989
0,0.0002049720933428,0,0.1215328276157379,0,0.0121410675346851,0,0.0050728721544146
0,0.0007510844734497,0,0.1073141023516655,0,0.0109941167756915,0,0.0045371544547379
0,0.0003864084137603,0,0.1046624854207038,0,0.0096785090863704,0,0.0027697628829628
0,0.2147273421287536,0,0.1906213760375976,0,0.425391674041748,0,0.1285246610641479
0,0.0002465135476086,0,0.0071156825870275,0,0.0139635596424341,0,0.0001521470112493
0,0.0001143757835961,0,0.0075435317121446,0,0.0125556755810976,0,0.0001713331876089
0,0.041319191455841,0,0.0767850652337074,0,0.2663211524486542,0,0.5064122676849365
0,0.0027815226931124,0,0.0242548882961273,0,0.0494947880506515,0,0.0353720113635063
0,0.0006926321657374,0,0.0053269774653017,0,0.0097653130069375,0,0.0003915654087904
0,0.0084572993218898,0,0.0193259175866842,0,0.1406378149986267,0,0.0018230008427053
0,0.0060994327068328,0,0.0329492874443531,0,0.0480769276618957,0,0.0039810729213058
0,0.0027446735184639,0,0.0177735704928636,0,0.0733517706394195,0,0.0018627661047503
0,0.0008250440587289,0,0.0043572694994509,0,0.0093632340431213,0,0.0004146025457885
0,0.0776351690292358,0,0.0246992520987987,0,0.1119929030537605,0,0.0042870980687439
0,0.0045078746043145,0,0.041652463376522,0,0.0921695381402969,0,0.123249277472496
0,0.0033345052506774,0,0.0090693179517984,0,0.0129516888409852,0,0.0006575277075171
0,7.213289791252464e-05,0,0.0109514184296131,0,0.0108173210173845,0,0.0030821096152067
0,0.033153623342514,0,0.0630115717649459,0,0.0926136597990989,0,0.0201702527701854
0,0.0004751580709125,0,0.0155938556417822,0,0.1582991927862167,0,0.0068003493361175
0,0.000380389712518,0,0.0192941110581159,0,0.0116481129080057,0,0.006151245906949
0,0.0247474946081638,0,0.0409627072513103,0,0.0789839699864387,0,0.0210224781185388
0,0.0023655826225876,0,0.0283389780670404,0,0.1882137656211853,0,0.0173919387161731
0,0.0331721678376197,0,0.1621292233467102,0,0.2302668690681457,0,0.0287776738405227
0,0.0041596833616495,0,0.104892149567604,0,0.1561828255653381,0,0.1605466902256012
0,0.0121182864531874,0,0.056966446340084,0,0.0500012785196304,0,0.1828676164150238
0,0.0013750551734119,0,0.0452050007879734,0,0.031827162951231,0,0.0021528915967792
0,0.00045742772636,0,0.0137860961258411,0,0.0526070706546306,0,0.0013240744592621
0,0.0009358123061247,0,0.098217062652111,0,0.0857742950320243,0,0.0075708967633545
0,0.1409127861261367,0,0.1481071710586547,0,0.2888092398643493,0,0.1136922389268875
0,0.0001390373945469,0,0.008835257962346,0,0.0130140017718076,0,0.0068509541451931
0,9.02591273188591e-05,0,0.0066621811129152,0,0.0188563931733369,0,0.0023999447003006
0,0.0006599935004487,0,0.0063373874872922,0,0.0118648773059248,0,0.0033943546004593
0,0.0011200528824701,0,0.0085927220061421,0,0.0441503375768661,0,0.0015576969599351
0,0.0009392894571647,0,0.0213069170713424,0,0.0577059127390384,0,0.0026444029062986
0,0.0005419511580839,0,0.0100342873483896,0,0.0716375410556793,0,0.0021010441705584
0,0.0025234338827431,0,0.0055545344948768,0,0.0991559103131294,0,0.0032409890554845
0,3.251885118515929e-06,0,0.0032752668485045,0,0.0125377168878912,0,0.000950407993514
0,0.00582857709378,0,0.0102334637194871,0,0.0235572271049022,0,0.0041585182771086
0,0.0055306595750153,0,0.027988001704216,0,0.0294996723532676,0,0.0058936662971973
0,0.0016963756643235,0,0.0073664188385009,0,0.0095694549381732,0,0.0030148376245051
0,0.0068709519691765,0,0.1148295849561691,0,0.1081184670329094,0,0.0067921834997832
0,0.0464951992034912,0,0.0837089270353317,0,0.019431035965681,0,0.0697762295603752
0,0.1364332884550094,0,0.1235825419425964,0,0.0189086217433214,0,0.0773285329341888
0,0.0041989125311374,0,0.1366098225116729,0,0.1155556738376617,0,0.0064756819047033
0,0.6306409239768982,0,0.0799527838826179,0,0.0995926186442375,0,0.3454263508319855
0,0.2921831011772156,0,0.0793439969420433,0,0.0964798107743263,0,0.2914872765541076
0,0.0255180746316909,0,0.0119624212384223,0,0.016966626048088,0,0.0033284917008131
0,0.1092675998806953,0,0.0888227224349975,0,0.0119018470868468,0,0.0239873696118593
0,0.0007566679269075,0,0.1178375482559204,0,0.0916102081537246,0,0.0070871748030185
0,0.0269587393850088,0,0.0191456638276577,0,0.0323620438575744,0,0.0172971207648515
0,0.25302255153656,0,0.1893825531005859,0,0.1137581169605255,0,0.1592632532119751
0,0.0129303289577364,0,0.0059728943742811,0,0.0176738109439611,0,0.0024145790375769
0,0.4397449493408203,0,0.1103106960654258,0,0.0630680695176124,0,0.0072400197386741
1,0.5688008666038513,1,0.7571596503257751,1,0.6822220683097839,1,0.7391673922538757
1,0.1318759769201278,1,0.1405338644981384,1,0.1825635731220245,1,0.0078815594315528
1,0.7512257099151611,1,0.628604531288147,1,0.6959408521652222,1,0.7747676968574524
1,0.7528576254844666,1,0.5356059074401855,1,0.8201243877410889,1,0.9080531597137452
1,0.744912326335907,1,0.7710860371589661,1,0.761117696762085,1,0.7180425524711609
1,0.395537257194519,1,0.0852391645312309,1,0.293209820985794,1,0.0858511179685592
1,0.1396826803684234,1,0.0317778401076793,1,0.2331857085227966,1,0.0268718693405389
1,0.6474846601486206,1,0.1200326457619667,1,0.4112195074558258,1,0.2060589045286178
1,0.0906839817762374,1,0.0498677343130111,1,0.0320854000747203,1,0.0842879191040992
1,0.0595358833670616,1,0.0655156672000885,1,0.0405808202922344,1,0.145958587527275
1,0.1937832832336425,1,0.1686646193265915,1,0.0860317945480346,1,0.276968777179718
1,0.7706692814826965,1,0.6064572930335999,1,0.3985761106014251,1,0.2322856783866882
1,0.356074184179306,1,0.5543583631515503,1,0.6921300888061523,1,0.2370143681764602
1,0.0003152528952341,1,0.0894391387701034,1,0.129044771194458,1,0.0364355370402336
1,0.814895510673523,1,0.5756149888038635,1,0.8247766494750977,1,0.7803608775138855
1,0.9644309878349304,1,0.8603432178497314,1,0.920507311820984,1,0.9632635116577148
1,0.8349429965019226,1,0.6384608149528503,1,0.4976703524589538,1,0.7548838257789612
1,0.9066475033760072,1,0.261589378118515,1,0.621561586856842,1,0.2768063545227051
1,0.0014030548045411,1,0.0076489211060106,1,0.0239670649170875,1,0.0025657683145254
1,0.6717912554740906,1,0.6589407324790955,1,0.658150851726532,1,0.8134093880653381
1,0.456080675125122,1,0.1800547987222671,1,0.4525862336158752,1,0.154458463191986
0,0.0001435336016584,0,0.023107485845685,0,0.037460446357727,0,0.0018372621852904
0,0.0006046768394298,0,0.0043748784810304,0,0.0127406539395451,0,0.001112651429139
0,0.0074734757654368,0,0.1035753190517425,0,0.0757253989577293,0,0.0083069512620568
0,0.0157368518412113,0,0.0424396507441997,0,0.0307452399283647,0,0.0014898350927978
0,9.991202387027442e-05,0,0.0294002890586853,0,0.0285567063838243,0,0.0008360735373571
0,0.0020879255607724,0,0.0072626061737537,0,0.0210168380290269,0,0.0012456713011488
0,0.0046624443493783,0,0.0098576676100492,0,0.0481227859854698,0,0.0051231603138148
0,0.0050334264524281,0,0.013593366369605,0,0.0542258955538272,0,0.0176114588975906
0,0.000232298465562,0,0.008088850416243,0,0.0279002003371715,0,0.0030392897315323
0,0.3348304629325866,0,0.2567039728164673,0,0.4316886365413666,0,0.2990939617156982
0,0.001362515380606,0,0.0120849423110485,0,0.0274594239890575,0,0.0010252905776724
0,0.0027677484322339,0,0.0100677162408828,0,0.0285701043903827,0,0.0027931078802794
0,0.3871928751468658,0,0.2936859428882599,0,0.1111586615443229,0,0.1507653295993805
0,0.1095008850097656,0,0.0766308307647705,0,0.0586090013384819,0,0.0935283377766609
0,0.8162748217582703,0,0.8756539225578308,0,0.1330238133668899,0,0.0664313063025474
0,0.6951349377632141,0,0.599556028842926,0,0.2415419816970825,0,0.6586257815361023
0,0.7717533707618713,0,0.7835943698883057,0,0.488346666097641,0,0.8656394481658936
0,0.726535439491272,0,0.636883556842804,0,0.4588808417320251,0,0.4938825964927673
0,0.5128055810928345,0,0.6209200024604797,0,0.3480809330940246,0,0.5530176162719727
0,0.344726026058197,0,0.1368296295404434,0,0.2852186560630798,0,0.1721363514661789
0,0.0099369529634714,0,0.0912085548043251,0,0.158631145954132,0,0.022907268255949
0,0.0180210620164871,0,0.0167919285595417,0,0.032568834722042,0,0.023539874702692
0,0.0007503271917812,0,0.0139993084594607,0,0.048201136291027,0,0.004586529918015
0,0.289022147655487,0,0.1246907040476799,0,0.3231501281261444,0,0.1630561351776123
0,0.0045221294276416,0,0.0304200295358896,0,0.0605841279029846,0,0.0108004808425903
0,0.0090002845972776,0,0.0137735707685351,0,0.0402797535061836,0,0.0085390284657478
0,0.0372083447873592,0,0.0378822311758995,0,0.0399722680449485,0,0.0172956865280866
0,0.0053838090971112,0,0.0090011917054653,0,0.0436512716114521,0,0.0125425048172473
0,0.0077201556414365,0,0.0696916729211807,0,0.0609338507056236,0,0.0042195068672299
0,0.0320018343627452,0,0.0374655202031135,0,0.0709236040711402,0,0.0086163133382797
0,0.0272882897406816,0,0.0237592849880456,0,0.0529371239244937,0,0.016114680096507
0,0.002326120622456,0,0.0176362171769142,0,0.047860063612461,0,0.0050592278130352
0,0.0513511262834072,0,0.0256740860641002,0,0.0578648224472999,0,0.0284089613705873
0,0.5718874931335449,0,0.6519745588302612,0,0.7124367356300354,0,0.617134153842926
0,0.614635169506073,0,0.761339008808136,0,0.7547889947891235,0,0.751948356628418
0,0.0045908926986157,0,0.0142519185319542,0,0.1149882227182388,0,0.0230217240750789
0,0.0092989141121506,0,0.0216040965169668,0,0.1873899847269058,0,0.0312751792371273
0,1.1461649592092726e-05,0,0.0036637920420616,0,0.0078261867165565,0,0.0001791017130017
0,0.0027078806888312,0,0.0028414176777005,0,0.0066420063376426,0,0.0027650399133563
0,6.089393718866632e-05,0,0.0093058142811059,0,0.0086821150034666,0,0.0007055138121359
0,0.0030162394978106,0,0.009232934564352,0,0.0078103733249008,0,0.005307228770107
0,2.5366687623318285e-05,0,0.0056073642335832,0,0.00874256901443,0,0.0001528755965409
0,0.0002692446578294,0,0.0109390970319509,0,0.0097653642296791,0,0.0027530693914741
0,8.767497638473287e-05,0,0.0017830644501373,0,0.0077413781546056,0,0.0004093167081009
0,0.0001245811145054,0,0.0102914571762084,0,0.0082490500062704,0,0.0009028397034853
0,1.3553480130212849e-05,0,0.008988750167191,0,0.0102863097563385,0,0.0007373126572929
0,1.7868622308014892e-05,0,0.0052372142672538,0,0.0089275613427162,0,0.000159424584126
0,0.1917455792427063,0,0.2449133694171905,0,0.448668897151947,0,0.4741586446762085
0,0.0006815733504481,0,0.0063732839189469,0,0.010415993630886,0,0.0007392386323772
0,0.0195206217467784,0,0.1073861792683601,0,0.3437356948852539,0,0.3531462550163269
0,0.0191792268306016,0,0.0099024437367916,0,0.010791203007102,0,0.0026004072278738
0,0.4410160779953003,0,0.3908511996269226,0,0.4769761264324188,0,0.4151467382907867
0,0.4890525043010711,0,0.7783163785934448,0,0.6117262244224548,0,0.7693732380867004
0,0.830895185470581,0,0.8062011003494263,0,0.6444159150123596,0,0.7847489714622498
0,0.1149363070726394,0,0.2308426052331924,0,0.6620252728462219,0,0.1155515611171722
0,0.0106469141319394,0,0.0945886969566345,0,0.3383603394031524,0,0.0147039024159312
0,0.0086805066093802,0,0.0635998994112014,0,0.2041936367750167,0,0.1670832484960556
0,0.2912324965000152,0,0.3403482139110565,0,0.5490390062332153,0,0.2312411069869995
0,3.2696967537049204e-05,0,0.01428041793406,0,0.0099142873659729,0,0.0034400827717036
0,0.0131522482261061,0,0.1205234825611114,0,0.026204178109765,0,0.001253867521882
0,0.007522540166974,0,0.0151604665443301,0,0.0304533299058675,0,0.0048528094775974
0,0.0037418797146528,0,0.0039337030611932,0,0.0222938861697912,0,0.003781383158639
0,0.0003836222749669,0,0.0428553074598312,0,0.0215773116797208,0,0.0040814820677042
0,0.0008779583149589,0,0.1244542077183723,0,0.0240076314657926,0,0.0044748522341251
0,0.0012010260252282,0,0.0072436286136507,0,0.0104640051722526,0,0.0007590713794343
0,0.0037623441312462,0,0.020370589569211,0,0.0236959345638752,0,0.0035527031868696
0,0.80476313829422,0,0.6002541184425354,0,0.5359827876091003,0,0.5314303636550903
0,0.039783775806427,0,0.0710778757929802,0,0.2225026190280914,0,0.1134825572371482
0,0.0020730134565383,0,0.0148323168978095,0,0.0178345590829849,0,0.0039018795359879
0,0.0044152978807687,0,0.0122129628434777,0,0.0277308672666549,0,0.0010445058578625
0,0.2994392216205597,0,0.2848973572254181,0,0.3430010974407196,0,0.1830189973115921
0,0.2517406940460205,0,0.1875999867916107,0,0.3908839523792267,0,0.3955025672912597
0,0.3737486004829407,0,0.3660589754581451,0,0.490284264087677,0,0.4835933744907379
0,0.5237107872962952,0,0.058455616235733,0,0.3940392732620239,0,0.13493712246418
0,0.3491994142532348,0,0.4000207483768463,0,0.3435405194759369,0,0.6660104393959045
0,0.1287056654691696,0,0.0805538371205329,0,0.1564792394638061,0,0.2136875689029693
0,0.255447655916214,0,0.3237940669059753,0,0.3729606568813324,0,0.2540521025657654
0,0.3201707303524017,0,0.3297204673290252,0,0.3471701741218567,0,0.3221818804740906
0,0.2583332061767578,0,0.2861859202384949,0,0.2056463807821273,0,0.2163304537534713
0,0.2580285966396332,0,0.1150556877255439,0,0.1464620977640152,0,0.1747868508100509
0,0.0275959651917219,0,0.0399531237781047,0,0.1718886941671371,0,0.0596467964351177
0,0.0235028900206089,0,0.0388774126768112,0,0.1821252256631851,0,0.0915126428008079
0,0.0261691305786371,0,0.0273754615336656,0,0.1321755051612854,0,0.0966693609952926
0,0.0074543189257383,0,0.0494410432875156,0,0.0503120273351669,0,0.0029589787591248
0,0.0076507381163537,0,0.0469036735594272,0,0.0842359289526939,0,0.0033574413973838
0,0.0002328288392163,0,0.0215988159179687,0,0.0168936681002378,0,0.001208447269164
0,3.435441612964496e-05,0,0.0054413825273513,0,0.0248814783990383,0,0.0011032036272808
0,0.0851308852434158,0,0.1226444840431213,0,0.1504151821136474,0,0.1414060443639755
0,0.0124338278546929,0,0.0591849237680435,0,0.0328019708395004,0,0.006511918734759
0,0.0152153400704264,0,0.042967177927494,0,0.0403423830866813,0,0.0118612544611096
0,0.0025041752960532,0,0.1251036375761032,0,0.0277816038578748,0,0.3183951079845428
0,0.0829592272639274,0,0.2392991036176681,0,0.3150885701179504,0,0.0306073725223541
0,0.0149127170443534,0,0.0391989052295684,0,0.0184110347181558,0,0.039516270160675
0,0.6554001569747925,0,0.7691245675086975,0,0.5719408392906189,0,0.8239284157752991
0,0.2236433029174804,0,0.1001342460513114,0,0.2682517468929291,0,0.0460182316601276
0,0.0299596078693866,0,0.0333066470921039,0,0.0260814502835273,0,0.0231871698051691
0,0.6961604952812195,0,0.7695015668869019,0,0.5842457413673401,0,0.8283061981201172
0,0.3658313453197479,0,0.1293205767869949,0,0.3593443036079407,0,0.1851123571395874
0,0.0190911572426557,0,0.1075924709439277,0,0.0293194502592086,0,0.0250873789191246
0,0.6686375737190247,0,0.7992557883262634,0,0.5884785652160645,0,0.8676449060440063
0,0.2888468205928802,0,0.0288668349385261,0,0.0302856061607599,0,0.1076123937964439
0,0.0004179742827545,0,0.0078488159924745,0,0.0173807367682456,0,0.0014519277028739
0,0.0003878898860421,0,0.0072648548521101,0,0.015596111305058,0,0.0018201043130829
0,0.0010216851951554,0,0.012405352666974,0,0.0074482839554548,0,0.0029763355851173
0,0.0009436521213501,0,0.0107887499034404,0,0.0359873250126838,0,0.0008557917899452
0,0.0015525203198194,0,0.0586278177797794,0,0.0614450052380561,0,0.0033272551372647
0,0.0020114695653319,0,0.0378945060074329,0,0.0411099605262279,0,0.0061795515939593
0,0.0008965787710621,0,0.039742637425661,0,0.0415088012814521,0,0.0067116622813045
0,0.0022151772864162,0,0.1788128167390823,0,0.1093814671039581,0,0.0077017191797494
0,2.189912447647657e-05,0,0.040531575679779,0,0.0131907314062118,0,0.0002636525023262
0,1.5056633856147528e-05,0,0.0069065554998815,0,0.0179917439818382,0,0.0025473891291767
0,0.0010636536171659,0,0.0270782578736543,0,0.1376535445451736,0,0.004379863385111
0,0.0002889924508053,0,0.1445437967777252,0,0.0311357472091913,0,0.0017143607838079
0,1.2497559509938584e-05,0,0.023638991639018,0,0.0267364121973514,0,0.0010897449683398
0,0.0001826709776651,0,0.0916147902607917,0,0.0135200219228863,0,0.0009298051591031
0,0.003270992077887,0,0.0291570518165826,0,0.1710764914751052,0,0.0199204497039318
0,0.0009932686807587,0,0.1441806256771087,0,0.0666813626885414,0,0.0030113111715763
0,7.645093319297303e-06,0,0.0201736036688089,0,0.0288749784231185,0,0.0006747767329216
0,4.932047886541113e-05,0,0.0507157631218433,0,0.0156471598893404,0,0.0003041686723008
0,5.258317833067849e-05,0,0.0120931314304471,0,0.0215740520507097,0,0.000727332313545
0,0.0001324936310993,0,0.0374347865581512,0,0.0178684331476688,0,0.0011824297253042
0,7.279287092387676e-05,0,0.028456300497055,0,0.0188548080623149,0,0.0137123204767704
0,0.1468163728713989,0,0.025451686233282,0,0.2456018328666687,0,0.0292593445628881
0,0.0268011353909969,0,0.0115353949368,0,0.0186610594391822,0,0.0037165849935263
0,0.3092954456806183,0,0.1548281461000442,0,0.0617603883147239,0,0.0246246289461851
0,0.3360262215137481,0,0.2567953765392303,0,0.1730826050043106,0,0.0181331876665353
0,0.0535634830594062,0,0.0573561415076255,0,0.0098048625513911,0,0.0030648049432784
0,0.0010703150182962,0,0.0318375453352928,0,0.0090175522491335,0,0.002650914248079
0,0.0007209599716588,0,0.0635104998946189,0,0.0317575596272945,0,0.0148414550349116
0,0.0168495904654264,0,0.0663883909583091,0,0.0084272306412458,0,0.0037750387564301
0,0.0007575135095976,0,0.0174777973443269,0,0.007251176983118,0,0.0012141012120991
0,0.0011634196853265,0,0.0057772742584347,0,0.0250986535102128,0,0.0048331879079341
0,0.000428464874858,0,0.0878221541643142,0,0.0377985872328281,0,0.00320689775981
0,0.0004414220748003,0,0.0248755663633346,0,0.0053410185500979,0,0.0007993718027137
0,0.000155241054017,0,0.0139805804938077,0,0.0058879917487502,0,0.0007616098737344
0,0.0011017863871529,0,0.1177966967225074,0,0.0362972058355808,0,0.0018364421557635
0,0.0041064042598009,0,0.0597189702093601,0,0.0617709904909133,0,0.0024019889533519
0,0.8202844858169556,0,0.5702036023139954,0,0.3927636444568634,0,0.8849437236785889
0,0.1119261011481285,0,0.0265490878373384,0,0.0674300268292427,0,0.0113718267530202
0,0.011750241741538,0,0.0323572978377342,0,0.018631363287568,0,0.1037822812795639
0,0.1452275812625885,0,0.0365553498268127,0,0.0878091529011726,0,0.0110960518941283
0,0.0003704271803144,0,0.1144689247012138,0,0.0940984487533569,0,0.009138124063611
0,0.0002990806533489,0,0.0029934307094663,0,0.0215251017361879,0,0.004610454197973
0,0.0439238175749778,0,0.0412035174667835,0,0.0610556155443191,0,0.0091348513960838
0,0.0001060909344232,0,0.0024160717148333,0,0.028597567230463,0,0.0005327546386979
0,0.0005602828459814,0,0.0202076863497495,0,0.0356482304632663,0,0.0013738516718149
0,0.1052600294351577,0,0.0345064289867877,0,0.0381952710449695,0,0.1245086640119552
0,0.0858984366059303,0,0.0394775457680225,0,0.0304845441132783,0,0.1431595832109451
0,0.0016825477359816,0,0.0255333445966243,0,0.0389967411756515,0,0.0023196395486593
0,0.0955563113093376,0,0.0467056222259998,0,0.0482124872505664,0,0.066901184618473
0,0.0002198544243583,0,0.0805508196353912,0,0.1003257855772972,0,0.0038804525975137
0,0.0005192655371502,0,0.0888745188713073,0,0.0679017603397369,0,0.0053643593564629
0,0.0225194171071052,0,0.0216242596507072,0,0.162146657705307,0,0.0152638722211122
0,0.0311751812696456,0,0.072958268225193,0,0.0549346655607223,0,0.0167668107897043
0,0.0658686086535453,0,0.0267156492918729,0,0.0362940579652786,0,0.0885833427309989
0,0.0002357859775656,0,0.1077653467655181,0,0.0883339196443557,0,0.0111531233415007
0,0.0002841430250555,0,0.0315096713602542,0,0.0791351795196533,0,0.0068670390173792
0,0.0044882525689899,0,0.0234258957207202,0,0.0140954926609992,0,0.0454388633370399
0,0.0280307326465845,0,0.0137364072725176,0,0.1006881520152092,0,0.003759819548577
0,0.7992819547653198,0,0.8442193865776062,0,0.6820076107978821,0,0.8782321214675903
0,0.0146606434136629,0,0.0064159962348639,0,0.0275334827601909,0,0.0043210531584918
0,0.0025719334371387,0,0.0128499856218695,0,0.0204593501985073,0,0.0103574320673942
0,0.0007883969228714,0,0.00461809290573,0,0.0109315356239676,0,0.0024748034775257
0,0.0017247833311557,0,0.028852991759777,0,0.0503306314349174,0,0.0006838229019194
0,0.0023699507582932,0,0.0955604761838913,0,0.0491563118994236,0,0.0060737556777894
0,0.0016300909919664,0,0.0511676110327243,0,0.0243611838668584,0,0.0008037622319534
0,0.6164584159851074,0,0.5810805559158325,0,0.5557219386100769,0,0.8952529430389404
0,0.1673784255981445,0,0.4916693568229675,0,0.5481382608413696,0,0.8356245756149292
0,0.1237028390169143,0,0.4305890202522278,0,0.5008395314216614,0,0.844929575920105
0,7.762671884847805e-06,0,0.011193124577403,0,0.0110344076529145,0,0.0017179993446916
0,0.5121604204177856,0,0.1046486347913742,0,0.2167455554008484,0,0.1344875246286392
0,0.7448559403419495,0,0.248653307557106,0,0.4633269309997558,0,0.2576407194137573
0,0.8834514021873474,0,0.3659289181232452,0,0.5892819166183472,0,0.7129998803138733
0,0.935678005218506,0,0.4198727309703827,0,0.764853835105896,0,0.0537235811352729
0,0.0007684975862503,0,0.0731194838881492,0,0.0365143939852714,0,0.0039130481891334
0,0.0337399095296859,0,0.0162929836660623,0,0.0228332672268152,0,0.0065065775997936
0,0.0031405540648847,0,0.0262873731553554,0,0.0519507192075252,0,0.0018199075711891
0,0.0003877691633533,0,0.0109316864982247,0,0.0091134123504161,0,0.0051858760416507
0,0.0003943796909879,0,0.0105592776089906,0,0.0096237855032086,0,0.0034441770985722
0,0.0004134122282266,0,0.0127922892570495,0,0.0119694070890545,0,0.0042432309128344
0,0.0020216722041368,0,0.0187293980270624,0,0.024608364328742,0,0.0006440783035941
0,0.6203340291976929,0,0.2825796008110046,0,0.474834144115448,0,0.4253273904323578
0,0.1137132868170738,0,0.0800986662507057,0,0.1115524917840957,0,0.1972145736217498
0,0.1795866787433624,0,0.0917407721281051,0,0.1603991687297821,0,0.1795735508203506
0,0.2490688264369964,0,0.2128156721591949,0,0.2752411663532257,0,0.0707140117883682
0,0.3866090774536133,0,0.1117403209209442,0,0.7309721112251282,0,0.0436531417071819
0,0.5667400360107422,0,0.1697699427604675,0,0.8293728828430176,0,0.1521123498678207
0,0.5773591995239258,0,0.2823750376701355,0,0.1899127811193466,0,0.0090391263365745
0,0.0599009245634079,0,0.0338665023446083,0,0.0246593672782182,0,0.0020686059724539
0,0.6385408639907837,0,0.4023614227771759,0,0.3765878081321716,0,0.4754886031150818
0,0.0014248025836423,0,0.0133300004526972,0,0.0658356845378875,0,0.00468326266855
0,0.7374550700187683,0,0.478722482919693,0,0.4669458866119385,0,0.5207729935646057
0,0.0021764847915619,0,0.0120158726349473,0,0.0920980274677276,0,0.0359698757529258
0,0.0001023402510327,0,0.1120257005095481,0,0.0123677225783467,0,0.0093282293528318
0,3.797820318141021e-05,0,0.0050544776022434,0,0.0080157918855547,0,0.0010241395793855
0,2.9618546250276268e-05,0,0.0104889580979943,0,0.0103723164647817,0,0.0014715524157509
0,0.0001634425570955,0,0.0909060686826706,0,0.012469514273107,0,0.0091756675392389
0,5.019099626224488e-05,0,0.0071706189773976,0,0.012005585245788,0,0.0026291457470506
0,4.162554978393018e-05,0,0.009215023368597,0,0.0092543102800846,0,0.0023374378215521
0,0.00026349016116,0,0.1177671626210212,0,0.0128932325169444,0,0.0073911980725824
0,1.1958834875258615e-05,0,0.0080923130735754,0,0.0149612314999103,0,0.0007566155400127
0,0.0315323807299137,0,0.0770768970251083,0,0.397986352443695,0,0.3760748505592346
0,0.1545728147029876,0,0.0603717043995857,0,0.2042183130979538,0,0.0124742062762379
0,0.1629865914583206,0,0.0948651432991027,0,0.2360154092311859,0,0.0097305020317435
0,0.0503301322460174,0,0.0980583801865577,0,0.1565029174089431,0,0.0299750939011573
0,4.615467696567066e-05,0,0.0280294921249151,0,0.0292424112558364,0,0.0009233191958628
0,0.0014659921871498,0,0.0189022272825241,0,0.0103603117167949,0,0.001977089093998
0,0.0051809977740049,0,0.026819122955203,0,0.0162178073078393,0,0.0034703621640801
0,0.0033641143236309,0,0.2029431164264679,0,0.1137647703289985,0,0.0018652358558028
0,0.1125076711177825,0,0.0404456965625286,0,0.0913256406784057,0,0.0147252781316638
0,4.89917365484871e-05,0,0.010771662928164,0,0.014808096922934,0,0.0021761627867817
0,0.0626796558499336,0,0.3064318895339966,0,0.0683460086584091,0,0.2620793282985687
0,0.0036566955968737,0,0.136148601770401,0,0.017858212813735,0,0.005135204643011
0,5.5268497817451134e-05,0,0.0056124306283891,0,0.0122333215549588,0,0.0013723811134696
0,8.88261929503642e-05,0,0.0059416182339191,0,0.0122382035478949,0,0.0001446074893465
0,0.0188645906746387,0,0.2715235650539398,0,0.0704641416668891,0,0.1030685231089592
0,0.0094926599413156,0,0.0156284198164939,0,0.0604588463902473,0,0.0094450339674949
0,0.0050879959017038,0,0.0071236407384276,0,0.0214685052633285,0,0.0060881022363901
0,0.0369673743844032,0,0.047995451837778,0,0.0595962107181549,0,0.0147101357579231
0,0.0010920604690909,0,0.0167221780866384,0,0.0137068014591932,0,0.002771210623905
0,0.0004586432769428,0,0.0150182396173477,0,0.0135823031887412,0,0.0009351487387903
0,0.0008633737452328,0,0.0129192331805825,0,0.0158034991472959,0,0.0027459396515041
0,0.3723038733005523,0,0.1626032441854477,0,0.1728232949972152,0,0.0788645669817924
0,0.2360651195049286,0,0.3581582605838775,0,0.3654875159263611,0,0.2214027941226959
0,0.0027371749747544,0,0.0036142235621809,0,0.0144765321165323,0,0.0067732208408415
0,0.0001621553819859,0,0.0450644381344318,0,0.0127588277682662,0,0.0031797075644135
0,9.51459733187221e-05,0,0.0382299274206161,0,0.0079629439860582,0,0.0092826215550303
0,0.0003123125643469,0,0.0212485119700431,0,0.0052717830985784,0,0.0059120669029653
0,0.0004472064902074,0,0.0283988360315561,0,0.0090107750147581,0,0.0265252329409122
0,0.0028218852821737,0,0.0028410800732672,0,0.0167697984725236,0,0.005165743175894
0,9.258290083380416e-05,0,0.0259370505809783,0,0.007745059672743,0,0.0064412876963615
0,0.0004405552172102,0,0.0171623528003692,0,0.0086834039539098,0,0.0078899459913373
0,0.0002441676042508,0,0.0222663450986146,0,0.0075484057888388,0,0.0100063793361186
0,0.0125968055799603,0,0.0246251840144395,0,0.0430881045758724,0,0.0271407626569271
0,0.0006967171793803,0,0.0686739161610603,0,0.0215918682515621,0,0.001653284067288
0,0.0028614711482077,0,0.0037572176661342,0,0.0169366858899593,0,0.0084802135825157
0,0.0002071411145152,0,0.0436681248247623,0,0.0081168198958039,0,0.0085668759420514
0,0.0012730342568829,0,0.0410168804228305,0,0.0109009239822626,0,0.0370067283511161
0,0.0166740529239177,0,0.025530906394124,0,0.0550710409879684,0,0.0199328307062387
0,0.0013796424027532,0,0.0800893902778625,0,0.0198638886213302,0,0.0011563634034246
0,6.561262853210792e-05,0,0.0852092579007148,0,0.0132276499643921,0,0.0001378416782245
0,0.000446667545475,0,0.0148423695936799,0,0.0109561402350664,0,0.0004212866479065
0,0.085035316646099,0,0.1192948296666145,0,0.2841703593730926,0,0.0224600583314895
0,2.142285302397795e-05,0,0.0230503920465707,0,0.0174955353140831,0,0.0114313345402479
0,0.0006163996877148,0,0.0043893242254853,0,0.0109813371673226,0,0.0003030337684322
0,0.0022678151726722,0,0.0060132979415357,0,0.0111477663740515,0,0.0008501686970703
0,0.0363366045057773,0,0.0232566483318805,0,0.0670973435044288,0,0.0151683781296014
0,0.0029538595117628,0,0.0306140910834074,0,0.0247050076723098,0,0.0090524964034557
0,0.0004780926101375,0,0.0493212006986141,0,0.0770465582609176,0,0.0300100296735763
0,0.2143595516681671,0,0.2534611225128174,0,0.241561621427536,0,0.354572981595993
0,0.0033858804963529,0,0.2326477617025375,0,0.1828527450561523,0,0.2524928450584411
0,0.000210164260352,0,0.010195167735219,0,0.0207682382315397,0,0.0088021764531731
0,0.0025420333258807,0,0.0092157069593667,0,0.0433311462402343,0,0.0172486044466495
0,0.0263146236538887,0,0.0544176809489727,0,0.2059010416269302,0,0.0014902622206136
0,0.0036587582435458,0,0.0682615861296653,0,0.0557343587279319,0,0.0251255631446838
0,0.1814967691898346,0,0.2410104870796203,0,0.3310038447380066,0,0.1691163480281829
0,0.0187028292566537,0,0.0195664167404174,0,0.0500126779079437,0,0.0156239457428455
0,0.0035179834812879,0,0.0632373988628387,0,0.1651492118835449,0,0.016823748126626
0,0.0081957820802927,0,0.0512988455593586,0,0.209458127617836,0,0.0177402459084987
0,0.026970462873578,0,0.0335856601595878,0,0.031763482838869,0,0.0073184613138437
0,0.0180366355925798,0,0.0226131565868854,0,0.0331216529011726,0,0.0439417622983455
0,0.0002714259608183,0,0.0054139867424964,0,0.0087610939517617,0,0.0021190796978771
0,0.0001370393583783,0,0.004358138423413,0,0.0091879228129982,0,0.0015578668098896
0,0.0022717793472111,0,0.0074580768123269,0,0.0119201932102441,0,0.0053785187192261
0,0.0178344268351793,0,0.0526790097355842,0,0.0547701641917228,0,0.0330144502222538
0,0.0144245559349656,0,0.0243641771376132,0,0.055846843868494,0,0.0017376950709149
1,0.0850558578968048,1,0.1342360973358154,1,0.4011186063289642,1,0.046173121780157
1,0.4898030459880829,1,0.155458003282547,1,0.5399096012115479,1,0.0989431142807006
1,0.2981536388397217,1,0.1616769433021545,1,0.4895074665546417,1,0.109145388007164
1,0.4615190327167511,1,0.225509837269783,1,0.2857944071292877,1,0.3140758872032165
1,0.5670667886734009,1,0.4950450658798218,1,0.447246640920639,1,0.2689867317676544
1,0.1385325640439987,1,0.4092274904251098,1,0.7684174180030823,1,0.5376240611076355
1,0.0290680769830942,1,0.0173527766019105,1,0.017329279333353,1,0.0089217238128185
1,0.0466177240014076,1,0.0209239665418863,1,0.0123666394501924,1,0.0176533348858356
1,0.2006011605262756,1,0.0283281989395618,1,0.0344183184206485,1,0.022857317700982
1,0.6976138353347778,1,0.7583435773849487,1,0.7265010476112366,1,0.6876319646835327
1,0.8238726854324341,1,0.8297625184059143,1,0.5877299308776855,1,0.6676496863365173
1,0.809964656829834,1,0.6709098815917969,1,0.8426826000213623,1,0.8626809120178223
1,0.2839967012405395,1,0.3969140946865082,1,0.6133993864059448,1,0.6717153191566467
1,0.317206859588623,1,0.3625098168849945,1,0.586724579334259,1,0.5593529939651489
1,0.3750156462192535,1,0.4614595770835876,1,0.6051910519599915,1,0.6704198122024536
0,0.0005590799264609,0,0.0618827529251575,0,0.0298383980989456,0,0.0049203080125153
0,0.0029669124633073,0,0.0832374021410942,0,0.0351935401558876,0,0.0046283733099699
0,0.6895346641540527,0,0.4533199071884155,0,0.6579217910766602,0,0.6296535134315491
0,0.0002523038419894,0,0.0434356592595577,0,0.0205494370311498,0,0.0104499366134405
0,0.1291835159063339,0,0.014517824165523,0,0.0643911436200141,0,0.0324739813804626
0,0.4226053953170776,0,0.0891241580247879,0,0.2989133298397064,0,0.306120902299881
0,0.1763757616281509,0,0.0271730069071054,0,0.022533182054758,0,0.072676882147789
0,0.6457109451293945,0,0.2594701945781708,0,0.4581095576286316,0,0.2956003844738006
0,0.4117719233036041,0,0.1751499027013778,0,0.3662831485271454,0,0.2444658279418945
0,0.1508503407239914,0,0.0212062578648328,0,0.0189152397215366,0,0.0659190192818641
0,0.0270068403333425,0,0.0713510513305664,0,0.1203127577900886,0,0.2571384608745575
0,0.6154466271400452,0,0.495371013879776,0,0.5387967228889465,0,0.4997609853744507
0,0.8135679364204407,0,0.7958583235740662,0,0.5752449035644531,0,0.8518886566162109
0,0.0039305184036493,0,0.0175503306090831,0,0.0159981157630682,0,0.0016249609179794
0,0.0002078273973893,0,0.037524152547121,0,0.0180902816355228,0,0.0031576021574437
0,5.3986525017535314e-05,0,0.0269825868308544,0,0.0127368625253438,0,0.0017461983952671
0,0.0003171708376612,0,0.0297339241951704,0,0.0233307033777236,0,0.0039860657416284
0,0.0008128420449793,0,0.0221172329038381,0,0.0104843312874436,0,0.0032605335582047
0,0.0032284494955092,0,0.0172156319022178,0,0.0191917084157466,0,0.0145749188959598
0,0.0003284345730207,0,0.0187042728066444,0,0.0643844977021217,0,0.0030933909583836
0,0.1975629329681396,0,0.2191448211669922,0,0.2463243156671524,0,0.1231088563799858
0,4.0506176446797326e-05,0,0.0029476305935531,0,0.0087667154148221,0,0.0007524108514189
0,0.0007330574444495,0,0.0170182716101408,0,0.0656848847866058,0,0.0047832350246608
0,0.003139586886391,0,0.0135363172739744,0,0.0173369050025939,0,0.002351670525968
0,0.0016215646173804,0,0.0444642007350921,0,0.0302057862281799,0,0.0044572004117071
0,0.0014157674740999,0,0.0188876911997795,0,0.0429796986281871,0,0.0049233231693506
0,0.0995553508400917,0,0.162128135561943,0,0.206141859292984,0,0.0800272673368454
0,0.0001817595330066,0,0.0230602137744426,0,0.0279964879155159,0,0.0008214103872887
0,0.0040480140596628,0,0.0089037343859672,0,0.0252865720540285,0,0.0001602494012331
0,0.000124341022456,0,0.0319405496120452,0,0.0310085881501436,0,0.0010750874644145
0,0.0021143457852303,0,0.0079673789441585,0,0.0308511406183242,0,0.0001217642566189
0,0.0021814676001667,0,0.0097681302577257,0,0.0307985637336969,0,0.0001076735279639
0,0.001007697195746,0,0.0167728178203105,0,0.0906431600451469,0,0.0490332581102848
0,0.0012979486491531,0,0.0081780068576335,0,0.020603435114026,0,0.0152607057243585
0,0.0020739450119435,0,0.007616062182933,0,0.018847607076168,0,0.0039510624483227
0,4.194460780126974e-05,0,0.0066061299294233,0,0.0116149419918656,0,0.0005820353981107
0,0.0043939505703747,0,0.0832212641835212,0,0.0676393434405326,0,0.0762346386909484
0,0.0226137861609458,0,0.0280738584697246,0,0.0894326791167259,0,0.0646699517965316
0,0.5241808891296387,0,0.471056193113327,0,0.5208622217178345,0,0.3891847431659698
0,0.0072485543787479,0,0.0083439880982041,0,0.0303544327616691,0,0.0012037192936986
0,0.0004246867902111,0,0.0103667862713336,0,0.0109994523227214,0,0.0050318357534706
0,0.0803971141576767,0,0.0251692254096269,0,0.0273009426891803,0,0.0055013503879308
0,0.0002333222219021,0,0.0100672794505953,0,0.0119668236002326,0,0.0050949528813362
0,0.0035077796783298,0,0.0065889535471796,0,0.0251915622502565,0,0.0036670747213065
0,0.0011416015913709,0,0.01752794906497,0,0.0257285665720701,0,0.0033033404033631
0,0.020823985338211,0,0.0361927263438701,0,0.0704146698117256,0,0.0086612785235047
0,0.0010814303532242,0,0.0089538805186748,0,0.0305957291275262,0,0.002155641792342
0,0.1676354706287384,0,0.2245846390724182,0,0.2189014852046966,0,0.1088442057371139
0,0.000520106870681,0,0.0137179708108305,0,0.0274469815194606,0,0.0026175861712545
0,0.0461413487792015,0,0.2109922468662262,0,0.1585105061531067,0,0.081996165215969
0,0.3487141728401184,0,0.4743067324161529,0,0.1298752278089523,0,0.1833755075931549
0,0.7330247163772583,0,0.6576307415962219,0,0.5986410975456238,0,0.3726113736629486
0,0.648082435131073,0,0.8003343939781189,0,0.5634352564811707,0,0.8673759698867798
0,0.6350297331809998,0,0.6571471095085144,0,0.5822957754135132,0,0.3754435181617737
0,0.0026108748279511,0,0.008191717788577,0,0.0273602865636348,0,0.000672644469887
0,0.0013934345915913,0,0.0072958711534738,0,0.0232001766562461,0,0.0005403163959272
0,0.0014861461240798,0,0.0063007152639329,0,0.0203707329928874,0,0.0004596523358486
0,5.3325849876273423e-05,0,0.0086896689608693,0,0.0123511748388409,0,0.0002537367981858
0,0.1134447827935218,0,0.3901227414608001,0,0.6030343770980835,0,0.1248998567461967
0,0.3832141757011413,0,0.50197833776474,0,0.6466055512428284,0,0.4534731805324554
0,0.3796731531620025,0,0.49886354804039,0,0.6080599427223206,0,0.4252510666847229
0,0.00257886108011,0,0.0411095768213272,0,0.0293025188148021,0,0.0088333282619714
0,0.0301733203232288,0,0.0317031554877758,0,0.0880704820156097,0,0.0302419774234294
0,0.6138530969619751,0,0.4313654601573944,0,0.5171942114830017,0,0.2948989272117615
0,0.4453580677509308,0,0.2187956124544143,0,0.2625303268432617,0,0.4479391276836395
0,0.6304099559783936,0,0.2566254138946533,0,0.3585998713970184,0,0.5244162678718567
0,0.4807295799255371,0,0.2276985347270965,0,0.2651154398918152,0,0.5067143440246582
0,6.774227949790657e-05,0,0.0049167545512318,0,0.0074321036227047,0,0.0001991745957639
0,5.170657095732168e-05,0,0.007392793893814,0,0.006132367067039,0,0.0010799983283504
0,0.0035043091047555,0,0.0118451584130525,0,0.0150089599192142,0,0.0189972091466188
0,0.0013465355150401,0,0.0116012655198574,0,0.0100070731714367,0,0.006822417024523
0,0.0003889184736181,0,0.0639839321374893,0,0.010855889879167,0,0.0028550918214023
0,0.071879893541336,0,0.0756824016571044,0,0.0726969242095947,0,0.0077114449813961
0,0.0004129238368477,0,0.0166587904095649,0,0.0107253575697541,0,0.0018513783579692
0,0.093802735209465,0,0.1257048398256302,0,0.0536027140915393,0,0.0064008790068328
0,0.0252715274691581,0,0.0859330520033836,0,0.0494076050817966,0,0.0054649938829243
0,0.0006095948047004,0,0.0070440866984426,0,0.0162528250366449,0,0.0008581802831031
0,0.0025052390992641,0,0.00936128385365,0,0.0103100119158625,0,0.0022942142095416
0,0.1072970181703567,0,0.1659041047096252,0,0.6267586350440979,0,0.3278988003730774
0,0.1098616123199462,0,0.1640466004610061,0,0.493584394454956,0,0.1164420992136001
0,0.1234724521636962,0,0.1603998094797134,0,0.6627223491668701,0,0.0761785879731178
0,0.0077642234973609,0,0.0066026137210428,0,0.0094513446092605,0,0.0020910366438329
0,0.1472595632076263,0,0.0531357116997242,0,0.0818756371736526,0,0.0963155180215835
0,0.0087284771725535,0,0.0065381778404116,0,0.0273309312760829,0,0.0077508524991571
0,7.797387661412358e-05,0,0.0140435537323355,0,0.0314086340367794,0,0.0013854912249371
0,0.0001468863338232,0,0.0131567493081092,0,0.0288129318505525,0,0.0014990273630246
0,0.0006168783875182,0,0.042917713522911,0,0.0857986807823181,0,0.0031399794388562
0,0.0001726148475427,0,0.0069209085777401,0,0.0326969064772129,0,0.0035817623138427
0,0.0032160365954041,0,0.0040680021047592,0,0.0107492133975029,0,0.0006760113174095
0,2.7891872377949767e-05,0,0.0330486558377742,0,0.0089863380417227,0,0.0042028306052088
0,2.050991861324292e-05,0,0.0365404896438121,0,0.0092047154903411,0,0.003148472867906
0,0.0072017200291156,0,0.0114978300407528,0,0.0150156365707516,0,0.0011262407060712
0,0.0415224246680736,0,0.0208664387464523,0,0.0178848933428525,0,0.001569460844621
0,0.0083555774763226,0,0.0332375094294548,0,0.041719913482666,0,0.0038264750037342
0,0.0071711423806846,0,0.0310263950377702,0,0.0363124199211597,0,0.0033281883224844
0,0.0024713519960641,0,0.005136598367244,0,0.022161716595292,0,0.0017660409212112
0,0.0001001936689135,0,0.0102368798106908,0,0.0125782135874032,0,0.0004165925492998
0,0.0413917191326618,0,0.0690454840660095,0,0.0598672330379486,0,0.0683103427290916
0,0.0968261063098907,0,0.1235953792929649,0,0.1147738546133041,0,0.0643999055027961
0,0.0911667943000793,0,0.0927103981375694,0,0.1159324944019317,0,0.0747006833553314
0,0.0028511984273791,0,0.1222283765673637,0,0.0261181313544511,0,0.0031713154166936
0,0.0154245868325233,0,0.0120693705976009,0,0.014341976493597,0,0.0209414642304182
0,1.1121247553091962e-05,0,0.0297923516482114,0,0.0462785959243774,0,0.0005574466194957
0,0.3807006478309631,0,0.5289506316184998,0,0.5529574155807495,0,0.4629486501216888
0,0.0069611412473022,0,0.1201351955533027,0,0.0238836146891117,0,0.0051198555156588
0,0.0341416709125041,0,0.0232891459017992,0,0.022060677409172,0,0.0170771349221467
0,0.0035521578975021,0,0.0437890589237213,0,0.0566727630794048,0,0.0034794856328517
0,6.237685738597065e-05,0,0.0165023300796747,0,0.066962257027626,0,0.0018465301254764
0,0.0026071351021528,0,0.1268951296806335,0,0.0194001570343971,0,0.0026640237774699
0,0.0273156613111495,0,0.0089383302256464,0,0.0189492013305425,0,0.0133225647732615
0,1.495598644396523e-05,0,0.0394447408616542,0,0.0344938151538372,0,0.0004913056036457
0,0.0218430757522583,0,0.0571996830403804,0,0.2348153591156005,0,0.0227049980312585
0,0.1842053979635238,0,0.0729725584387779,0,0.0664749816060066,0,0.0572627559304237
0,0.8890047669410706,0,0.13898965716362,0,0.4278064966201782,0,0.5010713934898376
0,0.000756540975999,0,0.0368606857955455,0,0.013839840888977,0,0.0005400241934694
0,0.000325521803461,0,0.0316038653254509,0,0.0150210103020071,0,0.000593444565311
0,0.0787035226821899,0,0.2042469829320907,0,0.5450658798217773,0,0.6359459757804871
0,0.0006175151793286,0,0.034821018576622,0,0.0240071024745702,0,0.0021859402768313
0,0.0173176061362028,0,0.0113062029704451,0,0.0166069474071264,0,0.006104209460318
0,0.0001242373109562,0,0.014390205964446,0,0.0104682967066764,0,0.0015856971731409
0,0.1004581674933433,0,0.1605426371097564,0,0.5512277483940125,0,0.6922903060913086
0,0.1381841897964477,0,0.2136654406785965,0,0.3078128695487976,0,0.1449241936206817
0,0.2265590280294418,0,0.1396438032388687,0,0.074831373989582,0,0.2440005391836166
0,0.1475450694561004,0,0.3735960125923157,0,0.5980681777000427,0,0.8028872013092041
0,0.0021501744631677,0,0.0433474443852901,0,0.0457160957157611,0,0.002965428866446
0,0.0715657770633697,0,0.0439870059490203,0,0.0226480364799499,0,0.0406316369771957
0,5.243555733613903e-06,0,0.0052946549840271,0,0.0079166823998093,0,0.0007447628304362
0,0.0036929093766957,0,0.0060170013457536,0,0.0164352692663669,0,0.0039399592205882
0,0.0036946393083781,0,0.0100722936913371,0,0.0194257274270057,0,0.0332024060189724
0,0.0215763468295335,0,0.0643642023205757,0,0.1261424124240875,0,0.0381937175989151
0,0.025029407814145,0,0.006470214575529,0,0.0167501512914896,0,0.0031675489153712
0,0.0051330933347344,0,0.0146169271320104,0,0.0112645123153924,0,0.0025042467750608
0,4.246899607096566e-06,0,0.0029666966293007,0,0.0078863445669412,0,0.0005583351594395
0,0.0040484387427568,0,0.0078767845407128,0,0.016185725107789,0,0.0437385216355323
0,0.0418290942907333,0,0.0704075098037719,0,0.0910792201757431,0,0.0568001568317413
0,0.0015621092170476,0,0.0106271877884864,0,0.0082349954172968,0,0.0007934216991998
0,0.0222851783037185,0,0.0064620268531143,0,0.0247391648590564,0,0.0021174710709601
0,1.954936124093365e-06,0,0.0019259132677689,0,0.0113281914964318,0,0.0004382222541607
0,0.0049483892507851,0,0.0173635706305503,0,0.0198709368705749,0,0.0179566890001297
0,0.0075653819367289,0,0.0427210815250873,0,0.1390689611434936,0,0.0458519719541072
0,0.0112817166373133,0,0.0112290382385253,0,0.0150307994335889,0,0.0147947464138269
0,0.0118281096220016,0,0.0144029799848794,0,0.0190620720386505,0,0.0163600817322731
0,0.0262155327945947,0,0.0380932427942752,0,0.0385485514998436,0,0.0570475533604621
0,0.0009653755114413,0,0.0228573307394981,0,0.0276812333613634,0,0.0532611012458801
0,0.8309939503669739,0,0.7652149796485901,0,0.2781169414520263,0,0.3207069039344787
0,0.2924054861068725,0,0.2638911306858063,0,0.5528275966644287,0,0.1658955961465835
0,0.0007787810172885,0,0.0235403794795274,0,0.0443506948649883,0,0.0340230762958526
0,0.0005037286900915,0,0.0154419047757983,0,0.0327593125402927,0,0.0013714834349229
0,0.2714762985706329,0,0.0515074841678142,0,0.1529432535171508,0,0.0182336810976266
0,0.0839312374591827,0,0.0723892226815223,0,0.2017737478017807,0,0.0003690811863634
0,3.2183219445869327e-05,0,0.0218758508563041,0,0.0407686494290828,0,0.0009939729934558
0,0.0200093779712915,0,0.0179463494569063,0,0.0351213105022907,0,0.0009401459246873
0,5.784069435321726e-05,0,0.006160800345242,0,0.0115289594978094,0,0.0042061167769134
0,0.0002685744839254,0,0.040742740035057,0,0.0279258228838443,0,0.0262549221515655
0,0.0001036269750329,0,0.0435933843255043,0,0.0179081596434116,0,0.0028929256368428
0,0.0127099398523569,0,0.015642138198018,0,0.0493881404399871,0,0.0419111624360084
0,0.0132833654060959,0,0.0396794974803924,0,0.3203405737876892,0,0.0115474769845604
0,0.1039702370762825,0,0.1275887787342071,0,0.4493697583675384,0,0.0386826023459434
0,0.0392873138189315,0,0.0661052763462066,0,0.1260470747947693,0,0.0404468066990375
0,0.0682562962174415,0,0.3180363178253174,0,0.5584345459938049,0,0.5958126187324524
0,0.7800230383872986,0,0.4486882984638214,0,0.5668104887008667,0,0.7278172969818115
0,0.088457204401493,0,0.0346956029534339,0,0.0349752530455589,0,0.0048136436380445
0,5.047254944656743e-06,0,0.0065054409205913,0,0.010965434834361,0,0.0002086438471451
0,0.1074828505516052,0,0.0301575195044279,0,0.0386484116315841,0,0.005385517142713
0,0.0002707245294004,0,0.0228534843772649,0,0.0287529043853282,0,0.003940163180232
0,4.159438503847923e-06,0,0.0096949748694896,0,0.0124893942847847,0,0.0001903568627312
0,0.0257038697600364,0,0.0452304780483245,0,0.0297207329422235,0,0.0320226065814495
0,0.0003569263790268,0,0.0222888346761465,0,0.0227552521973848,0,0.0021352679468691
0,4.622387223207625e-06,0,0.0080792875960469,0,0.0109697068110108,0,0.0001600319665158
0,0.0862993746995925,0,0.0341573394834995,0,0.09540905803442,0,0.0587025135755538
0,0.0002192534011555,0,0.0114574981853365,0,0.1252374649047851,0,0.0089686382561922
0,4.3659947550622746e-05,0,0.0108884219080209,0,0.0095570031553506,0,0.0007839675527065
0,0.0001628359023015,0,0.051713116466999,0,0.0264611802995204,0,0.0116632133722305
0,0.0005460234824568,0,0.0231397300958633,0,0.0538416020572185,0,0.0042378203943371
0,0.4130350053310394,0,0.19423508644104,0,0.1661492437124252,0,0.1989542990922927
0,0.1303199380636215,0,0.0685518756508827,0,0.0801469013094902,0,0.0026479922235012
0,0.0365738868713378,0,0.1913596391677856,0,0.5459299087524414,0,0.1918401420116424
0,0.0004278348642401,0,0.070762813091278,0,0.1238633543252945,0,0.012096150778234
0,0.1279414296150207,0,0.2564588189125061,0,0.0461160242557525,0,0.016730461269617
0,0.0010319424327462,0,0.0114889405667781,0,0.0125856483355164,0,0.0041424217633903
0,0.239329382777214,0,0.0652032420039177,0,0.0527747347950935,0,0.0011778958141803
0,0.0093127582222223,0,0.0144680244848132,0,0.0245417337864637,0,0.0032454819884151
0,0.4149164855480194,0,0.078368604183197,0,0.044254831969738,0,0.0064416662789881
0,0.0002261387999169,0,0.007773361634463,0,0.0153764197602868,0,0.0008578475099056
0,0.0044173025526106,0,0.0113705229014158,0,0.0463994592428207,0,0.0056656622327864
0,0.0007636520895175,0,0.049123615026474,0,0.0175459831953048,0,0.0014933781931176
0,0.1185761094093322,0,0.2119700163602829,0,0.092286080121994,0,0.0155366649851202
0,0.0281668584793806,0,0.0618826709687709,0,0.023978317156434,0,0.0132934749126434
0,0.652237594127655,0,0.1848845183849334,0,0.4881256818771362,0,0.4488207399845123
0,0.6070742011070251,0,0.5231000781059265,0,0.5734431147575378,0,0.4223756194114685
0,0.0995687395334243,0,0.0309939924627542,0,0.2595953941345215,0,0.057965911924839
0,0.0330537073314189,0,0.1870079934597015,0,0.189792051911354,0,0.0105642024427652
0,0.0521051287651062,0,0.1121478378772735,0,0.2679420113563537,0,0.0596864707767963
0,0.0239492300897836,0,0.0608163252472877,0,0.070241242647171,0,0.0510870702564716
0,0.0142219103872776,0,0.1198994517326355,0,0.1108050644397735,0,0.0149072520434856
0,4.260893183527514e-05,0,0.0130028538405895,0,0.0098705496639013,0,0.0025411278475075
0,0.2151281684637069,0,0.1143499463796615,0,0.2415754199028015,0,0.0161489620804786
0,3.182564250892028e-05,0,0.0112323258072137,0,0.0098278233781456,0,0.0028472035191953
0,0.0596644394099712,0,0.0819920226931572,0,0.2443290501832962,0,0.032691441476345
0,0.0007577866781502,0,0.0185473673045635,0,0.0269918516278266,0,0.0153119470924139
0,4.463958975975402e-05,0,0.0074524241499602,0,0.0097587630152702,0,0.0007433269638568
0,0.0038771030958741,0,0.0236401259899139,0,0.0373107902705669,0,0.0123349549248814
0,0.0032547244336456,0,0.0050517399795353,0,0.0159729141741991,0,0.0015388414030894
0,0.0002102520229527,0,0.0355240404605865,0,0.0434030517935752,0,0.0010681103449314
0,0.0006471814122051,0,0.0548998415470123,0,0.0498391054570674,0,0.0012797559611499
0,0.0072089075110852,0,0.0146736958995461,0,0.0321469157934188,0,0.0145683530718088
0,0.0009513375698588,0,0.0254665315151214,0,0.0225883591920137,0,0.0035399373155087
0,0.0194283127784729,0,0.0129064628854393,0,0.0433422327041626,0,0.0324521623551845
0,0.0003462570603005,0,0.032946690917015,0,0.021814877167344,0,0.0030263338703662
0,0.0036138938739895,0,0.0355650633573532,0,0.055541206151247,0,0.0054356209002435
0,0.0472744703292846,0,0.0783432573080062,0,0.0188647210597991,0,0.0012042933376505
0,0.0871760547161102,0,0.2818890810012817,0,0.2519262135028839,0,0.3913086950778961
0,0.004534606821835,0,0.04452645778656,0,0.0121335759758949,0,0.0009639812051318
0,0.0715144276618957,0,0.2864046692848205,0,0.2323297560214996,0,0.3819379806518554
0,0.0011102146236225,0,0.023866306990385,0,0.012127268128097,0,0.0014685455244034
0,0.120361678302288,0,0.3626334965229034,0,0.3051581680774688,0,0.4534861147403717
0,0.7316790819168091,0,0.7225748300552368,0,0.6672440767288208,0,0.4416986405849457
0,0.0015252147568389,0,0.0107255037873983,0,0.0161123964935541,0,0.0007662551943212
0,1.34193087433232e-05,0,0.0093323150649666,0,0.0109537746757268,0,0.0010006283409893
0,1.4262035620049572e-05,0,0.0145051339641213,0,0.0121300164610147,0,0.0019718636758625
0,1.2683171917160507e-05,0,0.0450974144041538,0,0.0355006232857704,0,0.0003248920838814
0,0.0003706767747644,0,0.0733125805854797,0,0.0439716912806034,0,0.000888351118192
