fold_1_labels,fold_1_predictions,fold_2_labels,fold_2_predictions,fold_3_labels,fold_3_predictions,fold_4_labels,fold_4_predictions
1,0.5367507934570312,1,0.3548001945018768,1,0.3708026111125946,1,0.3854226469993591
1,0.8890056014060974,1,0.7468816637992859,1,0.8943037986755371,1,0.8867490887641907
1,0.7486628890037537,1,0.4900187849998474,1,0.6942614316940308,1,0.5499205589294434
1,0.0251326244324445,1,0.0572364516556263,1,0.1105188354849815,1,0.0088599370792508
1,0.2258876264095306,1,0.0519613400101661,1,0.2582409977912903,1,0.248550608754158
1,0.119487427175045,1,0.3297393321990967,1,0.5592648983001709,1,0.2042770981788635
1,0.3209174275398254,1,0.1420513838529586,1,0.4092313051223755,1,0.2781887352466583
1,0.4702818989753723,1,0.3831962049007416,1,0.6319910287857056,1,0.1604349613189697
1,0.7307615280151367,1,0.3938557207584381,1,0.4043240547180176,1,0.271861732006073
1,0.7472120523452759,1,0.4505144655704498,1,0.3736514449119568,1,0.2773914933204651
1,0.6627193093299866,1,0.2808286547660827,1,0.2033956199884414,1,0.0391803681850433
1,0.8140556812286377,1,0.7678731083869934,1,0.896359384059906,1,0.9270176887512208
1,0.2418183833360672,1,0.0678522437810897,1,0.2373619079589843,1,0.0448881015181541
1,0.2694814503192901,1,0.0474917255342006,1,0.0141593748703598,1,0.0725516527891159
1,0.7392938137054443,1,0.3802807331085205,1,0.297725647687912,1,0.6462191939353943
1,0.7821003198623657,1,0.3690507709980011,1,0.5239408016204834,1,0.7020400762557983
1,0.5071696639060974,1,0.8463228344917297,1,0.7274618744850159,1,0.951823592185974
1,0.090633787214756,1,0.0516301691532135,1,0.3304270803928375,1,0.1258653849363327
1,0.7032889127731323,1,0.6404091715812683,1,0.6757357716560364,1,0.7994393110275269
1,0.1132857054471969,1,0.1416170597076416,1,0.2316492795944214,1,0.7565195560455322
1,0.4681631326675415,1,0.4844460785388946,1,0.3448288738727569,1,0.8362345099449158
0,0.0275491531938314,0,0.0172836855053901,0,0.0532911829650402,0,0.0093885799869894
0,0.0072712399996817,0,0.0039496310055255,0,0.0167452525347471,0,0.0010255611268803
0,0.1667737811803817,0,0.0108438190072774,0,0.1325048059225082,0,0.3092884421348572
0,0.0066614267416298,0,0.0029560229741036,0,0.0126962857320904,0,0.0011917214142158
0,0.2855374813079834,0,0.0172005128115415,0,0.1359159350395202,0,0.3029038906097412
0,0.0052462145686149,0,0.0044783372431993,0,0.0123151456937193,0,0.0008101557614281
0,0.1903625577688217,0,0.010237855836749,0,0.1632425338029861,0,0.3074178397655487
0,0.0435321815311908,0,0.0062684402801096,0,0.0772821828722953,0,0.0713874548673629
0,0.2118633687496185,0,0.0199166666716337,0,0.1493269354104995,0,0.1239672526717186
0,0.0159904602915048,0,0.0070399357937276,0,0.0131027093157172,0,0.0155491214245557
0,0.0272400956600904,0,0.0096182553097605,0,0.0367967151105403,0,0.0031851909589022
0,0.0143882855772972,0,0.0043205646798014,0,0.0105915302410721,0,0.003944634925574
0,0.0125980144366621,0,0.0094721792265772,0,0.0077577210031449,0,0.0070825321599841
0,0.0155271589756011,0,0.0033250278793275,0,0.0076974648982286,0,0.0045383474789559
0,0.0754170194268226,0,0.0469529032707214,0,0.0342918634414672,0,0.0198994968086481
0,0.1413237452507019,0,0.0877058357000351,0,0.1598775684833526,0,0.2593224644660949
0,0.0160574577748775,0,0.0014292410342022,0,0.0041745952330529,0,0.0061389794573187
0,0.1953412890434265,0,0.0032097857911139,0,0.0068966164253652,0,0.0022615315392613
0,0.0878462046384811,0,0.0524281561374664,0,0.0283771287649869,0,0.0232603549957275
0,0.5850822925567627,0,0.2205474972724914,0,0.1054759919643402,0,0.0174533333629369
0,0.0575689412653446,0,0.0601980574429035,0,0.0210588946938514,0,0.0262496918439865
0,0.0212173517793416,0,0.1024940237402916,0,0.0800692290067672,0,0.3159133791923523
0,0.1282973438501358,0,0.0648823156952858,0,0.0691782683134079,0,0.0416126437485218
0,0.1196661442518234,0,0.038648534566164,0,0.0853900909423828,0,0.0272670648992061
0,0.4603285789489746,0,0.5198028087615967,0,0.4283328354358673,0,0.3419836163520813
0,0.5714460015296936,0,0.3875510096549988,0,0.5535099506378174,0,0.7223065495491028
0,0.0537204816937446,0,0.0335312075912952,0,0.0235585309565067,0,0.0151555184274911
0,0.1383516788482666,0,0.0668290928006172,0,0.0229075886309146,0,0.0079839974641799
0,0.5125169157981873,0,0.5552116632461548,0,0.3821031153202057,0,0.2863709926605224
0,0.5923225283622742,0,0.4545677602291107,0,0.5281440615653992,0,0.5986595153808594
0,0.1033834442496299,0,0.0310857407748699,0,0.0564893744885921,0,0.0070468853227794
0,0.0497657023370265,0,0.0172276329249143,0,0.0148975728079676,0,0.0039122882299125
0,0.5594842433929443,0,0.4923503398895263,0,0.3795326352119446,0,0.4251606166362762
0,0.6921924352645874,0,0.5267711877822876,0,0.5569406747817993,0,0.774822473526001
0,0.0465057007968425,0,0.0278838351368904,0,0.0379242673516273,0,0.0068004038184881
0,0.2033524811267852,0,0.058822963386774,0,0.0133085129782557,0,0.0052133235149085
0,0.0253006741404533,0,0.0863864943385124,0,0.0159649197012186,0,0.002076453063637
0,0.0143057843670248,0,0.0047342297621071,0,0.0068231597542762,0,0.0167521219700574
0,0.3601412773132324,0,0.3984619677066803,0,0.7812334895133972,0,0.166627898812294
0,0.2865182757377624,0,0.0768589749932289,0,0.2824541330337524,0,0.0279685892164707
0,0.0473450422286987,0,0.0066338717006146,0,0.0223067216575145,0,0.0082333171740174
0,0.0418881811201572,0,0.0085166115313768,0,0.0406703986227512,0,0.0105027696117758
0,0.001598113332875,0,0.0033686403185129,0,0.0025649541057646,0,0.0028758337721228
0,0.0952272787690162,0,0.008728795684874,0,0.0441500544548034,0,0.0099648488685488
0,0.0414232686161994,0,0.0163805596530437,0,0.1490498036146164,0,0.090090312063694
0,0.0824482291936874,0,0.0200447104871273,0,0.0735311135649681,0,0.0507960580289363
0,0.0168245360255241,0,0.0053912880830466,0,0.0084959371015429,0,0.0030812451150268
0,0.0375068113207817,0,0.0109366569668054,0,0.012944015674293,0,0.0134232519194483
0,0.4983405172824859,0,0.1251938939094543,0,0.5353519916534424,0,0.7009219527244568
0,0.3160027265548706,0,0.2577710449695587,0,0.1377793252468109,0,0.1094721928238868
0,0.0256873201578855,0,0.0159122515469789,0,0.0373615138232708,0,0.052056960761547
0,0.6334756016731262,0,0.4954352676868438,0,0.8866081237792969,0,0.65617835521698
0,0.0034541403874754,0,0.0032831812277436,0,0.0046804007142782,0,0.0003092397819273
0,0.0020044289994984,0,0.0008876937208697,0,0.0247076004743576,0,0.0022033175919204
0,0.0078653572127223,0,0.0012509890366345,0,0.0325687415897846,0,0.0427175089716911
0,0.0018412513891234,0,0.0030606570653617,0,0.0032692542299628,0,0.000348552246578
0,0.0023400434292852,0,0.0010129883885383,0,0.0135669922456145,0,0.0021364346612244
0,0.0123617183417081,0,0.0011985844466835,0,0.0331713110208511,0,0.0273664221167564
0,0.0037100205663591,0,0.0039742849767208,0,0.0059530190192162,0,0.0004467380349524
0,0.0022294693626463,0,0.0009826401947066,0,0.0157087668776512,0,0.0019886246882379
0,0.0401165783405303,0,0.0235206484794616,0,0.0339153073728084,0,0.0170627031475305
0,0.1831110715866089,0,0.0316706895828247,0,0.057647731155157,0,0.068669393658638
0,0.0061685070395469,0,0.0031762903090566,0,0.0099043743684887,0,0.0008922715787775
0,0.0044255177490413,0,0.0032930481247603,0,0.0137640722095966,0,0.0129062738269567
0,0.046904407441616,0,0.0452368706464767,0,0.0191107988357543,0,0.0446408838033676
0,0.0037668792065232,0,0.0021585409995168,0,0.0015629371628165,0,0.0018214579904451
0,0.0053147580474615,0,0.0026862896047532,0,0.0015131118707358,0,0.0039412975311279
0,0.0060705989599227,0,0.0025803579483181,0,0.0012908347416669,0,0.0031052094418555
0,0.1339297443628311,0,0.0222751554101705,0,0.1212097555398941,0,0.1424368917942047
0,0.1185162663459777,0,0.0276446752250194,0,0.1693084090948104,0,0.1602349132299423
0,0.4665674269199371,0,0.1384789049625396,0,0.3857554793357849,0,0.6237103343009949
0,0.1867853552103042,0,0.0727072358131408,0,0.1262921541929245,0,0.2300871610641479
0,0.4566083550453186,0,0.4494291543960571,0,0.6693176627159119,0,0.800529956817627
0,0.0220449119806289,0,0.0142257157713174,0,0.0170795135200023,0,0.0125880362465977
0,0.1413106471300125,0,0.0975172892212867,0,0.016589343547821,0,0.0047698454000055
0,0.0903174877166748,0,0.0102980602532625,0,0.0243913885205984,0,0.0221750773489475
0,0.3208948671817779,0,0.0937772244215011,0,0.072626993060112,0,0.047750137746334
0,0.0189553834497928,0,0.0196242295205593,0,0.0447522439062595,0,0.0597379654645919
0,0.1043005809187889,0,0.0185984838753938,0,0.0085643362253904,0,0.0006025016773492
0,0.0784705728292465,0,0.0490271598100662,0,0.0738738998770713,0,0.0012361258268356
0,0.2279748916625976,0,0.1527169495820999,0,0.0116248438134789,0,0.0132082337513566
0,0.1094418242573738,0,0.0326211638748645,0,0.015725415199995,0,0.0005443847621791
0,0.2179828137159347,0,0.1189387589693069,0,0.0166612043976783,0,0.0207769405096769
0,0.0040151015855371,0,0.002107746200636,0,0.0012353925267234,0,0.0020584026351571
0,0.0662803053855896,0,0.0140886222943663,0,0.0176591407507658,0,0.0009400097769685
0,0.0249677281826734,0,0.0140786506235599,0,0.0229373034089803,0,0.0046455399133265
0,0.2292077094316482,0,0.127970203757286,0,0.0155155882239341,0,0.017084851861
0,0.0128878997638821,0,0.0049526034854352,0,0.0191879346966743,0,0.0132235940545797
0,0.1883566081523895,0,0.045633278787136,0,0.1512481421232223,0,0.0360387898981571
0,0.0064529832452535,0,0.0146140018478035,0,0.1060903072357177,0,0.0875995233654975
0,0.6054610013961792,0,0.3432905077934265,0,0.5242565274238586,0,0.3981405794620514
0,0.024218950420618,0,0.223247617483139,0,0.249262049794197,0,0.1139534562826156
0,0.0364796668291091,0,0.226070299744606,0,0.2734968662261963,0,0.0691942423582077
0,0.027131950482726,0,0.249167189002037,0,0.2806997299194336,0,0.104971557855606
0,0.005819515325129,0,0.0067455866374075,0,0.0132605917751789,0,0.0001837298914324
0,0.521651029586792,0,0.3246833682060241,0,0.2051786631345749,0,0.5325594544410706
0,0.4862453639507293,0,0.2576956748962402,0,0.2240135371685028,0,0.4311228096485138
0,0.5158405303955078,0,0.2771500945091247,0,0.2126064598560333,0,0.5751237273216248
0,0.0712679848074913,0,0.0330474972724914,0,0.0542743615806102,0,0.2467946708202362
0,0.2053711116313934,0,0.0574381798505783,0,0.0259738862514495,0,0.0246320478618145
0,0.0114716729149222,0,0.0200301557779312,0,0.071268729865551,0,0.0039225290529429
0,0.0246474202722311,0,0.0029329138342291,0,0.0189156737178564,0,0.0046754474751651
0,0.0240658689290285,0,0.0044531188905239,0,0.0114441765472292,0,0.0047692479565739
0,0.2351453155279159,0,0.0350521616637706,0,0.0681850984692573,0,0.0146140484139323
0,0.1135565266013145,0,0.0463369414210319,0,0.0318779945373535,0,0.0535416454076767
0,0.218551680445671,0,0.0511408895254135,0,0.0582470707595348,0,0.0104679847136139
0,0.1566713452339172,0,0.1829617917537689,0,0.192414253950119,0,0.3302808701992035
0,0.1248472407460212,0,0.0203130096197128,0,0.0715628862380981,0,0.2734430730342865
0,0.0143345706164836,0,0.0097585236653685,0,0.039782341569662,0,0.018240438774228
0,0.002772300504148,0,0.0021094225812703,0,0.0026298623997718,0,0.0002777848276309
0,0.0025035797152668,0,0.0026592605281621,0,0.0042727072723209,0,0.0002051367337116
0,0.002678828081116,0,0.0003561549820005,0,0.0146803306415677,0,0.0016249492764472
0,0.0020472712349146,0,0.0029419872444123,0,0.0035091766621917,0,0.0001542752288514
0,0.0046902382746338,0,0.0003855737159028,0,0.0161089934408664,0,0.0020538647659122
0,0.0894186794757843,0,0.0649205148220062,0,0.279823362827301,0,0.2998483180999756
0,0.102567933499813,0,0.1047263965010643,0,0.082403689622879,0,0.0206778682768344
0,0.0945046097040176,0,0.0330061465501785,0,0.0078955730423331,0,0.0014226346975192
0,0.0077876551076769,0,0.0029816080350428,0,0.0051797027699649,0,0.0054062074050307
0,0.0761956572532653,0,0.0246195513755083,0,0.0305199678987264,0,0.0022319208364933
0,0.0934532061219215,0,0.0476261302828788,0,0.1385214477777481,0,0.0248086564242839
0,0.0021495372056961,0,0.0017127963947132,0,0.0032234785612672,0,0.0018079712754115
0,0.0043666735291481,0,0.003959288354963,0,0.0103920064866542,0,0.0001440782652935
0,0.0951366424560546,0,0.0555174276232719,0,0.0274785161018371,0,0.2294856160879135
0,0.0260425377637147,0,0.0040807845070958,0,0.0124540692195296,0,0.0047151856124401
0,0.0288129411637783,0,0.0178915206342935,0,0.0210073571652174,0,0.0035944888368248
0,0.0055041299201548,0,0.0018255285685881,0,0.0060573928058147,0,0.0092319436371326
0,0.0033375651109963,0,0.0004254455561749,0,0.0080627119168639,0,0.0150015596300363
0,0.0342158488929271,0,0.0020292876288294,0,0.0123199885711073,0,0.0537943430244922
0,0.0274839866906404,0,0.0045952727086842,0,0.0125745544210076,0,0.0055121770128607
0,0.0284217614680528,0,0.0176332108676433,0,0.0305575896054506,0,0.005591579247266
0,0.0053452630527317,0,0.0015835652593523,0,0.0065367869101464,0,0.0061216875910758
0,0.3925161063671112,0,0.1534432470798492,0,0.1846479326486587,0,0.1420837044715881
0,0.6272721886634827,0,0.389139175415039,0,0.5829455256462097,0,0.0263258423656225
0,0.4783851504325866,0,0.4246015250682831,0,0.3610388040542602,0,0.0032893458846956
0,0.068382479250431,0,0.0410874597728252,0,0.0193982943892478,0,0.0258866231888532
0,0.0324207656085491,0,0.0108247017487883,0,0.0061177345924079,0,0.0451323874294757
0,0.0533765144646167,0,0.0161310322582721,0,0.0245809517800807,0,0.0354648530483245
0,0.2059300243854522,0,0.017085276544094,0,0.1862339526414871,0,0.0195547938346862
0,0.1100833937525749,0,0.011092291213572,0,0.0600135512650013,0,0.0114955008029937
0,0.0124238030984997,0,0.0085180616006255,0,0.0365630239248275,0,0.0145710576325654
0,0.0823079422116279,0,0.0153531618416309,0,0.010694408789277,0,0.103976234793663
0,0.003386802971363,0,0.004967404063791,0,0.016506990417838,0,0.0018720431253314
0,0.0325215607881546,0,0.1200759559869766,0,0.0170160997658967,0,0.0051871929317712
0,0.0952451005578041,0,0.0623404011130332,0,0.0214638952165842,0,0.0977324247360229
0,0.0486864522099494,0,0.0665588676929473,0,0.0745317637920379,0,0.0089163416996598
0,0.1781394779682159,0,0.2152675986289978,0,0.1690018475055694,0,0.0521586537361145
0,0.4825490713119507,0,0.4136500656604767,0,0.5195621252059937,0,0.3383390009403229
0,0.0033667630050331,0,0.0028611829038709,0,0.0053015802986919,0,0.0008024796261452
0,0.0167570188641548,0,0.0061434060335159,0,0.0070789693854749,0,0.0041940007358789
0,0.0041489438153803,0,0.0025568532291799,0,0.0080449292436242,0,0.0016606309218332
0,0.0048958370462059,0,0.0037893115077167,0,0.0062488056719303,0,0.0005322463111951
0,0.8590585589408875,0,0.4259769916534424,0,0.7013227343559265,0,0.8203132152557373
0,0.8620632290840149,0,0.4137420952320099,0,0.6367508769035339,0,0.8332020044326782
0,0.865265965461731,0,0.4412571489810943,0,0.6022071838378906,0,0.8559439182281494
0,0.1155264675617218,0,0.1042483448982238,0,0.0857922360301017,0,0.0479707457125186
0,0.0513544678688049,0,0.0943410694599151,0,0.0599314905703067,0,0.0323206633329391
0,0.0467442870140075,0,0.0823781266808509,0,0.0623545013368129,0,0.0371169932186603
0,0.0684861540794372,0,0.0968852788209915,0,0.1904641836881637,0,0.0893430635333061
0,0.0123753491789102,0,0.0201038941740989,0,0.0027665745001286,0,0.0057352394796907
0,0.035230778157711,0,0.0185310989618301,0,0.0160221923142671,0,0.0012176340678706
0,0.0012644105590879,0,0.0012242490192875,0,0.0012616903986781,0,0.0010799288284033
0,0.0226546339690685,0,0.0566227026283741,0,0.0138589479029178,0,0.0664739310741424
0,0.0123167866840958,0,0.0067881341092288,0,0.0083288950845599,0,0.0104891210794448
0,0.0015915478579699,0,0.0019912980496883,0,0.0029246092308312,0,0.0012836770620197
0,0.0208570938557386,0,0.0355381555855274,0,0.0034474241547286,0,0.0027948273345828
0,0.0269542727619409,0,0.0112711368128657,0,0.0127422902733087,0,0.0016283596633002
0,0.0018476439872756,0,0.0015597149031236,0,0.0007720381836406,0,0.0013856282457709
0,0.4588823914527893,0,0.2765660583972931,0,0.33600515127182,0,0.2151622921228408
0,0.6178632974624634,0,0.4486023783683777,0,0.1835987716913223,0,0.2702648937702179
0,0.3349781334400177,0,0.348024308681488,0,0.3398482501506805,0,0.3476072549819946
0,0.5666383504867554,0,0.4019160568714142,0,0.1348874270915985,0,0.5243890285491943
0,0.012682563625276,0,0.0086462413892149,0,0.0709292441606521,0,0.0014934295322746
0,0.5752370357513428,0,0.4307957291603088,0,0.2000970393419265,0,0.3403563499450683
0,0.1821240782737732,0,0.1235763505101203,0,0.194136381149292,0,0.4639177918434143
0,0.0238054282963275,0,0.0548654496669769,0,0.0169502180069684,0,0.0022955299355089
0,0.553885281085968,0,0.3651637732982635,0,0.2050918191671371,0,0.4037283658981323
0,0.4246759116649627,0,0.4870623052120209,0,0.277514785528183,0,0.4679486155509949
0,0.0103507097810506,0,0.010605551302433,0,0.0214113537222147,0,0.0060656750574707
0,0.1119845807552337,0,0.0186520591378211,0,0.0461228974163532,0,0.0574182383716106
0,0.349612146615982,0,0.0853381752967834,0,0.373771458864212,0,0.1575769931077957
0,0.2851699292659759,0,0.1472326815128326,0,0.1097930818796157,0,0.0164872556924819
0,0.4111642837524414,0,0.1635397672653198,0,0.4190534651279449,0,0.0370025746524333
0,0.3268335461616516,0,0.1418532431125641,0,0.2810127139091491,0,0.0307884458452463
0,0.0169716048985719,0,0.0045859050005674,0,0.0120030799880623,0,0.003987468779087
0,0.2002205401659011,0,0.1784523576498031,0,0.1853715926408767,0,0.2668788433074951
0,0.0160210505127906,0,0.0813226401805877,0,0.0764993801712989,0,0.0254938416182994
0,0.0023911646567285,0,0.0031785573810338,0,0.001135155907832,0,0.0010637489613145
0,0.0559989400207996,0,0.0956068038940429,0,0.2518045604228973,0,0.0678366646170616
0,0.0602248944342136,0,0.0344832092523574,0,0.0094220507889986,0,0.075175903737545
0,0.0049298522062599,0,0.0198972430080175,0,0.0188664905726909,0,0.0801841542124748
0,0.0332507267594337,0,0.0287524498999118,0,0.0490837208926677,0,0.0322401747107505
0,0.0248269643634557,0,0.0796351209282875,0,0.052776962518692,0,0.0073231249116361
0,0.0226598195731639,0,0.0917761549353599,0,0.0648798272013664,0,0.013837244361639
0,0.0236618053168058,0,0.0028469297103583,0,0.003630256280303,0,0.0033017490059137
0,0.0242915526032447,0,0.085218496620655,0,0.0704757049679756,0,0.010987227782607
0,0.0110859684646129,0,0.0019692848436534,0,0.0072457008063793,0,0.0044211456552147
0,0.0247025769203901,0,0.0628039687871933,0,0.0088080987334251,0,0.0561834499239921
0,0.7157041430473328,0,0.6452200412750244,0,0.6684770584106445,0,0.2115420401096344
0,0.7431291341781616,0,0.6935945749282837,0,0.8150073289871216,0,0.3699681758880615
0,0.7714375257492065,0,0.6948046684265137,0,0.7836290001869202,0,0.4349590539932251
0,0.0689838230609893,0,0.0307761449366807,0,0.0217028092592954,0,0.0018872099462896
0,0.0592599026858806,0,0.049471516162157,0,0.0757722780108451,0,0.0029636840336024
0,0.0974731892347335,0,0.0771680027246475,0,0.0708630010485649,0,0.0157360024750232
0,0.0408023037016391,0,0.0432349145412445,0,0.030919274315238,0,0.0460492745041847
0,0.0317947417497634,0,0.010142046958208,0,0.005701929796487,0,0.0070010730996727
0,0.0207512862980365,0,0.0145958987995982,0,0.013654856942594,0,0.0114627322182059
0,0.7971048355102539,0,0.6206095218658447,0,0.9089097380638124,0,0.8159123063087463
0,0.6950473785400391,0,0.3103474676609039,0,0.575851321220398,0,0.4648815989494324
0,0.0298988427966833,0,0.034650444984436,0,0.0871105268597602,0,0.0303242169320583
0,0.0023004307877272,0,0.0084472075104713,0,0.0051109227351844,0,0.0007467373507097
0,0.2006612867116928,0,0.1662262231111526,0,0.161584123969078,0,0.0786235481500625
0,0.0065034255385398,0,0.0078905997797846,0,0.0152775254100561,0,0.0001375770807499
0,0.0161534342914819,0,0.0097036827355623,0,0.012212629429996,0,0.0203269775956869
0,0.0067659108899533,0,0.0014596350956708,0,0.00689361942932,0,0.0059893508441746
0,0.0069376067258417,0,0.0090748006477952,0,0.0245451927185058,0,0.0001283025776501
0,0.0050270017236471,0,0.0018034513341262,0,0.0057999989949166,0,0.0047926623374223
0,0.011914107017219,0,0.00977732706815,0,0.0296234861016273,0,0.0001926599943544
0,0.0138511965051293,0,0.0068388660438358,0,0.0124898413196206,0,0.0234950799494981
0,0.0048984205350279,0,0.0013280241983011,0,0.0063856584019958,0,0.0059955650940537
0,0.6302596926689148,0,0.6301935911178589,0,0.7800238132476807,0,0.8092079162597656
0,0.0531371496617794,0,0.0313514396548271,0,0.0610789768397808,0,0.0445867255330085
0,0.0042547262273728,0,0.0010040503693744,0,0.0024261337239295,0,0.0016354371327906
0,0.0170532204210758,0,0.0139196999371051,0,0.0136230075731873,0,0.0019810409285128
0,0.0167712997645139,0,0.0140654975548386,0,0.0127807753160595,0,0.0017606331966817
0,0.0151465972885489,0,0.0132922548800706,0,0.0176436938345432,0,0.0019794784020632
1,0.6144707798957825,1,0.7004660964012146,1,0.7790563106536865,1,0.4645978510379791
1,0.3535785675048828,1,0.4106599390506744,1,0.3788270652294159,1,0.9160534143447876
1,0.118152230978012,1,0.0743644535541534,1,0.6629166007041931,1,0.3672211766242981
1,0.2154939770698547,1,0.166334182024002,1,0.3880860209465027,1,0.2619016170501709
1,0.2998085021972656,1,0.0814379602670669,1,0.3025977313518524,1,0.391454666852951
1,0.5419618487358093,1,0.8405535817146301,1,0.6618483662605286,1,0.7737776637077332
1,0.7707318067550659,1,0.8369258046150208,1,0.952406108379364,1,0.9614300727844238
1,0.0211339350789785,1,0.0148140592500567,1,0.0368094481527805,1,0.0101421615108847
1,0.0637494400143623,1,0.0604983903467655,1,0.1940924972295761,1,0.1132469326257705
1,0.3977410197257995,1,0.1645125448703766,1,0.4912178516387939,1,0.4282591342926025
1,0.5391684174537659,1,0.2454104423522949,1,0.4244515299797058,1,0.3954379260540008
1,0.253429502248764,1,0.4287467300891876,1,0.601035475730896,1,0.3725229203701019
1,0.121559202671051,1,0.1906404346227646,1,0.3308203518390655,1,0.298736035823822
1,0.0643241256475448,1,0.2697500586509704,1,0.2044983655214309,1,0.3651265203952789
1,0.4811983704566955,1,0.3923243284225464,1,0.8298084735870361,1,0.7992287874221802
1,0.0076905870810151,1,0.0062745898030698,1,0.0058031068183481,1,0.0103826038539409
1,0.0288176853209733,1,0.0593930296599864,1,0.0205238442867994,1,0.0941713526844978
1,0.29515540599823,1,0.1298435032367706,1,0.1928454339504242,1,0.014945238828659
1,0.4966889917850494,1,0.3696878254413605,1,0.5680542588233948,1,0.4406974017620086
1,0.3707221746444702,1,0.5461792945861816,1,0.3749306201934814,1,0.4103391766548157
1,0.7404407858848572,1,0.5686507821083069,1,0.7856511473655701,1,0.8349181413650513
1,0.4646552503108978,1,0.7090632319450378,1,0.6338847279548645,1,0.6679551005363464
1,0.7145112752914429,1,0.6844726204872131,1,0.897622287273407,1,0.8947923183441162
1,0.1610266715288162,1,0.2877131700515747,1,0.1793610602617263,1,0.3163246810436249
1,0.2125434577465057,1,0.2829431295394897,1,0.1752146929502487,1,0.3400595188140869
1,0.413415253162384,1,0.4396650195121765,1,0.6120805144309998,1,0.6703765392303467
0,0.1497577726840973,0,0.070144735276699,0,0.1566073447465896,0,0.0811803713440895
0,0.1729141473770141,0,0.1112403497099876,0,0.2271480709314346,0,0.1069257110357284
0,0.0812650620937347,0,0.0401710793375968,0,0.2115488648414611,0,0.1686799526214599
0,0.0072312951087951,0,0.0042186095379292,0,0.002521583577618,0,0.0052016885019838
0,0.0042462679557502,0,0.0070475130341947,0,0.0046095522120594,0,0.0039882226847112
0,0.3280117213726043,0,0.7648780941963196,0,0.7690578103065491,0,0.8036741018295288
0,0.0639724135398864,0,0.0399106182157993,0,0.0337275527417659,0,0.004000574350357
0,0.0125071555376052,0,0.0058322553522884,0,0.0091237742453813,0,0.0046155950985848
0,0.1413668394088745,0,0.5738648772239685,0,0.5054979920387268,0,0.4850518107414245
0,0.0859005898237228,0,0.0197455435991287,0,0.0119022186845541,0,0.0134016089141368
0,0.0470833294093608,0,0.0407423079013824,0,0.0287522040307521,0,0.0030204539652913
0,0.0092041147872805,0,0.1483917087316513,0,0.2402764409780502,0,0.0995903462171554
0,0.067605622112751,0,0.2056141793727874,0,0.2413041293621063,0,0.234680563211441
0,0.811542809009552,0,0.5445101261138916,0,0.4408931732177734,0,0.7417598962783813
0,0.0033481616992503,0,0.0008849389269016,0,0.0423082821071147,0,0.009531975723803
0,0.0558159165084362,0,0.0029701301828026,0,0.029533801600337,0,0.0569395460188388
0,0.0194674935191869,0,0.0252792742103338,0,0.0658490732312202,0,0.0229856148362159
0,0.0112564796581864,0,0.0034111428540199,0,0.0068871355615556,0,0.00353444670327
0,0.0404541529715061,0,0.0139178596436977,0,0.0331420004367828,0,0.0082009769976139
0,0.3361886739730835,0,0.3421520292758941,0,0.2632179856300354,0,0.6425707340240479
0,0.0212269481271505,0,0.0339395143091678,0,0.0374781414866447,0,0.0067800600081682
0,0.0702961012721061,0,0.1259024143218994,0,0.3182818293571472,0,0.1061509400606155
0,0.0264032948762178,0,0.0310872159898281,0,0.0350783541798591,0,0.0296167377382516
0,0.0603764615952968,0,0.0322755873203277,0,0.0099599529057741,0,0.0018335143104195
0,0.0199632346630096,0,0.013906673528254,0,0.0064174919389188,0,0.0004889616393484
0,0.0918610915541648,0,0.011367542669177,0,0.0162887275218963,0,0.040635846555233
0,0.0470401644706726,0,0.0169054884463548,0,0.0118078552186489,0,0.0007946974947117
0,0.0179049652069807,0,0.010335860773921,0,0.0040036248974502,0,0.0003528151428326
0,0.0152991916984319,0,0.0064225471578538,0,0.0030245995149016,0,0.0002498599351383
0,0.0023419288918375,0,0.0108415940776467,0,0.0119000365957617,0,0.0011659451993182
0,0.5160356760025024,0,0.3990873098373413,0,0.3405656516551971,0,0.1780617833137512
0,0.6388272047042847,0,0.4822173118591308,0,0.377552330493927,0,0.2835396230220794
0,0.7183680534362793,0,0.4986894130706787,0,0.5878381729125977,0,0.3943114876747131
0,0.3547024428844452,0,0.2777726352214813,0,0.2938029766082763,0,0.4840134680271148
0,0.640359103679657,0,0.2854188680648803,0,0.4991879463195801,0,0.0677744820713996
0,0.7598825693130493,0,0.3715176284313202,0,0.6698957085609436,0,0.4238568246364593
0,0.0265682786703109,0,0.0109964488074183,0,0.0532950088381767,0,0.1778205931186676
0,0.0147879226133227,0,0.0062820445746183,0,0.0048876060172915,0,0.0017279158346354
0,0.0414303019642829,0,0.0264131668955087,0,0.2062385082244873,0,0.0173643194139003
0,0.0146215558052062,0,0.004972655326128,0,0.0073335939086973,0,0.0016600853996351
0,0.0363084226846694,0,0.0542517565190792,0,0.0687828958034515,0,0.142446756362915
0,0.0059015522710978,0,0.0049636415205895,0,0.0040916125290095,0,0.0006858778651803
0,0.0852222591638565,0,0.0475760400295257,0,0.2385435253381729,0,0.032004427164793
0,0.019983522593975,0,0.0184551980346441,0,0.0240966062992811,0,0.0069779329933226
0,0.0371483452618122,0,0.0542803443968296,0,0.1571292132139206,0,0.033752154558897
0,0.0750983655452728,0,0.0438764952123165,0,0.1127311214804649,0,0.4809618592262268
0,0.050767071545124,0,0.0857766196131706,0,0.0403161309659481,0,0.1181605532765388
0,0.0245549716055393,0,0.0135093284770846,0,0.0086227552965283,0,0.0753158181905746
0,0.0149721782654523,0,0.0114363022148609,0,0.0596768669784069,0,0.0107641667127609
0,0.0235210210084915,0,0.0251535102725029,0,0.0095566594973206,0,0.0379405654966831
0,0.0064280782826244,0,0.0077442578040063,0,0.0469152443110942,0,0.1037639677524566
0,0.0075064129196107,0,0.0116871204227209,0,0.0408592149615287,0,0.067163348197937
0,0.0255321580916643,0,0.0392294116318225,0,0.0785416513681411,0,0.0399079993367195
0,0.0136357331648468,0,0.0129177486523985,0,0.0231487192213535,0,0.0089196534827351
0,0.0207693055272102,0,0.030148671939969,0,0.0155418086796998,0,0.0023119705729186
0,0.0258721783757209,0,0.028823148459196,0,0.0260409731417894,0,0.00358028546907
0,0.0012796925147995,0,0.0005173325771465,0,0.0064369528554379,0,0.0006657743360847
0,0.1361798644065857,0,0.037598617374897,0,0.210122674703598,0,0.1551061123609542
0,0.0262102372944355,0,0.0054236575961112,0,0.0193265099078416,0,0.0121233845129609
0,0.3024859130382538,0,0.1235440894961357,0,0.2553476393222809,0,0.0575469955801963
0,0.4930795729160309,0,0.2138830572366714,0,0.4459287226200104,0,0.2042278796434402
0,0.0048660892061889,0,0.0160960610955953,0,0.0260705761611461,0,0.0098033901304006
0,0.0532160587608814,0,0.0137768555432558,0,0.0340979546308517,0,0.0511738769710063
0,0.0012923871399834,0,0.000764874916058,0,0.002529478399083,0,0.0023128506727516
0,0.0030219175387173,0,0.0146094979718327,0,0.0146205117926001,0,0.0132230324670672
0,0.0016524452948942,0,0.0010610577883198,0,0.0022402037866413,0,0.003230586182326
0,0.003625915851444,0,0.0126537503674626,0,0.023140650242567,0,0.0152181070297956
0,0.0026415409520268,0,0.0012143857311457,0,0.0043212296441197,0,0.0039143087342381
0,0.0109370956197381,0,0.0077734012156724,0,0.0075545492582023,0,0.0094687566161155
0,0.0285378247499465,0,0.0067448108457028,0,0.0302820615470409,0,0.1212226301431655
0,0.0167761575430631,0,0.004085742868483,0,0.0141535168513655,0,0.0166091434657573
0,0.0024269360583275,0,0.003197734709829,0,0.0058908364735543,0,0.005628858692944
0,0.0050760256126523,0,0.0007312081870622,0,0.0091847712174057,0,0.0069815614260733
0,0.003422484267503,0,0.0010275078238919,0,0.0033039529807865,0,0.0029933624900877
0,0.0400557108223438,0,0.0219754390418529,0,0.0927302986383438,0,0.0069874813780188
0,0.0146833108738064,0,0.0036267670802772,0,0.0067626014351844,0,0.0245834160596132
0,0.7413703203201294,0,0.4124399423599243,0,0.6584250926971436,0,0.3863973915576935
0,0.1966820508241653,0,0.1085752174258232,0,0.077053852379322,0,0.0268526412546634
0,0.0025421504396945,0,0.002712775953114,0,0.002347003435716,0,0.0025772682856768
0,0.1088604107499122,0,0.0754306688904762,0,0.0564395785331726,0,0.04112134501338
0,0.2804270684719085,0,0.1570700407028198,0,0.1602510213851928,0,0.0382165685296058
0,0.1280276626348495,0,0.1085255667567253,0,0.0977916792035102,0,0.0406852662563324
0,0.023900294676423,0,0.0105956383049488,0,0.0246414300054311,0,0.0325232110917568
0,0.015916733071208,0,0.0087867928668856,0,0.0130236586555838,0,0.0097937444224953
0,0.01865816116333,0,0.0058033601380884,0,0.0255578570067882,0,0.0072243260219693
0,0.4969954788684845,0,0.2468487620353698,0,0.3113248348236084,0,0.3695462346076965
0,0.2230345159769058,0,0.1463932693004608,0,0.1745772808790207,0,0.2557904720306396
0,0.132457360625267,0,0.3781346082687378,0,0.1598163992166519,0,0.1573610752820968
0,0.1330017447471618,0,0.367634505033493,0,0.2364887595176696,0,0.2570604085922241
0,0.3648130297660827,0,0.1846331357955932,0,0.2682624757289886,0,0.3518535494804382
0,0.1959675103425979,0,0.0505876578390598,0,0.0077575296163558,0,0.0060602300800383
0,0.2405816912651062,0,0.0538689047098159,0,0.0066110920161008,0,0.0080111864954233
0,0.042699746787548,0,0.0735941380262374,0,0.01880843937397,0,0.0048754634335637
0,0.6604419946670532,0,0.0447417236864566,0,0.3508963882923126,0,0.0244191717356443
0,0.0302374400198459,0,0.0157931949943304,0,0.0074295541271567,0,0.0033155237324535
0,0.7380580902099609,0,0.6344156861305237,0,0.9215800762176514,0,0.8075541853904724
0,0.3836999535560608,0,0.5221440196037292,0,0.657869279384613,0,0.1796511113643646
0,0.6567814350128174,0,0.5479912161827087,0,0.8087531924247742,0,0.7633764743804932
0,0.0166330095380544,0,0.0508677586913108,0,0.0073677538894116,0,0.007690958213061
0,0.0057902568951249,0,0.0018382794223725,0,0.0258415546268224,0,0.0006871785735711
0,0.0200235582888126,0,0.0030626626685261,0,0.0347829945385456,0,0.0013966291444376
0,0.0805418565869331,0,0.0085375262424349,0,0.0163350850343704,0,0.0025639324449002
0,0.0114548029378056,0,0.0300103761255741,0,0.0067483158782124,0,0.0275846943259239
0,0.0346818789839744,0,0.0061664897948503,0,0.0100113879889249,0,0.0012427524197846
0,0.0308015812188386,0,0.006159171462059,0,0.0150957582518458,0,0.0091912047937512
0,0.0058618085458874,0,0.0200678408145904,0,0.0116415815427899,0,0.0095158265903592
0,0.1399837434291839,0,0.0170518532395362,0,0.2428643405437469,0,0.0371786691248416
0,0.0284556318074464,0,0.013648391701281,0,0.0605094358325004,0,0.0546553432941436
0,0.0066707702353596,0,0.0045130238868296,0,0.011434756219387,0,0.0796986818313598
0,0.083959013223648,0,0.0360234566032886,0,0.1127180829644203,0,0.1357485502958297
0,0.0088303573429584,0,0.0042435172945261,0,0.0102860489860177,0,0.0924970358610153
0,0.4990828335285187,0,0.6149779558181763,0,0.9209911227226256,0,0.8813650012016296
0,0.0268834810703992,0,0.0121595645323395,0,0.0164869222790002,0,0.0450398623943328
0,0.0247723665088415,0,0.0226554218679666,0,0.0338190980255603,0,0.0047864411026239
0,0.0251138191670179,0,0.0269037522375583,0,0.0586079284548759,0,0.0082371337339282
0,0.0315620340406894,0,0.0179637111723423,0,0.0142909931018948,0,0.0286299902945756
0,0.4875409305095672,0,0.59333336353302,0,0.9198099374771118,0,0.87359619140625
0,0.0468732640147209,0,0.0088755106553435,0,0.0235842242836952,0,0.0016162097454071
0,0.0343488417565822,0,0.0173364914953708,0,0.0185652077198028,0,0.029815424233675
0,0.0258468631654977,0,0.025870181620121,0,0.0300784036517143,0,0.0078971786424517
0,0.4386559128761291,0,0.5746225118637085,0,0.8983497023582458,0,0.840378999710083
0,0.0878461226820945,0,0.0152003448456525,0,0.0574283823370933,0,0.0032330052927136
0,0.0140222124755382,0,0.0042810249142348,0,0.0224529094994068,0,0.0006612835568375
0,0.1648605763912201,0,0.0403702706098556,0,0.0414578765630722,0,0.0032702907919883
0,0.0720873400568962,0,0.0750251859426498,0,0.4420132637023926,0,0.2433693408966064
0,0.1320365965366363,0,0.0960830673575401,0,0.3461201786994934,0,0.1333978325128555
0,0.0405971147119998,0,0.0173136945813894,0,0.112423837184906,0,0.1494549959897995
0,0.0539690554141998,0,0.03080365806818,0,0.1342636346817016,0,0.1576430946588516
0,0.1078450009226799,0,0.0791500508785247,0,0.3787747919559479,0,0.2061325758695602
0,0.007462038192898,0,0.0093575697392225,0,0.0238813310861587,0,0.0060138823464512
0,0.3175561726093292,0,0.0329534597694873,0,0.0861348807811737,0,0.0781437456607818
0,0.4633984863758087,0,0.2891842722892761,0,0.5326337814331055,0,0.3044342398643493
0,0.2653689980506897,0,0.5084621906280518,0,0.5543130040168762,0,0.5250225067138672
0,0.7475719451904297,0,0.8035306930541992,0,0.8925793766975403,0,0.9399276375770568
0,0.2228181511163711,0,0.7804597020149231,0,0.878637433052063,0,0.9141201972961426
0,0.4455567002296448,0,0.2407029569149017,0,0.0429561622440815,0,0.5108696818351746
0,0.0016448346432298,0,0.001207101275213,0,0.0032049212604761,0,0.0017408462008461
0,0.0012767141452059,0,0.0013312939554452,0,0.0014932253398001,0,0.0021325771231204
0,0.7337661385536194,0,0.3739593923091888,0,0.6902590990066528,0,0.5807896256446838
0,0.6640409827232361,0,0.291925311088562,0,0.7069346904754639,0,0.3689121603965759
0,0.0042852140031754,0,0.0042089596390724,0,0.0039388984441757,0,0.0030464224983006
0,0.0182262398302555,0,0.0417481772601604,0,0.006434136070311,0,0.0044716307893395
0,0.0212147086858749,0,0.07805135846138,0,0.0173631738871336,0,0.0397511608898639
0,0.0596856027841568,0,0.0096042761579155,0,0.0214336179196834,0,0.0208915248513221
0,0.0085198655724525,0,0.0008936095400713,0,0.0102212140336632,0,0.0036739611532539
0,0.1084323450922966,0,0.0306097958236932,0,0.0291368532925844,0,0.056586280465126
0,0.3422405123710632,0,0.1037833094596862,0,0.2138737142086029,0,0.0719803869724273
0,0.0592106059193611,0,0.0139507502317428,0,0.0256835594773292,0,0.0272108372300863
0,0.2662863135337829,0,0.3029965460300445,0,0.0955783128738403,0,0.3192296028137207
0,0.1568352133035659,0,0.1975128501653671,0,0.419723629951477,0,0.3267318606376648
0,0.5868298411369324,0,0.6131274700164795,0,0.6403050422668457,0,0.8851222395896912
0,0.2624882757663727,0,0.2173550724983215,0,0.3629984855651855,0,0.4401690661907196
0,0.535884439945221,0,0.5780726075172424,0,0.4323565661907196,0,0.6746228337287903
0,0.3076099455356598,0,0.2953229546546936,0,0.0444358251988887,0,0.2744600772857666
0,0.5407986640930176,0,0.6003566384315491,0,0.4768813550472259,0,0.6286783814430237
0,0.2637304365634918,0,0.2240250259637832,0,0.4036262929439544,0,0.5166569352149963
0,0.4889648854732513,0,0.357330858707428,0,0.1401115506887436,0,0.3539291024208069
0,0.0411431714892387,0,0.1256750524044037,0,0.0536594651639461,0,0.0232262443751096
0,0.0639222413301467,0,0.0221682116389274,0,0.0472156703472137,0,0.013093551620841
0,0.09815314412117,0,0.0278039015829563,0,0.0653765797615051,0,0.0100755700841546
0,0.0025242955889552,0,0.0030444667208939,0,0.0042788791470229,0,0.0005791199509985
0,0.3286092281341553,0,0.6086912751197815,0,0.518880307674408,0,0.8058294653892517
0,0.0202398970723152,0,0.0175615828484296,0,0.0096622966229915,0,0.0610187090933322
0,0.0196345318108797,0,0.0243280567228794,0,0.0091840513050556,0,0.029257008805871
0,0.0198721438646316,0,0.0203361194580793,0,0.0064419866539537,0,0.0439975969493389
0,0.7491910457611084,0,0.504404604434967,0,0.2504909336566925,0,0.9013017416000366
0,0.3857718110084533,0,0.4474595189094543,0,0.153956651687622,0,0.8041808009147644
0,0.1205933988094329,0,0.3496591448783874,0,0.413136750459671,0,0.7931026816368103
0,0.0211994312703609,0,0.0081692738458514,0,0.0599903017282485,0,0.0430721081793308
0,0.0144682275131344,0,0.0077776866964995,0,0.0656321421265602,0,0.0134919984266161
0,0.0178667530417442,0,0.0097098285332322,0,0.0410261824727058,0,0.0604879967868328
0,0.0915864631533622,0,0.0195112098008394,0,0.0270578004419803,0,0.0055242953822016
0,0.0137342764064669,0,0.0044537400826811,0,0.0052250553853809,0,0.0017042639665305
0,0.0070588910020887,0,0.0045011760666966,0,0.0017169694183394,0,0.0041741332970559
0,0.324036955833435,0,0.1079558879137039,0,0.0808652341365814,0,0.0044148159213364
0,0.0074713150970637,0,0.0050475932657718,0,0.0015910100191831,0,0.0030630689579993
0,0.5544785857200623,0,0.210467055439949,0,0.1795557886362075,0,0.0059867571108043
0,0.5480253100395203,0,0.1726880818605423,0,0.0452324710786342,0,0.3725294172763824
0,0.4804954528808594,0,0.0746169760823249,0,0.0451838709414005,0,0.2584919929504394
0,0.6169647574424744,0,0.1923248171806335,0,0.0413935929536819,0,0.4967239201068878
0,0.0280681978911161,0,0.0132386768236756,0,0.0072845411486923,0,0.0025596907362341
0,0.0131999822333455,0,0.0040396563708782,0,0.0183991640806198,0,0.0012554383138194
0,0.0431301966309547,0,0.0024837765377014,0,0.0438447259366512,0,0.0013875160366296
0,0.2332191169261932,0,0.0152781717479228,0,0.088726095855236,0,0.0017841077642515
0,0.1623222976922989,0,0.0396790765225887,0,0.1129436567425727,0,0.1153883337974548
0,0.1912835538387298,0,0.0501651614904403,0,0.0518415793776512,0,0.1448670625686645
0,0.1535065621137619,0,0.0400923043489456,0,0.1054503992199897,0,0.1920835822820663
0,0.1410513669252395,0,0.0272965561598539,0,0.0489787831902504,0,0.048229843378067
0,0.001439330750145,0,0.0077947541140019,0,0.0086430618539452,0,0.0178186707198619
0,0.0226821806281805,0,0.0115250861272215,0,0.0091815050691366,0,0.0066769178956747
0,0.0019346274202689,0,0.0010499167256057,0,0.0115859489887952,0,0.000610938121099
0,0.0181977804750204,0,0.0120103266090154,0,0.0055353851057589,0,0.0032908655703067
0,0.0017864896217361,0,0.0011569787748157,0,0.0086666354909539,0,0.0009219929925166
0,0.0195591505616903,0,0.0069085313007235,0,0.0035953323822468,0,0.0017654552357271
0,0.0044015543535351,0,0.0461521558463573,0,0.031176034361124,0,0.0035939661320298
0,0.1140985041856765,0,0.0259917564690113,0,0.1788193732500076,0,0.0066640088334679
0,0.0036129462532699,0,0.0288868267089128,0,0.0221147332340478,0,0.0014939863467589
0,0.0040542129427194,0,0.0016682930290699,0,0.029705399647355,0,0.0045424466952681
0,0.0562382973730564,0,0.011176835745573,0,0.0989881306886673,0,0.0054491790942847
0,0.0051811654120683,0,0.0913285687565803,0,0.0496350228786468,0,0.0123122800141572
0,0.0642728134989738,0,0.0170397423207759,0,0.2996715903282165,0,0.0249980371445417
0,0.0220893584191799,0,0.0080626932904124,0,0.0420155301690101,0,0.0014524671714752
0,0.008347769267857,0,0.0052290568128228,0,0.0137011045590043,0,0.0017953388160094
0,0.037891935557127,0,0.0047756186686456,0,0.0215909928083419,0,0.0033674431033432
0,0.1016876399517059,0,0.0301421899348497,0,0.0548897013068199,0,0.0124738244339823
0,0.052280768752098,0,0.0183280855417251,0,0.0179180242121219,0,0.0018140129977837
0,0.0465798340737819,0,0.0119175715371966,0,0.0221034009009599,0,0.0026144436560571
0,0.7707057595252991,0,0.5945556163787842,0,0.7604076862335205,0,0.7875731587409973
0,0.7448424100875854,0,0.6188820004463196,0,0.7698636651039124,0,0.6566193699836731
0,0.7697998881340027,0,0.6675764918327332,0,0.7567822933197021,0,0.7777650356292725
0,0.0079834954813122,0,0.0068934853188693,0,0.0206745360046625,0,0.0005872317124158
0,0.2883177101612091,0,0.3322494029998779,0,0.3708890676498413,0,0.4421570003032684
0,0.1674119085073471,0,0.0508043467998504,0,0.3140666484832763,0,0.5300287008285522
0,0.0084100309759378,0,0.0051538352854549,0,0.0123576503247022,0,0.0005124359158799
0,0.2556842863559723,0,0.1504686325788498,0,0.3668640553951263,0,0.2344624996185302
0,0.149853840470314,0,0.0750391855835914,0,0.0739515051245689,0,0.6275241374969482
0,0.0114701045677065,0,0.0034254733473062,0,0.0062620160169899,0,0.0005787155241705
0,0.1831269413232803,0,0.1972087174654007,0,0.4320795238018036,0,0.3550470173358917
0,0.1793916374444961,0,0.2373467236757278,0,0.5939330458641052,0,0.5481974482536316
0,0.7747374773025513,0,0.7256708741188049,0,0.9286149740219116,0,0.8687125444412231
0,0.3666087388992309,0,0.3079569339752197,0,0.1883589327335357,0,0.0907998085021972
0,0.0315096378326416,0,0.0131415706127882,0,0.0074845622293651,0,0.002707784064114
0,0.3447817265987396,0,0.3266611993312835,0,0.2336149364709854,0,0.0963244214653968
0,0.0318641513586044,0,0.04459685459733,0,0.0047863321378827,0,0.0020289160311222
0,0.3210339248180389,0,0.2721987068653106,0,0.2156870514154434,0,0.0790614411234855
0,0.0299436505883932,0,0.0157670658081769,0,0.006287804339081,0,0.0020332527346909
0,0.2250346094369888,0,0.0116104381158947,0,0.0479179322719574,0,0.0111008090898394
0,0.0035940259695053,0,0.0074135190807282,0,0.0155268609523773,0,0.0029478888027369
0,0.039740677922964,0,0.003792431904003,0,0.0771899074316024,0,0.0189418140798807
0,0.0037404240574687,0,0.001745558460243,0,0.007986569777131,0,0.002326468238607
0,0.5412998199462891,0,0.3763023614883423,0,0.4548197388648987,0,0.8277063965797424
0,0.7018866539001465,0,0.5595797300338745,0,0.8603739142417908,0,0.9033854007720948
0,0.1862394213676452,0,0.1010061427950859,0,0.4977391064167022,0,0.0288403742015361
0,0.0509093627333641,0,0.0665904656052589,0,0.6616483330726624,0,0.0743027999997139
0,0.7051039338111877,0,0.4781273305416107,0,0.8128565549850464,0,0.9217646718025208
0,0.2656296491622925,0,0.2067184895277023,0,0.7860243916511536,0,0.092891551554203
0,0.1017561852931976,0,0.1452140361070633,0,0.6774088144302368,0,0.1198918744921684
0,0.0031946476083248,0,0.0035544845741242,0,0.008812628686428,0,0.0008860471425577
0,0.7317668795585632,0,0.5088887810707092,0,0.8078744411468506,0,0.9323806166648864
0,0.3442534506320953,0,0.1990454643964767,0,0.777474582195282,0,0.0226457212120294
0,0.0697515234351158,0,0.4145940840244293,0,0.6752433180809021,0,0.2058081328868866
0,0.0011436439817771,0,0.0016154751647263,0,0.0054165963083505,0,0.0007990695303305
0,0.0409099347889423,0,0.0484011173248291,0,0.3034164309501648,0,0.093728631734848
0,0.0435026474297046,0,0.0448105707764625,0,0.0702659040689468,0,0.0663750246167182
1,0.4961033761501312,1,0.4490488469600677,1,0.7955795526504517,1,0.3436225950717926
1,0.6127252578735352,1,0.5598052740097046,1,0.4456218779087066,1,0.4550146460533142
1,0.5118044018745422,1,0.5169731974601746,1,0.3459347188472748,1,0.3601937294006347
1,0.6081191301345825,1,0.6908632516860962,1,0.5472570061683655,1,0.4827190637588501
1,0.8532007932662964,1,0.6562727093696594,1,0.8413214087486267,1,0.8669500946998596
1,0.8370860815048218,1,0.5348241925239563,1,0.8316210508346558,1,0.8993245363235474
1,0.2807293534278869,1,0.3457384705543518,1,0.0593152195215225,1,0.5182337760925293
1,0.5650618076324463,1,0.4993836283683777,1,0.5419412851333618,1,0.6014422178268433
1,0.5914483070373535,1,0.2023597210645675,1,0.9616342782974244,1,0.9482142925262452
1,0.4117873907089233,1,0.306585818529129,1,0.2388428449630737,1,0.3657841384410858
1,0.634914755821228,1,0.1127863451838493,1,0.2083732336759567,1,0.1789326071739196
1,0.7412508130073547,1,0.635697066783905,1,0.9142181277275084,1,0.4217052459716797
1,0.0067426892928779,1,0.0121822943910956,1,0.1158861368894577,1,0.0080530801787972
1,0.375365674495697,1,0.5534514784812927,1,0.7481449842453003,1,0.6686527729034424
1,0.655918538570404,1,0.6610212326049805,1,0.6140130162239075,1,0.6063194870948792
1,0.5480664372444153,1,0.8316697478294373,1,0.5566615462303162,1,0.8791388273239136
1,0.5418802499771118,1,0.3223374187946319,1,0.6249566078186035,1,0.4401795268058777
1,0.6253241300582886,1,0.4664894342422485,1,0.7177682518959045,1,0.5602108836174011
1,0.7625111937522888,1,0.7536154985427856,1,0.8130976557731628,1,0.9120725989341736
1,0.572367250919342,1,0.302651047706604,1,0.3967656791210174,1,0.5543190240859985
1,0.5305446982383728,1,0.2516150176525116,1,0.3095971643924713,1,0.4541079998016357
1,0.6224797368049622,1,0.4053720533847809,1,0.5218921899795532,1,0.6558314561843872
1,0.2931713163852691,1,0.1508501470088958,1,0.1798040270805359,1,0.0358009524643421
1,0.6354358792304993,1,0.5135806798934937,1,0.701819658279419,1,0.8092676401138306
1,0.7602101564407349,1,0.6699603796005249,1,0.7871012091636658,1,0.8543402552604675
1,0.333120584487915,1,0.2812821269035339,1,0.1947776973247528,1,0.1389631032943725
1,0.8723805546760559,1,0.8246728181838989,1,0.962437391281128,1,0.955794095993042
0,0.0845899805426597,0,0.6824975609779358,0,0.3745133876800537,0,0.252937763929367
0,0.0618059560656547,0,0.0599725842475891,0,0.0679430291056633,0,0.0104789854958653
0,0.00177284469828,0,0.0014196470146998,0,0.0010842609917744,0,0.0006176354945637
0,0.0010766027262434,0,0.0015235199825838,0,0.0027141412720084,0,0.0011094433721154
0,0.0229075662791728,0,0.0142588876187801,0,0.0162651874125003,0,0.0113915763795375
0,0.2106121480464935,0,0.6786201000213623,0,0.7016054391860962,0,0.8595080971717834
0,0.0233157742768526,0,0.0117992404848337,0,0.0159923452883958,0,0.0077142505906522
0,0.2804364860057831,0,0.586895763874054,0,0.7721976041793823,0,0.9137110710144044
0,0.0976718887686729,0,0.0182533599436283,0,0.0109272319823503,0,0.0016606030985713
0,0.0173867419362068,0,0.0102650029584765,0,0.01033715903759,0,0.0097035905346274
0,0.0180711206048727,0,0.0087118819355964,0,0.0178665425628423,0,0.0095972837880253
0,0.2552342116832733,0,0.2220076471567154,0,0.325044721364975,0,0.3689061105251312
0,0.72954922914505,0,0.7733185887336731,0,0.9255715012550354,0,0.8345154523849487
0,0.1991617232561111,0,0.0717433020472526,0,0.0069830790162086,0,0.0033477111719548
0,0.3568052947521209,0,0.3929769098758697,0,0.2006086856126785,0,0.6991010308265686
0,0.2953856587409973,0,0.028401743620634,0,0.0237469654530286,0,0.0199059136211872
0,0.2617627084255218,0,0.0069264229387044,0,0.0239789150655269,0,0.0069954828359186
0,0.3454759418964386,0,0.0335685387253761,0,0.0342023223638534,0,0.0237199049443006
0,0.287144273519516,0,0.0538377650082111,0,0.1935077756643295,0,0.0462383329868316
0,0.5792127847671509,0,0.1532287448644638,0,0.274622768163681,0,0.1874509751796722
0,0.3277882933616638,0,0.3280728459358215,0,0.2449400871992111,0,0.0739269852638244
0,0.2170767039060592,0,0.3178863525390625,0,0.1123469620943069,0,0.1474233865737915
0,0.444832980632782,0,0.53514164686203,0,0.888984203338623,0,0.9336898922920228
0,0.0079747084528207,0,0.0023658706340938,0,0.0059458333998918,0,0.0261338967829942
0,0.2170213609933853,0,0.6184135675430298,0,0.5714686512947083,0,0.2946296632289886
0,0.2172753363847732,0,0.726914644241333,0,0.6468896269798279,0,0.2761285603046417
0,0.1694348454475402,0,0.0643108412623405,0,0.139356791973114,0,0.0383677631616592
0,0.5146481990814209,0,0.2025618106126785,0,0.2025837302207946,0,0.8250186443328857
0,0.3904902935028076,0,0.0410017743706703,0,0.418970376253128,0,0.2207673639059066
0,0.0093124052509665,0,0.0108382506296038,0,0.0997109860181808,0,0.00073107262142
0,0.0088118789717555,0,0.0047060376964509,0,0.0090111447498202,0,0.0032225318718701
0,0.0278163757175207,0,0.00946531817317,0,0.0094923414289951,0,0.0112574081867933
0,0.0115380696952342,0,0.0159124601632356,0,0.0075509212911129,0,0.0022277089301496
0,0.1588475257158279,0,0.1501640379428863,0,0.201239675283432,0,0.010948727838695
0,0.0013144672848284,0,0.0118191437795758,0,0.0196076016873121,0,0.0040048500522971
0,0.0077409422956407,0,0.0830878019332885,0,0.1533961296081543,0,0.0228654518723487
0,0.0052768993191421,0,0.0030645148362964,0,0.0031725501175969,0,0.0016195932403206
0,0.0156094478443264,0,0.0064996154978871,0,0.0040859696455299,0,0.0099829994142055
0,0.0118271112442016,0,0.0232205279171466,0,0.0059297787956893,0,0.0005743713118135
0,0.0051200040616095,0,0.0023647074121981,0,0.0154727408662438,0,0.0010702860308811
0,0.0258997492492198,0,0.008096938021481,0,0.0074886577203869,0,0.0077625634148716
0,0.057152934372425,0,0.1080768406391143,0,0.0235208179801702,0,0.0218265149742364
0,0.0130376648157835,0,0.028117686510086,0,0.0065378588624298,0,0.0010938508203253
0,0.0008624537149444,0,0.0021462321747094,0,0.0040281675755977,0,0.0010580820962786
0,0.0050328196957707,0,0.0043127154931426,0,0.0195212960243225,0,0.0011232199613004
0,0.019663268700242,0,0.0091059058904647,0,0.0071160397492349,0,0.0057387673296034
0,0.0688129067420959,0,0.0220782272517681,0,0.0163325816392898,0,0.0068322527222335
0,0.6677227020263672,0,0.4996995329856872,0,0.9021479487419128,0,0.8006303310394287
0,0.0243511069566011,0,0.0159303620457649,0,0.0951504111289978,0,0.2456699311733245
0,0.4698438942432403,0,0.190042957663536,0,0.1168219670653343,0,0.4098086655139923
0,0.6792969107627869,0,0.321159154176712,0,0.6079232096672058,0,0.2821356654167175
0,0.0111241526901721,0,0.0076727773994207,0,0.0593805238604545,0,0.0973219871520996
0,0.3196286857128143,0,0.2253139615058899,0,0.1620088368654251,0,0.3684332072734833
0,0.3838036954402923,0,0.207887664437294,0,0.1293146163225174,0,0.4146994948387146
0,0.0166802685707807,0,0.0041466788388788,0,0.0461131520569324,0,0.0066600069403648
0,0.0228716377168893,0,0.0088153034448623,0,0.0620261281728744,0,0.0044278376735746
0,0.0185618158429861,0,0.0064469999633729,0,0.0387543551623821,0,0.0081951040774583
0,0.0152018582448363,0,0.0010009944671764,0,0.0075190169736742,0,0.0025793369859457
0,0.0079511431977152,0,0.0011572239454835,0,0.006359735969454,0,0.0016479798359796
0,0.0201094225049018,0,0.0052613010630011,0,0.0167009383440017,0,0.0231749843806028
0,0.0056574451737105,0,0.003047545440495,0,0.0123571148142218,0,0.0036117038689553
0,0.0072508747689425,0,0.0041884444653987,0,0.0197066739201545,0,0.0174027718603611
0,0.2539578080177307,0,0.1223088726401329,0,0.1735121756792068,0,0.0430806279182434
0,0.0074521708302199,0,0.0025125567335635,0,0.0154695380479097,0,0.0072915931232273
0,0.008316702209413,0,0.0031937488820403,0,0.0270786471664905,0,0.0331590883433818
0,0.0101992059499025,0,0.0038075512275099,0,0.008134844712913,0,0.0112001989036798
0,0.0093397898599505,0,0.0019272491335868,0,0.0175186563283205,0,0.000656803662423
0,0.0026734699495136,0,0.0008897116058506,0,0.0042924266308546,0,0.0015813073841854
0,0.0133788874372839,0,0.0043849772773683,0,0.0274683348834514,0,0.0030946424230933
0,0.0027797152288258,0,0.0018644965020939,0,0.0080403070896863,0,0.0031802987214177
0,0.6066866517066956,0,0.2904296219348907,0,0.2306679189205169,0,0.7374685406684875
0,0.0043930248357355,0,0.0006912851822562,0,0.0056102303788065,0,0.0043581672944128
0,0.013031555339694,0,0.004401842597872,0,0.0177697744220495,0,0.00266750366427
0,0.0660528838634491,0,0.0418279953300952,0,0.007825220003724,0,0.0613592453300952
0,0.0368988998234272,0,0.0138498013839125,0,0.0050384174101054,0,0.007707483600825
0,0.1270824670791626,0,0.0137365823611617,0,0.017505407333374,0,0.0020727363880723
0,0.6987692713737488,0,0.2202674448490142,0,0.5840150117874146,0,0.6990365982055664
0,0.5745190382003784,0,0.5448004603385925,0,0.5627122521400452,0,0.1331474930047989
0,0.562515139579773,0,0.4345839917659759,0,0.3519092202186584,0,0.2283350080251693
0,0.5472408533096313,0,0.4400039315223694,0,0.4554952383041382,0,0.4901423454284668
0,0.4738337099552154,0,0.2294545024633407,0,0.4077760875225067,0,0.5849101543426514
0,0.1314922869205474,0,0.1223499476909637,0,0.0251472722738981,0,0.0904644429683685
0,0.0392242893576622,0,0.0113210212439298,0,0.0034638298675417,0,0.002797745866701
0,0.0380940549075603,0,0.0130929285660386,0,0.0034928934182971,0,0.0022694014478474
0,0.0334697440266609,0,0.0122926020994782,0,0.0026453803293406,0,0.0025371632073074
0,0.3501461148262024,0,0.232492133975029,0,0.3841558396816253,0,0.2340042889118194
0,0.0160142090171575,0,0.0080447159707546,0,0.0028465345967561,0,0.0017273285193368
0,0.1691467761993408,0,0.2499212026596069,0,0.2133218348026275,0,0.1894243508577346
0,0.1784001886844635,0,0.0289974156767129,0,0.0583619251847267,0,0.0240136627107858
0,0.0211547389626503,0,0.0056307939812541,0,0.0063971620984375,0,0.0124764563515782
0,0.0027753696776926,0,0.0060665146447718,0,0.0110265417024493,0,0.0031582682859152
0,0.0137007953599095,0,0.0238842442631721,0,0.0336036868393421,0,0.0266527272760868
0,0.020799171179533,0,0.0233426205813884,0,0.0234119519591331,0,0.0155663061887025
0,0.0138481929898262,0,0.0095148338004946,0,0.0154465157538652,0,0.016347886994481
0,0.1030765399336814,0,0.049136035144329,0,0.0200478136539459,0,0.0306926220655441
0,0.0152451489120721,0,0.0088208299130201,0,0.0094337631016969,0,0.0063655520789325
0,0.4782018363475799,0,0.1110190823674202,0,0.4571065008640289,0,0.4993036091327667
0,0.0135298129171133,0,0.0817888975143432,0,0.0704649910330772,0,0.002854213817045
0,0.0493556968867778,0,0.0577073618769645,0,0.1869418770074844,0,0.0011283255880698
0,0.2735619843006134,0,0.040489375591278,0,0.0821815356612205,0,0.4637386798858642
0,0.1186737939715385,0,0.047996949404478,0,0.1815178096294403,0,0.3711706101894378
0,0.0112568503245711,0,0.0021437276154756,0,0.0042952359654009,0,0.0054290336556732
0,0.0277597550302743,0,0.0221586264669895,0,0.0392367802560329,0,0.0355770625174045
0,0.1028701961040496,0,0.0157282352447509,0,0.0236025303602218,0,0.0352848507463932
0,0.0194783248007297,0,0.0124026415869593,0,0.0284482929855585,0,0.0083890445530414
0,0.1205560639500618,0,0.0201362930238246,0,0.1248294785618782,0,0.1551665514707565
0,0.0194944608956575,0,0.0102798668667674,0,0.0274416804313659,0,0.0160054359585046
0,0.0908392667770385,0,0.0110634081065654,0,0.0235024746507406,0,0.0555486381053924
0,0.007803404238075,0,0.0064666629768908,0,0.0276319179683923,0,0.0059353751130402
0,0.7653416991233826,0,0.410041868686676,0,0.4940650463104248,0,0.8209067583084106
0,0.6697307825088501,0,0.238429307937622,0,0.6785805225372314,0,0.7439314723014832
0,0.0734481140971183,0,0.0303812492638826,0,0.0253913048654794,0,0.0061871637590229
0,0.0140091776847839,0,0.0060444278642535,0,0.020337127149105,0,0.0049288189038634
0,0.0477902851998806,0,0.0136898327618837,0,0.016051048412919,0,0.0123796621337533
0,0.0174503475427627,0,0.0121259707957506,0,0.0204756986349821,0,0.0070284716784954
0,0.0392940416932106,0,0.0130113018676638,0,0.0121658369898796,0,0.0320708528161048
0,0.0174902491271495,0,0.0082834111526608,0,0.012403342872858,0,0.0153023581951856
0,0.0042704436928033,0,0.0007495335303246,0,0.0047337915748357,0,0.0011119690025225
0,0.0346669591963291,0,0.009123339317739,0,0.0168486014008522,0,0.0403397530317306
0,0.0173229873180389,0,0.0177615284919738,0,0.0067947511561214,0,0.0251931473612785
0,0.002421349287033,0,0.0012837669346481,0,0.0196624286472797,0,0.0113859232515096
0,0.0551635846495628,0,0.0224131140857934,0,0.0046237800270318,0,0.054021593183279
0,0.0018816172378137,0,0.0009056769195012,0,0.0100622102618217,0,0.0021713098976761
0,0.0037759800907224,0,0.0007841318729333,0,0.003717282321304,0,0.0009362319833599
0,0.0252973865717649,0,0.0145247019827365,0,0.009455170482397,0,0.002774289343506
0,0.0115490825846791,0,0.0097563117742538,0,0.0140146976336836,0,0.0031647137366235
0,0.0249749086797237,0,0.0152247250080108,0,0.0095216166228055,0,0.0033454517833888
0,0.0018710063304752,0,0.0008834991022013,0,0.004656143952161,0,0.0015549466479569
0,0.0198217798024415,0,0.0091904494911432,0,0.0363510251045227,0,0.0033575992565602
0,0.0234631970524787,0,0.0062205824069678,0,0.016438690945506,0,0.0385038219392299
0,0.0263218414038419,0,0.0250419359654188,0,0.0161756668239831,0,0.0077114002779126
0,0.3955599367618561,0,0.0945810675621032,0,0.2483466118574142,0,0.1494651883840561
0,0.4061382412910461,0,0.1344273686408996,0,0.0589291825890541,0,0.0672384798526763
0,0.041270226240158,0,0.0572062470018863,0,0.0416811108589172,0,0.0579779073596
0,0.1069159135222435,0,0.2080745249986648,0,0.8165744543075562,0,0.413849800825119
0,0.0208805203437805,0,0.0268255341798067,0,0.0240311194211244,0,0.0023284580092877
0,0.0170298162847757,0,0.0286360289901494,0,0.029153624549508,0,0.002193760825321
0,0.015434700064361,0,0.0312723331153392,0,0.0279976427555084,0,0.0020390462595969
0,0.1315622180700302,0,0.0551499314606189,0,0.0571972727775573,0,0.3753290176391601
0,0.0303432140499353,0,0.0051738168112933,0,0.0149289621040225,0,0.0009310210007242
0,0.3057811558246612,0,0.2550470232963562,0,0.5823920369148254,0,0.6481367349624634
0,0.135805457830429,0,0.0705991759896278,0,0.0793566703796386,0,0.3306690454483032
0,0.0133808897808194,0,0.0038743508048355,0,0.011188207194209,0,0.0014556942041963
0,0.1684681475162506,0,0.1221898943185806,0,0.3176966905593872,0,0.4958716928958893
0,0.1203676462173461,0,0.0781606137752533,0,0.101456418633461,0,0.4739274680614471
0,0.0211801100522279,0,0.0034455538261681,0,0.0115403924137353,0,0.0016031601699069
0,0.0328273177146911,0,0.0099118305370211,0,0.015137474052608,0,0.1286846250295639
0,0.8273711204528809,0,0.6546209454536438,0,0.8904092907905579,0,0.6381008625030518
0,0.6766360998153687,0,0.6357856392860413,0,0.8044707179069519,0,0.8037515878677368
0,0.6853565573692322,0,0.6525969505310059,0,0.7664719820022583,0,0.822289228439331
0,0.0182271338999271,0,0.0102275591343641,0,0.0067772511392831,0,0.0045985453762114
0,0.0113635892048478,0,0.0096838297322392,0,0.005923003423959,0,0.002631526440382
0,0.0352192297577858,0,0.0103665813803672,0,0.0098155029118061,0,0.0002981110301334
0,0.0126071702688932,0,0.0068196677602827,0,0.0469859987497329,0,0.0644616112112999
0,0.0389652736485004,0,0.0293855015188455,0,0.0464252904057502,0,0.1234091147780418
0,0.0710057616233825,0,0.0322422198951244,0,0.0386747457087039,0,0.0731611251831054
0,0.0848759412765502,0,0.0137056270614266,0,0.0502041205763816,0,0.0040897377766668
0,0.3023083806037903,0,0.1060852482914924,0,0.3483189642429352,0,0.4316142797470093
0,0.1541797369718551,0,0.186470627784729,0,0.0753089487552642,0,0.251286506652832
0,0.2880280017852783,0,0.0094849020242691,0,0.2992932796478271,0,0.0364383272826671
0,0.0133235426619648,0,0.0052988552488386,0,0.1479976028203964,0,0.0247358419001102
0,0.0513394251465797,0,0.0034918747842311,0,0.0099910097196698,0,0.0111931506544351
0,0.2310241311788559,0,0.061992023140192,0,0.138861209154129,0,0.4263743758201599
0,0.0214114226400852,0,0.0209709219634532,0,0.0114408386871218,0,0.0088551901280879
0,0.0136608509346842,0,0.0024726665578782,0,0.0135873258113861,0,0.0025658986996859
0,0.0097522912546992,0,0.0051305443048477,0,0.0502637587487697,0,0.0300729386508464
0,0.1130213364958763,0,0.0615506134927272,0,0.3435015678405761,0,0.3046611249446869
0,0.0153310252353549,0,0.0041994391940534,0,0.0030221689958125,0,0.0041637048125267
0,0.401993453502655,0,0.0800852328538894,0,0.1121694296598434,0,0.4808239340782165
0,0.062419980764389,0,0.0956946164369583,0,0.0295794624835252,0,0.1539869010448455
0,0.0045207706280052,0,0.0017995935631915,0,0.0139763681218028,0,0.0016281704884022
0,0.0067633860744535,0,0.0055890055373311,0,0.1619920879602432,0,0.0389790795743465
0,0.0193390138447284,0,0.0032724067568778,0,0.0023110073525458,0,0.003852357622236
0,0.3834739923477173,0,0.0445356592535972,0,0.1108786538243293,0,0.4191448390483856
0,0.0621635131537914,0,0.0247408729046583,0,0.0391353666782379,0,0.0081709241494536
0,0.0884090587496757,0,0.0716655030846595,0,0.1350378990173339,0,0.285578966140747
0,0.0045488961040973,0,0.0015895246760919,0,0.0054795863106846,0,0.0011631685774773
0,0.0038762835320085,0,0.0018413338111713,0,0.0072140004485845,0,0.0030836556106805
0,0.0725744292140007,0,0.165931761264801,0,0.017716871574521,0,0.0112389745190739
0,0.4088878929615021,0,0.2624632120132446,0,0.1708397269248962,0,0.132131889462471
0,0.5237426161766052,0,0.4299079775810241,0,0.4738978445529938,0,0.5031590461730957
0,0.8201304078102112,0,0.6914685368537903,0,0.9297435879707336,0,0.3404611647129059
0,0.1366288363933563,0,0.2249650955200195,0,0.1970874518156051,0,0.0508568435907363
0,0.1206747144460678,0,0.0879444777965545,0,0.1176727265119552,0,0.238312616944313
0,0.0034715251531451,0,0.0012867734767496,0,0.0035155555233359,0,0.0005838327342644
0,0.1829316020011901,0,0.1246002912521362,0,0.4783575534820556,0,0.3564167022705078
0,0.120644487440586,0,0.191439151763916,0,0.1497577726840973,0,0.0406566523015499
0,0.0048563568852841,0,0.0015070660738274,0,0.004880616441369,0,0.0009098185691982
0,0.2577733397483825,0,0.1985663324594497,0,0.1173224300146102,0,0.3434537649154663
0,0.0836775675415992,0,0.0833304896950721,0,0.3865015208721161,0,0.2118620872497558
0,0.4605937600135803,0,0.209892600774765,0,0.0663389861583709,0,0.077258177101612
0,0.4479419887065887,0,0.342688649892807,0,0.3527798354625702,0,0.1884837597608566
0,0.0045451689511537,0,0.002647812012583,0,0.005110734142363,0,0.1199652031064033
0,0.3097594380378723,0,0.209423542022705,0,0.5191856026649475,0,0.445796251296997
0,0.0014051641337573,0,0.0021248944103717,0,0.0079312641173601,0,0.0009831060888245
0,0.0145702008157968,0,0.0026702273171395,0,0.0099106468260288,0,0.0014755368465557
0,0.0058409268967807,0,0.0018360809190198,0,0.0165480468422174,0,0.0023376368917524
0,0.4017057120800018,0,0.2229656875133514,0,0.6067013740539551,0,0.4856534302234649
0,0.0078081679530441,0,0.0040118019096553,0,0.0125498231500387,0,0.0139399841427803
0,0.0066433497704565,0,0.0055552278645336,0,0.0111140441149473,0,0.0058589638210833
0,0.0848714634776115,0,0.1607293039560318,0,0.7502268552780151,0,0.567600667476654
0,0.0869030356407165,0,0.0232094060629606,0,0.0249803513288497,0,0.0084795281291008
0,0.0228274539113044,0,0.0028310497291386,0,0.0057629090733826,0,0.0083765545859932
0,0.1285583525896072,0,0.065575361251831,0,0.2057704180479049,0,0.0151038849726319
0,0.0835980474948883,0,0.0236423183232545,0,0.022503662854433,0,0.0048797060735523
0,0.1088227853178978,0,0.0726021379232406,0,0.2080520391464233,0,0.0127732381224632
0,0.0442735850811004,0,0.0057378662750124,0,0.0073015438392758,0,0.009268095716834
0,0.1894374936819076,0,0.1390142887830734,0,0.2595642805099487,0,0.024892495945096
0,0.095980480313301,0,0.0215504188090562,0,0.0211604554206132,0,0.01041916385293
0,0.2382497191429138,0,0.0265509486198425,0,0.016053419560194,0,0.0223518256098032
0,0.0013169759185984,0,0.0020182423759251,0,0.0051829768344759,0,0.0004139126685913
0,0.1242811232805252,0,0.1300951987504959,0,0.3267731368541717,0,0.0216109026223421
0,0.0198797285556793,0,0.0106829330325126,0,0.0166212357580661,0,0.0148852746933698
0,0.0024866291787475,0,0.0040506371296942,0,0.0175678525120019,0,0.0012255230685696
0,0.1840146631002426,0,0.1503622382879257,0,0.2941751182079315,0,0.0269534811377525
0,0.0241847429424524,0,0.0103231184184551,0,0.0186563059687614,0,0.0158555526286363
0,0.3325170576572418,0,0.3722081184387207,0,0.6539903879165649,0,0.2437987029552459
0,0.0996200442314148,0,0.0601399168372154,0,0.2298157662153244,0,0.2175598442554474
0,0.1301454603672027,0,0.0405150204896926,0,0.0334948413074016,0,0.0711632221937179
0,0.0609484836459159,0,0.0246376618742942,0,0.0269960295408964,0,0.0045610102824866
0,0.0634956732392311,0,0.0105958832427859,0,0.0083995349705219,0,0.0046629267744719
0,0.0284679383039474,0,0.006761195603758,0,0.0106212785467505,0,0.0166156571358442
0,0.4235192537307739,0,0.1401547342538833,0,0.3875050842761993,0,0.5472915172576904
0,0.0119128730148077,0,0.0036606236826628,0,0.0220146980136632,0,0.0377547107636928
0,0.0149220768362283,0,0.0039195846766233,0,0.0332041308283805,0,0.067417062819004
0,0.0098475916311144,0,0.0052007809281349,0,0.0193393565714359,0,0.007182031404227
0,0.0200559105724096,0,0.0236904583871364,0,0.0144611932337284,0,0.0225304141640663
0,0.036843467503786,0,0.0239621736109256,0,0.0471836626529693,0,0.0807786136865615
0,0.020230608060956,0,0.0188873726874589,0,0.0363343060016632,0,0.0246473904699087
0,0.011061081662774,0,0.0417050011456012,0,0.0864539369940757,0,0.0061418837867677
0,0.0037485887296497,0,0.0015121606411412,0,0.0028130821883678,0,0.00179359910544
0,0.0744577422738075,0,0.0212866347283124,0,0.0169307868927717,0,0.0171134546399116
0,0.0092139868065714,0,0.0034649029839783,0,0.0176544915884733,0,0.0042423624545335
0,0.0452492907643318,0,0.0116163492202758,0,0.0265581980347633,0,0.007912908680737
0,0.056649561971426,0,0.151420846581459,0,0.2449339032173156,0,0.2646553218364715
0,0.0021442680153995,0,0.0266404170542955,0,0.011185111477971,0,0.0019961295183748
0,0.0046893986873328,0,0.0613071322441101,0,0.0131980450823903,0,0.0014760062331333
0,0.0429933108389377,0,0.1822780519723892,0,0.1393215060234069,0,0.1760394871234893
0,0.7443909049034119,0,0.2382363229990005,0,0.2915676236152649,0,0.1939641535282135
0,0.5980591773986816,0,0.3325685262680053,0,0.2089947164058685,0,0.4990241527557373
0,0.1077061370015144,0,0.0273398198187351,0,0.0572077147662639,0,0.0109302066266536
0,0.0040907184593379,0,0.052173338830471,0,0.0183770786970853,0,0.0033098452258855
0,0.0322659239172935,0,0.0965187326073646,0,0.1405961066484451,0,0.1057480424642562
0,0.141223207116127,0,0.0293035581707954,0,0.057550199329853,0,0.0499980971217155
0,0.1689614057540893,0,0.17865552008152,0,0.4265304207801819,0,0.464441567659378
0,0.0311918742954731,0,0.0129040097817778,0,0.0164320077747106,0,0.0005714246071875
0,0.3194510042667389,0,0.1334030926227569,0,0.2339599579572677,0,0.0137559054419398
1,0.7076703906059265,1,0.5468061566352844,1,0.6099908947944641,1,0.6837863922119141
1,0.0209417380392551,1,0.3745209276676178,1,0.2514292299747467,1,0.0997687056660652
1,0.6267916560173035,1,0.7681920528411865,1,0.8933928608894348,1,0.8642174601554871
1,0.6775259375572205,1,0.6132076978683472,1,0.6875119209289551,1,0.733304500579834
1,0.6916705369949341,1,0.5983706116676331,1,0.6342412233352661,1,0.633185088634491
1,0.0443238392472267,1,0.1051627099514007,1,0.0621380731463432,1,0.1433801651000976
1,0.0173037443310022,1,0.0825815573334693,1,0.0996415615081787,1,0.1945060193538665
1,0.2535383105278015,1,0.1880954504013061,1,0.0821473523974418,1,0.426118940114975
1,0.3744188845157623,1,0.1233431920409202,1,0.2303695380687713,1,0.2586028575897217
1,0.4560546875,1,0.0878158137202262,1,0.2840084731578827,1,0.199520543217659
1,0.6835408806800842,1,0.1937982589006424,1,0.3925141394138336,1,0.5078283548355103
1,0.7948108911514282,1,0.4852811694145202,1,0.7473245859146118,1,0.7270824909210205
1,0.5994994044303894,1,0.8046839237213135,1,0.6070664525032043,1,0.8189329504966736
1,0.2382910102605819,1,0.1048774719238281,1,0.1407291442155838,1,0.040764220058918
1,0.8253656625747681,1,0.4333890676498413,1,0.7318720817565918,1,0.7664053440093994
1,0.5476965308189392,1,0.8289417624473572,1,0.8714662790298462,1,0.9325767159461976
1,0.7149993181228638,1,0.8129441142082214,1,0.966359555721283,1,0.8782892227172852
1,0.7721229791641235,1,0.7489786148071289,1,0.9376032948493958,1,0.8615317344665527
1,0.0066011971794068,1,0.0067548905499279,1,0.0192688759416341,1,0.002217601519078
1,0.8222073316574097,1,0.5734964609146118,1,0.7321743965148926,1,0.8346341252326965
1,0.2282901108264923,1,0.0925724878907203,1,0.1246910914778709,1,0.4191762804985046
0,0.0284760408103466,0,0.0053334245458245,0,0.0273475162684917,0,0.0111266653984785
0,0.0146615682169795,0,0.0049055707640945,0,0.0104576768353581,0,0.0029643983580172
0,0.0210672263056039,0,0.0087680565193295,0,0.0089173447340726,0,0.0686873197555542
0,0.0239354576915502,0,0.0188010279089212,0,0.0025187595747411,0,0.0078221363946795
0,0.0238050408661365,0,0.0063870376907289,0,0.0051070959307253,0,0.0013916024472564
0,0.0128566771745681,0,0.012617883272469,0,0.0137930493801832,0,0.0084651354700326
0,0.0250479094684124,0,0.012163957580924,0,0.0224012210965156,0,0.0157435368746519
0,0.0960963517427444,0,0.0385488346219062,0,0.0370035842061042,0,0.0168636478483676
0,0.0362364538013935,0,0.0101485783234238,0,0.0121270520612597,0,0.1813882887363433
0,0.4923292398452759,0,0.2853430807590484,0,0.6191946268081665,0,0.6361970901489258
0,0.0421835929155349,0,0.0295655522495508,0,0.0689982324838638,0,0.0055103739723563
0,0.0624177493155002,0,0.0345149971544742,0,0.0913929566740989,0,0.0112366378307342
0,0.4588686823844909,0,0.0966828912496566,0,0.1282113641500473,0,0.1319912672042846
0,0.0143520710989832,0,0.0104791084304451,0,0.0099684754386544,0,0.0018341481918469
0,0.8688311576843262,0,0.5687161684036255,0,0.5684632062911987,0,0.8568850159645081
0,0.8263665437698364,0,0.525412917137146,0,0.8978906273841858,0,0.9076169729232788
0,0.6847735047340393,0,0.5105815529823303,0,0.6894234418869019,0,0.7010030746459961
0,0.8062595129013062,0,0.5062020421028137,0,0.866385817527771,0,0.897228479385376
0,0.6125234365463257,0,0.397247850894928,0,0.5003535151481628,0,0.5930264592170715
0,0.1798919290304184,0,0.1615162044763565,0,0.1171538084745407,0,0.108509860932827
0,0.0890440866351127,0,0.0185489133000373,0,0.0126917203888297,0,0.071106381714344
0,0.0124624343588948,0,0.0282992385327816,0,0.1086500287055969,0,0.0254689883440732
0,0.0181099995970726,0,0.0563294515013694,0,0.0209506209939718,0,0.0148319760337471
0,0.1030674427747726,0,0.0923825204372406,0,0.1386916488409042,0,0.0783654153347015
0,0.0564375855028629,0,0.0110316695645451,0,0.0089756464585661,0,0.0242685135453939
0,0.0159438084810972,0,0.0136741166934371,0,0.0973104462027549,0,0.0138792246580123
0,0.0215077698230743,0,0.0365158468484878,0,0.3151442408561706,0,0.0704337581992149
0,0.029142390936613,0,0.0593367889523506,0,0.1442400366067886,0,0.0851264595985412
0,0.1511164456605911,0,0.0364350788295269,0,0.0077597396448254,0,0.0617181956768035
0,0.0455289669334888,0,0.0163319893181324,0,0.1298164874315261,0,0.0023315481375902
0,0.0650334134697914,0,0.0308915935456752,0,0.0215063616633415,0,0.0293208733201026
0,0.024811141192913,0,0.0136338798329234,0,0.083875872194767,0,0.0025424407795071
0,0.1393976211547851,0,0.0430520810186862,0,0.0700200274586677,0,0.0549969598650932
0,0.721517026424408,0,0.4288609623908996,0,0.68899005651474,0,0.4608492255210876
0,0.7485880851745605,0,0.4738262295722961,0,0.7390412092208862,0,0.4834604859352112
0,0.0383096747100353,0,0.047681376338005,0,0.1167044788599014,0,0.1623257994651794
0,0.0249586272984743,0,0.0326627902686595,0,0.1494519710540771,0,0.1614662408828735
0,0.0053492984734475,0,0.0012067805510014,0,0.0031508742831647,0,0.0004109699802938
0,0.0021389571484178,0,0.0010092210723087,0,0.0055365297012031,0,0.0006761945551261
0,0.0024049021303653,0,0.0004242167633492,0,0.0034860190935432,0,0.007387536112219
0,0.0303648356348276,0,0.0107529507949948,0,0.1073916479945182,0,0.0062201842665672
0,0.0170641113072633,0,0.0021074523683637,0,0.0027356850914657,0,0.0006054109544493
0,0.0042340233922004,0,0.0010588438017293,0,0.0064461296424269,0,0.0247178804129362
0,0.0018998892046511,0,0.0011885127751156,0,0.002287091454491,0,0.0009619183838367
0,0.0018588586244732,0,0.0009069934021681,0,0.0027995731215924,0,0.0032755923457443
0,0.0033129123039543,0,0.0032113196793943,0,0.0047758230939507,0,0.0010648602619767
0,0.0109790544956922,0,0.0016420409083366,0,0.0029913610778748,0,0.0003891460073646
0,0.2265622019767761,0,0.2091417759656906,0,0.5913348197937012,0,0.6523965001106262
0,0.0052611790597438,0,0.003038317663595,0,0.002734082750976,0,0.0025521649513393
0,0.0447778329253196,0,0.0997579544782638,0,0.4813205599784851,0,0.4688122570514679
0,0.0122011015191674,0,0.0044854069128632,0,0.0014431860763579,0,0.0011155529646202
0,0.4692179560661316,0,0.2478632628917694,0,0.6021906733512878,0,0.6897004842758179
0,0.8378732204437256,0,0.6435331702232361,0,0.7539640069007874,0,0.8374403119087219
0,0.3874316215515136,0,0.5594480633735657,0,0.7994292974472046,0,0.754187285900116
0,0.2310029566287994,0,0.4443005621433258,0,0.5946120619773865,0,0.5774728655815125
0,0.0694378837943077,0,0.0354814268648624,0,0.0431235283613204,0,0.021289125084877
0,0.1247680038213729,0,0.0377240851521492,0,0.0250199269503355,0,0.1090905740857124
0,0.7853884696960449,0,0.4543757140636444,0,0.6133748292922974,0,0.4111998677253723
0,0.0018960743909701,0,0.0038485226687043,0,0.0025535961613059,0,0.0004949845606461
0,0.107164479792118,0,0.005307774990797,0,0.0275081638246774,0,0.0235423240810632
0,0.0056285029277205,0,0.0070687299594283,0,0.0284383539110422,0,0.0185033287853002
0,0.0052784886211156,0,0.0037391274236142,0,0.0287730302661657,0,0.0233302898705005
0,0.0466924645006656,0,0.0050960234366357,0,0.072600245475769,0,0.0224409066140651
0,0.0060843294486403,0,0.0073500731959939,0,0.0741069316864013,0,0.0323044806718826
0,0.0158908739686012,0,0.0057490770705044,0,0.010663291439414,0,0.0032696039415895
0,0.0399961918592453,0,0.0041453400626778,0,0.0106317615136504,0,0.002840400673449
0,0.2677563726902008,0,0.6881622076034546,0,0.91357159614563,0,0.9333481192588806
0,0.2917943596839905,0,0.1797446608543396,0,0.0819405168294906,0,0.0291558224707841
0,0.1235416457056999,0,0.1158850491046905,0,0.0135712102055549,0,0.0060249203816056
0,0.1925649642944336,0,0.1847039461135864,0,0.044497050344944,0,0.0058518857695162
0,0.3919307291507721,0,0.3254612684249878,0,0.6577513217926025,0,0.213461086153984
0,0.5293061137199402,0,0.2999272048473358,0,0.654692530632019,0,0.1952649354934692
0,0.6034013032913208,0,0.2127371728420257,0,0.6452562808990479,0,0.4126373529434204
0,0.3559551239013672,0,0.2770387232303619,0,0.3217331767082214,0,0.5151349902153015
0,0.5673121213912964,0,0.6574429869651794,0,0.3857785165309906,0,0.7769253253936768
0,0.5384153723716736,0,0.4479812383651733,0,0.3844785392284393,0,0.2767549753189087
0,0.499629408121109,0,0.4715219736099243,0,0.4450647830963135,0,0.1976250112056732
0,0.6529244780540466,0,0.2514794170856476,0,0.4052734375,0,0.0812498033046722
0,0.4978953301906585,0,0.5547676086425781,0,0.3647158145904541,0,0.0557560995221138
0,0.6067636609077454,0,0.3679488003253937,0,0.2101840823888778,0,0.0860605239868164
0,0.0755875036120414,0,0.068934828042984,0,0.0281192306429147,0,0.0136783504858613
0,0.0724568888545036,0,0.0765851214528083,0,0.0226712208241224,0,0.0203306153416633
0,0.0784245356917381,0,0.0792313441634178,0,0.0216659530997276,0,0.0166655723005533
0,0.1162089630961418,0,0.0239830277860164,0,0.0297305900603532,0,0.0126783670857548
0,0.0332096330821514,0,0.0140008088201284,0,0.030441153794527,0,0.0110990973189473
0,0.0201884228736162,0,0.0071927974931895,0,0.0108223222196102,0,0.0055488641373813
0,0.0063732652924954,0,0.0032911815214902,0,0.0037123658694326,0,0.0040900097228586
0,0.13616244494915,0,0.0515864640474319,0,0.3123541474342346,0,0.5166479349136353
0,0.0635039284825325,0,0.1531912833452224,0,0.0502115450799465,0,0.0013332252856343
0,0.0665110200643539,0,0.1084220856428146,0,0.0394955165684223,0,0.0020825318060815
0,0.0664735212922096,0,0.0678917467594146,0,0.221213087439537,0,0.1133317053318023
0,0.6738981604576111,0,0.0967700406908989,0,0.5478875041007996,0,0.206960067152977
0,0.0465551987290382,0,0.0385754853487014,0,0.0085787018761038,0,0.0063877333886921
0,0.5890481472015381,0,0.6288937330245972,0,0.59270179271698,0,0.6471576690673828
0,0.0308346524834632,0,0.0861650481820106,0,0.3174056112766266,0,0.1065747290849685
0,0.0537614375352859,0,0.0374202281236648,0,0.0064067714847624,0,0.0111736459657549
0,0.5938006043434143,0,0.7039164900779724,0,0.6434718370437622,0,0.7273998856544495
0,0.1384914964437484,0,0.2127847522497177,0,0.3696282804012298,0,0.4032826721668243
0,0.0381207354366779,0,0.0399515591561794,0,0.0077612451277673,0,0.0035080628003925
0,0.6049701571464539,0,0.7369344830513,0,0.5830444097518921,0,0.689079225063324
0,0.0768259093165397,0,0.0318049751222133,0,0.0422203354537487,0,0.4103188514709472
0,0.0194444842636585,0,0.026482542976737,0,0.021962160244584,0,0.0068580014631152
0,0.013569270260632,0,0.016743054613471,0,0.0317023731768131,0,0.0042048683390021
0,0.0122327161952853,0,0.0005381545634008,0,0.0223627742379903,0,0.0053870375268161
0,0.0324920639395713,0,0.0194637216627597,0,0.1262714713811874,0,0.0076049985364079
0,0.0095304585993289,0,0.0171912927180528,0,0.047736931592226,0,0.0064634191803634
0,0.0134347062557935,0,0.0193653125315904,0,0.0389970429241657,0,0.0049682008102536
0,0.006033425219357,0,0.0061409259214997,0,0.0226408708840608,0,0.0034098399337381
0,0.2315473407506942,0,0.0599926151335239,0,0.0733911469578743,0,0.0568717010319232
0,0.0049731936305761,0,0.0019323352025821,0,0.0020146882161498,0,0.0083016883581876
0,0.0112085407599806,0,0.0060118846595287,0,0.0071612461470067,0,0.0061289966106414
0,0.1613595187664032,0,0.0267797634005546,0,0.0251877382397651,0,0.0033461223356425
0,0.0880642309784889,0,0.0231079645454883,0,0.0065758302807807,0,0.0064239045605063
0,0.0040333033539354,0,0.0019327307818457,0,0.002039696322754,0,0.0037000672891736
0,0.0069412244483828,0,0.006823809351772,0,0.0029199449345469,0,0.004526637494564
0,0.1901841163635254,0,0.1712070256471634,0,0.0954072102904319,0,0.0123664401471614
0,0.0725148543715477,0,0.0325290039181709,0,0.0140684088692069,0,0.0104269990697503
0,0.0043201711960136,0,0.0024943479802459,0,0.0041854386217892,0,0.0067619611509144
0,0.0065222643315792,0,0.0063804653473198,0,0.006905639078468,0,0.0102472668513655
0,0.0138471517711877,0,0.0048783891834318,0,0.0079578002914786,0,0.0146941244602203
0,0.0170938074588775,0,0.1650789678096771,0,0.0244585517793893,0,0.009877230040729
0,0.0092822406440973,0,0.11995580047369,0,0.0450223423540592,0,0.023562453687191
0,0.1051019057631492,0,0.0350890047848224,0,0.1061742901802063,0,0.0256956331431865
0,0.0140295717865228,0,0.0576517544686794,0,0.0127859376370906,0,0.0013022610219195
0,0.1243400424718856,0,0.2575507462024688,0,0.2564550936222076,0,0.0583669431507587
0,0.1682509183883667,0,0.1217964515089988,0,0.0642379075288772,0,0.0919279232621193
0,0.0308853164315223,0,0.00500213727355,0,0.051311295479536,0,0.0016763581661507
0,0.0155289964750409,0,0.0267870351672172,0,0.0559744052588939,0,0.005326444748789
0,0.0015848277835175,0,0.00240442273207,0,0.0067645134404301,0,0.0078001888468861
0,0.0108875595033168,0,0.013438175432384,0,0.0162872988730669,0,0.0038719980511814
0,0.0091217532753944,0,0.0082135954871773,0,0.006309441756457,0,0.0037190555594861
0,0.0217721574008464,0,0.0114703429862856,0,0.0204355921596288,0,0.027473047375679
0,0.0033318186178803,0,0.003978184890002,0,0.0056663290597498,0,0.0037196106277406
0,0.0033825000282377,0,0.0133650535717606,0,0.00700866850093,0,0.001592262648046
0,0.0049993731081485,0,0.0101980986073613,0,0.0042635798454284,0,0.0042520482093095
0,0.0027948031201958,0,0.0046363016590476,0,0.02924395352602,0,0.0065852561965584
0,0.0679979398846626,0,0.0313967764377594,0,0.0579315312206745,0,0.0087575251236557
0,0.8562507629394531,0,0.6230900883674622,0,0.6979598999023438,0,0.7507112622261047
0,0.0856564566493034,0,0.0126167312264442,0,0.0749539583921432,0,0.0526281856000423
0,0.0548745766282081,0,0.0117404563352465,0,0.0218066629022359,0,0.0601651966571807
0,0.0861571803689003,0,0.0194894652813673,0,0.0708314478397369,0,0.0377205647528171
0,0.0224549900740385,0,0.0395196340978145,0,0.0568915009498596,0,0.0016228634631261
0,0.0028582282830029,0,0.0022396552376449,0,0.0032625054009258,0,0.001398796099238
0,0.0701038613915443,0,0.015682129189372,0,0.0331505984067916,0,0.0058347112499177
0,0.001682752626948,0,0.0013118109200149,0,0.0026060852687805,0,0.0019615709315985
0,0.0505434721708297,0,0.0167859066277742,0,0.0174060501158237,0,0.0040540625341236
0,0.1413727700710296,0,0.0740033015608787,0,0.0827848091721534,0,0.1826012879610061
0,0.1190383806824684,0,0.0583046823740005,0,0.0622267350554466,0,0.2898144125938415
0,0.0391472838819026,0,0.0181131027638912,0,0.0086234519258141,0,0.0076144551858305
0,0.1276154667139053,0,0.0407885238528251,0,0.0484252572059631,0,0.3323156535625458
0,0.0424689017236232,0,0.0185366068035364,0,0.0294429529458284,0,0.0346831269562244
0,0.0304340366274118,0,0.0238259620964527,0,0.0200260523706674,0,0.0233096349984407
0,0.0207319483160972,0,0.0322711281478405,0,0.1405436545610427,0,0.0474525578320026
0,0.1472408026456833,0,0.0541977174580097,0,0.1151413321495056,0,0.1261602789163589
0,0.0198058933019638,0,0.0299980472773313,0,0.0220363028347492,0,0.1308669298887252
0,0.0795288011431694,0,0.0193364527076482,0,0.0860147401690483,0,0.0534993857145309
0,0.0492639429867267,0,0.0187889877706766,0,0.0233716592192649,0,0.0020054318010807
0,0.0865639299154281,0,0.013742153532803,0,0.0373064763844013,0,0.0234401356428861
0,0.2129186391830444,0,0.0349322259426116,0,0.1407876163721084,0,0.1274137198925018
0,0.7422641515731812,0,0.46205934882164,0,0.8555085062980652,0,0.6794912815093994
0,0.0385215394198894,0,0.0079991603270173,0,0.0108773251995444,0,0.039301361888647
0,0.0830858051776886,0,0.0159896798431873,0,0.154181033372879,0,0.5318869948387146
0,0.0224742423743009,0,0.0098390588536858,0,0.057395402342081,0,0.0653524100780487
0,0.0050371289253234,0,0.0038487766869366,0,0.0138382147997617,0,0.0040402142331004
0,0.0419362783432006,0,0.0322426222264766,0,0.0265218112617731,0,0.0320071913301944
0,0.0049546742811799,0,0.0023497648071497,0,0.0041287397034466,0,0.0050085396505892
0,0.7009064555168152,0,0.5237970352172852,0,0.6675683259963989,0,0.8887580633163452
0,0.5079329609870911,0,0.3175573050975799,0,0.5531611442565918,0,0.8590744137763977
0,0.655249297618866,0,0.5287341475486755,0,0.494910717010498,0,0.8277201056480408
0,0.0040758186951279,0,0.0025751842185854,0,0.0037054375279694,0,0.002427423140034
0,0.4064669609069824,0,0.3121180236339569,0,0.3108669221401214,0,0.1089437305927276
0,0.6853717565536499,0,0.3818710744380951,0,0.3963478803634643,0,0.0572570040822029
0,0.6165993213653564,0,0.3707981407642364,0,0.6082901358604431,0,0.494914561510086
0,0.8140075206756592,0,0.570880115032196,0,0.7998219728469849,0,0.2527245581150055
0,0.0263490751385688,0,0.0073590893298387,0,0.0099328020587563,0,0.0105322357267141
0,0.0281523931771516,0,0.0836986824870109,0,0.0091113978996872,0,0.000590837385971
0,0.0434240251779556,0,0.050658356398344,0,0.1294769197702407,0,0.0031214696355164
0,0.0600130781531333,0,0.0074563864618539,0,0.0069083711132407,0,0.0052932556718587
0,0.1468879878520965,0,0.0083503471687436,0,0.0091358311474323,0,0.0076709757559001
0,0.1009716913104057,0,0.0078364042565226,0,0.0075901681557297,0,0.0070921494625508
0,0.0118523379787802,0,0.0260054022073745,0,0.0282296929508447,0,0.0027762504760175
0,0.6712493896484375,0,0.2086640298366546,0,0.6257955431938171,0,0.6114029884338379
0,0.0450343638658523,0,0.1601640284061432,0,0.5016220211982727,0,0.3241240382194519
0,0.492590069770813,0,0.1868336796760559,0,0.6005083322525024,0,0.4509309828281402
0,0.4968313574790954,0,0.1060908958315849,0,0.5038471221923828,0,0.4967819154262543
0,0.2045057862997055,0,0.7485998272895813,0,0.8953639268875122,0,0.8884404897689819
0,0.2975515723228454,0,0.6966941356658936,0,0.9328718781471252,0,0.8789671659469604
0,0.2386154979467392,0,0.359007328748703,0,0.407577633857727,0,0.3213148117065429
0,0.1106513291597366,0,0.046590082347393,0,0.036171119660139,0,0.0043917652219533
0,0.5489998459815979,0,0.2105963826179504,0,0.5445140600204468,0,0.6283760070800781
0,0.0734089836478233,0,0.046501025557518,0,0.0635906606912612,0,0.0094414874911308
0,0.5890958905220032,0,0.2446308135986328,0,0.5626916885375977,0,0.6378937363624573
0,0.0654016733169555,0,0.016997342929244,0,0.0211091190576553,0,0.0358817689120769
0,0.0011139409616589,0,0.0009855329990386,0,0.0101652378216385,0,0.0009826115565374
0,0.0021847183816134,0,0.0028856419958174,0,0.0044728815555572,0,0.0001113399775931
0,0.0022564446553587,0,0.0028634979389607,0,0.0024415405932813,0,9.107426012633368e-05
0,0.0018772279145196,0,0.0010505995014682,0,0.0204215422272682,0,0.0011707413941621
0,0.0061585870571434,0,0.0018310437444597,0,0.0055451476946473,0,0.0063325278460979
0,0.0019607217982411,0,0.0018406722228974,0,0.0021069962531328,0,8.387750131078064e-05
0,0.0015797504456713,0,0.0018115487182512,0,0.0241685006767511,0,0.0010498116025701
0,0.0041671642102301,0,0.0012912164675071,0,0.0034884216729551,0,0.0022518236655741
0,0.0594215393066406,0,0.0633674785494804,0,0.0528954491019248,0,0.0161555334925651
0,0.090927630662918,0,0.0294645484536886,0,0.0868140235543251,0,0.0498383156955242
0,0.1820154637098312,0,0.0938116982579231,0,0.1009217128157615,0,0.0837775617837905
0,0.2119179964065551,0,0.1298860758543014,0,0.1395181566476822,0,0.2323398441076278
0,0.002073124051094,0,0.0022233922500163,0,0.0024154500570148,0,0.0043888138607144
0,0.0082401800900697,0,0.001866802573204,0,0.0034402937162667,0,0.0006253353785723
0,0.0039280960336327,0,0.008099416270852,0,0.0056279855780303,0,0.0009216223843395
0,0.0356449447572231,0,0.0016801665769889,0,0.0453194044530391,0,0.003413192462176
0,0.0293774455785751,0,0.0016209778841584,0,0.0547465048730373,0,0.0107371164485812
0,0.0097430674359202,0,0.0045549809001386,0,0.0031351458746939,0,0.0027945055626332
0,0.2404877692461013,0,0.2893298864364624,0,0.1046454831957817,0,0.0431033857166767
0,0.0750402957201004,0,0.1013819351792335,0,0.0520894676446914,0,0.0048277396708726
0,0.0031436814460903,0,0.0026208413764834,0,0.0074992477893829,0,0.0048100608401
0,0.0070709832943975,0,0.0022160566877573,0,0.0026391877327114,0,0.0007933967281132
0,0.0910579413175582,0,0.2398725599050521,0,0.0977167263627052,0,0.04437967389822
0,0.0113420691341161,0,0.0058313906192779,0,0.0124828843399882,0,0.0044941725209355
0,0.0256165601313114,0,0.0115669006481766,0,0.1400966048240661,0,0.0498084463179111
0,0.0194169916212558,0,0.0144547037780284,0,0.0259257163852453,0,0.019077306613326
0,0.0024494647514075,0,0.0002390624285908,0,0.0099248802289366,0,0.0012117750011384
0,0.0065091801807284,0,0.0002764423843473,0,0.003920657094568,0,0.0050189131870865
0,0.0054504009895026,0,0.0002776399778667,0,0.0121968602761626,0,0.0093561243265867
0,0.0685144662857055,0,0.186331421136856,0,0.1920181214809417,0,0.4420230984687805
0,0.1730085909366607,0,0.453749269247055,0,0.129769742488861,0,0.6058846712112427
0,0.0088200671598315,0,0.0087517146021127,0,0.0104761663824319,0,0.000796538661234
0,0.0028946727979928,0,0.0094719687476754,0,0.0049645295366644,0,0.0012959605082869
0,0.0015942058525979,0,0.0074815554544329,0,0.00659711798653,0,0.0015232624718919
0,0.0012681487714871,0,0.0034705272410064,0,0.0029844061937183,0,0.0018502746243029
0,0.0009302172693423,0,0.004085499793291,0,0.0040162266232073,0,0.0008502479759044
0,0.009390203282237,0,0.0076526580378413,0,0.0081516709178686,0,0.0007331363740377
0,0.0011237438302487,0,0.0048322086222469,0,0.0038526561111211,0,0.0007130206213332
0,0.0013729667989537,0,0.0059552420862019,0,0.0129350330680608,0,0.0022940014023333
0,0.0009887537453323,0,0.0032161404378712,0,0.0037598316557705,0,0.0010445252992212
0,0.0627023205161094,0,0.0245027989149093,0,0.0351459868252277,0,0.0342756174504756
0,0.0011544631561264,0,0.0014555958332493,0,0.0059471470303833,0,0.0010267621837556
0,0.0126863792538642,0,0.0084668369963765,0,0.0097536640241742,0,0.0006880661821924
0,0.001757021411322,0,0.006120259873569,0,0.0052626417018473,0,0.0013412456028163
0,0.0014368848642334,0,0.0088247573003172,0,0.0059309368953108,0,0.0014370264252647
0,0.0522459894418716,0,0.0170852541923522,0,0.0194587148725986,0,0.0353248342871665
0,0.0016683548456057,0,0.001412286539562,0,0.0073334067128598,0,0.0010599828092381
0,0.004676419775933,0,0.0018968117656186,0,0.0071980729699134,0,0.0076380958780646
0,0.0112168882042169,0,0.0076447888277471,0,0.0099180843681097,0,0.0015439034905284
0,0.1044070497155189,0,0.1753856390714645,0,0.0730166584253311,0,0.3189381659030914
0,0.0043623158708214,0,0.0024960010778158,0,0.0260614976286888,0,0.0095257963985204
0,0.0115262642502784,0,0.0038877511397004,0,0.006449578795582,0,0.0107681592926383
0,0.0050093219615519,0,0.0023299283348023,0,0.0097050573676824,0,0.0051702223718166
0,0.3782158493995666,0,0.0267319828271865,0,0.06144330650568,0,0.0975578799843788
0,0.2774519920349121,0,0.0129066025838255,0,0.0116612846031785,0,0.0178276449441909
0,0.0240986049175262,0,0.0088028796017169,0,0.0501916706562042,0,0.0033117362763732
0,0.2903628051280975,0,0.218508094549179,0,0.4692416787147522,0,0.0868279561400413
0,0.3667060434818268,0,0.1623533219099044,0,0.0917227864265441,0,0.1735658645629882
0,0.0555754080414772,0,0.0286278296262025,0,0.2329189032316208,0,0.0408463329076767
0,0.0132496776059269,0,0.0050423652864992,0,0.1639515608549118,0,0.0071542994119226
0,0.1079486683011055,0,0.0344117656350135,0,0.0265216398984193,0,0.0378263816237449
0,0.0887471884489059,0,0.0590960718691349,0,0.0419950112700462,0,0.123423621058464
0,0.3486568331718445,0,0.1532906591892242,0,0.4622262716293335,0,0.0759592279791832
0,0.2027661651372909,0,0.0144772538915276,0,0.0666079074144363,0,0.0244970489293336
0,0.0749106407165527,0,0.0169403217732906,0,0.090048924088478,0,0.0071132006123661
0,0.0834492743015289,0,0.0140338521450757,0,0.1476510465145111,0,0.0117217376828193
0,0.0693759843707084,0,0.0122996736317873,0,0.0891886353492736,0,0.024418756365776
0,0.0356231965124607,0,0.0134757915511727,0,0.0153506966307759,0,0.2713954746723175
0,0.0143517004325985,0,0.0016877464950084,0,0.0017698775045573,0,0.006870639976114
0,0.0082992678508162,0,0.0017178293783217,0,0.0027039430569857,0,0.0075400546193122
0,0.0124254524707794,0,0.0033270781859755,0,0.0034523895010352,0,0.0126513382419943
0,0.0757227912545204,0,0.1855952590703964,0,0.0328487642109394,0,0.2041920721530914
0,0.0212061163038015,0,0.0558815188705921,0,0.076407141983509,0,0.0010051504941657
1,0.152804434299469,1,0.1082345694303512,1,0.0145813254639506,1,0.0156681202352046
1,0.1083391010761261,1,0.1727451384067535,1,0.1412419825792312,1,0.1085035130381584
1,0.1058964654803276,1,0.6047134399414062,1,0.0807983577251434,1,0.1671636551618576
1,0.5570164322853088,1,0.4185487627983093,1,0.3905956149101257,1,0.6078097820281982
1,0.4916746616363525,1,0.2494693398475647,1,0.5948654413223267,1,0.354096382856369
1,0.2954046130180359,1,0.4633117616176605,1,0.4381316006183624,1,0.8745076656341553
1,0.0413067564368248,1,0.0310919824987649,1,0.0115687604993581,1,0.1660909801721573
1,0.0648991838097572,1,0.0580379925668239,1,0.0231468770653009,1,0.2460847198963165
1,0.1989521086215973,1,0.132246658205986,1,0.0766986533999443,1,0.4369042515754699
1,0.6465749740600586,1,0.6806508302688599,1,0.7041267156600952,1,0.596220076084137
1,0.7660740613937378,1,0.6821100115776062,1,0.9074066877365112,1,0.6899463534355164
1,0.659381628036499,1,0.7049269676208496,1,0.8590714931488037,1,0.8283776640892029
1,0.5128493905067444,1,0.3747631907463074,1,0.4561540782451629,1,0.5975534915924072
1,0.536491870880127,1,0.389597088098526,1,0.5662662982940674,1,0.6441491842269897
1,0.5526309609413147,1,0.4424616396427154,1,0.6170257925987244,1,0.6962063312530518
0,0.0515921339392662,0,0.0255165845155715,0,0.1919898390769958,0,0.0107184434309601
0,0.0411890745162963,0,0.0420022420585155,0,0.1822955310344696,0,0.0429934002459049
0,0.279657244682312,0,0.3657900094985962,0,0.5317981839179993,0,0.5603539943695068
0,0.0035658434499055,0,0.0005042936536483,0,0.0047947964631021,0,0.0007440233021043
0,0.1032137274742126,0,0.1227295771241188,0,0.2082406878471374,0,0.2950206696987152
0,0.5923724174499512,0,0.0486028976738452,0,0.3524607419967651,0,0.2016190886497497
0,0.1227318793535232,0,0.0714850649237632,0,0.0249346941709518,0,0.1594618856906891
0,0.8255481719970703,0,0.254637748003006,0,0.4615927040576935,0,0.649163007736206
0,0.8074243068695068,0,0.1821836233139038,0,0.3985028564929962,0,0.5464915037155151
0,0.0451428778469562,0,0.0311070550233125,0,0.0118074938654899,0,0.0818576589226722
0,0.517859697341919,0,0.0385302044451236,0,0.4912056624889374,0,0.2225575745105743
0,0.5894878506660461,0,0.3915574848651886,0,0.4735224843025207,0,0.7555219531059265
0,0.7920385599136353,0,0.5914499759674072,0,0.8121711015701294,0,0.7553552389144897
0,0.0037759621627628,0,0.0049027013592422,0,0.0049879504367709,0,0.0039268443360924
0,0.0032347901724278,0,0.0044374982826411,0,0.0058710435405373,0,0.0004853376012761
0,0.0025739953853189,0,0.0030401654075831,0,0.0030254954472184,0,0.0002737858740147
0,0.0162017773836851,0,0.0070583359338343,0,0.0028523334767669,0,0.0006876374827697
0,0.0289219319820404,0,0.0111826332286,0,0.0056437193416059,0,0.0310358423739671
0,0.0222989227622747,0,0.0180071350187063,0,0.0511104576289653,0,0.0096390303224325
0,0.0390194319188594,0,0.0285314545035362,0,0.0442885570228099,0,0.017342934384942
0,0.1118140518665313,0,0.0486372895538806,0,0.0263487473130226,0,0.0046673528850078
0,0.0031202412210404,0,0.0005592542001977,0,0.0020991466008126,0,0.0032907656859606
0,0.0341269634664058,0,0.035321120172739,0,0.0324142500758171,0,0.020894655957818
0,0.0189965292811393,0,0.0177187956869602,0,0.0201211236417293,0,0.0043768496252596
0,0.0272398702800273,0,0.0373823046684265,0,0.0612022951245307,0,0.0037215936463326
0,0.0493713729083538,0,0.0173023492097854,0,0.0231601353734731,0,0.015468331053853
0,0.0838713124394416,0,0.0295854788273572,0,0.0168031882494688,0,0.0041081421077251
0,0.0115422373637557,0,0.0286780204623937,0,0.0339142531156539,0,0.0078077316284179
0,0.0075215720571577,0,0.0128307780250906,0,0.0040299007669091,0,0.0006320407846942
0,0.0143493739888072,0,0.0284515228122472,0,0.0247274730354547,0,0.0066905850544571
0,0.0079947113990783,0,0.0122558241710066,0,0.0035395068116486,0,0.0004120515077374
0,0.0065724542364478,0,0.0164407566189765,0,0.0037794006057083,0,0.0003467386995907
0,0.1208111718297004,0,0.010586054995656,0,0.2526799738407135,0,0.1106326580047607
0,0.0140598593279719,0,0.0151087949052453,0,0.0368820764124393,0,0.0014822162920609
0,0.0149077707901597,0,0.0349557772278785,0,0.0296825505793094,0,0.000376262323698
0,0.0043585025705397,0,0.0015467861667275,0,0.0033322367817163,0,0.0013345819897949
0,0.0278377328068017,0,0.0240205638110637,0,0.1531170755624771,0,0.0225027166306972
0,0.27080038189888,0,0.1394824832677841,0,0.0585533455014228,0,0.3400913774967193
0,0.6166810989379883,0,0.3584120869636535,0,0.7302978038787842,0,0.0824714377522468
0,0.0387161374092102,0,0.0221720095723867,0,0.0535150431096553,0,0.0073904311284422
0,0.0038822924252599,0,0.0074529605917632,0,0.0156905725598335,0,0.001566169084981
0,0.1553514003753662,0,0.0184663347899913,0,0.1604695618152618,0,0.1192724779248237
0,0.0033395704813301,0,0.0212663952261209,0,0.0196875184774398,0,0.0103914616629481
0,0.0371280573308467,0,0.036393791437149,0,0.0534320436418056,0,0.0417086109519004
0,0.0081835119053721,0,0.007768842857331,0,0.0415086224675178,0,0.0053553245961666
0,0.0880571603775024,0,0.0058944034390151,0,0.0869894027709961,0,0.0044486918486654
0,0.0093941120430827,0,0.0065722046419978,0,0.0194418802857399,0,0.0074420403689146
0,0.1162904351949691,0,0.3949223160743713,0,0.4246887266635895,0,0.2556483447551727
0,0.0101268496364355,0,0.004165640566498,0,0.0442694686353206,0,0.0077651082538068
0,0.0642897710204124,0,0.2826049625873565,0,0.3618860244750976,0,0.164810910820961
0,0.6617715358734131,0,0.4607062637805938,0,0.518793523311615,0,0.3658921420574188
0,0.5674214363098145,0,0.4478189945220947,0,0.549960196018219,0,0.5782444477081299
0,0.7668763995170593,0,0.8103387355804443,0,0.9529855847358704,0,0.9125270247459412
0,0.4639745950698852,0,0.3763009011745453,0,0.4669791460037231,0,0.4891333878040313
0,0.0268679540604352,0,0.015982111915946,0,0.163269817829132,0,0.0192354284226894
0,0.0283467657864093,0,0.0131076695397496,0,0.0805808752775192,0,0.0112578487023711
0,0.0332460515201091,0,0.0113127771764993,0,0.1076767295598983,0,0.0152914635837078
0,0.0032758817542344,0,0.0043070982210338,0,0.0020801411010324,0,0.0001037336551235
0,0.4656049013137817,0,0.2261165231466293,0,0.6191110610961914,0,0.6794349551200867
0,0.67657470703125,0,0.3293257653713226,0,0.7125487327575684,0,0.7896519303321838
0,0.6946290135383606,0,0.3479543626308441,0,0.7469295263290405,0,0.7865296602249146
0,0.165509432554245,0,0.1816235184669494,0,0.0725306496024131,0,0.0100216008722782
0,0.2940773069858551,0,0.1778820306062698,0,0.2862714529037475,0,0.1166345924139022
0,0.6961762309074402,0,0.3092397451400757,0,0.2368918806314468,0,0.4965037703514099
0,0.4902960360050201,0,0.3216924369335174,0,0.5459443926811218,0,0.4697139263153076
0,0.5080021023750305,0,0.3918481171131134,0,0.6592186689376831,0,0.3973113000392914
0,0.528874397277832,0,0.3258704841136932,0,0.6322436928749084,0,0.462735503911972
0,0.00668570632115,0,0.0010112097952514,0,0.0064463890157639,0,0.007224335335195
0,0.0008775431197136,0,0.0020865998230874,0,0.0033104978501796,0,0.000570609292481
0,0.0136615447700023,0,0.0161150507628917,0,0.0070131672546267,0,0.0175312831997871
0,0.0080057382583618,0,0.0117834722623229,0,0.0073015233501791,0,0.0190896950662136
0,0.0044322055764496,0,0.0017513192724436,0,0.0198869034647941,0,0.0014148227637633
0,0.2011605203151703,0,0.0727848559617996,0,0.0647526979446411,0,0.010572669096291
0,0.0074073113501071,0,0.0053839390166103,0,0.0091614415869116,0,0.0016037960303947
0,0.1685840040445327,0,0.0807191357016563,0,0.0585810206830501,0,0.0054398039355874
0,0.1084532961249351,0,0.0280208922922611,0,0.0659652575850486,0,0.0106772342696785
0,0.0026585548184812,0,0.0018350492464378,0,0.0013138408539816,0,0.0009571845876052
0,0.003156907390803,0,0.0026720247697085,0,0.0057995370589196,0,0.0024647742975503
0,0.3517869710922241,0,0.0351890176534652,0,0.4360288977622986,0,0.3301549851894378
0,0.2813422381877899,0,0.0162186063826084,0,0.3617725372314453,0,0.1874301582574844
0,0.4150468409061432,0,0.0323316268622875,0,0.5452081561088562,0,0.1881503164768219
0,0.0098118735477328,0,0.0030858535319566,0,0.0087654720991849,0,0.0122303245589137
0,0.0826781913638114,0,0.0764677822589874,0,0.0185911357402801,0,0.0649673864245414
0,0.0075916908681392,0,0.00438819732517,0,0.0228056330233812,0,0.0137054659426212
0,0.0156489741057157,0,0.0373719073832035,0,0.0071574221365153,0,0.0134428739547729
0,0.0243806131184101,0,0.0438031740486621,0,0.0067599243484437,0,0.0022946149110794
0,0.0240453146398067,0,0.0752098560333252,0,0.0085171349346637,0,0.0136452782899141
0,0.015018168836832,0,0.0105980932712554,0,0.0607788674533367,0,0.0667506456375122
0,0.0221878848969936,0,0.0068766511976718,0,0.0041210632771253,0,0.0029454161413013
0,0.0026883906684815,0,0.003894260386005,0,0.0015891343355178,0,0.0003701703681144
0,0.0027244980446994,0,0.0033378095831722,0,0.0015265783295035,0,0.0004212539060972
0,0.0273105986416339,0,0.0205327756702899,0,0.0075591653585433,0,0.0025270816404372
0,0.0227490980178117,0,0.0279229488223791,0,0.0111912041902542,0,0.0021001927088946
0,0.0560963451862335,0,0.0370462238788604,0,0.0431413762271404,0,0.0228179842233657
0,0.0544317401945591,0,0.0354790352284908,0,0.0433186739683151,0,0.0224691983312368
0,0.0237383265048265,0,0.035401526838541,0,0.0237954258918762,0,0.0093028424307703
0,0.0067247631959617,0,0.0065003265626728,0,0.0076202726922929,0,0.0140555836260318
0,0.316120833158493,0,0.1876531839370727,0,0.0869684591889381,0,0.2538389861583709
0,0.3432219922542572,0,0.1915425807237625,0,0.0812631696462631,0,0.3715341687202453
0,0.2968055307865143,0,0.1824062317609787,0,0.1109919026494026,0,0.302587628364563
0,0.0142639754340052,0,0.0121685601770877,0,0.0124408034607768,0,0.0036079408600926
0,0.0793935060501098,0,0.0642827525734901,0,0.0093025434762239,0,0.0041725854389369
0,0.0060863280668854,0,0.0017211884260177,0,0.0031075987499207,0,0.0036846850998699
0,0.7539690136909485,0,0.1996681839227676,0,0.1091218069195747,0,0.7904651165008545
0,0.0175110101699829,0,0.0104763647541403,0,0.0103039760142564,0,0.0038553015328943
0,0.1110535562038421,0,0.1353696435689926,0,0.0128553649410605,0,0.026839230209589
0,0.0726350620388984,0,0.0827410295605659,0,0.0109319956973195,0,0.2461540251970291
0,0.0178010948002338,0,0.0163576807826757,0,0.0271745454519987,0,0.0457136705517768
0,0.0119851613417267,0,0.0096798157319426,0,0.0112361554056406,0,0.0014799800701439
0,0.0468015223741531,0,0.0294179767370224,0,0.0112334815785288,0,0.0102078253403306
0,0.0044013829901814,0,0.0021807700395584,0,0.0025487816892564,0,0.0022431432735174
0,0.0393937788903713,0,0.0277284327894449,0,0.1420700848102569,0,0.0828780159354209
0,0.6104035377502441,0,0.179226353764534,0,0.2428560405969619,0,0.1173361837863922
0,0.4921509027481079,0,0.4050464034080505,0,0.5120158195495605,0,0.5390300154685974
0,0.0032961252145469,0,0.0021520722657442,0,0.0038180742412805,0,0.0007326237973757
0,0.0045840507373213,0,0.0034914065618067,0,0.0022007999941706,0,0.0005098548717796
0,0.2629808783531189,0,0.3999621570110321,0,0.6674415469169617,0,0.5928791761398315
0,0.0088763236999511,0,0.0030126555357128,0,0.0122973807156085,0,0.0008162888116203
0,0.0161134395748376,0,0.0505867525935173,0,0.0065480158664286,0,0.0065102935768663
0,0.026596562936902,0,0.003947511781007,0,0.0050496165640652,0,0.0003128012467641
0,0.2390989512205124,0,0.3078268766403198,0,0.6959879398345947,0,0.658415675163269
0,0.1760072410106659,0,0.0675618723034858,0,0.2698970139026642,0,0.0687323585152626
0,0.1782978922128677,0,0.1655731350183487,0,0.490885853767395,0,0.4774813950061798
0,0.4016897678375244,0,0.4675434827804565,0,0.6726292371749878,0,0.6844615340232849
0,0.009003896266222,0,0.0041974615305662,0,0.0101622063666582,0,0.0007482474902644
0,0.2543318271636963,0,0.017436496913433,0,0.1674951314926147,0,0.2115863710641861
0,0.0048033432103693,0,0.0016939361812546,0,0.0025547514669597,0,0.0007511002477258
0,0.0030296766199171,0,0.0005120670539326,0,0.0040486752986907,0,0.000411286659073
0,0.0067794597707688,0,0.00095256336499,0,0.0101429997012019,0,0.0013030086411163
0,0.0696053355932235,0,0.0090269008651375,0,0.0798460617661476,0,0.0484243296086788
0,0.0032297556754201,0,0.0009168931283056,0,0.006207775324583,0,0.0007165696006268
0,0.0057114828377962,0,0.0018170002149417,0,0.007761160377413,0,0.0018313470063731
0,0.0016424958594143,0,0.0007840833277441,0,0.0014282226329669,0,0.0012144412612542
0,0.0062126694247126,0,0.0008583887829445,0,0.0160791911184787,0,0.0025573712773621
0,0.0810057297348976,0,0.0099230399355292,0,0.1279542446136474,0,0.1177115365862846
0,0.0049984217621386,0,0.0048796297051012,0,0.0068823201581835,0,0.002542182104662
0,0.0170343350619077,0,0.0010397740406915,0,0.0256284549832344,0,0.0001928857236634
0,0.0016583454562351,0,0.0004669657500926,0,0.001692536054179,0,0.00095153512666
0,0.0872793495655059,0,0.0019919057376682,0,0.024409694597125,0,0.0015795985236763
0,0.0594153106212616,0,0.0089150443673133,0,0.0924933552742004,0,0.0169967468827962
0,0.0593376345932483,0,0.1162896379828453,0,0.0337446518242359,0,0.1287751793861389
0,0.0628619939088821,0,0.0914091914892196,0,0.0380747690796852,0,0.0487208887934684
0,0.4050251841545105,0,0.0878850147128105,0,0.1382170766592025,0,0.664122998714447
0,0.0152127975597977,0,0.0640893951058387,0,0.1242173314094543,0,0.5426508188247681
0,0.8100292682647705,0,0.2991715371608734,0,0.3369379639625549,0,0.5871471762657166
0,0.4131393730640411,0,0.3716682195663452,0,0.2677527070045471,0,0.3155512809753418
0,0.0130832586437463,0,0.0304563473910093,0,0.1845093220472335,0,0.5863825082778931
0,0.0117678176611661,0,0.0388505682349205,0,0.0730870738625526,0,0.0351437628269195
0,0.566109836101532,0,0.1552989482879638,0,0.4730316400527954,0,0.2843494415283203
0,0.0328740403056144,0,0.0640104711055755,0,0.0340296626091003,0,0.0004963062237948
0,0.0131553802639245,0,0.0052964380010962,0,0.009903060272336,0,0.0046342820860445
0,0.0160393398255109,0,0.0392869710922241,0,0.0261986553668975,0,0.0031643724068999
0,0.0084504084661602,0,0.0031411361414939,0,0.0079566109925508,0,0.0022952153813093
0,0.0080415355041623,0,0.0396051444113254,0,0.0361375994980335,0,0.0096298409625887
0,0.0094276824966073,0,0.0084913671016693,0,0.0063491566106677,0,0.0018517095595598
0,0.0621338598430156,0,0.02177987806499,0,0.0825591459870338,0,0.1350707411766052
0,0.0407938659191131,0,0.0104157673195004,0,0.0692050904035568,0,0.0361575037240982
0,0.2614724040031433,0,0.1422747075557708,0,0.3412347435951233,0,0.1573102623224258
0,0.1343477666378021,0,0.1014099717140197,0,0.0936077460646629,0,0.0346322208642959
0,0.3581165075302124,0,0.2814943790435791,0,0.1921038180589676,0,0.1756204515695572
0,0.6548262238502502,0,0.3569706082344055,0,0.7199826240539551,0,0.7486804723739624
0,0.0859217196702957,0,0.0426349863409996,0,0.0447339229285717,0,0.0352726466953754
0,0.003281163983047,0,0.0010642451234161,0,0.0013386370847001,0,0.001779586309567
0,0.1128269284963607,0,0.0515289641916751,0,0.0563615225255489,0,0.041013803333044
0,0.0042322603985667,0,0.0036851295735687,0,0.0049052448011934,0,0.0011208278592675
0,0.0054747890681028,0,0.001484218519181,0,0.0020545853767544,0,0.0018551173852756
0,0.1436690837144851,0,0.0343061797320842,0,0.1518100351095199,0,0.0285703670233488
0,0.0039957361295819,0,0.0036506825126707,0,0.0037712908815592,0,0.0005689041572622
0,0.0039940858259797,0,0.0012613805010914,0,0.0021247013937681,0,0.0015516246203333
0,0.1011677086353302,0,0.1093314513564109,0,0.1998986601829528,0,0.0286496020853519
0,0.0229471065104007,0,0.0087748644873499,0,0.0319694206118583,0,0.0038611125200986
0,0.0034420765005052,0,0.0062653343193233,0,0.0046062408946454,0,0.0008303986978717
0,0.0399321019649505,0,0.0083758058026432,0,0.055351011455059,0,0.0057328934781253
0,0.0452961586415767,0,0.0132196061313152,0,0.0327535048127174,0,0.0039509967900812
0,0.5090481042861938,0,0.3767043948173523,0,0.5307267308235168,0,0.1986798048019409
0,0.2199550122022628,0,0.0594970881938934,0,0.2609473764896393,0,0.0422173142433166
0,0.3464240133762359,0,0.136720135807991,0,0.1270676702260971,0,0.0878675132989883
0,0.0989717617630958,0,0.1200621128082275,0,0.058341696858406,0,0.084650807082653
0,0.0548524744808673,0,0.0668610855937004,0,0.0423440486192703,0,0.201676607131958
0,0.0067943804897367,0,0.008119081147015,0,0.0110947489738464,0,0.03217414021492
0,0.0330292545258998,0,0.0229801796376705,0,0.0249015651643276,0,0.0069833993911743
0,0.0429847985506057,0,0.0038267315831035,0,0.0438627637922763,0,0.0169115681201219
0,0.0323498919606208,0,0.0304005779325962,0,0.0457071922719478,0,0.0237557645887136
0,0.0049838912673294,0,0.0033308940473943,0,0.0102634085342288,0,0.0165840685367584
0,0.1217842623591423,0,0.0300908368080854,0,0.0232915543019771,0,0.0107344631105661
0,0.0015721605159342,0,0.0016324020689353,0,0.0145618515089154,0,0.0030940305441617
0,0.2158728241920471,0,0.0583193860948085,0,0.0773735120892524,0,0.5335769653320312
0,0.0918323174118995,0,0.0684048533439636,0,0.0564689002931118,0,0.0183686725795269
0,0.5267384648323059,0,0.2464767098426818,0,0.7786504626274109,0,0.3501877188682556
0,0.6253178715705872,0,0.5006385445594788,0,0.3441638946533203,0,0.3736025094985962
0,0.0493722148239612,0,0.1798338592052459,0,0.2568341493606567,0,0.1532855629920959
0,0.0999242439866066,0,0.1816692799329757,0,0.0968283712863922,0,0.0046577043831348
0,0.1079281195998191,0,0.0932295247912406,0,0.1023654043674469,0,0.7570107579231262
0,0.1307311803102493,0,0.0462648682296276,0,0.0287043284624815,0,0.1062757447361946
0,0.0789376571774482,0,0.116777017712593,0,0.1359025090932846,0,0.1081891432404518
0,0.0026919022202491,0,0.0060343202203512,0,0.0042135925032198,0,0.0010717445984482
0,0.3537002801895141,0,0.4830995500087738,0,0.4764280617237091,0,0.071253165602684
0,0.0018504003528505,0,0.003631604835391,0,0.0043143578805029,0,0.000437268987298
0,0.2952630221843719,0,0.3241344392299652,0,0.5222525000572205,0,0.1706697791814804
0,0.003955322317779,0,0.002712270244956,0,0.0953151583671569,0,0.0030715886969119
0,0.0056259953416883,0,0.0062833041884005,0,0.0055433809757232,0,0.0023386378306895
0,0.0240546446293592,0,0.1201216951012611,0,0.0060035418719053,0,0.0882103741168975
0,0.0106188878417015,0,0.0205349083989858,0,0.0089760366827249,0,0.0003150365664623
0,0.1553816944360733,0,0.0263655148446559,0,0.0132238306105136,0,0.0013802665052935
0,0.1547134220600128,0,0.0238020829856395,0,0.0129889687523245,0,0.0016011837869882
0,0.0173620264977216,0,0.074081152677536,0,0.0198748651891946,0,0.1019161343574523
0,0.0061132940463721,0,0.0022969469428062,0,0.0076163355261087,0,0.0454354397952556
0,0.0182980690151453,0,0.1020547747611999,0,0.029950376600027,0,0.128230333328247
0,0.0098998639732599,0,0.003035376779735,0,0.0069640721194446,0,0.0432118922472
0,0.0427430868148803,0,0.0123595418408513,0,0.0570355765521526,0,0.0141476644203066
0,0.0246357228606939,0,0.0110793616622686,0,0.0035358173772692,0,0.0038328969385474
0,0.2141707241535186,0,0.3220099508762359,0,0.6803776025772095,0,0.3669515550136566
0,0.0253486521542072,0,0.0082147540524601,0,0.0037047581281512,0,0.0076351584866642
0,0.0719063133001327,0,0.1458271145820617,0,0.2711319327354431,0,0.2318066507577896
0,0.0336765497922897,0,0.0090912980958819,0,0.0040522553026676,0,0.0102853011339902
0,0.1314171850681305,0,0.3063637018203735,0,0.5393364429473877,0,0.2718759477138519
0,0.8203086256980896,0,0.510773241519928,0,0.8649237155914307,0,0.6813110113143921
0,0.0124230431392788,0,0.007455832324922,0,0.0141824828460812,0,0.0077239479869604
0,0.0013650474138557,0,0.0013984572142362,0,0.0018895540852099,0,0.0002962145372293
0,0.0009882955346256,0,0.0017090938054025,0,0.0024125871714204,0,0.000379099685233
0,0.0021795253269374,0,0.0024386076256632,0,0.0013563740067183,0,0.0025876495055854
0,0.0063521629199385,0,0.0060228677466511,0,0.0013430382823571,0,0.0015302030369639
