fold_1_labels,fold_1_predictions,fold_2_labels,fold_2_predictions,fold_3_labels,fold_3_predictions,fold_4_labels,fold_4_predictions
1,0.1397556960582733,1,0.7842075228691101,1,0.0338828861713409,1,0.0547591187059879
1,0.8056063652038574,1,0.9730979204177856,1,0.9641249179840088,1,0.9833242297172546
1,0.718153715133667,1,0.8619683384895325,1,0.4683645665645599,1,0.9693971276283264
1,0.1866187751293182,1,0.2676889598369598,1,0.0021486866753548,1,0.037380538880825
1,0.1992351561784744,1,0.2436898052692413,1,0.1474342048168182,1,0.0181257259100675
1,0.3896426260471344,1,0.3342556059360504,1,0.0151602253317832,1,0.0120200403034687
1,0.3426587581634521,1,0.8998666405677795,1,0.7844183444976807,1,0.050437144935131
1,0.8383195996284485,1,0.9823218584060668,1,0.9954351782798768,1,0.952395796775818
1,0.4079052805900574,1,0.5353971719741821,1,0.0895934179425239,1,0.1233506798744201
1,0.5947451591491699,1,0.6733538508415222,1,0.5325889587402344,1,0.5197418928146362
1,0.439518541097641,1,0.5541356801986694,1,0.0048837484791874,1,0.1979321837425232
1,0.9553850293159484,1,0.9958230257034302,1,0.9983174800872804,1,0.9905664324760436
1,0.8011987209320068,1,0.9344469904899596,1,0.9901642203330994,1,0.8668431043624878
1,0.0943706482648849,1,0.0076198074966669,1,0.0061308853328228,1,0.0585459060966968
1,0.500731348991394,1,0.7337062954902649,1,0.7404094934463501,1,0.2937085330486297
1,0.2506204843521118,1,0.8140039443969727,1,0.5348036885261536,1,0.202329620718956
1,0.9506614208221436,1,0.951884388923645,1,0.978710412979126,1,0.8791583180427551
1,0.4105647504329681,1,0.0018676327308639,1,0.0035031819716095,1,0.22416952252388
1,0.955917477607727,1,0.9689052104949952,1,0.9935397505760192,1,0.7964819669723511
1,0.9340898394584656,1,0.4674863219261169,1,0.718169093132019,1,0.6606153845787048
1,0.9416003227233888,1,0.5496455430984497,1,0.9940956830978394,1,0.8288399577140808
0,0.0057152588851749,0,0.0057169501669704,0,0.0004031096177641,0,0.0023116474039852
0,0.0007067604456096,0,0.000264983595116,0,0.0016428501112386,0,0.0022952973376959
0,0.4341668784618377,0,0.0115871876478195,0,0.0005738761392422,0,0.0491397567093372
0,0.0011049991007894,0,0.0001642977294977,0,0.0003634389722719,0,0.0033141770400106
0,0.4563707411289215,0,0.07635248452425,0,0.0005840940866619,0,0.0749867111444473
0,0.0009446514304727,0,0.0003670285805128,0,0.000126726765302,0,0.004561070818454
0,0.235026866197586,0,0.0311689469963312,0,0.000284447974991,0,0.0483741946518421
0,0.0077493377029895,0,0.0002033769560512,0,0.000674555893056,0,0.0026788674294948
0,0.0039707818068563,0,0.0003939926391467,0,0.0008579153218306,0,0.0023645623587071
0,0.0085326405242085,0,0.0022295115049928,0,0.0060086259618401,0,0.0022183847613632
0,0.0047505875118076,0,0.007023830898106,0,0.0021278467029333,0,0.0012212394503876
0,0.002695069881156,0,0.0065247677266597,0,0.0002393230970483,0,0.004300351254642
0,0.0107535691931843,0,0.0019988527055829,0,0.000134875808726,0,0.0055289133451879
0,0.0018707151757553,0,0.0234683658927679,0,0.0003171354474034,0,0.0061067878268659
0,0.003462899941951,0,0.0018149622483178,0,0.0015375833027064,0,0.0497322529554367
0,0.1043803542852401,0,0.0140485540032386,0,0.0011214477708563,0,0.0286618154495954
0,0.0004156841314397,0,0.0013284694869071,0,0.0003012061933986,0,0.0011088284663856
0,0.001076542190276,0,0.0053133061155676,0,0.0177072715014219,0,0.010268728248775
0,0.0032516736537218,0,0.0018731608288362,0,0.0055426978506147,0,0.0388357304036617
0,0.0016012409469112,0,0.0035277872812002,0,0.0006924683693796,0,0.0013474526349455
0,0.0045449226163327,0,0.0663736909627914,0,0.0004631469782907,0,0.0083260517567396
0,0.0218383073806762,0,0.0053386529907584,0,0.0001717946724966,0,0.0077707348391413
0,0.0013473404105752,0,0.008506310172379,0,0.0002632983087096,0,0.0123412143439054
0,0.2194301337003708,0,0.0034219005610793,0,0.0109514184296131,0,0.0164570733904838
0,0.3667081892490387,0,0.0395382195711135,0,0.0379604697227478,0,0.6596877574920654
0,0.666413426399231,0,0.0359439775347709,0,0.3877210021018982,0,0.0409249626100063
0,0.5546051263809204,0,0.0560780018568038,0,0.0049517271108925,0,0.0068198135122656
0,0.3852895498275757,0,0.0005436116480268,0,0.4719629883766174,0,0.0967289209365844
0,0.3136596083641052,0,0.008742656558752,0,0.0155600225552916,0,0.4212562143802643
0,0.4773525595664978,0,0.0176891330629587,0,0.129238411784172,0,0.0327822566032409
0,0.6059989929199219,0,0.6300156712532043,0,0.0025310318451374,0,0.0074218260124325
0,0.2758034467697143,0,0.0008395307231694,0,0.0045872093178331,0,0.0052412524819374
0,0.2497903704643249,0,0.0067335721105337,0,0.0346543937921524,0,0.0366926603019237
0,0.4389461278915405,0,0.023184809833765,0,0.0247134994715452,0,0.0424910336732864
0,0.3267149031162262,0,0.0375897660851478,0,0.1121927723288536,0,0.0054569630883634
0,0.4089324474334717,0,0.0013020407641306,0,0.0235235877335071,0,0.0047344923950731
0,0.0392349734902381,0,0.0082039097324013,0,0.0032462859526276,0,0.0025584588292986
0,0.011209761723876,0,0.0006918988074176,0,0.001516546588391,0,0.0236885175108909
0,0.1061031743884086,0,0.3194456100463867,0,0.110692374408245,0,0.5000337958335876
0,0.0897627845406532,0,0.0044016106985509,0,0.1749390810728073,0,0.0181439388543367
0,0.0929564833641052,0,0.0015293937176465,0,0.0015903133898973,0,0.0718879252672195
0,0.182557076215744,0,0.0041423276998102,0,0.0029140883125364,0,0.0675821974873542
0,0.0030978806316852,0,0.00129801989533,0,8.803118544165045e-05,0,0.0035403126385062
0,0.042796678841114,0,0.0014089831383898,0,0.0013084785314276,0,0.032743714749813
0,0.0703765153884887,0,0.0047316015698015,0,0.761233925819397,0,0.0802120342850685
0,0.002161806449294,0,0.0061102244071662,0,0.0003120952751487,0,0.0084769586101174
0,0.0073662265203893,0,0.0066609187051653,0,0.000370970548829,0,0.0395033583045005
0,0.0025010339450091,0,0.0381486751139164,0,0.0001428740797564,0,0.0025999015197157
0,0.3758884370326996,0,0.4940646886825561,0,0.3126173913478851,0,0.1665635854005813
0,0.5194693803787231,0,0.5057883858680725,0,0.0752110853791236,0,0.2351118922233581
0,0.0110960621386766,0,0.0053194793872535,0,0.0082928212359547,0,0.0062029850669205
0,0.4445094466209411,0,0.8450502753257751,0,0.9175358414649964,0,0.8126947283744812
0,0.0005404059775173,0,0.0010036167223006,0,0.0010239453986287,0,0.0025405911728739
0,0.001544828643091,0,0.0056018810719251,0,0.0002876929647754,0,0.0057971789501607
0,0.0090362764894962,0,0.0136234695091843,0,0.0003755225334316,0,0.0154042225331068
0,0.0006865910836495,0,0.0004266799951437,0,0.0004460444033611,0,0.0073456391692161
0,0.0012067701900377,0,0.0034656706266105,0,6.403392762877047e-05,0,0.003977992106229
0,0.0059733102098107,0,0.0020645374897867,0,0.0002784795360639,0,0.0032468121498823
0,0.000722884258721,0,0.0002694097929634,0,0.00026442433591,0,0.0032733355183154
0,0.0016359757864847,0,0.0044432086870074,0,8.002624235814437e-05,0,0.0053878803737461
0,0.0186760947108268,0,0.000314628065098,0,0.0001789325615391,0,0.0067016500979661
0,0.0413975156843662,0,0.0003041553427465,0,0.0008430278394371,0,0.0088974284008145
0,0.0021958295255899,0,0.0011337937321513,0,0.0009969291277229,0,0.0037735900841653
0,0.0129516050219535,0,0.0013684552395716,0,0.0004775465058628,0,0.0024834009818732
0,0.0009553722920827,0,0.0012891213409602,0,0.0002670567482709,0,0.0015083159087225
0,0.0301244650036096,0,0.0002957128453999,0,9.155823499895632e-05,0,0.0017999482806771
0,0.027513675391674,0,0.0002843002148438,0,0.0001372783008264,0,0.0007829242385923
0,0.0147789772599935,0,0.000224519520998,0,0.0001487915142206,0,0.0008068259339779
0,0.1241945102810859,0,0.0008901123073883,0,0.0062466589733958,0,0.0814867317676544
0,0.1000600010156631,0,0.0010129150468856,0,0.0016427305527031,0,0.1367409229278564
0,0.5500918626785278,0,0.0028821837622672,0,0.0003590440610423,0,0.0102567123249173
0,0.1300868988037109,0,0.0037213603500276,0,0.0010018899338319,0,0.0139466961845755
0,0.2152088433504104,0,0.0033310193102806,0,0.6619498133659363,0,0.0075864400714635
0,0.0108737796545028,0,0.0031709112226963,0,0.0006757626542821,0,0.0016338729765266
0,0.0073445327579975,0,0.0042424853891134,0,0.002513030078262,0,0.0081375306472182
0,0.2261082231998443,0,0.0012111760443076,0,0.0001085152471205,0,0.010198850184679
0,0.1510904729366302,0,0.0150158340111374,0,0.3322449624538421,0,0.0295353326946496
0,0.0871060192584991,0,0.0068405792117118,0,0.0006615230813622,0,0.0062788813374936
0,0.0928330048918724,0,0.0003321799449622,0,0.0055556916631758,0,0.0087787471711635
0,0.0147714102640748,0,0.0007085955585353,0,0.0004811518592759,0,0.0115234665572643
0,0.059557769447565,0,0.0220739264041185,0,0.0005574399838224,0,0.0235761553049087
0,0.0156714208424091,0,0.0002053705975413,0,0.0011058057425543,0,0.0087532205507159
0,0.0239620935171842,0,0.1310211718082428,0,0.0009959328453987,0,0.0130979269742965
0,0.1059188395738601,0,0.0008332683937624,0,0.000490971840918,0,0.0015220830682665
0,0.0211125016212463,0,0.0002862080291379,0,0.0002883440465666,0,0.0099718132987618
0,0.0170357655733823,0,0.0109457438811659,0,0.0095925675705075,0,0.0170913003385067
0,0.0241015516221523,0,0.0843783840537071,0,0.0006722426624037,0,0.0314505733549594
0,0.0300117377191782,0,0.0018305574776604,0,0.0003884812176693,0,0.0033924037124961
0,0.105059690773487,0,0.0115169286727905,0,0.0013099031057208,0,0.0234757866710424
0,0.1775757372379303,0,0.5440171360969543,0,0.0001962313108379,0,0.0084883524104952
0,0.4823055267333984,0,0.9437016248703004,0,0.0115438308566808,0,0.6551844477653503
0,0.075066827237606,0,0.0205239076167345,0,0.0008146782638505,0,0.3208097219467163
0,0.0496858023107051,0,0.0134279895573854,0,0.002376910066232,0,0.2542279362678528
0,0.0999243855476379,0,0.0033850455656647,0,0.0017230650410056,0,0.1232836917042732
0,0.0015624907100573,0,0.0005198726430535,0,0.0021074172109365,0,0.0007641937118023
0,0.4213702082633972,0,0.659661591053009,0,0.0086611434817314,0,0.071736603975296
0,0.1011661887168884,0,0.0105665298178792,0,0.0031279055401682,0,0.0134082064032554
0,0.0776692256331443,0,0.2130481749773025,0,0.0055581917986273,0,0.0731556117534637
0,0.1106824874877929,0,0.0340430364012718,0,0.1370398700237274,0,0.0760516822338104
0,0.0120262140408158,0,0.0035225613974034,0,0.0011872822651639,0,0.0191757977008819
0,0.0029040523804724,0,0.0007906227838248,0,5.05613352288492e-05,0,0.006783471442759
0,0.1603627204895019,0,0.0011373460292816,0,0.0006856713443994,0,0.0123392613604664
0,0.1187662184238433,0,0.0014221301535144,0,0.0006267201970331,0,0.0160118732601404
0,0.1015522554516792,0,0.0010652123019099,0,0.0008633779361844,0,0.016095208004117
0,0.0852306485176086,0,0.0046458393335342,0,0.6201374530792236,0,0.0114412643015384
0,0.0293744150549173,0,0.000912131217774,0,0.0003065284690819,0,0.0216977875679731
0,0.2006127834320068,0,0.0044120037928223,0,0.0159673001617193,0,0.2243987321853637
0,0.1000841185450553,0,0.0014976655365899,0,0.0104928528890013,0,0.2097182273864746
0,0.0386512912809848,0,0.0021127627696841,0,0.0024686416145414,0,0.0062066428363323
0,0.0012923416215926,0,0.0004466403333935,0,0.0011290847323834,0,0.002182621974498
0,0.0006905602058395,0,0.0005124119925312,0,0.000804029230494,0,0.0020678578875958
0,0.0012602288043126,0,0.0006089487578719,0,0.0001877295580925,0,0.0066940048709511
0,0.0011381073854863,0,0.0004598710220307,0,0.0014577056281268,0,0.001923966454342
0,0.0013244521105661,0,0.0008147757034748,0,0.0002752080035861,0,0.0053652878850698
0,0.015846848487854,0,0.0022478194441646,0,0.0003094621642958,0,0.0028102106880396
0,0.241433247923851,0,0.0046285293065011,0,0.0008016431238502,0,0.1455431282520294
0,0.0014744631480425,0,0.0016028481768444,0,0.0006211802829056,0,0.0033117600250989
0,0.0022180289961397,0,0.0003015452530235,0,0.0002374439063714,0,0.0235278829932212
0,0.0037988976109772,0,0.0016081501962617,0,0.0001405970979249,0,0.0029651341028511
0,0.0292071644216775,0,0.002667898312211,0,0.0032920313533395,0,0.0101432101801037
0,0.0009707947610877,0,0.0002785162068903,0,0.0002157508279196,0,0.0266739092767238
0,0.0015953226247802,0,0.0004816343425773,0,8.628924115328118e-05,0,0.0056547233834862
0,0.0310922600328922,0,0.3705567717552185,0,0.2617093026638031,0,0.0110706882551312
0,0.0030612989794462,0,0.0037194937467575,0,0.0027998646255582,0,0.0031446665525436
0,0.0028818796854466,0,0.0024523991160094,0,0.0001469376147724,0,0.0160669013857841
0,0.0068690422922372,0,0.0005015729111619,0,0.0001823827915359,0,0.0087188687175512
0,0.008340903557837,0,0.0008210199302993,0,0.0005242319311946,0,0.0013645698782056
0,0.0041532628238201,0,0.0014015496708452,0,0.0003383217554073,0,0.0015471117803826
0,0.003847619285807,0,0.0026107507292181,0,0.0050286999903619,0,0.0022788362111896
0,0.0050450814887881,0,0.003386128693819,0,0.0002609050716273,0,0.0209398902952671
0,0.0054988651536405,0,0.0005054387147538,0,0.000321533094393,0,0.0166569389402866
0,0.0633678957819938,0,0.0226383507251739,0,0.0102466866374015,0,0.1108171567320823
0,0.6194057464599609,0,0.0060483450070023,0,0.1822091788053512,0,0.7068383693695068
0,0.6381728053092957,0,0.0037898707669228,0,0.0847041383385658,0,0.638323962688446
0,0.0111322868615388,0,0.0011568056652322,0,0.0004405613290145,0,0.0093601606786251
0,0.4371682405471802,0,0.0090947095304727,0,0.0178820546716451,0,0.0167248528450727
0,0.0241524744778871,0,0.0020733943674713,0,0.0108654340729117,0,0.1127733886241912
0,0.0433393865823745,0,0.0474121309816837,0,0.0512647852301597,0,0.0491995103657245
0,0.2031747251749038,0,0.0543535277247428,0,0.0026739723980426,0,0.0012835175730288
0,0.0375473126769065,0,0.0051908111199736,0,0.0548288337886333,0,0.0068842535838484
0,0.1184992864727974,0,0.0097998222336173,0,0.0020860000513494,0,0.0074453623965382
0,0.0047268769703805,0,0.00292191025801,0,0.0024980844464153,0,0.005590857937932
0,0.0105865290388464,0,0.0901434570550918,0,0.0020601185970008,0,0.0121138161048293
0,0.1206160932779312,0,0.0016680706758052,0,0.001104848110117,0,0.0269039142876863
0,0.4689105451107025,0,0.843129575252533,0,0.0035487553104758,0,0.0879864394664764
0,0.7759965658187866,0,0.0032120172400027,0,0.0284644160419702,0,0.0457450486719608
0,0.3872394859790802,0,0.9013094902038574,0,0.0019088998669758,0,0.9031261801719666
0,0.0004120738885831,0,0.0038666643667966,0,0.0008194907568395,0,0.007089608348906
0,0.0008468698360957,0,0.0137193007394671,0,0.0042401715181767,0,0.0038445794489234
0,0.0003959011519327,0,0.000881778774783,0,7.282800652319565e-05,0,0.0299807768315076
0,0.0003667120763566,0,0.0017302056076005,0,0.0002985800965689,0,0.0075623746961355
0,0.2999988794326782,0,0.7168141007423401,0,0.9715029001235962,0,0.968510091304779
0,0.4011848270893097,0,0.8077564239501953,0,0.0127585101872682,0,0.94202721118927
0,0.504482626914978,0,0.7997375726699829,0,0.3839963972568512,0,0.9491020441055298
0,0.0074900570325553,0,0.0056077595800161,0,0.0001810101384762,0,0.002453367691487
0,0.0073951063677668,0,0.003940877970308,0,0.0002095461532007,0,0.0027864314615726
0,0.0076007563620805,0,0.0054520508274436,0,0.0001349972735624,0,0.0030903045553714
0,0.5674885511398315,0,0.2844441533088684,0,0.9414535164833068,0,0.1840493381023407
0,0.0213509909808635,0,0.0017630491638556,0,0.0008816003100946,0,0.0019750408828258
0,0.0087061934173107,0,0.0033185333013534,0,0.0208962466567754,0,0.0035780987236648
0,0.0108966585248708,0,0.0003582327044568,0,0.0002964838058687,0,0.0026102033443748
0,0.0777916014194488,0,0.0018544683698564,0,0.001302769058384,0,0.0014171610819175
0,0.0050292038358747,0,0.0163286589086055,0,0.0048443679697811,0,0.0031006769277155
0,0.0025977927725762,0,0.0005271738627925,0,0.0003506951034069,0,0.0012419240083545
0,0.0260108988732099,0,0.001689851284027,0,0.0010074668098241,0,0.0028446447104215
0,0.1414241194725036,0,0.0032006266992539,0,0.0205636676400899,0,0.0012255855835974
0,0.0055822357535362,0,0.0003226046683266,0,0.0001894090528367,0,0.0011470951139926
0,0.2786583304405212,0,0.0042053237557411,0,0.0939132273197174,0,0.0583064407110214
0,0.4483612775802612,0,0.7941302061080933,0,0.0014580534771084,0,0.1534669548273086
0,0.4132717549800873,0,0.0334272496402263,0,0.0662983208894729,0,0.0502867326140403
0,0.4851300120353699,0,0.8021298050880432,0,0.0047608744353055,0,0.2580128014087677
0,0.0507525652647018,0,0.0139525411650538,0,0.0006127405795268,0,0.0060780174098908
0,0.5453959107398987,0,0.0050043733790516,0,0.3253461122512817,0,0.0795743465423584
0,0.7821903824806213,0,0.0013781662564724,0,0.0083636362105607,0,0.0359422490000724
0,0.0389616787433624,0,0.0016484759980812,0,0.0306268613785505,0,0.0128891058266162
0,0.7818474173545837,0,0.0077722906135022,0,0.1894660145044326,0,0.0767929106950759
0,0.5467053055763245,0,0.0031979824416339,0,0.1521985530853271,0,0.0147267393767833
0,0.0084972223266959,0,0.0039392127655446,0,0.0028516701422631,0,0.1444112658500671
0,0.0059822523035109,0,0.0033901955466717,0,0.0003023740428034,0,0.004628762602806
0,0.3746964931488037,0,0.5064206719398499,0,0.3177839517593384,0,0.0416904315352439
0,0.0189064592123031,0,0.0019718543626368,0,0.0025543675292283,0,0.0078847780823707
0,0.0204380359500646,0,0.2869183719158172,0,0.0039955293759703,0,0.0140865491703152
0,0.0435493849217891,0,0.2105381935834884,0,0.0063097947277128,0,0.0157819557934999
0,0.0203073974698781,0,0.0079543041065335,0,0.0008252288098447,0,0.0227952841669321
0,0.0165829788893461,0,0.1562090814113617,0,0.016783295199275,0,0.0079999892041087
0,0.0009670770959928,0,0.0005974028608761,0,0.0004722870944533,0,0.0041816341690719
0,0.0010462247300893,0,0.0008284311043098,0,0.0009954400593414,0,0.0016958089545369
0,0.0014967045281082,0,0.0004214806540403,0,0.0009145391522906,0,0.0040764631703495
0,0.0169993359595537,0,0.0016434900462627,0,0.0008078839164227,0,0.0026812446303665
0,0.0036267254035919,0,0.0002940614067483,0,0.0002381244994467,0,0.0060601350851356
0,0.0633176565170288,0,0.0023239217698574,0,0.0007037159521132,0,0.0287805069237947
0,0.3116447925567627,0,0.0081290630623698,0,0.000684120808728,0,0.0259836837649345
0,0.0236799605190753,0,0.002291795797646,0,0.0021538196597248,0,0.0119949169456958
0,0.0394491776823997,0,0.0006085214554332,0,0.0003586757229641,0,0.0013672846835106
0,0.0065545453689992,0,0.0008613507379777,0,0.0008244334021583,0,0.0141746383160352
0,0.0306065138429403,0,0.0010426794178783,0,0.0004485821409616,0,0.0017355952877551
0,0.037272710353136,0,0.0022952361032366,0,0.0006487719365395,0,0.0076983887702226
0,0.4867653250694275,0,0.0657625645399093,0,0.1027301996946334,0,0.5601063966751099
0,0.6122721433639526,0,0.400088906288147,0,0.2693439126014709,0,0.6743340492248535
0,0.5545033812522888,0,0.3558791875839233,0,0.0250754244625568,0,0.6957820057868958
0,0.004357068799436,0,0.0014763042563572,0,0.0007459053304046,0,0.0048518907278776
0,0.0140087166801095,0,0.001253311173059,0,0.0016306876204907,0,0.004787154495716
0,0.0139824291691184,0,0.0013224644353613,0,0.0003031522792298,0,0.0039667496457695
0,0.0607652999460697,0,0.0144516881555318,0,0.0104634910821914,0,0.0116557348519563
0,0.0037173898890614,0,0.0013735147658735,0,0.0004478152550291,0,0.0027394185308367
0,0.0032489425502717,0,0.0050756358541548,0,0.0011856581550091,0,0.0041139675304293
0,0.8998913168907166,0,0.9696491956710817,0,0.0243328548967838,0,0.9537016153335572
0,0.4809077680110931,0,0.1024198904633522,0,0.0329015143215656,0,0.562809407711029
0,0.0048203961923718,0,0.0033138699363917,0,0.0006645280518569,0,0.0063290721736848
0,0.0002751096326392,0,0.0003075207350775,0,0.0001425695081707,0,0.0058592637069523
0,0.0885116755962371,0,0.0983276665210723,0,0.0011351683642715,0,0.0600538626313209
0,0.0007007629610598,0,0.0002088203618768,0,0.0002847032737918,0,0.0015510006342083
0,0.0009376580710522,0,0.0013758509885519,0,0.0005783278611488,0,0.0028237940277904
0,0.0055191814899444,0,0.0005558282136917,0,0.0001509374123997,0,0.0011009681038558
0,0.0009291870519518,0,0.0003188252157997,0,0.0002171473752241,0,0.0024302143137902
0,0.0045716548338532,0,0.0005186503985896,0,0.0001686932810116,0,0.0004645445733331
0,0.001193712465465,0,0.0002179021103074,0,0.0004603328707162,0,0.0020914017222821
0,0.0007805392378941,0,0.0007714262465015,0,0.0004978252691216,0,0.0037086673546582
0,0.0097654741257429,0,0.0005929224425926,0,0.0001546222047181,0,0.0018353636842221
0,0.2041379660367965,0,0.0029803172219544,0,0.0032730507664382,0,0.2836278080940246
0,0.1863499581813812,0,0.0163722410798072,0,0.0036835856735706,0,0.1006418168544769
0,0.0009554714197292,0,0.000249795615673,0,0.0001206985543831,0,0.0031656569335609
0,0.0154928807169198,0,0.0094802314415574,0,0.0005844128900207,0,0.0130578987300395
0,0.0104355094954371,0,0.0066583356820046,0,0.0006742640980519,0,0.0107123935595154
0,0.0102071752771735,0,0.002883224049583,0,0.0010734106181189,0,0.0109117468819022
1,0.6087130904197693,1,0.9417450428009032,1,0.0707694813609123,1,0.9563210010528564
1,0.8455684185028076,1,0.0027667549438774,1,0.0054207979701459,1,0.0075853061862289
1,0.1717414408922195,1,0.0910626649856567,1,0.0063254772685468,1,0.3757509887218475
1,0.0433361567556858,1,0.0066268658265471,1,0.0027793808840215,1,0.0053554722107946
1,0.0422694534063339,1,0.0037108685355633,1,0.000568296352867,1,0.0093551473692059
1,0.7657614946365356,1,0.9760833978652954,1,0.9993982315063475,1,0.9934927821159364
1,0.8747212886810303,1,0.9739865064620972,1,0.9995163679122924,1,0.970710813999176
1,0.0166894681751728,1,0.0017855373444035,1,0.000965496932622,1,0.0102189471945166
1,0.2647679448127746,1,0.1290818601846695,1,0.0052198553457856,1,0.3423045873641968
1,0.4174791574478149,1,0.096679039299488,1,0.0019286925671622,1,0.4342432618141174
1,0.0130258845165371,1,0.0012458777055144,1,0.0019445319194346,1,0.0052464907057583
1,0.8840042352676392,1,0.8710664510726929,1,0.8051683902740479,1,0.1897846907377243
1,0.8500608801841736,1,0.968884527683258,1,0.9480872750282288,1,0.8281511664390564
1,0.5505634546279907,1,0.6456587314605713,1,0.3465130925178528,1,0.9374390840530396
1,0.5111737251281738,1,0.8884917497634888,1,0.8171133995056152,1,0.9925345182418824
1,0.0490746274590492,1,0.0023991730995476,1,9.301324462285264e-05,1,0.0052298884838819
1,0.4909318685531616,1,0.0077327308245003,1,0.0005795175675302,1,0.0040911342948675
1,0.2772751748561859,1,0.006532444152981,1,0.0038832810241729,1,0.049065101891756
1,0.6238223314285278,1,0.8966899514198303,1,0.9149771332740784,1,0.6268361806869507
1,0.7605074644088745,1,0.1197004839777946,1,0.041878592222929,1,0.1572102904319763
1,0.8814317584037781,1,0.9740990400314332,1,0.2704288065433502,1,0.2467311918735504
1,0.8324186205863953,1,0.7548204660415649,1,0.0866449177265167,1,0.4375815987586975
1,0.8940140604972839,1,0.9730411171913148,1,0.9017438292503356,1,0.8078329563140869
1,0.8552706837654114,1,0.9096816182136536,1,0.9923364520072936,1,0.4894522130489349
1,0.7637740969657898,1,0.9139950275421144,1,0.9651600122451782,1,0.6975553631782532
1,0.8043632507324219,1,0.9737715125083924,1,0.8755845427513123,1,0.8863117098808289
0,0.1591352224349975,0,0.0048742028884589,0,0.986227571964264,0,0.0145156811922788
0,0.2873471081256866,0,0.0013387040235102,0,0.967319667339325,0,0.0516347102820873
0,0.2120326459407806,0,0.0004613986529875,0,0.0016060003545135,0,0.01736855879426
0,0.0069231144152581,0,0.001521096448414,0,0.0010557636851444,0,0.0037948901299387
0,0.0042679505422711,0,0.0033411914482712,0,0.0031129582785069,0,0.0028771082870662
0,0.4284515380859375,0,0.0058453506790101,0,0.0035123091656714,0,0.0569492727518081
0,0.059605810791254,0,0.0028981352224946,0,0.0019943604711443,0,0.0113514401018619
0,0.0041756085120141,0,0.0002740177733357,0,0.0006492584361694,0,0.0023348426911979
0,0.5022110342979431,0,0.0092881843447685,0,0.0051194820553064,0,0.0209246985614299
0,0.2602837085723877,0,0.0004354187985882,0,0.0002113847149303,0,0.0102883055806159
0,0.0168326459825038,0,0.0043487441726028,0,0.0123115666210651,0,0.0121837127953767
0,0.0005292334826663,0,0.0015077601419761,0,0.0017392971785739,0,0.0031062341295182
0,0.0004468362021725,0,0.002188230631873,0,0.0008261147304438,0,0.0025728582404553
0,0.5234190821647644,0,0.9534976482391356,0,0.9926944971084596,0,0.8936519622802734
0,0.0034654431510716,0,0.001141142216511,0,0.0001706947950879,0,0.0066053755581378
0,0.0024758821818977,0,0.0016664522700011,0,0.0004748526844196,0,0.0032555318903177
0,0.3909575939178467,0,0.0025035999715328,0,0.0041822581551969,0,0.0289515033364295
0,0.0049707144498825,0,0.0008070797775872,0,0.000510984333232,0,0.0011428985744714
0,0.0502564497292041,0,0.0022637406364083,0,0.0011010760208591,0,0.003576386719942
0,0.4339855909347534,0,0.0249408986419439,0,0.0161441378295421,0,0.0052052158862352
0,0.0399295054376125,0,0.004179460927844,0,0.0007150852470658,0,0.0024628159590065
0,0.170223668217659,0,0.0013333109673112,0,0.0044951220043003,0,0.0135447578504681
0,0.6428272724151611,0,0.0019142138771712,0,0.0011889769230037,0,0.0290842317044734
0,0.0050108120776712,0,0.0016425129724666,0,0.0019881506450474,0,0.0071396077983081
0,0.0007554433541372,0,0.002131852786988,0,0.0024177627637982,0,0.0049011250957846
0,0.495971143245697,0,0.0015784935094416,0,0.0197505895048379,0,0.0083656935021281
0,0.0051099197007715,0,0.0009216869948431,0,0.0025142268277704,0,0.0056828642264008
0,0.001636701868847,0,0.0029919268563389,0,0.0033646321389824,0,0.0032416849862784
0,0.0009219570201821,0,0.0035482631064951,0,0.0010918466141447,0,0.0044270828366279
0,0.0006900523439981,0,0.0004492415755521,0,0.0016112369485199,0,0.0027400373946875
0,0.5674280524253845,0,0.8239375352859497,0,0.895289957523346,0,0.4555412530899048
0,0.6537255644798279,0,0.8524093627929688,0,0.7981488108634949,0,0.7254650592803955
0,0.6896645426750183,0,0.0211942307651042,0,0.6065016388893127,0,0.0299564581364393
0,0.5100743770599365,0,0.0493663810193538,0,0.0079664858058094,0,0.5319699645042419
0,0.3790747225284576,0,0.775507926940918,0,0.0655373185873031,0,0.9673014879226683
0,0.2894542515277862,0,0.2516606748104095,0,0.0030413346830755,0,0.754571259021759
0,0.0081342477351427,0,0.0025408002547919,0,0.0017962859710678,0,0.0093818278983235
0,0.0092140873894095,0,0.0022128811106085,0,0.0010532747255638,0,0.0020629013888537
0,0.0109440814703702,0,0.003427366958931,0,0.0010651178890839,0,0.0358898043632507
0,0.0055941306054592,0,0.0015970051754266,0,0.0014949027681723,0,0.0023536693770438
0,0.2849316596984863,0,0.0271499548107385,0,0.0036207151133567,0,0.1021414846181869
0,0.0047558699734508,0,0.0021453816443681,0,0.0010613336926326,0,0.0025108123663812
0,0.0070300856605172,0,0.014183429069817,0,0.0016619926318526,0,0.0552064627408981
0,0.0607800669968128,0,0.0031989749986678,0,0.0015751235187053,0,0.0033942416775971
0,0.0254832599312067,0,0.0010097726481035,0,0.0012216549366712,0,0.002230274491012
0,0.341306209564209,0,0.0015407754108309,0,0.0014547670725733,0,0.004982435144484
0,0.080403171479702,0,0.0113104153424501,0,0.0007921220385469,0,0.005325277801603
0,0.0663941875100135,0,0.0039815832860767,0,0.0004639960825443,0,0.0286614168435335
0,0.0123573653399944,0,0.0008357804617844,0,0.0035702392924576,0,0.0296415071934461
0,0.0138252908363938,0,0.1070794984698295,0,0.0018075817497447,0,0.0390753224492073
0,0.0059491680003702,0,0.0003909661900252,0,0.0069899302907288,0,0.0186266265809535
0,0.0122723383828997,0,0.0003439610882196,0,0.0032933251932263,0,0.0275609660893678
0,0.0905057787895202,0,0.0292290747165679,0,0.0008652947726659,0,0.0366585664451122
0,0.0252806693315505,0,0.0013439782196655,0,0.0068193059414625,0,0.002078965306282
0,0.0107135158032178,0,0.0017845859983935,0,0.0043096882291138,0,0.0185253899544477
0,0.0532770976424217,0,0.0013340781442821,0,0.0003402997099328,0,0.0192524250596761
0,0.001035907655023,0,0.0002539623528718,0,0.0002403652033535,0,0.0028785325121134
0,0.1189599707722663,0,0.0100122662261128,0,0.1096592172980308,0,0.8909087777137756
0,0.0022827826905995,0,0.0026761693879961,0,0.000425498234108,0,0.001937125925906
0,0.3581782579421997,0,0.0028665452264249,0,0.0020599900744855,0,0.0452308058738708
0,0.4164135754108429,0,0.0023110581096261,0,0.0013758719433099,0,0.0218034125864505
0,0.0005880842218175,0,0.0192291252315044,0,0.0002628192596603,0,0.0115181282162666
0,0.0105243073776364,0,0.007285310421139,0,0.0039346017874777,0,0.002140499651432
0,0.0030571613460779,0,0.0007237817626446,0,0.0002220891765318,0,0.0007010998670011
0,0.0006159433978609,0,0.0213887467980384,0,0.0002191464009229,0,0.0086785899475216
0,0.0013923473889008,0,0.0008892970508895,0,0.0001362382026854,0,0.0014864780241623
0,0.0005199078586883,0,0.3058333396911621,0,0.0001910795399453,0,0.0110978046432137
0,0.0009292924660257,0,0.0011699454626068,0,0.0001588893210282,0,0.0005800093640573
0,0.0109471017494797,0,0.0020444316323846,0,0.0028352553490549,0,0.0022380042355507
0,0.0026039110962301,0,0.0005898988456465,0,0.0011720987968146,0,0.0013072778237983
0,0.040086917579174,0,0.0116384718567132,0,0.0017272144323214,0,0.0138585055246949
0,0.0024937051348388,0,0.0006354058859869,0,0.0005965345771983,0,0.0018406450981274
0,0.003690417157486,0,0.0002990592620335,0,0.0012388526229187,0,0.0030906263273209
0,0.0043259691447019,0,0.0009010448702611,0,0.006166819948703,0,0.0027217085007578
0,0.0680555999279022,0,0.0010963007807731,0,0.0132762603461742,0,0.0083331856876611
0,0.0561717189848423,0,0.0007898592739365,0,0.0004459542687982,0,0.002480064984411
0,0.9272600412368774,0,0.966627836227417,0,0.9690366387367249,0,0.6623691320419312
0,0.0005108540644869,0,0.001494386116974,0,0.0001195489749079,0,0.0085289618000388
0,0.0005219632876105,0,0.0003329294268041,0,1.726978734950535e-05,0,0.0036202194169163
0,0.0005864746635779,0,0.0015513837570324,0,0.0081222839653491,0,0.0243094209581613
0,0.0007774371188133,0,0.0006873710663057,0,0.0002743842778727,0,0.0207006391137838
0,0.0015003277221694,0,0.0016309679485857,0,0.0008578969864174,0,0.0296565294265747
0,0.003711644327268,0,0.0025461451150476,0,0.0017989794723689,0,0.0082419347018003
0,0.0061263600364327,0,0.0005356610636226,0,0.0086543085053563,0,0.0021344774868339
0,0.0589216351509094,0,0.0005893638008274,0,0.0044231838546693,0,0.0026915692724287
0,0.0065574618056416,0,0.0015389046166092,0,0.000303261243971,0,0.0040859580039978
0,0.0004252725630067,0,0.00059015332954,0,0.0001474621240049,0,0.0078387595713138
0,0.2176373302936554,0,0.1428217589855194,0,0.010443864390254,0,0.3776920437812805
0,0.126844123005867,0,0.0261113103479146,0,0.0078161694109439,0,0.1846716254949569
0,0.0080191669985651,0,0.0009861580329015,0,0.0001831860572565,0,0.0042902240529656
0,0.0175753608345985,0,0.000769414298702,0,0.0005908838356845,0,0.0147275403141975
0,0.089583545923233,0,0.001175497774966,0,0.0004311861121095,0,0.0292999483644962
0,0.1318063586950302,0,0.00120355701074,0,0.0041762944310903,0,0.0143281314522027
0,0.0983218997716903,0,0.0478931032121181,0,0.1146161034703254,0,0.0074408608488738
0,0.084338441491127,0,0.0032259521540254,0,0.0006472748355008,0,0.0075742006301879
0,0.3536907434463501,0,0.8404253125190735,0,0.910192370414734,0,0.9812140464782716
0,0.4143548905849457,0,0.756287693977356,0,0.0906395986676216,0,0.4154289066791534
0,0.6737022399902344,0,0.7908744215965271,0,0.0385197140276432,0,0.4702644944190979
0,0.0236662290990352,0,0.0084171667695045,0,0.0020960236433893,0,0.0106080938130617
0,0.0030482925940304,0,0.0004827422671951,0,0.000237763786572,0,0.0042344578541815
0,0.0049968739040195,0,0.000936682568863,0,0.0003374404914211,0,0.0041518746875226
0,0.0199406519532203,0,0.000525732175447,0,0.0002345512039028,0,0.0052412976510822
0,0.0121888844296336,0,0.0014285295037552,0,0.0002693260612431,0,0.0046310233883559
0,0.0097046121954917,0,0.000649259367492,0,0.0001474899763707,0,0.003735794685781
0,0.0122241349890828,0,0.0015828498871996,0,0.0026799121405929,0,0.008679574355483
0,0.0098018031567335,0,0.0031869113445281,0,0.0003646124678198,0,0.0068509276024997
0,0.1041962578892707,0,0.0037464634515345,0,0.0156982559710741,0,0.0111222174018621
0,0.0346231833100318,0,0.0019837627187371,0,0.003316321177408,0,0.0039830906316637
0,0.0037939546164125,0,0.0006876728730276,0,0.003773036180064,0,0.0015912145609036
0,0.0369088649749755,0,0.0020867218263447,0,0.0053891274146735,0,0.0050936909392476
0,0.0112998569384217,0,0.0022236290387809,0,0.0040536331944167,0,0.0026940577663481
0,0.5886870622634888,0,0.3123400807380676,0,0.6604593396186829,0,0.6517272591590881
0,0.0087512014433741,0,0.0016240035183727,0,0.0009250816074199,0,0.5317525863647461
0,0.0056783878244459,0,0.0009441610309295,0,0.001674999599345,0,0.0061145545914769
0,0.0021946325432509,0,0.0010733732488006,0,0.0006130533874966,0,0.007492596283555
0,0.0053037307225167,0,0.0034425458870828,0,0.0003350117185618,0,0.2835850119590759
0,0.6556369066238403,0,0.5929110646247864,0,0.5754727125167847,0,0.8170563578605652
0,0.0039072297513484,0,0.0006513352855108,0,0.0014378806808963,0,0.0115822479128837
0,0.011108124628663,0,0.0028421150054782,0,0.000577927858103,0,0.3261254131793976
0,0.0090833455324172,0,0.0005784086533822,0,0.0009724072297103,0,0.0092344991862773
0,0.6789172887802124,0,0.6667952537536621,0,0.6913747191429138,0,0.8798022270202637
0,0.0112531259655952,0,0.000942691869568,0,0.0004672230861615,0,0.0103676039725542
0,0.0044062249362468,0,0.0005925439181737,0,0.0005229879752732,0,0.0065136621706187
0,0.010244308039546,0,0.0014124123845249,0,0.0007334100082516,0,0.008084574714303
0,0.6438488960266113,0,0.1215884760022163,0,0.4378599226474762,0,0.0345904678106308
0,0.4085152745246887,0,0.0493037737905979,0,0.005695984698832,0,0.0740381404757499
0,0.0851629376411438,0,0.0002799837093334,0,0.0002201419847551,0,0.0249996073544025
0,0.012054000981152,0,0.0075900675728917,0,0.0001289917418034,0,0.010982098057866
0,0.2878542244434356,0,0.1530812084674835,0,0.0022758683189749,0,0.0746366381645202
0,0.052534282207489,0,0.0022138077765703,0,0.0005418917862698,0,0.0024000280536711
0,0.0064487778581678,0,0.0153037589043378,0,0.0002639701706357,0,0.0078633138909935
0,0.0286847818642854,0,0.3268578052520752,0,0.2862065434455871,0,0.1141134351491928
0,0.8284808397293091,0,0.5921157598495483,0,0.001529888366349,0,0.0531469210982322
0,0.9311556220054626,0,0.9679765701293944,0,0.9505096673965454,0,0.1549303829669952
0,0.8713063597679138,0,0.2448849380016327,0,0.0326900333166122,0,0.0421991944313049
0,0.3637347519397735,0,0.052131064236164,0,0.0345668755471706,0,0.0369370505213737
0,0.0040130978450179,0,0.0005631173844449,0,0.0003163325309287,0,0.0032930185552686
0,0.0426085256040096,0,0.0004048960399813,0,0.0007233683718368,0,0.0017182219307869
0,0.7606508135795593,0,0.9441429376602172,0,0.3228909969329834,0,0.2202182412147522
0,0.5438229441642761,0,0.7451962232589722,0,0.0211393907666206,0,0.0235220938920974
0,0.001986724557355,0,0.0003253601316828,0,0.0028146596159785,0,0.0065520401112735
0,0.0032376260496675,0,0.001580998650752,0,0.0022159519139677,0,0.0017398803029209
0,0.019876318052411,0,0.0008235029526986,0,0.0003948732919525,0,0.0081881545484066
0,0.0020750493276864,0,0.0009114149725064,0,0.0004749033832922,0,0.001569083542563
0,0.0029947159346193,0,0.0007310423534363,0,0.0003679713699966,0,0.0149568133056163
0,0.017893623560667,0,0.0016563980607315,0,0.0002101778809446,0,0.0098210275173187
0,0.5249598622322083,0,0.2102305591106414,0,0.0332715176045894,0,0.0710404291749
0,0.0018414855003356,0,0.0017253081314265,0,0.0001275361864827,0,0.002458183793351
0,0.5416141152381897,0,0.3508439660072326,0,0.002087605651468,0,0.4667949676513672
0,0.6891958713531494,0,0.0022187097929418,0,0.7544580698013306,0,0.4629561603069305
0,0.8508573174476624,0,0.9406209588050842,0,0.90349143743515,0,0.774351179599762
0,0.4284733831882477,0,0.0003099821624346,0,0.9967142343521118,0,0.1519877463579177
0,0.508072555065155,0,0.7638615965843201,0,0.4969681203365326,0,0.7273067235946655
0,0.4561359286308288,0,0.7927164435386658,0,0.2290810793638229,0,0.5909419059753418
0,0.5784454941749573,0,0.7401387095451355,0,0.6362809538841248,0,0.4923918843269348
0,0.6960934400558472,0,0.0046374527737498,0,0.9648834466934204,0,0.738155722618103
0,0.4637526273727417,0,0.1887461990118026,0,0.0039376658387482,0,0.459768146276474
0,0.0213037393987178,0,0.0060797752812504,0,0.000191272018128,0,0.0071884570643305
0,0.0060879183001816,0,0.0006936546997167,0,0.000257339910604,0,0.0056469803676009
0,0.0257825963199138,0,0.0011226326460018,0,0.7307555675506592,0,0.010181481949985
0,0.0020387957338243,0,0.0005175254773348,0,0.0003223399980925,0,0.0031877567525953
0,0.6708762645721436,0,0.6810147166252136,0,0.0060127740725874,0,0.0152909243479371
0,0.2098384648561477,0,0.0090505117550492,0,0.0356991961598396,0,0.0055018775165081
0,0.7516660094261169,0,0.0289970729500055,0,0.0009269777801819,0,0.0109601914882659
0,0.5579673051834106,0,0.0105874175205826,0,0.0019285767339169,0,0.0103224413469433
0,0.7627253532409668,0,0.7796432375907898,0,0.6221165060997009,0,0.9722752571105956
0,0.5888918042182922,0,0.0397197604179382,0,0.138458251953125,0,0.883594274520874
0,0.639413058757782,0,0.075036734342575,0,0.0125118726864457,0,0.1331299245357513
0,0.1397534906864166,0,0.0006971764960326,0,0.0007352091488428,0,0.0232736635953187
0,0.0147479809820652,0,0.0087359398603439,0,0.0002481508417986,0,0.0576406940817832
0,0.0709912180900573,0,0.0247064530849456,0,0.000607575115282,0,0.0276553016155958
0,0.0045781605876982,0,0.0005975936073809,0,0.0011404445394873,0,0.0010066642425954
0,0.0103593142703175,0,0.0026571175549179,0,0.0003307156730443,0,0.0064255879260599
0,0.0396660231053829,0,0.0044968039728701,0,0.0026760853361338,0,0.0114994784817099
0,0.0084889698773622,0,0.0066119125112891,0,0.0032007410190999,0,0.0017670827219262
0,0.0169439427554607,0,0.0038653735537081,0,0.0012527119833976,0,0.0023381817154586
0,0.0130766164511442,0,0.0131538268178701,0,0.0040468876250088,0,0.0020140374545007
0,0.0037800811696797,0,0.3647478520870209,0,0.0108325565233826,0,0.1766175627708435
0,0.003878948977217,0,0.0817161947488784,0,0.0003836048708762,0,0.0588840804994106
0,0.002880526240915,0,0.1132724732160568,0,0.0019026461523026,0,0.0818014442920684
0,0.013593016192317,0,0.0003257043135818,0,0.0256613902747631,0,0.0052334638312458
0,0.0020168635528534,0,0.0012910806108266,0,0.001166058005765,0,0.0050874026492238
0,0.0015920200385153,0,0.000949973007664,0,0.0009794776560738,0,0.0028157923370599
0,0.0027733552269637,0,0.0008910155156627,0,0.0012240997748449,0,0.0009530530660413
0,0.0383346900343894,0,0.0001423502544639,0,0.6319767236709595,0,0.0199107006192207
0,0.0034511317498981,0,0.0039930706843733,0,0.0160553101450204,0,0.0070832632482051
0,0.0276404451578855,0,0.0002510096237529,0,0.6633610725402832,0,0.0382205583155155
0,0.0120497941970825,0,0.0006951207760721,0,0.1050222739577293,0,0.0082062380388379
0,0.0039371275343,0,0.0021389541216194,0,0.0005425649578683,0,0.0015844957670196
0,0.0271985437721014,0,0.0038009299896657,0,0.000697904091794,0,0.0021684286184608
0,0.0007202608976513,0,0.0001183130734716,0,0.0001197256860905,0,0.0033269973937422
0,0.0089402059093117,0,0.0029975620564073,0,0.0003781582927331,0,0.0015435955720022
0,0.0020312315318733,0,0.0001902663352666,0,0.0001633889623917,0,0.0041876351460814
0,0.0105505194514989,0,0.0050202114507555,0,0.0007563506369479,0,0.0015861954307183
0,0.0027130120433866,0,0.0028700625989586,0,0.0004916736506856,0,0.0041379709728062
0,0.1477758586406707,0,0.4778103232383728,0,0.0064689922146499,0,0.5314238667488098
0,0.0073319454677402,0,0.005666306708008,0,0.0002422732504783,0,0.0041574044153094
0,0.0020048515871167,0,0.0005888497689738,0,0.0008041621767915,0,0.00362927489914
0,0.1121778562664985,0,0.0839563012123107,0,0.0011614608811214,0,0.5217846035957336
0,0.0054396260529756,0,0.0021210932172834,0,0.0008032683981582,0,0.0028198075015097
0,0.1770966649055481,0,0.061946727335453,0,0.0179059039801359,0,0.1466947942972183
0,0.0055515486747026,0,0.0057114530354738,0,0.0019443886121734,0,0.009042496792972
0,0.0026961928233504,0,0.0044674384407699,0,0.0041817794553935,0,0.0048486688174307
0,0.0008027339354157,0,0.0054412125609815,0,0.0033011636696755,0,0.0067890961654484
0,0.0268692374229431,0,0.0005847641732543,0,0.0002091367787215,0,0.0080588227137923
0,0.0070538255386054,0,0.0007104015094228,0,0.0002344847889617,0,0.006786061450839
0,0.0137571031227707,0,0.0006272654281929,0,0.000138530289405,0,0.0096428738906979
0,0.9305513501167296,0,0.7947166562080383,0,0.1437517255544662,0,0.8409284949302673
0,0.9504936933517456,0,0.9256954789161682,0,0.2759957909584045,0,0.8655593991279602
0,0.951526403427124,0,0.8885612487792969,0,0.0107143549248576,0,0.6198471188545227
0,0.0049112164415419,0,0.0012462189188227,0,0.0030816113576292,0,0.010008773766458
0,0.1821280419826507,0,0.0014939139364287,0,0.9340684413909912,0,0.2552379369735718
0,0.011509271338582,0,0.0101406639441847,0,0.7971420288085938,0,0.0058790338225662
0,0.0057253753766417,0,0.0007413122220896,0,0.0026469961740076,0,0.0104681625962257
0,0.0895571932196617,0,0.0016174629563465,0,0.0179793816059827,0,0.2796891927719116
0,0.0208486653864383,0,0.0005813329480588,0,0.5166151523590088,0,0.0090941982343792
0,0.0091084102168679,0,0.00035554979695,0,0.000795655301772,0,0.011050540022552
0,0.2360889762639999,0,0.0015218468615785,0,0.805844247341156,0,0.149156853556633
0,0.0059815039858222,0,0.0128187285736203,0,0.9612061977386476,0,0.0085329785943031
0,0.4199548363685608,0,0.1034327819943428,0,0.0668199062347412,0,0.2528055310249328
0,0.1098735332489013,0,0.0283981710672378,0,0.0047485046088695,0,0.373594731092453
0,0.0243774130940437,0,0.0039718807674944,0,0.0003042464377358,0,0.0017235710984095
0,0.2399142384529113,0,0.0204795468598604,0,0.0269712060689926,0,0.6802983283996582
0,0.0131535176187753,0,0.0028472857084125,0,0.0004063551605213,0,0.0017547204624861
0,0.142303928732872,0,0.005370850674808,0,0.0014745478983968,0,0.2946772873401642
0,0.0065066455863416,0,0.0023703882470726,0,0.0002379628858761,0,0.0019271097844466
0,0.0036767374258488,0,0.0003726014692801,0,0.0018398497486487,0,0.0005103775765746
0,0.001506830798462,0,0.0006185648380778,0,0.0020614943932741,0,0.0005004601553082
0,0.0034765186719596,0,0.0004655686207115,0,0.0021667908877134,0,0.0005640058661811
0,0.0120387924835085,0,0.0002835247141774,0,7.853406714275479e-05,0,0.0007685206946916
0,0.2982942163944244,0,0.4978785812854767,0,0.029727004468441,0,0.2482149302959442
0,0.8012085556983948,0,0.3996582627296448,0,0.4950132966041565,0,0.8452578186988831
0,0.2118771076202392,0,0.0046061230823397,0,0.0037484909407794,0,0.0721919015049934
0,0.1463910937309265,0,0.3386219441890716,0,0.2010384947061538,0,0.177835077047348
0,0.8532411456108093,0,0.8251659274101257,0,0.6027435064315796,0,0.9490054249763488
0,0.2613705396652221,0,0.1083315685391426,0,0.0057000452652573,0,0.8391532301902771
0,0.0762977302074432,0,0.3628610074520111,0,0.2624195218086242,0,0.1483596712350845
0,0.0057444041594862,0,0.0008164019673131,0,0.0001626295270398,0,0.004208939615637
0,0.7022107243537903,0,0.8427157402038574,0,0.5489410161972046,0,0.7039409875869751
0,0.2505438327789306,0,0.0968595370650291,0,0.0022509270347654,0,0.7745566368103027
0,0.1402425020933151,0,0.064775139093399,0,0.2030673772096634,0,0.1092758551239967
0,0.0067672985605895,0,0.000226106858463,0,0.0001422107889084,0,0.0034806809853762
0,0.1868800967931747,0,0.6939762830734253,0,0.0128058400005102,0,0.4322715997695923
0,0.0647524818778038,0,0.0017941548721864,0,0.0028269137255847,0,0.0047876676544547
1,0.2200818061828613,1,0.9266376495361328,1,0.0141973830759525,1,0.0364875383675098
1,0.8145642876625061,1,0.9082583785057068,1,0.4556585848331451,1,0.9883713126182556
1,0.6211983561515808,1,0.690102756023407,1,0.2925583720207214,1,0.9904028177261353
1,0.6921599507331848,1,0.924460768699646,1,0.0991628468036651,1,0.9839862585067748
1,0.8199423551559448,1,0.9475762248039246,1,0.1849118918180465,1,0.9786936044692992
1,0.7532798051834106,1,0.9637219905853271,1,0.9179561138153076,1,0.9544543623924256
1,0.8013494610786438,1,0.944082498550415,1,0.4510137140750885,1,0.8659952282905579
1,0.8191035389900208,1,0.9297492504119872,1,0.883056640625,1,0.993634819984436
1,0.8563192486763,1,0.8335781097412109,1,0.9791772961616516,1,0.1775144040584564
1,0.8545243740081787,1,0.884243905544281,1,0.9986742734909058,1,0.4613536894321441
1,0.3466590344905853,1,0.0276639200747013,1,0.0171390045434236,1,0.0122666303068399
1,0.6712830662727356,1,0.7757580280303955,1,0.0823856964707374,1,0.7751853466033936
1,0.1825678050518036,1,0.0130756637081503,1,0.0060794036835432,1,0.0538606643676757
1,0.6541550755500793,1,0.9049550890922546,1,0.0234299637377262,1,0.7675312161445618
1,0.6440442204475403,1,0.9612964987754822,1,0.4169885516166687,1,0.4352270662784576
1,0.7303169369697571,1,0.913683831691742,1,0.2384992986917495,1,0.1921313256025314
1,0.46267169713974,1,0.0196866039186716,1,0.1217654347419738,1,0.201780080795288
1,0.8893462419509888,1,0.7837493419647217,1,0.9758319854736328,1,0.4052993953227997
1,0.8441060185432434,1,0.8862119913101196,1,0.4984288811683655,1,0.5556938648223877
1,0.9320246577262878,1,0.9457983374595642,1,0.7600677609443665,1,0.7006429433822632
1,0.8273565173149109,1,0.8889892101287842,1,0.0115321381017565,1,0.4290587306022644
1,0.9455714821815492,1,0.9671099185943604,1,0.790131688117981,1,0.2952248156070709
1,0.2015643417835235,1,0.0100850444287061,1,0.0088147493079304,1,0.2082523107528686
1,0.908750057220459,1,0.7924672961235046,1,0.1235932186245918,1,0.2907375991344452
1,0.8103624582290649,1,0.733415424823761,1,0.0138688115403056,1,0.1329851001501083
1,0.3900860846042633,1,0.3071128129959106,1,0.0148603888228535,1,0.1035880073904991
1,0.9452710747718812,1,0.9838904738426208,1,0.9991371035575868,1,0.96233069896698
0,0.5344012975692749,0,0.7699358463287354,0,0.0011324099032208,0,0.3243308961391449
0,0.0055539426393806,0,0.0311722680926322,0,0.0015702426899224,0,0.0100759454071521
0,0.001061774091795,0,7.462202484020963e-05,0,0.000312730873702,0,0.0006739916861988
0,0.0014775987947359,0,0.0002434593188809,0,0.0015010208589956,0,0.0007861081394366
0,0.0015474704559892,0,0.0009884048486128,0,0.000555298931431,0,0.0022669716272503
0,0.8391090035438538,0,0.3971946537494659,0,0.1864538043737411,0,0.0551925636827945
0,0.0006817497778683,0,0.0013648265739902,0,0.0009474145481362,0,0.0045287129469215
0,0.9027886390686036,0,0.4140090346336365,0,0.0456902757287025,0,0.1725256294012069
0,0.0022588432766497,0,0.0092326886951923,0,0.0019573112949728,0,0.0078025660477578
0,0.0009280090453103,0,0.0061051356606185,0,0.0005140854045748,0,0.0086412848904728
0,0.0037633071187883,0,0.0025467870291322,0,0.0013034510193392,0,0.0044651888310909
0,0.0435263738036155,0,0.0001858890464063,0,0.0015988727100193,0,0.0201080311089754
0,0.8223222494125366,0,0.9870029091835022,0,0.5053136944770813,0,0.7224080562591553
0,0.0248809363692998,0,0.0011639334261417,0,0.0004017693572677,0,0.005473384167999
0,0.5993505716323853,0,0.7821089625358582,0,0.4393486082553863,0,0.0764014720916748
0,0.0355339683592319,0,0.0995528101921081,0,0.0061594685539603,0,0.0300867445766925
0,0.1478909403085708,0,0.1341041773557663,0,0.0021625440567731,0,0.1421260833740234
0,0.0602548718452453,0,0.0613988973200321,0,0.00361217581667,0,0.1075644046068191
0,0.0744273215532302,0,0.0115133514627814,0,0.0009256268967874,0,0.0201016068458557
0,0.0851310491561889,0,0.0266457274556159,0,0.0013555190525949,0,0.0625040903687477
0,0.4774010777473449,0,0.5302575826644897,0,0.3987724781036377,0,0.7280300259590149
0,0.4818637371063232,0,0.5724260807037354,0,0.2205510437488556,0,0.9128990173339844
0,0.270139217376709,0,0.980435848236084,0,0.9736704230308532,0,0.6245054602622986
0,0.0140217905864119,0,0.0014104491565376,0,0.0002485085860826,0,0.0031959295738488
0,0.2142178267240524,0,0.1002658456563949,0,0.0055149616673588,0,0.5098437666893005
0,0.2801281809806824,0,0.330874890089035,0,0.006042153108865,0,0.1720847636461258
0,0.3234903216361999,0,0.010679505765438,0,0.0017974252114072,0,0.4983000457286834
0,0.0501852631568908,0,0.3282082080841064,0,0.0421884357929229,0,0.005680781789124
0,0.2783865630626678,0,0.4252902269363403,0,0.0614650249481201,0,0.0297911148518323
0,0.0167829170823097,0,0.0005635582492686,0,0.0009854100644588,0,0.0024293949827551
0,0.0107309594750404,0,0.0005160990986041,0,0.0004173308843746,0,0.01849976927042
0,0.0039340914227068,0,0.0003854441456496,0,0.0009341954137198,0,0.0100966328755021
0,0.0182058233767747,0,0.0006757523515261,0,0.0004163446719758,0,0.0114800194278359
0,0.0615943036973476,0,0.2397571802139282,0,0.0142220165580511,0,0.0149320131167769
0,0.0002506389573682,0,0.0002164767502108,0,0.000134125657496,0,0.0023923909757286
0,0.0026240504812449,0,0.0006604308146052,0,0.000202018462005,0,0.0069892816245555
0,0.0023867711424827,0,0.0016295191599056,0,0.0005905882571823,0,0.0062278229743242
0,0.0009762401459738,0,0.0015304390108212,0,0.0004200869589112,0,0.0043482780456542
0,0.0083822682499885,0,0.0026312584523111,0,0.0004642363055609,0,0.0045232330448925
0,0.0034774919040501,0,0.0006098368321545,0,0.0002172351669287,0,0.0033167307265102
0,0.0469984784722328,0,0.0014712238917127,0,0.0011175191029906,0,0.0079272463917732
0,0.0133464289829134,0,0.0066185556352138,0,0.0013310061767697,0,0.0059692426584661
0,0.0988264828920364,0,0.0115402024239301,0,0.003263916587457,0,0.004673371091485
0,0.0005531431525014,0,0.000233207232668,0,0.0003627486003097,0,0.0010946476832032
0,0.001988788601011,0,0.0003886405029334,0,0.0001513523311587,0,0.0029498992953449
0,0.0525311976671218,0,0.0008156709955073,0,0.0005368215497583,0,0.0048064580187201
0,0.0323968455195426,0,0.0009238259517587,0,0.0005114209488965,0,0.0117984283715486
0,0.5556540489196777,0,0.0653622150421142,0,0.7420834898948669,0,0.0363056696951389
0,0.0027888717595487,0,0.0023897101636976,0,0.0004040743515361,0,0.0053425207734107
0,0.1159810647368431,0,0.0078288493677973,0,0.0007416999433189,0,0.0319502130150795
0,0.2951130867004394,0,0.5544642210006714,0,0.0011771011631935,0,0.1090492308139801
0,0.0016249362379312,0,0.0009645099635235,0,0.0012894879328086,0,0.001856344868429
0,0.1953634619712829,0,0.0137854032218456,0,0.0007833541021682,0,0.0076933498494327
0,0.0724126696586608,0,0.0014515263028442,0,0.0008690324029885,0,0.0127337276935577
0,0.0165083706378936,0,0.0026266586501151,0,0.0007486458634957,0,0.0165952630341053
0,0.0063526621088385,0,0.0020717924926429,0,0.0005025608697906,0,0.0137798814103007
0,0.0097269965335726,0,0.0054297721944749,0,0.0006179705378599,0,0.0135053563863039
0,0.0150852054357528,0,0.0002684365026652,0,0.000864754023496,0,0.0038221224676817
0,0.0056518311612308,0,0.000235322426306,0,0.0005674290005117,0,0.0016736931866034
0,0.0060537820681929,0,0.0020166612230241,0,0.0008641239255666,0,0.0019277040846645
0,0.0022294321097433,0,0.0011937057133764,0,0.0002266696101287,0,0.0035757259465754
0,0.0017686875071376,0,0.0015239045023918,0,9.281502570956944e-05,0,0.0043903081677854
0,0.0427265465259552,0,0.0107253631576895,0,0.0073378020897507,0,0.0195043981075286
0,0.0028089587576687,0,0.0027194460853934,0,0.0001287610793951,0,0.0054397033527493
0,0.0016039229230955,0,0.0021369114983826,0,0.0002739104093052,0,0.0028797429986298
0,0.0019475382287055,0,0.0012190405977889,0,0.0002690081018954,0,0.0064910058863461
0,0.0022121956571936,0,0.0011428224388509,0,0.0004320124571677,0,0.0040416615083813
0,0.0015590190887451,0,0.0002397899661445,0,0.0003920055460184,0,0.0008603639435023
0,0.0013353665126487,0,0.0014964800793677,0,0.0004797614237759,0,0.0023735610302537
0,0.0023044233676046,0,0.0002633896947372,0,0.0003473252872936,0,0.0009230838622897
0,0.90015709400177,0,0.470880925655365,0,0.0134982438758015,0,0.0719536617398262
0,0.0150757487863302,0,0.0005811877781525,0,0.0004322773602325,0,0.0015594103606417
0,0.0014570389175787,0,0.0022127439733594,0,0.0011652807006612,0,0.0042393277399241
0,0.0739153623580932,0,0.0168398525565862,0,0.0010720387799665,0,0.0489479452371597
0,0.1193294748663902,0,0.1594393402338028,0,0.0015347901498898,0,0.0290516186505556
0,0.002891533775255,0,0.0003936718276236,0,0.001666605239734,0,0.0018954834667965
0,0.9499763250350952,0,0.3130794763565063,0,0.1710704714059829,0,0.0618044063448905
0,0.427683025598526,0,0.7300909161567688,0,0.0320549570024013,0,0.0423175692558288
0,0.4406037926673889,0,0.2403156012296676,0,0.0162344072014093,0,0.0225402247160673
0,0.4212927520275116,0,0.4115504324436188,0,0.0070593045093119,0,0.0219561643898487
0,0.2323147356510162,0,0.0421134680509567,0,0.0009783649584278,0,0.0237112399190664
0,0.2162057012319564,0,0.0128335198387503,0,0.00246975524351,0,0.0105342734605073
0,0.0029513735789805,0,8.616688137408346e-05,0,0.0016128708375617,0,0.0072774412110447
0,0.0054002651013433,0,0.0004230061604175,0,0.0007214829674921,0,0.0099528077989816
0,0.0058285910636186,0,0.0004763235338032,0,0.0013562622480094,0,0.0076580438762903
0,0.43862184882164,0,0.8598319292068481,0,0.0037077355664223,0,0.0248793438076972
0,0.0095823165029287,0,0.0004631008487194,0,0.000438010727521,0,0.0005960733979009
0,0.1889574974775314,0,0.0083952117711305,0,0.0383339710533618,0,0.0140718948096036
0,0.2116191089153289,0,0.0241399575024843,0,0.007328906096518,0,0.0118971895426511
0,0.0014790579443797,0,0.0010933330049738,0,0.0003451911616139,0,0.0034234554041177
0,0.0017939421813935,0,0.0009711406892165,0,0.0001567144936416,0,0.0026661707088351
0,0.0023623956367373,0,0.0006902608438394,0,0.0007898388430476,0,0.0047598755918443
0,0.0015089371008798,0,0.0029350453987717,0,0.0004634536453522,0,0.0039870995096862
0,0.0033974661491811,0,0.0017039948143064,0,0.000796619860921,0,0.0030091858934611
0,0.002004622714594,0,0.0026553820353001,0,0.004707449581474,0,0.0023134176153689
0,0.0014570506755262,0,0.0008472233312204,0,0.0009999783942475,0,0.0052768341265618
0,0.9343042969703674,0,0.8570047616958618,0,0.6892267465591431,0,0.114497035741806
0,0.0177467111498117,0,0.001476602978073,0,0.0001938376080943,0,0.006331231445074
0,0.0030033618677407,0,0.0006170812412165,0,0.0006096410215832,0,0.0035804114304482
0,0.4997924268245697,0,0.0206131022423505,0,0.0004118567158002,0,0.0065416223369538
0,0.3342515528202057,0,0.0285835918039083,0,0.5121201276779175,0,0.0224516578018665
0,0.0090354448184371,0,0.0013015387812629,0,0.0012116358848288,0,0.0009362546843476
0,0.0050674048252403,0,0.000978237716481,0,0.0006771758198738,0,0.0031371270306408
0,0.0227007139474153,0,0.0015861486317589,0,0.2611932158470154,0,0.0138708921149373
0,0.0328243374824523,0,0.0015215324237942,0,0.0006152886198833,0,0.0525821335613727
0,0.0652809366583824,0,0.0013527701376006,0,0.0981734693050384,0,0.0734979212284088
0,0.0138638373464345,0,0.0021626893430948,0,0.0008111104834824,0,0.0591662116348743
0,0.0339347831904888,0,0.0028382176533341,0,0.1041566431522369,0,0.0105001078918576
0,0.02844806201756,0,0.0016107929404824,0,0.0005876121576875,0,0.0361953787505626
0,0.4206093251705169,0,0.0300601795315742,0,0.0005096464301459,0,0.0590876936912536
0,0.3547107279300689,0,0.006633052136749,0,0.0010815669083967,0,0.0093417456373572
0,0.0014754321891814,0,0.002693528542295,0,0.0004301671579014,0,0.0069337994791567
0,0.0059521696530282,0,0.001948069431819,0,0.0008188475621864,0,0.0049600563943386
0,0.0025789397768676,0,0.0092437490820884,0,0.0002525558229535,0,0.0059341425076127
0,0.0078874193131923,0,0.0022316852118819,0,0.0006858566193841,0,0.0055500222370028
0,0.0032799292821437,0,0.0023471363820135,0,0.0003395986859686,0,0.0043104188516736
0,0.1403063237667083,0,0.0034403053577989,0,0.0010017491877079,0,0.0094164805486798
0,0.000497801520396,0,0.0039712288416922,0,0.0002018873346969,0,0.0026707276701927
0,0.0077968756668269,0,0.0038528246805071,0,0.0015130760148167,0,0.0018639216432347
0,0.0110425855964422,0,0.0004087178094778,0,0.0010582847753539,0,0.0037203582469373
0,0.0028778717387467,0,0.0005533078801818,0,4.744356920127757e-05,0,0.0025490021798759
0,0.0102049307897686,0,0.0014518511015921,0,0.0006197775364853,0,0.0054915370419621
0,0.0020785846281796,0,0.000405054888688,0,0.0002239083551103,0,0.0180802028626203
0,0.0003830267814919,0,0.007162666413933,0,0.0001487407280365,0,0.0022503200452774
0,0.0079112388193607,0,0.0031922447960823,0,0.0003672578604891,0,0.0051095848903059
0,0.3695060014724731,0,0.0061137899756431,0,0.0018006087047979,0,0.0119786309078335
0,0.0049965754151344,0,0.0050303800962865,0,0.0006633514421992,0,0.0058988453820347
0,0.0007828383822925,0,0.000705809390638,0,6.082197432988323e-05,0,0.004290061071515
0,0.0174584779888391,0,0.0032163497526198,0,0.0001893601292977,0,0.0022929997649043
0,0.1279094219207763,0,0.0010192721383646,0,0.0009096976136788,0,0.0047523165121674
0,0.0085876528173685,0,0.0048499736003577,0,0.0020590748172253,0,0.0150114400312304
0,0.5837291479110718,0,0.0104822339490056,0,0.0050101107917726,0,0.1915492862462997
0,0.098899558186531,0,0.0054753059521317,0,0.0041292808018624,0,0.0141295129433274
0,0.0016510423738509,0,0.0450294315814971,0,0.0054570999927818,0,0.0059251962229609
0,0.5254670977592468,0,0.0405463241040706,0,0.001382493879646,0,0.0968442633748054
0,0.0186964981257915,0,0.0044530425220727,0,0.0018743486143648,0,0.0100691653788089
0,0.0142042469233274,0,0.0041630049236118,0,0.0046254261396825,0,0.0090275797992944
0,0.0166448596864938,0,0.0099718514829874,0,0.0028600457590073,0,0.0084999911487102
0,0.0233322791755199,0,0.0006165401428006,0,0.9830559492111206,0,0.0338025987148284
0,0.0463788919150829,0,0.0012498130090534,0,0.000370690919226,0,0.0066319713369011
0,0.0145247755572199,0,0.3041749000549316,0,0.0002452015469316,0,0.0102322855964303
0,0.0455327481031417,0,0.0019046410452574,0,0.9286350011825562,0,0.0224318597465753
0,0.0027722269296646,0,0.0005852272151969,0,0.0003922318865079,0,0.002917286241427
0,0.0095990933477878,0,0.0296437125653028,0,0.000256161467405,0,0.0064114807173609
0,0.0522746928036212,0,0.0015996355796232,0,0.973065972328186,0,0.070814661681652
0,0.0039091715589165,0,0.002187524922192,0,0.0006861832225695,0,0.0051447306759655
0,0.0149970725178718,0,0.0015888399211689,0,0.0019289320334792,0,0.1113575398921966
0,0.7086865901947021,0,0.9390318393707277,0,0.3670272529125213,0,0.9723571538925172
0,0.8965176343917847,0,0.9176397919654846,0,0.0231931824237108,0,0.9615023732185364
0,0.8443159461021423,0,0.859623372554779,0,0.3637571632862091,0,0.8999300599098206
0,0.0101901739835739,0,0.001855106675066,0,0.0010154063347727,0,0.010850909166038
0,0.0058333226479589,0,0.0011499023530632,0,0.0002614252734929,0,0.0070355799980461
0,0.0072238631546497,0,0.0010473801521584,0,0.0007663600263185,0,0.0072778309695422
0,0.0083998842164874,0,0.0023902945686131,0,0.0025024937931448,0,0.0018536555580794
0,0.0484265387058258,0,0.0019673663191497,0,0.0064166192896664,0,0.0026524059940129
0,0.2232420146465301,0,0.0024304259568452,0,0.0011099178809672,0,0.0053381947800517
0,0.0098364576697349,0,0.0011258862214162,0,0.0003179358900524,0,0.0066219610162079
0,0.3167777061462402,0,0.7658131718635559,0,0.1249024718999862,0,0.0803618431091308
0,0.7053022384643555,0,0.0010030011180788,0,0.0006013754755258,0,0.005469502415508
0,0.0053621209226548,0,0.0006376362871378,0,0.0014837485505267,0,0.0041890991851687
0,0.0023947523441165,0,0.0004462677170522,0,0.0001759021542966,0,0.0013154842890799
0,0.2883498966693878,0,0.0013688181061297,0,0.0115737132728099,0,0.0252679698169231
0,0.2088103890419006,0,0.0016011953121051,0,0.002115981420502,0,0.008813907392323
0,0.4739088118076324,0,0.0008760768105275,0,0.0011966417077928,0,0.0055307857692241
0,0.0082717388868331,0,0.000273123383522,0,0.0019049539696425,0,0.0061519159935414
0,0.0015253440942615,0,0.000389176828321,0,0.0001120047818403,0,0.0015505893388763
0,0.3103240430355072,0,0.9201675653457642,0,0.7573458552360535,0,0.1145984604954719
0,0.0170806273818016,0,0.0004569375014398,0,0.0011722450144588,0,0.0125543801113963
0,0.5654057264328003,0,0.0005205986090004,0,0.0029581289272755,0,0.008834296837449
0,0.430949866771698,0,0.0011647896608337,0,0.0003213743621017,0,0.0043240906670689
0,0.0078587625175714,0,0.0003935950808227,0,0.0018671961734071,0,0.0135826170444488
0,0.0008881433750502,0,0.000639219128061,0,0.0001046851393766,0,0.0010678218677639
0,0.268198162317276,0,0.0011789679992944,0,0.0087381657212972,0,0.0102397203445434
0,0.7335706949234009,0,0.0012000226415693,0,0.0009961881441995,0,0.0188400354236364
0,0.0393377728760242,0,0.0259954947978258,0,0.0006905809277668,0,0.0069833802990615
0,0.0769793167710304,0,0.0087556084617972,0,0.0007370913517661,0,0.013098357245326
0,0.0021711601875722,0,0.0201579257845878,0,0.0002339064521947,0,0.0710529759526252
0,0.002707615494728,0,0.0186136420816183,0,0.0001728544884826,0,0.0732123330235481
0,0.1191120371222496,0,0.7860731482505798,0,0.0837294980883598,0,0.0152814937755465
0,0.2568129599094391,0,0.1147331148386001,0,0.0046119247563183,0,0.0454049333930015
0,0.7856212854385376,0,0.5622791051864624,0,0.9280350208282472,0,0.9101279377937316
0,0.5447902679443359,0,0.5970349311828613,0,0.0039692451246082,0,0.9861556887626648
0,0.0079281395301222,0,0.0032951838802546,0,0.0010293271625414,0,0.0055655133910477
0,0.0322629362344741,0,0.0019610044546425,0,9.68983003986068e-05,0,0.0121309198439121
0,0.0083017637953162,0,0.0001934865722432,0,0.000119600976177,0,0.0422456972301006
0,0.4889424741268158,0,0.1408695131540298,0,0.0042255301959812,0,0.1792914271354675
0,0.0026342859491705,0,0.0017980154370889,0,0.0002140060678357,0,0.0089803598821163
0,0.0077905915677547,0,0.0005234961863607,0,6.71570232952945e-05,0,0.0419050082564353
0,0.3375122547149658,0,0.0034754122607409,0,0.0004430110566318,0,0.0071364380419254
0,0.3302005231380462,0,0.0189609825611114,0,0.0010483614169061,0,0.0139698646962642
0,0.0606933534145355,0,0.0019047063542529,0,9.653685992816464e-05,0,0.0115756765007972
0,0.0053157941438257,0,0.1683018207550048,0,0.0004653554351534,0,0.0184487514197826
0,0.0146417487412691,0,0.0009431968210265,0,0.0001719715073704,0,0.1259683668613433
0,0.4643224775791168,0,0.8181395530700684,0,0.0008338228217326,0,0.4315769672393799
0,0.0011855310294777,0,0.0013089696876704,0,0.0001318474678555,0,0.0108989141881465
0,0.0049010384827852,0,0.0010687083704397,0,0.0006292677717283,0,0.0493218041956424
0,0.0044804830104112,0,0.0004350315139163,0,0.0003298623487353,0,0.0062659345567226
0,0.2778261303901672,0,0.003848913591355,0,0.0119732413440942,0,0.2064671814441681
0,0.0186649207025766,0,0.0006854214589111,0,0.0008966462919488,0,0.0035379533655941
0,0.0008174286922439,0,0.0005246108630672,0,0.0027797059156,0,0.0011138077825307
0,0.4611424803733825,0,0.2385455816984176,0,0.0368671379983425,0,0.0225256774574518
0,0.0128005724400281,0,0.0029004963580518,0,0.0004621405678335,0,0.0106167234480381
0,0.0075720828026533,0,0.0013321989681571,0,0.0001550927991047,0,0.0041812807321548
0,0.1050182655453682,0,0.0037262053228914,0,0.0017832942539826,0,0.0206801146268844
0,0.0091381408274173,0,0.0021776303183287,0,0.0006577809108421,0,0.0100409910082817
0,0.1051234751939773,0,0.0029635007958859,0,0.0011458685621619,0,0.0253838561475276
0,0.0091303810477256,0,0.0005792141309939,0,0.0001720133150229,0,0.0039012492634356
0,0.0981562659144401,0,0.0057765836827456,0,0.0008773821173235,0,0.0196712408214807
0,0.0055962186306715,0,0.0016363325994461,0,0.0005595298134721,0,0.0133944107219576
0,0.0184462815523147,0,0.0038988317828625,0,0.0009897749405354,0,0.0076482547447085
0,0.0003362508141435,0,0.0003259239310864,0,5.020310345571488e-05,0,0.0018449340714141
0,0.0584826953709125,0,0.0244129076600074,0,0.000941238424275,0,0.0962041765451431
0,0.025901673361659,0,0.0018925715703517,0,0.0002730460546445,0,0.0123907504603266
0,0.0006791043560951,0,0.0003724949201568,0,3.654584361356683e-05,0,0.0022170562297105
0,0.0626740530133247,0,0.0277729015797376,0,0.0007788326474837,0,0.3695522248744964
0,0.0080069061368703,0,0.0182145629078149,0,0.0002829414152074,0,0.0262263193726539
0,0.0709097757935524,0,0.0184933673590421,0,0.0011382092488929,0,0.018463285639882
0,0.0368328653275966,0,0.0710005238652229,0,0.0010070780990645,0,0.0078238397836685
0,0.0287754423916339,0,0.0056873355060815,0,0.0034743391443043,0,0.0146330883726477
0,0.0124619817361235,0,0.0015710555016994,0,0.0011736539890989,0,0.0099855065345764
0,0.0034113051369786,0,0.0015762518160045,0,9.479034633841366e-05,0,0.0121349599212408
0,0.0101281600072979,0,0.0184920616447925,0,0.0029513312038034,0,0.0125698717311024
0,0.5973182320594788,0,0.6678431630134583,0,0.0594180785119533,0,0.0918206796050071
0,0.0153310541063547,0,0.0007147172582335,0,0.0317930243909359,0,0.0024043268058449
0,0.0236738100647926,0,0.0011433036997914,0,0.0028674830682575,0,0.0016227106098085
0,0.0233017150312662,0,0.0027221667114645,0,0.0012298953952267,0,0.0014910543104633
0,0.0016788920620456,0,0.0007743720780126,0,0.000909105350729,0,0.0035026078112423
0,0.0011557526886463,0,0.0056087728589773,0,0.0011974244844168,0,0.0053782076574862
0,0.0022791633382439,0,0.0004774538974743,0,0.0011542931897565,0,0.0030099425930529
0,0.0674461126327514,0,0.0004829452373087,0,0.0049383551813662,0,0.0030000896658748
0,0.001110587385483,0,0.0004566224815789,0,0.0001144512862083,0,0.0016419267049059
0,0.0038051628507673,0,0.0011256100842729,0,0.0006865622708573,0,0.0052583450451493
0,0.0111895473673939,0,0.0015651122666895,0,0.0002177106362069,0,0.0147412465885281
0,0.0770715400576591,0,0.0003449205541983,0,0.0003392132930457,0,0.0074494271539151
0,0.0876942425966262,0,0.072607047855854,0,0.0054896078072488,0,0.1024855077266693
0,0.0007021992350928,0,0.0004976684576831,0,5.499993494595401e-05,0,0.0278764795511961
0,0.0012413871008902,0,0.0019548404961824,0,0.0001121362147387,0,0.0956925749778747
0,0.0817820206284523,0,0.0744110271334648,0,0.0040054908022284,0,0.0905723422765731
0,0.3819158673286438,0,0.0008137802360579,0,0.0011881469981744,0,0.0099844420328736
0,0.4425327181816101,0,0.7134382128715515,0,0.0015234729507938,0,0.1565610766410827
0,0.199187234044075,0,0.0011418162612244,0,0.0016377066494897,0,0.2815715372562408
0,0.0003749718016479,0,0.0001710979267954,0,8.217273716581985e-05,0,0.014517449773848
0,0.077479287981987,0,0.0542789474129676,0,0.0014231564709916,0,0.0377791747450828
0,0.0062197600491344,0,0.0007597393705509,0,0.0005452425684779,0,0.0053286654874682
0,0.0359074063599109,0,0.009242670610547,0,0.0005894590285606,0,0.01318493578583
0,0.0016837752191349,0,0.0005599670694209,0,0.000697172479704,0,0.0044537694193422
0,0.013039425946772,0,0.0042157997377216,0,0.0006684748805128,0,0.0134716453030705
1,0.5267342329025269,1,0.8717986345291138,1,0.9035929441452026,1,0.4888120889663696
1,0.1252576559782028,1,0.3543540835380554,1,0.0205650404095649,1,0.836098849773407
1,0.5020214915275574,1,0.9576519727706908,1,0.9182233810424804,1,0.9596603512763976
1,0.9207544326782228,1,0.9741650223731996,1,0.9461516737937928,1,0.9311180114746094
1,0.8653614521026611,1,0.9086076021194458,1,0.8782655000686646,1,0.9840667247772216
1,0.0346897505223751,1,0.0092437751591205,1,0.0021551945246756,1,0.0028756326064467
1,0.1367481648921966,1,0.0071034366264939,1,0.0021533474791795,1,0.0021366307046264
1,0.2185266464948654,1,0.0049721174873411,1,0.0248191617429256,1,0.0840659216046333
1,0.6446282863616943,1,0.0663473606109619,1,0.8127866983413696,1,0.0048854355700314
1,0.9020738005638124,1,0.9158979058265686,1,0.1450175642967224,1,0.7878569960594177
1,0.9565492868423462,1,0.8880891799926758,1,0.5747736096382141,1,0.8931037187576294
1,0.430095225572586,1,0.8632184267044067,1,0.0996206030249595,1,0.6434555649757385
1,0.8467223048210144,1,0.9672257900238036,1,0.3527152836322784,1,0.7622706890106201
1,0.4989866316318512,1,0.5578158497810364,1,0.5344371199607849,1,0.2261571884155273
1,0.9761995673179626,1,0.942958414554596,1,0.9941059350967408,1,0.96828955411911
1,0.9266436100006104,1,0.9742624163627625,1,0.9751570224761964,1,0.903885781764984
1,0.7461944222450256,1,0.9437024593353271,1,0.0631008967757225,1,0.9574880003929138
1,0.5798622965812683,1,0.9376544952392578,1,0.3619002103805542,1,0.9439350366592408
1,0.5247369408607483,1,0.0012689190916717,1,0.0164599679410457,1,0.0072084027342498
1,0.6323007941246033,1,0.666231632232666,1,0.0410522408783435,1,0.0978621765971183
1,0.8311431407928467,1,0.7579358220100403,1,0.9766989946365356,1,0.0551704987883567
0,0.0449259653687477,0,0.0015399950789287,0,0.1035859286785125,0,0.0092225801199674
0,0.0026830313727259,0,0.0019948435947299,0,0.0003179692139383,0,0.0165871325880289
0,0.2473792880773544,0,0.0018579441821202,0,0.0005708271637558,0,0.0146094011142849
0,0.1400154829025268,0,0.0016558391507714,0,0.0003874565591104,0,0.0145670594647526
0,0.0074937450699508,0,0.0003095583815593,0,0.0008825453114695,0,0.0121785495430231
0,0.0044631115160882,0,0.0017136542592197,0,0.0154653321951627,0,0.0034226079005748
0,0.0106801809743046,0,0.0151461996138095,0,0.0047564343549311,0,0.0106188831850886
0,0.0284395907074213,0,0.0085106315091252,0,0.0006661668885499,0,0.0093714948743581
0,0.0043037892319262,0,0.0005966997705399,0,0.0016155450139194,0,0.0083265602588653
0,0.3844186663627624,0,0.0825783759355545,0,0.8061191439628601,0,0.8250272274017334
0,0.2744660079479217,0,0.0068399962037801,0,0.0019240728579461,0,0.0221625175327062
0,0.3527016639709472,0,0.0086027318611741,0,0.006100975908339,0,0.0281578339636325
0,0.0984633490443229,0,0.0077913179993629,0,0.0003196655889041,0,0.0065542692318558
0,0.1105702668428421,0,0.0029322016052901,0,0.0001566611463204,0,0.0028559733182191
0,0.6425222158432007,0,0.93625009059906,0,0.4474489390850067,0,0.8677311539649963
0,0.6955935955047607,0,0.7584438323974609,0,0.8446388244628906,0,0.182890310883522
0,0.7595380544662476,0,0.3524592518806457,0,0.006002343725413,0,0.0908060073852539
0,0.2970856428146362,0,0.0995184108614921,0,0.0194062311202287,0,0.1601859927177429
0,0.3705253899097442,0,0.0138730388134717,0,0.0652604103088378,0,0.0118693280965089
0,0.298651784658432,0,0.0078580854460597,0,0.0227262135595083,0,0.0163957178592681
0,0.2839272320270538,0,0.0005770675488747,0,0.0220496077090501,0,0.0214778650552034
0,0.0029929613228887,0,0.0002572888624854,0,0.0001810379180824,0,0.0016965589020401
0,0.0071000312454998,0,0.0004520818183664,0,0.0002352708397665,0,0.0051080868579447
0,0.602364718914032,0,0.1672822833061218,0,0.3425545692443847,0,0.2476901710033416
0,0.0774029940366745,0,0.0043178908526897,0,0.0071744937449693,0,0.0059898900799453
0,0.0065446509979665,0,0.0013141725212335,0,8.533982327207923e-05,0,0.0057372385635972
0,0.2785158455371856,0,0.0057613574899733,0,0.0003370464255567,0,0.0029935105703771
0,0.0042726811952888,0,0.0025892744306474,0,0.0004785590281244,0,0.009058229625225
0,0.0623819082975387,0,0.001320211100392,0,0.0063894921913743,0,0.0121615743264555
0,0.0846579223871231,0,0.0001832168054534,0,0.0013345832703635,0,0.0289413202553987
0,0.07558623701334,0,0.0010926807299256,0,0.0008669919916428,0,0.0066388421691954
0,0.0201140455901622,0,0.0003294245398137,0,0.0005858481163159,0,0.0102305859327316
0,0.0434482656419277,0,0.0088454652577638,0,0.0024174763821065,0,0.0207712016999721
0,0.5155994296073914,0,0.3906936049461365,0,0.003642157651484,0,0.7820424437522888
0,0.3881710767745971,0,0.5179440379142761,0,0.0139581384137272,0,0.8446186780929565
0,0.1878595799207687,0,0.012208729982376,0,0.0504892021417617,0,0.0023848675191402
0,0.124436430633068,0,0.0056971628218889,0,0.0179087538272142,0,0.0025068209506571
0,0.0016682214336469,0,0.0013417680747807,0,0.0007515874458476,0,0.0079287691041827
0,0.0044693578965961,0,0.000303966080537,0,0.0004089834110345,0,0.001735683879815
0,0.0477238968014717,0,0.0023384052328765,0,0.0008257731678895,0,0.0041654035449028
0,0.0503387451171875,0,0.0012306775897741,0,0.0006776202935725,0,0.0015896207187324
0,0.0013858599122613,0,0.0007723185117356,0,0.0011021716054528,0,0.0080071259289979
0,0.0388122089207172,0,0.0018868847982957,0,0.0050598159432411,0,0.0041426518000662
0,0.0008902856498025,0,0.0001649906917009,0,0.0001820276665966,0,0.0007341386517509
0,0.0272813141345977,0,0.001409929478541,0,0.001323236618191,0,0.0015910667134448
0,0.0055386251769959,0,0.0004520598158705,0,0.0005368719575926,0,0.0035698320716619
0,0.0016605502460151,0,0.0003132512792944,0,0.0008811736479401,0,0.0065260166302323
0,0.2091098427772522,0,0.0092900712043046,0,0.0091443993151187,0,0.4347311854362488
0,0.0040724580176174,0,0.0003268767322879,0,0.0007373761618509,0,0.0018002378055825
0,0.0526591427624225,0,0.0115606281906366,0,0.0599872730672359,0,0.2319793999195099
0,0.0016579783987253,0,0.0001470634742872,0,0.0003027479106094,0,0.0014200060395523
0,0.5127700567245483,0,0.0047496063634753,0,0.010905809700489,0,0.4469005167484283
0,0.5851430296897888,0,0.0854045823216438,0,0.0243243612349033,0,0.0187195464968681
0,0.5127223134040833,0,0.0251868553459644,0,0.8119022846221924,0,0.0108752520754933
0,0.1692882031202316,0,0.006876902654767,0,0.0069226031191647,0,0.0031229092273861
0,0.2406077980995178,0,0.019640864804387,0,0.0106685133650898,0,0.0047123115509748
0,0.6352510452270508,0,0.0657182782888412,0,0.0160284098237752,0,0.0280575659126043
0,0.3004303276538849,0,0.5008514523506165,0,0.414650022983551,0,0.0298962350934743
0,0.0003066029748879,0,0.0004900201456621,0,0.0005076060770079,0,0.004949361551553
0,0.0070718429051339,0,0.0010218345560133,0,0.0001111136298277,0,0.0140224359929561
0,0.0346456840634346,0,0.0045400992967188,0,0.0004691426584031,0,0.0012303283438086
0,0.0297171454876661,0,0.0063880695961415,0,0.0144205363467335,0,0.0021506000775843
0,0.0021100169979035,0,0.0009544133790768,0,6.697967182844877e-05,0,0.0105205737054348
0,0.0043009109795093,0,0.0021108756773173,0,0.0003317267692182,0,0.035007070749998
0,0.0058222669176757,0,0.0015189116820693,0,0.0031687640585005,0,0.0109119322150945
0,0.0147928968071937,0,0.0067351125180721,0,0.0026891310699284,0,0.0127795115113258
0,0.5333825945854187,0,0.1250135600566864,0,0.0654808431863784,0,0.624921441078186
0,0.2878822088241577,0,0.2014595419168472,0,0.1228417977690696,0,0.1113193407654762
0,0.0171842444688081,0,0.0028510643169283,0,0.0002960113051813,0,0.0143542699515819
0,0.2891136407852173,0,0.0152407828718423,0,0.0001596358633833,0,0.0795001834630966
0,0.2575780749320984,0,0.0117408717051148,0,0.0012417938560247,0,0.358858585357666
0,0.1978412419557571,0,0.0215852856636047,0,0.0007132591563276,0,0.4417012929916382
0,0.3053955733776092,0,0.0102505953982472,0,0.0100409965962171,0,0.763595461845398
0,0.0654004141688346,0,0.0024551502428948,0,0.0006179278716444,0,0.0049204463139176
0,0.6733217239379883,0,0.2814296782016754,0,0.0387800931930542,0,0.3145299553871155
0,0.6197940707206726,0,0.3665430545806885,0,0.0052902363240718,0,0.152944341301918
0,0.7019365429878235,0,0.1335806399583816,0,0.4202048480510711,0,0.1899460107088089
0,0.6409336924552917,0,0.1774748563766479,0,0.7131467461585999,0,0.2308246195316314
0,0.3019896149635315,0,0.3440747857093811,0,0.2390075325965881,0,0.1904448121786117
0,0.6384432315826416,0,0.6026527881622314,0,0.0861503705382347,0,0.2351583987474441
0,0.0078276675194501,0,0.0037592849694192,0,0.0011723897187039,0,0.022791439667344
0,0.0068144113756716,0,0.0301730390638113,0,0.0919470116496086,0,0.0297607406973838
0,0.0177471525967121,0,0.0218546725809574,0,0.0061949593946337,0,0.0635065734386444
0,0.0099723264575004,0,0.0018440858693793,0,0.0014291158877313,0,0.022811185568571
0,0.1164670214056968,0,0.0021310881711542,0,0.00047933741007,0,0.0058747297152876
0,0.0421146787703037,0,0.005616613663733,0,0.000707592756953,0,0.0187965407967567
0,0.0085803642868995,0,0.0004915163735859,0,0.0007111181621439,0,0.0045802621170878
0,0.1334113925695419,0,0.0189088210463523,0,0.0336464084684848,0,0.0094011779874563
0,0.0340653173625469,0,0.0023460767697542,0,0.0009618647163733,0,0.0069586602039635
0,0.0765846818685531,0,0.0047097289934754,0,0.0093125067651271,0,0.0057572433724999
0,0.021715423092246,0,0.0954291447997093,0,0.6840416193008423,0,0.0114033967256546
0,0.0038436828181147,0,0.0013553886674344,0,0.0023323115892708,0,0.0146537702530622
0,0.3057529628276825,0,0.2440209090709686,0,0.0013707958860322,0,0.0076719061471521
0,0.9491599202156068,0,0.960336685180664,0,0.4538662433624267,0,0.7895416021347046
0,0.6978535056114197,0,0.189169093966484,0,0.003116619773209,0,0.3641841113567352
0,0.110228031873703,0,0.0139429261907935,0,0.0014541909331455,0,0.0022880122996866
0,0.9491173028945924,0,0.8824843764305115,0,0.0484403669834136,0,0.6006966233253479
0,0.6962894201278687,0,0.5295253396034241,0,0.019597839564085,0,0.5524624586105347
0,0.1901145428419113,0,0.6065860986709595,0,0.0011880559613928,0,0.0056903189979493
0,0.9625797271728516,0,0.9663742780685424,0,0.3732661604881286,0,0.6791489720344543
0,0.0812310501933097,0,0.0018096355488523,0,0.0028812373057007,0,0.009731788188219
0,0.0026627457700669,0,0.000753213185817,0,0.0002934083458967,0,0.0178079418838024
0,0.0032583957072347,0,0.0007514177123084,0,0.0001854111033026,0,0.0142716262489557
0,0.0011097001843154,0,0.0020633689127862,0,0.0001990889286389,0,0.0033971786033362
0,0.0713088512420654,0,0.0050958883948624,0,0.0035218165721744,0,0.0362005531787872
0,0.0069455220364034,0,0.0808690711855888,0,0.0009882786544039,0,0.1950224041938781
0,0.0494793653488159,0,0.0004817346634808,0,0.001279052812606,0,0.0340864099562168
0,0.0088640414178371,0,0.0014461583923548,0,0.0003978734894189,0,0.0373955108225345
0,0.0572250038385391,0,0.3827894032001495,0,0.0003303290286567,0,0.0175104029476642
0,0.0011161876609548,0,0.0015102120814844,0,0.0004641982086468,0,0.0008932676864787
0,0.0022800094448029,0,0.001337757683359,0,0.0002199821028625,0,0.0014027688885107
0,0.0500155799090862,0,0.0006221187650226,0,0.001125295413658,0,0.0090212132781744
0,0.1210832074284553,0,0.0031166705302894,0,0.0004473356821108,0,0.008150016888976
0,0.0075878086499869,0,0.0004940112121403,0,0.0001093291139113,0,0.0007895356393419
0,0.0017808726988732,0,0.0009694175678305,0,0.0002602497115731,0,0.0007111727027222
0,0.1983260661363601,0,0.0116613674908876,0,0.0187814515084028,0,0.0375026799738407
0,0.0068021365441381,0,0.0049114190042018,0,0.0076665892265737,0,0.0097184022888541
0,0.0023556028027087,0,0.0006628038827329,0,8.428995352005586e-05,0,0.0009451506775803
0,0.0007856427691876,0,0.001589014660567,0,0.0003668601566459,0,0.0006215168978087
0,0.0016978345811367,0,0.0026100720278918,0,9.368602331960574e-05,0,0.0012709511211141
0,0.0040312581695616,0,0.000582902750466,0,0.0002659575548022,0,0.0030514693353325
0,0.0049489340744912,0,0.0008800777723081,0,0.0002513178333174,0,0.0027091070078313
0,0.0125130033120512,0,0.0018589984392747,0,0.001014360692352,0,0.0011361769866198
0,0.0612237080931663,0,0.0011066836304962,0,0.0017519537359476,0,0.0136464592069387
0,0.6921250820159912,0,0.0524959228932857,0,0.0159408524632453,0,0.8027130961418152
0,0.8571476936340332,0,0.7681490182876587,0,0.3615735471248626,0,0.7763664722442627
0,0.0146787920966744,0,0.0007592059555463,0,0.0015148679958656,0,0.0010335427941754
0,0.0064533315598964,0,0.0007690305355936,0,0.0008593000820837,0,0.001072870218195
0,0.0262367557734251,0,0.0011645178310573,0,0.001046895282343,0,0.0074449502862989
0,0.0075735165737569,0,0.0004925064276903,0,0.0002189782680943,0,0.0023958783131092
0,0.0047122468240559,0,0.0008484929567202,0,0.0002090295311063,0,0.0014390024589374
0,0.2454370409250259,0,0.0126265725120902,0,0.0341793522238731,0,0.0081516550853848
0,0.0204553119838237,0,0.0009357075905427,0,0.0007174422498792,0,0.0068422611802816
0,0.0020371035207062,0,0.0002502416027709,0,0.0009064664482139,0,0.0007977019413374
0,0.0024354243651032,0,0.0002019171661231,0,0.0001482640946051,0,0.0008012345642782
0,0.0338930748403072,0,0.0005854525952599,0,0.0008510026382282,0,0.0072418837808072
0,0.0054648020304739,0,0.0025480834301561,0,0.0025983748491853,0,0.0041955825872719
0,0.8904802203178406,0,0.8700070381164551,0,0.8959365487098694,0,0.902441143989563
0,0.007339087780565,0,0.0065178163349628,0,0.0010720686987042,0,0.0089210886508226
0,0.029708931222558,0,0.0062030083499848,0,0.0004790925595443,0,0.0103146024048328
0,0.0082312459126114,0,0.0034503201022744,0,0.0006047685164958,0,0.009153489023447
0,0.0045576216652989,0,0.1464328467845916,0,0.0034059435129165,0,0.0279343370348215
0,0.0016016175504773,0,0.0001979972148546,0,0.000303038425045,0,0.0035571539774537
0,0.012218308635056,0,0.0075082466937601,0,0.0011795368045568,0,0.0204274225980043
0,0.0014482683036476,0,0.0001302651362493,0,5.15262181579601e-05,0,0.0037990510463714
0,0.0017650980735197,0,0.0028122037183493,0,0.0001864654477685,0,0.0040655224584043
0,0.2256981432437896,0,0.0120944762602448,0,0.0018384498544037,0,0.0366458557546138
0,0.5444990396499634,0,0.0309026110917329,0,0.0041448636911809,0,0.1197062209248542
0,0.0014311493141576,0,0.0005414242623373,0,0.0002536552783567,0,0.0024411818012595
0,0.1199325695633888,0,0.0235699247568845,0,0.0011759983608499,0,0.1065128296613693
0,0.2909559905529022,0,0.0017101558623835,0,0.0002445954305585,0,0.011950597167015
0,0.1696907579898834,0,0.0033429716713726,0,0.0004831187834497,0,0.0152105838060379
0,0.1060406938195228,0,0.0873110517859458,0,0.0010865812655538,0,0.0105508379638195
0,0.3750012218952179,0,0.0217123907059431,0,0.0007998652290552,0,0.0129667297005653
0,0.0932778716087341,0,0.2518086433410644,0,0.0006037220591679,0,0.0120731415227055
0,0.1542229056358337,0,0.0047080973163247,0,0.0009923933539539,0,0.0165567249059677
0,0.2813594341278076,0,0.0035328683443367,0,0.0019306311151012,0,0.0084651485085487
0,0.0092233642935752,0,0.0009612317080609,0,0.0020196374971419,0,0.0264131985604763
0,0.0229355040937662,0,0.0020486095454543,0,0.0048892693594098,0,0.0028094279114156
0,0.4940531849861145,0,0.3615355491638183,0,0.1208909153938293,0,0.2474642395973205
0,0.2257333248853683,0,0.0338550992310047,0,0.010013566352427,0,0.005061621312052
0,0.0071487966924905,0,0.0009137979941442,0,0.0006515115965157,0,0.0028565409593284
0,0.0052311015315353,0,0.0625725835561752,0,0.1241381987929344,0,0.0025251097977161
0,0.0066133122891187,0,0.0005356952315196,0,0.0003910136874765,0,0.0110117327421903
0,0.0123953726142644,0,0.0026307066436856,0,0.0011796532198786,0,0.0027831685729324
0,0.0077132112346589,0,0.0014275889843702,0,0.0004781167663168,0,0.021349973976612
0,0.0155498515814542,0,0.0282968468964099,0,0.0009442154550924,0,0.0137857990339398
0,0.0020116062369197,0,0.0070877284742891,0,0.0002279615873703,0,0.0181013233959674
0,0.5140829682350159,0,0.0551357194781303,0,0.0004222171555738,0,0.08004180341959
0,0.0093587236478924,0,0.0004663548315875,0,0.0004616765072569,0,0.0012129961978644
0,0.3016024529933929,0,0.0312589183449745,0,0.0117120910435915,0,0.0046948590315878
0,0.2735310196876526,0,0.0617874935269355,0,0.0048977863043546,0,0.0087730567902326
0,0.2929799258708954,0,0.375097244977951,0,0.0024898967240005,0,0.1574315577745437
0,0.404678076505661,0,0.3254883289337158,0,0.0818178281188011,0,0.0591065101325511
0,0.0132339252158999,0,0.0197338312864303,0,0.0036389369051903,0,0.027877252548933
0,0.007914581336081,0,0.0030190583784133,0,0.0029558658134192,0,0.0124985072761774
0,0.269502192735672,0,0.0006004514289088,0,0.0005331440479494,0,0.003396350890398
0,0.0009627641993574,0,0.0007405906799249,0,0.0001496416516602,0,0.0020963395945727
0,0.0009606626699678,0,0.0007526205736212,0,0.0001537829230073,0,0.0025871645193547
0,0.0007136330823414,0,0.000598018115852,0,0.0001125265480368,0,0.0026511258911341
0,0.0154172554612159,0,0.0083423629403114,0,0.0019796905107796,0,0.0037611164152622
0,0.3867926895618438,0,0.0014546134043484,0,0.0426321141421794,0,0.0198730546981096
0,0.2293002903461456,0,0.0042321197688579,0,0.0347171314060688,0,0.0212076865136623
0,0.312445193529129,0,0.0030950487125664,0,0.0703405439853668,0,0.0151365147903561
0,0.4096260070800781,0,0.0152157992124557,0,0.0079110069200396,0,0.0197422169148921
0,0.1889768987894058,0,0.0989036485552787,0,0.0367892980575561,0,0.0613777339458465
0,0.2521811723709106,0,0.1742152273654937,0,0.0691709816455841,0,0.2595703899860382
0,0.5312083959579468,0,0.5795344710350037,0,0.0158650856465101,0,0.8753842115402222
0,0.0910171791911125,0,0.0011693002888932,0,0.0007775318808853,0,0.0172667764127254
0,0.7949606776237488,0,0.7380815148353577,0,0.0047195157967507,0,0.7805198431015015
0,0.0019277242245152,0,0.0022844774648547,0,0.0004628386523108,0,0.0043778633698821
0,0.8046334385871887,0,0.9300623536109924,0,0.0130227198824286,0,0.8947202563285828
0,0.1946394592523574,0,0.0008099001715891,0,0.0006231074221432,0,0.0066515458747744
0,0.0052712778560817,0,0.0004828661039937,0,0.0001041662399074,0,0.1346927136182785
0,0.0032798137981444,0,0.0017969392938539,0,0.0001525403786217,0,0.0026891296729445
0,0.0005273225833661,0,0.0001060085196513,0,9.334492642665282e-05,0,0.0026773929130285
0,0.0033953210804611,0,0.0011274256976321,0,0.0001418605388607,0,0.095238409936428
0,0.0086507545784115,0,0.0007197620579972,0,0.0001262019504792,0,0.0006313379271887
0,0.0006509750382974,0,0.0001316920388489,0,0.0001910870050778,0,0.0021667815744876
0,0.0030630528926849,0,0.0018166976515203,0,0.0001450757990824,0,0.0823384523391723
0,0.0029627892654389,0,0.000467196397949,0,0.000103400547232,0,0.0004908351693302
0,0.1053522005677223,0,0.0131493518128991,0,0.0011311651905998,0,0.0209648143500089
0,0.4279469847679138,0,0.9225249290466307,0,0.0747151672840118,0,0.8562728762626648
0,0.1014310270547866,0,0.2373841255903244,0,0.0024692979641258,0,0.0901788398623466
0,0.0823206901550293,0,0.0018038452835753,0,0.001143274246715,0,0.0069584553129971
0,0.0014201380545273,0,0.0002766760298982,0,0.0001700871362118,0,0.0010684070875868
0,0.0009489001240581,0,0.000637428718619,0,0.0001370371319353,0,0.006074066273868
0,0.0005903512937948,0,0.0003363765135873,0,0.0002102895232383,0,0.0028613843023777
0,0.0134943975135684,0,0.0113015724346041,0,0.0018307918217033,0,0.0031637572683393
0,0.0176961850374937,0,0.0321967676281929,0,0.0236583352088928,0,0.0021747343707829
0,0.0078346515074372,0,0.0010033709695562,0,0.000945933512412,0,0.0031848396174609
0,0.114866092801094,0,0.0023965507280081,0,0.0011296543525531,0,0.0053360480815172
0,0.0404741317033767,0,0.0009006170439533,0,0.0005329598207026,0,0.0031945446971803
0,0.0063121360726654,0,0.000437467591837,0,0.0145223475992679,0,0.013865596614778
0,0.0055383648723363,0,0.0015819949330762,0,0.0003095793072134,0,0.0063781980425119
0,0.1515520960092544,0,0.0013778237625956,0,0.0019475523149594,0,0.0038808155804872
0,0.0078147873282432,0,0.0032131350599229,0,0.0022228895686566,0,0.0172913409769535
0,0.4697196781635284,0,0.0038389698602259,0,0.0023003837559372,0,0.0086382059380412
0,0.4549067616462707,0,0.0035779811441898,0,0.0427290722727775,0,0.0271438788622617
0,0.004311831202358,0,0.0001702310692053,0,0.0002714489819481,0,0.0056559457443654
0,0.0206377115100622,0,0.001687500742264,0,0.0001255565293831,0,0.0166564229875803
0,0.0048221098259091,0,0.0002271397097501,0,0.0002055183140328,0,0.0049562542699277
0,0.7713016271591187,0,0.5388599038124084,0,0.1223190650343895,0,0.056466918438673
0,0.8392204642295837,0,0.5514620542526245,0,0.0545923709869384,0,0.0130190690979361
0,0.0826028957962989,0,0.0004352845717221,0,0.0012030493235215,0,0.0021144051570445
0,0.0002534886880312,0,0.0201086811721324,0,0.0001215595038956,0,0.0053630853071808
0,0.0002364268730161,0,0.0018706154078245,0,0.000141159427585,0,0.0071522365324199
0,0.0012514675036072,0,0.0003915707929991,0,0.0002903121931012,0,0.0013182791881263
0,0.0008752166759222,0,0.0002265244111185,0,0.000151990840095,0,0.0017326781526207
0,0.0249469093978405,0,0.0003417415719013,0,0.001363139715977,0,0.0021748782601207
0,0.0003505348577164,0,0.001352300052531,0,0.0001968301658052,0,0.006936683319509
0,0.0015651456778869,0,0.0005154420505277,0,0.0003612200089264,0,0.0014743021456524
0,0.000976049399469,0,0.0002260971814393,0,0.0001635493536014,0,0.0027789804153144
0,0.2785960137844085,0,0.0004328608629293,0,0.0016232513589784,0,0.0092348791658878
0,0.0030319199431687,0,0.0007173071498982,0,0.0005994412931613,0,0.0399996973574161
0,0.0643567517399787,0,0.0003026024496648,0,0.0029003666713833,0,0.0020566668827086
0,0.0004509995051193,0,0.0017907940782606,0,0.0002838871441781,0,0.0111550698056817
0,0.001426282338798,0,0.0003868256462737,0,0.0002078275865642,0,0.0040646670386195
0,0.018758088350296,0,0.0023629092611372,0,0.0078520430251955,0,0.010933413170278
0,0.0023677565623074,0,0.0006918885628692,0,0.0004414066497702,0,0.08606468886137
0,0.0025397057179361,0,0.0008195668924599,0,0.0005118611152283,0,0.0014884539414197
0,0.0536709129810333,0,0.0026276630815118,0,0.0004720649449154,0,0.002627813257277
0,0.0532825142145156,0,0.0130841890349984,0,0.0051207980141043,0,0.0168888047337532
0,0.0027199129108339,0,0.0005567651242017,0,0.0001153173798229,0,0.0054536336101591
0,0.0061704977415502,0,0.0005989396013319,0,0.000579812854994,0,0.0031390944495797
0,0.0066720494069159,0,0.0038673400413244,0,0.0006311679608188,0,0.0022712799254804
0,0.1537598967552185,0,0.0005142565933056,0,0.0002325681707588,0,0.0021011100616306
0,0.0087012443691492,0,0.0013863160274922,0,0.0003814820665866,0,0.0024046320468187
0,0.0150129571557044,0,0.0030999118462204,0,0.0016225576400756,0,0.0113840010017156
0,0.11485406011343,0,0.007527551613748,0,0.0023425593972206,0,0.0047291838563978
0,0.2553187906742096,0,0.0064906189218163,0,0.0001868915860541,0,0.0022591107990592
0,0.0114696882665157,0,0.0010738115524873,0,0.0020844154059886,0,0.0022398768924176
0,0.0301454104483127,0,0.0012281300732865,0,0.0008727699168957,0,0.0050410307012498
0,0.0518168546259403,0,0.0123947719112038,0,0.0028505777008831,0,0.1455256193876266
0,0.0728450417518615,0,0.002836238592863,0,0.0002599873114377,0,0.0022151856683194
0,0.073665365576744,0,0.0016574329929426,0,0.0007020125049166,0,0.0017383908852934
0,0.2940633594989776,0,0.0007530678412877,0,0.0007906371029093,0,0.0013363544130697
0,0.1218296959996223,0,0.0213510300964117,0,0.0171706322580575,0,0.025312639772892
0,0.0564005374908447,0,0.0019861224573105,0,0.0012798090465366,0,0.0224666483700275
0,0.1006825268268585,0,0.0007582808029837,0,0.0007709078490734,0,0.0368595533072948
0,0.0319056063890457,0,0.0042311190627515,0,0.0174723789095878,0,0.0047388356178998
0,0.0307680964469909,0,0.0006525583448819,0,0.0002052003110293,0,0.0018545928178355
0,0.0201274864375591,0,0.0003557596646714,0,0.0001889150298666,0,0.0027634466532617
0,0.0105853006243705,0,0.0004449067928362,0,0.0002005548594752,0,0.0022630393505096
0,0.0895102769136428,0,0.0120349638164043,0,0.0149072166532278,0,0.0059716911055147
0,0.0543049722909927,0,0.0006283308030106,0,0.0023595236707478,0,0.0347494930028915
1,0.0528935715556144,1,0.1311102509498596,1,0.0129001103341579,1,0.0240643620491027
1,0.3998734652996063,1,0.0550410524010658,1,0.0018378820968791,1,0.0255613885819911
1,0.6897704005241394,1,0.0296795237809419,1,0.0068589816801249,1,0.8430253267288208
1,0.0681279301643371,1,0.8344926238059998,1,0.1286547034978866,1,0.0377206765115261
1,0.7812882661819458,1,0.0228828769177198,1,0.0047671641223132,1,0.045454517006874
1,0.8413437604904175,1,0.962941586971283,1,0.6934535503387451,1,0.949819028377533
1,0.4603599905967712,1,0.0150554347783327,1,0.0102607253938913,1,0.0072204410098493
1,0.5550745129585266,1,0.0382894054055213,1,0.017251206561923,1,0.0096678556874394
1,0.559386134147644,1,0.0906237438321113,1,0.0418571233749389,1,0.0217615514993667
1,0.8968166708946228,1,0.9188947081565856,1,0.9980143308639526,1,0.5442836880683899
1,0.7315288186073303,1,0.6252550482749939,1,0.5743388533592224,1,0.9361716508865356
1,0.8472475409507751,1,0.9423150420188904,1,0.9530277252197266,1,0.9453182816505432
1,0.296104371547699,1,0.6127021312713623,1,0.0006987882079556,1,0.3231375813484192
1,0.2256476581096649,1,0.0265003815293312,1,0.0004364155174698,1,0.2976400554180145
1,0.33913454413414,1,0.3814139664173126,1,0.0022105269599705,1,0.4227645695209503
0,0.0134625053033232,0,0.0012307075085118,0,0.0005476488731801,0,0.0091620571911335
0,0.0592811703681945,0,0.0011362598743289,0,0.0010137013159692,0,0.0131025929003953
0,0.8732914328575134,0,0.801730751991272,0,0.7496350407600403,0,0.6674336194992065
0,0.0203502848744392,0,0.0004695734533015,0,0.0002759257622528,0,0.0205490197986364
0,0.0345758907496929,0,0.2419213652610778,0,0.0663309022784233,0,0.0708783492445945
0,0.0811496824026107,0,0.0096022440120577,0,0.1158402785658836,0,0.0408855229616165
0,0.0374618656933307,0,0.2809243202209472,0,0.0955377221107482,0,0.076729379594326
0,0.0606084130704402,0,0.4441724419593811,0,0.00290143257007,0,0.0206837747246027
0,0.0484763719141483,0,0.0602994784712791,0,0.0009110872633755,0,0.0117549821734428
0,0.0243509411811828,0,0.0236254855990409,0,0.0053404057398438,0,0.0197944268584251
0,0.7499160170555115,0,0.2574782371520996,0,0.0010557732312008,0,0.8455979228019714
0,0.1874043941497802,0,0.0372578203678131,0,0.1339347958564758,0,0.0244318339973688
0,0.4632428884506225,0,0.6851046085357666,0,0.0163530483841896,0,0.5667468905448914
0,0.0014698404120281,0,0.001869277912192,0,0.0034974804148077,0,0.0041121314279735
0,0.0003146484668832,0,0.0013324095634743,0,0.0001813176058931,0,0.0025398400612175
0,0.0004538756620604,0,0.0021683645900338,0,0.000345358683262,0,0.0020858917851001
0,0.0153040466830134,0,0.0004834739957004,0,0.0005217064172029,0,0.0055367634631693
0,0.0052904370240867,0,0.0005890830652788,0,0.0008680992759764,0,0.0029372524004429
0,0.0093527967110276,0,0.0011968086473643,0,0.0001764314511092,0,0.0047805779613554
0,0.0215989388525486,0,0.0009381553973071,0,0.0036782852839678,0,0.0057092793285846
0,0.7516465187072754,0,0.0006468392093665,0,0.0490811616182327,0,0.0705624595284462
0,0.001538387266919,0,0.000117164425319,0,7.34426430426538e-05,0,0.0013041694182902
0,0.3064246475696563,0,0.0013698458205908,0,0.0021404537837952,0,0.0103162284940481
0,0.0275262631475925,0,0.0020051121246069,0,0.0005719289183616,0,0.0051831635646522
0,0.0089799314737319,0,0.0169396307319402,0,0.0154841607436537,0,0.0052300198003649
0,0.1863013803958892,0,0.0044779246672987,0,0.0026550665497779,0,0.0126988850533962
0,0.5794845819473267,0,0.000480075017549,0,0.0160352699458599,0,0.0241231583058834
0,0.0505690686404705,0,0.0048955255188047,0,0.0071597876958549,0,0.0231851506978273
0,0.0011180744040757,0,0.0010262468131259,0,0.0003332819615025,0,0.0055928146466612
0,0.0846900194883346,0,0.0045041465200483,0,0.0039706816896796,0,0.0232293102890253
0,0.0011329364497214,0,0.0014256230788305,0,0.0004598504456225,0,0.0044478322379291
0,0.0012701650848612,0,0.0009074921836145,0,0.000333812989993,0,0.0065097725018858
0,0.2592072784900665,0,0.1947031468153,0,0.000198241090402,0,0.0027877290267497
0,0.0614399947226047,0,0.000511486781761,0,0.0018759329104796,0,0.0041537755168974
0,0.0251609068363904,0,0.0001076780463336,0,0.0005566939944401,0,0.0017911326140165
0,0.0053185052238404,0,0.0296733789145946,0,0.0007460464257746,0,0.0011894623748958
0,0.0243507698178291,0,0.0055733965709805,0,0.0002289664262207,0,0.0060968892648816
0,0.5978084206581116,0,0.1310500502586364,0,0.4164969623088836,0,0.6030384302139282
0,0.4914388060569763,0,0.2062122672796249,0,0.0705190449953079,0,0.4997213184833526
0,0.002420974895358,0,0.0033413246273994,0,0.010853448882699,0,0.0015904708998277
0,0.0017220105510205,0,0.0002851503959391,0,0.0002063708961941,0,0.0023746755905449
0,0.1612198799848556,0,0.0004308833158574,0,0.0002877264341805,0,0.0130184264853596
0,0.0080531798303127,0,0.0004488152335397,0,0.0001132392353611,0,0.0027131086681038
0,0.0744796171784401,0,0.0003231294977013,0,0.003738107625395,0,0.0057184817269444
0,0.0073294951580464,0,0.0013079994823783,0,0.0005013279151171,0,0.0019356184639036
0,0.0026128315366804,0,0.0013230079784989,0,0.0013968246057629,0,0.001238145516254
0,0.0150046246126294,0,0.0023968494497239,0,0.001673761755228,0,0.0040472797118127
0,0.098990149796009,0,0.0383255928754806,0,0.0049347085878252,0,0.0045013185590505
0,0.023802425712347,0,0.0006041468004696,0,0.0007113154279068,0,0.0022326908074319
0,0.115085132420063,0,0.038283746689558,0,0.0054385885596275,0,0.0131991384550929
0,0.1308131963014602,0,0.1767821013927459,0,0.0048131383955478,0,0.0437221489846706
0,0.3976469039916992,0,0.5760067105293274,0,0.7929589152336121,0,0.1294428259134292
0,0.4165131151676178,0,0.4332033097743988,0,0.0746392905712127,0,0.6493555903434753
0,0.4472664892673492,0,0.4021133184432983,0,0.9388693571090698,0,0.1640495359897613
0,0.211389273405075,0,0.0032230066135525,0,0.0003195522294845,0,0.0091657377779483
0,0.0430102534592151,0,0.0023516728542745,0,0.0001700255379546,0,0.0163559243083
0,0.2148715853691101,0,0.0021460289135575,0,0.0003007978084497,0,0.0151741635054349
0,0.0012035032268613,0,0.0007388571975752,0,0.0007903915829956,0,0.0019464419456198
0,0.8409679532051086,0,0.8126611709594727,0,0.7905422449111938,0,0.0823380351066589
0,0.5993462204933167,0,0.0474295765161514,0,0.5599091649055481,0,0.0136391641572117
0,0.9110146164894104,0,0.7580248117446899,0,0.9607611298561096,0,0.009359766729176
0,0.0306871403008699,0,0.0013967814156785,0,0.0002073327923426,0,0.0098298657685518
0,0.1369323879480362,0,0.0034498495515435,0,0.0002442628610879,0,0.0164281316101551
0,0.5733258724212646,0,0.8067509531974792,0,0.0021190282423049,0,0.1402909457683563
0,0.8041821122169495,0,0.3935901820659637,0,0.9047237634658812,0,0.2978781461715698
0,0.911920964717865,0,0.6691573858261108,0,0.9884865283966064,0,0.2277310490608215
0,0.793976366519928,0,0.1339786648750305,0,0.3420824110507965,0,0.0594066865742206
0,0.0515921004116535,0,0.0010931981960311,0,0.0007278873817995,0,0.0028582962695509
0,0.0061822286807,0,0.0010138013167306,0,0.0009803472785279,0,0.004974057432264
0,0.1309388130903244,0,0.0024799152743071,0,0.000758646230679,0,0.008769491687417
0,0.1856101304292678,0,0.0021288928110152,0,0.000578693987336,0,0.0043283342383801
0,0.0018793322378769,0,0.0005877378862351,0,0.0006158095202408,0,0.0101433927193284
0,0.2454144656658172,0,0.0044566290453076,0,0.0114217950031161,0,0.0023170930799096
0,0.0095360316336154,0,0.0029078600928187,0,0.0013175649801269,0,0.0019217812223359
0,0.2166122198104858,0,0.0055463574826717,0,0.0044539365917444,0,0.0124664371833205
0,0.210568830370903,0,0.0101364096626639,0,0.0043867328204214,0,0.0028105434030294
0,0.0053242673166096,0,0.0012293613981455,0,0.0004239049158059,0,0.0033381981775164
0,0.0036694954615086,0,0.0004128594882786,0,0.001244859304279,0,0.0035631810314953
0,0.4383045434951782,0,0.0285885594785213,0,0.0078162876889109,0,0.4063254296779632
0,0.1507849842309951,0,0.0298885349184274,0,0.0032614106312394,0,0.0470154173672199
0,0.1683552414178848,0,0.0141349798068404,0,0.0087235309183597,0,0.0267569720745086
0,0.0060362135991454,0,0.0010594255290925,0,0.0009892333764582,0,0.0018527542706578
0,0.0093813184648752,0,0.0054083075374364,0,0.0010303279850631,0,0.0167798567563295
0,0.0047871363349258,0,0.0002773947198875,0,0.0005733029101975,0,0.0013673478970304
0,0.0099219437688589,0,0.0113099887967109,0,0.0037913371343165,0,0.011274978518486
0,0.0441984459757804,0,0.0059212767519056,0,0.0024162991903722,0,0.0061506684869527
0,0.0061858659610152,0,0.0021115005947649,0,0.0007709166384302,0,0.007268170826137
0,0.0017209149664267,0,0.0037630517035722,0,0.0006052188109606,0,0.0099211893975734
0,0.0036575433332473,0,0.0434031039476394,0,0.0005677858134731,0,0.0060289627872407
0,0.0002043932618107,0,0.0011354354210197,0,0.000121629644127,0,0.0071322391740977
0,0.0001653168146731,0,0.0020036699716001,0,0.0001638067187741,0,0.0106466924771666
0,0.0114956144243478,0,0.0005842958926223,0,0.0003020121948793,0,0.0034779678098857
0,0.0068250601179897,0,0.0024194263387471,0,0.0004773587279487,0,0.0084525542333722
0,0.0071607446298003,0,0.0025198021903634,0,0.0001176048899651,0,0.0154612436890602
0,0.0091915354132652,0,0.0033574653789401,0,8.570624777348712e-05,0,0.019494455307722
0,0.0123141296207904,0,0.000759216141887,0,0.0001031611245707,0,0.0071436343714594
0,0.0051834438927471,0,0.0005871155881322,0,0.0011201180750504,0,0.0014162901788949
0,0.0335247181355953,0,0.005589893553406,0,0.0011499888496473,0,0.0124967833980917
0,0.0740488767623901,0,0.0023939369712024,0,0.0011012784671038,0,0.0187896974384784
0,0.1024563536047935,0,0.0059779128059744,0,0.0013078636256977,0,0.0143727743998169
0,0.0067866169847548,0,0.0077746822498738,0,0.0011599885765463,0,0.0068314471282064
0,0.5023059844970703,0,0.0137219699099659,0,0.0027663523796945,0,0.0355953052639961
0,0.0009523664484731,0,0.0038342787884175,0,0.0004015564627479,0,0.0010613246122375
0,0.8507696986198425,0,0.8419075012207031,0,0.1248425170779228,0,0.9367488026618958
0,0.0061676413752138,0,0.0089835813269019,0,0.0016280566342175,0,0.0094105619937181
0,0.6594911217689514,0,0.0370230376720428,0,0.0028076677117496,0,0.0292975734919309
0,0.0124995373189449,0,0.0013006657827645,0,0.0006636657053604,0,0.0163766033947467
0,0.012013467028737,0,0.0027026124298572,0,0.001198501093313,0,0.0465313605964183
0,0.0044984756968915,0,0.0053525189869105,0,0.0009457987616769,0,0.0080629903823137
0,0.205411896109581,0,0.0030890575144439,0,0.000498695357237,0,0.0144965061917901
0,0.0025644530542194,0,0.0006602709181606,0,0.0004026202950626,0,0.0014674747362732
0,0.106839470565319,0,0.0053901420906186,0,0.0079933507367968,0,0.021106643602252
0,0.4286925494670868,0,0.0065404204651713,0,0.0072665605694055,0,0.0148325758054852
0,0.9000369310379028,0,0.7114483118057251,0,0.4521175026893616,0,0.6076877117156982
0,0.0024335368070751,0,0.0185242220759391,0,0.0038672557566314,0,0.0681425258517265
0,0.0035606387536972,0,0.0025336164981126,0,0.0022457530722022,0,0.0312953032553195
0,0.6172805428504944,0,0.8277246952056885,0,0.6072918772697449,0,0.8078050017356873
0,0.0020097757223993,0,0.0002969644265249,0,0.0002942681021522,0,0.0035966343712061
0,0.1450373232364654,0,0.0052614058367908,0,0.0002860238600987,0,0.0198915377259254
0,0.0053601125255227,0,0.000296408048598,0,0.0007470378186553,0,0.0116448141634464
0,0.5283786654472351,0,0.5648555159568787,0,0.1604287326335907,0,0.5354219675064087
0,0.0021632583811879,0,0.000577344559133,0,0.0003343907592352,0,0.0117963887751102
0,0.3270449340343475,0,0.018534967675805,0,0.0008092668722383,0,0.0259019751101732
0,0.607130765914917,0,0.7474249005317688,0,0.4258902966976166,0,0.5159602761268616
0,0.0020333204884082,0,0.0005563173326663,0,0.0005319863557815,0,0.0052943159826099
0,0.8252877593040466,0,0.0213261265307664,0,0.0073662539944052,0,0.0116747552528977
0,0.0010609066812321,0,0.0002656681172084,0,0.0001158573504653,0,0.0036705136299133
0,0.0020660755690187,0,0.0004765805788338,0,0.0001868224499048,0,0.0021422207355499
0,0.0026814637240022,0,0.0008649142691865,0,0.0001441425702068,0,0.0142157142981886
0,0.0074429744854569,0,0.0003817046817857,0,0.0001706492184894,0,0.00828477460891
0,0.0029555270448327,0,0.0009633995359763,0,0.0011401994852349,0,0.0020224947948008
0,0.0005655979621224,0,0.0005949744954705,0,0.0001819237222662,0,0.0019620573148131
0,0.0009978684829548,0,0.0009572263807058,0,0.0002200605667894,0,0.0040486636571586
0,0.0041694343090057,0,0.0005358104244805,0,9.154530562227592e-05,0,0.0049884049221873
0,0.0025701711419969,0,0.0003104870265815,0,0.0001486638648202,0,0.016822800040245
0,0.0014185868203639,0,0.0008452320471405,0,0.0003173223813064,0,0.0027596305590122
0,0.005474773235619,0,0.0008175513939931,0,0.0011255741119384,0,0.0023769936524331
0,0.0004901472129859,0,0.0005290678236633,0,0.0003622452495619,0,0.0025068244431167
0,0.0069328248500823,0,0.0013960519572719,0,0.0001152195472968,0,0.0249385796487331
0,0.006525017786771,0,0.0003217860939912,0,0.0004225819720886,0,0.0159304961562156
0,0.1136979833245277,0,0.0001068436395144,0,0.0002087660104734,0,0.0042986553162336
0,0.151276096701622,0,7.941185322124511e-05,0,0.0001866424281615,0,0.0052671167068183
0,0.3616923689842224,0,0.0003431200166232,0,0.0002198445581598,0,0.0118402084335684
0,0.0551744736731052,0,0.0004100386286154,0,0.0005784288514405,0,0.0059801717288792
0,0.1908589005470276,0,0.8978078961372375,0,0.2456882894039154,0,0.9679461121559144
0,0.6552562117576599,0,0.7908085584640503,0,0.7238830924034119,0,0.9859092831611632
0,0.0841021537780761,0,0.0006631257128901,0,0.0004262958245817,0,0.0051414524205029
0,0.1412362307310104,0,0.0022209666203707,0,0.0017471296014264,0,0.0053050918504595
0,0.407518982887268,0,0.0081615000963211,0,0.1581428945064544,0,0.3002218306064605
0,0.005153277888894,0,0.0020907947327941,0,0.0002644185442477,0,0.0050744754262268
0,0.0072155105881392,0,0.003732135053724,0,0.0001191540650324,0,0.00561911938712
0,0.0123934112489223,0,0.0008440687088295,0,0.0002146102924598,0,0.0027555432170629
0,0.0014798736665397,0,0.0005223268526606,0,9.50609173742123e-05,0,0.0009802613640204
0,0.0020557909738272,0,0.0195991080254316,0,0.0003642877854872,0,0.0026543783023953
0,0.0008601565496064,0,0.0114088105037808,0,0.0015003978041931,0,0.0081559708341956
0,0.4107227623462677,0,0.0007010513800196,0,0.2593491375446319,0,0.142462745308876
0,0.0178135819733142,0,0.0047536632046103,0,0.0028970879502594,0,0.0094983112066984
0,0.0709181800484657,0,0.006090959534049,0,0.0012740301899611,0,0.0117408754304051
0,0.2326448112726211,0,0.4167699217796325,0,0.0065536885522305,0,0.029351582750678
0,0.2258120328187942,0,0.4116218388080597,0,0.0300784111022949,0,0.0850156024098396
0,0.7467482686042786,0,0.9689772725105286,0,0.9714213609695436,0,0.825173556804657
0,0.1566304415464401,0,0.0021305072586983,0,0.0399133451282978,0,0.3346582651138305
0,0.036531426012516,0,0.0003040489682462,0,0.000221813636017,0,0.0008134774398058
0,0.0438661128282547,0,0.001522401231341,0,0.0070176143199205,0,0.0820356979966163
0,0.0005655653658322,0,0.0006654641474597,0,0.0001400495675625,0,0.0045802211388945
0,0.039781242609024,0,0.0003490781527943,0,0.0001896600733743,0,0.0006825571763329
0,0.0257566701620817,0,0.0006149971741251,0,0.0015414087101817,0,0.0135784512385725
0,0.0003210518625564,0,0.0013821785105392,0,0.0002856908249668,0,0.0033043217845261
0,0.0559435859322547,0,0.0003872222732752,0,0.0002721704368013,0,0.0007831614930182
0,0.0705099031329155,0,0.7555221915245056,0,0.0087302587926387,0,0.0241127088665962
0,0.0027830600738525,0,0.002195403445512,0,0.0012516468996182,0,0.0025582097005099
0,0.0006147369858808,0,0.0040942225605249,0,0.0001730840594973,0,0.0149377360939979
0,0.0054112989455461,0,0.0008333987207151,0,0.0002280167827848,0,0.0082512944936752
0,0.0192203074693679,0,0.0012738318182528,0,0.0012637217296287,0,0.0815934613347053
0,0.3578385412693023,0,0.0136650977656245,0,0.0260906852781772,0,0.0138216568157076
0,0.2710234820842743,0,0.0062105525285005,0,0.0126176346093416,0,0.0073032509535551
0,0.1153494492173194,0,0.0120943449437618,0,0.0006971103139221,0,0.0117936823517084
0,0.1798862516880035,0,0.0103873880580067,0,0.0021664288360625,0,0.0149702094495296
0,0.0453318879008293,0,0.0018726482521742,0,0.0002322637010365,0,0.0100932205095887
0,0.0041524581611156,0,0.000320321181789,0,0.0012544415658339,0,0.0023261273745447
0,0.048501007258892,0,0.0032815057784318,0,0.0002127260231645,0,0.0150328408926725
0,0.0319357030093669,0,0.0042696269229054,0,0.0069184638559818,0,0.0009779875399544
0,0.255911648273468,0,0.0024550615344196,0,0.0001590231695445,0,0.0528399795293808
0,0.0233595687896013,0,0.0005918666138313,0,0.0301509611308574,0,0.000660311197862
0,0.0133113618940114,0,0.0018564157653599,0,0.0063973232172429,0,0.0179424416273832
0,0.0027494311798363,0,0.0011465935967862,0,0.0002394581970293,0,0.0058863232843577
0,0.5104044675827026,0,0.0021739369258284,0,0.0607739351689815,0,0.0453785359859466
0,0.0251954272389411,0,0.4198249876499176,0,0.002770324004814,0,0.0107369245961308
0,0.0576227232813835,0,0.0396673753857612,0,0.0106877610087394,0,0.0638782680034637
0,0.4977394044399261,0,0.8831327557563782,0,0.0084861060604453,0,0.9124164581298828
0,0.2738919556140899,0,0.0360782854259014,0,0.0253538899123668,0,0.4727692604064941
0,0.0990938991308212,0,0.6260315179824829,0,0.0122357979416847,0,0.6656671762466431
0,0.1883878707885742,0,0.7733830809593201,0,0.0365238152444362,0,0.0638950392603874
0,0.0067900279536843,0,0.4735946655273437,0,0.0028170684818178,0,0.0108731184154748
0,0.1282966136932373,0,0.7811381816864014,0,0.1945699900388717,0,0.0916640907526016
0,0.0009213330922648,0,0.0050624688155949,0,4.525121403275989e-05,0,0.0058519602753221
0,0.0605865754187107,0,0.0084665520116686,0,0.0006506044301204,0,0.0228313878178596
0,0.0003568706160876,0,0.0006074746488593,0,4.311129669076763e-05,0,0.0067823403514921
0,0.0044596367515623,0,0.005390147678554,0,0.0002294896112289,0,0.0053135761991143
0,0.0825455784797668,0,0.2436110973358154,0,0.0011024819687008,0,0.0313504971563816
0,0.0061152391135692,0,0.0031523110810667,0,0.0002311469434062,0,0.0051728324033319
0,0.0145369805395603,0,0.0020719326566904,0,0.0007775530102662,0,0.0046125878579914
0,0.0176506880670785,0,8.839559450279921e-05,0,0.0002309312840225,0,0.0026135710068047
0,0.0087304739281535,0,0.0002315232268301,0,0.0007200755644589,0,0.0115299159660935
0,0.0051992684602737,0,0.0003570446569938,0,0.0003803703002631,0,0.0132699152454733
0,0.1648137867450714,0,0.0872350260615348,0,0.0176286678761243,0,0.0164242479950189
0,0.0049735754728317,0,0.0005536001990549,0,0.0001434137666365,0,0.003582885954529
0,0.2481674551963806,0,0.0041146981529891,0,0.0033599841408431,0,0.0064364559948444
0,0.0032742097973823,0,0.0014384024543687,0,0.0002613118558656,0,0.0018489144276827
0,0.1415669620037078,0,0.0043494193814694,0,0.0006159495096653,0,0.0080245668068528
0,0.0342130847275257,0,0.0084092942997813,0,0.001031496678479,0,0.008973610587418
0,0.0184853542596101,0,0.0043707634322345,0,0.0056794355623424,0,0.8758651614189148
0,0.0060701961629092,0,0.0018915407126769,0,0.0002855040656868,0,0.0042054755613207
0,0.0176137182861566,0,0.0028379976283758,0,0.005224076565355,0,0.7752261757850647
0,0.004643436986953,0,0.0063246679492294,0,0.0002742616343311,0,0.0058226692490279
0,0.0328692123293876,0,0.0052675059996545,0,0.001944949501194,0,0.9041538238525392
0,0.4087540805339813,0,0.8349145650863647,0,0.8112378120422363,0,0.4234120845794678
0,0.0233823005110025,0,0.0009709089063107,0,0.0004823752387892,0,0.0056828749366104
0,0.0022070086561143,0,0.0007457151659764,0,0.0002741964999586,0,0.0096421763300895
0,0.0009517699363641,0,0.0022859843447804,0,0.00025529784034,0,0.0041196853853762
0,0.0225635785609483,0,0.0026997544337064,0,0.0008019961533136,0,0.0032330162357538
0,0.0394093208014965,0,0.000972319743596,0,0.0013052623253315,0,0.0023384219966828
