fold_1_labels,fold_1_predictions,fold_2_labels,fold_2_predictions,fold_3_labels,fold_3_predictions,fold_4_labels,fold_4_predictions
1,0.5916457772254944,1,0.34566330909729,1,0.7205752730369568,1,0.1606427878141403
1,0.9982641339302064,1,0.6679989695549011,1,0.99283629655838,1,0.6580880880355835
1,0.9528836011886596,1,0.2543306648731231,1,0.934026837348938,1,0.179266482591629
1,0.1259078979492187,1,0.1526414602994918,1,0.0187206510454416,1,0.0703579410910606
1,0.3403103947639465,1,0.107942447066307,1,0.0224719643592834,1,0.1206006929278373
1,0.2430495917797088,1,0.4097228646278381,1,0.1486334651708603,1,0.2538046538829803
1,0.5679003596305847,1,0.2103378623723983,1,0.0788464248180389,1,0.1716136336326599
1,0.7868473529815674,1,0.3074479401111603,1,0.8578322529792786,1,0.500224769115448
1,0.9587807655334472,1,0.1278920322656631,1,0.0308664310723543,1,0.119438387453556
1,0.9804970026016236,1,0.2060496211051941,1,0.46137735247612,1,0.1603914201259613
1,0.6728863716125488,1,0.1235505193471908,1,0.0543508678674697,1,0.1432852894067764
1,0.9990237951278688,1,0.7313610315322876,1,0.9936792254447936,1,0.8223385214805603
1,0.4647427201271057,1,0.1771474927663803,1,0.9357002377510072,1,0.2270059287548065
1,0.0552321001887321,1,0.0748635157942771,1,0.0237684547901153,1,0.0186032745987176
1,0.7488508820533752,1,0.2615536749362945,1,0.601351261138916,1,0.1434922367334365
1,0.9639232754707336,1,0.2520923316478729,1,0.336214542388916,1,0.0959501191973686
1,0.9864009022712708,1,0.2094781100749969,1,0.9917924404144288,1,0.3747375905513763
1,0.0739918425679206,1,0.4657588303089142,1,0.1321683228015899,1,0.115192636847496
1,0.9805506467819214,1,0.4072011709213257,1,0.8864836096763611,1,0.3589429855346679
1,0.8916106224060059,1,0.3170837759971618,1,0.8923131227493286,1,0.2251866310834884
1,0.9913130402565002,1,0.440382570028305,1,0.8864119052886963,1,0.2961753308773041
0,0.0081820609048008,0,0.0322643145918846,0,0.0505108423531055,0,0.0626979619264602
0,0.0007696936954744,0,0.0292833670973777,0,0.0003413469239603,0,0.0057081608101725
0,0.0259471051394939,0,0.0777499079704284,0,0.1084958985447883,0,0.0529430992901325
0,0.0006577166495844,0,0.0266130547970533,0,0.0003968259261455,0,0.0084952739998698
0,0.0478174313902854,0,0.0664566159248352,0,0.2857422232627868,0,0.0588177740573883
0,0.0005560170393437,0,0.0315003618597984,0,0.0009378957911394,0,0.0077133825980126
0,0.0092926518991589,0,0.0376789756119251,0,0.0702840089797973,0,0.0352487117052078
0,0.0043429364450275,0,0.0289498455822467,0,0.0016803807811811,0,0.0216781347990036
0,0.0083494074642658,0,0.0296770054847002,0,0.0012180980993434,0,0.0385991781949996
0,0.0102269034832715,0,0.0388243868947029,0,0.0017910304013639,0,0.0456441529095172
0,0.0023825319949537,0,0.0121540036052465,0,0.0020916396751999,0,0.0044843382202088
0,0.00360172172077,0,0.0822229608893394,0,0.0515756458044052,0,0.0209749657660722
0,0.0162787120789289,0,0.0195884834975004,0,0.0420436970889568,0,0.0745997726917266
0,0.0016038045287132,0,0.0651960670948028,0,0.0556379631161689,0,0.0219723489135503
0,0.0014230405213311,0,0.0768767222762107,0,0.0739365145564079,0,0.063440017402172
0,0.0081848008558154,0,0.1947316527366638,0,0.5679308176040649,0,0.1334359794855117
0,0.0010260263225063,0,0.0396202206611633,0,0.0324953012168407,0,0.0125260334461927
0,0.0005928263417445,0,0.051370158791542,0,0.1380390226840973,0,0.0715364813804626
0,0.000942719343584,0,0.0578995794057846,0,0.0743110552430152,0,0.0529248490929603
0,0.0032176494132727,0,0.0164796561002731,0,0.0053502931259572,0,0.0086044240742921
0,0.0092440331354737,0,0.0552285052835941,0,0.0416981875896453,0,0.0339789688587188
0,0.0122657334432005,0,0.1418904513120651,0,0.5094038844108582,0,0.1284696608781814
0,0.0009901720331981,0,0.0339751727879047,0,0.0292780138552188,0,0.0274379458278417
0,0.0186318513005971,0,0.074489340186119,0,0.0113328006118536,0,0.0329696536064147
0,0.4106508791446686,0,0.5328883528709412,0,0.673911988735199,0,0.3100074529647827
0,0.035975381731987,0,0.2194682359695434,0,0.017337180674076,0,0.2060092538595199
0,0.1546137928962707,0,0.1218880116939544,0,0.0281679611653089,0,0.2394384741783142
0,0.2459545582532882,0,0.168904960155487,0,0.0043673138134181,0,0.1612362563610077
0,0.5853545069694519,0,0.4271650016307831,0,0.4921290874481201,0,0.3588603436946869
0,0.1526486724615097,0,0.2276586592197418,0,0.0926455780863761,0,0.2262039333581924
0,0.1417502462863922,0,0.2186559289693832,0,0.1037686392664909,0,0.2347041219472885
0,0.0617502890527248,0,0.0909487009048461,0,0.002459738170728,0,0.1115873679518699
0,0.535601794719696,0,0.3917455971240997,0,0.4936021268367767,0,0.38902348279953
0,0.4978978037834167,0,0.2425843626260757,0,0.1383897215127945,0,0.2248564511537552
0,0.1062198877334594,0,0.1950772404670715,0,0.0328714251518249,0,0.1136478781700134
0,0.1046564728021621,0,0.1078283786773681,0,0.0058800564147531,0,0.0278926230967044
0,0.0160783845931291,0,0.162143126130104,0,0.0361596420407295,0,0.0216565150767564
0,0.0260747466236352,0,0.030570475384593,0,0.0545898601412773,0,0.009419959038496
0,0.0563842095434665,0,0.2925256192684173,0,0.7967479825019836,0,0.2666687667369842
0,0.0345857553184032,0,0.2373154610395431,0,0.3161646425724029,0,0.059351410716772
0,0.0048322891816496,0,0.0547262988984584,0,0.0036996821872889,0,0.0216612741351127
0,0.0038417482282966,0,0.0538338683545589,0,0.0098798051476478,0,0.0289593301713466
0,0.0067326533608138,0,0.0201629940420389,0,0.0036351110320538,0,0.0417920462787151
0,0.00416802149266,0,0.0593570433557033,0,0.0089845247566699,0,0.0246718376874923
0,0.0026469836011528,0,0.0370701663196086,0,0.0174151863902807,0,0.2805017232894897
0,0.0062248487956821,0,0.0270146075636148,0,0.1024930626153945,0,0.0219445694237947
0,0.0032762475311756,0,0.0248808320611715,0,0.0358428172767162,0,0.022723976522684
0,0.0076227360405027,0,0.0390138030052185,0,0.0409387946128845,0,0.0330589413642883
0,0.4773900508880615,0,0.1126594468951225,0,0.326449453830719,0,0.1820806264877319
0,0.7420967817306519,0,0.2749852538108825,0,0.7732601761817932,0,0.1545099020004272
0,0.0018248874694108,0,0.0212461315095424,0,0.0593480058014392,0,0.1318810433149337
0,0.5659261345863342,0,0.3707162737846374,0,0.6856630444526672,0,0.5468525886535645
0,0.0051272083073854,0,0.0108988471329212,0,0.0041925096884369,0,0.033744741231203
0,0.0045476048253476,0,0.0417134910821914,0,0.0153923295438289,0,0.0088170869275927
0,0.001886271755211,0,0.086142785847187,0,0.0113869691267609,0,0.0103055909276008
0,0.0074922344647347,0,0.0138397170230746,0,0.0097068436443805,0,0.0477824546396732
0,0.0032857616897672,0,0.0384779199957847,0,0.004827054683119,0,0.0164447519928216
0,0.0013046675594523,0,0.0898787230253219,0,0.0059988512657582,0,0.0092213032767176
0,0.0097783477976918,0,0.0123834516853094,0,0.0116282626986503,0,0.0398032665252685
0,0.0074158948846161,0,0.0509105622768402,0,0.0072547891177237,0,0.0160949453711509
0,0.0077983918599784,0,0.0239886976778507,0,0.2977756559848785,0,0.0380074568092823
0,0.0068538449704647,0,0.0220013130456209,0,0.1922934502363205,0,0.0322769917547702
0,0.0026763475034385,0,0.0316520817577838,0,0.0018789995228871,0,0.0080485688522458
0,0.0040692486800253,0,0.0133704422041773,0,0.0123575460165739,0,0.005277759861201
0,0.0188603792339563,0,0.0167836640030145,0,0.0247562378644943,0,0.0065814889967441
0,0.0102990511804819,0,0.0136847011744976,0,0.008904437534511,0,0.0146090155467391
0,0.0103800278156995,0,0.0047630821354687,0,0.0063504893332719,0,0.0155137740075588
0,0.004307169932872,0,0.0055253799073398,0,0.0026230895891785,0,0.0112796844914555
0,0.7816287875175476,0,0.1520626693964004,0,0.4925727844238281,0,0.0437801368534565
0,0.7965589165687561,0,0.1196782663464546,0,0.3410918414592743,0,0.0536729767918586
0,0.0105092832818627,0,0.0570140331983566,0,0.2460086643695831,0,0.4209412336349487
0,0.0075708688236773,0,0.0277737900614738,0,0.2010375410318374,0,0.17872354388237
0,0.0217661242932081,0,0.0566066838800907,0,0.1117178946733474,0,0.0500826388597488
0,0.0009926462080329,0,0.029983190819621,0,0.0070467484183609,0,0.0133358724415302
0,0.0103564597666263,0,0.0767396241426467,0,0.002723854035139,0,0.0783186629414558
0,0.0033821016550064,0,0.045781522989273,0,0.0347602218389511,0,0.0243208091706037
0,0.028793592005968,0,0.1472535282373428,0,0.90724778175354,0,0.1118987649679184
0,0.0077925352379679,0,0.1858692765235901,0,0.1567127257585525,0,0.1503210812807083
0,0.004340695682913,0,0.0322041362524032,0,0.0059061222709715,0,0.0180335212498903
0,0.0028579605277627,0,0.0172629747539758,0,0.0243311058729887,0,0.044321458786726
0,0.0277645159512758,0,0.1284613460302353,0,0.01763909868896,0,0.0269508231431245
0,0.0008981745922937,0,0.0168651416897773,0,0.0012648121919482,0,0.0211594235152006
0,0.0134247681125998,0,0.0948522463440895,0,0.0156662371009588,0,0.0345120169222354
0,0.0054209060035645,0,0.0337158031761646,0,0.0004394883289933,0,0.015902018174529
0,0.0011075410293415,0,0.0169558133929967,0,0.0077901389449834,0,0.0213430859148502
0,0.0484673827886581,0,0.0866291746497154,0,0.1571473628282547,0,0.0265714842826128
0,0.0218842234462499,0,0.1351043581962585,0,0.0370450988411903,0,0.0468329191207885
0,0.0031834954861551,0,0.0149346990510821,0,0.0025728435721248,0,0.011890834197402
0,0.0037271687760949,0,0.0688532814383506,0,0.0034936803858727,0,0.0507068261504173
0,0.0807937905192375,0,0.0621775649487972,0,0.0014575397362932,0,0.0303396806120872
0,0.2662137150764465,0,0.32350954413414,0,0.1767344176769256,0,0.1839392036199569
0,0.0182244908064603,0,0.1377468258142471,0,0.0223874021321535,0,0.0617244690656662
0,0.0363816134631633,0,0.0765413492918014,0,0.0124443201348185,0,0.0632673874497413
0,0.0133237810805439,0,0.0912431180477142,0,0.0149406837299466,0,0.0513412840664386
0,0.0014931180048733,0,0.0106056360527873,0,0.0083851339295506,0,0.0075240074656903
0,0.0058337678201496,0,0.3679554760456085,0,0.7480924725532532,0,0.3672048449516296
0,0.0039347736164927,0,0.3341939151287079,0,0.0699734389781951,0,0.3036311864852905
0,0.0024333607871085,0,0.3407808840274811,0,0.1256822347640991,0,0.3295585811138153
0,0.0237845946103334,0,0.1227902993559837,0,0.0890819281339645,0,0.2394029349088668
0,0.0251625794917345,0,0.1809159517288208,0,0.0826046988368034,0,0.1453941166400909
0,0.0015613693976774,0,0.0346549935638904,0,0.0024383629206568,0,0.0257806703448295
0,0.002720326418057,0,0.0195242241024971,0,0.0261054951697587,0,0.0129477949813008
0,0.0019479156471788,0,0.0170494094491004,0,0.038560751825571,0,0.0144609007984399
0,0.0050474135205149,0,0.0542583316564559,0,0.0034227853175252,0,0.025085374712944
0,0.0466509535908699,0,0.0450638197362422,0,0.1338285356760025,0,0.0606763064861297
0,0.0079716686159372,0,0.0451924949884414,0,0.003502924228087,0,0.0237482357770204
0,0.9492239356040956,0,0.1135302931070327,0,0.3672828376293182,0,0.1890836805105209
0,0.9589857459068298,0,0.0668434202671051,0,0.4514427483081817,0,0.0712809860706329
0,0.0409445129334926,0,0.0174592956900596,0,0.0028210307937115,0,0.0201349016278982
0,0.0010549924336373,0,0.0228763949126005,0,0.0016133300960063,0,0.0088407760486006
0,0.0012695421464741,0,0.0331136770546436,0,0.001674506929703,0,0.0102858794853091
0,0.003054643748328,0,0.0256124604493379,0,0.0040642390958964,0,0.0116965696215629
0,0.0010434227297082,0,0.0343403257429599,0,0.0017463463591411,0,0.0086643127724528
0,0.0032648195046931,0,0.0234225410968065,0,0.0042868172749876,0,0.0144678009673953
0,0.1217569857835769,0,0.0327439419925212,0,0.0249761287122964,0,0.0577555112540721
0,0.0449075512588024,0,0.1611105501651764,0,0.3493764996528625,0,0.0821181312203407
0,0.0007553235045634,0,0.0525178536772728,0,0.0004801404720637,0,0.031716201454401
0,0.0023155403323471,0,0.047456257045269,0,0.0029535167850553,0,0.0158311277627944
0,0.0016664348077028,0,0.0493298061192035,0,0.0009080410236492,0,0.0171889569610357
0,0.013183862902224,0,0.0692974999547004,0,0.0382091291248798,0,0.1106844618916511
0,0.0023953241761773,0,0.0426095724105834,0,0.0024427569005638,0,0.0146608231589198
0,0.0011513107456266,0,0.016445955261588,0,0.0004472845175769,0,0.0082023153081536
0,0.1113025546073913,0,0.3459568321704864,0,0.5337027907371521,0,0.0804795995354652
0,0.0012370374752208,0,0.1295292675495147,0,0.0032497853972017,0,0.0166072752326726
0,0.0016133761964738,0,0.0434009842574596,0,0.0043572466820478,0,0.040418591350317
0,0.006970674265176,0,0.0185745730996131,0,0.0039529451169073,0,0.0070568788796663
0,0.0030497363768517,0,0.0108413286507129,0,0.041520670056343,0,0.0087538585066795
0,0.0039687869139015,0,0.0444136932492256,0,0.0542830154299736,0,0.0380504056811332
0,0.0015518530271947,0,0.1278922259807586,0,0.0029741572216153,0,0.0199126675724983
0,0.0015267927665263,0,0.0538433790206909,0,0.0026058708317577,0,0.0228202585130929
0,0.0077079203911125,0,0.0196129754185676,0,0.0050880927592515,0,0.0068815643899142
0,0.0279044993221759,0,0.1692994683980941,0,0.5213727355003357,0,0.0836294293403625
0,0.6764312386512756,0,0.3605020046234131,0,0.8374340534210205,0,0.4352304339408874
0,0.5736026763916016,0,0.354705810546875,0,0.4050963222980499,0,0.0964567214250564
0,0.0121594490483403,0,0.0345472544431686,0,0.0534941256046295,0,0.0354694128036499
0,0.0058441376313567,0,0.0889959186315536,0,0.001419911510311,0,0.1135433763265609
0,0.4427216351032257,0,0.077761597931385,0,0.0176044479012489,0,0.0389425493776798
0,0.0142755368724465,0,0.1373266577720642,0,0.1727548539638519,0,0.083925150334835
0,0.0021236238535493,0,0.0314169265329837,0,0.0070751695893704,0,0.0361390300095081
0,0.0033155977725982,0,0.0193793643265962,0,0.0173189211636781,0,0.1476901769638061
0,0.012081186287105,0,0.0220242887735366,0,0.0509909503161907,0,0.1564908027648925
0,0.0020895258057862,0,0.0196424759924411,0,0.0169708337634801,0,0.2312043458223343
0,0.0220595281571149,0,0.0275983698666095,0,0.2039699554443359,0,0.1029225960373878
0,0.1077253445982933,0,0.1640908420085907,0,0.0980032533407211,0,0.0790310651063919
0,0.0116399358958005,0,0.2150936126708984,0,0.5055280923843384,0,0.042998693883419
0,0.0604157447814941,0,0.0296706743538379,0,0.1297575533390045,0,0.0514857098460197
0,0.0123228207230567,0,0.359872817993164,0,0.266304612159729,0,0.0902487337589263
0,0.0017817441839724,0,0.0247994810342788,0,0.00127600482665,0,0.0125438459217548
0,0.0016929381527006,0,0.04091677069664,0,0.2174347937107086,0,0.020388901233673
0,0.0010854282882064,0,0.0221962295472621,0,0.0071264305151999,0,0.0149853769689798
0,0.0013637552037835,0,0.0277599319815635,0,0.0013946825638413,0,0.0156136536970734
0,0.858502209186554,0,0.4801983535289764,0,0.4844582676887512,0,0.543529748916626
0,0.7872689962387085,0,0.2583467960357666,0,0.024275129660964,0,0.4350018501281738
0,0.464339405298233,0,0.2624924182891845,0,0.235894113779068,0,0.5045121908187866
0,0.0018118023872375,0,0.0724575817584991,0,0.1110695526003837,0,0.0198509413748979
0,0.0014480084646493,0,0.0542985945940017,0,0.172056570649147,0,0.0214270409196615
0,0.0011380314826965,0,0.062528096139431,0,0.133063867688179,0,0.0172713790088892
0,0.9927608966827391,0,0.3722128272056579,0,0.6522883176803589,0,0.3166121244430542
0,0.0058460044674575,0,0.0209773983806371,0,0.0022530923597514,0,0.0349687598645687
0,0.0064602633938193,0,0.0232223980128765,0,0.2174263596534729,0,0.0624759271740913
0,0.0013389730593189,0,0.0307173654437065,0,0.0094552412629127,0,0.008817178197205
0,0.0050585074350237,0,0.0292570684105157,0,0.0087408544495701,0,0.0345466658473014
0,0.1284636855125427,0,0.1052155643701553,0,0.1475796550512313,0,0.0549966245889663
0,0.0003588597755879,0,0.0229765158146619,0,0.0097270291298627,0,0.0096346531063318
0,0.0028600648511201,0,0.0224207527935504,0,0.0042409365996718,0,0.1045325025916099
0,0.008297249674797,0,0.0669267103075981,0,0.5953381657600403,0,0.0933489501476287
0,0.0004149999294895,0,0.021447405219078,0,0.004054894670844,0,0.0080532254651188
0,0.0068124760873615,0,0.2480322122573852,0,0.2496265918016433,0,0.0815241932868957
0,0.2790085971355438,0,0.1389098018407821,0,0.2335578799247741,0,0.0870566517114639
0,0.0075521608814597,0,0.2399291694164276,0,0.4041108787059784,0,0.0586453229188919
0,0.4957832992076874,0,0.1538271009922027,0,0.2938743829727173,0,0.1609102338552475
0,0.0021109811495989,0,0.0177249386906623,0,0.0079263467341661,0,0.0408822484314441
0,0.0699954554438591,0,0.0437807403504848,0,0.378439337015152,0,0.0929519906640052
0,0.7485827207565308,0,0.1844339072704315,0,0.1158391758799552,0,0.0350643694400787
0,0.0069097382947802,0,0.0833605527877807,0,0.0595295168459415,0,0.0153184831142425
0,0.2932436466217041,0,0.0605884939432144,0,0.3208631873130798,0,0.1395529061555862
0,0.1568902730941772,0,0.043161854147911,0,0.3208158314228058,0,0.2068072408437729
0,0.0180852226912975,0,0.0500155165791511,0,0.7844900488853455,0,0.0323272198438644
0,0.0043827192857861,0,0.0165241695940494,0,0.017517976462841,0,0.0507111735641956
0,0.2353965938091278,0,0.1386546939611435,0,0.637241542339325,0,0.1075675264000892
0,0.0354677215218544,0,0.0836455300450325,0,0.0535085387527942,0,0.116254985332489
0,0.2016196101903915,0,0.0875573828816413,0,0.3978649377822876,0,0.1548730880022049
0,0.0878144055604934,0,0.0867530927062034,0,0.1131659001111984,0,0.1982202678918838
0,0.0012380664702504,0,0.0251526348292827,0,0.0214701853692531,0,0.0766128301620483
0,0.0057730847038328,0,0.0509865880012512,0,0.7878535389900208,0,0.218718945980072
0,0.0095715196803212,0,0.0540128014981746,0,0.0021140952594578,0,0.0712165609002113
0,0.0012656751787289,0,0.0114794624969363,0,0.0011364439269527,0,0.0295263901352882
0,0.0119918771088123,0,0.0488069728016853,0,0.0010580411180853,0,0.0541791170835495
0,0.0246958807110786,0,0.011499055661261,0,0.0228398852050304,0,0.1188855469226837
0,0.0046968962997198,0,0.027895763516426,0,0.0052530374377965,0,0.0090346727520227
0,0.0040484615601599,0,0.0322070717811584,0,0.0587655678391456,0,0.0293693765997886
0,0.0335454829037189,0,0.0455228686332702,0,0.0344594083726406,0,0.0449433587491512
0,0.0141242519021034,0,0.0614364966750144,0,0.0237124375998973,0,0.0411464944481849
0,0.0074960147030651,0,0.0340730287134647,0,0.0015161205083131,0,0.0091371517628431
0,0.0069100032560527,0,0.0533792339265346,0,0.0151261966675519,0,0.0370886288583278
0,0.0049438369460403,0,0.0421120524406433,0,0.0011001419043168,0,0.0120660103857517
0,0.0024713380262255,0,0.109436497092247,0,0.2654222846031189,0,0.0720215365290641
0,0.9847818613052368,0,0.6848948001861572,0,0.7370066046714783,0,0.5458971858024597
0,0.9873285293579102,0,0.716336190700531,0,0.8743603825569153,0,0.6354299187660217
0,0.9919486045837402,0,0.7158409357070923,0,0.8577556014060974,0,0.6267964243888855
0,0.003493876196444,0,0.0318378992378711,0,0.0032145571894943,0,0.028622280806303
0,0.0054498277604579,0,0.0424622558057308,0,0.0233375448733568,0,0.043994266539812
0,0.0067001106217503,0,0.0351437292993068,0,0.0336009599268436,0,0.071473404765129
0,0.0054703638888895,0,0.2966480851173401,0,0.2518767416477203,0,0.0862267538905143
0,0.0005425057024694,0,0.0165143478661775,0,0.0002564715978223,0,0.0172120574861764
0,0.0019312651129439,0,0.0284434389322996,0,0.0083340322598814,0,0.0208682995289564
0,0.9982879757881165,0,0.6480712294578552,0,0.9698877930641174,0,0.8853831887245178
0,0.9386180639266968,0,0.3139455318450928,0,0.3518357872962951,0,0.163557082414627
0,0.0012652466539293,0,0.0237365532666444,0,0.0086014633998274,0,0.0232469532638788
0,0.0014595683896914,0,0.022119678556919,0,0.000404642894864,0,0.0047872569411993
0,0.2127116620540619,0,0.2502972483634949,0,0.1361451745033264,0,0.0329919084906578
0,0.0023060629609972,0,0.0247285831719636,0,0.0004887687391601,0,0.0157420821487903
0,0.003098708577454,0,0.0485352165997028,0,0.0094609651714563,0,0.0241458490490913
0,0.000389420252759,0,0.0174157749861478,0,0.0005960157141089,0,0.0075621702708303
0,0.0008829739526845,0,0.026312218979001,0,0.0017794212326407,0,0.0130211394280195
0,0.0004244055016897,0,0.0083213876932859,0,0.0007922925287857,0,0.0059487423859536
0,0.0016909560654312,0,0.0392634086310863,0,0.0013257518876343,0,0.0133968368172645
0,0.0042095314711332,0,0.041356585919857,0,0.0099205896258354,0,0.0359002724289894
0,0.0003958371817134,0,0.0131423119455575,0,0.0011509921168908,0,0.0065648835152387
0,0.3816456198692322,0,0.3395216464996338,0,0.1065538078546524,0,0.2312859445810318
0,0.0165903698652982,0,0.0925736352801323,0,0.0065593156032264,0,0.0824417322874069
0,0.0003512855328153,0,0.0100480327382683,0,0.0166480839252471,0,0.004700778517872
0,0.0042281290516257,0,0.0624909102916717,0,0.0179024990648031,0,0.0265803523361682
0,0.0030546146444976,0,0.0806602239608764,0,0.0300961323082447,0,0.037153735756874
0,0.0014671958051621,0,0.0770720839500427,0,0.0300660878419876,0,0.0340541787445545
1,0.8046212196350098,1,0.7041396498680115,1,0.9766284227371216,1,0.7597485184669495
1,0.0642293393611908,1,0.1195766627788543,1,0.3086485266685486,1,0.1009686142206192
1,0.0249347109347581,1,0.1080944910645484,1,0.7126296758651733,1,0.186495840549469
1,0.0033348412252962,1,0.1104784831404686,1,0.6026827096939087,1,0.0578931048512458
1,0.0041849338449537,1,0.0900262147188186,1,0.2095996737480163,1,0.0514453649520874
1,0.8131994605064392,1,0.4828427135944366,1,0.8154001235961914,1,0.6070287227630615
1,0.7992079257965088,1,0.5052454471588135,1,0.9937408566474916,1,0.8571398854255676
1,0.0032291079405695,1,0.0664095878601074,1,0.1485323905944824,1,0.0652040019631385
1,0.0089940521866083,1,0.0425560250878334,1,0.1033268347382545,1,0.0413864143192768
1,0.0029586707241833,1,0.1913307160139084,1,0.9009920358657836,1,0.0626018419861793
1,0.0146961128339171,1,0.0157422069460153,1,0.0301190596073865,1,0.0827070921659469
1,0.8739171028137207,1,0.0569023564457893,1,0.9210461974143982,1,0.2624036371707916
1,0.4734054505825043,1,0.3304370641708374,1,0.8502075672149658,1,0.4357756376266479
1,0.8027578592300415,1,0.2726124823093414,1,0.8223651647567749,1,0.1396799087524414
1,0.2931902408599853,1,0.4862825274467468,1,0.9874327778816224,1,0.5035977959632874
1,0.0196775775402784,1,0.0182727109640836,1,0.00469507323578,1,0.2312899678945541
1,0.0179411061108112,1,0.047192957252264,1,0.0720328167080879,1,0.2319903820753097
1,0.0121174920350313,1,0.0607414133846759,1,0.0340801253914833,1,0.0232016779482364
1,0.1206190586090087,1,0.0383162200450897,1,0.7983835339546204,1,0.1895689368247985
1,0.9284604787826538,1,0.5376017093658447,1,0.0143625913187861,1,0.3628907799720764
1,0.5644277930259705,1,0.4269871413707733,1,0.7290855050086975,1,0.6029642224311829
1,0.9600423574447632,1,0.6510675549507141,1,0.1839699149131775,1,0.5078734159469604
1,0.9163627028465272,1,0.6465086340904236,1,0.9529130458831788,1,0.8287686109542847
1,0.9023315906524658,1,0.2362419813871383,1,0.8948618173599243,1,0.5652099847793579
1,0.9744961261749268,1,0.1884982287883758,1,0.9026702046394348,1,0.4566211998462677
1,0.93919438123703,1,0.2677480280399322,1,0.9376956224441528,1,0.5515217781066895
0,0.3125073611736297,0,0.1806472241878509,0,0.0938010737299919,0,0.0389964915812015
0,0.1539133191108703,0,0.1012877076864242,0,0.0939305871725082,0,0.0330506265163421
0,0.3155763447284698,0,0.0686791762709617,0,0.011719218455255,0,0.0226818062365055
0,0.0023249371442943,0,0.0092865349724888,0,0.0008166015031747,0,0.0225568916648626
0,0.0031169059220701,0,0.0098863933235406,0,0.0016677870880812,0,0.024278299883008
0,0.1530150175094604,0,0.1722763627767563,0,0.0963111594319343,0,0.0246273688971996
0,0.0064922915771603,0,0.1154654845595359,0,0.0587103962898254,0,0.0182289239019155
0,0.001908361329697,0,0.0411843135952949,0,0.0111612994223833,0,0.0157627388834953
0,0.0110215405002236,0,0.1057365015149116,0,0.0157733056694269,0,0.0160350371152162
0,0.0032111213076859,0,0.0427332296967506,0,0.1349245756864547,0,0.0848974138498306
0,0.0053790542297065,0,0.1051230058073997,0,0.0823476314544677,0,0.0347817540168762
0,0.0042739431373775,0,0.126687616109848,0,0.0076606711372733,0,0.1390607506036758
0,0.0008768531843088,0,0.1724136918783188,0,0.0022284935694187,0,0.1090978533029556
0,0.8133098483085632,0,0.1294817477464676,0,0.659288763999939,0,0.2005300670862198
0,0.0036502038128674,0,0.0289357583969831,0,0.0110028348863124,0,0.0369998961687088
0,0.0011573188239708,0,0.0547340661287307,0,0.0595759749412536,0,0.0122177684679627
0,0.1330822557210922,0,0.3410412967205047,0,0.045280285179615,0,0.0448889061808586
0,0.0014702903572469,0,0.0078700389713048,0,0.004171943757683,0,0.0084856636822223
0,0.2808010876178741,0,0.0268056932836771,0,0.3369188010692596,0,0.1094401106238365
0,0.0475656799972057,0,0.1284726113080978,0,0.8620328307151794,0,0.1843235045671463
0,0.0044931108132004,0,0.0802819281816482,0,0.0044260155409574,0,0.0278725903481245
0,0.3517960011959076,0,0.3947918713092804,0,0.2419167906045913,0,0.0409454964101314
0,0.1891948282718658,0,0.4168815016746521,0,0.0435903966426849,0,0.0650085434317588
0,0.0121295880526304,0,0.0661561638116836,0,0.0006282386602833,0,0.0362189151346683
0,0.0015412633074447,0,0.0343966074287891,0,0.0011046648724004,0,0.0349010527133941
0,0.0027450716588646,0,0.0189565420150756,0,0.0861120820045471,0,0.1090190187096595
0,0.0047618299722671,0,0.0629249513149261,0,0.0005640372983179,0,0.0464443899691104
0,0.0009521876927465,0,0.0379290543496608,0,0.0016249609179794,0,0.038874078541994
0,0.0011417348869144,0,0.0268571395426988,0,0.0012437896803021,0,0.0331247076392173
0,0.0019834623672068,0,0.0112401563674211,0,0.0014138898113742,0,0.0366901569068431
0,0.4088478684425354,0,0.3732911050319671,0,0.6292629241943359,0,0.1660882383584976
0,0.70713210105896,0,0.4383445382118225,0,0.8043236136436462,0,0.2204861640930175
0,0.8791751265525818,0,0.372543066740036,0,0.1691147238016128,0,0.0356259606778621
0,0.0160870850086212,0,0.062945544719696,0,0.6208299398422241,0,0.0225481949746608
0,0.0926373228430748,0,0.2269779592752456,0,0.8599901795387268,0,0.0919340103864669
0,0.3692563772201538,0,0.1038248464465141,0,0.5608781576156616,0,0.0406545139849185
0,0.0050284736789762,0,0.0765944644808769,0,0.0779389441013336,0,0.033306997269392
0,0.2784032821655273,0,0.0125350896269083,0,0.0141456965357065,0,0.0935042053461074
0,0.006172539666295,0,0.0877229124307632,0,0.0747670754790306,0,0.0664977133274078
0,0.5097983479499817,0,0.0092627210542559,0,0.0142266908660531,0,0.1362157762050628
0,0.0494954697787761,0,0.0977315455675125,0,0.0211982876062393,0,0.0304808039218187
0,0.8092222809791565,0,0.009174857288599,0,0.0411400869488716,0,0.0778665468096733
0,0.0138115473091602,0,0.1676410138607025,0,0.0803192779421806,0,0.0446044616401195
0,0.00947783049196,0,0.1192826405167579,0,0.7373960018157959,0,0.0390783250331878
0,0.0395030230283737,0,0.1203962266445159,0,0.901461660861969,0,0.0308660343289375
0,0.006476332899183,0,0.1865500062704086,0,0.8687285780906677,0,0.0345809459686279
0,0.0103754438459873,0,0.2688933312892914,0,0.0195134002715349,0,0.0368715077638626
0,0.0079034203663468,0,0.0470721870660781,0,0.0123973339796066,0,0.0241192299872636
0,0.0184233915060758,0,0.0402256436645984,0,0.0061097699217498,0,0.0147564085200428
0,0.0037910740356892,0,0.1135270446538925,0,0.0298237446695566,0,0.0414948239922523
0,0.0184977017343044,0,0.0472156591713428,0,0.0247808471322059,0,0.0149443969130516
0,0.0205917432904243,0,0.0383345074951648,0,0.0096647292375564,0,0.0149420388042926
0,0.0112454360350966,0,0.0710585638880729,0,0.3138655424118042,0,0.0463940687477588
0,0.0045599667355418,0,0.2158625721931457,0,0.021766135469079,0,0.0240493658930063
0,0.007149230223149,0,0.07010168582201,0,0.0598399490118026,0,0.0367258340120315
0,0.0017014673212543,0,0.2240879088640213,0,0.1208852976560592,0,0.0618104599416255
0,0.0057076658122241,0,0.0271820537745952,0,0.004719341173768,0,0.0107561470940709
0,0.1139098852872848,0,0.1486734747886657,0,0.88319993019104,0,0.1977623254060745
0,0.0014777586329728,0,0.167174682021141,0,0.0040229079313576,0,0.0143474983051419
0,0.0837028920650482,0,0.049266405403614,0,0.0506738387048244,0,0.0733393430709838
0,0.0268496330827474,0,0.0915404930710792,0,0.0314211025834083,0,0.0547561906278133
0,0.00516511593014,0,0.1127122715115547,0,0.0066004372201859,0,0.0378589667379856
0,0.0092358300462365,0,0.1414744555950164,0,0.0171904396265745,0,0.0781438499689102
0,0.0006108786910772,0,0.0204317849129438,0,0.0013213186757639,0,0.0079690180718898
0,0.0065243318676948,0,0.1608608514070511,0,0.0297584906220436,0,0.0450868792831897
0,0.0006059914012439,0,0.0351840853691101,0,0.0034984510857611,0,0.0068111629225313
0,0.0087885661050677,0,0.1548891961574554,0,0.2414600551128387,0,0.0436686724424362
0,0.000610725604929,0,0.0218497589230537,0,0.0026462485548108,0,0.0075969025492668
0,0.0398127622902393,0,0.0142174521461129,0,0.0232870001345872,0,0.0351905710995197
0,0.003818578319624,0,0.0135938785970211,0,0.0018736305646598,0,0.0538102760910987
0,0.0046374876983463,0,0.1374633908271789,0,0.0661630108952522,0,0.0176972560584545
0,0.0010363918263465,0,0.0106940204277634,0,0.0311219487339258,0,0.0066687986254692
0,0.0022046053782105,0,0.0148319080471992,0,0.0297731962054967,0,0.0114079006016254
0,0.0019767212215811,0,0.0189811140298843,0,0.0272967405617237,0,0.0079386653378605
0,0.0207963120192289,0,0.1476838737726211,0,0.1295862197875976,0,0.0247704181820154
0,0.0009508382063359,0,0.016506303101778,0,0.001071557868272,0,0.0118192667141556
0,0.8675946593284607,0,0.2072623372077942,0,0.942405104637146,0,0.2745034098625183
0,0.0027657260652631,0,0.0410074479877948,0,0.018900778144598,0,0.0406234785914421
0,0.0021898427512496,0,0.0095495982095599,0,0.0054371035657823,0,0.0109480414539575
0,0.0011588118504732,0,0.0315817706286907,0,0.0311067029833793,0,0.0275136213749647
0,0.0046521658077836,0,0.0379653312265872,0,0.0253213718533515,0,0.0295205470174551
0,0.0021438489202409,0,0.0431009046733379,0,0.0399686694145202,0,0.0327078662812709
0,0.0040298816747963,0,0.0377189591526985,0,0.0602200664579868,0,0.0289944559335708
0,0.002819146728143,0,0.028810566291213,0,0.0073218634352087,0,0.0207710843533277
0,0.005058822222054,0,0.0443201661109924,0,0.0508033819496631,0,0.0269962847232818
0,0.0400286950170993,0,0.1369365900754928,0,0.6314965486526489,0,0.1083413362503051
0,0.0022029455285519,0,0.097095601260662,0,0.3543829917907715,0,0.071413017809391
0,0.032544981688261,0,0.2499576210975647,0,0.8194738626480103,0,0.3319168388843536
0,0.0106366919353604,0,0.206712856888771,0,0.829176664352417,0,0.2348086833953857
0,0.0057530277408659,0,0.1077859699726104,0,0.11816918104887,0,0.0845137685537338
0,0.0035300173331052,0,0.0948961600661277,0,0.022180063650012,0,0.1448908448219299
0,0.0024484570603817,0,0.0862606689333915,0,0.0701854452490806,0,0.1485583633184433
0,0.0052301436662673,0,0.0517057627439498,0,0.0229466464370489,0,0.3130092322826385
0,0.0345143377780914,0,0.074224442243576,0,0.0272178910672664,0,0.1649765074253082
0,0.012460901401937,0,0.0225377362221479,0,0.0199513658881187,0,0.2636252641677856
0,0.9324292540550232,0,0.3641211986541748,0,0.8623102307319641,0,0.4719379246234894
0,0.5952409505844116,0,0.2341572940349578,0,0.880964457988739,0,0.1784305572509765
0,0.3108337521553039,0,0.5231289863586426,0,0.878333568572998,0,0.4401605427265167
0,0.0027911604847759,0,0.0571070127189159,0,0.0090238256379961,0,0.147084355354309
0,0.0016527756815776,0,0.0413025580346584,0,0.0035385955125093,0,0.033085498958826
0,0.0008506604935973,0,0.0581822246313095,0,0.0018570529064163,0,0.0290760993957519
0,0.0005835047923028,0,0.0796248465776443,0,0.0062666293233633,0,0.0117207542061805
0,0.1386065334081649,0,0.0395608246326446,0,0.0733872056007385,0,0.0105046527460217
0,0.0007088616257533,0,0.0627929717302322,0,0.001605660887435,0,0.0200515817850828
0,0.0028337286785244,0,0.122421771287918,0,0.0091438544914126,0,0.00983627140522
0,0.075856789946556,0,0.0431480109691619,0,0.0198931731283664,0,0.0173673126846551
0,0.0079266764223575,0,0.1479386687278747,0,0.5679711103439331,0,0.0826576128602027
0,0.0115250525996088,0,0.2377612590789795,0,0.4988011419773102,0,0.1082992777228355
0,0.0014344395603984,0,0.0167196933180093,0,0.0093644233420491,0,0.0086957020685076
0,0.0776250287890434,0,0.2502629160881042,0,0.6038810014724731,0,0.0822431668639183
0,0.0009544615168124,0,0.0153287211433053,0,0.0106394235044717,0,0.0109319696202874
0,0.9310916662216188,0,0.3437467515468597,0,0.8964685201644897,0,0.2089197933673858
0,0.0162248145788908,0,0.0398484990000724,0,0.0635077133774757,0,0.0213559921830892
0,0.0018631579587236,0,0.038091417402029,0,0.0084026614204049,0,0.0752497687935829
0,0.0016785452608019,0,0.0439051762223243,0,0.0230697616934776,0,0.0588853955268859
0,0.0147590078413486,0,0.0520057268440723,0,0.0479087084531784,0,0.0145832560956478
0,0.8303629755973816,0,0.3885769546031952,0,0.9671908617019652,0,0.1424561142921447
0,0.0021612613927572,0,0.04893209785223,0,0.0130460001528263,0,0.026938822120428
0,0.0167865045368671,0,0.0485369190573692,0,0.0420206859707832,0,0.0206927824765443
0,0.0016712283249944,0,0.0435013659298419,0,0.0513171590864658,0,0.0665129721164703
0,0.8646667003631592,0,0.2893739938735962,0,0.9482250213623048,0,0.1330304592847824
0,0.0015664809616282,0,0.0742978677153587,0,0.1659692227840423,0,0.0931345447897911
0,0.0014602683950215,0,0.0320238657295703,0,0.0372244715690612,0,0.0740360990166664
0,0.0009580389014445,0,0.0712399631738662,0,0.1921408176422119,0,0.090001955628395
0,0.1194746270775795,0,0.1724623143672943,0,0.1658396571874618,0,0.1275731772184372
0,0.0327204652130603,0,0.1580180674791336,0,0.2270497977733612,0,0.0952804461121559
0,0.0131073864176869,0,0.0151979112997651,0,0.0027620252221822,0,0.008424493484199
0,0.0036920304410159,0,0.0204977672547101,0,0.0035989850293844,0,0.0111828753724694
0,0.0248583331704139,0,0.2015284299850464,0,0.1858512312173843,0,0.1095393002033233
0,0.0008118392433971,0,0.1034823432564735,0,0.1227669268846511,0,0.0530309863388538
0,0.0034875369165092,0,0.0241627655923366,0,0.335209846496582,0,0.1814892143011093
0,0.1981944143772125,0,0.0840329974889755,0,0.859772801399231,0,0.2138015478849411
0,0.2185902297496795,0,0.1634688675403595,0,0.9300431609153748,0,0.3668384552001953
0,0.4577061235904693,0,0.4139471650123596,0,0.98908793926239,0,0.8605175018310547
0,0.5230276584625244,0,0.2825682461261749,0,0.7042909860610962,0,0.75313800573349
0,0.1994882225990295,0,0.5222324728965759,0,0.8368619680404663,0,0.4181513488292694
0,0.0010127192363142,0,0.020224243402481,0,0.0049010594375431,0,0.0132560189813375
0,0.0022228199522942,0,0.0193265005946159,0,0.0039172433316707,0,0.0087130106985569
0,0.949617862701416,0,0.2969266772270202,0,0.7172359228134155,0,0.3026336133480072
0,0.9532357454299928,0,0.1886761039495468,0,0.6496053338050842,0,0.149297758936882
0,0.0001786536595318,0,0.0254223085939884,0,0.0051020006649196,0,0.0057163969613611
0,0.0356954857707023,0,0.0309906620532274,0,0.3171021640300751,0,0.2019360959529876
0,0.0133080556988716,0,0.0306474640965461,0,0.0036182079929858,0,0.0094137629494071
0,0.003197927493602,0,0.11432546377182,0,0.0224239621311426,0,0.0113861532881855
0,0.002328076865524,0,0.0166411772370338,0,0.0015063824830576,0,0.0056214435026049
0,0.0035315996501594,0,0.0905036106705665,0,0.0560220070183277,0,0.0121441772207617
0,0.1180572509765625,0,0.2158083319664001,0,0.1528908461332321,0,0.0251799058169126
0,0.0027664599474519,0,0.0740702971816062,0,0.1750951260328292,0,0.0131043875589966
0,0.423719197511673,0,0.1149978041648864,0,0.8412360548973083,0,0.2209714204072952
0,0.0654854401946067,0,0.4122008383274078,0,0.4145194292068481,0,0.0660696625709533
0,0.9713371992111206,0,0.6775330901145935,0,0.6314244270324707,0,0.2560367584228515
0,0.516904354095459,0,0.4665087759494781,0,0.414121925830841,0,0.0816330909729003
0,0.8893070816993713,0,0.6237887740135193,0,0.5608614683151245,0,0.2315605729818344
0,0.1626443862915039,0,0.149676963686943,0,0.7518602609634399,0,0.1447119563817978
0,0.8243736624717712,0,0.5716668963432312,0,0.3815738558769226,0,0.1610067933797836
0,0.4568118751049042,0,0.4718925952911377,0,0.2943241894245147,0,0.076282799243927
0,0.3335157036781311,0,0.1656260192394256,0,0.8507103323936462,0,0.1497651487588882
0,0.0037492888513952,0,0.1892798840999603,0,0.0053232093341648,0,0.0709490180015564
0,0.0058084763586521,0,0.0434630513191223,0,0.0227342657744884,0,0.0122146783396601
0,0.0339895114302635,0,0.1325472295284271,0,0.1565451174974441,0,0.0158250071108341
0,0.0004786972713191,0,0.0332556255161762,0,0.007020532619208,0,0.0123329693451523
0,0.7773618102073669,0,0.5184568166732788,0,0.9170048236846924,0,0.1598964482545852
0,0.5994341373443604,0,0.0149395745247602,0,0.124575100839138,0,0.0802478939294815
0,0.4422939419746399,0,0.0125850196927785,0,0.4307451248168945,0,0.1078126356005668
0,0.4579570889472961,0,0.0116031076759099,0,0.2062150239944458,0,0.0896529480814933
0,0.9369687438011168,0,0.4100540280342102,0,0.9310213923454284,0,0.4524480700492859
0,0.0098188770934939,0,0.2641337215900421,0,0.5006563663482666,0,0.307200938463211
0,0.4345746338367462,0,0.3628396987915039,0,0.0461567975580692,0,0.2497279047966003
0,0.0211078003048896,0,0.0676169395446777,0,0.0240848362445831,0,0.0138906110078096
0,0.0583611391484737,0,0.0699846446514129,0,0.0628606751561164,0,0.0148381786420941
0,0.1721161305904388,0,0.0807906165719032,0,0.0576000325381755,0,0.0153501192107796
0,0.0014409400755539,0,0.0121960854157805,0,0.0064946659840643,0,0.0323898680508136
0,0.0111224111169576,0,0.017841599881649,0,0.1117679178714752,0,0.0158631801605224
0,0.0327559038996696,0,0.0227533336728811,0,0.1442696750164032,0,0.0407998003065586
0,0.0019027329981327,0,0.0186757668852806,0,0.0006807868485338,0,0.0257805753499269
0,0.0248057600110769,0,0.0230567827820777,0,0.1374459862709045,0,0.0252265688031911
0,0.0087303798645734,0,0.0286651123315095,0,0.003350042970851,0,0.027187505736947
0,0.0039743757806718,0,0.2210890799760818,0,0.2010275870561599,0,0.0940434038639068
0,0.0038499026559293,0,0.20405213534832,0,0.1021780893206596,0,0.081011950969696
0,0.002717592054978,0,0.1818441748619079,0,0.0503053031861782,0,0.0786404758691787
0,0.0036206461954861,0,0.0204708240926265,0,0.0010503754019737,0,0.0179408285766839
0,0.0035690332297235,0,0.0193185769021511,0,0.0167798101902008,0,0.0069508156739175
0,0.0017992893699556,0,0.0167455915361642,0,0.0041129537858068,0,0.0057574696838855
0,0.0024528694339096,0,0.0399451814591884,0,0.0129172019660472,0,0.0166250467300415
0,0.0312038231641054,0,0.1614660620689392,0,0.0082063423469662,0,0.0952159538865089
0,0.0093970242887735,0,0.0839379802346229,0,0.00614810641855,0,0.0258855875581502
0,0.0362617000937461,0,0.1903095096349716,0,0.0116160474717617,0,0.0942758992314338
0,0.0090150376781821,0,0.0467407815158367,0,0.0032255260739475,0,0.0208402965217828
0,0.0026518509257584,0,0.0077633266337215,0,0.0061606746166944,0,0.0089936694130301
0,0.0045568165369331,0,0.0208534356206655,0,0.0007471591234207,0,0.0175841636955738
0,0.0036484473384916,0,0.0318338125944137,0,0.0002942209830507,0,0.0278997998684644
0,0.0020258731674402,0,0.0228854101151227,0,0.0006059636943973,0,0.0176736284047365
0,0.0137066589668393,0,0.024019256234169,0,0.0003671459853649,0,0.0363185666501522
0,0.0029958779923617,0,0.0278199538588523,0,0.0007142508402466,0,0.0184533149003982
0,0.0012288192519918,0,0.0568945184350013,0,0.0063179438002407,0,0.0108811166137456
0,0.0281157288700342,0,0.0270115956664085,0,0.0044032619334757,0,0.0235604848712682
0,0.0038155289366841,0,0.0477285012602806,0,0.0440869033336639,0,0.0111445030197501
0,0.0003690476005431,0,0.0181366223841905,0,0.01209347974509,0,0.0072750994004309
0,0.0100581739097833,0,0.0222478695213794,0,0.0099955014884471,0,0.0165542941540479
0,0.0024527106434106,0,0.0553647838532924,0,0.013593615964055,0,0.0274014733731746
0,0.065135970711708,0,0.0292162038385868,0,0.022512899711728,0,0.0168149471282959
0,0.003918538801372,0,0.0262296572327613,0,0.0797739550471305,0,0.0292330328375101
0,0.0016464155633002,0,0.0241438504308462,0,0.130776822566986,0,0.0341898873448371
0,0.0017958986572921,0,0.0464143007993698,0,0.2647968232631683,0,0.0358967334032058
0,0.0051258611492812,0,0.0602033399045467,0,0.0028703638818114,0,0.0118456948548555
0,0.0072674858383834,0,0.0275011658668518,0,0.0015216737519949,0,0.0153795154765248
0,0.0073527586646378,0,0.0259832795709371,0,0.0011352990986779,0,0.0163529701530933
0,0.9977306723594666,0,0.6189088821411133,0,0.8564637899398804,0,0.698811411857605
0,0.989529550075531,0,0.6319769620895386,0,0.929944097995758,0,0.8307479023933411
0,0.9934604167938232,0,0.6596364378929138,0,0.8832002878189087,0,0.7955572605133057
0,0.0283888895064592,0,0.0631655380129814,0,0.0022757730912417,0,0.0127710448578
0,0.1850616931915283,0,0.1481419950723648,0,0.200999766588211,0,0.042222648859024
0,0.0122222285717725,0,0.1233585178852081,0,0.0114630507305264,0,0.0291248429566621
0,0.0182981342077255,0,0.0639739707112312,0,0.0012218800839036,0,0.0104742646217346
0,0.0973383635282516,0,0.0619091875851154,0,0.0172245893627405,0,0.0291125904768705
0,0.0121389385312795,0,0.0899563878774643,0,0.0056170928291976,0,0.049709066748619
0,0.0143489418551325,0,0.0198107827454805,0,0.001875577494502,0,0.0080017335712909
0,0.0111519452184438,0,0.0866140127182006,0,0.1040456071496009,0,0.0355801321566104
0,0.0293762404471635,0,0.14809450507164,0,0.0036795139312744,0,0.0669915676116943
0,0.3589545786380768,0,0.4050416946411133,0,0.9220973253250122,0,0.6977300047874451
0,0.0347653999924659,0,0.0666389837861061,0,0.8680530786514282,0,0.0750084966421127
0,0.016702527180314,0,0.0194597728550434,0,0.0161649789661169,0,0.0122470250353217
0,0.2399732321500778,0,0.0830527320504188,0,0.7965715527534485,0,0.1035098582506179
0,0.0523025207221508,0,0.0172799210995435,0,0.0117087522521615,0,0.0105336429551243
0,0.0423233285546302,0,0.0660876780748367,0,0.7245893478393555,0,0.1059357076883316
0,0.0171738360077142,0,0.0153257064521312,0,0.0179303046315908,0,0.0110143600031733
0,0.0016181744867935,0,0.0243435222655534,0,0.0144662503153085,0,0.0208903849124908
0,0.0008439726079814,0,0.0236376989632844,0,0.0268127527087926,0,0.0105617847293615
0,0.0016921155620366,0,0.0118341464549303,0,0.0151687199249863,0,0.014894395135343
0,0.0007563023245893,0,0.0176572781056165,0,0.0013768714852631,0,0.0087618846446275
0,0.6143085360527039,0,0.437292218208313,0,0.0645826160907745,0,0.2258766293525695
0,0.7007846236228943,0,0.1937957853078842,0,0.8461508750915527,0,0.1740423142910003
0,0.4554254114627838,0,0.2759302258491516,0,0.3916226029396057,0,0.3170292675495147
0,0.0308120176196098,0,0.2754767835140228,0,0.5948190689086914,0,0.8003368377685547
0,0.5687623620033264,0,0.2388948947191238,0,0.8421587944030762,0,0.1618469506502151
0,0.4348194301128387,0,0.2884865999221802,0,0.8646928071975708,0,0.3429955542087555
0,0.0322312414646148,0,0.2407456785440445,0,0.4564267992973327,0,0.6891576647758484
0,0.0048289289698004,0,0.0523475669324398,0,0.0043747904710471,0,0.0138338999822735
0,0.2320593297481537,0,0.3163332045078277,0,0.816736102104187,0,0.2729277014732361
0,0.6899890899658203,0,0.3569919764995575,0,0.7477112412452698,0,0.2946818172931671
0,0.0268127340823411,0,0.2262321859598159,0,0.2543088793754577,0,0.5387639403343201
0,0.0032177874818444,0,0.0282129738479852,0,0.0008838892681524,0,0.0135529339313507
0,0.6568917632102966,0,0.1056790724396705,0,0.2664352357387543,0,0.0379773266613483
0,0.0045643583871424,0,0.1313025653362274,0,0.002961627440527,0,0.0211428999900817
1,0.8602936267852783,1,0.3674079477787018,1,0.4656193852424621,1,0.1961690634489059
1,0.441441923379898,1,0.5482304096221924,1,0.8798919320106506,1,0.4693683683872223
1,0.4601568579673767,1,0.6098741292953491,1,0.97047621011734,1,0.5907437801361084
1,0.9577251076698304,1,0.6346094608306885,1,0.9311951398849488,1,0.6258843541145325
1,0.9647286534309388,1,0.4714479446411133,1,0.8846406936645508,1,0.6004924178123474
1,0.9962050318717957,1,0.4986920058727264,1,0.9839271903038024,1,0.656640887260437
1,0.7332764863967896,1,0.5451199412345886,1,0.8737092018127441,1,0.1990426182746887
1,0.9752085208892822,1,0.5975303053855896,1,0.9488789439201356,1,0.3788015842437744
1,0.6159271597862244,1,0.0457647964358329,1,0.7897779941558838,1,0.325996071100235
1,0.9643079042434692,1,0.4450004696846008,1,0.8277972936630249,1,0.2750792503356933
1,0.0735036209225654,1,0.0345017090439796,1,0.0040547903627157,1,0.1265644580125808
1,0.9131392240524292,1,0.5354747772216797,1,0.8808625936508179,1,0.5846922397613525
1,0.0194424502551555,1,0.1113964021205902,1,0.0794126540422439,1,0.1755372881889343
1,0.6336559057235718,1,0.6471869349479675,1,0.508516252040863,1,0.4057382643222809
1,0.8272993564605713,1,0.7381474375724792,1,0.4376402199268341,1,0.4178455471992492
1,0.9022022485733032,1,0.6423503756523132,1,0.8896181583404541,1,0.3309948444366455
1,0.4362632632255554,1,0.3260122239589691,1,0.4035938084125519,1,0.2707757651805877
1,0.775588870048523,1,0.2618596851825714,1,0.937937557697296,1,0.1260782927274704
1,0.4966695606708526,1,0.4991909265518188,1,0.8441444039344788,1,0.3539714813232422
1,0.9032333493232728,1,0.1778124868869781,1,0.9440417885780334,1,0.4235709905624389
1,0.8896177411079407,1,0.1432689279317855,1,0.8914452791213989,1,0.3615566790103912
1,0.94015771150589,1,0.2833919823169708,1,0.9747713208198548,1,0.631898045539856
1,0.9042435884475708,1,0.0640840753912925,1,0.2483878433704376,1,0.1165807098150253
1,0.9529756307601928,1,0.4056077003479004,1,0.7900579571723938,1,0.5171253681182861
1,0.9835531711578368,1,0.4577241539955139,1,0.6274091005325317,1,0.7147785425186157
1,0.0576610043644905,1,0.1117951124906539,1,0.6596865057945251,1,0.0746931210160255
1,0.9972431659698486,1,0.3586636185646057,1,0.9185388088226318,1,0.518322765827179
0,0.1696768403053283,0,0.2073505669832229,0,0.1467944234609604,0,0.1315900087356567
0,0.0073292385786771,0,0.066228300333023,0,0.0019955728203058,0,0.0249777473509311
0,0.0020863940007984,0,0.007825574837625,0,0.0042363358661532,0,0.0067674107849597
0,0.003129968419671,0,0.0086539732292294,0,0.0044334726408123,0,0.0065275900997221
0,0.0020812558941543,0,0.0402061603963375,0,0.0078813433647155,0,0.0210530161857604
0,0.9838029146194458,0,0.2892453372478485,0,0.9734371304512024,0,0.3100481927394867
0,0.0011341609060764,0,0.0299308374524116,0,0.0120419850572943,0,0.0511759929358959
0,0.9690665006637572,0,0.4249808490276336,0,0.994377076625824,0,0.2632463276386261
0,0.0167835541069507,0,0.0230033230036497,0,0.0058084712363779,0,0.0912683755159378
0,0.0059403115883469,0,0.0511340014636516,0,0.0115655213594436,0,0.0447313450276851
0,0.0109448917210102,0,0.0363699272274971,0,0.1138209551572799,0,0.0397503785789012
0,0.0039887339808046,0,0.0622855052351951,0,0.0241257846355438,0,0.0735946595668792
0,0.9012885689735411,0,0.5600813031196594,0,0.8300421237945557,0,0.2867540121078491
0,0.0242169983685016,0,0.0350101962685585,0,0.2564055919647217,0,0.0253898464143276
0,0.6755014061927795,0,0.205579400062561,0,0.1327772140502929,0,0.0787599831819534
0,0.0242278948426246,0,0.1645761579275131,0,0.1157743036746978,0,0.0748014003038406
0,0.0698331221938133,0,0.1674909442663192,0,0.0716087743639946,0,0.0649568513035774
0,0.0619128905236721,0,0.2266388237476349,0,0.0568766146898269,0,0.0548959001898765
0,0.0292807575315237,0,0.2422018051147461,0,0.1757235527038574,0,0.0579911805689334
0,0.0173340942710638,0,0.2244066596031189,0,0.2288889586925506,0,0.0887269079685211
0,0.0855376422405242,0,0.2111044824123382,0,0.2985168695449829,0,0.3095607161521911
0,0.7711590528488159,0,0.2616747319698334,0,0.6134070158004761,0,0.4653536379337311
0,0.8887895941734314,0,0.3597335517406463,0,0.1261056661605835,0,0.5277798771858215
0,0.0026799135375767,0,0.0188887994736433,0,0.0074688051827251,0,0.0075004370883107
0,0.9576705694198608,0,0.259643018245697,0,0.4816651940345764,0,0.1310648024082183
0,0.91753351688385,0,0.2482717782258987,0,0.6896396279335022,0,0.0956864207983017
0,0.02238604798913,0,0.0520825982093811,0,0.0684323012828826,0,0.2555019557476043
0,0.0307588409632444,0,0.242029920220375,0,0.0294546969234943,0,0.0843530446290969
0,0.0091088712215423,0,0.5476239323616028,0,0.0135935079306364,0,0.1516626626253128
0,0.012393020093441,0,0.0453919246792793,0,0.0002417151263216,0,0.0104015180841088
0,0.0017645873595029,0,0.0198332946747541,0,0.0074565126560628,0,0.0074309641495347
0,0.0609259754419326,0,0.0461772568523883,0,0.0236001666635274,0,0.0766009911894798
0,0.0092994021251797,0,0.0593220442533493,0,0.0184557549655437,0,0.0525084808468818
0,0.0202135555446147,0,0.1001375764608383,0,0.0324218198657035,0,0.122000440955162
0,0.0008486761362291,0,0.0102970395237207,0,0.0181985851377248,0,0.0176877509802579
0,0.0012259690556675,0,0.1145113632082939,0,0.1288311630487442,0,0.0604894682765007
0,0.0040879338048398,0,0.0354043878614902,0,0.0999438762664794,0,0.010838040150702
0,0.0006523942574858,0,0.0434286668896675,0,0.0651511698961258,0,0.027552280575037
0,0.0046588163822889,0,0.0581343881785869,0,0.0217144805938005,0,0.0325596146285533
0,0.0020436476916074,0,0.0469232648611068,0,0.0042363819666206,0,0.0064371027983725
0,0.0178318116813898,0,0.0935732796788215,0,0.0013901984784752,0,0.0315851457417011
0,0.0141319436952471,0,0.0683699995279312,0,0.0260115750133991,0,0.0260672587901353
0,0.0190025456249713,0,0.0577035881578922,0,0.0161907523870468,0,0.0603867471218109
0,0.001075787236914,0,0.0122403455898165,0,0.003594251582399,0,0.0056762178428471
0,0.0014589367201551,0,0.0571266673505306,0,0.0095411902293562,0,0.007921420969069
0,0.0159784760326147,0,0.1306139826774597,0,0.0012163207866251,0,0.023228446021676
0,0.0024769820738583,0,0.0579439774155616,0,0.0331598035991191,0,0.0156480111181736
0,0.7833144068717957,0,0.2925629913806915,0,0.3706006407737732,0,0.2235986143350601
0,0.0057078120298683,0,0.0233775302767753,0,0.0364167839288711,0,0.0129287634044885
0,0.0255528222769498,0,0.0245111361145973,0,0.4142034947872162,0,0.1326558589935302
0,0.5076280832290649,0,0.1215440556406974,0,0.0162394810467958,0,0.1070713400840759
0,0.0015284038381651,0,0.0236699357628822,0,0.014366528019309,0,0.0194839481264352
0,0.0019223585259169,0,0.0163605734705925,0,0.1408890038728714,0,0.1160822063684463
0,0.0042114066891372,0,0.0116318808868527,0,0.1730825006961822,0,0.0871058702468872
0,0.0221920609474182,0,0.0526722520589828,0,0.0066810147836804,0,0.0568157434463501
0,0.0264809466898441,0,0.0548215396702289,0,0.0108362715691328,0,0.1060840263962745
0,0.0285883881151676,0,0.0715574696660041,0,0.0057822004891932,0,0.0973179712891578
0,0.005113789346069,0,0.0328553542494773,0,0.0007679577101953,0,0.0092606786638498
0,0.0030763479880988,0,0.0279590059071779,0,0.0007483740919269,0,0.0119581064209342
0,0.0018376783700659,0,0.0656589046120643,0,0.0154704581946134,0,0.0131446197628974
0,0.0026707479264587,0,0.0837141722440719,0,0.0053348788060247,0,0.0142056485638022
0,0.000573419034481,0,0.0228277426213026,0,0.0544410794973373,0,0.0088527668267488
0,0.0030631637200713,0,0.0845054313540458,0,0.0559232421219348,0,0.0348662324249744
0,0.0015032973606139,0,0.0770883336663246,0,0.0094866622239351,0,0.0208482518792152
0,0.0005824498948641,0,0.0290860477834939,0,0.0208887662738561,0,0.0086032478138804
0,0.000453592831036,0,0.0390508919954299,0,0.0010382659966126,0,0.0071584261022508
0,0.0010685892775654,0,0.0356074571609497,0,0.0011122629512101,0,0.0195891428738832
0,0.0008346643298864,0,0.0111252656206488,0,0.017098968848586,0,0.0077739455737173
0,0.0005266387015581,0,0.0286818798631429,0,0.000461288698716,0,0.0157956704497337
0,0.0007221089908853,0,0.0182560589164495,0,0.0183764491230249,0,0.0090223038569092
0,0.0684904083609581,0,0.3208833038806915,0,0.1908877044916153,0,0.2449475228786468
0,0.1025465577840805,0,0.059223111718893,0,0.0060769231058657,0,0.0312462337315082
0,0.0006667480338364,0,0.0450664162635803,0,0.0003577163442969,0,0.0170031767338514
0,0.0103725902736186,0,0.01595289260149,0,0.1126548573374748,0,0.1506532877683639
0,0.029390824958682,0,0.0316953547298908,0,0.1573540419340133,0,0.170081615447998
0,0.0013420729665085,0,0.038982305675745,0,0.0003418541455175,0,0.013448167592287
0,0.4418954849243164,0,0.2717117071151733,0,0.9137511253356934,0,0.2459186017513275
0,0.2824711203575134,0,0.3561266660690307,0,0.3253256976604461,0,0.0711118653416633
0,0.0494303777813911,0,0.3813498020172119,0,0.1080989465117454,0,0.0887850224971771
0,0.2777929604053497,0,0.4036659598350525,0,0.4427506923675537,0,0.1213624030351638
0,0.0177582688629627,0,0.0680538713932037,0,0.426300585269928,0,0.0663057491183281
0,0.0254038106650114,0,0.0144589766860008,0,0.1925985217094421,0,0.049939889460802
0,0.0003975593717768,0,0.0178014710545539,0,0.0096923615783452,0,0.0159636065363883
0,0.0010119192302227,0,0.0114590106531977,0,0.0132901538163423,0,0.0151590220630168
0,0.0013784683542326,0,0.0147143229842185,0,0.0212892331182956,0,0.0164163783192634
0,0.0762014463543891,0,0.0375918038189411,0,0.0309229083359241,0,0.0556650534272193
0,0.000984133570455,0,0.048747070133686,0,0.0004196548834443,0,0.0244972314685583
0,0.0276224575936794,0,0.0868381708860397,0,0.0085845803841948,0,0.0381929390132427
0,0.1981308907270431,0,0.0598552040755748,0,0.0686063393950462,0,0.0577752701938152
0,0.0271485708653926,0,0.0164701677858829,0,0.0018354710191488,0,0.0419864952564239
0,0.0023067959118634,0,0.009986512362957,0,0.0024511208757758,0,0.0217258986085653
0,0.0071131694130599,0,0.0320871546864509,0,0.016439963132143,0,0.0271575879305601
0,0.0013671251945197,0,0.0147404223680496,0,0.014449780806899,0,0.0293706264346838
0,0.005654087755829,0,0.0465159453451633,0,0.0523404814302921,0,0.0171842444688081
0,0.001239986740984,0,0.0875553637742996,0,0.0054143667221069,0,0.0106183579191565
0,0.0017982902936637,0,0.0199964921921491,0,0.0497492961585521,0,0.0253290049731731
0,0.8386618494987488,0,0.1468348354101181,0,0.6835243105888367,0,0.3940227031707763
0,0.0059753856621682,0,0.0707649588584899,0,0.0040221130475401,0,0.0170295536518096
0,0.0162292066961526,0,0.0964710265398025,0,0.0024723643437027,0,0.0565401874482631
0,0.0487414225935936,0,0.0581772066652774,0,0.1499962210655212,0,0.1107418090105056
0,0.0048688724637031,0,0.0148897785693407,0,0.2996847033500671,0,0.0414738357067108
0,0.0020096267107874,0,0.0287439282983541,0,0.0086480239406228,0,0.0281577073037624
0,0.0095159793272614,0,0.0290465392172336,0,0.010137490928173,0,0.0461687669157981
0,0.0082182623445987,0,0.0693014934659004,0,0.0050392039120197,0,0.0358804129064083
0,0.0047295405529439,0,0.03249092400074,0,0.0222723074257373,0,0.0227714236825704
0,0.0393078885972499,0,0.0749624520540237,0,0.0065624802373349,0,0.0179553516209125
0,0.0061945016495883,0,0.0290800500661134,0,0.0504482425749301,0,0.0169468652456998
0,0.0120936948806047,0,0.064993143081665,0,0.0100279990583658,0,0.0239282455295324
0,0.0080999378114938,0,0.0350229404866695,0,0.0171355679631233,0,0.0274727940559387
0,0.0727479010820388,0,0.3264550268650055,0,0.3908272981643677,0,0.1158276721835136
0,0.0164252202957868,0,0.2647156417369842,0,0.0653815045952797,0,0.1633377373218536
0,0.0004979182849638,0,0.0359681881964206,0,0.0349825546145439,0,0.0130254356190562
0,0.0029104631394147,0,0.0247949548065662,0,0.0913464799523353,0,0.0172761809080839
0,0.0004162013647146,0,0.0250636301934719,0,0.0275778081268072,0,0.0113541753962636
0,0.0026601899880915,0,0.0336728170514106,0,0.1277833133935928,0,0.0183923691511154
0,0.0006096038268879,0,0.0262092892080545,0,0.0161961987614631,0,0.0078484220430254
0,0.0257261507213115,0,0.0594686903059482,0,0.1105062365531921,0,0.0475667715072631
0,0.0016151567688211,0,0.0356421656906604,0,0.0007085449178703,0,0.0037098131142556
0,0.0019528237171471,0,0.1363603323698043,0,0.0004907372058369,0,0.0229540299624204
0,0.0036835733335465,0,0.0113821877166628,0,0.0047242753207683,0,0.0231559015810489
0,0.0036569852381944,0,0.0446794331073761,0,0.0016442787600681,0,0.0092716393992304
0,0.0022124829702079,0,0.0091204037889838,0,0.0192590970546007,0,0.0299051236361265
0,0.0164664685726165,0,0.1195699647068977,0,0.0019483865471556,0,0.0075906058773398
0,0.0009796610102057,0,0.0542071312665939,0,0.0011341527570039,0,0.0035618592519313
0,0.0057484069839119,0,0.0414001457393169,0,0.0025187211576849,0,0.0205229185521602
0,0.0010521730873733,0,0.0394320078194141,0,0.008020513691008,0,0.0294692795723676
0,0.0045871371403336,0,0.0378478616476058,0,0.0057020969688892,0,0.0311297494918108
0,0.0055654183961451,0,0.0288059469312429,0,0.0006418074481189,0,0.0032889035064727
0,0.0021230487618595,0,0.0179936233907938,0,0.0038720457814633,0,0.0292987134307622
0,0.0028744898736476,0,0.0864011719822883,0,0.0212153010070323,0,0.0245520658791065
0,0.0043852417729794,0,0.0546007007360458,0,0.0189888291060924,0,0.0241250824183225
0,0.6898999214172363,0,0.0676240995526313,0,0.0350727960467338,0,0.2254789769649505
0,0.0083940522745251,0,0.0381182953715324,0,0.0458755828440189,0,0.0418745093047618
0,0.0031911011319607,0,0.0330040529370307,0,0.1172495633363723,0,0.0441029407083988
0,0.0236967448145151,0,0.1333593875169754,0,0.3585460782051086,0,0.1832915842533111
0,0.0051238844171166,0,0.0749539360404014,0,0.0041985781863331,0,0.0380011461675167
0,0.0088673355057835,0,0.0878015533089637,0,0.0037250341847538,0,0.0444993488490581
0,0.0050365151837468,0,0.0979809165000915,0,0.0033649313263595,0,0.0416652001440525
0,0.0350366719067096,0,0.2013428956270218,0,0.0968910008668899,0,0.0788157731294632
0,0.0129869952797889,0,0.0330593548715114,0,0.0562872774899005,0,0.0722352936863899
0,0.2895146906375885,0,0.1706222891807556,0,0.6205644011497498,0,0.012502291239798
0,0.0417972989380359,0,0.1248778402805328,0,0.0600279010832309,0,0.0892219394445419
0,0.0179975964128971,0,0.01832483895123,0,0.0090055903419852,0,0.0882133617997169
0,0.1826332807540893,0,0.1438741981983184,0,0.2126262187957763,0,0.0206964593380689
0,0.3946444392204284,0,0.163937509059906,0,0.0921715572476387,0,0.0508481450378894
0,0.0126070519909262,0,0.0188439525663852,0,0.0113239670172333,0,0.0761619806289672
0,0.0140728475525975,0,0.0405409224331378,0,0.0820853561162948,0,0.0178518388420343
0,0.9151369333267212,0,0.7979068160057068,0,0.9603307247161864,0,0.8630460500717163
0,0.6302876472473145,0,0.3337447047233581,0,0.96303391456604,0,0.7665027379989624
0,0.4866718053817749,0,0.2613031268119812,0,0.9626237750053406,0,0.822668731212616
0,0.0032501874957233,0,0.0175926908850669,0,0.0011627116473391,0,0.0899271145462989
0,0.0038301032036542,0,0.0179674960672855,0,0.0007922858349047,0,0.1637481451034546
0,0.0114192860201001,0,0.0168556161224842,0,0.0295894164592027,0,0.0170794408768415
0,0.0025204506237059,0,0.0295575149357318,0,0.0023704457562416,0,0.0431755445897579
0,0.002395526971668,0,0.0282776020467281,0,0.0057327249087393,0,0.0284864455461502
0,0.0058909342624247,0,0.0245612524449825,0,0.0106440158560872,0,0.0213147923350334
0,0.0104002719745039,0,0.0190681517124176,0,0.0077673676423728,0,0.0559136569499969
0,0.0120140444487333,0,0.1831251233816146,0,0.5229769349098206,0,0.0354321226477623
0,0.0258822869509458,0,0.093552678823471,0,0.0261861160397529,0,0.2554123699665069
0,0.0045853392221033,0,0.0527003295719623,0,0.0009271570597775,0,0.048621617257595
0,0.0090289022773504,0,0.0143834790214896,0,0.0099383229389786,0,0.0229988601058721
0,0.0384199954569339,0,0.0521131046116352,0,0.3515463769435882,0,0.3556455969810486
0,0.006046072114259,0,0.0801182612776756,0,0.0136731537058949,0,0.1317129880189895
0,0.0069988397881388,0,0.0269392095506191,0,0.0013832781696692,0,0.0741850808262825
0,0.0016468265093863,0,0.0364088453352451,0,0.0007252243813127,0,0.0169877056032419
0,0.0026641450822353,0,0.0140169132500886,0,0.0172966420650482,0,0.0119531145319342
0,0.0313470400869846,0,0.2105817794799804,0,0.59320467710495,0,0.0628511607646942
0,0.0508971847593784,0,0.0205079521983861,0,0.009869435802102,0,0.062791995704174
0,0.0141351204365491,0,0.0998303070664405,0,0.1216587722301483,0,0.087698757648468
0,0.0237283743917942,0,0.0329866632819175,0,0.0033349271398037,0,0.1346302032470703
0,0.005441659130156,0,0.0606613717973232,0,0.0042915688827633,0,0.0512036643922328
0,0.0058515495620667,0,0.0155509766191244,0,0.0173133797943592,0,0.0210142116993665
0,0.0582594349980354,0,0.0227191653102636,0,0.1259516477584839,0,0.2107541263103485
0,0.0035662329755723,0,0.063215360045433,0,0.0342333577573299,0,0.121620774269104
0,0.0361423753201961,0,0.0696587711572647,0,0.0112581513822078,0,0.0683486610651016
0,0.0179705005139112,0,0.052348606288433,0,0.1632764041423797,0,0.0727129653096199
0,0.0026009341236203,0,0.0761132836341857,0,0.1332459598779678,0,0.0166686829179525
0,0.0018608478130772,0,0.0561741739511489,0,0.0534490831196308,0,0.0127832423895597
0,0.0295023713260889,0,0.1151535511016845,0,0.1524349004030227,0,0.128287598490715
0,0.0198314189910888,0,0.1321080178022384,0,0.5825209617614746,0,0.045153010636568
0,0.873589038848877,0,0.311337411403656,0,0.9357203245162964,0,0.5616381764411926
0,0.9453762769699096,0,0.6102587580680847,0,0.8628151416778564,0,0.6888160109519958
0,0.0009198507177643,0,0.0866408944129943,0,0.0276272669434547,0,0.078001320362091
0,0.0614366345107555,0,0.0901245698332786,0,0.0725655481219291,0,0.0289839040488004
0,0.0027139578014612,0,0.0151136256754398,0,0.0023787526879459,0,0.0047663701698184
0,0.0144893135875463,0,0.1399104297161102,0,0.618080198764801,0,0.1129927411675453
0,0.0007482019136659,0,0.085276111960411,0,0.053639568388462,0,0.0845976173877716
0,0.0018507747445255,0,0.0259460806846618,0,0.0015688990242779,0,0.0053546973504126
0,0.6292428374290466,0,0.1270651072263717,0,0.1097797378897667,0,0.0229911562055349
0,0.0041344841010868,0,0.1114225760102272,0,0.3485520780086517,0,0.0771967023611068
0,0.0230330098420381,0,0.0510317832231521,0,0.1316981166601181,0,0.032485295087099
0,0.0063240332528948,0,0.1992657035589218,0,0.6812419891357422,0,0.1998880803585052
0,0.0089250393211841,0,0.0246594082564115,0,0.0042626787908375,0,0.0092716217041015
0,0.0067875012755393,0,0.1511426866054535,0,0.451666384935379,0,0.1362233161926269
0,0.0005546728498302,0,0.0299710463732481,0,0.0044867401011288,0,0.0053011681884527
0,0.0022723458241671,0,0.0206777919083833,0,0.0216378457844257,0,0.0203322153538465
0,0.0013721105642616,0,0.0199866704642772,0,0.0032031366135925,0,0.0155456541106104
0,0.004703514277935,0,0.0966527536511421,0,0.0503646023571491,0,0.1230431869626045
0,0.0148040419444441,0,0.0178849697113037,0,0.0008753454312682,0,0.0336195789277553
0,0.0194562841206789,0,0.0112221995368599,0,0.0022824502084404,0,0.0141715528443455
0,0.003977614454925,0,0.0596750862896442,0,0.0065817572176456,0,0.0133245009928941
0,0.0021616225130856,0,0.0511276423931121,0,0.0092665730044245,0,0.0247969906777143
0,0.0026913287583738,0,0.0240911860018968,0,0.3486928343772888,0,0.0116660492494702
0,0.0119147757068276,0,0.1960325539112091,0,0.038827009499073,0,0.0781606957316398
0,0.0011075652437284,0,0.0602047778666019,0,0.0049250875599682,0,0.0210479646921157
0,0.0123918885365128,0,0.1199817955493927,0,0.0114476131275296,0,0.0461518988013267
0,0.0027211701963096,0,0.0279270838946104,0,0.1157745346426963,0,0.0076238540932536
0,0.0014293567510321,0,0.1146769747138023,0,0.0572496764361858,0,0.0520195998251438
0,0.0021231621503829,0,0.0369507372379303,0,0.0095228860154747,0,0.0236328281462192
0,0.0050965216942131,0,0.0737645924091339,0,0.3569472730159759,0,0.0131802698597311
0,0.0035706686321645,0,0.0099790375679731,0,0.0007989990408532,0,0.0068155317567288
0,0.0418404303491115,0,0.1361473500728607,0,0.3824367225170135,0,0.0953181087970733
0,0.0006578706088475,0,0.0750454366207122,0,0.0476339682936668,0,0.0166873335838317
0,0.0036284504458308,0,0.0188830569386482,0,0.0008011005120351,0,0.012975032441318
0,0.042119100689888,0,0.1540311425924301,0,0.3362666070461273,0,0.1160808056592941
0,0.0005689388490281,0,0.1386162340641021,0,0.0553053468465805,0,0.0164963342249393
0,0.8438680768013,0,0.2709341943264007,0,0.710771381855011,0,0.0901895090937614
0,0.0793280601501464,0,0.0598493553698062,0,0.0218870509415864,0,0.0190397407859563
0,0.0125361867249012,0,0.0338004678487777,0,0.009874427691102,0,0.0189370457082986
0,0.0075694932602345,0,0.0608245022594928,0,0.0106353079900145,0,0.0190571658313274
0,0.0044828099198639,0,0.0508461184799671,0,0.0107525922358036,0,0.0261258091777563
0,0.0019100969657301,0,0.053775317966938,0,0.0494788959622383,0,0.0228926297277212
0,0.3289408981800079,0,0.0605139061808586,0,0.2632668614387512,0,0.2350831180810928
0,0.0037363467272371,0,0.0587866194546222,0,0.0166098214685916,0,0.0152382068336009
0,0.002072260947898,0,0.0247767325490713,0,0.0091276252642273,0,0.0051335119642317
0,0.0024513585958629,0,0.0811873748898506,0,0.0050467187538743,0,0.0101362848654389
0,0.0011226652422919,0,0.0344171300530433,0,0.0191617216914892,0,0.028574988245964
0,0.0009914912516251,0,0.0297570992261171,0,0.0598759986460208,0,0.0530715435743331
0,0.0009474814287386,0,0.0325682088732719,0,0.0104455109685659,0,0.042032066732645
0,0.0056051965802907,0,0.0582927614450454,0,0.0032514065969735,0,0.0135247465223073
0,0.0003854367823805,0,0.0197102576494216,0,0.003047042293474,0,0.0064227846451103
0,0.002715224167332,0,0.0202396884560585,0,0.0513275936245918,0,0.0167684610933065
0,0.0024795390199869,0,0.0467364005744457,0,0.0433004684746265,0,0.1190160065889358
0,0.0087891807779669,0,0.0552586913108825,0,0.0542572885751724,0,0.0237482357770204
0,0.0965723544359207,0,0.1253298670053482,0,0.07626823335886,0,0.1514813154935836
0,0.0019483290379866,0,0.0534937493503093,0,0.0140714515000581,0,0.0166568681597709
0,0.0041296202689409,0,0.063105434179306,0,0.0119434725493192,0,0.0260322168469429
0,0.0516962744295597,0,0.1197764128446579,0,0.1187295690178871,0,0.1516395956277847
0,0.0274567380547523,0,0.0490253530442714,0,0.0056062308140099,0,0.2749999165534973
0,0.0437198877334594,0,0.111289769411087,0,0.1637810319662094,0,0.3510425388813019
0,0.0181348398327827,0,0.048903077840805,0,0.2163984477519989,0,0.0531888902187347
0,0.0037657162174582,0,0.0330018661916255,0,0.0026895261835306,0,0.0101212691515684
0,0.4039274156093597,0,0.0896294191479682,0,0.024652250111103,0,0.1260871142148971
0,0.0016449255635961,0,0.0458384789526462,0,0.0008926860755309,0,0.02669532969594
0,0.004531183745712,0,0.1110918745398521,0,0.003272327594459,0,0.1556008458137512
0,0.0043809320777654,0,0.0671582445502281,0,0.0003989411052316,0,0.0339286923408508
0,0.0076262787915766,0,0.118364080786705,0,0.001628374448046,0,0.2466342002153396
1,0.8803196549415588,1,0.2999838292598724,1,0.8175468444824219,1,0.2479873299598693
1,0.0701582208275795,1,0.3739193677902221,1,0.464672714471817,1,0.7968629598617554
1,0.071829505264759,1,0.324893444776535,1,0.7183843851089478,1,0.4712232053279876
1,0.9758514165878296,1,0.6895372867584229,1,0.6837602853775024,1,0.7510830163955688
1,0.979937732219696,1,0.7136369347572327,1,0.9186861515045166,1,0.5522511601448059
1,0.0031221597455441,1,0.0069619459100067,1,0.0237548965960741,1,0.0515307895839214
1,0.0028144684620201,1,0.0099090235307812,1,0.0055988351814448,1,0.0374160706996917
1,0.0483935475349426,1,0.0496734902262687,1,0.194888636469841,1,0.0792751014232635
1,0.6606920957565308,1,0.1044235303997993,1,0.5601767897605896,1,0.157761812210083
1,0.6925179958343506,1,0.2345018535852432,1,0.847277045249939,1,0.1579406559467315
1,0.9893195629119872,1,0.4142980873584747,1,0.9581834673881532,1,0.3749250173568725
1,0.2396208345890045,1,0.2476083934307098,1,0.7144942879676819,1,0.1116468906402587
1,0.7948610782623291,1,0.4125376939773559,1,0.7414515018463135,1,0.4267215430736542
1,0.2966338098049164,1,0.2162619233131408,1,0.2238552868366241,1,0.0766831114888191
1,0.979950785636902,1,0.3714073896408081,1,0.9740346074104308,1,0.7313351631164551
1,0.9995403289794922,1,0.7862715721130371,1,0.995919942855835,1,0.9541927576065063
1,0.9969134330749512,1,0.5473621487617493,1,0.8740561604499817,1,0.8453856706619263
1,0.9971454739570618,1,0.6207797527313232,1,0.9780129790306092,1,0.8760794401168823
1,0.0352268666028976,1,0.1201562285423278,1,0.0798998326063156,1,0.0544114336371421
1,0.1626891195774078,1,0.2805596888065338,1,0.7857834100723267,1,0.3693069517612457
1,0.9569814205169678,1,0.1269935369491577,1,0.4948537945747375,1,0.0323993042111396
0,0.0064206426031887,0,0.050848089158535,0,0.0095074484124779,0,0.0182814858853817
0,0.0047337980940938,0,0.0172002054750919,0,0.2461359053850174,0,0.0109571535140275
0,0.0068194158375263,0,0.0759235396981239,0,0.0063609601929783,0,0.0395812392234802
0,0.0065874001011252,0,0.0640125572681427,0,0.0052252216264605,0,0.0324960239231586
0,0.0112880142405629,0,0.0264764502644538,0,0.0048093278892338,0,0.018316188827157
0,0.0036616795696318,0,0.0507330447435379,0,0.039757777005434,0,0.0132668009027838
0,0.0025618076324462,0,0.0662530735135078,0,0.5922508835792542,0,0.024195471778512
0,0.0113493371754884,0,0.0601335763931274,0,0.488785445690155,0,0.0155090494081377
0,0.0029288278892636,0,0.0186357274651527,0,0.0057768058031797,0,0.0220985282212495
0,0.0678768530488014,0,0.2579110264778137,0,0.3267354369163513,0,0.0713555812835693
0,0.0034236423671245,0,0.0555556789040565,0,0.0060089216567575,0,0.0414278246462345
0,0.0044728936627507,0,0.0733373537659645,0,0.0143465073779225,0,0.0594023838639259
0,0.0060122408904135,0,0.0584951490163803,0,0.0426030941307544,0,0.0791704058647155
0,0.0081759914755821,0,0.0421356707811355,0,0.0122238518670201,0,0.1607959121465683
0,0.4283756613731384,0,0.4011022746562958,0,0.8494901061058044,0,0.3261041343212127
0,0.5003246665000916,0,0.498454600572586,0,0.964336633682251,0,0.5933302044868469
0,0.2055089622735977,0,0.3147945702075958,0,0.3412533104419708,0,0.4768317937850952
0,0.1617282032966613,0,0.1904147267341613,0,0.3626692593097687,0,0.0849064141511917
0,0.2047345787286758,0,0.0630511790513992,0,0.048794575035572,0,0.1987026631832122
0,0.6733872294425964,0,0.3401086330413818,0,0.4006652534008026,0,0.1002820059657096
0,0.0040196804329752,0,0.0532416515052318,0,0.224648043513298,0,0.0274342987686395
0,0.0014285912038758,0,0.0306020807474851,0,0.0039765583351254,0,0.0270665530115365
0,0.0129117676988244,0,0.122060403227806,0,0.0592898726463317,0,0.0379005707800388
0,0.9966741800308228,0,0.2875040471553802,0,0.0895838513970375,0,0.0749675631523132
0,0.0058868727646768,0,0.0656080245971679,0,0.0655064433813095,0,0.0367109701037406
0,0.0033146038185805,0,0.0592311546206474,0,0.0082292184233665,0,0.0151635780930519
0,0.0255371555685997,0,0.0298237036913633,0,0.0203809645026922,0,0.0291635524481534
0,0.0105052730068564,0,0.1000931859016418,0,0.0877183750271797,0,0.038224272429943
0,0.0049785715527832,0,0.0304176583886146,0,0.0451159477233886,0,0.0659206956624984
0,0.0164105743169784,0,0.0551084354519844,0,0.0379450283944606,0,0.0179003458470106
0,0.1834906786680221,0,0.2093684822320938,0,0.1272530853748321,0,0.0402355678379535
0,0.0020568303298205,0,0.0485963150858879,0,0.0052123516798019,0,0.016192166134715
0,0.3618703782558441,0,0.1884758323431015,0,0.4782835245132446,0,0.0544197857379913
0,0.4253509044647217,0,0.5594138503074646,0,0.4812609851360321,0,0.2986443638801574
0,0.7890164256095886,0,0.6612223386764526,0,0.5746449828147888,0,0.4334487318992615
0,0.0041756499558687,0,0.0851276740431785,0,0.002858706517145,0,0.0342622324824333
0,0.0016014185966923,0,0.0592173263430595,0,0.0034821715671569,0,0.049782458692789
0,0.0010710455244407,0,0.0370050407946109,0,0.0089168511331081,0,0.006865429226309
0,0.0011711741099134,0,0.0206482112407684,0,0.0278556793928146,0,0.0086720082908868
0,0.0011068406747654,0,0.0341573134064674,0,0.0104420566931366,0,0.0090859429910779
0,0.0009158457978628,0,0.0424352549016475,0,0.0043037785217165,0,0.0355648286640644
0,0.0027841215487569,0,0.0244265459477901,0,0.0032576681114733,0,0.0071872929111123
0,0.0021256376057863,0,0.0269810948520898,0,0.0039550769142806,0,0.0114572765305638
0,0.000662138685584,0,0.0119709018617868,0,0.0397873260080814,0,0.0052778152748942
0,0.0007168896845541,0,0.0268422942608594,0,0.0026359916664659,0,0.0210783760994672
0,0.0016201841644942,0,0.0239405259490013,0,0.0112433461472392,0,0.0155197698622941
0,0.0009738244116306,0,0.0312020629644393,0,0.0049367127940058,0,0.0054658884182572
0,0.3117983937263489,0,0.0721312686800956,0,0.5585939288139343,0,0.1711366921663284
0,0.0015655132010579,0,0.0047656437382102,0,0.0092542711645364,0,0.0193670392036438
0,0.1469852179288864,0,0.0746293887495994,0,0.6076421737670898,0,0.2292270809412002
0,0.0009271494927816,0,0.0075952452607452,0,0.0315594188868999,0,0.0104768192395567
0,0.4333678483963012,0,0.1009386926889419,0,0.7886034250259399,0,0.1598781645298004
0,0.8368228673934937,0,0.2907142639160156,0,0.1041944101452827,0,0.1743770390748977
0,0.8657227754592896,0,0.1224900558590889,0,0.0931358486413955,0,0.2765296697616577
0,0.0245619844645261,0,0.1264759004116058,0,0.1059214770793914,0,0.1127230897545814
0,0.0105301886796951,0,0.1088391095399856,0,0.13480144739151,0,0.035086415708065
0,0.0386633835732936,0,0.2405266910791397,0,0.2947629988193512,0,0.0549439005553722
0,0.1400062441825866,0,0.1737531125545501,0,0.8496869206428528,0,0.1391176432371139
0,0.001261236378923,0,0.0148925622925162,0,0.0027030881028622,0,0.0150020727887749
0,0.0053777839057147,0,0.0364333689212799,0,0.0144206434488296,0,0.0576714091002941
0,0.0406746417284011,0,0.0765524879097938,0,0.0087441932410001,0,0.0338903181254863
0,0.1568248122930526,0,0.0733956322073936,0,0.0229450054466724,0,0.026953101158142
0,0.0009901012526825,0,0.0303476117551326,0,0.004815224558115,0,0.0101547604426741
0,0.0035263593308627,0,0.0646225064992904,0,0.0052927336655557,0,0.0220747776329517
0,0.0010858750902116,0,0.0109259597957134,0,0.0689103603363037,0,0.0288127195090055
0,0.0008841351955197,0,0.0144116943702101,0,0.0294644068926572,0,0.047067318111658
0,0.9979453682899476,0,0.6175041198730469,0,0.5724496841430664,0,0.6260720491409302
0,0.0106559135019779,0,0.2365831434726715,0,0.8228429555892944,0,0.1885978132486343
0,0.0170006342232227,0,0.0418289825320243,0,0.0107662435621023,0,0.0396073423326015
0,0.0253257006406784,0,0.0386753045022487,0,0.0586325861513614,0,0.065465822815895
0,0.0050955475308001,0,0.0760501772165298,0,0.2102559208869934,0,0.1226485446095466
0,0.021894508972764,0,0.0812141820788383,0,0.1704330891370773,0,0.0969082936644554
0,0.011940186843276,0,0.094898909330368,0,0.1079895794391632,0,0.1499002873897552
0,0.4267183244228363,0,0.0190887637436389,0,0.5807670950889587,0,0.0531370379030704
0,0.3902478218078613,0,0.4949766099452972,0,0.8865438103675842,0,0.350261777639389
0,0.120552197098732,0,0.2039449512958526,0,0.3987779021263122,0,0.0860281735658645
0,0.3855170905590057,0,0.3570219874382019,0,0.3540965914726257,0,0.3147268891334533
0,0.344630479812622,0,0.2591398060321808,0,0.4427917897701263,0,0.1669413447380066
0,0.5114718675613403,0,0.393746554851532,0,0.7743707895278931,0,0.1438594758510589
0,0.0763404443860054,0,0.1441740095615387,0,0.1858919411897659,0,0.0547017455101013
0,0.0020027451682835,0,0.0568367503583431,0,0.0480036810040473,0,0.0527374669909477
0,0.0012021901784464,0,0.0620425753295421,0,0.057101521641016,0,0.0428971350193023
0,0.0031132823787629,0,0.055231999605894,0,0.0828344970941543,0,0.044682752341032
0,0.0053504295647144,0,0.0676103234291076,0,0.0103286253288388,0,0.0116091854870319
0,0.0068432814441621,0,0.1079319417476654,0,0.0078363493084907,0,0.0277937427163124
0,0.0034434520639479,0,0.0290832445025444,0,0.0075858049094676,0,0.0127396276220679
0,0.0015351336915045,0,0.0075499233789741,0,0.0029919368680566,0,0.043517492711544
0,0.0357496961951255,0,0.0763102546334266,0,0.1030942276120185,0,0.1123760491609573
0,0.1902558207511901,0,0.0377724356949329,0,0.0601064898073673,0,0.0316323414444923
0,0.0539515763521194,0,0.0360685475170612,0,0.0603454038500785,0,0.0399810411036014
0,0.0092337364330887,0,0.1165672466158866,0,0.1057962998747825,0,0.0225217156112194
0,0.03645995631814,0,0.0647376403212547,0,0.0023863909300416,0,0.038905419409275
0,0.337419182062149,0,0.0841773152351379,0,0.1304902136325836,0,0.1494375616312027
0,0.9794456362724304,0,0.4111224710941314,0,0.9137285351753236,0,0.8445260524749756
0,0.4369909167289734,0,0.3403932452201843,0,0.0189314447343349,0,0.0465491861104965
0,0.031394425779581,0,0.053241591900587,0,0.0130495186895132,0,0.1005700677633285
0,0.9537022709846495,0,0.4436769783496856,0,0.8677416443824768,0,0.7979617714881897
0,0.5737171173095703,0,0.3498501479625702,0,0.2205303609371185,0,0.1584723740816116
0,0.2294462025165558,0,0.1032522842288017,0,0.1074155494570732,0,0.1280315816402435
0,0.9789406657218932,0,0.5128927230834961,0,0.7916277647018433,0,0.8656136393547058
0,0.0511093474924564,0,0.0103295901790261,0,0.1115342304110527,0,0.0413363575935363
0,0.004365628119558,0,0.0434156581759452,0,0.0042793257161974,0,0.0185914542526006
0,0.0089726988226175,0,0.030214574187994,0,0.0158077422529459,0,0.0164336804300546
0,0.0078967465087771,0,0.0476121455430984,0,0.1160265207290649,0,0.008880759589374
0,0.0100338049232959,0,0.0856906920671463,0,0.0100211510434746,0,0.1006655842065811
0,0.0081988712772727,0,0.0430132448673248,0,0.1822244077920913,0,0.0345721505582332
0,0.0057356772013008,0,0.0206963866949081,0,0.0044241440482437,0,0.0149995097890496
0,0.0019134652102366,0,0.0430988557636737,0,0.0031911905389279,0,0.0126073667779564
0,0.037176351994276,0,0.0466161854565143,0,0.1171061024069786,0,0.1926601678133011
0,0.0006410707719624,0,0.0326386094093322,0,0.064438447356224,0,0.0089011341333389
0,0.0006172556895762,0,0.0336271785199642,0,0.036415547132492,0,0.011933303438127
0,0.0094888135790824,0,0.1058379635214805,0,0.0140481917187571,0,0.0182376969605684
0,0.005246503278613,0,0.0601915195584297,0,0.004213994834572,0,0.2718686461448669
0,0.0019070374546572,0,0.0302030611783266,0,0.0079854261130094,0,0.0147065073251724
0,0.0012837363174185,0,0.0248527564108371,0,0.0036057182587683,0,0.0059706717729568
0,0.0253101512789726,0,0.2398730814456939,0,0.31830033659935,0,0.037044733762741
0,0.013707548379898,0,0.0632416680455207,0,0.0074699497781693,0,0.4407851994037628
0,0.0006872607627883,0,0.0216804221272468,0,0.0215833932161331,0,0.0192463714629411
0,0.000411084969528,0,0.016995271667838,0,0.0287153609097003,0,0.0095650171861052
0,0.0014087603194639,0,0.0375722795724868,0,0.0246452819555997,0,0.0205317866057157
0,0.0031170230358839,0,0.0888659209012985,0,0.0026151079218834,0,0.007433165796101
0,0.005074318498373,0,0.143015518784523,0,0.0082044992595911,0,0.008504151366651
0,0.0037932137493044,0,0.0330761112272739,0,0.0266607031226158,0,0.0866478756070137
0,0.0034602105151861,0,0.0606664270162582,0,0.0117241013795137,0,0.0356235578656196
0,0.9867412447929382,0,0.32207852602005,0,0.7661863565444946,0,0.2795240581035614
0,0.9800773859024048,0,0.4909176230430603,0,0.7079963088035583,0,0.1569077521562576
0,0.0005040261894464,0,0.0082502951845526,0,0.0006622172659263,0,0.0058705597184598
0,0.0008007822325453,0,0.0131457075476646,0,0.0009925218764692,0,0.0078504206612706
0,0.0069561172276735,0,0.0284729953855276,0,0.0088799661025404,0,0.0191236305981874
0,0.0008067195885814,0,0.0202347245067358,0,0.001258282107301,0,0.005877467803657
0,0.001758579397574,0,0.0313813686370849,0,0.0025395848788321,0,0.0086926808580756
0,0.0145133761689066,0,0.0163648705929517,0,0.09404007345438,0,0.0498578399419784
0,0.0049084234051406,0,0.031606912612915,0,0.0050953566096723,0,0.0220465958118438
0,0.0004172002081759,0,0.0133352447301149,0,0.0014795715687796,0,0.0081777246668934
0,0.0007747407071292,0,0.0435532629489898,0,0.0143705792725086,0,0.0134704802185297
0,0.0036877670791,0,0.0213248059153556,0,0.0321973226964473,0,0.0322566181421279
0,0.0066464692354202,0,0.048659760504961,0,0.0215629618614912,0,0.0108401216566562
0,0.9934070110321044,0,0.5346408486366272,0,0.887852668762207,0,0.3751856684684753
0,0.0028526547830551,0,0.0217701327055692,0,0.0640665739774704,0,0.0720342472195625
0,0.0058439983986318,0,0.1531603038311004,0,0.3304848968982696,0,0.0263381339609622
0,0.0029460913501679,0,0.0229395534843206,0,0.0723595172166824,0,0.1168424189090728
0,0.0147152654826641,0,0.0607472918927669,0,0.0425780341029167,0,0.03090993873775
0,0.0027298736386001,0,0.0051270090043544,0,0.0262250769883394,0,0.0073669203557074
0,0.0101163685321807,0,0.0271270852535963,0,0.0999061986804008,0,0.0554429143667221
0,0.0016147946007549,0,0.0062283631414175,0,0.0422660000622272,0,0.0133939962834119
0,0.000999241718091,0,0.0370467789471149,0,0.007300741970539,0,0.039449818432331
0,0.0254410374909639,0,0.0801384150981903,0,0.2122655212879181,0,0.0518779903650283
0,0.0463578924536705,0,0.0662668049335479,0,0.1228682100772857,0,0.0443582981824874
0,0.0008276827284134,0,0.0401831865310668,0,0.0058636981993913,0,0.036779660731554
0,0.0085569424554705,0,0.0635123327374458,0,0.0724712833762168,0,0.0427722670137882
0,0.209684208035469,0,0.1068587228655815,0,0.0337869897484779,0,0.0271700024604797
0,0.2968384623527527,0,0.0878658890724182,0,0.0503487922251224,0,0.0212894268333911
0,0.0039636478759348,0,0.0939500108361244,0,0.0318407714366912,0,0.0773757100105285
0,0.0101531501859426,0,0.1356853544712066,0,0.0415535569190979,0,0.097029872238636
0,0.0030767619609832,0,0.0665872916579246,0,0.0513562858104705,0,0.0732812285423278
0,0.2007845491170883,0,0.1953864395618438,0,0.0389894098043441,0,0.0268084183335304
0,0.0155430510640144,0,0.0327080637216568,0,0.0777089744806289,0,0.0171338319778442
0,0.0514023154973983,0,0.0153603069484233,0,0.0009257463971152,0,0.0167212225496768
0,0.230625107884407,0,0.0948119312524795,0,0.1892618834972381,0,0.0655916258692741
0,0.5796456336975098,0,0.5142442584037781,0,0.9588329792022704,0,0.4846474826335907
0,0.006996794603765,0,0.1781689673662185,0,0.6784130334854126,0,0.0659776926040649
0,0.0257160793989896,0,0.0792710706591606,0,0.0269607491791248,0,0.087239108979702
0,0.0862686187028884,0,0.0378094725310802,0,0.0155679862946271,0,0.1022272482514381
0,0.0030811764299869,0,0.0194211956113576,0,0.0010867381934076,0,0.0047455802559852
0,0.0006778764072805,0,0.150663137435913,0,0.0084868483245372,0,0.015266889706254
0,0.0022832853719592,0,0.0229654479771852,0,0.0031770502682775,0,0.0112049849703907
0,0.113769456744194,0,0.1529713422060012,0,0.0318091735243797,0,0.1615360230207443
0,0.0031511515844613,0,0.0907287821173667,0,0.0625982210040092,0,0.0943268537521362
0,0.360648900270462,0,0.1861754655838012,0,0.0176342166960239,0,0.1055730506777763
0,0.0037246623542159,0,0.0172683950513601,0,0.0014805644750595,0,0.0101739317178726
0,0.2204863578081131,0,0.1576967090368271,0,0.2642482221126556,0,0.2068473100662231
0,0.0958902835845947,0,0.2964761555194855,0,0.5207264423370361,0,0.0714601129293441
0,0.42432901263237,0,0.2336755394935608,0,0.3529559373855591,0,0.076302632689476
0,0.6332346796989441,0,0.2944938540458679,0,0.3446360230445862,0,0.0608030185103416
0,0.0078647881746292,0,0.0538468621671199,0,0.0188465509563684,0,0.0273996833711862
0,0.0545965433120727,0,0.0652847811579704,0,0.0754724889993667,0,0.0605543442070484
0,0.0044838548637926,0,0.074089191854,0,0.000943114166148,0,0.0669693052768707
0,0.0009588439133949,0,0.0294395163655281,0,0.0005854406626895,0,0.089260533452034
0,0.0006338154780678,0,0.0257299821823835,0,0.0009857015684247,0,0.058358360081911
0,0.0004102812381461,0,0.0246835127472877,0,0.0007904194062575,0,0.0534410700201988
0,0.0354469791054725,0,0.0751121491193771,0,0.0020315952133387,0,0.1679613590240478
0,0.0023584992159157,0,0.1373932361602783,0,0.0683327540755271,0,0.1104156821966171
0,0.0027336329221725,0,0.1451005339622497,0,0.0988784283399581,0,0.0771176815032959
0,0.0031555630266666,0,0.1126352176070213,0,0.0990972071886062,0,0.0674325749278068
0,0.0215951148420572,0,0.2447828352451324,0,0.0466981492936611,0,0.1571970283985138
0,0.021813666447997,0,0.2111513614654541,0,0.614703357219696,0,0.0815459266304969
0,0.0466388091444969,0,0.2213445007801056,0,0.5277979373931885,0,0.2858504056930542
0,0.0150486137717962,0,0.1254467964172363,0,0.0701632276177406,0,0.170400470495224
0,0.0120485397055745,0,0.091182991862297,0,0.0037593389861285,0,0.0406309552490711
0,0.0386723168194294,0,0.1157611310482025,0,0.3596385419368744,0,0.5047451853752136
0,0.0009529273374937,0,0.0605752095580101,0,0.0048666088841855,0,0.0339833348989486
0,0.021698186174035,0,0.1941325366497039,0,0.3340280055999756,0,0.4376615285873413
0,0.0196130778640508,0,0.0659759417176246,0,0.0310636982321739,0,0.0249154288321733
0,0.0570630058646202,0,0.0418217964470386,0,0.0077855070121586,0,0.0093527436256408
0,0.0015609434340149,0,0.0193321891129016,0,0.0036876371596008,0,0.0059561147354543
0,0.0048942458815872,0,0.0130201457068324,0,0.0011514488141983,0,0.0061149257235229
0,0.078783318400383,0,0.0464164018630981,0,0.0043127257376909,0,0.0065745874308049
0,0.0005340953357517,0,0.0315761417150497,0,0.0779473036527633,0,0.0080037778243422
0,0.0154002690687775,0,0.0143813341856002,0,0.0013330144574865,0,0.0072249853983521
0,0.0318440273404121,0,0.0316463001072406,0,0.0156221063807606,0,0.0075580347329378
0,0.0005900613032281,0,0.0456865131855011,0,0.0513154231011867,0,0.0095052849501371
0,0.0080969883129,0,0.2362742125988006,0,0.1987226903438568,0,0.0249620862305164
0,0.1017928048968315,0,0.2921969592571258,0,0.2273226082324981,0,0.0655452609062194
0,0.0064580016769468,0,0.1470891833305359,0,0.0151831163093447,0,0.0455165281891822
0,0.0149837639182806,0,0.0280219707638025,0,0.0457835830748081,0,0.1128717809915542
0,0.0010891990968957,0,0.0150299742817878,0,0.0038885893300175,0,0.0092837754637002
0,0.0014580804854631,0,0.0159662142395973,0,0.0016513286391273,0,0.0129773346707224
0,0.001407848438248,0,0.0123091731220483,0,0.0019104223465546,0,0.0087190503254532
0,0.0090232882648706,0,0.0353068523108959,0,0.0065478170290589,0,0.0270270183682441
0,0.005503686144948,0,0.0263554621487855,0,0.006902536842972,0,0.0304031912237405
0,0.0011927526211366,0,0.0077806692570447,0,0.1236402913928031,0,0.0349607318639755
0,0.0542412288486957,0,0.0662729516625404,0,0.0052532465197145,0,0.0999116227030754
0,0.0042770588770508,0,0.067468948662281,0,0.0038582799024879,0,0.0631828904151916
0,0.0005427284049801,0,0.0259746145457029,0,0.040330946445465,0,0.0158273093402385
0,0.0004623121931217,0,0.0067510423250496,0,0.0177433546632528,0,0.0188656318932771
0,0.0818793252110481,0,0.055945947766304,0,0.015779985114932,0,0.0887162908911705
0,0.0042625153437256,0,0.0261781830340623,0,0.0059457654133439,0,0.0584433712065219
0,0.4011009633541107,0,0.0993541851639747,0,0.066670224070549,0,0.0467324033379554
0,0.0042795129120349,0,0.101573958992958,0,0.0122441072016954,0,0.0580560564994812
0,0.0066027110442519,0,0.0109999822452664,0,0.0060415575280785,0,0.0486882738769054
0,0.0045374231413006,0,0.023286310955882,0,0.0026638337876647,0,0.0082651106640696
0,0.0012675822945311,0,0.0175274405628442,0,0.0029968053568154,0,0.0223035216331481
0,0.1631724089384079,0,0.2167304158210754,0,0.1317510902881622,0,0.54192715883255
0,0.0829790234565734,0,0.1619431376457214,0,0.2031490355730056,0,0.4745678305625915
0,0.0030996717978268,0,0.0402608029544353,0,0.0001096279011107,0,0.00915302708745
0,0.0025465446524322,0,0.0292964354157447,0,0.0008127626497298,0,0.0058448323979973
0,0.0047171269543468,0,0.0262209456413984,0,0.0056242481805384,0,0.00679746363312
0,0.0012266844278201,0,0.0221386421471834,0,0.0093152215704321,0,0.0051713110879063
0,0.0019016548758372,0,0.0305994730442762,0,0.0036044181324541,0,0.0045408643782138
0,0.002510521095246,0,0.0428010374307632,0,0.0002652115945238,0,0.0106265312060713
0,0.0040737092494964,0,0.0298702456057071,0,0.0035481601953506,0,0.005218721460551
0,0.0019276730017736,0,0.0216102767735719,0,0.0058806473389267,0,0.004328794311732
0,0.0036916320677846,0,0.0278273075819015,0,0.0011457578511908,0,0.0051267608068883
0,0.0220316182821989,0,0.0235599931329488,0,0.0010961733059957,0,0.0130232535302639
0,0.0037838271819055,0,0.0238447040319442,0,0.0048506981693208,0,0.0079159066081047
0,0.0040358724072575,0,0.0444435104727745,0,0.0001636257948121,0,0.0099726086482405
0,0.0063770804554224,0,0.0343632213771343,0,0.0048498515971004,0,0.008265009149909
0,0.0052228299900889,0,0.0268940310925245,0,0.0035001307260245,0,0.0046210177242755
0,0.0424448624253273,0,0.020127659663558,0,0.0022912519052624,0,0.0150018269196152
0,0.002645659726113,0,0.0237125810235738,0,0.0081858960911631,0,0.0072175161913037
0,0.0021584352944046,0,0.0188781283795833,0,0.0040053939446806,0,0.0098614664748311
0,0.0006250308942981,0,0.0355599448084831,0,0.0004110896552447,0,0.0094268498942255
0,0.0100794853642582,0,0.1364462971687317,0,0.0177244320511817,0,0.0290936604142189
0,0.0039654346182942,0,0.0140859270468354,0,0.0020602636504918,0,0.012767563574016
0,0.0007235638331621,0,0.0064985752105712,0,0.0051083173602819,0,0.0309377089142799
0,0.0022498627658933,0,0.0151380198076367,0,0.0238984338939189,0,0.0121199358254671
0,0.0017776095774024,0,0.0104643953964114,0,0.0016154375625774,0,0.080168031156063
0,0.0020337821915745,0,0.0153893772512674,0,0.000949473993387,0,0.0241183787584304
0,0.0161560345441102,0,0.1609802544116974,0,0.0354281142354011,0,0.0636428520083427
0,0.0013523554662242,0,0.070181019604206,0,0.8362191915512085,0,0.042824413627386
0,0.0088581582531332,0,0.1424711495637893,0,0.8729377388954163,0,0.0496082715690135
0,0.0051226885989308,0,0.031604666262865,0,0.0056802937760949,0,0.0769231766462326
0,0.0018602756317704,0,0.0350509323179721,0,0.0002823259274009,0,0.022100631147623
0,0.0090749720111489,0,0.1548936814069748,0,0.032756395637989,0,0.032398484647274
0,0.0061075841076672,0,0.2491752952337265,0,0.6459751129150391,0,0.0438671633601188
0,0.0027051353827118,0,0.1662288457155227,0,0.9601022005081176,0,0.0530493557453155
0,0.0041922768577933,0,0.0085332253947854,0,0.0004154813068453,0,0.0349253602325916
0,0.0311653520911932,0,0.040408581495285,0,0.2340641468763351,0,0.018649760633707
0,0.0198826976120471,0,0.0343331098556518,0,0.1098041534423828,0,0.0130340149626135
0,0.0277653392404317,0,0.0317380130290985,0,0.0139661282300949,0,0.0231890380382537
0,0.0090794712305068,0,0.0447410829365253,0,0.0081776389852166,0,0.0360905267298221
0,0.0027918599080294,0,0.0409199446439743,0,0.0065784314647316,0,0.0106300404295325
0,0.004791650455445,0,0.0322063602507114,0,0.00779694551602,0,0.0087140081450343
0,0.0022108962293714,0,0.0300738345831632,0,0.0121500715613365,0,0.0125701911747455
0,0.2898151576519012,0,0.0263798963278532,0,0.3232838809490204,0,0.0638475269079208
0,0.0052357586100697,0,0.0502873808145523,0,0.0563503615558147,0,0.0490176528692245
1,0.0791728049516677,1,0.1963997632265091,1,0.4308845996856689,1,0.0582016967236995
1,0.2234587371349334,1,0.2827699780464172,1,0.68687504529953,1,0.0832984745502471
1,0.2392374277114868,1,0.2647126019001007,1,0.8832467794418335,1,0.5171235203742981
1,0.4826338589191437,1,0.1143766418099403,1,0.0811920166015625,1,0.2791935205459595
1,0.0671624839305877,1,0.1329599171876907,1,0.1536667793989181,1,0.1274711042642593
1,0.9408811926841736,1,0.6146701574325562,1,0.8629614114761353,1,0.4168845415115356
1,0.019173352047801,1,0.013196119107306,1,0.361001193523407,1,0.1564134210348129
1,0.0218243468552827,1,0.0230188779532909,1,0.4321645200252533,1,0.2259630709886551
1,0.0911910980939865,1,0.0692359879612922,1,0.5804752707481384,1,0.1919817179441452
1,0.9849156141281128,1,0.240126833319664,1,0.5921466946601868,1,0.5071327090263367
1,0.4303868412971496,1,0.3545263409614563,1,0.5735573768615723,1,0.4276168644428253
1,0.9539849162101746,1,0.7019103765487671,1,0.6259239912033081,1,0.4513783156871795
1,0.6432831287384033,1,0.4105608761310577,1,0.4651841521263122,1,0.1799083948135376
1,0.3865834474563598,1,0.4825059473514557,1,0.4902245104312897,1,0.2515776455402374
1,0.1142200976610183,1,0.4929872453212738,1,0.5179464817047119,1,0.1628661155700683
0,0.0204661544412374,0,0.0448678582906723,0,0.0087003847584128,0,0.0190649162977933
0,0.0400949195027351,0,0.0422242693603038,0,0.0071373060345649,0,0.0124772787094116
0,0.495039701461792,0,0.0861163660883903,0,0.6146135926246643,0,0.1821692883968353
0,0.0027240796480327,0,0.0221135262399911,0,0.0024112309329211,0,0.011741672642529
0,0.0032032215967774,0,0.022037411108613,0,0.0221067890524864,0,0.2309481352567672
0,0.3566857278347015,0,0.1697127670049667,0,0.7980709671974182,0,0.2467351406812667
0,0.0037971513811498,0,0.0111701339483261,0,0.032981090247631,0,0.0496882684528827
0,0.8531392812728882,0,0.2026847600936889,0,0.7889698147773743,0,0.2207725048065185
0,0.5154317021369934,0,0.1301963925361633,0,0.7195530533790588,0,0.2446190863847732
0,0.001814717776142,0,0.0092768175527453,0,0.0103406133130192,0,0.0673911273479461
0,0.8154655694961548,0,0.2017709910869598,0,0.5131534934043884,0,0.1587001532316208
0,0.0615970231592655,0,0.017531244084239,0,0.0899054035544395,0,0.2605298161506653
0,0.6693359613418579,0,0.6882305145263672,0,0.6011336445808411,0,0.430944949388504
0,0.0016700305277481,0,0.028518907725811,0,0.0004259714332874,0,0.0325374230742454
0,0.0035046539269387,0,0.0220020785927772,0,0.0025142759550362,0,0.0071047889068722
0,0.0027453519869595,0,0.0223630238324403,0,0.001930666854605,0,0.0068537187762558
0,0.002014034660533,0,0.0396166369318962,0,0.0236668568104505,0,0.0421741865575313
0,0.0027311253361403,0,0.0100703062489628,0,0.0601674802601337,0,0.0309218205511569
0,0.0028071883134543,0,0.0406585149466991,0,0.0157264415174722,0,0.0115768667310476
0,0.0050417361781001,0,0.0395349487662315,0,0.070546805858612,0,0.0200442150235176
0,0.007972665131092,0,0.048094879835844,0,0.1393513530492782,0,0.1438381671905517
0,0.0010132011957466,0,0.0117243723943829,0,0.0174368321895599,0,0.0047058053314685
0,0.0085377115756273,0,0.0376116372644901,0,0.0626062080264091,0,0.0173758845776319
0,0.001202835002914,0,0.0398738645017147,0,0.0177293792366981,0,0.0247099418193101
0,0.0125610856339335,0,0.089328184723854,0,0.0008537275716662,0,0.0319811701774597
0,0.0010832821717485,0,0.0284240487962961,0,0.0386986657977104,0,0.0179903917014598
0,0.0245472583919763,0,0.0211445372551679,0,0.0144995581358671,0,0.0782051682472229
0,0.0027407293673604,0,0.1371679306030273,0,0.0090931160375475,0,0.0216073393821716
0,0.0023268212098628,0,0.0764634013175964,0,0.0015067224157974,0,0.0270229559391737
0,0.0028671598993241,0,0.1308301091194152,0,0.0067953076213598,0,0.0210171900689601
0,0.0022300272248685,0,0.0853571072220802,0,0.0017373161390423,0,0.0171324592083692
0,0.0015374259091913,0,0.0825326666235923,0,0.008990092203021,0,0.0363114066421985
0,0.0101253781467676,0,0.1507860571146011,0,0.1214219629764556,0,0.0185786858201026
0,0.0025573836173862,0,0.0381270125508308,0,0.004001862835139,0,0.0190970599651336
0,0.0031770274508744,0,0.0202373955398798,0,0.0009520797757431,0,0.0230120681226253
0,0.0006839158013463,0,0.049609500914812,0,0.050979308784008,0,0.0195286367088556
0,0.0240878667682409,0,0.0381062254309654,0,0.0016625425778329,0,0.0478496253490448
0,0.1857333481311798,0,0.2172787338495254,0,0.6916009187698364,0,0.1433633714914322
0,0.5984162092208862,0,0.3558406829833984,0,0.6287543773651123,0,0.1818804591894149
0,0.0013747304910793,0,0.040752213448286,0,0.0018784934654831,0,0.0082673942670226
0,0.0013169415760785,0,0.0215330217033624,0,0.0106466570869088,0,0.0398135036230087
0,0.0038484327960759,0,0.0448062941431999,0,0.0750336274504661,0,0.0503763034939765
0,0.0012870652135461,0,0.0271660517901182,0,0.0164177566766738,0,0.0618381537497043
0,0.006269150879234,0,0.1194713860750198,0,0.0064598531462252,0,0.0237358249723911
0,0.0676007494330406,0,0.0634259283542633,0,0.0241117011755704,0,0.0835024267435073
0,0.0010632453486323,0,0.0263593234121799,0,0.0012351243058219,0,0.0180166307836771
0,0.1550175845623016,0,0.0638123452663421,0,0.0513232499361038,0,0.0652266591787338
0,0.0084020057693123,0,0.2203781008720398,0,0.5825014710426331,0,0.0835146903991699
0,0.2613090276718139,0,0.0385233685374259,0,0.0188881233334541,0,0.0809870511293411
0,0.0363454148173332,0,0.2142911106348037,0,0.6464929580688477,0,0.1225038394331932
0,0.2475934028625488,0,0.1197297573089599,0,0.2080792337656021,0,0.1360661834478378
0,0.0968659669160842,0,0.2325282245874405,0,0.0590437427163124,0,0.2975900173187256
0,0.7238267064094543,0,0.6263872385025024,0,0.92383873462677,0,0.6117479801177979
0,0.3399636149406433,0,0.2122323811054229,0,0.0269616842269897,0,0.4151656627655029
0,0.0013625841820612,0,0.0691118091344833,0,0.005637964233756,0,0.0633145868778228
0,0.0017519813263788,0,0.0412009619176387,0,0.0083272997289896,0,0.0328675359487533
0,0.0014395624166354,0,0.0712214782834053,0,0.006485478952527,0,0.071177564561367
0,0.0015010721981525,0,0.0162905231118202,0,0.004810944199562,0,0.031724065542221
0,0.8968325853347778,0,0.2483000308275222,0,0.8349655270576477,0,0.1100975275039672
0,0.3523366153240204,0,0.1903797090053558,0,0.6113482713699341,0,0.0906922817230224
0,0.7789638638496399,0,0.2985037863254547,0,0.7723562717437744,0,0.1655523777008056
0,0.0121104335412383,0,0.0335450023412704,0,0.102730706334114,0,0.0356992967426776
0,0.02989312261343,0,0.0558218583464622,0,0.0194855332374572,0,0.0327661409974098
0,0.0230168718844652,0,0.4530973434448242,0,0.3118258118629455,0,0.1351727396249771
0,0.3963150978088379,0,0.3842609226703644,0,0.8541222810745239,0,0.3490195572376251
0,0.2059281170368194,0,0.394980639219284,0,0.929027259349823,0,0.2844098210334778
0,0.1560817807912826,0,0.2869274616241455,0,0.8531449437141418,0,0.3004727661609649
0,0.0008022288675419,0,0.0164079647511243,0,0.0025377869606018,0,0.0085302488878369
0,0.0094873886555433,0,0.0274608284235,0,0.0256200022995471,0,0.0072902091778814
0,0.0012345045106485,0,0.0070642232894897,0,0.0164961032569408,0,0.0167158059775829
0,0.000632794573903,0,0.0069104516878724,0,0.0068134143948554,0,0.0167885441333055
0,0.0118624409660696,0,0.027710422873497,0,0.0034986373502761,0,0.0132035613059997
0,0.0094182239845395,0,0.0592849887907505,0,0.0047702323645353,0,0.019459331408143
0,0.0034158180933445,0,0.0118653867393732,0,0.0025727590546011,0,0.0198261812329292
0,0.0184242147952318,0,0.0762993991374969,0,0.007715780287981,0,0.0365723557770252
0,0.0375786423683166,0,0.0522791035473346,0,0.0100266207009553,0,0.0289019141346216
0,0.0029037115164101,0,0.0084080304950475,0,0.1383031755685806,0,0.0141878500580787
0,0.0021733907051384,0,0.0135173695161938,0,0.0706792995333671,0,0.019555676728487
0,0.0435530841350555,0,0.226429134607315,0,0.7123109102249146,0,0.1790207773447036
0,0.0103715769946575,0,0.2010488361120224,0,0.2556290030479431,0,0.2534676194190979
0,0.001936154672876,0,0.2046443521976471,0,0.4811283648014068,0,0.2330157458782196
0,0.0096798380836844,0,0.016150401905179,0,0.015347777865827,0,0.0230552479624748
0,0.0350642204284668,0,0.0297242477536201,0,0.1595410257577896,0,0.058414276689291
0,0.0021104749757796,0,0.0059788050130009,0,0.0064949952065944,0,0.0075115589424967
0,0.0229439735412597,0,0.0756655856966972,0,0.0269409548491239,0,0.015004863962531
0,0.0029859528876841,0,0.0866183489561081,0,0.0712936371564865,0,0.0306358952075243
0,0.009114071726799,0,0.0661693662405014,0,0.1031005308032035,0,0.0201747640967369
0,0.0046653929166495,0,0.0462969541549682,0,0.0684246867895126,0,0.0506618544459342
0,0.0061741480603814,0,0.0196849666535854,0,0.0125500597059726,0,0.0434861816465854
0,0.0012710370356217,0,0.0111653991043567,0,0.0015780427493155,0,0.0071920142509043
0,0.0011264220811426,0,0.013434711843729,0,0.0014011099701747,0,0.0063834954053163
0,0.0015395896043628,0,0.035839207470417,0,0.0005044878344051,0,0.0231869742274284
0,0.0011663440382108,0,0.0468355491757392,0,0.0016774692339822,0,0.0331698879599571
0,0.0689306482672691,0,0.1170747876167297,0,0.0052235140465199,0,0.0316028706729412
0,0.1203268319368362,0,0.1286578923463821,0,0.0177787244319915,0,0.0298575218766927
0,0.0194402206689119,0,0.1090777292847633,0,0.0163593459874391,0,0.0664508417248725
0,0.0037729179020971,0,0.0525835305452346,0,0.0047900406643748,0,0.0556517206132411
0,0.0233310908079147,0,0.0539215542376041,0,0.0046570259146392,0,0.0342953465878963
0,0.0266659930348396,0,0.047780554741621,0,0.0101452264934778,0,0.0553279444575309
0,0.0287471376359462,0,0.0604124367237091,0,0.0128804761916399,0,0.0289479754865169
0,0.2580432295799255,0,0.0328201055526733,0,0.0129511039704084,0,0.1107364073395729
0,0.4135394394397735,0,0.0438556037843227,0,0.1054211780428886,0,0.0278024915605783
0,0.0042127203196287,0,0.0265991184860467,0,0.0136372726410627,0,0.0099462503567337
0,0.6495761871337891,0,0.4323826432228088,0,0.8382152318954468,0,0.1655648499727249
0,0.0114420345053076,0,0.0232357773929834,0,0.0022224497515708,0,0.0303988792002201
0,0.1226144134998321,0,0.0448342598974704,0,0.4698362052440643,0,0.0759249106049537
0,0.005832449067384,0,0.0500319935381412,0,0.0017252203542739,0,0.0176020562648773
0,0.0049447612836956,0,0.0330565050244331,0,0.0067940261214971,0,0.0236143134534358
0,0.0211915764957666,0,0.0259623136371374,0,0.0045776544138789,0,0.0299300234764814
0,0.0544006377458572,0,0.0523126497864723,0,0.0760474801063537,0,0.0451075658202171
0,0.0013495871098712,0,0.0121420100331306,0,0.0017814807360991,0,0.0067906845360994
0,0.0049259103834629,0,0.0874569192528724,0,0.00532130850479,0,0.046267457306385
0,0.0112563362345099,0,0.0632234886288642,0,0.0278342701494693,0,0.2106098681688308
0,0.8410839438438416,0,0.2560675144195556,0,0.7210410833358765,0,0.1673828065395355
0,0.0036190140526741,0,0.0713141858577728,0,0.0029351010452955,0,0.0168861076235771
0,0.0042978143319487,0,0.057974923402071,0,0.0080016423016786,0,0.0118428152054548
0,0.2124442160129547,0,0.2702391743659973,0,0.924033522605896,0,0.5004177689552307
0,0.0021932912059128,0,0.0652559474110603,0,0.0064683454111218,0,0.0435060188174247
0,0.0456140637397766,0,0.06814656406641,0,0.0119521236047148,0,0.0510263964533805
0,0.0052131027914583,0,0.0811502262949943,0,0.0125356083735823,0,0.0192724913358688
0,0.5511506795883179,0,0.2567732036113739,0,0.9111642241477966,0,0.4021925032138824
0,0.0045414310880005,0,0.1620148718357086,0,0.505230188369751,0,0.0380012951791286
0,0.0093272728845477,0,0.1695312857627868,0,0.3359645307064056,0,0.1234967112541198
0,0.3404970169067383,0,0.2808030247688293,0,0.8170576691627502,0,0.612016499042511
0,0.0025519353803247,0,0.0498883798718452,0,0.0239826925098896,0,0.0323297381401062
0,0.0461549945175647,0,0.0968031883239746,0,0.0892056599259376,0,0.244165763258934
0,0.000263274210738,0,0.0268875788897275,0,0.0019408734515309,0,0.0072678299620747
0,0.0020620191935449,0,0.03731320053339,0,0.0198798533529043,0,0.0094312941655516
0,0.0052469936199486,0,0.0831906199455261,0,0.2969740927219391,0,0.0123395109549164
0,0.0297308154404163,0,0.0587432198226451,0,0.0149866705760359,0,0.1338507682085037
0,0.0034191941376775,0,0.0346812754869461,0,0.0570753142237663,0,0.0240400191396474
0,0.0014021204551681,0,0.0187354963272809,0,0.0146083105355501,0,0.0066397506743669
0,0.000218551926082,0,0.04702715203166,0,0.0015039930585771,0,0.0065814987756311
0,0.0034445289056748,0,0.0429320037364959,0,0.0316085144877433,0,0.0098937097936868
0,0.0338795632123947,0,0.1091407537460327,0,0.0516455471515655,0,0.1130968630313873
0,0.0012120479950681,0,0.0199832804501056,0,0.0349804610013961,0,0.0059787202626466
0,0.00130408431869,0,0.0105404937639832,0,0.0104548158124089,0,0.0077439569868147
0,0.0003470245574135,0,0.0508625991642475,0,0.0031476859003305,0,0.0096788322553038
0,0.0067002889700233,0,0.0988938808441162,0,0.310467928647995,0,0.011097464710474
0,0.01438242290169,0,0.082820251584053,0,0.0875421240925788,0,0.1381460577249527
0,0.0101103298366069,0,0.0619177147746086,0,0.001596370479092,0,0.0275851096957921
0,0.0107325399294495,0,0.1100290417671203,0,0.0088243531063199,0,0.0402415692806243
0,0.0118550192564725,0,0.1367873251438141,0,0.0075056068599224,0,0.0628993511199951
0,0.0229524988681077,0,0.0746126994490623,0,0.0370039083063602,0,0.0183482840657234
0,0.187861680984497,0,0.3354292213916778,0,0.3787199258804321,0,0.190309852361679
0,0.3465873599052429,0,0.1357231438159942,0,0.910709023475647,0,0.1211216449737548
0,0.0281908549368381,0,0.0671610385179519,0,0.018461737781763,0,0.0162316672503948
0,0.0893666520714759,0,0.1327179670333862,0,0.0139176053926348,0,0.0227720290422439
0,0.1509770154953003,0,0.156169056892395,0,0.7629380226135254,0,0.1134121045470237
0,0.0016391105018556,0,0.1217893362045288,0,0.0091598974540829,0,0.1204758360981941
0,0.0020658397115767,0,0.0476113595068454,0,0.1889572292566299,0,0.0164314303547143
0,0.0013515931786969,0,0.0226624179631471,0,0.0056185228750109,0,0.0205520968884229
0,0.0036290211137384,0,0.0630094483494758,0,0.0650236830115318,0,0.0118472082540392
0,0.0122731775045394,0,0.0443164370954036,0,0.004273940809071,0,0.0066509628668427
0,0.0084824748337268,0,0.077064074575901,0,0.0073626260273158,0,0.0088448170572519
0,0.0624686777591705,0,0.0544786117970943,0,0.0189568884670734,0,0.0378670282661914
0,0.010450598783791,0,0.0360070243477821,0,0.0033868285827338,0,0.0107988724485039
0,0.0174000822007656,0,0.3302063643932342,0,0.5561637878417969,0,0.090957373380661
0,0.0959759727120399,0,0.4343745410442352,0,0.9659792184829712,0,0.1199008077383041
0,0.0781525373458862,0,0.4508724510669708,0,0.9485073089599608,0,0.4135503768920898
0,0.914828598499298,0,0.6920550465583801,0,0.9921858310699464,0,0.4006938636302948
0,0.169520765542984,0,0.1102718114852905,0,0.0266596879810094,0,0.026660993695259
0,0.004504666198045,0,0.0175734646618366,0,0.0052876276895403,0,0.0101189613342285
0,0.0473042763769626,0,0.0951374769210815,0,0.0121844066306948,0,0.0238095838576555
0,0.0042609996162354,0,0.0272520314902067,0,0.0005252082482911,0,0.0092152673751115
0,0.0100674983114004,0,0.0164285860955715,0,0.0027185743674635,0,0.0103288693353533
0,0.0020890107844024,0,0.0925042033195495,0,0.025855466723442,0,0.0326585695147514
0,0.004475952591747,0,0.0231923721730709,0,0.0003636475885286,0,0.0199381560087203
0,0.0051594590768218,0,0.0107605271041393,0,0.0027941507287323,0,0.0088720172643661
0,0.0145826600492,0,0.5086489915847778,0,0.1603414565324783,0,0.4307279586791992
0,0.0140446973964571,0,0.0408486202359199,0,0.009429289959371,0,0.0646839588880539
0,0.0068470002152025,0,0.054910697042942,0,0.0114240888506174,0,0.0112348478287458
0,0.0005992759251967,0,0.0272147543728351,0,0.0494945272803306,0,0.0280484072864055
0,0.0304398816078901,0,0.0278692841529846,0,0.1325254291296005,0,0.0441943369805812
0,0.2938199341297149,0,0.2038863003253936,0,0.4191699624061584,0,0.3148666620254516
0,0.1353982090950012,0,0.1253699958324432,0,0.2726854681968689,0,0.2754291594028473
0,0.0055848648771643,0,0.4743446707725525,0,0.9402887225151062,0,0.2496940046548843
0,0.0020739934407174,0,0.0511538349092006,0,0.1001025214791297,0,0.0384259857237339
0,0.0088100600987672,0,0.0445135347545146,0,0.0503581725060939,0,0.0920571833848953
0,0.0017063990235328,0,0.0119321560487151,0,0.0502974353730678,0,0.0129763521254062
0,0.0095933461561799,0,0.0614449046552181,0,0.0306799169629812,0,0.0345495194196701
0,0.0024765061680227,0,0.016299907118082,0,0.0019122315570712,0,0.0122325383126735
0,0.0430988892912864,0,0.0500012263655662,0,0.0331905782222747,0,0.0174822285771369
0,0.002003361005336,0,0.0377953611314296,0,0.0208309385925531,0,0.0272746551781892
0,0.0089294975623488,0,0.0242419429123401,0,0.0361384078860282,0,0.0387097112834453
0,0.006586208473891,0,0.0279051773250103,0,0.0007785539492033,0,0.0084900707006454
0,0.0519325323402881,0,0.1779275238513946,0,0.0942912697792053,0,0.0978225246071815
0,0.0641147419810295,0,0.0673680156469345,0,0.0359991155564785,0,0.1323983520269394
0,0.06740752607584,0,0.0609411150217056,0,0.0246892720460891,0,0.1350001096725464
0,0.5577742457389832,0,0.5158794522285461,0,0.9824579358100892,0,0.6267133951187134
0,0.0933711975812912,0,0.1421514302492141,0,0.8288690447807312,0,0.1435509473085403
0,0.28545081615448,0,0.2228260934352874,0,0.4019564390182495,0,0.1432731449604034
0,0.0208212565630674,0,0.1749443858861923,0,0.1072760075330734,0,0.0216053985059261
0,0.0083090253174304,0,0.0328257828950881,0,0.109873928129673,0,0.0103686163201928
0,0.1091194450855255,0,0.0836883932352066,0,0.1358348280191421,0,0.0177294630557298
0,0.0022163728717714,0,0.0419055894017219,0,0.0197406560182571,0,0.0211594551801681
0,0.0348307639360427,0,0.3442432582378387,0,0.0242880266159772,0,0.2190344631671905
0,0.0024257930926978,0,0.0217203758656978,0,0.003981381189078,0,0.0079892491921782
0,0.020875671878457,0,0.3227594792842865,0,0.0645324811339378,0,0.0737537294626236
0,0.0030335418414324,0,0.0314043946564197,0,0.0086506605148315,0,0.0222704391926527
0,0.0008477736846543,0,0.0215919967740774,0,0.0092965560033917,0,0.0246704593300819
0,0.0015450470382347,0,0.0208483021706342,0,0.0362168177962303,0,0.0605275221168994
0,0.0089470781385898,0,0.0329171009361743,0,0.0046208687126636,0,0.0157277267426252
0,0.0042174141854047,0,0.0320788547396659,0,0.0124719394370913,0,0.0375428907573223
0,0.0040639955550432,0,0.0289876740425825,0,0.0308025944977998,0,0.0342878066003322
0,0.0040155705064535,0,0.1475097984075546,0,0.4201019704341888,0,0.0762720480561256
0,0.0009503337787464,0,0.0120475459843873,0,0.0022117621265351,0,0.0137218041345477
0,0.001407511299476,0,0.1523079723119735,0,0.3189580142498016,0,0.037781286984682
0,0.0015469783684238,0,0.0173811297863721,0,0.0037063704803586,0,0.0109420120716094
0,0.0327442847192287,0,0.0324038751423358,0,0.0093852104619145,0,0.0668086633086204
0,0.0025802229065448,0,0.0177436042577028,0,0.0213199835270643,0,0.0536740832030773
0,0.0183064900338649,0,0.1029671132564544,0,0.2373026311397552,0,0.069795124232769
0,0.0010207949671894,0,0.012965272180736,0,0.0037992841098457,0,0.0417052395641803
0,0.0279496181756258,0,0.1062619984149932,0,0.441762238740921,0,0.1046158224344253
0,0.0014225249178707,0,0.0131852710619568,0,0.002341658109799,0,0.0421112850308418
0,0.0482744202017784,0,0.1335686445236206,0,0.3607765734195709,0,0.0867927446961402
0,0.2693906724452972,0,0.2933396697044372,0,0.3855988681316376,0,0.4939541518688202
0,0.000778570654802,0,0.1685685962438583,0,0.0063457670621573,0,0.0517795830965042
0,0.0032054258044809,0,0.0338810347020626,0,0.0042182831093668,0,0.006740862969309
0,0.0024562762118875,0,0.0165019519627094,0,0.0018006971804425,0,0.0040656826458871
0,0.0171742942184209,0,0.03207952901721,0,0.0013421738985925,0,0.0155388275161385
0,0.0179262813180685,0,0.0253014676272869,0,0.0008755974122323,0,0.0686878114938736
