fold_1_labels,fold_1_predictions,fold_2_labels,fold_2_predictions,fold_3_labels,fold_3_predictions,fold_4_labels,fold_4_predictions
1,0.0077698091045022,1,0.2961291372776031,1,0.1876956820487976,1,0.085761085152626
1,0.7662138342857361,1,0.8735640048980713,1,0.9691548347473145,1,0.9691752195358276
1,0.7782536745071411,1,0.7620272636413574,1,0.7893346548080444,1,0.5868575572967529
1,0.3998399376869201,1,0.1215965896844863,1,0.3657812476158142,1,0.3902765810489654
1,0.007350483443588,1,0.185676172375679,1,0.071531556546688,1,0.033423651009798
1,0.2284971177577972,1,0.2926697134971618,1,0.7980706095695496,1,0.4387954175472259
1,0.0075607965700328,1,0.1821309626102447,1,0.15716552734375,1,0.0324941352009773
1,0.5939766764640808,1,0.7358253598213196,1,0.9712002277374268,1,0.406254380941391
1,0.2521095871925354,1,0.3058697581291199,1,0.2074908167123794,1,0.5220657587051392
1,0.7463811039924622,1,0.2096724212169647,1,0.2394573092460632,1,0.3714528083801269
1,0.0565103068947792,1,0.3021942675113678,1,0.102100946009159,1,0.1186729073524475
1,0.9971663355827332,1,0.9032273888587952,1,0.9915645122528076,1,0.9906807541847228
1,0.3040919303894043,1,0.5419538021087646,1,0.9524139761924744,1,0.8391692638397217
1,0.0054452088661491,1,0.0971424058079719,1,0.0319429077208042,1,0.0240930654108524
1,0.0154124852269887,1,0.5138005018234253,1,0.1770169287919998,1,0.3274394571781158
1,0.0254065208137035,1,0.5015223622322083,1,0.171249508857727,1,0.294583112001419
1,0.8777520656585693,1,0.3898897171020508,1,0.9976033568382264,1,0.6029388308525085
1,0.0154168708249926,1,0.316693902015686,1,0.0919364243745803,1,0.0810289680957794
1,0.9993370175361632,1,0.5544813275337219,1,0.7594685554504395,1,0.0441706478595733
1,0.9981321692466736,1,0.6980295777320862,1,0.8427155613899231,1,0.8593465685844421
1,0.9989407658576964,1,0.5715545415878296,1,0.952029824256897,1,0.9376972913742064
0,0.0001056188411894,0,0.0171254109591245,0,0.0062081194482743,0,0.0473266430199146
0,0.0001395947911078,0,0.0127579867839813,0,0.0005881006945855,0,0.0037001688033342
0,0.0002600158040877,0,0.0643173828721046,0,0.0397732965648174,0,0.0200408194214105
0,9.588208922650664e-05,0,0.0145547576248645,0,0.0006789836334064,0,0.0019036362646147
0,0.005398272536695,0,0.0780574381351471,0,0.2605000138282776,0,0.0267030224204063
0,0.0002286978269694,0,0.0201580449938774,0,0.0013726563192903,0,0.0021984765771776
0,0.0005187282804399,0,0.0963776037096977,0,0.0551697239279747,0,0.0155057059600949
0,7.35937210265547e-05,0,0.0177450813353061,0,0.0007952816085889,0,0.0037502937484532
0,0.0006110417889431,0,0.032460331916809,0,0.0035011998843401,0,0.0271844919770956
0,0.0002219392772531,0,0.0340216159820556,0,0.0006959708989597,0,0.0038654378149658
0,0.0009026620537042,0,0.0148064969107508,0,0.0011220333399251,0,0.001761021092534
0,0.0001169379611383,0,0.0081248739734292,0,0.0021580604370683,0,0.0013310600770637
0,0.0001112278187065,0,0.0293663330376148,0,0.0015655027236789,0,0.0090422527864575
0,5.960203270660713e-05,0,0.0127278473228216,0,0.0027569390367716,0,0.0051306462846696
0,0.0027870396152138,0,0.0423207841813564,0,0.1257071048021316,0,0.0064128078520298
0,0.0002750259591266,0,0.0230962987989187,0,0.0014195599360391,0,0.0087745999917387
0,0.0006302897236309,0,0.0224336795508861,0,0.0277945157140493,0,0.0014579145936295
0,0.0005947803147137,0,0.0724710598587989,0,0.0814833641052246,0,0.1589907258749008
0,0.0012298673391342,0,0.0467024371027946,0,0.0675878897309303,0,0.0051241079345345
0,0.0066176527179777,0,0.0339277051389217,0,0.0087894639000296,0,0.0035233332309871
0,0.0024813029449433,0,0.2045483142137527,0,0.0788700580596923,0,0.0318363830447196
0,0.0024609575048089,0,0.232569471001625,0,0.0065476344898343,0,0.0139423832297325
0,0.000124579804833,0,0.0203038733452558,0,0.0054605277255177,0,0.0042681489139795
0,0.0202708728611469,0,0.0698195397853851,0,0.0314662791788578,0,0.0063940193504095
0,0.0070591340772807,0,0.869872510433197,0,0.1655569672584533,0,0.6836815476417542
0,0.0028499825857579,0,0.3279890120029449,0,0.0652829259634018,0,0.2268631309270858
0,0.0003454923862591,0,0.1381242871284485,0,0.1345951855182647,0,0.0901738852262497
0,0.1770498007535934,0,0.1997335106134414,0,0.0163023099303245,0,0.2790943086147308
0,0.0018057697452604,0,0.856332540512085,0,0.2081265896558761,0,0.6445918679237366
0,0.0247259587049484,0,0.3278807699680328,0,0.1247094199061393,0,0.2437400966882705
0,0.0075953309424221,0,0.3162743151187897,0,0.2593256533145904,0,0.1837885826826095
0,0.0026808658149093,0,0.0565812289714813,0,0.0091012651100754,0,0.1111759766936302
0,0.0015855053206905,0,0.8607584238052368,0,0.3872005343437195,0,0.7123311161994934
0,0.1071639508008956,0,0.5863073468208313,0,0.2522955238819122,0,0.1737030744552612
0,0.0003412201767787,0,0.2580094337463379,0,0.203212171792984,0,0.0932021215558052
0,0.0103524290025234,0,0.0763040333986282,0,0.0213839840143919,0,0.1142536327242851
0,0.0009733889019116,0,0.089297778904438,0,0.001706191105768,0,0.0079088695347309
0,0.0015548252267763,0,0.0314357914030551,0,0.0020536165684461,0,0.0010288712801411
0,0.5242904424667358,0,0.3455721735954284,0,0.8865824341773987,0,0.3944728970527649
0,0.019246207550168,0,0.3598003089427948,0,0.7533968687057495,0,0.0263047348707914
0,0.0080530308187007,0,0.1300756633281707,0,0.0087705571204423,0,0.0152135407552123
0,0.0041255820542573,0,0.1697466075420379,0,0.0080454433336853,0,0.0086727049201726
0,0.0021072167437523,0,0.0335367172956466,0,0.0055699804797768,0,0.0021614979486912
0,0.0034210500307381,0,0.1293330788612365,0,0.003651900216937,0,0.0071436343714594
0,0.0007873905124142,0,0.1067245528101921,0,0.2409596741199493,0,0.0862513333559036
0,0.0002221111935796,0,0.0306037124246358,0,0.0092536201700568,0,0.0096771959215402
0,0.0001955318439286,0,0.0229984298348426,0,0.0004182612756267,0,0.0533598214387893
0,0.0116635588929057,0,0.0226908773183822,0,0.0837512165307998,0,0.0103043857961893
0,0.2886405289173126,0,0.1576184183359146,0,0.2119184732437133,0,0.1123401299118995
0,0.7487075924873352,0,0.4571362733840942,0,0.5117436647415161,0,0.1484876126050949
0,0.000132268294692,0,0.0427281633019447,0,0.0132279926910996,0,0.0601213984191417
0,0.0122032044455409,0,0.645707368850708,0,0.5502471923828125,0,0.0916918665170669
0,0.0010563053656369,0,0.0212903022766113,0,0.0046705235727131,0,0.0014834715984761
0,1.2525910278782248e-05,0,0.0034489284735172,0,0.0003492526011541,0,0.0017028084257617
0,0.0001410706026945,0,0.0835934057831764,0,0.0595025718212127,0,0.0024931356310844
0,0.0009179565240629,0,0.0256308298557996,0,0.0030259194318205,0,0.001366926706396
0,8.18751777842408e-06,0,0.0090264920145273,0,0.000289870542474,0,0.0012179346522316
0,6.562664930243045e-05,0,0.0650264844298362,0,0.0148171624168753,0,0.0032891270238906
0,0.0003261126112192,0,0.0169200673699378,0,0.0023425908293575,0,0.0013491418212652
0,6.857515018054983e-06,0,0.0045350487343966,0,0.0002163255267078,0,0.0009344125865027
0,0.0001456908939871,0,0.0244125593453645,0,0.0418341234326362,0,0.0023498958908021
0,3.1967691029421985e-05,0,0.0243466310203075,0,0.0089920377358794,0,0.107852891087532
0,0.0001459237828385,0,0.051919586956501,0,0.0121593754738569,0,0.0014888239093124
0,0.0002295690792379,0,0.0126144913956522,0,0.0020042269024997,0,0.0046478728763759
0,4.176897709839977e-05,0,0.0223959274590015,0,0.0023643979802727,0,0.000254545622738
0,4.496772453421727e-05,0,0.0242483504116535,0,0.0008053595665842,0,0.0006041914457455
0,7.415185973513871e-05,0,0.017496470361948,0,0.0004349423397798,0,0.0017598203849047
0,2.6675577828427777e-05,0,0.0268142335116863,0,0.0004413536807987,0,0.0014958418905735
0,0.003153208643198,0,0.0988543927669525,0,0.0407245606184005,0,0.0447513237595558
0,0.0007928269333206,0,0.0578199885785579,0,0.0560689158737659,0,0.0604663230478763
0,0.0004706269537564,0,0.3660585284233093,0,0.2450309693813324,0,0.1063849925994873
0,0.0006303900736384,0,0.0836433768272399,0,0.0244614984840154,0,0.0472314804792404
0,0.0017039751401171,0,0.1079329475760459,0,0.0192481838166713,0,0.0170564576983451
0,5.369550490286201e-05,0,0.0127639817073941,0,0.0004531774902716,0,0.0004514468309935
0,0.0015019107377156,0,0.0658225864171981,0,0.0010858171153813,0,0.0177437104284763
0,0.0002154693793272,0,0.0420491807162761,0,0.0074928514659404,0,0.0018679214408621
0,0.0004934972967021,0,0.0633946731686592,0,0.4033840894699096,0,0.1180228516459465
0,0.0005078991525806,0,0.0743375271558761,0,0.0114994840696454,0,0.051804956048727
0,0.0001120369197451,0,0.0324476175010204,0,0.0044329571537673,0,0.0119883585721254
0,0.0001642535789869,0,0.041086595505476,0,0.018010351806879,0,0.013812449760735
0,0.0494006425142288,0,0.0435844026505947,0,0.0015374537324532,0,0.0208385922014713
0,7.778842700645328e-05,0,0.0493805259466171,0,0.0052975714206695,0,0.0131744425743818
0,0.002335792640224,0,0.0453821942210197,0,0.0010370831005275,0,0.0218054875731468
0,0.0002927871537394,0,0.0016153629403561,0,0.0001812164991861,0,0.0117920823395252
0,5.43932183063589e-05,0,0.0396077223122119,0,0.0045997197739779,0,0.0124400770291686
0,0.0024353307671844,0,0.0203694384545087,0,0.006996274460107,0,0.0192058868706226
0,0.0174086429178714,0,0.0538240633904933,0,0.0030008431058377,0,0.0244733467698097
0,0.0001073270541382,0,0.0741026625037193,0,0.0080160573124885,0,0.002846073359251
0,0.00082290841965,0,0.0599609017372131,0,0.0036594986449927,0,0.032577134668827
0,0.0233821365982294,0,0.3016246557235718,0,0.1964879482984542,0,0.0155202513560652
0,0.0685949102044105,0,0.6387426257133484,0,0.3763354122638702,0,0.3046793639659881
0,0.0003404488088563,0,0.0997347235679626,0,0.0188021436333656,0,0.0374692156910896
0,0.0252576526254415,0,0.0945168361067771,0,0.0094808619469404,0,0.0080978535115718
0,0.0010788615327328,0,0.0898112207651138,0,0.0057082045823335,0,0.002540202345699
0,9.792173659661783e-05,0,0.0112693877890706,0,0.0004059261700604,0,0.0008347576949745
0,0.1073056906461715,0,0.1250247508287429,0,0.0943492650985717,0,0.2705136239528656
0,0.0037317185197025,0,0.0957807302474975,0,0.0387396477162838,0,0.0320095308125019
0,0.0174076166003942,0,0.14851675927639,0,0.1254247426986694,0,0.0665182247757911
0,0.0385403856635093,0,0.1395245790481567,0,0.4200352430343628,0,0.5679079294204712
0,0.0030657476745545,0,0.0714896246790885,0,0.0473994836211204,0,0.0727174207568168
0,9.534897253615782e-05,0,0.0713265016674995,0,0.0012170624686405,0,0.0055459444411098
0,5.960982525721192e-05,0,0.0312492959201335,0,0.0070066447369754,0,0.0105075081810355
0,7.908862608019263e-05,0,0.0283014178276062,0,0.0041438853368163,0,0.0089241610839962
0,0.0008128696354106,0,0.0430558770895004,0,0.0485671423375606,0,0.0101096853613853
0,6.502500036731362e-05,0,0.0336977019906044,0,0.0639900341629982,0,0.0589549094438552
0,0.0040773320943117,0,0.0193192847073078,0,0.031167808920145,0,0.0086412280797958
0,0.0260755997151136,0,0.2902248203754425,0,0.0802417322993278,0,0.4745907485485077
0,0.0017172259977087,0,0.0380465127527713,0,0.0253710690885782,0,0.1621132344007492
0,0.0008395299082621,0,0.0137009555473923,0,0.0018064882606267,0,0.0044255973771214
0,0.001040776958689,0,0.0306243207305669,0,0.0002879341773223,0,0.003206324763596
0,0.0007156718638725,0,0.0274157878011465,0,0.0002022840926656,0,0.0054304138757288
0,2.010948992392514e-05,0,0.0474086850881576,0,0.0020739526953548,0,0.0025377387646585
0,0.0006983341882005,0,0.0249711778014898,0,0.0001491954171797,0,0.0026925348211079
0,1.8033391825156286e-05,0,0.0407776571810245,0,0.0023328308016061,0,0.0011575123062357
0,0.0009224016102962,0,0.2495862543582916,0,0.0087244026362895,0,0.0240861140191555
0,0.0001926882832776,0,0.0597653575241565,0,0.0566399022936821,0,0.0098172407597303
0,5.705408693756908e-05,0,0.0470436178147792,0,0.0002378612989559,0,0.0082398215308785
0,0.0002404172118986,0,0.003113420214504,0,0.0003204586391802,0,0.001261071069166
0,0.0001587100414326,0,0.0403341017663478,0,0.0008464814163744,0,0.0093524167314171
0,0.0003054878325201,0,0.127527579665184,0,0.0108582619577646,0,0.0203835777938365
0,0.000299975334201,0,0.0026075667701661,0,0.0007390097016468,0,0.0011191356461495
0,0.0001593973720446,0,0.0158466175198555,0,0.0001272680674446,0,0.0014202259480953
0,0.0016365780029445,0,0.3971467316150665,0,0.3546142578125,0,0.3808671534061432
0,0.000229321871302,0,0.0478305742144584,0,0.0021641550119966,0,0.0108565976843237
0,8.481791883241385e-05,0,0.0214907713234424,0,0.0594936870038509,0,0.0051654712297022
0,0.0009525289060547,0,0.0116492267698049,0,0.0020421028602868,0,0.0059744059108197
0,0.0001137131766881,0,0.0054302411153912,0,0.0007239386322908,0,0.0019020729232579
0,0.0002340110659133,0,0.0148743633180856,0,0.0039906916208565,0,0.0025490301195532
0,0.000124059151858,0,0.0425600707530975,0,0.0010367725044488,0,0.0153169883415102
0,0.0001098071152227,0,0.0409749634563922,0,0.0833560824394226,0,0.0078238872811198
0,0.0006482463213615,0,0.0168217457830905,0,0.001934049418196,0,0.0052714752964675
0,0.0039618108421564,0,0.5250461101531982,0,0.8472316861152649,0,0.1134391352534294
0,0.0788784772157669,0,0.5621188879013062,0,0.3433805406093597,0,0.163502499461174
0,0.0024012213107198,0,0.2803820967674255,0,0.12236999720335,0,0.1259042620658874
0,0.1973178535699844,0,0.0616250522434711,0,0.020593699067831,0,0.0317793264985084
0,0.0021347366273403,0,0.2521344423294067,0,0.2132610082626342,0,0.1951941549777984
0,0.033912293612957,0,0.1683032512664795,0,0.0082100424915552,0,0.2066942006349563
0,0.0345307476818561,0,0.2874922156333923,0,0.3712272047996521,0,0.0599091537296772
0,0.0173433981835842,0,0.0453689433634281,0,0.1120784357190132,0,0.0664887651801109
0,0.0048369118012487,0,0.1568750143051147,0,0.5279401540756226,0,0.0585330426692962
0,0.0003608892147894,0,0.0622255094349384,0,0.0015717196511104,0,0.0112304147332906
0,0.0007382065523415,0,0.1128435879945755,0,0.0279606003314256,0,0.0297828000038862
0,0.3911587595939636,0,0.0158356390893459,0,0.0447203628718853,0,0.0145564815029501
0,0.0003218686324544,0,0.1007072925567627,0,0.0010134961921721,0,0.0342087522149086
0,0.0021147502120584,0,0.2077959477901458,0,0.0719476342201232,0,0.1173895448446273
0,0.0078785773366689,0,0.0534702837467193,0,0.0344571322202682,0,0.0057500419206917
0,0.0007061087526381,0,0.111568845808506,0,0.8228548765182495,0,0.0914011225104332
0,3.909816587110981e-05,0,0.0266418531537055,0,0.000591168354731,0,0.0012243995442986
0,0.0001971226010937,0,0.0247947666794061,0,0.0115906465798616,0,0.0673750415444374
0,0.0001614378561498,0,0.018984992057085,0,0.0013957880437374,0,0.0024989231023937
0,4.34127105108928e-05,0,0.0307677797973155,0,0.0007683541043661,0,0.0032845186069607
0,0.8415871858596802,0,0.6116183996200562,0,0.2283690273761749,0,0.9308263659477234
0,0.9775041341781616,0,0.6124372482299805,0,0.2237284332513809,0,0.794487476348877
0,0.6384567618370056,0,0.5572478175163269,0,0.2539785206317901,0,0.8830362558364868
0,3.147281313431449e-05,0,0.0433695949614048,0,0.0029343741480261,0,0.0045855022035539
0,9.082759061129764e-05,0,0.0366531647741794,0,0.0020153468940407,0,0.0064318678341805
0,2.6699195586843416e-05,0,0.035849243402481,0,0.0015457202680408,0,0.004323876928538
0,0.7507665753364563,0,0.4017032384872436,0,0.1650613695383072,0,0.6165556907653809
0,9.713874896988273e-05,0,0.0682205185294151,0,0.000898785481695,0,0.0015223838854581
0,0.001207681489177,0,0.1177903041243553,0,0.3424062430858612,0,0.0745690241456031
0,0.0001348603836959,0,0.008462494239211,0,0.0011254557175561,0,0.0046886284835636
0,9.524037886876612e-05,0,0.0436473973095417,0,0.0006826817407272,0,0.0008406453416682
0,0.0007686800672672,0,0.1019009053707122,0,0.0051014153286814,0,0.0567224957048893
0,5.952705396339297e-05,0,0.0034509922843426,0,0.0004914531600661,0,0.0009480168228037
0,5.908107777941041e-05,0,0.0443724319338798,0,0.0003247397253289,0,0.0190050583332777
0,3.509573798510246e-05,0,0.0638657063245773,0,0.0399661287665367,0,0.0261335037648677
0,3.773351272684522e-05,0,0.0026089996099472,0,0.0001206627566716,0,0.0011131156934425
0,0.0009113902342505,0,0.1111015751957893,0,0.0003135674051009,0,0.0111993392929434
0,0.0004627124872058,0,0.26551154255867,0,0.1758588552474975,0,0.0121823819354176
0,0.0051498520188033,0,0.0754275843501091,0,0.0012353819329291,0,0.0168223995715379
0,0.0251415576785802,0,0.4781640470027923,0,0.2351482212543487,0,0.0229121875017881
0,0.000107097934233,0,0.0639261603355407,0,0.0024260184727609,0,0.0167596414685249
0,0.0009289422887377,0,0.398589015007019,0,0.2827695906162262,0,0.0511809214949607
0,0.0081876888871192,0,0.1559379249811172,0,0.0860596448183059,0,0.1472212970256805
0,0.0002894791832659,0,0.0372394435107708,0,0.0050145266577601,0,0.012666649185121
0,0.0010750719811767,0,0.3302090167999267,0,0.0603628866374492,0,0.0283164549618959
0,0.0107681835070252,0,0.3847803473472595,0,0.1985933631658554,0,0.0358950830996036
0,0.0023136408999562,0,0.2354853749275207,0,0.0032980304677039,0,0.0748055130243301
0,0.0003513224073685,0,0.0174957811832427,0,0.0247970931231975,0,0.01269784104079
0,0.0823523551225662,0,0.4812333881855011,0,0.3608292937278747,0,0.4793716669082641
0,0.0001210446644108,0,0.2410051971673965,0,0.0719446167349815,0,0.0784367695450782
0,0.0035864398814737,0,0.2727987468242645,0,0.4338757693767547,0,0.0585043020546436
0,0.0161779299378395,0,0.3845713138580322,0,0.2629465758800506,0,0.1332237273454666
0,0.0016531281871721,0,0.0195359922945499,0,0.0375505685806274,0,0.2438737750053405
0,0.0002657940494827,0,0.095520831644535,0,0.1375400424003601,0,0.0234608016908168
0,0.0014258564915508,0,0.0237746611237525,0,0.0008706581429578,0,0.0071516544558107
0,0.0001743141474435,0,0.0387398079037666,0,7.961635128594935e-05,0,0.0010796942515298
0,0.0005496371304616,0,0.0540734827518463,0,0.0011562972795218,0,0.013005644083023
0,0.0003948087396565,0,0.0228927042335271,0,0.0007603510166518,0,0.0074797943234443
0,0.0001514617615612,0,0.0170355252921581,0,0.0002776336041279,0,0.0174358338117599
0,0.0007069628336466,0,0.0921268239617347,0,0.0443514585494995,0,0.0111994380131363
0,0.0001698276901151,0,0.0253329239785671,0,0.0002257038868265,0,0.0025513905566185
0,0.0001217936369357,0,0.0257382988929748,0,0.0010272788349539,0,0.0021013622172176
0,9.567275264998898e-05,0,0.0099259912967681,0,6.34589814580977e-05,0,0.0022927718237042
0,0.0003307768492959,0,0.0235128737986087,0,0.0003808900946751,0,0.0019056629389524
0,3.322151314932853e-05,0,0.0073042879812419,0,5.49450414837338e-05,0,0.0061572128906846
0,0.0026703111361712,0,0.041452057659626,0,0.0092383045703172,0,0.334728479385376
0,0.5895867347717285,0,0.5278754234313965,0,0.3766492903232574,0,0.1786713451147079
0,0.0435873121023178,0,0.803735613822937,0,0.5119211077690125,0,0.1370062679052353
0,0.5329025983810425,0,0.6516845226287842,0,0.4636058211326599,0,0.2234994322061538
0,0.0001650992926442,0,0.016176450997591,0,0.0002953091170638,0,0.0070882081054151
0,0.0001792336115613,0,0.0186664666980505,0,0.0006175440503284,0,0.0336311683058738
0,0.0002330816350877,0,0.0220293458551168,0,0.000295049365377,0,0.0074927238747477
0,0.0007080905488692,0,0.2098721861839294,0,0.1753917187452316,0,0.0650681927800178
0,7.106905832188204e-05,0,0.0142300091683864,0,0.0004622767155524,0,0.0040051713585853
0,8.651366806589067e-05,0,0.0065732104703783,0,0.0002559707791078,0,0.0009692268213257
0,0.9870042204856871,0,0.872843861579895,0,0.9857127666473388,0,0.9812102913856506
0,0.0609666779637336,0,0.2185307294130325,0,0.3278079330921173,0,0.5329061150550842
0,0.0003796722157858,0,0.0085068410262465,0,0.0001074872343451,0,0.0069230417720973
0,5.886580038350076e-05,0,0.0267882086336612,0,5.101567876408808e-05,0,0.0007606768049299
0,0.0216292385011911,0,0.1243910491466522,0,0.0010907665127888,0,0.2884234189987182
0,3.0945731850806624e-05,0,0.0155126173049211,0,0.000243607442826,0,0.0017364679370075
0,0.0004979647928848,0,0.0192123334854841,0,0.0037066082004457,0,0.0036276786122471
0,5.462437457026681e-06,0,0.0259095560759305,0,0.0003585925151128,0,0.0036352768074721
0,5.137695916346274e-05,0,0.022415978834033,0,0.000523758935742,0,0.0011440102243795
0,2.0109891920583323e-05,0,0.0128084141761064,0,9.498623694526032e-05,0,0.0005382407689467
0,6.634632882196456e-05,0,0.0254818685352802,0,0.0007828000234439,0,0.0027055302634835
0,0.0002757766633294,0,0.0158680267632007,0,0.0009607030078768,0,0.0040448163636028
0,2.06585209525656e-05,0,0.0149448113515973,0,0.0001491917064413,0,0.0014576772227883
0,0.0154603300616145,0,0.2671953439712524,0,0.101679541170597,0,0.0351417921483516
0,0.0005142851150594,0,0.0981511548161506,0,0.0029101367108523,0,0.0159811973571777
0,3.335674773552455e-05,0,0.0051681674085557,0,0.0021943289320915,0,0.0004013385332655
0,0.000228964650887,0,0.0568716302514076,0,0.0053979167714715,0,0.0111311627551913
0,0.00048358325148,0,0.0657453685998916,0,0.014058775268495,0,0.0269102565944194
0,0.0004177757073193,0,0.0555205382406711,0,0.0254423376172781,0,0.0052036750130355
1,0.0343453623354435,1,0.6692292094230652,1,0.454115480184555,1,0.9138058423995972
1,0.0097256833687424,1,0.1810847669839859,1,0.5214073061943054,1,0.3615986108779907
1,0.0007976415217854,1,0.0837798118591308,1,0.0581041537225246,1,0.0205486994236707
1,0.0003876967239193,1,0.0347200855612754,1,0.3387373089790344,1,0.0478878542780876
1,5.824059553560801e-05,1,0.0452472530305385,1,0.033179685473442,1,0.0099542830139398
1,0.9983577132225036,1,0.905650556087494,1,0.7998031973838806,1,0.9786083102226256
1,0.9535797834396362,1,0.4049065709114074,1,0.995257556438446,1,0.9782943725585938
1,0.0015528314979746,1,0.0305937770754098,1,0.0270751845091581,1,0.0146360397338867
1,0.002149095525965,1,0.0568619444966316,1,0.0169692747294902,1,0.051898818463087
1,0.0017506568692624,1,0.3033086955547333,1,0.4547971487045288,1,0.2470546960830688
1,0.0008211103267967,1,0.0276191607117652,1,0.0004530686419457,1,0.0279034078121185
1,0.9980021119117736,1,0.7244055271148682,1,0.9204738736152648,1,0.4226348102092743
1,0.8025645613670349,1,0.4322877526283264,1,0.9591275453567504,1,0.8411015868186951
1,0.0353439413011074,1,0.5280335545539856,1,0.8954642415046692,1,0.5215755105018616
1,0.9752918481826782,1,0.810836672782898,1,0.9585412740707396,1,0.929541289806366
1,0.0002752156287897,1,0.0177001897245645,1,0.0002179742150474,1,0.0150256408378481
1,0.0025770722422748,1,0.1700232028961181,1,0.0522264316678047,1,0.1197520494461059
1,0.0044721611775457,1,0.0325290039181709,1,0.0879387035965919,1,0.0915480777621269
1,0.7618843913078308,1,0.5037710666656494,1,0.8821792602539062,1,0.5788966417312622
1,0.0776748359203338,1,0.6866223216056824,1,0.330981969833374,1,0.3465606272220611
1,0.8449271321296692,1,0.7838847637176514,1,0.427950382232666,1,0.5867876410484314
1,0.0019438816234469,1,0.7895320057868958,1,0.5796821117401123,1,0.326394110918045
1,0.4612465500831604,1,0.7359014749526978,1,0.8491914868354797,1,0.8575698733329773
1,0.9874885082244872,1,0.5764421820640564,1,0.7883355617523193,1,0.815453052520752
1,0.9281595945358276,1,0.4567349553108215,1,0.8229949474334717,1,0.817301869392395
1,0.1156298220157623,1,0.4275379776954651,1,0.8740577697753906,1,0.8534243106842041
0,0.0879953131079673,0,0.13303242623806,0,0.2153038382530212,0,0.6238012313842773
0,0.1037354841828346,0,0.0847249925136566,0,0.2513913512229919,0,0.6025055050849915
0,0.0006899369182065,0,0.0350439921021461,0,0.0523898154497146,0,0.0624093078076839
0,8.815905312076211e-05,0,0.0776930972933769,0,0.0100845247507095,0,0.0050578475929796
0,0.0004514732863754,0,0.0703934282064437,0,0.0026365972589701,0,0.0428528226912021
0,0.0110640600323677,0,0.3631421625614166,0,0.0654850602149963,0,0.2186653912067413
0,0.000411264685681,0,0.0502421855926513,0,0.0394671596586704,0,0.0227935202419757
0,1.6259633412119e-05,0,0.0212724450975656,0,0.0004483089724089,0,0.0019720119889825
0,0.0008495009387843,0,0.0986142233014106,0,0.0131969582289457,0,0.0316442474722862
0,0.0004248092300258,0,0.0215826593339443,0,0.0040289401076734,0,0.0041056280024349
0,3.120557084912434e-05,0,0.081980213522911,0,0.0461161509156227,0,0.0276042092591524
0,0.0004827673546969,0,0.0479190051555633,0,0.0233260709792375,0,0.0008956174133345
0,9.378219692735e-05,0,0.0964587777853012,0,0.0028558031190186,0,0.0006965472130104
0,0.0119857089594006,0,0.2680147886276245,0,0.609005868434906,0,0.8007141351699829
0,0.0001106161362258,0,0.0044481810182332,0,0.0001867474638856,0,0.0016863789642229
0,0.0001026666141115,0,0.0135671384632587,0,0.0065039955079555,0,0.0053030089475214
0,0.0173555351793766,0,0.0983357205986976,0,0.0221461914479732,0,0.0930979177355766
0,0.0003653111052699,0,0.09405467659235,0,0.0362379774451255,0,0.0004012956633232
0,0.001237639109604,0,0.0529037602245807,0,0.0036829328164458,0,0.0049573672004044
0,0.0003572680288925,0,0.3321500122547149,0,0.4071935713291168,0,0.2937410473823547
0,0.0010491542052477,0,0.030567156150937,0,0.0022393558174371,0,0.004179754294455
0,0.0954717546701431,0,0.1526335477828979,0,0.0249568223953247,0,0.2026389241218567
0,0.0121786287054419,0,0.1778948605060577,0,0.0210861954838037,0,0.1191803067922592
0,0.0001182751657324,0,0.0520424470305442,0,0.001600353163667,0,0.0015279562212526
0,0.0001761045568855,0,0.0456470884382724,0,0.0012968791415914,0,0.0021552366670221
0,0.0005372430896386,0,0.0158594436943531,0,0.0332596860826015,0,0.0219201538711786
0,0.0001695008977549,0,0.0597238540649414,0,0.0025766605976969,0,0.0019108615815639
0,0.0003630467981565,0,0.0498355254530906,0,0.0009930056985467,0,0.0032059540972113
0,0.0001664444134803,0,0.0410620011389255,0,0.0003930933889932,0,0.0010355444392189
0,0.000200113034225,0,0.0180782601237297,0,0.0016896767774596,0,0.0017538078827783
0,0.001310771680437,0,0.4854868054389953,0,0.78286212682724,0,0.1010741740465164
0,0.0243814904242753,0,0.5973085761070251,0,0.7159310579299927,0,0.1791354566812515
0,0.8330209255218506,0,0.2305318862199783,0,0.401998370885849,0,0.1831752955913543
0,0.0537053234875202,0,0.1453523337841034,0,0.3583775460720062,0,0.1013778075575828
0,0.0080077610909938,0,0.1090813502669334,0,0.4276095032691955,0,0.1768270283937454
0,0.0010573962936177,0,0.0416323654353618,0,0.199422612786293,0,0.0644866153597831
0,0.0007795743877068,0,0.0198609288781881,0,0.1640437096357345,0,0.0025706065353006
0,0.0480086617171764,0,0.0531082898378372,0,0.0036099280696362,0,0.0017179413698613
0,0.0010272909421473,0,0.055664163082838,0,0.0007781438180245,0,0.0273073632270097
0,0.1024497523903846,0,0.0380939319729805,0,0.0027111275121569,0,0.0023398473858833
0,0.0009125780779868,0,0.0875976905226707,0,0.0273703765124082,0,0.0321565046906471
0,0.0629032701253891,0,0.0515943430364131,0,0.0029440820217132,0,0.0052817645482718
0,0.0050662821158766,0,0.0614815540611743,0,0.003714540740475,0,0.0059464275836944
0,0.000213975465158,0,0.0246691517531871,0,0.0286290366202592,0,0.0558699965476989
0,4.572059333440848e-05,0,0.0585395619273185,0,0.5873042345046997,0,0.0844859629869461
0,0.0003521588514558,0,0.0450485274195671,0,0.573466956615448,0,0.0690328404307365
0,0.0005156061961315,0,0.0419443659484386,0,0.051589760929346,0,0.083343893289566
0,0.0073445714078843,0,0.0135035533457994,0,0.0047885291278362,0,0.0059902369976043
0,0.0011219691950827,0,0.0937140434980392,0,0.0074839843437075,0,0.0149006582796573
0,0.0024173981510102,0,0.0255175419151783,0,0.0028937496244907,0,0.0358316376805305
0,0.0008416243945248,0,0.1145118549466133,0,0.0100578749552369,0,0.0113675482571125
0,0.0012661115033552,0,0.1403454691171646,0,0.0078833643347024,0,0.0271136984229087
0,0.0248188786208629,0,0.0632605627179145,0,0.0030292200390249,0,0.0162942521274089
0,0.0002319047780474,0,0.0523142479360103,0,0.0011846116976812,0,0.0049905786290764
0,0.0028521381318569,0,0.0283694639801979,0,0.0002479029935784,0,0.0058794072829186
0,0.0023860570508986,0,0.0913696363568306,0,0.0025879151653498,0,0.0297540593892335
0,1.538522519695107e-05,0,0.0033033310901373,0,0.0002315400051884,0,0.0053068813867866
0,0.050626952201128,0,0.1832250505685806,0,0.6586936116218567,0,0.6262500286102295
0,0.0001940091897267,0,0.034122534096241,0,0.0131125254556536,0,0.0092813549563288
0,0.0001942885282915,0,0.0675889328122139,0,0.0016329950885847,0,0.0219711810350418
0,0.0003313979832455,0,0.1194983050227165,0,0.0018686685943976,0,0.0277198273688554
0,0.0002753100707195,0,0.1035633906722068,0,0.0141835361719131,0,0.0146868759766221
0,5.383368261391297e-05,0,0.0948310568928718,0,0.0163077712059021,0,0.0197899267077446
0,0.0001142851906479,0,0.0028999971691519,0,0.0001469978597015,0,0.0035460840445011
0,0.0003821086720563,0,0.0610456839203834,0,0.0034364787861704,0,0.0054108630865812
0,0.0001574259076733,0,0.0023990371264517,0,0.0002518236869946,0,0.0046491548418998
0,0.0001312870444962,0,0.1176249682903289,0,0.052825029939413,0,0.0122777912765741
0,6.02376603637822e-05,0,0.0027434623334556,0,0.0001531961897853,0,0.0053348643705248
0,0.0005722140776924,0,0.0191343463957309,0,0.0236625168472528,0,0.0006245381664484
0,0.0007819738821126,0,0.0148131977766752,0,0.0014785757521167,0,0.0035383163485676
0,0.0003433886740822,0,0.109357938170433,0,0.0045058103278279,0,0.0207155216485261
0,0.0140613857656717,0,0.0064050257205963,0,0.0051163742318749,0,0.0027276780456304
0,0.000310981500661,0,0.0038852733559906,0,0.0011828667484223,0,0.0015173871070146
0,0.0080108121037483,0,0.0060288743115961,0,0.0039109634235501,0,0.0013345808256417
0,0.0003985998919233,0,0.0648324415087699,0,0.0032028164714574,0,0.0234551150351762
0,0.0005649619270116,0,0.0191677175462245,0,0.0030864258296787,0,0.0037724571302533
0,0.9978844523429872,0,0.6294205784797668,0,0.9628172516822816,0,0.3740737438201904
0,0.0002579586871434,0,0.025945683941245,0,0.0417049527168273,0,0.0089489519596099
0,2.791491715470329e-05,0,0.0126887392252683,0,0.0001381590700475,0,0.0013577420031651
0,0.0007606503786519,0,0.0206241589039564,0,0.025616442784667,0,0.0025920961052179
0,0.0002274225116707,0,0.0436728969216346,0,0.1026675477623939,0,0.0080978237092494
0,0.0006370785995386,0,0.0244728457182645,0,0.0760923027992248,0,0.006217741407454
0,0.0012627912219613,0,0.0344565473496913,0,0.0102122500538825,0,0.0049926955252885
0,7.259074482135475e-05,0,0.082280546426773,0,0.0168351009488105,0,0.0211422406136989
0,0.0002453261986374,0,0.031849555671215,0,0.0022078384645283,0,0.0341986455023288
0,0.0002334537130082,0,0.2002402693033218,0,0.0198617130517959,0,0.0802168548107147
0,0.0001391326222801,0,0.1105592995882034,0,0.0094399452209472,0,0.0056282659061253
0,0.007498275488615,0,0.1335683166980743,0,0.5264134407043457,0,0.059470135718584
0,0.0036032912321388,0,0.1537922769784927,0,0.7493401169776917,0,0.0336815565824508
0,0.0001018696857499,0,0.1200241073966026,0,0.0044896737672388,0,0.019047237932682
0,0.0002144534082617,0,0.0214698445051908,0,0.001731320284307,0,0.0009078281582333
0,0.0007427435484714,0,0.0252587739378213,0,0.0018518788274377,0,0.001446243841201
0,6.215810572030023e-05,0,0.1391431093215942,0,0.4155005216598511,0,0.0933644101023674
0,0.0178523082286119,0,0.1621357649564743,0,0.0097625562921166,0,0.0663373544812202
0,2.9386294045252725e-05,0,0.0758505091071128,0,0.4450952112674713,0,0.0315861962735652
0,0.4434957206249237,0,0.830936849117279,0,0.712078869342804,0,0.5411482453346252
0,0.6281531453132629,0,0.6443015933036804,0,0.7067635655403137,0,0.1839957237243652
0,0.0065494058653712,0,0.5322189331054688,0,0.618717610836029,0,0.5786022543907166
0,3.77053875126876e-05,0,0.1815488189458847,0,0.2326357811689376,0,0.0510097593069076
0,0.0003066053322982,0,0.0438355207443237,0,0.0025525556411594,0,0.0034423591569066
0,0.0001940247457241,0,0.0354928188025951,0,0.0003733228659257,0,0.013231037184596
0,0.0003421689616516,0,0.0208744779229164,0,0.0005940398550592,0,0.0139373624697327
0,8.178679127013311e-05,0,0.0093861017376184,0,0.0003395046514924,0,0.0028886494692415
0,7.026278035482392e-05,0,0.0215632207691669,0,0.0001682181464275,0,0.0141175081953406
0,0.0001375003485009,0,0.027613416314125,0,0.0005579858552664,0,0.005423052702099
0,0.000644227839075,0,0.0162422768771648,0,0.0005454591009765,0,0.007293626666069
0,0.0011909463210031,0,0.0891964063048362,0,0.4743565618991852,0,0.2450044155120849
0,0.000150935826241,0,0.1890871524810791,0,0.3535603284835815,0,0.178187295794487
0,4.30904547101818e-05,0,0.0111748371273279,0,0.007449444849044,0,0.0007272723596543
0,0.0003961779002565,0,0.104206696152687,0,0.1442635804414749,0,0.1783659905195236
0,0.0002091816422762,0,0.0164320152252912,0,0.0048153363168239,0,0.0015333914197981
0,0.1923603862524032,0,0.5662238597869873,0,0.624427080154419,0,0.633537232875824
0,0.0018465678440406,0,0.0727391391992569,0,0.0702914893627166,0,0.0438405089080333
0,0.0007481359643861,0,0.0273812785744667,0,0.0043243328109383,0,0.0040715876966714
0,0.0003366787277627,0,0.0251469332724809,0,0.0022140794899314,0,0.0079476311802864
0,0.0005753729492425,0,0.0293633360415697,0,0.0438898652791976,0,0.0381778888404369
0,0.3528332114219665,0,0.7117193937301636,0,0.3899979293346405,0,0.6127110123634338
0,5.386716657085344e-05,0,0.0210502576082944,0,0.0951586812734603,0,0.0082600861787796
0,0.0001340844901278,0,0.0409227907657623,0,0.1720281839370727,0,0.0316191092133522
0,0.0004538503708317,0,0.0275025181472301,0,0.0023063647095113,0,0.0050257113762199
0,0.557570219039917,0,0.6488995552062988,0,0.518778383731842,0,0.7295153141021729
0,0.0002589196374174,0,0.0398768037557601,0,0.0050341901369392,0,0.0715754777193069
0,0.0002231366379419,0,0.052788857370615,0,0.00103171588853,0,0.0146007342264056
0,0.0022809631191194,0,0.0917186513543129,0,0.0313063375651836,0,0.0825726389884948
0,0.0006918068393133,0,0.1780696660280227,0,0.3434409201145172,0,0.01098167989403
0,0.0013276630779728,0,0.0688830092549324,0,0.4556170105934143,0,0.0129573410376906
0,0.0001773224357748,0,0.034319382160902,0,0.0091732796281576,0,0.004976084921509
0,0.0001664272713242,0,0.0400812849402427,0,0.0036052041687071,0,0.0041391598060727
0,0.0014959630789235,0,0.1268936544656753,0,0.6350935101509094,0,0.0242261756211519
0,0.0006834756350144,0,0.0484996773302555,0,0.0312078278511762,0,0.0030868616886436
0,0.0057591679506003,0,0.0541265234351158,0,0.0304053798317909,0,0.0417738035321235
0,0.5118814706802368,0,0.3196071982383728,0,0.8738660216331482,0,0.3477300703525543
0,0.0064471345394849,0,0.196076899766922,0,0.4831969439983368,0,0.2337502986192703
0,0.9326913952827454,0,0.2854372262954712,0,0.9460477232933044,0,0.6496173739433289
0,0.0129039185121655,0,0.2062757760286331,0,0.8625278472900391,0,0.0914712995290756
0,0.1419228762388229,0,0.3185282945632934,0,0.3033778369426727,0,0.7955183982849121
0,1.5070611880219076e-05,0,0.0044944970868527,0,0.0001963537069968,0,0.0072462223470211
0,9.05732304090634e-05,0,0.0047231814824044,0,0.0003321412950754,0,0.005240136757493
0,0.0022336703259497,0,0.7463092803955078,0,0.8405396342277527,0,0.1630556434392929
0,0.0174962151795625,0,0.6032810211181641,0,0.8745731115341187,0,0.1172424331307411
0,0.0003446832415647,0,0.014232262969017,0,0.001219451194629,0,0.0001634462969377
0,0.003834281116724,0,0.1636737883090973,0,0.0024588152300566,0,0.0052061043679714
0,0.000430049462011,0,0.1095225065946579,0,0.0010847827652469,0,0.0044756103307008
0,0.0001124526388593,0,0.0189720671623945,0,0.0080596040934324,0,0.0022775072138756
0,0.000205624528462,0,0.040044218301773,0,0.0017015468329191,0,0.0084853312000632
0,6.635328463744372e-05,0,0.0369586236774921,0,0.018267935141921,0,0.0037716256920248
0,0.0727514401078224,0,0.1139960512518882,0,0.1036370769143104,0,0.0206355210393667
0,2.2784803149988875e-05,0,0.0264282077550888,0,0.0051141367293894,0,0.0010540938237681
0,0.0956727340817451,0,0.1750697642564773,0,0.0934411287307739,0,0.0278037544339895
0,0.7403237819671631,0,0.5685501098632812,0,0.0834190398454666,0,0.7306602001190186
0,0.9194470047950744,0,0.7346202731132507,0,0.7382386326789856,0,0.3754952847957611
0,0.8594861626625061,0,0.5043787360191345,0,0.2129725366830825,0,0.911004602909088
0,0.9156677722930908,0,0.6733437776565552,0,0.219864547252655,0,0.2244133353233337
0,0.0054800463840365,0,0.1782999187707901,0,0.0080616632476449,0,0.0283338632434606
0,0.7535225749015808,0,0.5608182549476624,0,0.1390800476074218,0,0.3623866438865661
0,0.4143025875091553,0,0.5853621363639832,0,0.135842740535736,0,0.8727871775627136
0,0.2604005336761474,0,0.361111432313919,0,0.0292988382279872,0,0.044336874037981
0,9.89028631011024e-05,0,0.0438656024634838,0,0.0001457591279176,0,0.0358446240425109
0,0.0011844328837469,0,0.072365291416645,0,0.0506055243313312,0,0.0282362271100282
0,0.0012721234234049,0,0.1270236223936081,0,0.1033865138888359,0,0.2050074934959411
0,5.500396946445108e-05,0,0.0029990430921316,0,0.0002259777829749,0,0.0021631163544952
0,0.098499521613121,0,0.3124263882637024,0,0.7627238035202026,0,0.6383821964263916
0,0.1413985341787338,0,0.0544575564563274,0,0.0170087814331054,0,0.0280696079134941
0,0.1031976863741874,0,0.0350935123860836,0,0.0040933908894658,0,0.0146768670529127
0,0.3333508968353271,0,0.035880085080862,0,0.0266034919768571,0,0.0074696987867355
0,0.975286304950714,0,0.3945897221565246,0,0.8644259572029114,0,0.4784981310367584
0,0.0528494268655777,0,0.1250737756490707,0,0.2593972682952881,0,0.4887185096740722
0,0.0095369732007384,0,0.118243508040905,0,0.5938133001327515,0,0.4715140163898468
0,0.0002835728228092,0,0.0348768234252929,0,0.0019550917204469,0,0.0260125342756509
0,0.0007732839439995,0,0.0366454049944877,0,0.0113466996699571,0,0.006391660310328
0,0.000623295083642,0,0.0523796379566192,0,0.00456148898229,0,0.0081958668306469
0,0.0002317741309525,0,0.0176235400140285,0,0.0024284799583256,0,0.0048530953936278
0,0.0002741026692092,0,0.0300632808357477,0,0.0025501432828605,0,0.0028371773660182
0,0.0002528912445995,0,0.0322026275098323,0,0.0009722701506689,0,0.0119539257138967
0,0.0014138522092252,0,0.0227816347032785,0,0.0018506407504901,0,0.0068242326378822
0,0.0002371117880102,0,0.0575605742633342,0,0.0022881201002746,0,0.0113061927258968
0,0.000662445789203,0,0.0409820079803466,0,0.0093226702883839,0,0.0312034506350755
0,0.0015286635607481,0,0.0551756136119365,0,0.0384247750043869,0,0.007035743445158
0,0.0063212411478161,0,0.0775504931807518,0,0.0275353137403726,0,0.0058285021223127
0,0.0008945909212343,0,0.0493358150124549,0,0.2296491116285324,0,0.0060087963938713
0,0.0013307774206623,0,0.0475205332040786,0,0.0044194208458065,0,0.0163763649761676
0,0.0003080157621297,0,0.0225057862699031,0,0.0019781647715717,0,0.0011832375312224
0,0.0004429878026712,0,0.0218751337379217,0,0.0012787318555638,0,0.002081504324451
0,8.368145063286647e-05,0,0.0277674179524183,0,0.0016714717494323,0,0.0103837363421916
0,0.0019396010320633,0,0.1698481738567352,0,0.1086864173412323,0,0.3905231356620788
0,0.0007330630323849,0,0.070798709988594,0,0.0323740504682064,0,0.0469204112887382
0,0.0012339900713413,0,0.1614546477794647,0,0.0960480868816375,0,0.4524375200271606
0,0.0006706713465973,0,0.0798136442899704,0,0.1152241453528404,0,0.0521876774728298
0,0.0003746571892406,0,0.0047934809699654,0,0.002252061618492,0,0.0059246853925287
0,0.0003180277417413,0,0.0081380847841501,0,0.000113657581096,0,0.036924485117197
0,1.397042979078833e-05,0,0.0028434249106794,0,2.426233550067991e-05,0,0.0012251957086846
0,0.0003084891941398,0,0.0068821082822978,0,0.0001273376255994,0,0.0060959155671298
0,3.800951162702404e-05,0,0.0076605412177741,0,4.81542301713489e-05,0,0.0006506121717393
0,0.0001059650676324,0,0.0174443814903497,0,0.0001486404944444,0,0.0017454719636589
0,0.000190357415704,0,0.0384586080908775,0,0.0003828209009952,0,0.0148160858079791
0,0.0004599466337822,0,0.0356893874704837,0,0.0026107956655323,0,0.0554689988493919
0,5.3786265198141336e-05,0,0.0254516322165727,0,0.0001903895317809,0,0.015104254707694
0,0.0008242534822784,0,0.0209816787391901,0,0.0111180962994694,0,0.0009583625942468
0,0.0005013764020986,0,0.0274304803460836,0,0.0026474683545529,0,0.0231904853135347
0,0.0003304799320176,0,0.0246622525155544,0,0.0008162467274814,0,0.0159756280481815
0,0.0021748307626694,0,0.0491894520819187,0,0.1315044462680816,0,0.0822752565145492
0,0.0230784937739372,0,0.0350325033068656,0,0.0686780512332916,0,0.0014663606416434
0,0.0001562048855703,0,0.0168748218566179,0,0.0338648930191993,0,0.0005279517499729
0,2.3243866962729957e-05,0,0.0341848693788051,0,0.0439135544002056,0,0.0023001341614872
0,0.0003965901269111,0,0.05619877576828,0,0.0194951426237821,0,0.0385102704167366
0,0.0001035939858411,0,0.0262595787644386,0,0.0035857518669217,0,0.0069407345727086
0,6.110783579060808e-05,0,0.0280509367585182,0,0.0196308530867099,0,0.0093191601336002
0,0.1164056956768035,0,0.7960535287857056,0,0.4982764720916748,0,0.2629503905773163
0,0.9780125021934508,0,0.817969560623169,0,0.3615750670433044,0,0.4948911070823669
0,0.9424929022789,0,0.8227513432502747,0,0.4959149062633514,0,0.1369299292564392
0,9.438553388463332e-05,0,0.0520014464855194,0,0.0029423483647406,0,0.0018891736399382
0,0.0089949741959571,0,0.1326233744621276,0,0.1170655339956283,0,0.5695620775222778
0,0.0005012464243918,0,0.1052000969648361,0,0.082934595644474,0,0.0888233557343483
0,0.000252608791925,0,0.0944917947053909,0,0.0008021077373996,0,0.0013939900090917
0,0.0065353070385754,0,0.0728365182876586,0,0.0815456584095954,0,0.1198440939188003
0,0.0030561354942619,0,0.0908169522881507,0,0.1316878497600555,0,0.4811515510082245
0,0.0001333855470875,0,0.0302140619605779,0,0.0002544982708059,0,0.0019245829898864
0,0.0036408719606697,0,0.1289230436086654,0,0.1454919874668121,0,0.1743922978639602
0,0.000801078393124,0,0.1268294751644134,0,0.0536351464688777,0,0.4575938582420349
0,0.0050643784925341,0,0.4889163076877594,0,0.7196868658065796,0,0.9011262059211732
0,0.0342751033604145,0,0.0448881387710571,0,0.0549591705203056,0,0.1236142143607139
0,2.091910027957056e-05,0,0.0216270331293344,0,0.0001516445772722,0,0.004105235915631
0,0.0311701521277427,0,0.035437237471342,0,0.0029141949489712,0,0.0997393727302551
0,8.349651761818677e-05,0,0.0151656735688447,0,0.0001882303477032,0,0.0058213365264236
0,0.0163224786520004,0,0.0426210053265094,0,0.0009734445484355,0,0.1402141451835632
0,3.152499266434461e-05,0,0.0170865915715694,0,0.0003009395150002,0,0.0069408197887241
0,0.0008089288021437,0,0.0301489979028701,0,0.0008541408460587,0,0.0042601660825312
0,0.0001980816305149,0,0.0048534218221902,0,0.0004966950509697,0,0.0009731315076351
0,0.0005643865442834,0,0.0137948188930749,0,0.0006112662958912,0,0.0034630778245627
0,3.759035462280736e-05,0,0.0012176509480923,0,7.494843157473952e-05,0,0.0012192566646263
0,0.0049560498446226,0,0.7312466502189636,0,0.0936736762523651,0,0.0573836676776409
0,0.1621028929948806,0,0.2668250203132629,0,0.816169798374176,0,0.1489076167345047
0,0.0009580644546076,0,0.239217534661293,0,0.3528478145599365,0,0.1560114622116089
0,0.0453860573470592,0,0.3318557441234588,0,0.7495960593223572,0,0.1404136568307876
0,0.0426952764391899,0,0.2544555366039276,0,0.5916923880577087,0,0.2187728732824325
0,0.0009709912701509,0,0.2310491651296615,0,0.7455442547798157,0,0.1803638339042663
0,0.030065082013607,0,0.2965870201587677,0,0.5885178446769714,0,0.1175145134329795
0,5.609748404822312e-05,0,0.0040126591920852,0,0.0001199421094497,0,0.003715147729963
0,0.0533402934670448,0,0.2751666009426117,0,0.803878128528595,0,0.5203625559806824
0,0.002358510158956,0,0.1346491277217865,0,0.7776608467102051,0,0.239193394780159
0,0.0186269879341125,0,0.2855299711227417,0,0.507404625415802,0,0.0848732888698577
0,4.387071749079041e-05,0,0.0042907376773655,0,4.02345322072506e-05,0,0.0077962563373148
0,0.0089473156258463,0,0.1983361542224884,0,0.143523558974266,0,0.1191345676779747
0,0.0005753368022851,0,0.1411094069480896,0,0.0027008075267076,0,0.0554182082414627
1,0.0149130932986736,1,0.6651471257209778,1,0.3025487065315246,1,0.202570766210556
1,0.7295506596565247,1,0.727474570274353,1,0.27199187874794,1,0.4731375277042389
1,0.8615154027938843,1,0.797095537185669,1,0.6726129651069641,1,0.3120648264884949
1,0.968618392944336,1,0.8215681314468384,1,0.866057276725769,1,0.7612204551696777
1,0.8679839372634888,1,0.8058375716209412,1,0.8637280464172363,1,0.7072384357452393
1,0.9972867965698242,1,0.8861019015312195,1,0.9856936931610109,1,0.9507023692131042
1,0.3449000120162964,1,0.6680887341499329,1,0.4222139716148376,1,0.9506324529647828
1,0.4732179641723633,1,0.9159401655197144,1,0.4233194291591644,1,0.8540886044502258
1,0.0329581014811992,1,0.2512771785259247,1,0.8644194602966309,1,0.9407641887664796
1,0.8319635987281799,1,0.1757934093475341,1,0.2642400562763214,1,0.494777500629425
1,0.0716206356883049,1,0.1007743328809738,1,0.0100900866091251,1,0.0647720769047737
1,0.9884079098701476,1,0.9208734035491944,1,0.9805958271026612,1,0.3653541803359985
1,0.0027518991846591,1,0.1819787472486496,1,0.0200509075075387,1,0.1614929437637329
1,0.1212175861001014,1,0.8689367175102234,1,0.303360104560852,1,0.1330277472734451
1,0.3916288316249847,1,0.8042016625404358,1,0.1934171617031097,1,0.871331512928009
1,0.3128474354743957,1,0.9217408895492554,1,0.3367877006530761,1,0.9235903024673462
1,0.0192939434200525,1,0.5182662010192871,1,0.0728634744882583,1,0.0652978271245956
1,0.9036642909049988,1,0.5102888345718384,1,0.990982472896576,1,0.5242893695831299
1,0.9913533329963684,1,0.8046691417694092,1,0.6805030107498169,1,0.8465361595153809
1,0.9622831344604492,1,0.6654417514801025,1,0.9293545484542848,1,0.9390435218811036
1,0.7998552322387695,1,0.5890845060348511,1,0.7633371353149414,1,0.8271939754486084
1,0.9664894938468932,1,0.7247450351715088,1,0.9476357102394104,1,0.8996109962463379
1,0.0028845882043242,1,0.2294716089963913,1,0.5165351033210754,1,0.4200183749198913
1,0.9162122011184692,1,0.6336527466773987,1,0.8198524117469788,1,0.8288735151290894
1,0.9710317254066468,1,0.6404051780700684,1,0.8918068408966064,1,0.490404725074768
1,0.3618864119052887,1,0.2147616744041443,1,0.1211676076054573,1,0.1086288765072822
1,0.99361389875412,1,0.6603232026100159,1,0.9399440884590148,1,0.9947770833969116
0,0.0010357068385928,0,0.2706699967384338,0,0.5079708695411682,0,0.0594612658023834
0,0.0002284417860209,0,0.1162970140576362,0,0.0117277428507804,0,0.0171949416399002
0,0.0001721539447316,0,0.0131633002310991,0,0.0002811773447319,0,0.0007019121549092
0,0.0002221080067101,0,0.0126159768551588,0,0.0001190326584037,0,0.0014377956977114
0,0.001307180034928,0,0.0271425135433673,0,0.0461818166077137,0,0.001146419905126
0,0.1143757402896881,0,0.3215835690498352,0,0.9212780594825744,0,0.4563202261924743
0,0.0013968865387141,0,0.0274486858397722,0,0.057933259755373,0,0.0009255576878786
0,0.1428724974393844,0,0.4050500690937042,0,0.914720892906189,0,0.5502551794052124
0,0.0002353204035898,0,0.045056939125061,0,0.0056212809868156,0,0.134871706366539
0,0.0020328746177256,0,0.0253723673522472,0,0.0114234257489442,0,0.0019849818199872
0,0.0001447734393877,0,0.0236442852765321,0,0.027839982882142,0,0.1766035556793213
0,0.0119339376688003,0,0.0758502855896949,0,0.0007435870356857,0,0.0283901076763868
0,0.0473890155553817,0,0.652522623538971,0,0.3788580298423767,0,0.4946676790714264
0,0.000551585224457,0,0.0516643039882183,0,0.2415676862001419,0,0.0150721035897731
0,0.0017707876395434,0,0.108464702963829,0,0.0377993062138557,0,0.0336544215679168
0,0.0001794610579963,0,0.0060840235091745,0,0.0049457722343504,0,0.010701903142035
0,0.0006009735516272,0,0.0047569177113473,0,0.0220528692007064,0,0.0434416234493255
0,0.0004283811722416,0,0.0049382499419152,0,0.0017403622623533,0,0.0135437445715069
0,0.0001493427407694,0,0.0056485813111066,0,0.0042076287791132,0,0.0092605203390121
0,0.0004842887574341,0,0.0098241493105888,0,0.0096414536237716,0,0.0116825494915246
0,0.0005808887071907,0,0.3589827418327331,0,0.1451905071735382,0,0.1063290685415268
0,0.0073870322667062,0,0.3915490508079529,0,0.4489577114582062,0,0.3150088787078857
0,0.4859780371189117,0,0.3053256869316101,0,0.9837886095046996,0,0.6733344197273254
0,0.0008996898541226,0,0.0074406075291335,0,0.0035843553487211,0,0.0008648660732433
0,0.0003128743264824,0,0.2158576399087906,0,0.3618844151496887,0,0.1040048971772193
0,0.0041855117306113,0,0.1272326111793518,0,0.9041377305984496,0,0.1260879188776016
0,0.0003725501010194,0,0.1035907343029975,0,0.0082115605473518,0,0.0919553041458129
0,0.1521082371473312,0,0.479564756155014,0,0.2315524518489837,0,0.204640656709671
0,0.0063298125751316,0,0.4896490573883056,0,0.4331091046333313,0,0.3292705714702606
0,0.0004249435150995,0,0.1111777201294899,0,0.0039241020567715,0,0.00255310931243
0,0.0011833750177174,0,0.0175195839256048,0,0.0033394929487258,0,0.0632550418376922
0,0.0059779379516839,0,0.0959070920944213,0,0.0004226093587931,0,0.0357318110764026
0,0.0196105781942605,0,0.0851890072226524,0,0.0007915202295407,0,0.0547307878732681
0,0.0015665136743336,0,0.1793740689754486,0,0.0048399749211966,0,0.024255696684122
0,5.914951179875061e-05,0,0.0166954789310693,0,0.0011473824270069,0,0.0005251729744486
0,0.0008772655273787,0,0.0278192125260829,0,0.0082437228411436,0,0.0423847213387489
0,0.0003474426630418,0,0.0104089276865124,0,0.0151984104886651,0,0.0012608261313289
0,0.0013550899457186,0,0.017190083861351,0,0.0130498316138982,0,0.1371316313743591
0,0.000260622909991,0,0.0656564906239509,0,0.0001158537124865,0,0.0063414927572011
0,9.643012890592216e-05,0,0.0778478533029556,0,0.0003083857009187,0,0.0055998633615672
0,0.0009570873808115,0,0.1690160483121872,0,0.0017302179476246,0,0.0508828721940517
0,0.0018344954587519,0,0.1013544425368309,0,0.0010013674618676,0,0.1149922236800193
0,0.0004392548289615,0,0.1036901548504829,0,0.0002579400024842,0,0.0076666511595249
0,9.981698531191796e-05,0,0.0287591479718685,0,0.0005678672459907,0,0.0010387240909039
0,2.4026305254665203e-05,0,0.0692191198468208,0,0.0001776931167114,0,0.000935755262617
0,0.0001632692146813,0,0.1728401184082031,0,0.0011437736684456,0,0.0330618694424629
0,0.0007075954345054,0,0.053615316748619,0,0.0149375535547733,0,0.0138564137741923
0,0.0071235434152185,0,0.2543806433677673,0,0.1716513186693191,0,0.0478953197598457
0,0.0001260980207007,0,0.0140558145940303,0,0.0007624272257089,0,0.0029283894691616
0,0.0001137483195634,0,0.0397061444818973,0,0.0353639349341392,0,0.026997622102499
0,0.0009034213726408,0,0.1208555251359939,0,0.007868985645473,0,0.0755948349833488
0,0.0001140404783654,0,0.006822956725955,0,0.000479565031128,0,0.0031430553644895
0,5.007166328141466e-05,0,0.0206226985901594,0,0.0503979288041591,0,0.0185887217521667
0,0.0001220590784214,0,0.0247537419199943,0,0.1214649677276611,0,0.130300685763359
0,0.0009267131681554,0,0.0571505613625049,0,0.0024780298117548,0,0.03518633171916
0,0.0007702139555476,0,0.0932725816965103,0,0.0267724357545375,0,0.0740565061569213
0,0.0005512536154128,0,0.0746610388159751,0,0.0043783164583146,0,0.0991323515772819
0,5.848826913279481e-05,0,0.072986863553524,0,0.000288326467853,0,0.0105339158326387
0,2.2666363292955797e-05,0,0.0553919523954391,0,0.0001613416825421,0,0.0086922254413366
0,6.829477933933958e-05,0,0.0085042798891663,0,0.017911372706294,0,0.0045450911857187
0,9.787916496861726e-05,0,0.0463637933135032,0,0.0004164831771049,0,0.002403259743005
0,8.299924957100302e-05,0,0.0173830594867467,0,0.0067547718062996,0,0.0014253996778279
0,0.0162391681224107,0,0.0821003094315528,0,0.0702427253127098,0,0.0365562923252582
0,5.872859401279129e-05,0,0.064127042889595,0,0.0003490771632641,0,0.0044211600907146
0,0.0001183663262054,0,0.0195495188236236,0,0.0143687697127461,0,0.0023659844882786
0,1.6032503481255844e-05,0,0.0215117204934358,0,0.00219820975326,0,0.0008846134296618
0,3.9114649553084746e-05,0,0.0145136900246143,0,0.0026383809745311,0,0.0015599456382915
0,0.0001134332342189,0,0.0132285906001925,0,0.0011005438864231,0,0.0017173257656395
0,4.338092549005523e-05,0,0.0129688838496804,0,0.0008849797304719,0,0.0143851283937692
0,1.5189939404081088e-05,0,0.0094271255657076,0,0.0052693029865622,0,0.0030391323380172
0,0.9965181350708008,0,0.2405345886945724,0,0.8295692205429077,0,0.7051728367805481
0,0.0001417773746652,0,0.0172682981938123,0,0.0009130820981226,0,0.0028068013489246
0,5.311102358973585e-05,0,0.0152307748794555,0,0.0005317648174241,0,0.0049093361012637
0,0.0005477804224938,0,0.0543630607426166,0,0.0342991836369037,0,0.046852421015501
0,0.0002761321084108,0,0.0985337048768997,0,0.2043007016181945,0,0.0338251180946826
0,0.0001164583518402,0,0.042875587940216,0,0.0002897511585615,0,0.0023354559671133
0,0.8836148381233215,0,0.5500432848930359,0,0.7866179347038269,0,0.1312064081430435
0,0.0053533539175987,0,0.266129732131958,0,0.5108743906021118,0,0.0668484717607498
0,0.0059851193800568,0,0.2409415990114212,0,0.133996307849884,0,0.025495808571577
0,0.0527723543345928,0,0.2933214008808136,0,0.4457086622714996,0,0.0365060493350029
0,0.0008426772546954,0,0.2492363899946212,0,0.0052627236582338,0,0.0200806763023138
0,0.0036540466826409,0,0.0526074692606925,0,0.086536556482315,0,0.0044248537160456
0,8.069293107837439e-05,0,0.0425888523459434,0,0.0077057289890944,0,0.006181426346302
0,7.34065833967179e-05,0,0.0334761701524257,0,0.004277117550373,0,0.0097377225756645
0,0.0001079346402548,0,0.0432622022926807,0,0.0048211342655122,0,0.0230109747499227
0,0.0018157283775508,0,0.0639128684997558,0,0.0579506307840347,0,0.1029852852225303
0,8.220495510613546e-05,0,0.0023382694926112,0,8.724421786610037e-05,0,0.0062455995939671
0,0.00109224463813,0,0.1502684950828552,0,0.1023931130766868,0,0.0907487869262695
0,0.4186707735061645,0,0.1303653717041015,0,0.0569633245468139,0,0.0784825980663299
0,0.0001247429026989,0,0.0195141118019819,0,0.0007324360194616,0,0.0041097518987953
0,6.248944555409253e-05,0,0.0161628033965826,0,0.0001669678749749,0,0.0068822423927485
0,0.0001456361787859,0,0.0164007414132356,0,0.0031029845122247,0,0.003730793017894
0,0.0001621812116354,0,0.0154819814488291,0,0.0015015404205769,0,0.0271579287946224
0,0.00281049660407,0,0.0122937727719545,0,0.0004531377344392,0,0.0137193631380796
0,9.862494334811343e-05,0,0.0147307449951767,0,0.0015423285076394,0,0.0011508846655488
0,0.0001013114015222,0,0.0196353513747453,0,0.0004149264132138,0,0.0088803488761186
0,0.8053897619247437,0,0.2662616074085235,0,0.780426025390625,0,0.7117853164672852
0,0.0003485562629066,0,0.028918445110321,0,0.0010686661116778,0,0.0266945362091064
0,0.0024815625511109,0,0.056589052081108,0,0.0016404625494033,0,0.0313118435442447
0,0.6162587404251099,0,0.0429538637399673,0,0.0613257139921188,0,0.0721810534596443
0,0.289308488368988,0,0.1769459843635559,0,0.026953550055623,0,0.0236969925463199
0,4.549239019979723e-05,0,0.0124363461509346,0,0.0017792755970731,0,0.0016355492407456
0,0.0002779480128083,0,0.0227082464843988,0,0.0475642792880535,0,0.0036779809743165
0,0.0016829608939588,0,0.0380695611238479,0,0.017041340470314,0,0.0291314292699098
0,0.007361963391304,0,0.0387696325778961,0,0.0001970649027498,0,0.0264654867351055
0,0.0880940556526184,0,0.0497562326490879,0,0.0262517090886831,0,0.1108221337199211
0,0.009251682087779,0,0.0188403837382793,0,0.0002614898257888,0,0.0445719733834266
0,0.0017580344574525,0,0.0441332049667835,0,0.0138519061729311,0,0.0425746999680995
0,0.0114392852410674,0,0.0381815060973167,0,0.0013225846923887,0,0.0257465559989213
0,0.0047909864224493,0,0.4691958427429199,0,0.2095571458339691,0,0.2387699782848358
0,0.0029059334192425,0,0.185540497303009,0,0.0304837599396705,0,0.1820977181196212
0,3.170973286614753e-05,0,0.0080095417797565,0,0.0182754527777433,0,0.0022737137041985
0,7.052478031255305e-05,0,0.0135004473850131,0,0.0013154961634427,0,0.0078416373580694
0,3.4761251299642026e-05,0,0.0170838832855224,0,0.0074101435020565,0,0.0027846288867294
0,0.0001109482545871,0,0.0111306542530655,0,0.000980905489996,0,0.0094076553359627
0,7.416925654979423e-05,0,0.0250024441629648,0,0.0156636927276849,0,0.0068215350620448
0,0.0011596770491451,0,0.0568442270159721,0,0.1306852996349334,0,0.0676928833127021
0,4.040243948111311e-05,0,0.0384636968374252,0,0.0006469095242209,0,0.0014478353550657
0,0.0001005672602332,0,0.0862156301736831,0,0.0058677466586232,0,0.0348451882600784
0,0.0011036462383344,0,0.0166603364050388,0,0.0092724626883864,0,0.0038072566967457
0,6.922961347299861e-06,0,0.0743996277451515,0,0.0001269263011636,0,0.0018855410162359
0,0.0009950958192348,0,0.0195413678884506,0,0.0062671424821019,0,0.0018532508984208
0,3.893809116561897e-05,0,0.0094737894833087,0,0.0031340208370238,0,0.0015985058853402
0,4.69674778287299e-05,0,0.0384072586894035,0,0.0008693964336998,0,0.0009173514554277
0,0.0001427964452886,0,0.0219047423452138,0,0.0001508289278717,0,0.0028682509437203
0,0.0018295245245099,0,0.0186773054301738,0,0.0013027125969529,0,0.0303050894290208
0,9.48251472436823e-05,0,0.0208461750298738,0,0.0005632889224216,0,0.0033264141529798
0,2.591056363598909e-05,0,0.0241937842220067,0,0.0038431866560131,0,0.0016915936721488
0,0.0002976586401928,0,0.0470638461410999,0,0.0106644183397293,0,0.0206464044749736
0,0.0008957457612268,0,0.0262283775955438,0,0.0040784208104014,0,0.0054143411107361
0,2.638462683535181e-05,0,0.0184635687619447,0,0.0009801894193515,0,0.0027078138664364
0,0.0063167046755552,0,0.0705658346414566,0,0.0395300984382629,0,0.4406761825084686
0,0.0067280633375048,0,0.0731113478541374,0,0.1458267271518707,0,0.0833561867475509
0,0.0002702883793972,0,0.1408746242523193,0,0.0473568886518478,0,0.0695899948477745
0,0.0056894584558904,0,0.1703387647867202,0,0.0144329499453306,0,0.0776831582188606
0,0.0027962310705333,0,0.1613258272409439,0,0.0035067547578364,0,0.0058601722121238
0,0.0017571937059983,0,0.1576530933380127,0,0.0009589242981746,0,0.0049892552196979
0,0.0028207127470523,0,0.1620889008045196,0,0.0026265524793416,0,0.0049992520362138
0,0.5501195788383484,0,0.2281013876199722,0,0.1108647137880325,0,0.2108179926872253
0,0.0008463560370728,0,0.0654512345790863,0,0.006485890597105,0,0.0267915986478328
0,0.1219018697738647,0,0.1584364026784896,0,0.3205539882183075,0,0.0716490447521209
0,0.3376199603080749,0,0.1940084099769592,0,0.0740511119365692,0,0.1721977442502975
0,0.0008264693897217,0,0.0549879036843776,0,0.0056647378951311,0,0.015362593345344
0,5.983580922475085e-05,0,0.2114617526531219,0,0.2544510066509247,0,0.0345383137464523
0,0.5130788087844849,0,0.2339636087417602,0,0.1289712488651275,0,0.1066141352057457
0,0.0023607688490301,0,0.0634525418281555,0,0.0032001629006117,0,0.0190597623586654
0,0.0046467771753668,0,0.03978156670928,0,0.0059706605970859,0,0.0094500267878174
0,0.0329023413360118,0,0.8882718086242676,0,0.8397333025932312,0,0.8621779084205627
0,0.0764942541718483,0,0.523248016834259,0,0.4603462517261505,0,0.6773406863212585
0,0.3645870983600616,0,0.5289620757102966,0,0.280400276184082,0,0.8173829317092896
0,0.0025350849609822,0,0.029488768428564,0,0.0013337458949536,0,0.0134222665801644
0,0.001023203250952,0,0.0321771390736103,0,0.000557166931685,0,0.011243924498558
0,0.0029068745207041,0,0.0610499791800975,0,0.0003839740820694,0,0.003360201139003
0,0.0002031937765423,0,0.0415579453110694,0,0.0035608860198408,0,0.0070125656202435
0,0.000177336652996,0,0.0204941872507333,0,0.001834790688008,0,0.0171373412013053
0,0.0004342161410022,0,0.0312527902424335,0,0.0021755022462457,0,0.0265492312610149
0,0.0009000396821647,0,0.0613451153039932,0,0.0007632879423908,0,0.0118712801486253
0,0.0005287282983772,0,0.2393537312746048,0,0.0800425559282302,0,0.0358921848237514
0,0.2905591130256653,0,0.0945420488715171,0,0.0637486800551414,0,0.0577037595212459
0,0.0008611496887169,0,0.0614049062132835,0,0.0022437367588281,0,0.0095090605318546
0,0.0003851394576486,0,0.0232067368924617,0,0.0040351022034883,0,0.0014557003742083
0,0.0028674982022494,0,0.3138961493968963,0,0.2271461933851242,0,0.0420747622847557
0,0.1494030356407165,0,0.1445027589797973,0,0.0872617214918136,0,0.0624728612601757
0,0.0014562904834747,0,0.1681512743234634,0,0.2806992828845978,0,0.0308618452399969
0,0.0008960872655734,0,0.1014515236020088,0,0.0014394815079867,0,0.0091148549690842
0,0.0001377711159875,0,0.018410250544548,0,0.0122396955266594,0,0.0029381543863564
0,0.0003451056254561,0,0.3058361411094665,0,0.4068926870822906,0,0.1162327378988266
0,0.0031435766723006,0,0.1463439464569091,0,0.0492015518248081,0,0.0236943196505308
0,0.2955032587051391,0,0.2182489037513733,0,0.2436248064041137,0,0.1094430536031723
0,0.0020542840939015,0,0.0874942988157272,0,0.0116206090897321,0,0.0258464682847261
0,0.0011032164329662,0,0.0834983959794044,0,0.0130809508264064,0,0.0070013250224292
0,0.0017837994964793,0,0.0259415544569492,0,0.0026116722729057,0,0.001038928865455
0,0.0997317507863044,0,0.2769434750080108,0,0.1489786356687545,0,0.0269278232008218
0,0.0637152791023254,0,0.1782653033733368,0,0.1031150966882705,0,0.0756969824433326
0,0.0239876508712768,0,0.0233552511781454,0,0.0455416925251483,0,0.0130043718963861
0,0.0002005781861953,0,0.0532109253108501,0,0.0473206862807273,0,0.0526593066751956
0,7.5347583333496e-05,0,0.0209905784577131,0,0.0005951841012574,0,0.003003790276125
0,0.0001859030453488,0,0.0314840674400329,0,0.0009402063442394,0,0.005990719422698
0,0.0183048881590366,0,0.0648819059133529,0,0.0683006271719932,0,0.0328313559293746
0,0.009356977418065,0,0.0631460100412368,0,0.020991101861,0,0.1346567124128341
0,0.8929760456085205,0,0.391174852848053,0,0.8481707572937012,0,0.8822292685508728
0,0.2527109384536743,0,0.848138153553009,0,0.4642885029315948,0,0.7403357625007629
0,0.0019661644473671,0,0.1842616647481918,0,0.1422832012176513,0,0.2344276458024978
0,0.0002227695076726,0,0.0188878718763589,0,0.0211675185710191,0,0.0512679032981395
0,0.0002714790171012,0,0.0274896528571844,0,0.0014497400261461,0,0.0051110759377479
0,0.0070630726404488,0,0.2413304895162582,0,0.3777137398719787,0,0.3333028852939605
0,0.0015689169522374,0,0.120901770889759,0,0.0631946697831153,0,0.1015839353203773
0,0.0002223907067673,0,0.0339500494301319,0,0.0022192501928657,0,0.0029522576369345
0,0.0003727768198587,0,0.0182923730462789,0,0.0446944572031497,0,0.0367266088724136
0,0.0012267137644812,0,0.1120865941047668,0,0.1392915546894073,0,0.14092518389225
0,7.117757922969759e-05,0,0.0143864126875996,0,0.023161306977272,0,0.0446580201387405
0,0.0029036849737167,0,0.2209744900465011,0,0.3245547115802765,0,0.0868049189448356
0,0.1075098440051078,0,0.0601436346769332,0,0.0020639137364923,0,0.0065872124396264
0,0.0012172138085588,0,0.3740206956863403,0,0.6227584481239319,0,0.2102086842060089
0,0.0006613393779844,0,0.0691105499863624,0,0.0106866881251335,0,0.0014879863010719
0,0.0016047729877755,0,0.0706362202763557,0,0.0016212897608056,0,0.0024544599000364
0,0.0009299567318521,0,0.0413732193410396,0,0.0069694723933935,0,0.0012635359307751
0,0.3689427077770233,0,0.0741593092679977,0,0.0172379128634929,0,0.2773668766021728
0,0.0045712920837104,0,0.0395575426518917,0,0.0138936946168541,0,0.0632608607411384
0,0.0001797288859961,0,0.0194296259433031,0,0.0019556120969355,0,0.0197460297495126
0,0.8866004943847656,0,0.0343455858528614,0,0.0313832275569438,0,0.0703762248158454
0,0.000157971138833,0,0.0589519925415515,0,0.0325087495148181,0,0.0156521257013082
0,0.0002074609074043,0,0.0155910952016711,0,0.0034001974854618,0,0.0083782980218529
0,0.0008964489097706,0,0.1651096194982528,0,0.0727419182658195,0,0.1913130432367324
0,0.0001571361499372,0,0.0415628105401992,0,0.0505912899971008,0,0.0155629385262727
0,0.0017536107916384,0,0.1244921833276748,0,0.1070757731795311,0,0.2672188282012939
0,0.0001366519281873,0,0.0153623409569263,0,0.0015442814910784,0,0.0088669452816247
0,0.0007545117405243,0,0.17451012134552,0,0.0763088464736938,0,0.2303912490606308
0,0.0001906213146867,0,0.0697875842452049,0,0.0153709994629025,0,0.0241455473005771
0,0.0001778017467586,0,0.0174863338470459,0,0.0147371478378772,0,0.0033274781890213
0,0.0001831947884056,0,0.0192798729985952,0,0.0003872386587318,0,0.0013450313126668
0,0.0019823489710688,0,0.3327986896038055,0,0.7377154231071472,0,0.1564778387546539
0,0.0003679746878333,0,0.0116861229762434,0,0.0021775786299258,0,0.0396571233868598
0,0.0003181951469741,0,0.014430915005505,0,0.0004386140499264,0,0.0026895774062722
0,0.0012951856479048,0,0.3597487509250641,0,0.6393879055976868,0,0.0776073336601257
0,0.0120996730402112,0,0.0111093753948807,0,0.0031897849403321,0,0.0216215997934341
0,0.003454401390627,0,0.4401405453681946,0,0.0952797010540962,0,0.4714891016483307
0,0.0027210034895688,0,0.0264338441193103,0,0.0312715955078601,0,0.0186305213719606
0,0.0007973960018716,0,0.0270176343619823,0,0.0084720384329557,0,0.009328868240118
0,6.842541188234463e-05,0,0.0176953822374343,0,0.0482208393514156,0,0.0073639256879687
0,7.667006138944998e-05,0,0.0486744455993175,0,0.034471645951271,0,0.0023413328453898
0,0.0083104986697435,0,0.0422585755586624,0,0.0247926544398069,0,0.0085861748084425
0,0.0014974836958572,0,0.0696190744638443,0,0.3555479645729065,0,0.038937360048294
0,0.0002279832988278,0,0.012551100924611,0,0.0084046442061662,0,0.0228656213730573
0,0.0002893850614782,0,0.011880294419825,0,0.0052316077053546,0,0.0026870970614254
0,0.0007728018099442,0,0.0185546297580003,0,0.0029634430538862,0,0.0036537935957312
0,0.0004207610618323,0,0.0178522672504186,0,0.0235811043530702,0,0.0167681630700826
0,0.0006549368845298,0,0.0270595196634531,0,0.1395450234413147,0,0.0012134815333411
0,0.0003215183678548,0,0.0189141705632209,0,0.0075663952156901,0,0.0066696139983832
0,0.0002715007285587,0,0.0830093845725059,0,0.0029253785032778,0,0.0020246682688593
0,7.492242002626881e-05,0,0.0088055469095706,0,0.002247099764645,0,0.0022098391782492
0,9.972802945412695e-05,0,0.0199225023388862,0,0.002640105318278,0,0.029486559331417
0,1.779045669536572e-05,0,0.0247818510979414,0,0.000272340956144,0,0.0305066779255867
0,0.0001993858750211,0,0.0278566852211952,0,0.0005683876224793,0,0.0048614712432026
0,0.0761607885360717,0,0.2989473044872284,0,0.3387320935726166,0,0.050413578748703
0,6.193055014591664e-05,0,0.0526882149279117,0,0.0010676180245354,0,0.001819142140448
0,0.0001281332370126,0,0.0404237732291221,0,0.0041797901503741,0,0.0035610706545412
0,0.0974408164620399,0,0.4051797688007355,0,0.2751137912273407,0,0.0711802914738655
0,0.0013373947003856,0,0.2841893434524536,0,0.6747147440910339,0,0.3906475007534027
0,0.1917095929384231,0,0.3668282032012939,0,0.4283208847045898,0,0.1045674756169319
0,0.2112866640090942,0,0.0750003084540367,0,0.3104953467845917,0,0.0551273860037326
0,7.11277752998285e-05,0,0.0432857945561409,0,0.0015187995741143,0,0.005304133053869
0,0.3695095181465149,0,0.3024564683437347,0,0.0849608331918716,0,0.1016240939497947
0,5.9088735724799335e-05,0,0.0386246852576732,0,0.0001131258104578,0,0.0024851039052009
0,0.0002312403958057,0,0.0396452471613884,0,0.0022798858117312,0,0.0059977965429425
0,0.000446235819254,0,0.0358089581131935,0,0.0003339043178129,0,0.0024560226593166
0,0.0006171683198772,0,0.0968493893742561,0,0.0030376559589058,0,0.0100332833826541
1,0.8037334680557251,1,0.7955753803253174,1,0.4471011459827423,1,0.3565366566181183
1,0.036779660731554,1,0.395683616399765,1,0.6495760083198547,1,0.3688332736492157
1,0.9250237345695496,1,0.5575621724128723,1,0.8579092025756836,1,0.5812332630157471
1,0.0066777630709111,1,0.8534857034683228,1,0.913141667842865,1,0.9420189261436462
1,0.0608240291476249,1,0.8971699476242065,1,0.7330306172370911,1,0.8120492100715637
1,0.0001461091014789,1,0.0535459443926811,1,0.0118741225451231,1,0.0113407801836729
1,0.0002055645600194,1,0.0648026317358017,1,0.0041899248026311,1,0.023681653663516
1,0.0004128585278522,1,0.1810271441936493,1,0.025720739737153,1,0.0842817947268486
1,0.0034666077699512,1,0.4218730330467224,1,0.3958460390567779,1,0.7290735244750977
1,0.8835192322731018,1,0.7826473712921143,1,0.9413846731185912,1,0.8772220611572266
1,0.9835627675056458,1,0.740946352481842,1,0.97065269947052,1,0.9020679593086244
1,0.0010276972316205,1,0.1984641253948211,1,0.2509877383708954,1,0.5231610536575317
1,0.6895387768745422,1,0.559459388256073,1,0.3582172989845276,1,0.4416667222976684
1,0.0100032947957515,1,0.1981197446584701,1,0.1163411736488342,1,0.6729748845100403
1,0.9944865107536316,1,0.7209545969963074,1,0.9893497824668884,1,0.9654936790466307
1,0.9952971339225768,1,0.88294517993927,1,0.99988853931427,1,0.9905425906181335
1,0.8303433060646057,1,0.878107488155365,1,0.9374483823776244,1,0.8105348944664001
1,0.0617605820298194,1,0.4922318458557129,1,0.8913422226905823,1,0.6162393093109131
1,0.000517314125318,1,0.0588363632559776,1,0.0135660544037818,1,0.0016302708536386
1,0.0014925978612154,1,0.2280591428279876,1,0.8340374231338501,1,0.05009126663208
1,0.0199931748211383,1,0.1635157167911529,1,0.2032380104064941,1,0.2165877223014831
0,0.000264772970695,0,0.0443408116698265,0,0.038490105420351,0,0.0154707208275794
0,4.616118894773536e-05,0,0.0149565590545535,0,0.0053843557834625,0,0.0100768404081463
0,0.2847110033035278,0,0.0311093647032976,0,0.0187451932579278,0,0.039376251399517
0,0.000341903505614,0,0.069095104932785,0,0.0243243668228387,0,0.0398967564105987
0,4.668819747166708e-05,0,0.04163808375597,0,0.0125276073813438,0,0.0143512496724724
0,0.0006655998295173,0,0.0154534289613366,0,0.0518598966300487,0,0.0127339912578463
0,0.0003146154631394,0,0.05604774877429,0,0.0416961275041103,0,0.0283589251339435
0,0.0002772910520434,0,0.0176281798630952,0,0.0382024273276329,0,0.0292561892420053
0,0.000666068168357,0,0.0264268796890974,0,0.0029300719033926,0,0.0180594231933355
0,0.1022430509328842,0,0.2985874712467193,0,0.4769850373268127,0,0.0877041593194007
0,0.0006280081579461,0,0.0923650339245796,0,0.0166847836226224,0,0.0134281031787395
0,0.0008588969358243,0,0.1359883695840835,0,0.0381372049450874,0,0.0205873828381299
0,5.02145012433175e-05,0,0.2172862738370895,0,0.0699632614850997,0,0.0305486414581537
0,6.402537110261619e-05,0,0.1449334025382995,0,0.0154531979933381,0,0.0064496300183236
0,0.7918857336044312,0,0.5985264778137207,0,0.8856033086776733,0,0.4708358943462372
0,0.3757298588752746,0,0.6203255653381348,0,0.5093608498573303,0,0.2541786134243011
0,0.0100460071116685,0,0.1282426416873932,0,0.0890619903802871,0,0.2241070419549942
0,0.1595040559768676,0,0.187994047999382,0,0.0334826819598674,0,0.0332844033837318
0,0.0043860604055225,0,0.0992291942238807,0,0.0562183931469917,0,0.0673979073762893
0,0.3147516846656799,0,0.2714840173721313,0,0.1872008293867111,0,0.2260476946830749
0,0.0006169156986288,0,0.0315036848187446,0,0.1494503915309906,0,0.1505011916160583
0,0.0018238723278045,0,0.0386548154056072,0,0.003074808511883,0,0.0054952725768089
0,6.443975144065917e-05,0,0.0593731552362442,0,0.001307189464569,0,0.0137779377400875
0,0.0230333432555198,0,0.4962888658046722,0,0.013622848317027,0,0.3079400956630707
0,0.0001716517144814,0,0.0272294394671916,0,0.0799120888113975,0,0.2033475488424301
0,0.0003222475061193,0,0.0243169851601123,0,0.0108737954869866,0,0.0024033123627305
0,0.0035405091475695,0,0.0254199132323265,0,0.0087512927129864,0,0.0013611989561468
0,0.0002141411823686,0,0.0617834664881229,0,0.0190139673650264,0,0.0146652739495038
0,0.0002953119401354,0,0.0164553523063659,0,0.0025077175814658,0,0.0095095820724964
0,0.000267449155217,0,0.0717882812023162,0,0.001823968719691,0,0.0714841187000274
0,0.000113183967187,0,0.159606784582138,0,0.2161680310964584,0,0.0496473982930183
0,0.0003243037790525,0,0.067725084722042,0,0.0025933142751455,0,0.0139088258147239
0,9.371506166644394e-05,0,0.2063639312982559,0,0.0639799386262893,0,0.1272437125444412
0,0.0053602904081344,0,0.4894125759601593,0,0.0563169382512569,0,0.3522831201553345
0,0.0169063210487365,0,0.4823550581932068,0,0.1738363653421402,0,0.4581364095211029
0,0.0007028726977296,0,0.0364274196326732,0,0.0036965089384466,0,0.0096824308857321
0,0.0001930029102368,0,0.0291528757661581,0,0.0002891280455514,0,0.0059495852328836
0,0.0001614965003682,0,0.075394682586193,0,0.0020603253506124,0,0.0068898140452802
0,0.0001636162778595,0,0.0091112218797206,0,0.003190009156242,0,0.0051967385224998
0,0.0003204271779395,0,0.0044905561953783,0,0.018294857814908,0,0.0197313353419303
0,0.000535511993803,0,0.0466235391795635,0,0.0032087790314108,0,0.0149409221485257
0,0.0004188048187643,0,0.0299742370843887,0,0.0005811365554109,0,0.0065319738350808
0,0.0005640095914714,0,0.021393921226263,0,0.0052772890776395,0,0.0201709177345037
0,9.814020449994132e-05,0,0.0264018643647432,0,0.0022170478478074,0,0.0016356761334463
0,0.0001503374369349,0,0.0064678606577217,0,0.0132089350372552,0,0.0255148150026798
0,0.0027297579217702,0,0.043795995414257,0,0.0006783549906685,0,0.0042960392311215
0,0.0010935876052826,0,0.0791880935430526,0,0.0004036726022604,0,0.0064235632307827
0,0.0032861642539501,0,0.2207686454057693,0,0.2669360637664795,0,0.7380789518356323
0,4.66713281639386e-05,0,0.0161878671497106,0,0.0005072010098956,0,0.0008077722159214
0,0.0005131182260811,0,0.108122631907463,0,0.1114365458488464,0,0.6091614961624146
0,2.793091880448628e-05,0,0.0201469659805297,0,0.003496300894767,0,0.0003277176874689
0,0.1697432696819305,0,0.1910142600536346,0,0.4173802137374878,0,0.513943076133728
0,0.0122265117242932,0,0.2887787818908691,0,0.5126756429672241,0,0.2845215201377868
0,0.0016111157601699,0,0.3036319613456726,0,0.126801535487175,0,0.1011131107807159
0,0.000338621699484,0,0.1830579042434692,0,0.0206350106745958,0,0.3306003212928772
0,0.0005409878795035,0,0.1190318688750267,0,0.067124992609024,0,0.2268577516078949
0,0.1360519677400589,0,0.3889366686344147,0,0.4219810962677002,0,0.6193760633468628
0,0.0039857514202594,0,0.4330802261829376,0,0.1574237495660781,0,0.0499110519886016
0,0.0001237953983945,0,0.0219108071178197,0,0.0010424873325973,0,0.0015220245113596
0,4.413204442244023e-05,0,0.0029243326280266,0,0.0007623112760484,0,0.0100874099880456
0,0.0054956767708063,0,0.0860927775502204,0,0.0261220969259738,0,0.0518957674503326
0,0.0001356382999802,0,0.0923856645822525,0,0.0470694564282894,0,0.1288918405771255
0,1.3304689673532266e-05,0,0.0076113175600767,0,0.0007590966997668,0,0.0004819939495064
0,5.8241475926479325e-05,0,0.0090546738356351,0,0.0041549927555024,0,0.0015318620717152
0,0.0003807216417044,0,0.0270632356405258,0,0.0063570071943104,0,0.028374271467328
0,0.0022372440434992,0,0.0202284809201955,0,0.0020992206409573,0,0.0142349926754832
0,0.0399104766547679,0,0.5949726104736328,0,0.2069414854049682,0,0.2614810764789581
0,0.3602878451347351,0,0.4066806435585022,0,0.4592671394348144,0,0.0890136286616325
0,0.0001333720574621,0,0.0144819421693682,0,0.0197400115430355,0,0.0328522250056266
0,0.0002262220223201,0,0.0873511135578155,0,0.0627554878592491,0,0.0844660475850105
0,0.3646063506603241,0,0.2067174315452575,0,0.7419358491897583,0,0.2713852822780609
0,0.0285351984202861,0,0.1842663586139679,0,0.0302750393748283,0,0.1550851613283157
0,0.8167030811309814,0,0.1340214759111404,0,0.0029375399462878,0,0.1120487079024314
0,0.0001575872011017,0,0.0652333945035934,0,0.1308104991912841,0,0.0225956961512565
0,0.0022724180016666,0,0.7412196397781372,0,0.232132077217102,0,0.6484701037406921
0,0.0228898730129003,0,0.3310149908065796,0,0.3107113838195801,0,0.2699442207813263
0,0.012025399133563,0,0.6749129891395569,0,0.086965262889862,0,0.5344858765602112
0,0.1153505817055702,0,0.5446656942367554,0,0.0709103569388389,0,0.4032394886016845
0,0.010319709777832,0,0.5238436460494995,0,0.1439707279205322,0,0.4941054582595825
0,0.0050328839570283,0,0.2698326408863067,0,0.1470361351966858,0,0.2716186046600342
0,0.0700879991054534,0,0.0541662536561489,0,0.0256508905440568,0,0.0076528456993401
0,0.0935295149683952,0,0.073483794927597,0,0.0601388104259967,0,0.0111086210235953
0,0.0894925743341445,0,0.0614889226853847,0,0.0151915680617094,0,0.0136716477572917
0,0.0014053642516955,0,0.0246191434562206,0,0.0580574087798595,0,0.0076811173930764
0,0.0008743947837501,0,0.0846925899386406,0,0.0224474593997001,0,0.0198357105255126
0,0.000533107900992,0,0.0138443708419799,0,0.0009153067367151,0,0.0066737718880176
0,0.000101512443507,0,0.0456197932362556,0,0.0027071749791502,0,0.0441485866904258
0,0.0059105646796524,0,0.0833389535546302,0,0.1443444788455963,0,0.0622612610459327
0,7.381533941952512e-05,0,0.0672925263643264,0,0.0106533858925104,0,0.0131024019792675
0,9.289693844038992e-05,0,0.0532245598733425,0,0.0359918251633644,0,0.0708400011062622
0,0.0002415255294181,0,0.1255164444446563,0,0.3390609323978424,0,0.157554343342781
0,0.0013766668271273,0,0.0625936016440391,0,0.0031648641452193,0,0.005643299780786
0,0.0011200192384421,0,0.2123949378728866,0,0.2953141033649444,0,0.0348031893372535
0,0.9898057579994202,0,0.7309494018554688,0,0.9778831005096436,0,0.8880754709243774
0,0.0256180260330438,0,0.3004275858402252,0,0.0201339237391948,0,0.0394374094903469
0,9.612047870177776e-05,0,0.1247221753001213,0,0.04822264239192,0,0.0191326774656772
0,0.9165453314781188,0,0.735170304775238,0,0.9311033487319946,0,0.805834949016571
0,0.0039139459840953,0,0.2189247906208038,0,0.0054720686748623,0,0.0964330807328224
0,0.0001170403702417,0,0.2676368653774261,0,0.1286994069814682,0,0.0242196079343557
0,0.9432584643363952,0,0.6537258625030518,0,0.9162588119506836,0,0.8217467069625854
0,0.0017848033457994,0,0.0739414319396019,0,0.0091963354498147,0,0.0145974196493625
0,0.0004714972164947,0,0.0329436287283897,0,0.0007818058948032,0,0.005384128075093
0,0.0005702105117961,0,0.0244049187749624,0,0.0005229129455983,0,0.0057885963469743
0,0.0006902022869326,0,0.0353714078664779,0,8.95883931661956e-05,0,0.0013645548606291
0,0.0004903617082163,0,0.1257719248533249,0,0.0056966841220855,0,0.0410315319895744
0,0.0032215500250458,0,0.1756700724363327,0,0.001028930186294,0,0.141407161951065
0,0.0003803565632551,0,0.0953977853059768,0,6.971908442210406e-05,0,0.0085751982405781
0,0.0003378652327228,0,0.1446030139923095,0,8.137385884765536e-05,0,0.0071285595186054
0,0.0202200859785079,0,0.1847860217094421,0,0.5676255226135254,0,0.3128077685832977
0,0.0002188928920077,0,0.0022516371682286,0,0.0009239624487236,0,0.0025721178390085
0,0.0004066420951858,0,0.0094453068450093,0,0.0037992892321199,0,0.0036139644216746
0,0.0002238650195067,0,0.081362210214138,0,0.0018292033346369,0,0.0519597120583057
0,0.000260812084889,0,0.1712041646242141,0,0.133599579334259,0,0.3470147550106048
0,6.683891115244478e-05,0,0.0059476513415575,0,0.0005644459743052,0,0.0016341225709766
0,0.0002359796053497,0,0.0034865140914916,0,0.0001384265051456,0,0.0021478708367794
0,0.013568383641541,0,0.1227159202098846,0,0.2046471983194351,0,0.455441415309906
0,0.0003878632560372,0,0.1019824966788292,0,0.2565900981426239,0,0.1721066981554031
0,0.0001198580866912,0,0.003996648825705,0,0.0006973801064305,0,0.0027395579963922
0,0.0013668498722836,0,0.0032114905770868,0,0.0003033277462236,0,0.0019323067972436
0,0.0008451249450445,0,0.0079870540648698,0,0.0022337436676025,0,0.0029791372362524
0,0.0004555781197268,0,0.0888338163495063,0,0.0058055892586708,0,0.015913363546133
0,0.0004725052276626,0,0.0673516169190406,0,0.002813633531332,0,0.0065126898698508
0,0.0002107136097038,0,0.0336323790252208,0,0.0049003781750798,0,0.0110390288755297
0,0.0003983632486779,0,0.1080225855112075,0,0.0012037651613354,0,0.0042286473326385
0,0.8071518540382385,0,0.6901804804801941,0,0.3787778317928314,0,0.3605182468891144
0,0.0025901612825691,0,0.7645529508590698,0,0.5276567339897156,0,0.6866140961647034
0,0.0002488941536284,0,0.011229133233428,0,0.0005685981013812,0,0.0021400635596364
0,0.0006358593236654,0,0.0063479896634817,0,0.0006529851816594,0,0.0016478663310408
0,9.227442205883564e-05,0,0.008731641806662,0,0.0016918868059292,0,0.0134000647813081
0,0.0001291575317736,0,0.0080127250403165,0,0.000333728006808,0,0.0008631166419945
0,9.553052950650454e-05,0,0.0053909681737422,0,0.0003943718038499,0,0.0008902419358491
0,0.0103608053177595,0,0.0353358387947082,0,0.050395593047142,0,0.1020591706037521
0,0.0001929585559992,0,0.0016631491016596,0,0.0023213552776724,0,0.0058591444976627
0,0.000191335871932,0,0.0187004096806049,0,0.0006052554235793,0,0.000388442131225
0,4.352857285994105e-05,0,0.0152926547452807,0,0.0007582364487461,0,0.0003695685009006
0,0.0002105527382809,0,0.0039770929142832,0,0.0002087264147121,0,0.0932871252298355
0,0.0004713799571618,0,0.0116556910797953,0,0.0032204783055931,0,0.004562294576317
0,0.9895917773246764,0,0.8047592639923096,0,0.8647667765617371,0,0.5096247792243958
0,0.0031940252520143,0,0.0240913424640893,0,0.2952130436897278,0,0.0048544285818934
0,0.0009705061675049,0,0.1105290353298187,0,0.0149890854954719,0,0.0306642204523086
0,0.0005977312102913,0,0.0211051162332296,0,0.3160646557807922,0,0.0166471619158983
0,0.0002245957584818,0,0.1066104769706726,0,0.020244600251317,0,0.0061267893761396
0,0.0006696624914184,0,0.0228754468262195,0,0.0205098539590835,0,0.0082545252516865
0,0.0002460702089592,0,0.0263254884630441,0,0.2383104562759399,0,0.0062174322083592
0,0.0001028008191497,0,0.0417994633316993,0,0.001900220173411,0,0.0017915477510541
0,0.0002505634329281,0,0.0180859137326478,0,0.0001330457307631,0,0.0072779930196702
0,0.0009729433222673,0,0.0972707867622375,0,0.0707160979509353,0,0.0046241930685937
0,0.0009968327358365,0,0.079978235065937,0,0.0068651596084237,0,0.015769425779581
0,0.0007611564942635,0,0.0170989111065864,0,0.0019108343403786,0,0.0083855427801609
0,0.0001037527472362,0,0.0579412244260311,0,0.0112995849922299,0,0.0134356906637549
0,0.0041049807332456,0,0.0842944905161857,0,0.0122670801356434,0,0.0859031826257705
0,0.0097876004874706,0,0.2037079334259033,0,0.0267713274806737,0,0.0887729525566101
0,0.0002400505036348,0,0.0374740771949291,0,0.2073683887720108,0,0.0600863955914974
0,0.0043141576461493,0,0.0604850575327873,0,0.1456427723169326,0,0.0295270513743162
0,0.0003015932452399,0,0.0175063982605934,0,0.0259655024856328,0,0.0025122077204287
0,0.0009460619767196,0,0.2500973343849182,0,0.0542246215045452,0,0.0951671376824379
0,0.0008781285723671,0,0.0268134139478206,0,0.0594372153282165,0,0.2623052895069122
0,0.0027418022509664,0,0.0372190326452255,0,0.0388746410608291,0,0.0089631211012601
0,0.0036127094645053,0,0.2691689729690552,0,0.3187516033649444,0,0.1359665691852569
0,0.0050686527974903,0,0.6217637062072754,0,0.7415834665298462,0,0.2338416278362274
0,0.0046544251963496,0,0.18774975836277,0,0.0694512277841568,0,0.0741899907588958
0,5.58044521312695e-05,0,0.06333589553833,0,0.0046005207113921,0,0.0177386924624443
0,0.0005551898502744,0,0.0907749682664871,0,0.0274276714771986,0,0.01003891043365
0,0.0004232474020682,0,0.0488943643867969,0,0.000140335643664,0,0.0022783102467656
0,0.0160083882510662,0,0.0435130558907985,0,0.0028243795968592,0,0.007436019834131
0,0.0059456187300384,0,0.036092635244131,0,0.0005978585686534,0,0.0178361386060714
0,0.0122193107381463,0,0.0595022290945053,0,0.0247360318899154,0,0.0954502448439598
0,0.000173706546775,0,0.0590322688221931,0,0.0089824823662638,0,0.0376503206789493
0,0.0014149601338431,0,0.0715852230787277,0,0.0135893262922763,0,0.0190921742469072
0,4.905325477011502e-05,0,0.0420493297278881,0,0.0023181438446044,0,0.0004322670574765
0,0.0001180824765469,0,0.2909709215164184,0,0.3874697387218475,0,0.0529850162565708
0,0.0001408662938047,0,0.2095044404268264,0,0.0132448645308613,0,0.0291658341884613
0,0.0010256901150569,0,0.2588455080986023,0,0.0606419667601585,0,0.1598469614982605
0,0.0011434747138991,0,0.2315963804721832,0,0.037810381501913,0,0.0884923115372657
0,0.0013308281777426,0,0.039003387093544,0,0.0012670621508732,0,0.054849300533533
0,0.0027048960328102,0,0.0405453369021415,0,0.0046215248294174,0,0.0050631463527679
0,0.000376879266696,0,0.1390332728624344,0,0.0060425056144595,0,0.0044904155656695
0,4.670235648518428e-05,0,0.0342903696000576,0,0.001494474359788,0,0.0023172835353761
0,6.970664981054142e-05,0,0.0309186037629842,0,0.0019250904442742,0,0.0032634185627102
0,4.421330231707543e-05,0,0.043508768081665,0,0.0013702901778742,0,0.0024534922558814
0,0.0006553327548317,0,0.1321352124214172,0,0.0613854527473449,0,0.0413853041827678
0,0.0008511862833984,0,0.0764982849359512,0,0.1015872508287429,0,0.5877553820610046
0,0.000708952487912,0,0.1301947981119156,0,0.1112321838736534,0,0.0899311006069183
0,0.0006803089054301,0,0.1583246886730194,0,0.1535121649503708,0,0.3025753796100616
0,0.0031706735026091,0,0.1679226160049438,0,0.2542124986648559,0,0.0227344036102294
0,0.0066845216788351,0,0.2675961852073669,0,0.4230721294879913,0,0.0699337646365165
0,0.0050888722762465,0,0.2507095038890838,0,0.8386585116386414,0,0.0341677814722061
0,0.0012851762585341,0,0.0843382105231285,0,0.1186966300010681,0,0.025642242282629
0,0.0002040052349912,0,0.0624958053231239,0,0.0008385093533433,0,0.0293220020830631
0,0.5390044450759888,0,0.3369463384151459,0,0.823513388633728,0,0.5266631841659546
0,8.696645818417892e-05,0,0.0416203662753105,0,0.0010507911210879,0,0.0028958469629287
0,0.1518396288156509,0,0.4175085127353668,0,0.609582781791687,0,0.7530754208564758
0,0.0002465934958308,0,0.0228834263980388,0,0.0042558778077363,0,0.0158908888697624
0,5.632707689073868e-05,0,0.0077810590155422,0,0.0010944699170067,0,0.0022752264048904
0,9.114349813899024e-05,0,0.0327016822993755,0,0.0002639701706357,0,0.0043208501301705
0,0.0001386672083754,0,0.0279934275895357,0,0.0008001991081982,0,0.0005210015224292
0,7.748296775389463e-05,0,0.0176438018679618,0,0.0019663677085191,0,0.001784931635484
0,0.000371923088096,0,0.007876650430262,0,0.0005948727484792,0,0.0092214038595557
0,0.0001402807974955,0,0.0310619827359914,0,0.0013992984313517,0,0.000635792966932
0,5.454415804706514e-05,0,0.0278343241661787,0,0.0013628554297611,0,0.0019192832987755
0,0.0001234610826941,0,0.0128335086628794,0,0.0005030334577895,0,0.0020232247188687
0,0.0263065304607152,0,0.1906902492046356,0,0.1433382630348205,0,0.0654210373759269
0,0.0003358234534971,0,0.4197536110877991,0,0.1146748661994934,0,0.2609511315822601
0,0.0002336806355742,0,0.2889527380466461,0,0.0060849324800074,0,0.0533555261790752
0,0.000203933857847,0,0.03906961530447,0,0.001753500662744,0,0.0078625734895467
0,5.831255839439109e-05,0,0.0031477950979024,0,0.0001818472373997,0,0.0029877254273742
0,0.0002251190890092,0,0.0437796153128147,0,0.0009257319616153,0,0.0014902125112712
0,0.0001593874912941,0,0.0539912320673465,0,0.0026102669071406,0,0.0006629071431234
0,0.0002787919656839,0,0.0149699551984667,0,0.004862361587584,0,0.0566962212324142
0,0.0001624540891498,0,0.0069391508586704,0,0.004440389573574,0,0.0176202710717916
0,0.0009593213326297,0,0.0283214300870895,0,0.0136939454823732,0,0.0278400089591741
0,0.0017618611454963,0,0.0943177491426467,0,0.0004727600316982,0,0.0040252720937132
0,0.0002126420731656,0,0.1334861665964126,0,0.0032887801062315,0,0.0067410450428724
0,0.0119158467277884,0,0.0571945905685424,0,0.0058971396647393,0,0.006461527198553
0,0.0007710499921813,0,0.0239303596317768,0,0.0129751721397042,0,0.0051585705950856
0,0.0002734105219133,0,0.106549933552742,0,0.0008170491200871,0,0.0056334775872528
0,0.0015212848084047,0,0.1280964910984039,0,0.0076916241087019,0,0.2805496454238891
0,0.0002950364432763,0,0.1779810786247253,0,0.0315898917615413,0,0.0222779959440231
0,0.020157216116786,0,0.0938249677419662,0,0.1085048019886016,0,0.0878415033221244
0,4.802413241122849e-05,0,0.0216126106679439,0,0.0003359770053066,0,0.0017505466239526
0,0.000268950156169,0,0.0091761453077197,0,0.0035231653600931,0,0.0026421027723699
0,0.0002867099829018,0,0.0178678072988986,0,0.0011361679062247,0,0.0036772193852812
0,0.0273751392960548,0,0.2987932562828064,0,0.9381954073905944,0,0.3146204352378845
0,0.1108196899294853,0,0.2629221975803375,0,0.8985249996185303,0,0.2844628095626831
0,0.001133122597821,0,0.028120681643486,0,0.0003294609778095,0,0.0106532545760273
0,8.908491872716695e-05,0,0.0254062432795763,0,0.005759222432971,0,0.0020512207411229
0,0.0002139577118214,0,0.0259456783533096,0,0.0017674309201538,0,0.007505880203098
0,6.955221761018038e-05,0,0.0207994244992733,0,0.0011252471012994,0,0.0009294779156334
0,0.0001929261779878,0,0.0204748939722776,0,0.0054405494593083,0,0.0011984879383817
0,0.0009472823003306,0,0.043488573282957,0,0.0011275606229901,0,0.0130479224026203
0,8.896421059034765e-05,0,0.0222742203623056,0,0.0001430504780728,0,0.0024870205670595
0,0.0001204933942062,0,0.0197022166103124,0,0.0009804888395592,0,0.0030419696122407
0,0.0001217836615978,0,0.0215374026447534,0,0.0018333659972995,0,0.0049781603738665
0,0.0013615197967737,0,0.0258057732135057,0,0.026026165112853,0,0.011942402459681
0,0.0005308681866154,0,0.0050363549962639,0,0.0028893637936562,0,0.0018562143668532
0,0.0006205009995028,0,0.0454209372401237,0,0.0005546094034798,0,0.0117634385824203
0,0.0001303631870541,0,0.0259375497698783,0,0.0013532842276617,0,0.0041005425155162
0,0.0003223476815037,0,0.0227757692337036,0,0.0057423403486609,0,0.003691267222166
0,0.0010134561453014,0,0.0248059667646884,0,0.0148568162694573,0,0.010943915694952
0,0.0005266118096187,0,0.0330230817198753,0,0.0032856191974133,0,0.0012602917850017
0,0.0001191072587971,0,0.0060285883955657,0,0.0011765429517254,0,0.0137438839301466
0,7.942063530208543e-05,0,0.0341351144015789,0,0.0002248935925308,0,0.0126501293852925
0,0.0062567815184593,0,0.1863811612129211,0,0.0267008114606142,0,0.0100666331127285
0,0.0001748171634972,0,0.0354304425418376,0,0.001333286287263,0,0.0023852717131376
0,0.0002435140922898,0,0.0141769899055361,0,0.0020047056023031,0,0.0134147424250841
0,0.0013427454978227,0,0.0122828986495733,0,0.0023464730475097,0,0.0139625100418925
0,0.0001717750128591,0,0.0896052867174148,0,0.0127184614539146,0,0.0403811410069465
0,0.0003759857208933,0,0.0383239947259426,0,0.0010162063408643,0,0.035594392567873
0,0.0003223821113351,0,0.1149726137518882,0,0.011372516863048,0,0.0335361137986183
0,0.000218053421122,0,0.1290700137615203,0,0.185583159327507,0,0.360215961933136
0,0.0033408501185476,0,0.0875808298587799,0,0.0499119684100151,0,0.0884685069322586
0,0.0002479372778907,0,0.0087557453662157,0,0.0016911573475226,0,0.0010990959126502
0,0.0003547196101862,0,0.0102292150259017,0,0.0012923058820888,0,0.0078386142849922
0,0.0093953944742679,0,0.2412466406822204,0,0.0499735623598098,0,0.0262364465743303
0,0.0014026339631527,0,0.0590448267757892,0,0.0155790904536843,0,0.019656179472804
0,0.0001348183432128,0,0.1427831053733825,0,0.1089468002319336,0,0.1184695363044738
0,5.956618406344205e-05,0,0.0261602997779846,0,0.0043628066778182,0,0.0151099655777215
0,0.000502988579683,0,0.0465047322213649,0,0.0197210777550935,0,0.0101977959275245
0,0.0006396198878064,0,0.026391202583909,0,0.0195215623825788,0,0.017501626163721
0,0.0002489138278178,0,0.0411861799657344,0,0.0040847552008926,0,0.0085528744384646
0,0.0008676316356286,0,0.1092965602874755,0,0.0075057493522763,0,0.024416159838438
0,0.0003908931103069,0,0.005456150509417,0,0.0001647914905333,0,0.0027864060830324
0,0.0001722504966892,0,0.0137120438739657,0,0.001137672108598,0,0.0017034754855558
0,0.0001869888947112,0,0.0116347977891564,0,0.0004200867551844,0,0.0028888992965221
0,0.0015001455321907,0,0.140262097120285,0,0.0771356523036956,0,0.0344601795077323
0,0.0007305096369236,0,0.0945892110466957,0,0.0006450680084526,0,0.021342996507883
1,0.0013073525624349,1,0.1090002059936523,1,0.6726393103599548,1,0.0572969503700733
1,0.0404779277741909,1,0.4731000065803528,1,0.7479825615882874,1,0.0527479127049446
1,0.0038779727183282,1,0.5243234634399414,1,0.6259581446647644,1,0.549709141254425
1,0.0778468772768974,1,0.2091240137815475,1,0.6219561696052551,1,0.3128976821899414
1,0.0095814792439341,1,0.1231636330485344,1,0.2911218404769897,1,0.5742138028144836
1,0.9769266247749328,1,0.9336787462234496,1,0.9965638518333436,1,0.959566593170166
1,0.0068521895445883,1,0.4132712483406067,1,0.1107005625963211,1,0.395782470703125
1,0.2072003930807113,1,0.5053426027297974,1,0.3843438327312469,1,0.5164783000946045
1,0.1197765916585922,1,0.6885454654693604,1,0.3671789169311523,1,0.8326650857925415
1,0.9982576966285706,1,0.6338555812835693,1,0.9035969376564026,1,0.9616642594337464
1,0.7167259454727173,1,0.8610318303108215,1,0.6148963570594788,1,0.9389821290969848
1,0.0164566095918416,1,0.7034124135971069,1,0.6969876885414124,1,0.535550057888031
1,0.0012679483043029,1,0.3380363285541534,1,0.3686937987804413,1,0.3105078339576721
1,0.001866876380518,1,0.6401948928833008,1,0.537956714630127,1,0.3468249142169952
1,0.0121810501441359,1,0.5403007864952087,1,0.3940406143665313,1,0.3744798600673675
0,0.0002982932783197,0,0.0607113167643547,0,0.022762693464756,0,0.0127537650987505
0,0.001229508430697,0,0.0364865474402904,0,0.0211677514016628,0,0.015169532969594
0,0.0645577162504196,0,0.2832616567611694,0,0.1482212245464325,0,0.1488213837146759
0,0.0002148150233551,0,0.0194099079817533,0,0.0033295219764113,0,0.0103567531332373
0,0.0005268942913971,0,0.0946025475859642,0,0.3701651990413666,0,0.2639637589454651
0,0.0283190160989761,0,0.3312167227268219,0,0.6867666840553284,0,0.6452392339706421
0,0.0007974146283231,0,0.0266524050384759,0,0.0025390705559402,0,0.1455862820148468
0,0.0906616523861885,0,0.2433305382728576,0,0.4838195145130157,0,0.2433097064495086
0,0.0124140009284019,0,0.2815037965774536,0,0.5180967450141907,0,0.1664535701274871
0,0.0015205650124698,0,0.0175688154995441,0,0.0007216043886728,0,0.0686541721224784
0,0.0213504955172538,0,0.3083179593086242,0,0.0816279128193855,0,0.3877005577087402
0,0.000607554859016,0,0.0373553819954395,0,0.0155749088153243,0,0.0095452424138784
0,0.5806578993797302,0,0.636836588382721,0,0.0796755999326706,0,0.732109546661377
0,0.0011005359701812,0,0.0223478395491838,0,0.0010769073851406,0,0.0009695800254121
0,5.625642734230496e-05,0,0.0445904061198234,0,0.0006218137568794,0,0.0004917007754556
0,6.269328150665388e-05,0,0.044936615973711,0,0.000719119911082,0,0.0006922533502802
0,0.0001014100853353,0,0.0178726017475128,0,8.785691898083314e-05,0,0.0023214225657284
0,6.037061757524498e-05,0,0.0303329117596149,0,0.0005031950422562,0,0.0008058140520006
0,0.0002984491584356,0,0.1231791004538536,0,0.0180618427693843,0,0.0340917408466339
0,7.45157158235088e-05,0,0.0241392776370048,0,0.0077432533726096,0,0.0159015860408544
0,0.1168819442391395,0,0.0338242724537849,0,0.0152706103399395,0,0.0611674524843692
0,5.291951310937293e-05,0,0.0062329545617103,0,0.0005826950655318,0,0.0010810260428115
0,0.0003778855025302,0,0.0108114499598741,0,0.0060998457483947,0,0.0108473282307386
0,0.0034788805060088,0,0.0138186868280172,0,0.0001669006887823,0,0.0204704999923706
0,0.0029149351175874,0,0.164273977279663,0,0.0092648398131132,0,0.0104124406352639
0,0.0013827374204993,0,0.0106080127879977,0,0.003570495871827,0,0.0120019661262631
0,0.0004269394266884,0,0.0665550380945205,0,0.0489156432449817,0,0.0352131053805351
0,0.0002671947877388,0,0.0732912197709083,0,0.0085055539384484,0,0.0214098412543535
0,0.0001820800825953,0,0.0550004802644252,0,0.0106307277455925,0,0.0051883962005376
0,0.0003172068099956,0,0.0954082161188125,0,0.0079274978488683,0,0.0166265051811933
0,0.0001581124961376,0,0.0743298977613449,0,0.0161321908235549,0,0.006180131342262
0,0.000203680829145,0,0.0523943826556205,0,0.0132270529866218,0,0.0101505471393466
0,7.01721801306121e-05,0,0.0423917286098003,0,0.0218769572675228,0,0.1977334171533584
0,0.00086295674555,0,0.0215093810111284,0,0.0038482975214719,0,0.0310470908880233
0,0.0003399094857741,0,0.0295664295554161,0,0.0005318695330061,0,0.0089355641975998
0,3.5946417483501136e-05,0,0.0320072174072265,0,0.0047178454697132,0,0.0007555719348601
0,0.0019198751542717,0,0.0494911856949329,0,0.0089533170685172,0,0.0139254676178097
0,0.0003484507324174,0,0.2743251919746399,0,0.0180391240864992,0,0.0353582799434661
0,0.0015808775788173,0,0.4582558572292328,0,0.3532258570194244,0,0.4402442574501037
0,0.0007433294667862,0,0.0389378294348716,0,0.0012922339374199,0,0.0028561213985085
0,0.0001443932269467,0,0.0269189365208148,0,0.000150277672219,0,0.0301168989390134
0,0.0003591126587707,0,0.0802848637104034,0,0.0074831484816968,0,0.0218499433249235
0,0.0001653177750995,0,0.0281709153205156,0,0.0006390248308889,0,0.061933234333992
0,0.000338392885169,0,0.0943752974271774,0,0.001549367327243,0,0.0241384785622358
0,9.724783012643456e-05,0,0.033122606575489,0,0.012219563126564,0,0.1458056271076202
0,3.6915804230375215e-05,0,0.0093433512374758,0,0.0003070373786613,0,0.0030567543581128
0,0.0002529544290155,0,0.0165860056877136,0,0.0356549657881259,0,0.0914148911833763
0,0.0142415789887309,0,0.2239240258932113,0,0.7412662506103516,0,0.0411987490952014
0,7.608898158650845e-05,0,0.0279532335698604,0,0.0142688900232315,0,0.1737786680459976
0,0.0203062444925308,0,0.2916653454303741,0,0.3012903034687042,0,0.028413251042366
0,0.020048851147294,0,0.2006162852048874,0,0.0055068838410079,0,0.0052873790264129
0,0.0001800522004486,0,0.427938163280487,0,0.4455868005752563,0,0.4257318675518036
0,0.3984902799129486,0,0.6374871730804443,0,0.3364812135696411,0,0.7268235087394714
0,0.0011762051144614,0,0.250334084033966,0,0.3929724395275116,0,0.5103994011878967
0,0.0001251284120371,0,0.0594883821904659,0,0.0082430569455027,0,0.0163832418620586
0,0.0002846340648829,0,0.0589904747903347,0,0.0104853343218564,0,0.0282602980732917
0,8.627006900496781e-05,0,0.0558645129203796,0,0.0053368732333183,0,0.013584105297923
0,0.0007811930263414,0,0.046192068606615,0,0.0531123615801334,0,0.0073584173806011
0,0.2953581511974334,0,0.0797748267650604,0,0.7950788140296936,0,0.5306187272071838
0,0.3022477924823761,0,0.0526437982916832,0,0.3171805143356323,0,0.0768296718597412
0,0.6933226585388184,0,0.2242699563503265,0,0.9110636711120604,0,0.1550923734903335
0,7.76459855842404e-05,0,0.0568278692662715,0,0.14156474173069,0,0.021988708525896
0,7.119597285054624e-05,0,0.0454483032226562,0,0.0505306012928485,0,0.0361073203384876
0,0.0073203379288315,0,0.368696928024292,0,0.0429586470127105,0,0.6575188040733337
0,0.6218922138214111,0,0.6670737266540527,0,0.865265965461731,0,0.1956760436296463
0,0.6176838874816895,0,0.4938094019889831,0,0.7086266875267029,0,0.4062210917472839
0,0.0830348506569862,0,0.5092121362686157,0,0.6935569643974304,0,0.2065019011497497
0,5.76474194531329e-05,0,0.0054421233944594,0,0.0043576955795288,0,0.0030184858478605
0,0.0004950779839418,0,0.0387163609266281,0,0.0006886008777655,0,0.001696607330814
0,0.0005028296727687,0,0.0212985593825578,0,0.0016816044226288,0,0.0054683927446603
0,0.0002505732700228,0,0.029040427878499,0,0.0010082599474117,0,0.0032302099280059
0,0.0002619929146021,0,0.031948734074831,0,0.0009756311192177,0,0.0082289027050137
0,0.0006232784362509,0,0.0927089974284172,0,0.0009910516673699,0,0.0051671620458364
0,0.0001159219900728,0,0.027764618396759,0,0.0010344637557864,0,0.0054395431652665
0,0.0002904520079027,0,0.1092269942164421,0,0.002644928637892,0,0.017668092623353
0,0.0009790628682821,0,0.1158783212304115,0,0.0012603164650499,0,0.0203982703387737
0,0.0001913772721309,0,0.0199057925492525,0,0.0026465756818652,0,0.0013409600360319
0,0.0001533018366899,0,0.0328612998127937,0,0.0032826303504407,0,0.0008859370136633
0,0.0057712788693606,0,0.4718090295791626,0,0.7545252442359924,0,0.3045794367790222
0,0.0013634973438456,0,0.3505812585353851,0,0.7328369617462158,0,0.1549357622861862
0,0.0009785472648218,0,0.4121109843254089,0,0.7079447507858276,0,0.0666038319468498
0,0.0001702799345366,0,0.0253582783043384,0,0.0077554415911436,0,0.0285480804741382
0,0.0019484700169414,0,0.0153174335137009,0,0.0026584966108202,0,0.0069234748370945
0,6.687691347906366e-05,0,0.0112110404297709,0,0.0010952861048281,0,0.0108986934646964
0,0.00550736207515,0,0.0276821032166481,0,0.0717817544937133,0,0.084884837269783
0,0.0013046712847426,0,0.0417591817677021,0,0.0292466524988412,0,0.2453013062477111
0,0.0018383205169811,0,0.0280060414224863,0,0.0152821382507681,0,0.2305473238229751
0,0.0004935751203447,0,0.0226186979562044,0,0.0111572947353124,0,0.0015833209035918
0,0.0006355785299092,0,0.0427599661052227,0,0.0754538848996162,0,0.0060711945407092
0,0.0001577131770318,0,0.0305284056812524,0,0.0004887326504103,0,0.0007065554382279
0,0.0001167955415439,0,0.0286865029484033,0,0.0013282531872391,0,0.0013097240589559
0,0.0001198998070321,0,0.0877076163887977,0,0.0018855651142075,0,0.0034535527229309
0,0.0001296200789511,0,0.0479435175657272,0,0.0026712673716247,0,0.0036475115921348
0,5.171342127141543e-05,0,0.0401901490986347,0,0.0026433719322085,0,0.0165904704481363
0,5.212163523538038e-05,0,0.0398124977946281,0,0.0029949739109724,0,0.0165341161191463
0,0.0001062408700818,0,0.0493483059108257,0,0.0055391266942024,0,0.0214493125677108
0,0.0002490738406777,0,0.0574463605880737,0,0.0024002769496291,0,0.004363015294075
0,0.0139567721635103,0,0.0658048391342163,0,0.0175419710576534,0,0.0514972098171711
0,0.0369650088250637,0,0.0402810275554657,0,0.002697947435081,0,0.0411536507308483
0,0.0065692444331943,0,0.0373310185968875,0,0.0025227989535778,0,0.0361905731260776
0,0.001768865273334,0,0.0357390716671943,0,0.0678499788045883,0,0.0278187729418277
0,0.0070363297127187,0,0.1213112398982048,0,0.3539355993270874,0,0.0297288671135902
0,0.0002523931034374,0,0.0020840384531766,0,0.0031560489442199,0,0.0049949800595641
0,0.3504286706447601,0,0.690636157989502,0,0.8191285133361816,0,0.6640423536300659
0,0.0008416259661316,0,0.01820551417768,0,0.0075949286110699,0,0.0341786630451679
0,0.0003635233733803,0,0.1879098564386367,0,0.0328169055283069,0,0.0279994662851095
0,0.0001712629455141,0,0.0381480120122432,0,0.0003560263430699,0,0.0204518400132656
0,0.0010494301095604,0,0.0123010110110044,0,0.0092966305091977,0,0.0727351829409599
0,0.0003657428605947,0,0.0171225611120462,0,0.0224803257733583,0,0.0085918391123414
0,0.0001916802575578,0,0.1401930153369903,0,0.00334262708202,0,0.0256045386195182
0,1.0992867828463204e-05,0,0.0009638567571528,0,9.431967919226736e-05,0,0.0013909968547523
0,0.0010808535153046,0,0.0929141268134117,0,0.0130261033773422,0,0.0304279401898384
0,0.0258329454809427,0,0.1631864160299301,0,0.0199862848967313,0,0.0301913730800151
0,0.9813639521598816,0,0.3261007368564605,0,0.2608968615531921,0,0.1290145367383957
0,0.0042235902510583,0,0.047280590981245,0,0.0006915015983395,0,0.0027767533902078
0,0.0010712086223065,0,0.0790809392929077,0,0.0023470337036997,0,0.0034043479245156
0,0.8069000244140625,0,0.5469068288803101,0,0.817158043384552,0,0.1730838567018509
0,9.43068225751631e-05,0,0.0178144238889217,0,0.0001984044647542,0,0.0122223664075136
0,0.0007573142647743,0,0.08400409668684,0,0.0435614436864852,0,0.0184139739722013
0,0.0002650323731359,0,0.0178543403744697,0,0.0004684711166191,0,0.004967460874468
0,0.7348383069038391,0,0.5122291445732117,0,0.7841780185699463,0,0.2649039626121521
0,0.0006793522043153,0,0.0597457140684127,0,0.0067864437587559,0,0.0735165551304817
0,0.0802739411592483,0,0.0800650641322135,0,0.1525757014751434,0,0.065930426120758
0,0.8602952361106873,0,0.5768381357192993,0,0.7976017594337463,0,0.1690002381801605
0,0.0010640333639457,0,0.0149902552366256,0,0.0002044819702859,0,0.0068681933917105
0,0.047197513282299,0,0.2106104642152786,0,0.1416430920362472,0,0.117749311029911
0,4.320237349020317e-05,0,0.0102728437632322,0,0.0070473630912601,0,0.0006440580473281
0,6.42848972347565e-05,0,0.0069242883473634,0,0.0021550480742007,0,0.0004919811617583
0,2.74804697255604e-05,0,0.033059749752283,0,0.0017207544296979,0,0.007598462048918
0,4.149205324210925e-06,0,0.0250376816838979,0,0.0006279099616222,0,0.0566677711904048
0,0.0003938182198908,0,0.0107332989573478,0,0.0067920028232038,0,0.0041213119402527
0,8.940388215705752e-05,0,0.0048209084197878,0,0.0047517796047031,0,0.0005626190104521
0,0.0003743479901459,0,0.0073109925724565,0,0.0059870998375117,0,0.000833939993754
0,2.0864788893959485e-05,0,0.0137023273855447,0,0.0031112779397517,0,0.0031645318958908
0,1.02990461527952e-05,0,0.0296920556575059,0,0.0006418995326384,0,0.0265181008726358
0,0.000180227580131,0,0.0121128121390938,0,0.0016497501637786,0,0.0004391989787109
0,0.0002367968409089,0,0.0090362476184964,0,0.0009180549532175,0,0.0010088556446135
0,0.0001265247556148,0,0.0100443428382277,0,0.0034059933386743,0,0.0005327500402927
0,2.828541437338572e-05,0,0.042427223175764,0,0.0025688563473522,0,0.0045153643004596
0,2.416906136204489e-05,0,0.02368657104671,0,0.0004536827618721,0,0.0731169804930687
0,0.0001391560945194,0,0.0966897532343864,0,0.0020633994136005,0,0.1351406127214431
0,0.0001477489713579,0,0.0798256397247314,0,0.0031093026045709,0,0.0706427544355392
0,9.85801889328286e-05,0,0.0766593441367149,0,0.0051896166987717,0,0.0323168784379959
0,2.961219070130028e-05,0,0.1529806554317474,0,0.0074215866625308,0,0.074305459856987
0,0.0008497616508975,0,0.5068819522857666,0,0.8499089479446411,0,0.1224406138062477
0,0.0028373203240334,0,0.2912841439247131,0,0.8871065378189087,0,0.0531586408615112
0,4.0249768062494695e-05,0,0.0829027816653251,0,0.009568135254085,0,0.0264159590005874
0,0.0003030459338333,0,0.0499385632574558,0,0.0146446786820888,0,0.0102228820323944
0,0.0058228080160915,0,0.245172917842865,0,0.4015445709228515,0,0.3131628334522247
0,5.714818325941451e-05,0,0.0870341062545776,0,0.0026362913195043,0,0.0036867649760097
0,0.0003300992248114,0,0.0227696299552917,0,0.0146913900971412,0,0.0670994371175766
0,3.43158098985441e-05,0,0.0644343495368957,0,0.0026905508711934,0,0.0033889827318489
0,0.000136838920298,0,0.0136639652773737,0,0.005368617363274,0,0.0022312668152153
0,4.37322014477104e-05,0,0.0620534792542457,0,0.0022722408175468,0,0.0050040623173117
0,3.804693551501259e-05,0,0.0485197491943836,0,0.0101741757243871,0,0.0026954326312988
0,0.0005669448873959,0,0.1285133361816406,0,0.0466620326042175,0,0.0611147731542587
0,0.0012753389310091,0,0.1441849172115326,0,0.0107952151447534,0,0.0111014787107706
0,0.0002247480588266,0,0.2326891124248504,0,0.2357171922922134,0,0.1016193702816963
0,0.0010144318221136,0,0.7512760162353516,0,0.2998181283473968,0,0.4553528130054474
0,0.0497347936034202,0,0.8068390488624573,0,0.7519081234931946,0,0.4967315793037414
0,0.8577331304550171,0,0.8790775537490845,0,0.9075508713722228,0,0.9519953727722168
0,0.0030345486011356,0,0.0782797932624816,0,0.0325846560299396,0,0.2919207811355591
0,1.1039164746762252e-05,0,0.002679843455553,0,1.83033844223246e-05,0,0.0008762492798268
0,0.0087088197469711,0,0.1637415140867233,0,0.0351482741534709,0,0.2707872986793518
0,0.0002498451794963,0,0.0464130602777004,0,0.0009065398480743,0,0.001400732435286
0,1.6490248526679352e-05,0,0.0033608353696763,0,3.2374282454838976e-05,0,0.0009166481322608
0,0.0002879149687942,0,0.1033754646778106,0,0.0188855212181806,0,0.1032095476984977
0,0.0001443532964913,0,0.0430114045739173,0,0.0017591620562598,0,0.002531319623813
0,2.2103378796600737e-05,0,0.0027027642354369,0,3.641784860519692e-05,0,0.0011780658969655
0,0.0139117175713181,0,0.3395781517028808,0,0.4626112282276153,0,0.1000937595963478
0,9.481891174800694e-05,0,0.01809355430305,0,0.0043009435757994,0,0.0015829750336706
0,3.5432636650511995e-05,0,0.015859480947256,0,9.38692464842461e-05,0,0.0017218383727595
0,0.0002449330931995,0,0.0101024340838193,0,0.0003725426504388,0,0.0038738304283469
0,0.0006163761718198,0,0.0184131581336259,0,0.1481122523546219,0,0.0168161448091268
0,0.0856014415621757,0,0.4679140746593475,0,0.1818753033876419,0,0.6676443219184875
0,0.0010544146643951,0,0.4452140033245086,0,0.5815677046775818,0,0.2742778360843658
0,0.0016355266561731,0,0.3507111966609955,0,0.7157187461853027,0,0.0178600177168846
0,0.0023971560876816,0,0.0281716901808977,0,0.0106280855834484,0,0.0667289048433303
0,0.0009302939288318,0,0.0258200075477361,0,0.0459130816161632,0,0.0065705711022019
0,0.0002551151264924,0,0.0323258265852928,0,0.0016103611560538,0,0.0031939763575792
0,0.000429040112067,0,0.0369457565248012,0,0.0772675126791,0,0.0161580257117748
0,0.0005703347851522,0,0.0254587419331073,0,0.0015024421736598,0,0.0681091919541359
0,0.0001747106725815,0,0.0455127879977226,0,0.0335124693810939,0,0.0172264315187931
0,0.0001287777704419,0,0.0331193543970584,0,0.0005877938820049,0,0.004903613589704
0,0.0001453006552765,0,0.0620965063571929,0,0.0076087531633675,0,0.0045138234272599
0,0.0009019630379043,0,0.0774165317416191,0,0.0004003949579782,0,0.0142989689484238
0,0.0463067553937435,0,0.2387199103832245,0,0.0732808336615562,0,0.250759482383728
0,4.598158193402924e-05,0,0.0494469925761222,0,0.0092059252783656,0,0.0204946044832468
0,0.0353717096149921,0,0.0787689909338951,0,0.0620007552206516,0,0.0146649572998285
0,0.6341359615325928,0,0.8358868956565857,0,0.8562577366828918,0,0.5488014221191406
0,0.5223603844642639,0,0.1143262758851051,0,0.6155220866203308,0,0.4718379080295563
0,0.0056715211831033,0,0.2899364233016968,0,0.0635949596762657,0,0.1800969243049621
0,0.0149905430153012,0,0.0259349793195724,0,0.1619555503129959,0,0.1346669793128967
0,0.0079915961250662,0,0.0080180866643786,0,0.0209479089826345,0,0.0565656907856464
0,0.9073284268379213,0,0.0230085514485836,0,0.2009706497192382,0,0.3359307944774627
0,0.0001074670362868,0,0.0282022338360548,0,0.000968606036622,0,0.0011189266806468
0,7.34658315195702e-05,0,0.1746888309717178,0,0.0014053006889298,0,0.016130207106471
0,4.340869054431096e-05,0,0.0197579991072416,0,0.0006056163692846,0,0.0001951286103576
0,2.6029292712337337e-05,0,0.1203643158078193,0,0.0010510609718039,0,0.0087203569710254
0,0.0047144452109932,0,0.0319312587380409,0,0.0071124555543065,0,0.0770576670765876
0,0.0029370132833719,0,0.0547128319740295,0,0.0010227437596768,0,0.0151710920035839
0,0.0110749956220388,0,0.25998055934906,0,0.0862307995557785,0,0.0684492066502571
0,5.2356313972268254e-05,0,0.0286864358931779,0,4.953012467012741e-05,0,0.0024726584088057
0,0.0001404175709467,0,0.0286678671836853,0,0.040494579821825,0,0.0058431648649275
0,8.887178410077468e-05,0,0.0236427709460258,0,0.0161894932389259,0,0.0044999429956078
0,0.0116957807913422,0,0.0260141529142856,0,0.1988072544336319,0,0.1708538383245468
0,5.239117672317661e-05,0,0.0153129668906331,0,0.0008322376525029,0,0.0094929821789264
0,0.0613146685063838,0,0.0240866411477327,0,0.0421224497258663,0,0.0150086916983127
0,1.7020656741806306e-05,0,0.0120121706277132,0,0.0009387946338392,0,0.0111924177035689
0,5.5620363127673045e-05,0,0.0308086033910512,0,0.0009471384109929,0,0.0035342955961823
0,0.0001908319100039,0,0.0278446041047573,0,0.0089904488995671,0,0.0076655992306768
0,0.0065226168371737,0,0.2618705332279205,0,0.5286665558815002,0,0.1568394750356674
0,0.0001787126093404,0,0.0336098372936248,0,0.0078102187253534,0,0.003889812156558
0,0.0167194120585918,0,0.2580548524856567,0,0.7613949775695801,0,0.193911537528038
0,8.434068877249956e-05,0,0.0233877431601285,0,0.0016793683171272,0,0.0047016176395118
0,0.0034816057886928,0,0.4281581342220306,0,0.5222102403640747,0,0.0573032684624195
0,0.0817979574203491,0,0.2690935730934143,0,0.330637514591217,0,0.6064358949661255
0,0.0001053140076692,0,0.0559748448431491,0,0.0049534002318978,0,0.0076038613915443
0,0.0001350997772533,0,0.0773947909474372,0,0.0018744405824691,0,0.0055330256000161
0,0.0001090528821805,0,0.0511233136057853,0,0.0007109741563908,0,0.0006601331406272
0,0.0018137308070436,0,0.0017902512336149,0,0.0001944684918271,0,0.0040282360278069
0,0.0003758264356292,0,0.0029818534385412,0,0.0006055932608433,0,0.0096955532208085
