fold_1_labels,fold_1_predictions,fold_2_labels,fold_2_predictions,fold_3_labels,fold_3_predictions,fold_4_labels,fold_4_predictions
1,0.91892808675766,1,0.0660665482282638,1,0.1103323847055435,1,0.6691847443580627
1,0.8919110298156738,1,0.4939542114734649,1,0.1322864890098571,1,0.9079604148864746
1,0.8651260137557983,1,0.17335145175457,1,0.0549809895455837,1,0.5578893423080444
1,0.7980525493621826,1,0.2696824967861175,1,0.8176097869873047,1,0.6043445467948914
1,0.7189081907272339,1,0.2530765831470489,1,0.0104931257665157,1,0.4648974239826202
1,0.9536511301994324,1,0.3121146261692047,1,0.0745986625552177,1,0.7778456807136536
1,0.7950513958930969,1,0.2461921125650406,1,0.2346222847700119,1,0.0644368678331375
1,0.8316304683685303,1,0.2801454365253448,1,0.199764683842659,1,0.7881116271018982
1,0.918157994747162,1,0.2007238864898681,1,0.0052056233398616,1,0.7877124547958374
1,0.7706680297851562,1,0.2559438049793243,1,0.8832481503486633,1,0.91056889295578
1,0.2280603796243667,1,0.326358437538147,1,0.0006267543067224,1,0.5489082336425781
1,0.9633430242538452,1,0.3346842229366302,1,0.9936307072639464,1,0.836449384689331
1,0.4903023242950439,1,0.1558025032281875,1,0.0255429092794656,1,0.4038428664207458
1,0.0074699390679597,1,0.0826513394713401,1,0.0004674338561017,1,0.011935175396502
1,0.7232845425605774,1,0.2039614021778106,1,0.0011224064510315,1,0.0210661236196756
1,0.8387858867645264,1,0.3373584747314453,1,0.0006492055254057,1,0.2559536397457123
1,0.3632184863090515,1,0.1583051830530166,1,0.6265206933021545,1,0.8043227195739746
1,0.9136004447937012,1,0.1916514039039611,1,0.0005700741312466,1,0.4060669541358948
1,0.9580618143081664,1,0.7091549634933472,1,0.0075067542493343,1,0.8805902004241943
1,0.9433850049972534,1,0.3109679520130157,1,0.5923324823379517,1,0.3102235496044159
1,0.9124096035957336,1,0.8297212719917297,1,0.9932205677032472,1,0.9366396069526672
0,0.0014117950340732,0,0.0168595127761364,0,0.0011739674955606,0,0.005892040207982
0,0.0001198652826133,0,0.011326321400702,0,0.0001303914032177,0,0.0073368302546441
0,0.0632158070802688,0,0.1411647051572799,0,0.0024418670218437,0,0.1278506219387054
0,8.14653976703994e-05,0,0.018126506358385,0,0.0001263604208361,0,0.006453295238316
0,0.0451637431979179,0,0.1364229768514633,0,0.0096017131581902,0,0.0621176734566688
0,0.0001108851211029,0,0.0139277847483754,0,8.797127520665526e-05,0,0.0130269024521112
0,0.0744375362992286,0,0.0875952541828155,0,0.0021893845405429,0,0.0413094013929367
0,0.0649417415261268,0,0.0227172002196311,0,0.0024229784030467,0,0.0311309043318033
0,0.0057223462499678,0,0.0575925111770629,0,0.0001792004622984,0,0.0897388830780983
0,0.0165834464132785,0,0.0744643583893776,0,0.000268216477707,0,0.0073701217770576
0,7.58316891733557e-05,0,0.0082083763554692,0,7.957658090163022e-05,0,0.0012548203812912
0,0.0001123278852901,0,0.0242123138159513,0,8.977815741673112e-05,0,0.0045842272229492
0,0.0039946525357663,0,0.028003379702568,0,0.0001457099278923,0,0.095495231449604
0,0.000116618713946,0,0.0343723446130752,0,0.0001151391552411,0,0.008168164640665
0,0.2500522434711456,0,0.0434315502643585,0,0.0018339823000133,0,0.0348968990147113
0,0.0029145109001547,0,0.0536441877484321,0,0.0001063996387529,0,0.3676266670227051
0,0.0007222528220154,0,0.0422579012811183,0,0.0001947247219504,0,0.004114915151149
0,0.0001697380066616,0,0.0302470866590738,0,0.0001150829557445,0,0.0026482362300157
0,0.0048636491410434,0,0.0410096012055873,0,0.0001706410839688,0,0.0366137512028217
0,0.0013798986328765,0,0.0633986666798591,0,0.0011754664592444,0,0.0222419463098049
0,0.0014432520838454,0,0.1642181575298309,0,0.0003248868160881,0,0.0527097359299659
0,0.0167052764445543,0,0.118521824479103,0,0.0005484334542416,0,0.6668859124183655
0,0.0017201205482706,0,0.0517463125288486,0,0.000899197475519,0,0.1740680634975433
0,0.0007557807257398,0,0.03553207218647,0,0.0005669967504218,0,0.0254591312259435
0,0.8960577845573425,0,0.5031358003616333,0,0.1240513324737548,0,0.9692795872688292
0,0.9065693616867064,0,0.3485904037952423,0,0.003745274618268,0,0.7011523842811584
0,0.9443401098251344,0,0.1721331477165222,0,0.0019208741141483,0,0.5946593284606934
0,0.7494829297065735,0,0.1601665019989013,0,0.0027219480834901,0,0.0903708934783935
0,0.8366686701774597,0,0.5852184891700745,0,0.6056548953056335,0,0.9219963550567628
0,0.8426501154899597,0,0.6088333129882812,0,0.013504659757018,0,0.8945059776306152
0,0.7620506882667542,0,0.0876644700765609,0,0.0064502996392548,0,0.3677588105201721
0,0.1322713792324066,0,0.3677434027194977,0,0.0051242201589047,0,0.3603423237800598
0,0.7904621958732605,0,0.5551899075508118,0,0.0248289722949266,0,0.93502938747406
0,0.9053863286972046,0,0.6455511450767517,0,0.00592275056988,0,0.737408459186554
0,0.9361292123794556,0,0.1458387821912765,0,0.1481887698173523,0,0.4376781582832336
0,0.0859153419733047,0,0.4898906350135803,0,0.0286421868950128,0,0.2182819545269012
0,0.1544539481401443,0,0.1041677817702293,0,0.0015123831108212,0,0.0445423275232315
0,0.0002054716605925,0,0.0141023779287934,0,9.773255442269146e-05,0,0.0044362833723425
0,0.6568642258644104,0,0.2594428956508636,0,0.0069053554907441,0,0.4895352125167846
0,0.4830812215805053,0,0.1673455238342285,0,0.0104314181953668,0,0.0726087167859077
0,0.0003527182852849,0,0.0637028962373733,0,0.0004343374748714,0,0.0176322516053915
0,0.0010565534466877,0,0.0849217846989631,0,0.0005615539266727,0,0.0226759389042854
0,0.0001283337769564,0,0.014798130840063,0,0.000313705560984,0,0.0085142198950052
0,0.0017824195092543,0,0.0699619278311729,0,0.000450741383247,0,0.0629613697528839
0,0.204308345913887,0,0.0597484111785888,0,0.000992618734017,0,0.4488002955913543
0,0.0001642573333811,0,0.0520000867545604,0,9.61431214818731e-05,0,0.0231041014194488
0,0.0022616379428654,0,0.0543051287531852,0,0.0001727635244606,0,0.0564599074423313
0,0.8764799237251282,0,0.0795823410153389,0,0.0011772150173783,0,0.6430907249450684
0,0.4291200041770935,0,0.0791236460208892,0,0.2701654434204101,0,0.1526568233966827
0,0.799802303314209,0,0.2051232308149337,0,0.0001164466957561,0,0.5090786814689636
0,0.238759770989418,0,0.19988813996315,0,9.038530697580428e-05,0,0.0963351726531982
0,0.7405859231948853,0,0.482857346534729,0,0.5494245886802673,0,0.9322516322135924
0,7.464359077857807e-05,0,0.0089863380417227,0,9.03921973076649e-05,0,0.0022860374301671
0,0.0001469677372369,0,0.0177841465920209,0,0.0001521596423117,0,0.0024644976947456
0,0.000174106171471,0,0.0249586496502161,0,0.0001227469037985,0,0.0091353999450802
0,7.666217425139621e-05,0,0.0043863141909241,0,9.379319817526266e-05,0,0.0019842179026454
0,0.0001152091208496,0,0.0116024082526564,0,0.0001208399626193,0,0.0060237757861614
0,0.0001587619481142,0,0.0254952274262905,0,0.0002176722191506,0,0.0135662201792001
0,7.18564260751009e-05,0,0.0041464581154286,0,9.843261796049774e-05,0,0.0022790529765188
0,0.0001284808386117,0,0.0090158684179186,0,8.470031025353819e-05,0,0.004632085096091
0,0.1561349779367447,0,0.0226914100348949,0,0.0008537527173757,0,0.0112321246415376
0,0.3027925193309784,0,0.055190373212099,0,0.0028299195691943,0,0.024353427812457
0,8.41221262817271e-05,0,0.0082248449325561,0,8.785281534073874e-05,0,0.0055012330412864
0,9.139197209151462e-05,0,0.0059834290295839,0,0.0001079336070688,0,0.0015365163562819
0,0.000420991127612,0,0.0224572941660881,0,8.046110451687127e-05,0,0.002980766352266
0,0.0001095803527277,0,0.0087715266272425,0,0.0001079741632565,0,0.001646141288802
0,7.251698843901977e-05,0,0.0054391920566558,0,8.02139620645903e-05,0,0.0009186302195303
0,7.910145359346643e-05,0,0.015810428187251,0,7.447393727488816e-05,0,0.0021012611687183
0,0.7667346000671387,0,0.1552988141775131,0,0.0101258177310228,0,0.1166850551962852
0,0.6492683291435242,0,0.2036852240562439,0,0.0319334268569946,0,0.2627645432949066
0,0.8541242480278015,0,0.17265185713768,0,0.0552585646510124,0,0.4565396904945373
0,0.6539631485939026,0,0.1740796566009521,0,0.0048328093253076,0,0.0986113026738166
0,0.0868258401751518,0,0.0802455469965934,0,0.0331331118941307,0,0.0328435897827148
0,9.691243758425117e-05,0,0.0076173525303602,0,0.0002505476877558,0,0.0053194314241409
0,0.0580981448292732,0,0.1068144515156745,0,0.000405107246479,0,0.2721269428730011
0,0.0370265804231166,0,0.03345463052392,0,0.0002195556735387,0,0.0398973003029823
0,0.0018747430294752,0,0.0937366783618927,0,0.1037937030196189,0,0.053962655365467
0,0.0825880989432334,0,0.1518600881099701,0,0.0008548704208806,0,0.1038784831762313
0,0.1970083713531494,0,0.0216285269707441,0,0.0005516877863556,0,0.0091887870803475
0,0.2284726947546005,0,0.026563012972474,0,0.0005098971305415,0,0.0075861816294491
0,0.0186175536364316,0,0.0596218630671501,0,0.0002251914265798,0,0.0393359288573265
0,0.1565591841936111,0,0.0330011472105979,0,0.0009565098443999,0,0.00534358760342
0,0.07756207883358,0,0.0834591165184974,0,0.0003064498887397,0,0.0186291150748729
0,0.0001969054428627,0,0.0147421201691031,0,0.0001073155799531,0,0.0042100427672266
0,0.5869285464286804,0,0.0271506216377019,0,0.0006930265808477,0,0.0059053385630249
0,0.0185912139713764,0,0.0309229139238595,0,0.0001735335390549,0,0.0064052995294332
0,0.0602653212845325,0,0.0659906342625618,0,0.0003991044650319,0,0.0848458185791969
0,6.989782559685409e-05,0,0.0116313705220818,0,0.0004480949428398,0,0.2723767459392547
0,0.2545590996742248,0,0.0380235463380813,0,0.0011963922297582,0,0.4747485220432281
0,0.020197669044137,0,0.0049726981669664,0,0.011111288331449,0,0.1574489474296569
0,0.8920871615409851,0,0.2842687666416168,0,0.6590687036514282,0,0.5614238977432251
0,9.132611739914864e-05,0,0.0159844607114791,0,0.0006894433172419,0,0.0389909408986568
0,0.0001857200404629,0,0.0648645684123039,0,0.0059737605042755,0,0.0483641438186168
0,9.172488353215158e-05,0,0.0209265369921922,0,0.0006295185885392,0,0.012536022812128
0,8.858815999701619e-05,0,0.0029272800311446,0,0.000105390769022,0,0.000975674833171
0,0.3963089883327484,0,0.0884342938661575,0,0.0068070963025093,0,0.1101847812533378
0,0.37399622797966,0,0.092769093811512,0,0.0051215318962931,0,0.1137061938643455
0,0.0849685817956924,0,0.1005443558096885,0,0.0037620291113853,0,0.105610653758049
0,0.0160174258053302,0,0.09366025775671,0,0.0088583370670676,0,0.1445222496986389
0,0.0105150211602449,0,0.0215667504817247,0,0.0006008363561704,0,0.0118391048163175
0,0.2235200405120849,0,0.0666930004954338,0,0.0002620433806441,0,0.4608481526374817
0,0.7967051267623901,0,0.038948968052864,0,0.0004368693917058,0,0.0090549262240529
0,0.0979382991790771,0,0.0210771262645721,0,0.0001788638182915,0,0.0098710618913173
0,0.0177711062133312,0,0.0858294144272804,0,0.0021432684734463,0,0.1360106021165847
0,0.6765102744102478,0,0.0849279761314392,0,0.0008381398511119,0,0.2131109982728958
0,0.0185692887753248,0,0.038531482219696,0,0.0006876640254631,0,0.0357759408652782
0,0.7868918180465698,0,0.1033016815781593,0,0.0032532552722841,0,0.1330974698066711
0,0.2040834724903106,0,0.0604647547006607,0,0.000847878283821,0,0.0701236352324485
0,7.210442709038034e-05,0,0.0100402422249317,0,0.0001073254097718,0,0.0023573448415845
0,0.0001482139196014,0,0.0086730988696217,0,0.0001421154738636,0,0.0043894075788557
0,0.0001273887610295,0,0.0065756957046687,0,0.0001002913631964,0,0.0049050142988562
0,0.0001319011644227,0,0.0028003689367324,0,9.932799730449916e-05,0,0.0013988382415845
0,0.0001550054294057,0,0.0045724073424935,0,0.0001202783823828,0,0.0052787293680012
0,0.0001114778642659,0,0.0052101612091064,0,0.0001287134509766,0,0.0012026454787701
0,0.0229008868336677,0,0.1587733030319214,0,0.0041182851418852,0,0.1263410896062851
0,0.018331529572606,0,0.0773971155285835,0,0.0005404562107287,0,0.0845789760351181
0,0.0402155853807926,0,0.049153197556734,0,0.0002421695680823,0,0.011518720537424
0,0.0001465859386371,0,0.0136977285146713,0,0.0001965932751772,0,0.0024551560636609
0,0.0002560423163231,0,0.0371026881039142,0,0.0001471139694331,0,0.0262145418673753
0,0.7705514430999756,0,0.2445511221885681,0,0.0172289013862609,0,0.622076690196991
0,0.0002643305633682,0,0.0456787794828414,0,0.0001940805959748,0,0.0039585870690643
0,0.0001059537535184,0,0.005544516723603,0,6.644953100476414e-05,0,0.0037429251242429
0,0.6563621759414673,0,0.1095638945698738,0,0.6862539649009705,0,0.5688917636871338
0,0.0002099749544868,0,0.0267941392958164,0,0.0001273091038456,0,0.006312477402389
0,0.0001518478675279,0,0.0422229655086994,0,7.51619299990125e-05,0,0.1027711331844329
0,0.0003392260987311,0,0.0473405718803405,0,0.0006014112732373,0,0.0110511342063546
0,9.44596395129338e-05,0,0.0032526613213121,0,7.077446207404137e-05,0,0.0010301159927621
0,0.0001099791843444,0,0.006934923119843,0,0.0001994518534047,0,0.0015332236653193
0,0.0001678510743658,0,0.0265189856290817,0,0.0001204019717988,0,0.01166049297899
0,0.0002602665917947,0,0.0649591013789177,0,7.647006714250892e-05,0,0.1243160590529441
0,0.0001636821252759,0,0.0392639115452766,0,0.0009454321116209,0,0.0145699763670563
0,0.7275791764259338,0,0.27409628033638,0,0.2884268760681152,0,0.7480583190917969
0,0.47943115234375,0,0.503795862197876,0,0.4081964194774627,0,0.3303577005863189
0,0.4370354413986206,0,0.6713521480560303,0,0.3419541716575622,0,0.8694751858711243
0,0.0851172730326652,0,0.0518076941370964,0,0.0004651029303204,0,0.0072569423355162
0,0.2014296650886535,0,0.1957921981811523,0,0.1262133419513702,0,0.1129157170653343
0,0.0043967785313725,0,0.116086408495903,0,0.0016530533321201,0,0.0988938212394714
0,0.6550232768058777,0,0.2060541808605194,0,0.0369687266647815,0,0.2889290153980255
0,0.1840193718671798,0,0.0757655352354049,0,0.0035207790788263,0,0.2862289547920227
0,0.0150263383984565,0,0.1512517184019088,0,0.0028232489712536,0,0.0886275619268417
0,0.0461785979568958,0,0.0546977669000625,0,0.0001144626367022,0,0.0300768166780471
0,8.52610100992024e-05,0,0.0480105727910995,0,7.468601688742638e-05,0,0.1219963952898979
0,0.4563048481941223,0,0.0799774676561355,0,0.0002599322760943,0,0.0228347107768058
0,0.4470324516296386,0,0.1550464034080505,0,0.0072724898345768,0,0.3218552470207214
0,0.0695024132728576,0,0.1371741741895675,0,0.0019188411533832,0,0.0516270734369754
0,0.7724314332008362,0,0.122050829231739,0,0.0020899015944451,0,0.2267065346240997
0,0.6025164723396301,0,0.3491833508014679,0,0.0179620627313852,0,0.8107781410217285
0,0.0001867745158961,0,0.0090389717370271,0,0.0001807791850296,0,0.0045549981296062
0,0.0005734100122936,0,0.0402642451226711,0,0.0001344652700936,0,0.0023422229569405
0,0.0002506669261492,0,0.0205173585563898,0,0.0001363645278615,0,0.0068423682823777
0,0.0002631587849464,0,0.0109448358416557,0,0.0001751972886268,0,0.0063933986239135
0,0.5788171887397766,0,0.1854818612337112,0,0.0023325411602854,0,0.7377557754516602
0,0.8256772756576538,0,0.3861408233642578,0,0.9963255524635316,0,0.934022068977356
0,0.8748140931129456,0,0.3804667294025421,0,0.9964150190353394,0,0.9402438998222352
0,7.845187792554498e-05,0,0.0266445111483335,0,8.359642379218712e-05,0,0.0037321315612643
0,0.0001304074394283,0,0.0361854992806911,0,7.831994298612699e-05,0,0.0049414280802011
0,0.0013807306531816,0,0.0412616282701492,0,0.000603538530413,0,0.0062921764329075
0,0.4278689622879028,0,0.1320759505033493,0,0.0002607926726341,0,0.0582609213888645
0,0.0164493173360824,0,0.0687815770506858,0,0.0001490807917434,0,0.0426099449396133
0,0.0126382047310471,0,0.0793356820940971,0,0.0503680035471916,0,0.0140072349458932
0,0.0099651031196117,0,0.0320939123630523,0,0.0009292069589719,0,0.0334685072302818
0,0.0027619281318038,0,0.0181365832686424,0,0.0003136263112537,0,0.1663683503866195
0,0.0572840273380279,0,0.1420376598834991,0,0.0292407739907503,0,0.0442519895732402
0,8.3059974713251e-05,0,0.0030567124485969,0,0.0006646768306382,0,0.012316420674324
0,0.2221984416246414,0,0.0728830248117446,0,0.0001243186270585,0,0.0876844748854637
0,0.2730984091758728,0,0.0904028564691543,0,0.1983501315116882,0,0.0964074805378913
0,0.0001107279967982,0,0.0076721557416021,0,0.0002622098254505,0,0.0090740583837032
0,0.6028839349746704,0,0.1037837192416191,0,0.0853185206651687,0,0.7162750363349915
0,0.4821823835372925,0,0.1794824600219726,0,0.0195248797535896,0,0.4195662140846252
0,0.7430003881454468,0,0.108307383954525,0,0.0069584553129971,0,0.6481918692588806
0,0.4306323528289795,0,0.2152762115001678,0,0.0011433325707912,0,0.7658213376998901
0,0.2145788818597793,0,0.0756941810250282,0,0.0026102405972778,0,0.0892811268568039
0,0.6130644679069519,0,0.2047346234321594,0,0.0006316849030554,0,0.337777316570282
0,0.0944862067699432,0,0.095850646495819,0,0.0008377754129469,0,0.0890173986554145
0,8.081690612016246e-05,0,0.0055511356331408,0,9.622795914765447e-05,0,0.0015561152249574
0,0.8696588277816772,0,0.229685977101326,0,0.0097506288439035,0,0.7957847118377686
0,0.6525967121124268,0,0.2445338368415832,0,0.0074534686282277,0,0.5253739356994629
0,0.0003542934427969,0,0.0951642915606498,0,0.0007713340455666,0,0.0075059584341943
0,0.0060844188556075,0,0.0304974280297756,0,0.000165948877111,0,0.0088277161121368
0,0.017762254923582,0,0.1412640511989593,0,0.014164013788104,0,0.1257445216178894
0,0.0695318132638931,0,0.1980978697538375,0,0.0011700222967192,0,0.0390999726951122
0,0.7735453248023987,0,0.1950252503156662,0,0.0016910423291847,0,0.8308027386665344
0,0.7986910939216614,0,0.1608735918998718,0,0.0018087769858539,0,0.4080161452293396
0,0.0001362316979793,0,0.0236147958785295,0,0.0003872344677802,0,0.0071660690009593
0,0.5978986024856567,0,0.2448674440383911,0,0.0009788461029529,0,0.3939971029758453
0,0.0002983171725645,0,0.0109140165150165,0,0.000377565214876,0,0.0299367271363735
0,0.0001545381819596,0,0.0455222614109516,0,0.0015903670573607,0,0.0056448974646627
0,0.0021570266690105,0,0.0326316021382808,0,0.0001798737503122,0,0.0410210154950618
0,0.0805830135941505,0,0.0643240511417388,0,0.0001719016727292,0,0.0414090603590011
0,0.0002252908598165,0,0.0129322335124015,0,0.0003282514226157,0,0.0694006606936454
0,0.0001726465998217,0,0.0368022099137306,0,0.0004682602302636,0,0.0121028088033199
0,0.0182430148124694,0,0.0406399071216583,0,0.0001970684970729,0,0.0468149594962596
0,0.0040718158707022,0,0.0344096906483173,0,0.0001630447077332,0,0.0067676962353289
0,6.915565609233454e-05,0,0.0050034141167998,0,9.354720532428472e-05,0,0.0048478334210813
0,0.0009456150000914,0,0.028792405501008,0,0.0001609246828593,0,0.0065179248340427
0,0.0005699377506971,0,0.0163247380405664,0,8.22449364932254e-05,0,0.0088316379114985
0,0.008357647806406,0,0.0488590858876705,0,0.0066865514963865,0,0.0755969285964965
0,0.5902405381202698,0,0.3978628814220428,0,0.0216188933700323,0,0.6392631530761719
0,0.5500714182853699,0,0.4139889180660248,0,0.113166257739067,0,0.8094475865364075
0,0.4359192252159118,0,0.4146013855934143,0,0.3703939020633697,0,0.7505993843078613
0,0.1276530474424362,0,0.0451987832784652,0,0.0002574434620328,0,0.0981403514742851
0,0.1679450571537017,0,0.0496430397033691,0,0.0004595835634972,0,0.1035436317324638
0,0.2195451557636261,0,0.0517964549362659,0,0.0001052235820679,0,0.1130110025405883
0,0.0174283776432275,0,0.1816501915454864,0,0.014969321899116,0,0.3521972298622131
0,0.0002652732946444,0,0.0090473135933279,0,0.0001745701301842,0,0.0057423813268542
0,0.0001653702784096,0,0.0174721013754606,0,0.0001784022315405,0,0.0043712449260056
0,0.9773167967796326,0,0.5087928771972656,0,0.9778554439544678,0,0.9689035415649414
0,0.8260700702667236,0,0.2126748859882354,0,0.0587249957025051,0,0.700560986995697
0,0.0001365071220789,0,0.0132345482707023,0,0.000136148839374,0,0.0034090557601302
0,0.0001327209902228,0,0.002839351305738,0,0.0001422638160875,0,0.0035798582248389
0,0.2643539309501648,0,0.1500293165445327,0,0.001233507762663,0,0.3225611746311188
0,0.0001090349978767,0,0.0088433790951967,0,0.000179389695404,0,0.0042591243982315
0,0.0001807777880458,0,0.0296940095722675,0,9.101859905058518e-05,0,0.0086547676473855
0,0.0001288286293856,0,0.0074237193912267,0,0.0001691265206318,0,0.004333437886089
0,0.0001171464391518,0,0.0129962395876646,0,0.0001522705133538,0,0.0043636639602482
0,0.0001216062300954,0,0.0087427143007516,0,0.0001418037427356,0,0.0056835622526705
0,0.0001170008763438,0,0.0128847574815154,0,0.0001899534545373,0,0.0079411268234252
0,0.0001958865759661,0,0.0349631197750568,0,8.874567720340565e-05,0,0.0059256958775222
0,0.0001142290857387,0,0.0051397546194493,0,0.0001166725414805,0,0.0062302048318088
0,0.5214118361473083,0,0.1903860121965408,0,0.000839392771013,0,0.6360589265823364
0,0.0084014860913157,0,0.087892472743988,0,0.003443551948294,0,0.065500222146511
0,9.261601371690632e-05,0,0.005381784401834,0,9.724347910378128e-05,0,0.0009786814916878
0,0.0425057224929332,0,0.089109718799591,0,0.0002285188966197,0,0.1935583800077438
0,0.0322968252003192,0,0.0850098729133606,0,0.0001375987194478,0,0.1826732754707336
0,0.0420516096055507,0,0.1482712030410766,0,0.0001175558936665,0,0.1804296672344207
1,0.4108754694461822,1,0.3246650397777557,1,0.875521719455719,1,0.9210457801818848
1,0.1926899850368499,1,0.2061960101127624,1,0.0022432906553149,1,0.2232734411954879
1,0.0523499883711338,1,0.1349108219146728,1,0.0135589409619569,1,0.4298241436481476
1,0.2654541730880737,1,0.1314153671264648,1,0.0720259770750999,1,0.5198557376861572
1,0.0415787026286125,1,0.1199194863438606,1,0.0099973417818546,1,0.8766342401504517
1,0.618157148361206,1,0.3057553470134735,1,0.9856853485107422,1,0.9488450288772584
1,0.6342862844467163,1,0.3812792897224426,1,0.2264618724584579,1,0.9394029378890992
1,0.0001344465417787,1,0.0390050522983074,1,0.00026680456358,1,0.0093647381290793
1,0.1704095602035522,1,0.0746858343482017,1,0.3679833710193634,1,0.0126193324103951
1,0.3210755884647369,1,0.1436773985624313,1,0.934277355670929,1,0.4248294830322265
1,0.2310535013675689,1,0.1032709628343582,1,0.0001897340698633,1,0.1666094660758972
1,0.8271029591560364,1,0.2941412925720215,1,0.0074900751933455,1,0.7124164700508118
1,0.8796193599700928,1,0.3064452707767486,1,0.3341506123542785,1,0.7426930665969849
1,0.9654566049575806,1,0.2430175989866256,1,0.3199805617332458,1,0.8984488248825073
1,0.9601701498031616,1,0.3880555629730224,1,0.9182074069976808,1,0.9686354994773864
1,0.0151438862085342,1,0.0537067130208015,1,0.000113546862849,1,0.0768433436751365
1,0.1015613973140716,1,0.0990827307105064,1,9.75890361587517e-05,1,0.100685715675354
1,0.3464455902576446,1,0.0519408583641052,1,0.000260409025941,1,0.0168862026184797
1,0.6070727705955505,1,0.1956272274255752,1,0.0005242811748757,1,0.1970027387142181
1,0.7997804284095764,1,0.3067505657672882,1,0.1116135939955711,1,0.7955546975135803
1,0.9448505640029908,1,0.3584063351154327,1,0.9882346391677856,1,0.876084566116333
1,0.9295167326927184,1,0.3996296226978302,1,0.951775848865509,1,0.9344019889831544
1,0.962853729724884,1,0.5184997320175171,1,0.99003928899765,1,0.9233130812644958
1,0.9027860164642334,1,0.1372943073511123,1,0.0608215555548667,1,0.1033480167388916
1,0.965158462524414,1,0.1458969861268997,1,0.6085672378540039,1,0.8181393146514893
1,0.9575260281562804,1,0.2178574502468109,1,0.5570554137229919,1,0.3619956970214844
0,0.2746019959449768,0,0.1018430590629577,0,0.0008059357642196,0,0.0139126079156994
0,0.0214172732084989,0,0.1123829409480094,0,0.0005196073907427,0,0.0169600825756788
0,0.1439953744411468,0,0.086727574467659,0,0.0040833745151758,0,0.041532002389431
0,0.0574914813041687,0,0.1040694639086723,0,0.0010757042327895,0,0.0958085879683494
0,0.0408727563917636,0,0.0650760307908058,0,0.0029637373518198,0,0.074929691851139
0,0.3012600839138031,0,0.0801428481936454,0,0.1369416862726211,0,0.1240905970335006
0,0.0630960166454315,0,0.0481397099792957,0,0.0005806335830129,0,0.027132099494338
0,0.0001006236707326,0,0.0106180561706423,0,0.0002149092470062,0,0.0014854754554107
0,0.0839207917451858,0,0.0746907144784927,0,0.0010361429303884,0,0.1080768853425979
0,0.0284381564706563,0,0.041314460337162,0,0.0001714215904939,0,0.0568351484835147
0,0.0766024067997932,0,0.0390740111470222,0,0.0004497310728766,0,0.0266495551913976
0,0.5172250866889954,0,0.0986311137676239,0,0.0264830701053142,0,0.0511296764016151
0,0.2788400650024414,0,0.1610673069953918,0,0.0231427662074565,0,0.0427178107202053
0,0.8029220700263977,0,0.2310069799423217,0,0.0118833677843213,0,0.8646427392959595
0,0.0001277482224395,0,0.0608175620436668,0,0.0001888518163468,0,0.0431775636970996
0,0.0001550030574435,0,0.0461845695972442,0,0.0001252689398825,0,0.0013993837637826
0,0.1078551411628723,0,0.0619147084653377,0,0.0008475733920931,0,0.0376713536679744
0,0.0003570669505279,0,0.0411444529891014,0,0.0001430252450518,0,0.0078166583552956
0,0.0412260480225086,0,0.0546660423278808,0,0.0002527589094825,0,0.14273202419281
0,0.5990157127380371,0,0.2071799039840698,0,0.0092086438089609,0,0.337010383605957
0,0.0707880482077598,0,0.0756596177816391,0,0.0004224472504574,0,0.2214826643466949
0,0.1402038484811782,0,0.2040168792009353,0,0.0008852172177284,0,0.0767628699541091
0,0.0297724660485982,0,0.0600867494940757,0,0.0007618472445756,0,0.0482978969812393
0,0.000151745378389,0,0.0701819658279419,0,0.0002257688756799,0,0.0140244010835886
0,0.0001719818392302,0,0.0108022494241595,0,0.000167351681739,0,0.0031740462873131
0,0.0284097176045179,0,0.0155643392354249,0,0.0015524204354733,0,0.0098884049803018
0,0.0002202988398494,0,0.0519770421087741,0,0.0001896586472867,0,0.0251935981214046
0,0.000232978069107,0,0.0134817073121666,0,0.0001782721519703,0,0.0113135306164622
0,0.0002370306465309,0,0.0081957820802927,0,0.0001623071439098,0,0.0042825881391763
0,0.0001213136638398,0,0.0039398865774273,0,0.0001393342827213,0,0.0027073218952864
0,0.1862979531288147,0,0.2662875950336456,0,0.058680523186922,0,0.6136755347251892
0,0.3376420140266418,0,0.2451031357049942,0,0.0011498426320031,0,0.4279694557189941
0,0.2518096566200256,0,0.2717297077178955,0,0.0062671666964888,0,0.5214527249336243
0,0.401375949382782,0,0.0897919684648513,0,0.0015354428905993,0,0.2117745876312255
0,0.063530258834362,0,0.1632777750492096,0,0.0024536300916224,0,0.4495857357978821
0,0.6690549850463867,0,0.0433707423508167,0,0.0019086902029812,0,0.1801181584596634
0,0.0015877520199865,0,0.0193185526877641,0,0.0001739465515129,0,0.0049742460250854
0,0.0001626876910449,0,0.0348489210009574,0,0.0002243861963506,0,0.011938577517867
0,0.033299371600151,0,0.0931209549307823,0,0.0767965912818908,0,0.2480846643447876
0,0.0001039295093505,0,0.0206740945577621,0,0.00021684114472,0,0.0082076862454414
0,0.0166977904736995,0,0.1197615936398506,0,0.0038379235193133,0,0.0628072097897529
0,0.0001138051811722,0,0.0166254453361034,0,0.0003611757711041,0,0.0053475121967494
0,0.0221120454370975,0,0.0633179694414138,0,0.0320797264575958,0,0.607054591178894
0,0.0001363175979349,0,0.0091030448675155,0,0.0003652172745205,0,0.0057281660847365
0,0.0091469148173928,0,0.0724160596728324,0,0.0045272493734955,0,0.0082036424428224
0,0.0138451913371682,0,0.0433918088674545,0,0.1932170391082763,0,0.0081043485552072
0,0.1132353991270065,0,0.1475706547498703,0,0.0289563722908496,0,0.7976394891738892
0,0.0006811951170675,0,0.0411502756178379,0,0.0001704277528915,0,0.0204713549464941
0,0.0696431398391723,0,0.0727318748831749,0,0.0229812674224376,0,0.0207288041710853
0,0.0006321519613265,0,0.0359986089169979,0,0.0002462718111928,0,0.0428201705217361
0,0.0197747219353914,0,0.1052343249320983,0,0.0087242247536778,0,0.0159133505076169
0,0.0390292517840862,0,0.0691033005714416,0,0.0027676825411617,0,0.0086968317627906
0,0.1013026535511016,0,0.1580987423658371,0,0.0004240554699208,0,0.220213383436203
0,0.0501414239406585,0,0.1049939543008804,0,0.0002612162206787,0,0.0615029744803905
0,0.0031729014590382,0,0.0283362735062837,0,0.0003078977169934,0,0.045767705887556
0,0.182042196393013,0,0.0724646300077438,0,0.0003171784046571,0,0.1778826117515564
0,0.000157165370183,0,0.0033287103287875,0,0.0001957469212356,0,0.003074896056205
0,0.3697855770587921,0,0.2198622375726699,0,0.0894875526428222,0,0.5202667117118835
0,0.0001316725829383,0,0.0405791774392128,0,0.0004523954412434,0,0.0078532872721552
0,0.141153872013092,0,0.09082892537117,0,0.0027905274182558,0,0.0451263226568698
0,0.100101038813591,0,0.085117757320404,0,0.0003514567215461,0,0.0725969672203064
0,0.0002697719610296,0,0.0873051583766937,0,0.0095197195187211,0,0.0653052330017089
0,0.0002220112655777,0,0.0599602051079273,0,9.56755829975009e-05,0,0.0132279740646481
0,0.0001000376723823,0,0.0052738515660166,0,0.0001855982409324,0,0.0020010352600365
0,0.0285515896975994,0,0.044114876538515,0,0.0068127531558275,0,0.0332413241267204
0,9.29305169847794e-05,0,0.0057469652965664,0,7.872774585848674e-05,0,0.0028676358051598
0,0.7327484488487244,0,0.0669702440500259,0,0.0030700133647769,0,0.0657118260860443
0,8.017909567570314e-05,0,0.0049904980696737,0,6.645206303801388e-05,0,0.0058513777330517
0,0.0001536804484203,0,0.0467605590820312,0,0.0001547744468552,0,0.0045718369074165
0,0.0207369457930326,0,0.0451775230467319,0,0.0002448168233968,0,0.0210644137114286
0,0.0002298603649251,0,0.0276962984353303,0,0.0002192084648413,0,0.0079685393720865
0,0.0001160973406513,0,0.0013164781266823,0,0.000124266356579,0,0.0006709212320856
0,9.828096517594533e-05,0,0.003659663721919,0,9.0833826106973e-05,0,0.0012057706480845
0,9.637810580898076e-05,0,0.0018447743495926,0,8.084689034149051e-05,0,0.0012750783935189
0,0.224623754620552,0,0.1434956490993499,0,0.0036016311496496,0,0.2546554505825043
0,0.0001031476422213,0,0.0026390822604298,0,8.63555833348073e-05,0,0.0009664443787187
0,0.9856143593788148,0,0.3695527017116546,0,0.8506824970245361,0,0.778167188167572
0,0.0053460062481462,0,0.0281736496835947,0,0.0001506844564573,0,0.0071741002611815
0,0.0003397137916181,0,0.0168332532048225,0,0.0004393260169308,0,0.031381320208311
0,0.0007040143827907,0,0.0371749810874462,0,0.0001718801795504,0,0.0115414476022124
0,0.0093941427767276,0,0.0325132682919502,0,0.0001354933920083,0,0.008639839477837
0,0.0026772385463118,0,0.0317700915038585,0,0.0001422050845576,0,0.0158065110445022
0,0.009534640237689,0,0.0541663244366645,0,0.0006124381907284,0,0.0356049127876758
0,0.3060824275016784,0,0.0780771002173423,0,0.0003628405975177,0,0.0084836659952998
0,0.0087675517424941,0,0.0448300242424011,0,0.0001331246749032,0,0.005414767190814
0,0.2574442625045776,0,0.1575376093387603,0,0.0603623278439044,0,0.300841212272644
0,0.0011752772843465,0,0.0805870294570922,0,0.004073595162481,0,0.0688571110367775
0,0.2401318401098251,0,0.1657206267118454,0,0.0009335388313047,0,0.1557847261428833
0,0.0616462752223014,0,0.1986401379108429,0,0.0162785612046718,0,0.3298466801643371
0,0.3952272236347198,0,0.1403868347406387,0,0.0674704611301422,0,0.2341401875019073
0,0.0395226925611496,0,0.119373932480812,0,0.0004191878833808,0,0.3006523549556732
0,0.0436287447810173,0,0.1058189570903778,0,0.0005231076502241,0,0.3571277558803558
0,0.9313706755638124,0,0.1110702827572822,0,0.1648405492305755,0,0.1377424150705337
0,0.455851674079895,0,0.120613195002079,0,0.0007061323267407,0,0.3359832465648651
0,0.4895786941051483,0,0.0506955198943614,0,0.0323200523853302,0,0.0102813309058547
0,0.906001091003418,0,0.3822524547576904,0,0.1247156783938407,0,0.9161558747291564
0,0.9520159959793092,0,0.2215630561113357,0,0.8670902252197266,0,0.1204541474580764
0,0.9547865986824036,0,0.2832538485527038,0,0.8288546800613403,0,0.418212890625
0,0.984319031238556,0,0.187259703874588,0,0.1470548957586288,0,0.0621148981153965
0,0.0007878843462094,0,0.0370835810899734,0,9.592021524440496e-05,0,0.0231651756912469
0,0.016238635405898,0,0.0611776001751422,0,0.0001340757880825,0,0.0378060266375541
0,0.0309037938714027,0,0.0631284564733505,0,0.0001940143702086,0,0.1465267837047577
0,0.0002115938114002,0,0.0278025809675455,0,9.59654207690619e-05,0,0.0031826347112655
0,0.0113860461860895,0,0.1109964102506637,0,0.0001115809209295,0,0.1880764067173004
0,0.0001148760711657,0,0.0451372042298316,0,0.0001073997336789,0,0.0094886478036642
0,0.0001046266552293,0,0.0209908206015825,0,6.64092440274544e-05,0,0.0012122620828449
0,0.001733730896376,0,0.148293063044548,0,0.0002162122837034,0,0.0116804409772157
0,0.0208984613418579,0,0.0792343541979789,0,0.0145787484943866,0,0.0148090003058314
0,0.0001254095986951,0,0.0117462994530797,0,0.0001005853919195,0,0.0118512054905295
0,0.0158538557589054,0,0.064220406115055,0,0.0004352673131506,0,0.0266220495104789
0,8.69068389874883e-05,0,0.0128327887505292,0,8.263085328508168e-05,0,0.0079107144847512
0,0.9778644442558287,0,0.4148614406585693,0,0.6626699566841125,0,0.9414494037628174
0,0.0011523201828822,0,0.0664408802986145,0,0.0007116103661246,0,0.0115906400606036
0,0.5811707973480225,0,0.06521937251091,0,0.0853961631655693,0,0.0419031269848346
0,0.0248062275350093,0,0.0724261179566383,0,0.0005954981315881,0,0.0963135287165641
0,0.0059339799918234,0,0.0655591487884521,0,0.000421666103648,0,0.0080521935597062
0,0.9009026288986206,0,0.7930974960327148,0,0.8843177556991577,0,0.9726682305336
0,0.0035928497090935,0,0.0364284142851829,0,0.001314363325946,0,0.0104626966640353
0,0.0015941542806103,0,0.0745675489306449,0,0.0008234739070758,0,0.0114031387493014
0,0.0057451175525784,0,0.0680212825536727,0,0.0002966729807667,0,0.0301088839769363
0,0.8852816224098206,0,0.5642806887626648,0,0.6612629294395447,0,0.9665029644966124
0,0.0239907186478376,0,0.0707761868834495,0,0.0004289761127438,0,0.1665689945220947
0,0.0010617251973599,0,0.055419772863388,0,0.000119019379781,0,0.0128588378429412
0,0.0001809624955058,0,0.0972191616892814,0,0.0008802564116194,0,0.0383732095360755
0,0.4103286564350128,0,0.1483076959848404,0,0.0013579708756878,0,0.2830431759357452
0,0.0670299530029296,0,0.1293768286705017,0,0.0001593698689248,0,0.4485520124435425
0,0.0024283390957862,0,0.0310182534158229,0,0.0004907001857645,0,0.008347351104021
0,0.002695741597563,0,0.0370028354227542,0,0.0005530281923711,0,0.0095846336334943
0,0.1314649879932403,0,0.1762072145938873,0,0.0002494759683031,0,0.2318306416273117
0,0.0126969972625374,0,0.0462289452552795,0,0.1137657761573791,0,0.6742547750473022
0,0.0658917501568794,0,0.1091250330209732,0,0.0001402440102538,0,0.0989435017108917
0,0.907925009727478,0,0.2393764853477478,0,0.0011085069272667,0,0.5299155116081238
0,0.6993482112884521,0,0.2142516523599624,0,0.0052674515172839,0,0.4732767045497894
0,0.8570522665977478,0,0.3544551432132721,0,0.8419387340545654,0,0.8808043599128723
0,0.4156503081321716,0,0.2390124946832656,0,0.0608771964907646,0,0.8786131143569946
0,0.4828026890754699,0,0.3003114759922027,0,0.3031096458435058,0,0.6159176826477051
0,0.0001000229822238,0,0.0023885529953986,0,0.000110917892016,0,0.0013264459557831
0,7.624186400789768e-05,0,0.0074542830698192,0,0.0001106715208152,0,0.001115198014304
0,0.6104239225387573,0,0.2829696536064148,0,0.9591163396835328,0,0.2771584987640381
0,0.4909147620201111,0,0.2081218212842941,0,0.8488722443580627,0,0.2512068450450897
0,0.0001890662242658,0,0.006012656725943,0,0.0001175153156509,0,0.0020651810336858
0,0.8667426705360413,0,0.1822684407234192,0,0.000199336442165,0,0.0720763057470321
0,0.0001750627125147,0,0.0422333516180515,0,0.0002177764545194,0,0.0056370683014392
0,0.0001041497453115,0,0.0189851019531488,0,0.0001129758529714,0,0.0014113332144916
0,0.0001781703758751,0,0.0419041328132152,0,0.0001581672258907,0,0.0055221505463123
0,0.0003574553702492,0,0.0524537824094295,0,0.0002039311511907,0,0.0037420433945953
0,0.058671087026596,0,0.0903120189905166,0,0.0003373325453139,0,0.015981325879693
0,0.0002022676926571,0,0.0480696074664592,0,0.0001195614022435,0,0.0022975183092057
0,0.1907832622528076,0,0.0954679474234581,0,0.0003856066032312,0,0.2458063513040542
0,0.6326029896736145,0,0.3162429928779602,0,0.0489161014556884,0,0.5968878269195557
0,0.3914104700088501,0,0.2734584510326385,0,0.0421690717339515,0,0.8635388612747192
0,0.7243372797966003,0,0.3859899938106537,0,0.8820074796676636,0,0.8733172416687012
0,0.3595270812511444,0,0.2403121292591095,0,0.2382816970348358,0,0.6110590100288391
0,0.5309256315231323,0,0.1350277364253997,0,0.0003879181749653,0,0.2355321049690246
0,0.7822121977806091,0,0.2844467461109161,0,0.8526233434677124,0,0.7163973450660706
0,0.6518714427947998,0,0.3173999786376953,0,0.0572032704949379,0,0.8738323450088501
0,0.4507118165493011,0,0.1236237287521362,0,0.0006168001564219,0,0.4755051136016845
0,0.0007504788227379,0,0.0274683572351932,0,0.0001236491079907,0,0.0167347211390733
0,0.0032223493326455,0,0.0173702109605073,0,0.0003035687259398,0,0.0179766211658716
0,0.0094108823686838,0,0.0259190890938043,0,0.0004260084533598,0,0.0156355146318674
0,0.000133500303491,0,0.0052306922152638,0,0.0001388504460919,0,0.0103496694937348
0,0.730389416217804,0,0.1826295703649521,0,0.9191710948944092,0,0.8398222923278809
0,0.0458583161234855,0,0.1224079951643943,0,0.0011040173703804,0,0.1182285919785499
0,0.1039519384503364,0,0.0740408822894096,0,0.0002835966006387,0,0.0806236565113067
0,0.086889699101448,0,0.1620689779520034,0,0.000549110060092,0,0.1863682866096496
0,0.980820655822754,0,0.2394752204418182,0,0.5821145176887512,0,0.6805763244628906
0,0.5087591409683228,0,0.1156432777643203,0,0.4738556742668152,0,0.2905557453632355
0,0.0192319024354219,0,0.1140996888279914,0,0.0007318272255361,0,0.0377920940518379
0,0.0657937303185463,0,0.1826895028352737,0,0.0003764871216844,0,0.0327325426042079
0,0.0809364393353462,0,0.1851286590099334,0,0.0005698788445442,0,0.0369438044726848
0,0.4122397005558014,0,0.2929551899433136,0,0.0016552275046706,0,0.0863747671246528
0,8.621850429335609e-05,0,0.0027571043465286,0,0.0001069985155481,0,0.0008690779213793
0,0.0048481673002243,0,0.0250416155904531,0,0.0002019986277446,0,0.0098394444212317
0,0.0002070706395898,0,0.0496190339326858,0,0.0009248018031939,0,0.0085710231214761
0,9.883395250653848e-05,0,0.0057009286247193,0,0.000181318129762,0,0.0030459796544164
0,0.0011692685075104,0,0.0426698885858058,0,0.0003069940430577,0,0.0096414750441908
0,0.000135918991873,0,0.0081430319696664,0,0.0001433212019037,0,0.017485424876213
0,0.7175896167755127,0,0.1743861436843872,0,0.0043343510478734,0,0.1872791796922683
0,0.4059008657932281,0,0.2019115090370178,0,0.0005950686172582,0,0.0046612960286438
0,0.2411596775054931,0,0.1713293641805648,0,0.0003110911929979,0,0.0071623846888542
0,0.1444655507802963,0,0.0315522216260433,0,0.0003982305643148,0,0.0062225456349551
0,8.447083382634446e-05,0,0.0066665690392255,0,0.0001390281249769,0,0.0022037390153855
0,0.0001541551027912,0,0.0117144482210278,0,0.0001545296545373,0,0.0014218058204278
0,0.0001172303673229,0,0.0135864820331335,0,0.0003348006866872,0,0.0022775398101657
0,0.0056191678158938,0,0.1436483860015869,0,0.0002727923565544,0,0.0196542907506227
0,0.0176988393068313,0,0.0777027383446693,0,0.0004397248849272,0,0.0130368489772081
0,0.0181724447757005,0,0.243853747844696,0,0.0007425672956742,0,0.0448679774999618
0,0.0238884463906288,0,0.042495273053646,0,0.0005248822271823,0,0.0148320803418755
0,0.0001045947356033,0,0.0025483574718236,0,0.0001322304742643,0,0.0019594277255237
0,9.098614827962592e-05,0,0.0095253866165876,0,0.0002320609346497,0,0.0038384976796805
0,9.449775097891688e-05,0,0.0052515571005642,0,0.0001031932042678,0,0.0049113212153315
0,7.262743747560307e-05,0,0.0204410012811422,0,7.9061632277444e-05,0,0.0106104705482721
0,0.0001047768091666,0,0.0048858532682061,0,6.603683868888766e-05,0,0.0023293818812817
0,7.871317939134315e-05,0,0.0104550523683428,0,8.269934187410399e-05,0,0.0032048632856458
0,0.0001081793525372,0,0.0121739488095045,0,0.0001417522435076,0,0.0033878283575177
0,0.015004152432084,0,0.0442413724958896,0,0.0001243316510226,0,0.0602263957262039
0,0.000107448802737,0,0.0138237820938229,0,0.0001296749542234,0,0.0017684830818325
0,0.0001690770150162,0,0.0124705415219068,0,7.303519669221714e-05,0,0.0012134468415752
0,0.0002537370601203,0,0.0263792350888252,0,7.65063232393004e-05,0,0.1182079315185546
0,0.0002256231964565,0,0.0207783840596675,0,0.0006975735886953,0,0.0030128459911793
0,0.0002887746086344,0,0.0326962172985076,0,6.125048821559176e-05,0,0.0387351810932159
0,0.0001287400809815,0,0.0238355547189712,0,0.0001251220965059,0,0.0022515354212373
0,0.000123397403513,0,0.0215266104787588,0,0.0001397942105541,0,0.0017733688000589
0,0.0002087343746097,0,0.0339991711080074,0,0.0001368698431178,0,0.0028755136299878
0,0.0129254795610904,0,0.0486463755369186,0,0.0004937762860208,0,0.3184252977371216
0,0.0104344803839921,0,0.0300517678260803,0,0.0002188939251936,0,0.0121151348575949
0,0.007571036927402,0,0.0392750091850757,0,0.0004297105770092,0,0.020644498988986
0,0.9876305460929872,0,0.410453200340271,0,0.3430661559104919,0,0.8492745161056519
0,0.9901983737945556,0,0.5146305561065674,0,0.9384326338768004,0,0.8295858502388
0,0.9879366755485536,0,0.3929990530014038,0,0.5375497937202454,0,0.7937005758285522
0,0.0001471354480599,0,0.0896965116262435,0,0.0005399225628934,0,0.0367127135396003
0,0.2528168261051178,0,0.1907930374145507,0,0.0013946208637207,0,0.1268133223056793
0,0.008807236328721,0,0.0614028498530387,0,0.0004696267424151,0,0.0379774048924446
0,0.000100487981399,0,0.0391399525105953,0,0.0001337690482614,0,0.0038066378328949
0,0.27711221575737,0,0.1333092898130417,0,0.0190770309418439,0,0.103745050728321
0,0.0213849022984504,0,0.097840204834938,0,0.0019948482513427,0,0.0367423295974731
0,0.0001073668681783,0,0.0523309260606765,0,0.0001901188807096,0,0.0037672170437872
0,0.1684394627809524,0,0.1530022025108337,0,0.0086405705660581,0,0.095519371330738
0,0.0180580094456672,0,0.2174718528985977,0,0.0331809855997562,0,0.0739176496863365
0,0.4775474369525909,0,0.2767654657363891,0,0.7760847210884094,0,0.9497793316841124
0,0.1930733919143676,0,0.0484691560268402,0,0.0129537675529718,0,0.2897278368473053
0,0.0001083602328435,0,0.0045135510154068,0,0.0001018633629428,0,0.0009510085219517
0,0.2707504332065582,0,0.1150613278150558,0,0.0271067004650831,0,0.4449363648891449
0,0.0001033636726788,0,0.0057956399396061,0,0.0001091887897928,0,0.0008479429525323
0,0.2374681234359741,0,0.088249072432518,0,0.0004881702188868,0,0.2984907329082489
0,9.653400775277988e-05,0,0.0048198993317782,0,0.0001293585519306,0,0.0008969029877334
0,8.749924745643511e-05,0,0.004697373136878,0,0.0001537386415293,0,0.0017443051328882
0,8.985344902612269e-05,0,0.0042259371839463,0,0.0001423058711225,0,0.0030076468829065
0,7.55078362999484e-05,0,0.0031990814022719,0,0.000172512489371,0,0.0015615820884704
0,9.97107199509628e-05,0,0.006013152655214,0,0.0001572733162902,0,0.0037438569124788
0,0.5875973701477051,0,0.2303047180175781,0,0.0006710676825605,0,0.4778035581111908
0,0.808157205581665,0,0.1600517332553863,0,0.0028012546245008,0,0.7464877367019653
0,0.7932760715484619,0,0.293441891670227,0,0.0520020239055156,0,0.8994448184967041
0,0.5353680849075317,0,0.2098056674003601,0,0.0975017622113227,0,0.3356979489326477
0,0.1520399302244186,0,0.1611791253089904,0,0.0072212442755699,0,0.9230713844299316
0,0.6282452940940857,0,0.2452502399682998,0,0.0026007783599197,0,0.795285165309906
0,0.5986447930335999,0,0.1995825171470642,0,0.0039048306643962,0,0.1718823462724685
0,0.0001091205049306,0,0.0080979112535715,0,0.000132963177748,0,0.0060451119206845
0,0.4709604978561401,0,0.3569536507129669,0,0.0095542855560779,0,0.881744921207428
0,0.0951217636466026,0,0.2104962617158889,0,0.0019594482146203,0,0.6517269611358643
0,0.676921546459198,0,0.2301348894834518,0,0.1597706973552703,0,0.8467235565185547
0,0.0001181649131467,0,0.0174755230545997,0,0.0004858020984102,0,0.010992057621479
0,0.0371955595910549,0,0.104755014181137,0,0.0036998400464653,0,0.2880087196826935
0,0.0058937245048582,0,0.0733865574002265,0,0.0016679133987054,0,0.0776116251945495
1,0.8875132203102112,1,0.2920231521129608,1,0.686622142791748,1,0.8443145751953125
1,0.8914483189582825,1,0.3812056481838226,1,0.5959520936012268,1,0.9279639720916748
1,0.8796868920326233,1,0.4678699970245361,1,0.5112797617912292,1,0.9218326807022096
1,0.9425709247589112,1,0.4421125948429107,1,0.977730929851532,1,0.9216870069503784
1,0.9860068559646606,1,0.4133013188838959,1,0.2507110238075256,1,0.9155887961387634
1,0.9628344774246216,1,0.4079593122005462,1,0.8434754610061646,1,0.9087804555892944
1,0.5880847573280334,1,0.5061976313591003,1,0.0219559669494628,1,0.5098668336868286
1,0.8115502595901489,1,0.7378621101379395,1,0.0016974473837763,1,0.891144335269928
1,0.920701503753662,1,0.2162032425403595,1,0.8172056078910828,1,0.9543307423591614
1,0.7586768269538879,1,0.2407637536525726,1,0.1415789425373077,1,0.8428690433502197
1,0.5062953233718872,1,0.0818290114402771,1,0.0002172049134969,1,0.278645247220993
1,0.9458543062210084,1,0.3821719586849212,1,0.907652735710144,1,0.8022361397743225
1,0.0723665058612823,1,0.0585381463170051,1,0.0025343529414385,1,0.036223541945219
1,0.7352716326713562,1,0.3273214697837829,1,0.4032782316207886,1,0.5649643540382385
1,0.6693062782287598,1,0.6811800003051758,1,0.9137579798698424,1,0.9492905139923096
1,0.7649508714675903,1,0.6056389212608337,1,0.054004468023777,1,0.7904618978500366
1,0.7962883710861206,1,0.2532092332839966,1,0.0044579305686056,1,0.8735124468803406
1,0.912301242351532,1,0.2991437613964081,1,0.3503913879394531,1,0.801352858543396
1,0.6684605479240417,1,0.5379779934883118,1,0.9299126267433168,1,0.9494417309761048
1,0.6813357472419739,1,0.1725986301898956,1,0.0144543163478374,1,0.747657835483551
1,0.744458019733429,1,0.1329950839281082,1,0.0120236072689294,1,0.6864655017852783
1,0.9373037219047546,1,0.3084304630756378,1,0.5727568864822388,1,0.9219583868980408
1,0.0202247127890586,1,0.0888704732060432,1,0.000940153026022,1,0.2306338250637054
1,0.845458447933197,1,0.2001357674598693,1,0.1273311823606491,1,0.7054836750030518
1,0.9643023610115052,1,0.2255510985851287,1,0.9515143036842346,1,0.8156985640525818
1,0.7210776805877686,1,0.1726142913103103,1,0.0408423021435737,1,0.2183689624071121
1,0.8512436747550964,1,0.6641120314598083,1,0.9974107146263124,1,0.9721100926399232
0,0.2913911342620849,0,0.1143044978380203,0,0.0006369792972691,0,0.0992712378501892
0,0.2132120728492736,0,0.0994571670889854,0,0.000937778619118,0,0.0368385091423988
0,0.0002128400519723,0,0.013472412712872,0,0.0001777964935172,0,0.0019651616457849
0,0.0004236211534589,0,0.0063218278810381,0,0.0001039554772432,0,0.0021162037737667
0,0.0033978135325014,0,0.0260630212724208,0,0.000280089181615,0,0.0074529498815536
0,0.9389540553092957,0,0.3365785181522369,0,0.5296218991279602,0,0.9030596613883972
0,0.0166893042623996,0,0.0346770994365215,0,0.0002138712443411,0,0.0063888388685882
0,0.974675953388214,0,0.2716092467308044,0,0.0148691954091191,0,0.8904211521148682
0,0.6475136876106262,0,0.1281645447015762,0,0.0006663907552137,0,0.2883073687553406
0,0.0064140846952795,0,0.0395162031054496,0,0.000198235240532,0,0.0068031353875994
0,0.0508509650826454,0,0.0263176541775465,0,0.0001564530684845,0,0.0202197413891553
0,0.2429153621196746,0,0.0700481683015823,0,0.0016505850944668,0,0.026057943701744
0,0.7486077547073364,0,0.3245989680290222,0,0.9049389958381652,0,0.8807138204574585
0,0.0430121310055255,0,0.0743801966309547,0,0.0001046643737936,0,0.0268014315515756
0,0.0748621076345443,0,0.0690852180123329,0,0.0013934093294665,0,0.0327147766947746
0,0.0075880596414208,0,0.0341237820684909,0,0.0604802854359149,0,0.017444659024477
0,0.0428274013102054,0,0.0576920323073864,0,0.0146051524206995,0,0.1072178408503532
0,0.0049885637126863,0,0.0274726636707782,0,0.0100399581715464,0,0.0174222700297832
0,0.000480007729493,0,0.0236753467470407,0,0.0028519770130515,0,0.0094886301085352
0,0.0102057736366987,0,0.0447620786726474,0,0.0241718348115682,0,0.0520673394203186
0,0.4781408905982971,0,0.1770612895488739,0,0.0030103088356554,0,0.8313952684402466
0,0.4987586736679077,0,0.1348108649253845,0,0.013023555278778,0,0.8721349239349365
0,0.1760929226875305,0,0.3577679395675659,0,0.0090284114703536,0,0.9132583141326904
0,7.063333760015666e-05,0,0.0151225384324789,0,0.000144228368299,0,0.0039610681124031
0,0.3740105032920837,0,0.1939678937196731,0,0.065109372138977,0,0.3886166512966156
0,0.4189220070838928,0,0.158219888806343,0,0.0352597832679748,0,0.0555055849254131
0,0.2070332467555999,0,0.1819891035556793,0,0.0005835589836351,0,0.5003746151924133
0,0.3421887159347534,0,0.1724733859300613,0,0.9795209765434264,0,0.4388581216335296
0,0.4301379024982452,0,0.671123206615448,0,0.0664507523179054,0,0.2554821372032165
0,0.0003497922152746,0,0.0520743653178215,0,0.0001654407824389,0,0.0081184282898902
0,0.0002452574553899,0,0.0541080832481384,0,0.0002925229491665,0,0.0283323470503091
0,0.1424832791090011,0,0.1895643472671508,0,0.0110981557518243,0,0.1799925714731216
0,0.7435125112533569,0,0.0955862924456596,0,0.0004946421831846,0,0.0356573201715946
0,0.5242049098014832,0,0.1042119264602661,0,0.0003307569713797,0,0.1074120923876762
0,0.0001372239930788,0,0.00249630282633,0,0.0003114675055257,0,0.008993312716484
0,0.0125945638865232,0,0.1219420060515403,0,0.0012398832477629,0,0.088807426393032
0,6.907604256412014e-05,0,0.0123059889301657,0,0.0006706974818371,0,0.0061100213788449
0,8.495179645251483e-05,0,0.0036888148169964,0,0.000334016396664,0,0.0072048651054501
0,0.0005296243471093,0,0.0515133403241634,0,7.070653373375535e-05,0,0.0145244495943188
0,0.0001012274806271,0,0.0059756515547633,0,8.753687870921567e-05,0,0.0018248343840241
0,0.016822887584567,0,0.0878442078828811,0,0.0006694282637909,0,0.0195658411830663
0,0.0013243000721558,0,0.0525435358285903,0,0.0003533306298777,0,0.0185826867818832
0,0.000259471242316,0,0.0359900370240211,0,0.0001307908678427,0,0.0102604879066348
0,9.230248542735352e-05,0,0.0021172855049371,0,0.0001007762548397,0,0.0013077795738354
0,9.548363595968112e-05,0,0.0055058659054338,0,0.0001307932398049,0,0.0027599798049777
0,0.008299333974719,0,0.0745848640799522,0,0.0002198246365878,0,0.0223616380244493
0,0.7188203930854797,0,0.0551004558801651,0,0.0002963724546134,0,0.0119359353557229
0,0.3715422451496124,0,0.3135952353477478,0,0.0051158303394913,0,0.9499993324279784
0,0.2817305028438568,0,0.0280444342643022,0,0.0001519365032436,0,0.0149131007492542
0,0.0014274842105805,0,0.1200244426727294,0,0.0007707161130383,0,0.3560928106307983
0,0.5733664631843567,0,0.1841717362403869,0,0.0100463768467307,0,0.668083667755127
0,0.0005972181097604,0,0.014466855674982,0,0.0002092514623655,0,0.0048103895969688
0,0.0001136206119554,0,0.0444779358804225,0,0.0039258226752281,0,0.0183988399803638
0,9.820994455367328e-05,0,0.0879278182983398,0,0.0058131655678153,0,0.0493791960179805
0,0.2191134840250015,0,0.199953407049179,0,0.0008419977384619,0,0.353657454252243
0,0.0873133540153503,0,0.1580178141593933,0,0.000593626697082,0,0.2065798193216323
0,0.1688067615032196,0,0.1624490320682525,0,0.0014413594035431,0,0.146701231598854
0,7.842876220820472e-05,0,0.031924944370985,0,8.912086195778102e-05,0,0.0043837432749569
0,8.764489029999822e-05,0,0.0328960977494716,0,0.0001017728864098,0,0.003076548455283
0,0.0001285081525566,0,0.0121213858947157,0,9.298184158978984e-05,0,0.0016809336375445
0,0.0001394565770169,0,0.0444401800632476,0,0.000114950693387,0,0.0102856941521167
0,0.0001633833599044,0,0.01854794844985,0,0.0001274199748877,0,0.0014937814557924
0,0.1052023470401763,0,0.0905598327517509,0,0.0017196784028783,0,0.0155718959867954
0,0.037938043475151,0,0.0480038523674011,0,0.0001055121465469,0,0.0079553760588169
0,0.0002570093784015,0,0.0216235890984535,0,0.0004540399240795,0,0.0015799942193552
0,9.435952961212024e-05,0,0.0132002551108598,0,0.0001242072321474,0,0.003643084783107
0,0.1331398040056228,0,0.0472323261201381,0,0.0038315972778946,0,0.0153132267296314
0,9.113150736084208e-05,0,0.0061585614457726,0,0.0003032499516848,0,0.0025454510468989
0,0.276220440864563,0,0.0426576361060142,0,0.0023606757167726,0,0.0141232768073678
0,6.869621574878693e-05,0,0.0066107753664255,0,0.0001589388848515,0,0.0046913912519812
0,0.8769221901893616,0,0.1599058359861374,0,0.0222221948206424,0,0.4281572699546814
0,0.0080267302691936,0,0.027973361313343,0,0.0001746783527778,0,0.0076139578595757
0,0.2535333931446075,0,0.0469812713563442,0,0.0016298881964758,0,0.0120536433532834
0,0.9582247734069824,0,0.2251723855733871,0,0.0011930593755096,0,0.3548093140125274
0,0.9490563869476318,0,0.1783394664525985,0,0.0006698737270198,0,0.4721096158027649
0,9.670648432802408e-05,0,0.0387721732258796,0,0.0006400164566002,0,0.0093171754851937
0,0.9485239386558532,0,0.2481081783771515,0,0.9913832545280457,0,0.6285507678985596
0,0.2951917052268982,0,0.1697175502777099,0,0.0243575014173984,0,0.6779398918151855
0,0.4926393628120422,0,0.2066292762756347,0,0.399423211812973,0,0.8715980052947998
0,0.7223562002182007,0,0.1819230765104293,0,0.0088269431143999,0,0.6956762671470642
0,0.2379118204116821,0,0.0736321210861206,0,0.0021624916698783,0,0.0810267776250839
0,0.1032784283161163,0,0.1157453879714012,0,0.0003277086070738,0,0.0450708419084548
0,0.0626026540994644,0,0.0346953570842742,0,0.0002120389399351,0,0.0072943507693707
0,0.1532724350690841,0,0.0588189102709293,0,0.000260772765614,0,0.0251995977014303
0,0.0370142236351966,0,0.0345361530780792,0,0.000355755269993,0,0.0109409028664231
0,0.0029139940161257,0,0.1225190982222557,0,0.0011235831771045,0,0.0546005181968212
0,0.0001894787856144,0,0.0302670393139123,0,0.0001479737111367,0,0.0078590186312794
0,0.0177123062312603,0,0.1068216115236282,0,0.010580557398498,0,0.0626297742128372
0,0.0484679006040096,0,0.1100492030382156,0,0.0002113311056746,0,0.1742163300514221
0,0.0003978141176048,0,0.0101911416277289,0,0.0002197337016696,0,0.0046375426463782
0,0.00014218922297,0,0.0039438740350306,0,0.000260722823441,0,0.0020645877812057
0,0.0009428185876458,0,0.0218792930245399,0,0.0001223267026944,0,0.0048643369227647
0,0.0020672655664384,0,0.0255361031740903,0,0.0001685704337432,0,0.0040958756580948
0,0.019695209339261,0,0.0371818654239177,0,0.0002014669880736,0,0.0242196954786777
0,0.0001690758945187,0,0.0486529506742954,0,8.922323468141258e-05,0,0.0058400691486895
0,0.0029682582244277,0,0.031096426770091,0,0.0001987820578506,0,0.0076895649544894
0,0.9345051646232604,0,0.2258408218622207,0,0.0248378701508045,0,0.3639251291751861
0,0.000146048652823,0,0.0480359606444835,0,7.810530223650858e-05,0,0.0123703144490718
0,0.0002512550563551,0,0.0598888844251632,0,9.54388451646082e-05,0,0.0643607899546623
0,0.5014628171920776,0,0.1659180074930191,0,0.0016753136878833,0,0.4389030337333679
0,0.0774168372154235,0,0.1315202713012695,0,0.0003175251476932,0,0.0549048148095607
0,9.478654828853904e-05,0,0.003211268922314,0,0.0003618733317125,0,0.0018036401597782
0,0.1569462418556213,0,0.0818512439727783,0,0.00034464217606,0,0.029058726504445
0,0.0420881398022174,0,0.0716089755296707,0,0.0002187887585023,0,0.0271219722926616
0,0.0003824453742709,0,0.0080750547349452,0,0.0006455246475525,0,0.0095886178314685
0,0.0114487633109092,0,0.0530354604125022,0,0.0001875712332548,0,0.0926034152507782
0,0.0002665195497684,0,0.0173089168965816,0,0.0002422184916213,0,0.0092627871781587
0,0.0277869198471307,0,0.1029581725597381,0,0.0002842177927959,0,0.0501162186264991
0,0.0002035022480413,0,0.0105577642098069,0,0.0003794702934101,0,0.0068005616776645
0,0.0088380221277475,0,0.0978555679321289,0,0.0021024993620812,0,0.060649037361145
0,0.0001960949593922,0,0.045885257422924,0,0.0013443327043205,0,0.1958455741405487
0,8.910174074117094e-05,0,0.0138872601091861,0,0.0002021315594902,0,0.0019155043410137
0,0.0001013455112115,0,0.0160125121474266,0,9.526336361886932e-05,0,0.0012004736345261
0,7.238516991492361e-05,0,0.0078552830964326,0,0.0002806617412716,0,0.0024915626272559
0,9.775296348379924e-05,0,0.0123623358085751,0,8.83950779098086e-05,0,0.0026474632322788
0,0.0002280681073898,0,0.0164423063397407,0,0.0002108965127263,0,0.0038221625145524
0,0.0052189151756465,0,0.086232990026474,0,0.0010581167880445,0,0.0184456575661897
0,9.794713696464896e-05,0,0.0074809780344367,0,8.347812399733812e-05,0,0.0010836800793185
0,0.0270338058471679,0,0.0948237776756286,0,0.0001878337643574,0,0.5371453166007996
0,0.1024927943944931,0,0.048443179577589,0,8.494668873026967e-05,0,0.0152511978521943
0,0.000223381226533,0,0.078604519367218,0,0.0001599868119228,0,0.0118607301265001
0,0.0056444532237946,0,0.0529631040990352,0,8.478960808133706e-05,0,0.0069560641422867
0,0.0001103685281123,0,0.0386451855301857,0,0.0001023771474137,0,0.0029755828436464
0,0.0001075967520591,0,0.007942016236484,0,6.935642886674032e-05,0,0.0011217960854992
0,0.2723842561244964,0,0.1103348210453987,0,0.0073619321919977,0,0.0479795634746551
0,0.1373940408229828,0,0.0444859638810157,0,0.0003210818686056,0,0.0144993877038359
0,0.5700955986976624,0,0.0995684042572975,0,0.0003042818279936,0,0.0371344722807407
0,0.0001846480590756,0,0.0086275991052389,0,0.0001192833151435,0,0.0023360759951174
0,0.1586218923330307,0,0.1008896306157112,0,0.0001423433277523,0,0.1040556728839874
0,0.0538735315203666,0,0.0411821380257606,0,0.0006560041219927,0,0.0182324983179569
0,0.0264507215470075,0,0.0747977569699287,0,0.0002227297954959,0,0.0352708362042903
0,0.6405518054962158,0,0.1620688587427139,0,0.067947469651699,0,0.8652559518814087
0,0.3915883004665375,0,0.1713068038225174,0,0.0003272843023296,0,0.1434077620506286
0,0.0008055372745729,0,0.0399777218699455,0,0.0002179332659579,0,0.0017702247714623
0,0.4996086955070495,0,0.4029228389263153,0,0.0029688961803913,0,0.3314439952373504
0,0.5488424301147461,0,0.2359916716814041,0,0.0004067105182912,0,0.6823709011077881
0,0.612632155418396,0,0.2501462996006012,0,0.0002673838753253,0,0.3259839713573456
0,0.5304098725318909,0,0.3020860254764557,0,0.0002794063766486,0,0.5297776460647583
0,0.6557298898696899,0,0.1191297248005867,0,0.000793669023551,0,0.0723407492041587
0,0.1173379719257354,0,0.0719293430447578,0,0.1229492649435997,0,0.0248760301619768
0,0.3921993970870971,0,0.0402989834547042,0,0.0025322323199361,0,0.072408802807331
0,0.032892357558012,0,0.1651450097560882,0,0.0003311374748591,0,0.0364733971655368
0,0.0004861991037614,0,0.064006470143795,0,0.0003342310956213,0,0.0649264231324195
0,0.0297911018133163,0,0.0262139681726694,0,0.000120998971397,0,0.0207058973610401
0,0.0103783337399363,0,0.0879808589816093,0,0.0010233856737613,0,0.0458169989287853
0,8.11167192296125e-05,0,0.0417422242462635,0,0.0001810955873224,0,0.0052313962951302
0,0.0001641552371438,0,0.0205549765378236,0,8.95906996447593e-05,0,0.0068801310844719
0,0.9735244512557985,0,0.7674784064292908,0,0.8556349873542786,0,0.9718641042709352
0,0.9883044958114624,0,0.3752890527248382,0,0.9748902320861816,0,0.983105719089508
0,0.9628682136535645,0,0.2930577099323272,0,0.3520694375038147,0,0.9520477652549744
0,0.1641649007797241,0,0.0490312986075878,0,0.0004798153531737,0,0.2069809138774871
0,0.2807983160018921,0,0.051362045109272,0,0.0001601345429662,0,0.2078327685594558
0,9.843158477451652e-05,0,0.0201600547879934,0,0.000346275686752,0,0.0066304514184594
0,0.0001129503143602,0,0.0190215818583965,0,0.0001257850672118,0,0.0051051727496087
0,0.0001094892650144,0,0.0124274473637342,0,0.0001586878061061,0,0.004222557414323
0,0.0001038032205542,0,0.0255962777882814,0,0.0001103065660572,0,0.0036267493851482
0,0.0001251492940355,0,0.0210862532258033,0,9.98292671283707e-05,0,0.0042689945548772
0,0.4607335925102234,0,0.1946959495544433,0,0.1122468337416648,0,0.1188331618905067
0,0.5477379560470581,0,0.0670064687728881,0,0.0011246063513681,0,0.0823820009827613
0,0.0772152692079544,0,0.0933477208018302,0,0.0002041636471403,0,0.1044976487755775
0,0.0219233185052871,0,0.0292930789291858,0,0.0001945208059623,0,0.0041555790230631
0,0.1838681548833847,0,0.0507316887378692,0,0.0009761280962266,0,0.1510859131813049
0,0.622104823589325,0,0.1751859039068222,0,0.0073788557201623,0,0.1831561475992202
0,0.1384053975343704,0,0.0684921443462371,0,0.0010693315416574,0,0.1181336119771003
0,0.0005524581647478,0,0.0876754894852638,0,0.0001924347161548,0,0.0538639165461063
0,0.0012709437869489,0,0.0413523279130458,0,0.000239203320234,0,0.0019214510684832
0,0.1162405759096145,0,0.1225944012403488,0,0.002955334726721,0,0.2030766457319259
0,0.1771783381700515,0,0.0843303576111793,0,0.0022668843157589,0,0.0743113830685615
0,0.7655054926872253,0,0.2118648886680603,0,0.0934589505195617,0,0.2329621911048889
0,0.0156145757064223,0,0.0264976546168327,0,0.0011139170965179,0,0.0447158887982368
0,0.0001298260322073,0,0.0979095250368118,0,0.0001882371871033,0,0.1118898764252662
0,0.0002896097430493,0,0.0196905955672264,0,0.0001371923281112,0,0.0053549157455563
0,0.0913563147187233,0,0.0487150959670543,0,0.0005457081715576,0,0.0239135008305311
0,0.7885586619377136,0,0.2292509078979492,0,0.0766026601195335,0,0.0948709324002265
0,0.0296500828117132,0,0.1612492799758911,0,0.0002677956363186,0,0.0981574207544326
0,0.384905457496643,0,0.0736288204789161,0,0.0001447893300792,0,0.0293205026537179
0,0.0001554531772853,0,0.0253621581941843,0,0.0002591701049823,0,0.0101503804326057
0,0.0001543233520351,0,0.0208138208836317,0,0.0002912334166467,0,0.0040450138039886
0,0.5893183350563049,0,0.0722559094429016,0,0.0270893331617116,0,0.1386162638664245
0,0.0781155452132225,0,0.0699088275432586,0,0.0005550261121243,0,0.2547976672649383
0,0.9566478729248048,0,0.3035996258258819,0,0.987938106060028,0,0.9332342147827148
0,0.3659990429878235,0,0.4655237793922424,0,0.0613038502633571,0,0.8875742554664612
0,0.0814372524619102,0,0.1201609373092651,0,0.009217670187354,0,0.2469611912965774
0,0.0040455386042594,0,0.0258428417146205,0,0.0002919375838246,0,0.0132249919697642
0,0.0001503139210399,0,0.002795223146677,0,0.0001133017722168,0,0.0039289430715143
0,0.1147084236145019,0,0.174976110458374,0,0.0004110532463528,0,0.2185632139444351
0,0.1896837651729583,0,0.0877910554409027,0,0.0041177081875503,0,0.3477666676044464
0,0.0001294253015657,0,0.0052150888368487,0,0.000109718159365,0,0.0045296056196093
0,0.0013745949836447,0,0.0482093133032321,0,0.0004544213879853,0,0.0181218311190605
0,0.0026062438264489,0,0.1322888880968094,0,0.0003285648417659,0,0.0525177977979183
0,0.0032617799006402,0,0.0613234192132949,0,0.0005471868789754,0,0.0198829770088195
0,0.6213099956512451,0,0.1512094587087631,0,0.5411702394485474,0,0.569098174571991
0,0.0001116218845709,0,0.0027733105234801,0,0.0001650942431297,0,0.0066610099747776
0,0.0286188535392284,0,0.1155323386192321,0,0.0003625578829087,0,0.0526890717446804
0,9.608271648176014e-05,0,0.024707730859518,0,0.0001716666156426,0,0.0072093685157597
0,0.0001698740088613,0,0.025657769292593,0,0.0002349594724364,0,0.006698946468532
0,0.0001257281110156,0,0.0228434298187494,0,0.000286517344648,0,0.0080438526347279
0,0.3497306108474731,0,0.1865926682949066,0,0.0008990908972918,0,0.2727728486061096
0,0.0272399820387363,0,0.0391554124653339,0,0.0002261366171296,0,0.0046250158920884
0,0.0529399067163467,0,0.0464952178299427,0,0.0001691781362751,0,0.0039573502726852
0,0.0377471558749675,0,0.0320232175290584,0,0.0001100917725125,0,0.0104356622323393
0,0.1083529591560363,0,0.0773945897817611,0,0.0425653643906116,0,0.0151737285777926
0,0.0004944422398693,0,0.0385708846151828,0,0.5567855834960938,0,0.0078147500753402
0,0.4020405411720276,0,0.1793253868818283,0,0.0004179754760116,0,0.3813362419605255
0,0.0229416489601135,0,0.0507327578961849,0,0.0033667020034044,0,0.0126995490863919
0,0.2951303422451019,0,0.1604976803064346,0,0.0005818207282572,0,0.4224528670310974
0,0.0002148537168977,0,0.0176743827760219,0,0.0182759016752243,0,0.0030605520587414
0,0.1092418581247329,0,0.1977694481611251,0,0.0005370465223677,0,0.6365757584571838
0,0.0503643080592155,0,0.102182924747467,0,0.0033225018996745,0,0.0245991759002208
0,0.0004610186151694,0,0.0379649326205253,0,0.1803892105817794,0,0.0477365106344223
0,0.0001099221481126,0,0.0017116470262408,0,7.683613512199372e-05,0,0.0009804392466321
0,0.7116100192070007,0,0.2435055375099182,0,0.1281694322824478,0,0.6218792200088501
0,0.054554533213377,0,0.031385313719511,0,0.0002472887572366,0,0.0097083477303385
0,0.0001053480591508,0,0.0014456007629632,0,6.493447290267795e-05,0,0.0012126623187214
0,0.6344769597053528,0,0.241715982556343,0,0.0070768045261502,0,0.4146624505519867
0,0.0035176088567823,0,0.0424474440515041,0,0.0001302166929235,0,0.0125453695654869
0,0.4473579823970794,0,0.1933493614196777,0,0.2259757816791534,0,0.7612876892089844
0,0.0016289590857923,0,0.1157866567373275,0,0.0002866848371922,0,0.0528105907142162
0,0.0222794748842716,0,0.02903363853693,0,0.0004075715551152,0,0.0214365553110837
0,0.0033498536795377,0,0.0181794334203004,0,0.0001715883845463,0,0.0092177018523216
0,0.0989075601100921,0,0.0347467139363288,0,0.0009998087771236,0,0.0098133198916912
0,0.3357471525669098,0,0.0522572547197341,0,0.0005652705440297,0,0.6508935689926147
0,0.4429126679897308,0,0.1244339346885681,0,0.303253173828125,0,0.0669538453221321
0,0.0002158853894798,0,0.0163286738097667,0,0.0006101094768382,0,0.0046286699362099
0,0.0001095336556318,0,0.012012206017971,0,0.0001712712837615,0,0.0019146366976201
0,0.0002503041469026,0,0.0085374377667903,0,0.0001794054405763,0,0.0047962274402379
0,0.0003196421021129,0,0.0279038473963737,0,0.0001544530387036,0,0.0065843113698065
0,0.0281673334538936,0,0.0435490496456623,0,0.0024198407772928,0,0.0074608479626476
0,0.0018769035814329,0,0.0224195402115583,0,0.000232770704315,0,0.0054672360420227
0,9.53437847783789e-05,0,0.0520172193646431,0,0.0003394832892809,0,0.0561326518654823
0,0.0001120264569181,0,0.0015725273406133,0,0.0001052766601787,0,0.0006132015842013
0,0.076286680996418,0,0.0560019239783287,0,0.0009520521271042,0,0.0277388989925384
0,0.0018845228478312,0,0.0323565788567066,0,0.0001057282715919,0,0.0055988752283155
0,0.0003660051734186,0,0.0188015233725309,0,8.853781764628366e-05,0,0.0068314052186906
0,0.8073964715003967,0,0.143425241112709,0,0.0150446565821766,0,0.6169703006744385
0,0.0001786933426046,0,0.0153689263388514,0,0.000115539500257,0,0.0018578778253868
0,0.0001273600937565,0,0.0121114999055862,0,0.0001261958241229,0,0.001349450321868
0,0.8488845229148865,0,0.2402547001838684,0,0.0153771992772817,0,0.5225909352302551
0,0.0744009613990783,0,0.0662122890353202,0,0.0003605372912716,0,0.0468652658164501
0,0.1102639734745025,0,0.032496303319931,0,0.0002229125093435,0,0.0503447987139225
0,0.0388607122004032,0,0.0828438475728035,0,0.0011594959069043,0,0.0184590369462966
0,0.0001412946294294,0,0.0139839993789792,0,0.0001993375917663,0,0.0035849716514348
0,0.6418344378471375,0,0.2308430671691894,0,0.0226138867437839,0,0.4861566722393036
0,0.0003430684737395,0,0.0802717208862304,0,0.0001104465409298,0,0.0281474236398935
0,0.251882791519165,0,0.1128989532589912,0,0.0010852504055947,0,0.0317558608949184
0,6.827094330219552e-05,0,0.0327791571617126,0,0.0001552956819068,0,0.0069029876030981
0,0.0012374033685773,0,0.0950464159250259,0,0.0011625632178038,0,0.0641670450568199
1,0.5134024024009705,1,0.4744014739990234,1,0.0479420460760593,1,0.8303231000900269
1,0.644321084022522,1,0.2325257360935211,1,0.4821027517318725,1,0.4569967687129974
1,0.7723285555839539,1,0.3149686455726623,1,0.1368081271648407,1,0.6769933104515076
1,0.4972515702247619,1,0.8755629062652588,1,0.9784938097000122,1,0.9357568025588988
1,0.9295493960380554,1,0.918426752090454,1,0.9370162487030028,1,0.9563809633255004
1,0.0001519615761935,1,0.0844195336103439,1,0.0001134508638642,1,0.0025081161875277
1,0.0002671843394637,1,0.0812341943383216,1,0.0003561558551155,1,0.0024101072922348
1,0.6254665851593018,1,0.1431498676538467,1,0.0137049183249473,1,0.4891032576560974
1,0.3776459991931915,1,0.0957818999886512,1,0.1393555104732513,1,0.5583536624908447
1,0.0015008971095085,1,0.0771441906690597,1,0.0019533107988536,1,0.0049191829748451
1,0.8510201573371887,1,0.2563105225563049,1,0.7186241745948792,1,0.730670690536499
1,0.9770016074180604,1,0.3853103816509247,1,0.927375555038452,1,0.8835180401802063
1,0.955084264278412,1,0.4782139956951141,1,0.993804097175598,1,0.9457223415374756
1,0.2081896662712097,1,0.3018668591976166,1,0.9055665731430054,1,0.8533023595809937
1,0.990921139717102,1,0.7229827642440796,1,0.9842326641082764,1,0.9542974829673768
1,0.9815934300422668,1,0.7838274836540222,1,0.9575499892234802,1,0.9762704968452454
1,0.9653982520103456,1,0.4377890825271606,1,0.9847341179847716,1,0.9367812275886536
1,0.967902660369873,1,0.3426438868045807,1,0.9928346872329712,1,0.9404416680336
1,0.0023422264494001,1,0.0326505973935127,1,0.0051032141782343,1,0.0248693786561489
1,0.6318893432617188,1,0.1418101638555526,1,0.5967526435852051,1,0.5506733059883118
1,0.1006630137562751,1,0.184144526720047,1,0.0016305526951327,1,0.0791277140378952
0,0.0193278603255748,0,0.0320186167955398,0,0.0021882888395339,0,0.0220806822180748
0,0.003733605146408,0,0.0424964651465415,0,6.882165325805545e-05,0,0.0016810697270557
0,0.1297049969434738,0,0.0746145993471145,0,0.0002677936281543,0,0.0131626930087804
0,0.0929673612117767,0,0.0907412618398666,0,0.0005996227264404,0,0.0243630427867174
0,0.0351953469216823,0,0.039655216038227,0,0.0001726084301481,0,0.0123907849192619
0,0.1644486337900161,0,0.0731862559914588,0,0.0003380643029231,0,0.0167717859148979
0,0.0004737513372674,0,0.0205743871629238,0,0.0005334637244231,0,0.0017200533766299
0,0.0002873999183066,0,0.0214606598019599,0,0.0001873218861874,0,0.0025345110334455
0,0.0204610023647546,0,0.1559439450502395,0,0.0003943601623177,0,0.007183632813394
0,0.3312163054943084,0,0.3587545752525329,0,0.0032608343753963,0,0.6928997039794922
0,0.2616823613643646,0,0.153904914855957,0,0.0009937221184372,0,0.3293912410736084
0,0.3637763559818268,0,0.1462973207235336,0,0.0015220540808513,0,0.283370703458786
0,0.5014301538467407,0,0.0978164672851562,0,0.0002750039275269,0,0.161300241947174
0,0.1013926416635513,0,0.0775250196456909,0,0.0003447785566095,0,0.1450665891170501
0,0.966681182384491,0,0.4225898087024688,0,0.9970663189888,0,0.9207856059074402
0,0.8941380381584167,0,0.7494959831237793,0,0.99342679977417,0,0.9875757694244384
0,0.800826907157898,0,0.3741255104541778,0,0.1209238618612289,0,0.9327290654182434
0,0.607973575592041,0,0.4286921322345733,0,0.4492668509483337,0,0.4589121341705322
0,0.8867641687393188,0,0.1421708464622497,0,0.1184174120426178,0,0.0354610197246074
0,0.7889121174812317,0,0.0792267769575119,0,0.0005199096049182,0,0.0840211063623428
0,0.5588589906692505,0,0.0445800758898258,0,0.0005637312424369,0,0.0275136120617389
0,0.0001268688210984,0,0.0137818055227398,0,0.0004358403384685,0,0.0024859670083969
0,0.0011302167549729,0,0.0412808284163475,0,9.381967538502067e-05,0,0.0456640347838401
0,0.6000341176986694,0,0.3001127541065216,0,0.1537693291902542,0,0.0278769247233867
0,0.2493570297956466,0,0.0338019169867038,0,0.0034281669650226,0,0.0473106205463409
0,0.0001346899807685,0,0.0177295058965683,0,0.000194129825104,0,0.0047458889894187
0,0.0002081175189232,0,0.0473588369786739,0,0.0001630164333619,0,0.0368329249322414
0,0.0060653015971183,0,0.0471655763685703,0,0.0002098628756357,0,0.0455204024910926
0,0.0004679991980083,0,0.0305274669080972,0,0.0002182202151743,0,0.0464960895478725
0,0.0826867669820785,0,0.0993133559823036,0,0.0005044356803409,0,0.317537397146225
0,0.0001468800328439,0,0.040363110601902,0,0.0003616203612182,0,0.0023160218261182
0,0.1471898555755615,0,0.1691527366638183,0,0.000972558686044,0,0.2830540239810943
0,0.0030789372976869,0,0.0419234149158,0,0.0004102923558093,0,0.0043398304842412
0,0.8350123763084412,0,0.249685987830162,0,0.0558524131774902,0,0.9223095178604126
0,0.855186402797699,0,0.5570440888404846,0,0.9049184918403624,0,0.8685824871063232
0,0.3685255348682403,0,0.0590323731303215,0,0.0878070965409278,0,0.1372067928314209
0,0.0028073925059288,0,0.0411718115210533,0,0.0434336811304092,0,0.0928191691637039
0,0.0001430530683137,0,0.023611357435584,0,8.141576108755544e-05,0,0.0033211996778845
0,0.0001019114642986,0,0.0070420023985207,0,0.0006761504919268,0,0.036500446498394
0,0.0001413179415976,0,0.0097443228587508,0,0.0001134924168582,0,0.0042879963293671
0,0.0328802876174449,0,0.0910806581377983,0,0.0005748056573793,0,0.0719777196645736
0,0.0001245782768819,0,0.0166476611047983,0,0.0001655223604757,0,0.0033667739480733
0,9.932230022968724e-05,0,0.0222983565181493,0,0.0002279402688145,0,0.0052609425038099
0,0.0001215145239257,0,0.0058183372020721,0,8.664873894304037e-05,0,0.0012649320997297
0,0.0017789443954825,0,0.0135053833946585,0,0.0001377024163957,0,0.0010391783434897
0,0.0001447980321245,0,0.0111979022622108,0,0.0001355833373963,0,0.0066167153418064
0,0.0001080125803127,0,0.0197612233459949,0,0.000123220088426,0,0.0032228948548436
0,0.2875159680843353,0,0.0830714777112007,0,0.0079346187412738,0,0.3699234426021576
0,0.0001099069559131,0,0.0288722235709428,0,0.0003597616741899,0,0.0034463789779692
0,0.194114401936531,0,0.0624133199453353,0,0.0079280976206064,0,0.1365875154733657
0,0.0001155109712271,0,0.017398776486516,0,0.0001321310264756,0,0.0037851480301469
0,0.2133968323469162,0,0.1085317209362983,0,0.0024757890496402,0,0.4410200119018554
0,0.8980308771133423,0,0.4113295078277588,0,0.5660048723220825,0,0.2869417667388916
0,0.8154638409614563,0,0.2545396685600281,0,0.0287553872913122,0,0.5448237657546997
0,0.0015470078215003,0,0.0265250317752361,0,0.0841767117381095,0,0.0068762055598199
0,0.008299988694489,0,0.0603819414973259,0,0.6648130416870117,0,0.0680806934833526
0,0.0174726154655218,0,0.1965812295675277,0,0.8023935556411743,0,0.1742853075265884
0,0.8877352476119995,0,0.306835412979126,0,0.0193906631320714,0,0.4375745952129364
0,7.219510735012591e-05,0,0.017529509961605,0,9.172392310574652e-05,0,0.0027215043082833
0,0.0001984934060601,0,0.0279574543237686,0,0.0002243547642137,0,0.0035177760291844
0,0.0010366089409217,0,0.0428365133702755,0,0.0003031323140021,0,0.0361181423068046
0,0.0015300769591704,0,0.0380068570375442,0,0.00072122173151,0,0.0300741977989673
0,0.0001352360122837,0,0.0546059198677539,0,0.0001183012209367,0,0.007449691183865
0,0.0002519538393244,0,0.0236726030707359,0,0.000110232955194,0,0.0043238708749413
0,0.0004058933118358,0,0.0421673282980918,0,0.000151230735355,0,0.0045016054064035
0,0.0002965166058856,0,0.0342552848160266,0,0.000261889770627,0,0.064781330525875
0,0.8830146193504333,0,0.4516998827457428,0,0.6459968090057373,0,0.9607747793197632
0,0.0664023905992508,0,0.0887977331876754,0,0.001375746098347,0,0.6586402058601379
0,0.0059661082923412,0,0.0559324100613594,0,0.0005592187517322,0,0.0261162035167217
0,0.1386984288692474,0,0.0531647130846977,0,0.0003122363705188,0,0.0147286970168352
0,0.3609032928943634,0,0.2611179649829864,0,0.0007671688217669,0,0.694172739982605
0,0.368609219789505,0,0.2133190184831619,0,0.0002959108387585,0,0.4301966726779938
0,0.3648388385772705,0,0.2385218888521194,0,0.0005870778113603,0,0.5450457334518433
0,0.1321786642074585,0,0.1206265836954116,0,0.0005665683420374,0,0.0846648141741752
0,0.1902274638414383,0,0.2647247910499573,0,0.3153060674667358,0,0.9175056219100952
0,0.1652377098798751,0,0.1407229155302047,0,0.0004211390332784,0,0.3381464779376983
0,0.4032793939113617,0,0.294438898563385,0,0.1516267210245132,0,0.9440885186195374
0,0.7408450841903687,0,0.3911215662956238,0,0.0030016091186553,0,0.9335228204727172
0,0.6875484585762024,0,0.4965028464794159,0,0.0054116300307214,0,0.7894448637962341
0,0.0275853853672742,0,0.2697985470294952,0,0.000490307691507,0,0.8143787980079651
0,0.0099708018824458,0,0.0417279973626136,0,0.0010079252533614,0,0.0280590020120143
0,0.0164932031184434,0,0.0322078764438629,0,0.0016321844886988,0,0.0261024646461009
0,0.0019362568855285,0,0.0381067246198654,0,0.0004660288104787,0,0.0186672303825616
0,0.0030547410715371,0,0.0160611048340797,0,0.0003406984906177,0,0.0435892678797245
0,0.1037109419703483,0,0.0502205044031143,0,0.0008715300355106,0,0.0171218235045671
0,0.0011053386842831,0,0.0424285344779491,0,0.0020204314496368,0,0.047947272658348
0,0.5535420179367065,0,0.0636403039097786,0,0.0302745644003152,0,0.0839609205722808
0,0.1346026510000229,0,0.0434625968337059,0,0.0002057690871879,0,0.0038182828575372
0,0.2319929450750351,0,0.0584739074110984,0,0.0001743595348671,0,0.0174874067306518
0,0.243888184428215,0,0.0584119334816932,0,0.0002444235724397,0,0.0525502003729343
0,0.0366722047328949,0,0.0825051665306091,0,0.0005236698780208,0,0.2033351957798004
0,0.6459596157073975,0,0.0773245096206665,0,0.0003646191034931,0,0.0236352104693651
0,0.4229786694049835,0,0.1592075526714325,0,0.0002386083797318,0,0.1019107699394226
0,0.9737985134124756,0,0.393588125705719,0,0.9573466181755066,0,0.9433122277259828
0,0.2206582576036453,0,0.1664028912782669,0,0.0011801072396337,0,0.1049104854464531
0,0.042232122272253,0,0.1050307303667068,0,0.0001971305027836,0,0.3256235122680664
0,0.9867420792579652,0,0.4064351916313171,0,0.9717566967010498,0,0.9420340657234192
0,0.4593534469604492,0,0.1835032999515533,0,0.0045821322128176,0,0.3249397575855255
0,0.5751240849494934,0,0.1614853143692016,0,0.000235921354033,0,0.0931611433625221
0,0.9814969301223756,0,0.4119051396846771,0,0.9556280374526978,0,0.9481108784675598
0,0.0648097321391105,0,0.0384166985750198,0,0.0001640641712583,0,0.0295173935592174
0,0.0003439172869548,0,0.0562193132936954,0,0.0001532561000203,0,0.0228827558457851
0,0.0005824929103255,0,0.0661850720643997,0,0.0001278375275433,0,0.0176360923796892
0,0.000177182329935,0,0.0265804640948772,0,0.0001697436673566,0,0.0067666736431419
0,0.4750334322452545,0,0.1397404819726944,0,0.0002202694304287,0,0.4236234128475189
0,0.3365580439567566,0,0.1254360079765319,0,0.0267867911607027,0,0.0219560954719781
0,0.0049418010748922,0,0.0820880532264709,0,0.0017261689063161,0,0.0426976047456264
0,0.0009177693282254,0,0.0884846523404121,0,0.003373380517587,0,0.0078301047906279
0,0.1285036653280258,0,0.1105877384543418,0,0.0001867177343228,0,0.1082538589835167
0,8.012245234567672e-05,0,0.0037471116520464,0,7.651645864825696e-05,0,0.0013648810563609
0,8.664461347507313e-05,0,0.0113135939463973,0,0.0001038908521877,0,0.003436807077378
0,0.0008115491946227,0,0.0782214626669883,0,0.0005506297457031,0,0.0949179977178573
0,0.6901670098304749,0,0.1018936336040496,0,0.0007531539886258,0,0.2966828942298889
0,7.094840111676604e-05,0,0.0028960742056369,0,7.349960651481524e-05,0,0.001476283185184
0,9.34184863581322e-05,0,0.0027288701385259,0,6.933414260856807e-05,0,0.0013066995888948
0,0.0473748557269573,0,0.1196798011660575,0,0.0003296557697467,0,0.8090468645095825
0,0.3776176273822784,0,0.1540562063455581,0,0.0003798021643888,0,0.5295383930206299
0,0.0002207885845564,0,0.0097455196082592,0,8.744827937334776e-05,0,0.0021215747110545
0,0.0002584446338005,0,0.0071117184124886,0,9.948154911398888e-05,0,0.0016507697291672
0,0.0002161964221158,0,0.0401772633194923,0,0.0002240708854515,0,0.0141372727230191
0,0.0290205217897892,0,0.014518211595714,0,0.0001594568020664,0,0.013793496415019
0,0.0015983651392161,0,0.0255125127732753,0,0.0001882833166746,0,0.0052653858438134
0,0.0011089292820543,0,0.0221636481583118,0,0.0004319018917158,0,0.0111701805144548
0,0.2320207506418228,0,0.1556106060743332,0,0.0007367675425484,0,0.0464838594198226
0,0.7590625286102295,0,0.2047567665576934,0,0.0140229510143399,0,0.7677707672119141
0,0.723005473613739,0,0.0911498442292213,0,0.0129269873723387,0,0.2053882032632827
0,0.2386807799339294,0,0.0032074281480163,0,0.0001887547841761,0,0.0007868542452342
0,0.0004193171625956,0,0.0023550416808575,0,0.0006101871258579,0,0.0523596554994583
0,0.0002695441653486,0,0.0042287711985409,0,8.641184103908017e-05,0,0.0025604981929063
0,0.0003775180666707,0,0.0011621757876127,0,0.0001077351553249,0,0.001799821271561
0,0.0001639228139538,0,0.0022862430196255,0,0.0001301383745158,0,0.0774944573640823
0,0.0158986076712608,0,0.0238101128488779,0,0.000168229380506,0,0.007426232099533
0,8.393886673729867e-05,0,0.0038977779913693,0,8.256460569100454e-05,0,0.0053462646901607
0,0.0006885775364935,0,0.0011820495128631,0,0.0001077300184988,0,0.0009117676527239
0,0.0006491065723821,0,0.0030222162604331,0,0.0001719839638099,0,0.0514509752392768
0,0.0001560720847919,0,0.0375718735158443,0,0.0018000236013904,0,0.1990202665328979
0,0.0095525216311216,0,0.0361607782542705,0,0.0001393706916132,0,0.0171749871224164
0,0.9346354007720948,0,0.6112942695617676,0,0.7161545157432556,0,0.9394230246543884
0,0.3311153650283813,0,0.1455888301134109,0,0.0001680397253949,0,0.1081487759947776
0,0.0020874883048236,0,0.0359051264822483,0,0.0001922278752317,0,0.0095416232943534
0,0.1085775420069694,0,0.0867364704608917,0,0.0001145432179328,0,0.0646074339747428
0,0.1064355075359344,0,0.2025423645973205,0,0.0002075286029139,0,0.3312786817550659
0,7.789725350448862e-05,0,0.0220867227762937,0,9.52615446294658e-05,0,0.0216000713407993
0,0.2226980775594711,0,0.1399279832839965,0,0.000166177531355,0,0.0540668629109859
0,9.391159983351828e-05,0,0.012200204655528,0,0.0001112219833885,0,0.0095979506149888
0,0.0014615670079365,0,0.0783195942640304,0,0.0002051202900474,0,0.2632068693637848
0,0.1106995791196823,0,0.0807893127202987,0,0.0002545749593991,0,0.0361064970493316
0,0.3226590752601623,0,0.1101488098502159,0,0.0102366618812084,0,0.0187376923859119
0,0.0001963216927833,0,0.0362158939242363,0,0.0002828014548867,0,0.0307372510433197
0,0.1637636721134185,0,0.0969057008624076,0,0.0003924645134247,0,0.01852448284626
0,0.505038321018219,0,0.0906894877552986,0,0.0020348345860838,0,0.0314610078930854
0,0.150212824344635,0,0.165985032916069,0,0.006200211122632,0,0.115886241197586
0,0.0703812316060066,0,0.1588625162839889,0,0.0004116002237424,0,0.0378030352294445
0,0.0036507691256701,0,0.1310649663209915,0,0.0011228780495002,0,0.2556314766407013
0,0.0019370061345398,0,0.0840891674160957,0,0.0017343541840091,0,0.0261424481868743
0,0.2871312797069549,0,0.1030086949467659,0,0.00082641269546,0,0.131774827837944
0,0.0053991586901247,0,0.0301070176064968,0,0.0004040858766529,0,0.0208608955144882
0,0.0007057380862534,0,0.0375331677496433,0,0.0001788607332855,0,0.0568376071751117
0,0.0005140086868777,0,0.1201512143015861,0,0.0431021340191364,0,0.010888329707086
0,0.9339568614959716,0,0.3516095578670501,0,0.7439932823181152,0,0.8909255266189575
0,0.0027759547811001,0,0.0624474883079528,0,0.0035148069728165,0,0.0093686711043119
0,8.740851626498625e-05,0,0.0133849056437611,0,0.0299523547291755,0,0.0113009540364146
0,0.8521553874015808,0,0.1201781257987022,0,0.0005212572868913,0,0.08096195012331
0,0.0001501882798038,0,0.0340162180364131,0,0.0001647017925279,0,0.0148433530703186
0,0.0008296291925944,0,0.0738599598407745,0,0.0001039295093505,0,0.0231281593441963
0,0.0008967073517851,0,0.0083669396117329,0,0.0067598475143313,0,0.0073727243579924
0,0.0279136970639228,0,0.109264001250267,0,0.0093095200136303,0,0.2638717591762543
0,0.0876013711094856,0,0.108269952237606,0,0.0021326199639588,0,0.370503693819046
0,0.0234580487012863,0,0.0719668120145797,0,0.0009038372081704,0,0.1601123511791229
0,9.640907228458671e-05,0,0.0018215889576822,0,0.0001180966646643,0,0.0012216188479214
0,0.3511275947093963,0,0.1786626726388931,0,0.8662202954292297,0,0.0721089616417884
0,0.6404189467430115,0,0.2719880044460296,0,0.0461511611938476,0,0.2050076127052307
0,0.8309475183486938,0,0.2202391922473907,0,0.3342527151107788,0,0.4707323014736175
0,0.6383926272392273,0,0.228422150015831,0,0.0033290362916886,0,0.4332125782966614
0,0.0530570521950721,0,0.0821357816457748,0,0.0005116735119372,0,0.1047935485839843
0,0.0003341549600008,0,0.0780823677778244,0,0.000121087381558,0,0.0602786540985107
0,0.0001465096429456,0,0.0883329212665557,0,0.0001105983101297,0,0.0628783702850341
0,0.0001804070634534,0,0.009154082275927,0,0.0005198025610297,0,0.0071102031506598
0,0.0003366135642863,0,0.0086433803662657,0,0.0003835542593151,0,0.0081000756472349
0,0.0002175010595237,0,0.0066489689052104,0,0.0001494378811912,0,0.0057274191640317
0,0.5256986021995544,0,0.1510182023048401,0,0.001002705306746,0,0.3069439232349396
0,0.7730768918991089,0,0.0610175170004367,0,0.0001377644075546,0,0.0972891077399253
0,0.7234607338905334,0,0.0534206889569759,0,0.0007648231112398,0,0.1063713133335113
0,0.6488528251647949,0,0.0406453348696231,0,0.0002850577002391,0,0.125884547829628
0,0.1241124868392944,0,0.1631399989128112,0,0.0037219475489109,0,0.1520116478204727
0,0.2173115015029907,0,0.2518971860408783,0,0.0404149927198886,0,0.72450190782547
0,0.3387237787246704,0,0.2760550379753113,0,0.0370928272604942,0,0.2950164973735809
0,0.0118820173665881,0,0.0813937559723854,0,0.0002642254985403,0,0.2709305584430694
0,0.0011339172488078,0,0.0679230615496635,0,0.0001126021088566,0,0.0529887489974498
0,0.781255841255188,0,0.1997523456811905,0,0.0123757338151335,0,0.6603869795799255
0,0.0001367884251521,0,0.0913105458021164,0,0.0001470469287596,0,0.0033679439220577
0,0.9336869716644288,0,0.2576300203800201,0,0.3408757150173187,0,0.8855463862419128
0,0.0251813810318708,0,0.0558329708874225,0,0.0002206938661402,0,0.014237280935049
0,0.0003589073312468,0,0.065044417977333,0,0.0002464007702656,0,0.1072293072938919
0,9.321371908299624e-05,0,0.0024650136474519,0,7.035456656012684e-05,0,0.0009016434778459
0,0.0001393632410326,0,0.0056407717056572,0,0.0001230155758094,0,0.0034076692536473
0,0.00015969890228,0,0.0563469156622886,0,0.0012072529643774,0,0.0388420522212982
0,9.246634726878256e-05,0,0.0033610619138926,0,0.0001201202176162,0,0.0023290652316063
0,0.0001269274071091,0,0.0034604920074343,0,0.0001098640859709,0,0.0024924480821937
0,0.0001849828840931,0,0.0540051832795143,0,0.0002603514585644,0,0.0135266510769724
0,0.0001135292113758,0,0.001809379667975,0,0.0001006214661174,0,0.0019094424787908
0,0.1422951221466064,0,0.0638074204325676,0,0.004592961166054,0,0.0138878561556339
0,0.2134300321340561,0,0.1280133575201034,0,0.0059497915208339,0,0.6863195896148682
0,0.0747173950076103,0,0.1118216961622238,0,0.0023495135828852,0,0.2065250277519226
0,0.1270469278097152,0,0.1597914099693298,0,0.0008570321369916,0,0.1123325824737548
0,0.0001014727749861,0,0.0019223740091547,0,0.0001208154062624,0,0.0012451742077246
0,9.391939966008068e-05,0,0.0143534280359745,0,0.0001937660854309,0,0.0028851658571511
0,0.0001054058375302,0,0.0231114942580461,0,0.0002412918984191,0,0.0039407024160027
0,0.0001276740513276,0,0.0127897672355175,0,0.000388145504985,0,0.0062691629864275
0,0.0001177022713818,0,0.0059350114315748,0,0.0001289772335439,0,0.0014958240790292
0,0.0005082970019429,0,0.0935345813632011,0,0.0001550714951008,0,0.0428544655442237
0,0.3832079470157623,0,0.113351285457611,0,0.0019121106015518,0,0.1936186552047729
0,0.2833701074123382,0,0.1710698008537292,0,0.0025016074068844,0,0.401845246553421
0,0.0041644484736025,0,0.0155233684927225,0,0.0002853280166164,0,0.0068583162501454
0,0.0001872377761173,0,0.0361416526138782,0,0.0001772990945028,0,0.0112067395821213
0,0.1930017620325088,0,0.1164749786257743,0,0.0021618867758661,0,0.1405964195728302
0,0.1712367832660675,0,0.0684123337268829,0,0.0001973646576516,0,0.011306332424283
0,0.0189375653862953,0,0.1633042097091674,0,0.0002679963945411,0,0.1834222227334976
0,0.021309869363904,0,0.072022408246994,0,0.0005211919778957,0,0.4707715213298797
0,9.414742089575157e-05,0,0.0061204889789223,0,0.0001159114908659,0,0.0025903754867613
0,0.0015685270773246,0,0.0262989662587642,0,0.0002911934279836,0,0.0131551269441843
0,0.0001230093621416,0,0.0068886037915945,0,0.0001481751969549,0,0.0052618202753365
0,0.4964340627193451,0,0.2015864551067352,0,0.0101190051063895,0,0.2267690002918243
0,0.5219035148620605,0,0.2756598591804504,0,0.7141129970550537,0,0.7540995478630066
0,9.900798613671212e-05,0,0.039933193475008,0,8.856358181219548e-05,0,0.0170399565249681
0,0.0001260320277651,0,0.0024571479298174,0,8.213271212298423e-05,0,0.0012440196005627
0,0.0001490448485128,0,0.0013805296039208,0,0.0001484836684539,0,0.0010437746532261
0,0.0001278108393307,0,0.0070760305970907,0,9.871583461062984e-05,0,0.000744822085835
0,0.0001154918063548,0,0.0016450742259621,0,8.308912947541103e-05,0,0.0008482197299599
0,0.0001836989104049,0,0.0530812479555606,0,7.862675556680188e-05,0,0.0111783202737569
0,0.0001587136794114,0,0.0015496918931603,0,8.233165135607123e-05,0,0.0011692580301314
0,0.0001829821558203,0,0.0049121533520519,0,0.0001226344611495,0,0.000953065813519
0,0.0001475099561503,0,0.0010391745017841,0,7.429448305629194e-05,0,0.0008696892182342
0,0.0013927759137004,0,0.0180072784423828,0,0.0002816079067997,0,0.0064579895697534
0,0.0001595758949406,0,0.0078442310914397,0,0.0003788014291785,0,0.0066977920942008
0,9.607868560124189e-05,0,0.0310907177627086,0,8.905757567845285e-05,0,0.005728127900511
0,0.0001893664448289,0,0.001256892690435,0,0.0001833763526519,0,0.0018849371699616
0,0.0001385287032462,0,0.0012732591712847,0,7.690797792747617e-05,0,0.0010560498340055
0,0.0149008547887206,0,0.0405161529779434,0,0.0006170886335894,0,0.0059596505016088
0,0.0001886743557406,0,0.0081133656203746,0,0.0001324157055933,0,0.0033677488099783
0,9.859626152319834e-05,0,0.0103296292945742,0,0.0001224694569827,0,0.0048737796023488
0,0.0002241458714706,0,0.0334439687430858,0,9.561164188198744e-05,0,0.0197908971458673
0,0.0022741972934454,0,0.0533582456409931,0,0.0002859063679352,0,0.0256596468389034
0,7.958211790537462e-05,0,0.0039177215658128,0,0.0001144582711276,0,0.0036784075200557
0,0.0007000903133302,0,0.0504899360239505,0,9.763763955561444e-05,0,0.0063604027964174
0,0.0001400127221131,0,0.0117643810808658,0,0.0001424632209818,0,0.0019904617220163
0,0.1089942380785942,0,0.1064637899398803,0,0.0002941334678325,0,0.1421791762113571
0,0.2309881895780563,0,0.0729623287916183,0,0.0002384778199484,0,0.1072158738970756
0,0.0001296760747209,0,0.0210971664637327,0,0.000164413548191,0,0.0304435789585113
0,0.0967446863651275,0,0.0822526887059211,0,0.0009282079990953,0,0.0326420105993747
0,0.0995688885450363,0,0.148878127336502,0,0.0005519457627087,0,0.0966908559203147
0,0.0006811344064772,0,0.017323637381196,0,0.000202566065127,0,0.0069826124235987
0,0.0047459788620471,0,0.0303422156721353,0,0.0003752854245249,0,0.0079565802589058
0,0.0001835892908275,0,0.0551882907748222,0,0.0002785807591862,0,0.016032125800848
0,0.2090856879949569,0,0.1570178717374801,0,0.0005810938891954,0,0.250455230474472
0,0.0224367063492536,0,0.0659611225128173,0,0.0020526191219687,0,0.1655442714691162
0,0.000297182239592,0,0.0715831443667411,0,8.933698700275272e-05,0,0.0149514321237802
0,0.1285724341869354,0,0.0231956485658884,0,0.0005791567382402,0,0.0083707273006439
0,0.1495395302772522,0,0.0199488457292318,0,0.0006635243189521,0,0.0132178962230682
0,0.6124997735023499,0,0.0178677067160606,0,0.0007567756110802,0,0.0106139909476041
0,0.0129730170592665,0,0.0946503356099128,0,0.0003052202810067,0,0.0615747347474098
0,9.257875353796408e-05,0,0.0055956323631107,0,9.279423829866572e-05,0,0.0007102072704583
0,8.72703458298929e-05,0,0.005532516632229,0,0.000112253575935,0,0.002714327070862
0,0.0001004752484732,0,0.0062569086439907,0,9.68379754340276e-05,0,0.0010970054427161
0,0.0006749969907104,0,0.0237705782055854,0,0.0001606989826541,0,0.0356918349862098
0,0.0264500193297863,0,0.0674138218164444,0,0.0001458358747186,0,0.0335630252957344
1,0.7085928916931152,1,0.1394720375537872,1,0.0001769002410583,1,0.0583657771348953
1,0.8778772354125977,1,0.1923301368951797,1,0.0021184524521231,1,0.0740263536572456
1,0.5661152005195618,1,0.2977466583251953,1,0.9232959151268004,1,0.9100573062896729
1,0.9312873482704164,1,0.159182995557785,1,0.7663902044296265,1,0.6928927898406982
1,0.8903229832649231,1,0.1665533035993576,1,0.3242493271827698,1,0.6076573133468628
1,0.924715220928192,1,0.6624324321746826,1,0.9874945282936096,1,0.8927872180938721
1,0.5103898644447327,1,0.109944500029087,1,0.0001294160465477,1,0.0326065644621849
1,0.8575254678726196,1,0.1518671661615371,1,0.0001019447081489,1,0.1844727545976638
1,0.5568997859954834,1,0.1633707880973816,1,0.0007131184684112,1,0.1384974867105484
1,0.873120903968811,1,0.843114972114563,1,0.9935431480407716,1,0.9614147543907166
1,0.861575722694397,1,0.292306512594223,1,0.0061948536895215,1,0.6121960878372192
1,0.9369744658470154,1,0.4284848272800445,1,0.9831244945526124,1,0.9550963044166564
1,0.5529431104660034,1,0.2275078147649765,1,0.0008852294413372,1,0.099966250360012
1,0.7005912661552429,1,0.3542271554470062,1,0.1158718541264534,1,0.7599298357963562
1,0.9063724875450134,1,0.3169718384742737,1,0.0039370581507682,1,0.8169568777084351
0,0.0898194909095764,0,0.0596446432173252,0,0.0002354539610678,0,0.0104554705321788
0,0.0385064035654068,0,0.0345800891518592,0,0.0001798763260012,0,0.0319336801767349
0,0.9832685589790344,0,0.2281270176172256,0,0.9696331024169922,0,0.6705485582351685
0,9.47443477343768e-05,0,0.0029740128666162,0,9.980252070818096e-05,0,0.0008507391321472
0,0.208294540643692,0,0.094921700656414,0,0.0054079815745353,0,0.1125570088624954
0,0.7264363765716553,0,0.2371485382318496,0,0.0183075442910194,0,0.69319087266922
0,0.8060480356216431,0,0.1382024139165878,0,0.0088491952046751,0,0.2831200361251831
0,0.456072062253952,0,0.3646934628486633,0,0.011397236958146,0,0.7722316980361938
0,0.5954649448394775,0,0.2559603452682495,0,0.0661362633109092,0,0.6605919599533081
0,0.62090003490448,0,0.076149933040142,0,0.0046754763461649,0,0.0823299810290336
0,0.0391671992838382,0,0.0976631715893745,0,0.016955217346549,0,0.0927530974149704
0,0.9166857600212096,0,0.1664644181728363,0,0.0004263472219463,0,0.0686347708106041
0,0.7779412269592285,0,0.391437828540802,0,0.1207942217588424,0,0.9096736311912536
0,6.899796426296234e-05,0,0.0171523746103048,0,0.0016240606782957,0,0.1755557060241699
0,0.0001083329625544,0,0.0228491351008415,0,0.0001074591418728,0,0.0029110652394592
0,9.719554509501904e-05,0,0.0151596758514642,0,0.0001040808565448,0,0.003554192604497
0,0.0004276876861695,0,0.0162661112844944,0,0.0005386691191233,0,0.002401027129963
0,0.0001585267455084,0,0.0275710392743349,0,0.0001027045072987,0,0.004855677485466
0,0.0015998327871784,0,0.0236716736108064,0,0.0002773510641418,0,0.0240498911589384
0,0.1700934320688247,0,0.0760451406240463,0,0.0002475052897352,0,0.0213521122932434
0,0.9600392580032348,0,0.0770045444369316,0,0.0007930793217383,0,0.1156184151768684
0,0.0002841069945134,0,0.0070464680902659,0,0.0001679027918726,0,0.001433846889995
0,0.1792517602443695,0,0.0267243832349777,0,0.0003996530722361,0,0.0106617417186498
0,0.0270285923033952,0,0.0553588084876537,0,0.0002304401277797,0,0.067653127014637
0,0.7181443572044373,0,0.1988704204559326,0,0.0003728941082954,0,0.1675979048013687
0,0.1756559908390045,0,0.0810949429869651,0,0.0010028487304225,0,0.027814220637083
0,0.925857424736023,0,0.0295966193079948,0,0.000341737671988,0,0.0489886291325092
0,0.0447847172617912,0,0.1093359664082527,0,0.0001488861744292,0,0.1788812577724456
0,0.0001566968712722,0,0.0335297472774982,0,0.000125840480905,0,0.011589634232223
0,0.0602307394146919,0,0.1379365921020507,0,0.000145146244904,0,0.1944267451763153
0,0.0001082992894225,0,0.0434457287192344,0,0.0001136389255407,0,0.0107124596834182
0,0.0002742344222497,0,0.0895624980330467,0,0.0003649539721664,0,0.0574595928192138
0,0.0006109077949076,0,0.0262746047228574,0,0.0013592571485787,0,0.0040403795428574
0,0.0001273609377676,0,0.020341906696558,0,6.532438419526443e-05,0,0.0053034792654216
0,0.0001047347541316,0,0.020729998126626,0,0.0001111945166485,0,0.0039040462579578
0,8.706643711775541e-05,0,0.0059933806769549,0,0.0001176056830445,0,0.0008649954688735
0,0.055709421634674,0,0.0386850126087665,0,0.0002017395454458,0,0.0330299250781536
0,0.1341622322797775,0,0.2180840671062469,0,0.0022154429461807,0,0.4838118255138397
0,0.7609339952468872,0,0.1591688245534896,0,0.0096728978678584,0,0.2395045012235641
0,0.0106663042679429,0,0.0628735572099685,0,9.601713827578352e-05,0,0.0027665721718221
0,0.0001013835862977,0,0.0064441631548106,0,6.800953269703314e-05,0,0.0020405622199177
0,0.0492440201342105,0,0.0660268366336822,0,0.0007763532921671,0,0.0167426392436027
0,9.98629693640396e-05,0,0.0073773921467363,0,7.838816236471757e-05,0,0.0015589902177453
0,0.0856576934456825,0,0.1406186074018478,0,0.0005451524630188,0,0.1645068377256393
0,0.0072474363259971,0,0.0250756330788135,0,0.0002962831931654,0,0.0042406246066093
0,0.0001337543799309,0,0.0287507604807615,0,0.0001466365356463,0,0.0028387857601046
0,0.0396845638751983,0,0.0245125666260719,0,0.0005321389762684,0,0.0074753640219569
0,0.099033199250698,0,0.2602047622203827,0,0.0044586565345525,0,0.3494848906993866
0,0.0005074955406598,0,0.0222861338406801,0,0.0002128698688466,0,0.0027445298619568
0,0.2830623388290405,0,0.2748728096485138,0,0.0757395252585411,0,0.4998471736907959
0,0.3948825895786285,0,0.1384930461645126,0,0.3137833774089813,0,0.2129927277565002
0,0.921087384223938,0,0.2207054942846298,0,0.0023066489957273,0,0.7462736368179321
0,0.9313852787017822,0,0.6458845138549805,0,0.4631000459194183,0,0.8747445940971375
0,0.9457337260246276,0,0.217923954129219,0,0.0034351253416389,0,0.4570424258708954
0,0.4624504148960113,0,0.1845394372940063,0,0.0003470146621111,0,0.2251036018133163
0,0.1066263690590858,0,0.1981889307498932,0,0.0001348021469311,0,0.3038319945335388
0,0.0924250781536102,0,0.1688005626201629,0,0.0002293201250722,0,0.216700404882431
0,0.0001243853912455,0,0.0124428663402795,0,0.0001814175775507,0,0.0118496865034103
0,0.830459713935852,0,0.1399486660957336,0,0.5861035585403442,0,0.1050048694014549
0,0.8678835034370422,0,0.2086081951856613,0,0.1796241402626037,0,0.1952041089534759
0,0.8823099136352539,0,0.2561919689178467,0,0.3590195178985595,0,0.1610435396432876
0,0.0030142900068312,0,0.0391020327806472,0,0.0022674191277474,0,0.0201520975679159
0,0.2751454710960388,0,0.1172232180833816,0,0.0002535230305511,0,0.0422438085079193
0,0.1897766888141632,0,0.02651390992105,0,0.0079340822994709,0,0.2299952059984207
0,0.8465045094490051,0,0.2181401699781417,0,0.4679048657417297,0,0.7997792959213257
0,0.9005274772644043,0,0.2455430477857589,0,0.4126910269260406,0,0.7729325294494629
0,0.8717860579490662,0,0.1766490489244461,0,0.0519629716873168,0,0.8707222938537598
0,8.979854464996606e-05,0,0.0035918597131967,0,0.0002125897590303,0,0.0012734375195577
0,0.0001275964023079,0,0.001943769515492,0,0.0001467084366595,0,0.0011856484925374
0,0.0825448855757713,0,0.070383071899414,0,0.0001961289672181,0,0.0144522106274962
0,0.0434783287346363,0,0.0990760028362274,0,0.0009844196029007,0,0.0126864574849605
0,0.0001656703097978,0,0.0407459065318107,0,0.0006575396400876,0,0.0078243315219879
0,0.0010180983226746,0,0.0888277143239975,0,0.000261886510998,0,0.042149893939495
0,0.0370465777814388,0,0.0408884435892105,0,0.0001378205197397,0,0.0114536862820386
0,0.0013588655274361,0,0.1483810991048813,0,0.0001766571804182,0,0.0228251460939645
0,0.0009904210455715,0,0.1013872548937797,0,0.000514390238095,0,0.0204936433583498
0,9.629431588109584e-05,0,0.0218900460749864,0,0.0001106470299419,0,0.0064102988690137
0,9.206304093822836e-05,0,0.0322022810578346,0,0.000222357630264,0,0.0078467139974236
0,0.0826992765069007,0,0.1027494370937347,0,0.0560204796493053,0,0.1457131505012512
0,0.0924814492464065,0,0.1540621072053909,0,0.0020982888527214,0,0.0791030302643776
0,0.183802992105484,0,0.0856981500983238,0,0.0889569222927093,0,0.2253856807947158
0,0.0001162400149041,0,0.0401115491986274,0,0.0001077393608284,0,0.0269933920353651
0,0.1375906020402908,0,0.0432520806789398,0,0.0015088990330696,0,0.0319810882210731
0,9.764730930328368e-05,0,0.015822809189558,0,6.269507139222696e-05,0,0.0011840126244351
0,0.5891026258468628,0,0.0406226702034473,0,0.000176439032657,0,0.0814229622483253
0,0.0046672662720084,0,0.0344676524400711,0,0.0001837127347243,0,0.0080740889534354
0,0.0106293829157948,0,0.0530807338654994,0,0.0003548616659827,0,0.0373308025300502
0,0.0007054526358842,0,0.0266967602074146,0,0.0001162052139989,0,0.0060912743210792
0,0.9058839678764344,0,0.0830456614494323,0,0.0331580862402915,0,0.0425110198557376
0,0.009862900711596,0,0.0120284408330917,0,0.0001288493949687,0,0.0020746574737131
0,9.998722816817462e-05,0,0.0094978930428624,0,0.0001298604474868,0,0.0020376814063638
0,0.0003535108698997,0,0.0612093210220336,0,9.923520701704548e-05,0,0.0360903702676296
0,0.0007664670119993,0,0.0518852137029171,0,0.0001184237917186,0,0.1923237591981887
0,0.0058688428252935,0,0.1103910058736801,0,0.001918334281072,0,0.0157679915428161
0,0.0018308929866179,0,0.1176678389310836,0,0.0008958281832747,0,0.0170472115278244
0,0.3490047454833984,0,0.1812794208526611,0,0.001373881008476,0,0.0528283081948757
0,0.1001642644405365,0,0.0278816316276788,0,0.0002743994700722,0,0.0069244322367012
0,0.2361179590225219,0,0.1034593358635902,0,0.0002975045645143,0,0.0442656651139259
0,0.2037559449672699,0,0.0961086228489875,0,0.0005196294514462,0,0.0240840371698141
0,0.563846230506897,0,0.0804290324449539,0,0.0004147816216573,0,0.0248263534158468
0,0.0020762248896062,0,0.0347290933132171,0,0.0007434626459144,0,0.19500632584095
0,0.2733035087585449,0,0.2355574816465377,0,0.0028600336518138,0,0.0474471524357795
0,0.0003398827393539,0,0.0036847463343292,0,0.0001044056989485,0,0.0031127200927585
0,0.9900890588760376,0,0.4354178011417389,0,0.8491500616073608,0,0.8991177678108215
0,0.0008734770817682,0,0.0333442017436027,0,0.0012140416074544,0,0.0238834712654352
0,0.4888952672481537,0,0.177681028842926,0,0.0010971606243401,0,0.2431273609399795
0,0.0017969905165955,0,0.0820433646440506,0,0.0007505681714974,0,0.0093988347798585
0,0.0369184762239456,0,0.0357233099639415,0,0.0004105431726202,0,0.0180074553936719
0,0.000198585781618,0,0.0364776402711868,0,0.0003961293550673,0,0.009915018454194
0,0.0994880869984626,0,0.1232936233282089,0,0.0005045169964432,0,0.1089095026254654
0,0.0001237949327332,0,0.0022250704932957,0,7.09322266629897e-05,0,0.0017754938453435
0,0.3610247671604156,0,0.0921001881361007,0,0.0004866205563303,0,0.1740965545177459
0,0.1457344442605972,0,0.1487689614295959,0,0.0002730096166487,0,0.0401722714304924
0,0.8327327966690063,0,0.1478044241666793,0,0.7839622497558594,0,0.8982558846473694
0,0.0002385103143751,0,0.0832200422883033,0,0.0002376416232436,0,0.3490379452705383
0,0.0001837314775912,0,0.1308251768350601,0,0.0002086171734845,0,0.0372727364301681
0,0.9074498414993286,0,0.3764422833919525,0,0.1229771226644516,0,0.87826007604599
0,0.0001476974139222,0,0.0143314721062779,0,0.0001142427063314,0,0.0046021174639463
0,0.0419095233082771,0,0.0921559408307075,0,0.0008155719260685,0,0.0441413708031177
0,0.0045638298615813,0,0.0517631471157074,0,0.0002777329063974,0,0.0475330613553524
0,0.9535400867462158,0,0.4282746016979217,0,0.3231987953186035,0,0.8858655095100403
0,0.0010670800693333,0,0.0659656599164009,0,0.0043174233287572,0,0.1768467873334884
0,0.3360178768634796,0,0.1864279210567474,0,0.0005985309835523,0,0.3203997313976288
0,0.9556182622909546,0,0.4440893530845642,0,0.2062488198280334,0,0.8055039048194885
0,0.0001375765568809,0,0.0300979707390069,0,0.0001065484830178,0,0.0177087150514125
0,0.2644481360912323,0,0.2359472513198852,0,0.0015733526088297,0,0.0552611202001571
0,0.0001248921471415,0,0.0051362202502787,0,0.000124895144836,0,0.0011774846352636
0,0.000116854236694,0,0.0053813382983207,0,0.0001502978848293,0,0.0013777273707091
0,0.0002251289406558,0,0.0307219382375478,0,0.000265546812443,0,0.005056170746684
0,0.0008334225276485,0,0.0587830133736133,0,0.0037269280292093,0,0.06670942902565
0,0.0001437297323718,0,0.0021320211235433,0,0.000145937417983,0,0.001827438478358
0,0.0001346934295725,0,0.0044040000066161,0,0.0001789668458513,0,0.0016104417154565
0,0.0001570492750033,0,0.0032596129458397,0,0.0003048032813239,0,0.0011090375483036
0,0.0013485618401318,0,0.0414842553436756,0,0.0005265204817987,0,0.0136748822405934
0,0.0004420325858518,0,0.0633045062422752,0,0.00154358393047,0,0.0271521154791116
0,0.0001592090120539,0,0.0068177171051502,0,8.006761345313862e-05,0,0.0016847499646246
0,0.0001019521878333,0,0.0079441098496317,0,0.0001095248808269,0,0.0015269904397428
0,0.0001120466477004,0,0.0043179052881896,0,0.0001142266919487,0,0.0008236250141635
0,0.0002817843924276,0,0.0423409156501293,0,0.0002745491510722,0,0.006196295376867
0,0.0004687369801104,0,0.0638371929526329,0,0.0002687266096472,0,0.0243544932454824
0,0.0002111431822413,0,0.0558681190013885,0,0.0002272573474328,0,0.2716942429542541
0,0.1173217445611953,0,0.097686268389225,0,0.0044312044046819,0,0.4699644446372986
0,0.1161018535494804,0,0.0781029313802719,0,0.0027321032248437,0,0.3600748777389526
0,0.0159045569598674,0,0.0431292653083801,0,0.0002600316947791,0,0.0302323978394269
0,0.6110265851020813,0,0.2759632170200348,0,0.1155194044113159,0,0.7601545453071594
0,0.8658067584037781,0,0.3288585841655731,0,0.6540127396583557,0,0.7422620058059692
0,0.4322227537631988,0,0.025519898161292,0,0.0002012503828154,0,0.0774266943335533
0,0.0104672340676188,0,0.0226316042244434,0,0.0002059822581941,0,0.0112931635230779
0,0.3868321478366852,0,0.1952240020036697,0,0.0042245993390679,0,0.4050758183002472
0,0.0334184281527996,0,0.0774212479591369,0,0.0003364459553267,0,0.0432885289192199
0,0.0296511929482221,0,0.0355593748390674,0,0.0001164542482001,0,0.0105332601815462
0,0.0368527807295322,0,0.0584463141858577,0,0.0001030231942422,0,0.1386705040931701
0,9.142544149653986e-05,0,0.0196415297687053,0,0.0001116790663218,0,0.0021080090664327
0,9.487236093264072e-05,0,0.0161756221204996,0,0.0002005791466217,0,0.0037663332186639
0,9.113924170378596e-05,0,0.0195478983223438,0,7.218746759463102e-05,0,0.0045748148113489
0,0.0159338228404521,0,0.1994398236274719,0,0.0015960111049935,0,0.0733595415949821
0,0.0005726434173993,0,0.0540215447545051,0,0.0004412680864334,0,0.010853961110115
0,0.293236494064331,0,0.1309884637594223,0,0.000174986096681,0,0.0249356385320425
0,0.4375879466533661,0,0.1504623591899871,0,0.5912582874298096,0,0.6396838426589966
0,0.9015181064605712,0,0.177237719297409,0,0.914269745349884,0,0.7257663011550903
0,0.9805535078048706,0,0.4689435660839081,0,0.8733053803443909,0,0.9462366104125975
0,0.0458109155297279,0,0.0956123918294906,0,0.0007499129860661,0,0.0259246099740266
0,0.0001141083484981,0,0.0023742318153381,0,0.0001287818304263,0,0.0016011151019483
0,0.0225449204444885,0,0.0815751776099205,0,0.0003482650790829,0,0.0155159523710608
0,9.217143087880686e-05,0,0.0284951124340295,0,0.00014789486886,0,0.0046787350438535
0,0.0001050511345965,0,0.0036069499328732,0,0.0001194335563923,0,0.0016847484512254
0,0.1466765403747558,0,0.053771648555994,0,0.0002244349889224,0,0.0142933372408151
0,0.0001054483727784,0,0.0215693265199661,0,0.0001480046194046,0,0.0112282438203692
0,9.27013679756783e-05,0,0.0024375615175813,0,0.0001194623691844,0,0.00090040510986
0,0.5529358386993408,0,0.2115347385406494,0,0.002117320895195,0,0.4057399928569793
0,0.0252463053911924,0,0.0255906116217374,0,0.0004243055882398,0,0.0229541398584842
0,0.0002181798627134,0,0.0181923750787973,0,7.718554843449965e-05,0,0.0032491076271981
0,0.0131660746410489,0,0.0646238923072815,0,0.0017806218238547,0,0.5661062598228455
0,0.0454830378293991,0,0.0184805393218994,0,0.0002398857614025,0,0.0051957033574581
0,0.1323340982198715,0,0.1742226332426071,0,0.0155584309250116,0,0.3911119401454925
0,0.8677403926849365,0,0.327053040266037,0,0.0169168636202812,0,0.7725415825843811
0,0.9656383991241456,0,0.2845077514648437,0,0.0256312824785709,0,0.9270455241203308
0,0.3387247622013092,0,0.0361153669655323,0,0.0004051906289532,0,0.0770189464092254
0,0.1050184071063995,0,0.0210202131420373,0,0.0007235265802592,0,0.623832106590271
0,8.025635179365054e-05,0,0.0033550679218024,0,0.0001584286655997,0,0.0042982511222362
0,0.2914242744445801,0,0.0407247841358184,0,0.0011168522760272,0,0.0285003371536731
0,6.334223144222051e-05,0,0.008556162007153,0,0.0002800552465487,0,0.1998223513364792
0,0.0415482558310031,0,0.0239471290260553,0,0.0004104807158,0,0.0149461096152663
0,7.30395840946585e-05,0,0.0085909217596054,0,0.0001289269421249,0,0.001613171189092
0,0.0481129847466945,0,0.0276347640901803,0,0.0003288315201643,0,0.0157382022589445
0,0.0002742903889156,0,0.0494183897972106,0,0.0001322396856267,0,0.0206128042191267
0,0.6404390931129456,0,0.1508140861988067,0,0.0083758300170302,0,0.5173452496528625
0,0.551847517490387,0,0.1908901929855346,0,0.000485706172185,0,0.1245447918772697
0,0.5750417709350586,0,0.3731791079044342,0,0.0027352296747267,0,0.8134662508964539
0,0.875474750995636,0,0.3249369859695434,0,0.0220076311379671,0,0.925855040550232
0,0.0936726480722427,0,0.1166186481714248,0,0.0005164115573279,0,0.0106017235666513
0,0.0008567912736907,0,0.111045591533184,0,0.0006815016386099,0,0.0516731105744838
0,0.0159013997763395,0,0.0374450013041496,0,0.000218193148612,0,0.0832053646445274
0,0.0002710724074859,0,0.03355448320508,0,0.0001341288589173,0,0.0452283062040805
0,0.0688023790717125,0,0.0358504727482795,0,0.0003967538941651,0,0.0772321000695228
0,0.0001377684820909,0,0.0100975334644317,0,0.0001294222165597,0,0.0021763811819255
0,0.0537206195294857,0,0.1733715087175369,0,0.0015459520509466,0,0.2811387479305267
0,0.0001350660313619,0,0.002083656610921,0,0.0001326645433437,0,0.0010238985996693
0,0.0007355560082942,0,0.1141392216086387,0,0.0019537894986569,0,0.0440772622823715
0,0.0001032661457429,0,0.0140489758923649,0,0.0001595699723111,0,0.00447519402951
0,0.0001449658884666,0,0.0192017685621976,0,0.0001461752835894,0,0.0030974934343248
0,0.0865617841482162,0,0.1134004145860672,0,0.0004224263539072,0,0.0609989240765571
0,0.0001212164133903,0,0.0340697802603244,0,0.0001998838415602,0,0.0049967053346335
0,0.0078625855967402,0,0.0313856154680252,0,0.0002007965231314,0,0.0110336579382419
0,0.0009428213234059,0,0.0164728257805109,0,0.0001022538199322,0,0.0078393006697297
0,0.0001312386302743,0,0.0109011447057127,0,0.000616525998339,0,0.004388453438878
0,0.0001078785571735,0,0.0202702730894088,0,0.0002747240650933,0,0.0041834875009953
0,0.0002040130202658,0,0.0214634295552968,0,0.006103616207838,0,0.1076472923159599
0,9.330372995464133e-05,0,0.0070827002637088,0,0.0005920964758843,0,0.0037832318339496
0,8.531679486623034e-05,0,0.0151256276294589,0,0.00023754920403,0,0.0123503366485238
0,0.00229875696823,0,0.0495777614414691,0,0.0001184555367217,0,0.0713417455554008
0,0.6114727258682251,0,0.1481385231018066,0,0.0135323153808712,0,0.1154065951704979
0,0.001176567049697,0,0.0491228364408016,0,0.000150203180965,0,0.012950524687767
0,0.4629590213298797,0,0.142689362168312,0,0.0103425318375229,0,0.3327614068984985
0,0.0001718687126412,0,0.0626464858651161,0,0.0001358378940494,0,0.0131001956760883
0,0.5442585945129395,0,0.1621181368827819,0,0.0216519124805927,0,0.8145900368690491
0,0.9305342435836792,0,0.2450428903102874,0,0.682916522026062,0,0.5595028400421143
0,0.0207862444221973,0,0.0058566508814692,0,0.0001601829571882,0,0.0063063246197998
0,0.0002058742684312,0,0.0218281801789999,0,0.00011432258907,0,0.0026539200916886
0,0.0001440837513655,0,0.0121142510324716,0,8.972518844529986e-05,0,0.0020082148257642
0,0.0001877276081359,0,0.0296312607824802,0,0.0004448919498827,0,0.0143445115536451
0,0.000110137865704,0,0.0089053837582468,0,0.0003470506926532,0,0.0044476785697042
