fold_1_labels,fold_1_predictions,fold_2_labels,fold_2_predictions,fold_3_labels,fold_3_predictions,fold_4_labels,fold_4_predictions
1,0.2747052311897278,1,0.0348535738885402,1,0.087968997657299,1,0.3001053929328918
1,0.8803223371505737,1,0.9151698350906372,1,0.7682498097419739,1,0.842056930065155
1,0.7302728891372681,1,0.6135854721069336,1,0.6637364625930786,1,0.3300014138221741
1,0.3033715784549713,1,0.0453375205397605,1,0.0922335609793663,1,0.1139504089951515
1,0.4848892986774444,1,0.2436402589082718,1,0.3997119069099426,1,0.0417727455496788
1,0.4098535180091858,1,0.1305243819952011,1,0.0950676426291465,1,0.394318550825119
1,0.5449137091636658,1,0.2807963192462921,1,0.4305645525455475,1,0.1366711258888244
1,0.3334032595157623,1,0.4864302277565002,1,0.4421277344226837,1,0.2520134747028351
1,0.859649121761322,1,0.3228399753570556,1,0.352601408958435,1,0.6360596418380737
1,0.8842705488204956,1,0.4002590775489807,1,0.3528741598129272,1,0.7097856998443604
1,0.844070553779602,1,0.1189740374684333,1,0.2304369658231735,1,0.746180534362793
1,0.7934572100639343,1,0.824758768081665,1,0.7563608288764954,1,0.736309289932251
1,0.1383381485939026,1,0.0512940511107444,1,0.1051005423069,1,0.2313824743032455
1,0.3022556602954864,1,0.045583352446556,1,0.0244054682552814,1,0.0277277380228042
1,0.852791428565979,1,0.6665879487991333,1,0.3513004183769226,1,0.7467514276504517
1,0.8276408314704895,1,0.6277913451194763,1,0.3554838299751282,1,0.806769073009491
1,0.6992353796958923,1,0.8494811654090881,1,0.8847522139549255,1,0.7399666905403137
1,0.0863752737641334,1,0.0418621636927127,1,0.2632175087928772,1,0.0040826955810189
1,0.810251772403717,1,0.8179847002029419,1,0.8660302758216858,1,0.8914921879768372
1,0.3311439156532287,1,0.0437442474067211,1,0.6694319248199463,1,0.1079306453466415
1,0.2842366993427276,1,0.1534766554832458,1,0.7029962539672852,1,0.1637840569019317
0,0.0362652763724327,0,0.2093462944030761,0,0.0205956045538187,0,0.0074023064225912
0,0.0074997977353632,0,0.0091395573690533,0,0.0006602372741326,0,0.0003824027080554
0,0.0979163497686386,0,0.152356281876564,0,0.0103935906663537,0,0.5508832931518555
0,0.0064159538596868,0,0.006684664171189,0,0.0012028109049424,0,0.0006544716889038
0,0.1084463968873024,0,0.1256890892982483,0,0.0262096226215362,0,0.7417557835578918
0,0.0061484859324991,0,0.0022972591686993,0,0.0008786458638496,0,0.0002496675297152
0,0.0780275017023086,0,0.1079975739121437,0,0.0112497629597783,0,0.636583685874939
0,0.0444542355835437,0,0.0132680991664528,0,0.1928350776433944,0,0.0322734266519546
0,0.0802454948425293,0,0.0180429108440876,0,0.3453983962535858,0,0.1495935022830963
0,0.0150264929980039,0,0.0011343683581799,0,0.0086736604571342,0,0.0001537802891107
0,0.0033129923976957,0,0.0162690337747335,0,0.0018322888063266,0,4.975140655005816e-06
0,0.003533701179549,0,0.0014773420989513,0,0.0008590745273977,0,0.0007581106037832
0,0.133128136396408,0,0.0016346422489732,0,0.0429037734866142,0,0.000895747449249
0,0.0048788264393806,0,0.0035204864107072,0,0.001460648025386,0,0.0011365353129804
0,0.046937309205532,0,0.0043146573007106,0,0.0139386933296918,0,0.0074681607075035
0,0.2312747240066528,0,0.121812455356121,0,0.0579038336873054,0,0.0305383987724781
0,0.009417169727385,0,0.0296214763075113,0,0.0005843855906277,0,0.0036075070966035
0,0.0044319303706288,0,0.0052646240219473,0,0.0005969750927761,0,0.0003742256085388
0,0.0359454303979873,0,0.0037191987503319,0,0.0145506262779235,0,0.0094599863514304
0,0.0372992753982543,0,0.0204947460442781,0,0.0027715610340237,0,0.001500830752775
0,0.0414219722151756,0,0.0021342411637306,0,0.0446034893393516,0,0.0293357204645872
0,0.3548813164234161,0,0.1058037504553794,0,0.0913040190935134,0,0.3285984694957733
0,0.1149873882532119,0,0.0344904884696006,0,0.0421637296676635,0,0.0267819296568632
0,0.2976365685462951,0,0.0618056878447532,0,0.3239096403121948,0,0.010422877036035
0,0.5720857381820679,0,0.2050582319498062,0,0.3011027872562408,0,0.7571854591369629
0,0.6545422077178955,0,0.724532961845398,0,0.6485709547996521,0,0.3480289876461029
0,0.177361860871315,0,0.0094841718673706,0,0.035013198852539,0,0.000524544622749
0,0.3001121282577514,0,0.0365510992705822,0,0.0615678429603576,0,0.0598656125366687
0,0.5578127503395081,0,0.2838766574859619,0,0.3107726275920868,0,0.6683031320571899
0,0.59478360414505,0,0.6790817379951477,0,0.6517188549041748,0,0.4538541436195373
0,0.2206934690475464,0,0.0136383492499589,0,0.1115918532013893,0,0.0017411570297554
0,0.2069573253393173,0,0.0411959327757358,0,0.0313102044165134,0,0.0996142551302909
0,0.5168820023536682,0,0.2558430135250091,0,0.3284485042095184,0,0.7262448072433472
0,0.680446207523346,0,0.7478888034820557,0,0.6534664630889893,0,0.501470148563385
0,0.2130409777164459,0,0.0228173471987247,0,0.0711353197693824,0,0.001716312370263
0,0.3691345155239105,0,0.1139841526746749,0,0.0718212649226188,0,0.2122225314378738
0,0.1237130239605903,0,0.0018687058473005,0,0.0009724638075567,0,0.006551781669259
0,0.0062961764633655,0,0.0068639046512544,0,0.0191040970385074,0,0.0058874366804957
0,0.0868066549301147,0,0.1203278377652168,0,0.3618355691432953,0,0.2811659574508667
0,0.0914697721600532,0,0.1064781099557876,0,0.1751778423786163,0,0.0610969550907611
0,0.040756270289421,0,0.0092304786667227,0,0.0027122031897306,0,0.0218931194394826
0,0.0247978083789348,0,0.0091255381703376,0,0.0029264884069561,0,0.0139149948954582
0,0.0059500280767679,0,0.0022786224726587,0,0.0007956977351568,0,0.0013301983708515
0,0.0461699627339839,0,0.0065403459593653,0,0.0016769791254773,0,0.0535101555287838
0,0.1735200732946396,0,0.0194060634821653,0,0.0267165042459964,0,0.0760587230324745
0,0.0083820587024092,0,0.0551363416016101,0,0.3967980742454529,0,0.021160589531064
0,0.0267304833978414,0,0.0096511887386441,0,0.0438218712806701,0,0.0140295187011361
0,0.0945950150489807,0,0.0408371500670909,0,0.0231302510946989,0,0.018986152485013
0,0.782715380191803,0,0.7266111373901367,0,0.7425004243850708,0,0.7538507580757141
0,0.4218098223209381,0,0.0063967802561819,0,0.0789919644594192,0,0.038712877780199
0,0.063624694943428,0,0.0040872488170862,0,0.0113327205181121,0,0.0061044674366712
0,0.7532424330711365,0,0.6025579571723938,0,0.751014769077301,0,0.6278097629547119
0,0.0041889734566211,0,0.0014385592658072,0,0.0066529382020235,0,0.0001517109485575
0,0.0027651765849441,0,0.0023217969574034,0,0.0003288634761702,0,6.030910662957467e-05
0,0.0299052447080612,0,0.1263176798820495,0,0.0018776470096781,0,0.0023297145962715
0,0.0034048445522785,0,0.000630933092907,0,0.0024131094105541,0,6.517182191601023e-05
0,0.0030783226247876,0,0.0019690992776304,0,0.0003129966498818,0,4.446518505574204e-05
0,0.0225298833101987,0,0.0603646636009216,0,0.0010876909364014,0,0.0018810094334185
0,0.0041014342568814,0,0.0011083241552114,0,0.0036275873426347,0,0.0001240579731529
0,0.0028956048190593,0,0.0020586515311151,0,0.0002863242698367,0,5.7920457038562745e-05
0,0.3700839281082153,0,0.0261391028761863,0,0.1338040381669998,0,0.0136770503595471
0,0.3916707336902618,0,0.0419529974460601,0,0.5568291544914246,0,0.0492952577769756
0,0.0043398388661444,0,0.0024300157092511,0,0.0026404520031064,0,0.0014672357356175
0,0.0093280663713812,0,0.0037398766726255,0,0.0009371127816848,0,0.0141464136540889
0,0.0215791258960962,0,0.128372922539711,0,0.0079711144790053,0,0.0001666653406573
0,0.0297766346484422,0,0.0013887758832424,0,0.0006800609407946,0,0.0009172667050734
0,0.0423834733664989,0,0.0022872732952237,0,0.0011005732230842,0,0.0009867680491879
0,0.0507737733423709,0,0.0022630007006227,0,0.0014486243017017,0,0.0006173971923999
0,0.0174489188939332,0,0.0075699794106185,0,0.1231538280844688,0,0.0060470807366073
0,0.0236362218856811,0,0.0091934762895107,0,0.0693640038371086,0,0.0036404791753739
0,0.7410080432891846,0,0.1523802876472473,0,0.4445294737815857,0,0.3433263897895813
0,0.6536194086074829,0,0.189270332455635,0,0.3979220688343048,0,0.2203231453895568
0,0.8338678479194641,0,0.8009653091430664,0,0.7325759530067444,0,0.7382870316505432
0,0.0181233547627925,0,0.0037416950799524,0,0.0030544535256922,0,0.0011132413055747
0,0.2945132851600647,0,0.1990418583154678,0,0.0335192494094371,0,0.0082635749131441
0,0.0231585130095481,0,0.0189111791551113,0,0.0029830457642674,0,0.0405334047973156
0,0.0794589444994926,0,0.1461327821016311,0,0.0204806271940469,0,0.097242385149002
0,0.0159348547458648,0,0.0053007178939878,0,0.0042776437476277,0,0.1137235090136528
0,0.1015465632081031,0,0.0008253192645497,0,0.0072974455542862,0,5.894820424146019e-05
0,0.3490745723247528,0,0.0144521025940775,0,0.1777483820915222,0,0.013944998383522
0,0.0547313764691352,0,0.0118870083242654,0,0.0312694385647773,0,0.0120913088321685
0,0.2209676504135131,0,0.0020818808116018,0,0.0122763281688094,0,0.0001689117052592
0,0.0445734560489654,0,0.0067043993622064,0,0.0317557267844677,0,0.0111772343516349
0,0.0049585006199777,0,0.0005881206598132,0,0.0004865284718107,0,0.0006627757102251
0,0.2922728955745697,0,0.0019597392529249,0,0.0328790433704853,0,0.0003306063008494
0,0.0924276933073997,0,0.0099843153730034,0,0.0499008856713771,0,0.0001120993256336
0,0.0819012150168418,0,0.013586807064712,0,0.05923618003726,0,0.0324712507426738
0,0.0295677687972784,0,0.0035659484565258,0,0.0024318902287632,0,0.0016104785026982
0,0.4670296013355255,0,0.381325900554657,0,0.1686121523380279,0,0.2771450579166412
0,0.1689535230398178,0,0.0261118840426206,0,0.0389390178024768,0,0.4911609292030334
0,0.5776001214981079,0,0.0945645943284034,0,0.2667956352233886,0,0.4400015771389007
0,0.466816782951355,0,0.3364000022411346,0,0.1993532180786132,0,0.3042828738689422
0,0.4362879693508148,0,0.3628489673137665,0,0.2176046967506408,0,0.3380846381187439
0,0.4718577563762665,0,0.3503958880901336,0,0.2151287794113159,0,0.3257783055305481
0,0.0361561253666877,0,0.0100207766517996,0,0.0004367853107396,0,0.0010879416950047
0,0.1278528124094009,0,0.070408783853054,0,0.0935459285974502,0,0.2418219447135925
0,0.1529478728771209,0,0.0748334527015686,0,0.0308591853827238,0,0.1431077122688293
0,0.1065323874354362,0,0.097081109881401,0,0.0258262325078248,0,0.229337528347969
0,0.0942909643054008,0,0.0711094886064529,0,0.0310225654393434,0,0.003306885715574
0,0.1844507753849029,0,0.1145913824439048,0,0.0401272699236869,0,0.0091979866847395
0,0.0198758970946073,0,0.0304550528526306,0,0.002003290457651,0,0.000902444939129
0,0.138185515999794,0,0.0082421563565731,0,0.0802784636616706,0,0.002325183711946
0,0.1667501777410507,0,0.0091960309073328,0,0.1020257845520973,0,0.0017491832841187
0,0.1128734946250915,0,0.2153861075639724,0,0.3611831665039062,0,0.0197591166943311
0,0.0243089366704225,0,0.0281371790915727,0,0.0096757756546139,0,0.0010828664526343
0,0.0228613130748271,0,0.0101517597213387,0,0.005609240848571,0,0.0007244376465678
0,0.0800231844186782,0,0.0814818441867828,0,0.0189095828682184,0,0.0425678305327892
0,0.040531363338232,0,0.0113082556053996,0,0.1472948640584945,0,0.0315924286842346
0,0.0085575422272086,0,0.029386868700385,0,0.0041964296251535,0,0.0326976850628852
0,0.0029384130612015,0,0.0001581326941959,0,0.0017304205102846,0,1.6598687579971738e-05
0,0.0025613117031753,0,0.0001883474033093,0,0.0024247907567769,0,2.059392318187747e-05
0,0.0006046503549441,0,0.0008639835286885,0,0.0022503917571157,0,0.0001564441045047
0,0.0022033879067748,0,0.0001768137299222,0,0.0017407218692824,0,2.6462692403583787e-05
0,0.0006932472460903,0,0.0007956597837619,0,0.0033168618101626,0,0.000102013356809
0,0.1520602107048034,0,0.0219750888645648,0,0.0383795052766799,0,0.1693422198295593
0,0.193479523062706,0,0.0149852782487869,0,0.0395401194691658,0,0.1281009465456009
0,0.0167588721960783,0,0.0026247268542647,0,0.0207868032157421,0,0.0002281811757711
0,0.0040161828510463,0,0.0011144779855385,0,0.0005148705095052,0,5.8543730119708925e-05
0,0.0164820291101932,0,0.0017400905489921,0,0.0082473224028944,0,0.0002169970830436
0,0.2331006973981857,0,0.0138455033302307,0,0.0477450750768184,0,0.0089774234220385
0,0.0037419775035232,0,0.0010733675444498,0,0.0003289933083578,0,5.253045310382731e-05
0,0.008257926441729,0,0.0016356955748051,0,0.001636964501813,0,0.0004353287513367
0,0.0474907122552394,0,0.0381301045417785,0,0.4873382449150085,0,0.037846602499485
0,0.0086508281528949,0,0.0308373682200908,0,0.0007407695520669,0,0.0009283901890739
0,0.0456804484128952,0,0.007017770782113,0,0.0123462071642279,0,0.0015803702408447
0,0.0038842533249408,0,0.0087716430425643,0,0.0211438406258821,0,0.0063347546383738
0,0.0038866412360221,0,0.0265253651887178,0,0.0020103191491216,0,0.0022756096441298
0,0.0128285614773631,0,0.0323110483586788,0,0.0182477124035358,0,0.0105258282274007
0,0.0116737820208072,0,0.0380670316517353,0,0.0007154099876061,0,0.0037250141613185
0,0.0352841690182685,0,0.0049726059660315,0,0.0180916171520948,0,0.002537467284128
0,0.0032829795964062,0,0.0069520166143774,0,0.0138171603903174,0,0.006399480625987
0,0.3178476691246032,0,0.1080471500754356,0,0.3526822030544281,0,0.680855929851532
0,0.7491321563720703,0,0.0655811503529548,0,0.3819286823272705,0,0.5031678080558777
0,0.54585862159729,0,0.0495357438921928,0,0.0875647291541099,0,0.5265078544616699
0,0.0169490184634923,0,0.0049249799922108,0,0.0068656019866466,0,0.0049648331478238
0,0.140969380736351,0,0.0129924854263663,0,0.0162511244416236,0,0.0223244745284318
0,0.0463680736720562,0,0.0043048495426774,0,0.0104134436696767,0,0.0074642249383032
0,0.0412016585469245,0,0.1627064794301986,0,0.0358617193996906,0,0.0239096414297819
0,0.0199119802564382,0,0.00289071444422,0,0.0014918482629582,0,1.1539299521245994e-05
0,0.0640373155474662,0,0.0143561335280537,0,0.0038293481338769,0,0.0832554996013641
0,0.0613144040107727,0,0.0044636968523263,0,0.0170137714594602,0,0.010826289653778
0,0.0255413297563791,0,0.0010246085003018,0,0.001382817630656,0,0.0255491230636835
0,0.4359240233898163,0,0.120772436261177,0,0.0206582378596067,0,0.0038455110043287
0,0.1773243397474289,0,0.0860804244875907,0,0.0185559540987014,0,0.0963030308485031
0,0.0853807851672172,0,0.0218314938247203,0,0.0414545349776744,0,0.3255562782287597
0,0.5022110939025879,0,0.2212515920400619,0,0.3225406110286712,0,0.0113054737448692
0,0.3255742192268371,0,0.3008094429969787,0,0.412383496761322,0,0.2212072312831878
0,0.0035677466075867,0,0.0008547678007744,0,0.0015929320361465,0,4.7249148337868974e-05
0,0.0168020948767662,0,0.0037459917366504,0,0.0009264184045605,0,0.0366562716662883
0,0.0046139303594827,0,0.0013143208343535,0,0.0023193804081529,0,0.0003803416911978
0,0.0040831705555319,0,0.0015074233524501,0,0.0020837252959609,0,8.706810331204906e-05
0,0.6853814125061035,0,0.5280246734619141,0,0.6871240735054016,0,0.6065806746482849
0,0.5707828998565674,0,0.4987533390522003,0,0.6924132108688354,0,0.6605207324028015
0,0.606276273727417,0,0.4957236647605896,0,0.6279432773590088,0,0.5692242980003357
0,0.0616102553904056,0,0.0549972616136074,0,0.0209743790328502,0,0.0234870444983243
0,0.0839624181389808,0,0.0386008620262146,0,0.0088122710585594,0,0.1146721839904785
0,0.0669769197702407,0,0.0562849082052707,0,0.0196833051741123,0,0.0509596429765224
0,0.2909430563449859,0,0.0595422387123107,0,0.2047912031412124,0,0.0853468999266624
0,0.0357587561011314,0,0.0126806953921914,0,0.0141465738415718,0,0.0032941394019871
0,0.0107684070244431,0,0.006233122665435,0,0.0061708576977252,0,0.0021950774826109
0,0.0025179379153996,0,0.0012433816445991,0,0.0002165351615985,0,8.520630217390135e-05
0,0.0619256719946861,0,0.0504265576601028,0,0.0185991618782281,0,0.02015882730484
0,0.0075232307426631,0,0.0066272136755287,0,0.0022096827160567,0,0.0020367759279906
0,0.0052847689948976,0,0.0014832337619736,0,0.0002545870956964,0,0.0001366401993436
0,0.0472765862941741,0,0.0061633633449673,0,0.0086575662717223,0,0.0112806307151913
0,0.0060716033913195,0,0.0030959991272538,0,0.0032739471644163,0,0.0016218209639191
0,0.0018577857408672,0,0.0003257866192143,0,5.636431160382927e-05,0,1.6899241018109024e-05
0,0.3059061765670776,0,0.0414825938642025,0,0.3846935331821441,0,0.0816009119153022
0,0.4117631912231445,0,0.1168675422668457,0,0.0479384660720825,0,0.0178498346358537
0,0.165186196565628,0,0.0196675080806016,0,0.180484339594841,0,0.0253644622862339
0,0.3874842524528503,0,0.3051675260066986,0,0.1797808408737182,0,0.1829215735197067
0,0.0347181931138038,0,0.0094055002555251,0,0.0047597247175872,0,0.0370690338313579
0,0.4335039258003235,0,0.1114928498864173,0,0.0384760536253452,0,0.0611386410892009
0,0.0497898422181606,0,0.2935028672218323,0,0.6591348648071289,0,0.3765766620635986
0,0.0546537190675735,0,0.0164059735834598,0,0.0047301463782787,0,0.0091017894446849
0,0.578392744064331,0,0.2789621949195862,0,0.2187567949295044,0,0.2828741371631622
0,0.52283775806427,0,0.1453546732664108,0,0.3528806865215301,0,0.1504231840372085
0,0.0125750331208109,0,0.0314705781638622,0,0.0943468511104583,0,0.0040083625353872
0,0.053152821958065,0,0.0225744191557168,0,0.0257707294076681,0,0.0017767958343029
0,0.2496651411056518,0,0.0569804236292839,0,0.3249775469303131,0,0.1038003489375114
0,0.1274517923593521,0,0.0034454115666449,0,0.0084532406181097,0,0.0011393406894057
0,0.2348124682903289,0,0.0094033274799585,0,0.0432147420942783,0,0.0115228416398167
0,0.1502912938594818,0,0.0055392868816852,0,0.042892750352621,0,0.0113819791004061
0,0.0453773252665996,0,0.0134323295205831,0,0.0097783710807561,0,0.005124095827341
0,0.7078105211257935,0,0.3582093417644501,0,0.3613896369934082,0,0.2743194699287414
0,0.0078074554912745,0,0.0056289918720722,0,0.0384013354778289,0,0.0092266416177153
0,0.0098084053024649,0,0.0002855389029718,0,0.0009631654829718,0,5.061690171714872e-05
0,0.0069365883246064,0,0.0085332170128822,0,0.0469048097729682,0,0.0042737699113786
0,0.3492676317691803,0,0.1474116891622543,0,0.0216472130268812,0,0.0710443183779716
0,0.0068002264015376,0,0.0043419324792921,0,0.0048447311855852,0,0.0128253363072872
0,0.1358536034822464,0,0.0390414409339427,0,0.0180423166602849,0,0.0711894929409027
0,0.0639126226305961,0,0.0121338907629251,0,0.0332022346556186,0,0.0003204405948054
0,0.0919453650712966,0,0.0304030254483222,0,0.0559396930038929,0,0.0010255757952108
0,0.0040745544247329,0,0.0033733244054019,0,0.0013012611307203,0,3.667666533146985e-05
0,0.061380136758089,0,0.0236507430672645,0,0.057810328900814,0,0.0007876719464547
0,0.0056300060823559,0,0.0094808982685208,0,0.0070265689864754,0,6.107619992690161e-05
0,0.1726258397102356,0,0.0235549248754978,0,0.0065938932821154,0,0.0057343584485352
0,0.7690771818161011,0,0.5227292776107788,0,0.6948014497756958,0,0.4991097748279571
0,0.7854471802711487,0,0.5897623300552368,0,0.7701536417007446,0,0.5009939670562744
0,0.7982060313224792,0,0.5254460573196411,0,0.7382701635360718,0,0.5301215052604675
0,0.0243050400167703,0,0.0036339077632874,0,0.0035468186251819,0,0.0006070162635296
0,0.0283421371132135,0,0.0044588870368897,0,0.0056895879097282,0,0.0007363527547568
0,0.0669354721903801,0,0.036034382879734,0,0.0057352911680936,0,0.0040948642417788
0,0.1130365133285522,0,0.1561523079872131,0,0.0076300762593746,0,0.0608926750719547
0,0.0382636189460754,0,0.031777698546648,0,0.0519160665571689,0,0.0048290477134287
0,0.0166016388684511,0,0.070810317993164,0,0.0274483375251293,0,0.0106143709272146
0,0.8740546703338623,0,0.5360877513885498,0,0.8772121667861938,0,0.515748918056488
0,0.7883790135383606,0,0.1485089510679245,0,0.7617446780204773,0,0.0903981998562812
0,0.0413670241832733,0,0.1202159747481346,0,0.0382400713860988,0,0.0247248169034719
0,0.0075802500359714,0,0.0025989520363509,0,0.0006418676930479,0,0.0045755319297313
0,0.4736088812351227,0,0.1377179622650146,0,0.0425192415714263,0,0.0901401117444038
0,0.0084459176287055,0,0.0033220297191292,0,0.0025582849048078,0,0.0004781370225828
0,0.0147510226815938,0,0.0006188278202898,0,0.0017499808454886,0,6.66838968754746e-05
0,0.0025353995151817,0,0.0108128264546394,0,0.000227745185839,0,0.0001745912741171
0,0.0069029522128403,0,0.002685350831598,0,0.0019829492084681,0,0.0001614272478036
0,0.0025221486575901,0,0.0087421601638197,0,0.000270403601462,0,0.0001186369627248
0,0.0091214161366224,0,0.003942662384361,0,0.0038332103285938,0,0.000522167305462
0,0.0183070171624422,0,0.0010604206472635,0,0.0055744219571352,0,0.0001942511153174
0,0.0019606675487011,0,0.0125263929367065,0,0.0002819689980242,0,0.000131677094032
0,0.65423583984375,0,0.2470808923244476,0,0.4677954316139221,0,0.6946069002151489
0,0.0256412532180547,0,0.0060199908912181,0,0.004263496492058,0,0.0008670531096868
0,0.0057027535513043,0,0.0015910911606624,0,0.0002924208820331,0,0.0001037299953168
0,0.0544620193541049,0,0.0026172490324825,0,0.0057294862344861,0,0.0004520809161476
0,0.0367229059338569,0,0.001887533464469,0,0.0047450554557144,0,0.0005398471839725
0,0.0433438681066036,0,0.0017167943296954,0,0.0088120875880122,0,0.0005614345427602
1,0.7611296772956848,1,0.4680022001266479,1,0.6206196546554565,1,0.7037292718887329
1,0.6033520102500916,1,0.5824315547943115,1,0.92201167345047,1,0.527165412902832
1,0.1227942109107971,1,0.1116450130939483,1,0.1595234125852584,1,0.0268869362771511
1,0.1033602431416511,1,0.056487787514925,1,0.2674364745616913,1,0.0639655217528343
1,0.134754478931427,1,0.0786502584815025,1,0.1900144219398498,1,0.0538369752466678
1,0.7458313703536987,1,0.2403750419616699,1,0.3502001762390136,1,0.9674035906791688
1,0.9404788613319396,1,0.9857126474380492,1,0.9912399649620056,1,0.9936165809631348
1,0.0180979371070861,1,0.0129751432687044,1,0.002883736975491,1,0.001925533870235
1,0.0380389913916587,1,0.0458121038973331,1,0.0150000592693686,1,0.0151372607797384
1,0.3613053262233734,1,0.2646463513374328,1,0.223090186715126,1,0.2694229781627655
1,0.1143874824047088,1,0.3120236396789551,1,0.3694628775119781,1,0.1959563344717025
1,0.6475945115089417,1,0.4581142961978912,1,0.7449901103973389,1,0.1079853102564811
1,0.3189477026462555,1,0.0841533318161964,1,0.0293073877692222,1,0.0899125039577484
1,0.4563789665699005,1,0.0073995599523186,1,0.6654437184333801,1,0.0153520070016384
1,0.6903244256973267,1,0.255742996931076,1,0.4889479279518127,1,0.5097619295120239
1,0.0282172001898288,1,0.0042043491266667,1,0.0044136946089565,1,0.0155843142420053
1,0.1485256105661392,1,0.0268196780234575,1,0.0378731228411197,1,0.138861209154129
1,0.0910715237259864,1,0.0847178548574447,1,0.0250400733202695,1,0.0264408867806196
1,0.7016004920005798,1,0.331934779882431,1,0.6810228824615479,1,0.2168150246143341
1,0.5998883843421936,1,0.5364035367965698,1,0.3932663202285766,1,0.7712410688400269
1,0.8332892060279846,1,0.6656737327575684,1,0.5584450960159302,1,0.6994129419326782
1,0.696943461894989,1,0.6882533431053162,1,0.7453106045722961,1,0.8496810793876648
1,0.8823264241218567,1,0.8098427653312683,1,0.7612866759300232,1,0.8617523312568665
1,0.6280410289764404,1,0.0633404776453971,1,0.7025923132896423,1,0.329319566488266
1,0.5010666251182556,1,0.0902613177895546,1,0.6546074151992798,1,0.2815444469451904
1,0.6748616695404053,1,0.2273009270429611,1,0.7328872680664062,1,0.3637367784976959
0,0.0121410433202981,0,0.4023586809635162,0,0.6462545990943909,0,0.6241803169250488
0,0.0064352327026426,0,0.2398293167352676,0,0.0151522243395447,0,0.2174990177154541
0,0.0434372015297412,0,0.0168743785470724,0,0.5333950519561768,0,0.1514096707105636
0,0.0250745937228202,0,0.0039371699094772,0,0.0025592159945517,0,0.0038754371926188
0,0.0189493112266063,0,0.0130893550813198,0,0.0013294187374413,0,0.0069427001290023
0,0.1842723786830902,0,0.1578362435102462,0,0.4398380815982818,0,0.1535483598709106
0,0.1211047768592834,0,0.0036296406760811,0,0.0429379604756832,0,0.0106236692517995
0,0.0129503356292843,0,0.0025108004920184,0,0.0010378763545304,0,2.7029087505070493e-05
0,0.1736064851284027,0,0.2887745201587677,0,0.7496229410171509,0,0.2135341465473175
0,0.2139392346143722,0,0.0233075339347124,0,0.008044259622693,0,0.0077159334905445
0,0.1117792353034019,0,0.0039037887472659,0,0.0455550402402877,0,0.0152119621634483
0,0.0292786974459886,0,0.0157009158283472,0,0.2870975434780121,0,0.0260222740471363
0,0.2031636238098144,0,0.0752409845590591,0,0.2000437080860138,0,0.0681165382266044
0,0.576810359954834,0,0.3607666492462158,0,0.5073246955871582,0,0.6159380078315735
0,0.002920476719737,0,0.0025589934084564,0,0.0032007305417209,0,0.0001536483759991
0,0.0511261709034442,0,0.0554644167423248,0,0.0078682638704776,0,0.1409252882003784
0,0.0138774495571851,0,0.0030513650272041,0,0.0022777109406888,0,0.0005871838657185
0,0.085512451827526,0,0.0025946083478629,0,0.0011478562373667,0,0.0007986698183231
0,0.1468570381402969,0,0.0269662402570247,0,0.0046627717092633,0,0.0041447868570685
0,0.5728256702423096,0,0.2900902926921844,0,0.4069321453571319,0,0.2810943126678467
0,0.2883473634719848,0,0.043227419257164,0,0.0416152738034725,0,0.2108867168426513
0,0.0820103511214256,0,0.0267075952142477,0,0.0064339558593928,0,0.0580116435885429
0,0.0617703571915626,0,0.0165008530020713,0,0.1079871729016304,0,0.0075823385268449
0,0.0292190629988908,0,0.0356506220996379,0,0.0269976556301116,0,0.0002614138065837
0,0.0172323249280452,0,0.0102747967466712,0,0.0260771997272968,0,0.0002872396726161
0,0.1265652328729629,0,0.0068188798613846,0,0.1346257328987121,0,0.0019806469790637
0,0.0372766144573688,0,0.0369845107197761,0,0.0175181552767753,0,0.0012891723308712
0,0.0190826170146465,0,0.014968879520893,0,0.0324449501931667,0,0.000476360990433
0,0.0180904138833284,0,0.0127941565588116,0,0.0210615750402212,0,0.0003039104340132
0,0.0060300403274595,0,0.0010608687298372,0,0.0041911522857844,0,0.0002258076274301
0,0.7956282496452332,0,0.4306084811687469,0,0.7561450600624084,0,0.3291065096855163
0,0.8503363728523254,0,0.433166891336441,0,0.753329336643219,0,0.4602175056934356
0,0.8142629861831665,0,0.6565951108932495,0,0.5047304630279541,0,0.8130835890769958
0,0.3714290559291839,0,0.2245243787765503,0,0.2792659401893616,0,0.6772118210792542
0,0.5077450275421143,0,0.2771689593791961,0,0.2766041457653045,0,0.5172070264816284
0,0.7089530229568481,0,0.6328691840171814,0,0.6614641547203064,0,0.8433603644371033
0,0.164800614118576,0,0.0113431485369801,0,0.0433368273079395,0,0.0038697030395269
0,0.0276221893727779,0,0.0014154763193801,0,0.0261961668729782,0,0.0013530310243368
0,0.0075522428378462,0,0.0596352815628051,0,0.0271268971264362,0,0.026513498276472
0,0.0292129516601562,0,0.0016839739400893,0,0.0425196774303913,0,0.001447856076993
0,0.009164092130959,0,0.0048817927017807,0,0.0010068647097796,0,0.0003302049881312
0,0.019860453903675,0,0.0016771133523434,0,0.0198377128690481,0,0.0017332563875243
0,0.0147866578772664,0,0.0926026403903961,0,0.0419964008033275,0,0.0503929033875465
0,0.020184988155961,0,0.0285710114985704,0,0.0061930166557431,0,0.0089990133419632
0,0.0110714808106422,0,0.0130440732464194,0,0.0073081343434751,0,0.0050007700920104
0,0.0168131738901138,0,0.0795597732067108,0,0.1342154890298843,0,0.1939937472343444
0,0.0226653981953859,0,0.0630588605999946,0,0.0135671840980649,0,0.0211889203637838
0,0.082713134586811,0,0.031412273645401,0,0.0502136126160621,0,0.0662477985024452
0,0.1801165342330932,0,0.2216024845838546,0,0.0528140217065811,0,0.2121414989233017
0,0.0517004802823066,0,0.0597500652074813,0,0.0605205260217189,0,0.2114138305187225
0,0.1644719094038009,0,0.3044745922088623,0,0.0558201596140861,0,0.0469753332436084
0,0.080181747674942,0,0.2108193933963775,0,0.0270567163825035,0,0.0640394985675811
0,0.0280333068221807,0,0.0814272463321685,0,0.1349043101072311,0,0.2936483919620514
0,0.0130144618451595,0,0.0028317149262875,0,0.0025865125935524,0,0.0500497296452522
0,0.0194515846669673,0,0.0040930602699518,0,0.0391864217817783,0,0.0261684786528348
0,0.048077505081892,0,0.0011839917860925,0,0.0140853226184844,0,0.0159436948597431
0,0.0010966485133394,0,0.0005543800070881,0,3.979311441071332e-05,0,2.5780964278965257e-05
0,0.162991777062416,0,0.3974435925483703,0,0.4588452577590942,0,0.02102767303586
0,0.0167153049260377,0,0.1309012025594711,0,0.0030756329651921,0,0.0164785664528608
0,0.1356022357940673,0,0.0212495643645524,0,0.1888500601053238,0,0.0671863406896591
0,0.2196712791919708,0,0.0546367764472961,0,0.2958415448665619,0,0.1187446415424346
0,0.0054743397049605,0,0.011596493422985,0,0.0159696470946073,0,0.0015746123390272
0,0.0290045570582151,0,0.0794746428728103,0,0.0015542530454695,0,0.0148902405053377
0,0.0025656656362116,0,0.0002290900010848,0,6.886432674946263e-05,0,1.39363519338076e-05
0,0.0057896999642252,0,0.0061226156540215,0,0.0069542126730084,0,0.002070830669254
0,0.0024870124179869,0,0.0001874600129667,0,3.8020025385776535e-05,0,7.906171958893538e-06
0,0.0066102463752031,0,0.0165854375809431,0,0.0190337300300598,0,0.0053864140063524
0,0.002562663052231,0,0.0001800947793526,0,3.417003608774394e-05,0,2.436834984109737e-05
0,0.0715942680835723,0,0.0206702705472707,0,0.0041971644386649,0,0.027674563229084
0,0.2052748203277588,0,0.0739077404141426,0,0.0136383352801203,0,0.1582522243261337
0,0.0241761989891529,0,0.0912618562579155,0,0.0053816516883671,0,0.0001121603854699
0,0.0047564185224473,0,0.0372189842164516,0,0.0027305395342409,0,0.008999940007925
0,0.007746921852231,0,0.0070491982623934,0,0.0006566024385392,0,0.0184112973511219
0,0.0101943789049983,0,0.0115090161561965,0,0.0012961005559191,0,0.0388625301420688
0,0.1182305142283439,0,0.0285721234977245,0,0.0173080582171678,0,0.0259171016514301
0,0.0037469328381121,0,0.020054904744029,0,0.0030800956301391,0,0.0206248797476291
0,0.4501287341117859,0,0.2227373570203781,0,0.7722514867782593,0,0.4973398745059967
0,0.0811909884214401,0,0.104107029736042,0,0.0804521292448043,0,0.376579076051712
0,0.0075934906490147,0,0.0022374005056917,0,0.0010835664579644,0,0.001005166908726
0,0.0265120156109333,0,0.002553179860115,0,0.0282058361917734,0,0.042301345616579
0,0.1032062098383903,0,0.097968652844429,0,0.0821653828024864,0,0.200293481349945
0,0.0323762781918048,0,0.014972424134612,0,0.0504682213068008,0,0.2776414155960083
0,0.0168821569532156,0,0.0080348486080765,0,0.0179322939366102,0,0.0002391675079707
0,0.0184488072991371,0,0.0006523503689095,0,0.0290234293788671,0,2.3932614567456767e-05
0,0.0274811945855617,0,0.00126059865579,0,0.0258206780999898,0,2.130251050402876e-05
0,0.2899911105632782,0,0.1813990026712417,0,0.2734014689922333,0,0.1023833230137825
0,0.1657070070505142,0,0.1324561983346939,0,0.1857775151729583,0,0.1202235370874404
0,0.1991285532712936,0,0.1342526078224182,0,0.0286769308149814,0,0.0177532285451889
0,0.2057992070913314,0,0.092407114803791,0,0.0617762506008148,0,0.0206807348877191
0,0.2260718792676925,0,0.1922432333230972,0,0.1687637865543365,0,0.084834024310112
0,0.1489433944225311,0,0.0310964789241552,0,0.0969402566552162,0,0.0013044166844338
0,0.1716160774230957,0,0.0227335467934608,0,0.114019751548767,0,0.0018304556142538
0,0.4650431275367737,0,0.0276097245514392,0,0.2474455833435058,0,0.008149454370141
0,0.3378807306289673,0,0.0752511247992515,0,0.3284727036952972,0,0.1456529051065445
0,0.2644354403018951,0,0.020663809031248,0,0.1889206171035766,0,0.0089118890464305
0,0.8015270233154297,0,0.5634072422981262,0,0.6415300965309143,0,0.7931098341941833
0,0.6268388628959656,0,0.0461344346404075,0,0.127362847328186,0,0.114242136478424
0,0.8114455938339233,0,0.3182566165924072,0,0.579738438129425,0,0.7133374214172363
0,0.1697648167610168,0,0.0192652754485607,0,0.2346123903989792,0,0.00633125891909
0,0.0053334650583565,0,0.0003657667548395,0,0.0028736616950482,0,6.33340168860741e-05
0,0.0084513910114765,0,0.0010498961200937,0,0.0072272391989827,0,0.000163699616678
0,0.015057316981256,0,0.0034289343748241,0,0.0056697842665016,0,0.0002076026139548
0,0.0263251047581434,0,0.012759025208652,0,0.0013005783548578,0,0.0405592918395996
0,0.0104556484147906,0,0.0014911444159224,0,0.0027100669685751,0,0.0001106873532989
0,0.0315509177744388,0,0.0803532525897026,0,0.001750124269165,0,0.003464070148766
0,0.0156367346644401,0,0.0087044155225157,0,0.0013430665712803,0,0.044393353164196
0,0.0682760402560234,0,0.0676702335476875,0,0.0063877580687403,0,0.0060554579831659
0,0.0523139387369155,0,0.0285681057721376,0,0.0042398916557431,0,0.0022000733297318
0,0.0206147227436304,0,0.1162584275007247,0,0.0119512844830751,0,0.026087125763297
0,0.0575357228517532,0,0.064584232866764,0,0.0077055576257407,0,0.0263141971081495
0,0.0206796303391456,0,0.151574432849884,0,0.0106947505846619,0,0.0426614545285701
0,0.6321630477905273,0,0.2776269316673279,0,0.3829368352890014,0,0.7198073267936707
0,0.0533944591879844,0,0.0284291375428438,0,0.0245792251080274,0,0.1158321872353553
0,0.0635122433304786,0,0.0010076290927827,0,0.0155301922932267,0,0.0004396459262352
0,0.0901782512664794,0,0.0020943426061421,0,0.0224028825759887,0,0.0035401070490479
0,0.0457488782703876,0,0.034866202622652,0,0.0206323787569999,0,0.2285824418067932
0,0.5768368244171143,0,0.1952677816152572,0,0.5441222190856934,0,0.4943191111087799
0,0.0552409924566745,0,0.008817340247333,0,0.02486471273005,0,0.0141427312046289
0,0.0465558916330337,0,0.0306885372847318,0,0.0318302474915981,0,0.1498969495296478
0,0.0821934193372726,0,0.0022122242953628,0,0.0215850416570901,0,0.0024776810314506
0,0.5756934881210327,0,0.213256150484085,0,0.5074275135993958,0,0.5623620748519897
0,0.108048990368843,0,0.0076266364194452,0,0.0124577526003122,0,0.1457429826259613
0,0.0375023446977138,0,0.0042290603742003,0,0.0159215666353702,0,0.0416285209357738
0,0.1245798021554946,0,0.0127489324659109,0,0.026751697063446,0,0.0345128215849399
0,0.3977733254432678,0,0.1941091865301132,0,0.4136373996734619,0,0.5154743790626526
0,0.3952436149120331,0,0.159117192029953,0,0.1945412904024124,0,0.5169039964675903
0,0.0145098846405744,0,0.001653378480114,0,0.0143044991418719,0,0.0030783566180616
0,0.0110542718321084,0,0.0100434562191367,0,0.0031021172180771,0,0.0006354588549584
0,0.1967715322971344,0,0.0527570061385631,0,0.0582526177167892,0,0.5956569314002991
0,0.0246070735156536,0,0.0046416060067713,0,0.000390792323742,0,0.0093556959182024
0,0.3028741180896759,0,0.1207074001431465,0,0.0606099553406238,0,0.1863027662038803
0,0.5822138786315918,0,0.1757658869028091,0,0.3502484858036041,0,0.3383208513259887
0,0.4000944793224334,0,0.3870269656181335,0,0.4545619487762451,0,0.7844984531402588
0,0.6535484194755554,0,0.9080814719200134,0,0.974365532398224,0,0.8869271874427795
0,0.5247885584831238,0,0.7842684984207153,0,0.8605295419692993,0,0.8702651262283325
0,0.4411370456218719,0,0.1483181715011596,0,0.2745393216609955,0,0.446465790271759
0,0.0094204749912023,0,0.0056397127918899,0,0.0001280898723052,0,6.402420694939792e-06
0,0.0205658003687858,0,0.0029450058937072,0,0.0005693435086868,0,4.934456683258759e-06
0,0.490662008523941,0,0.4731220006942749,0,0.7781631350517273,0,0.5593962669372559
0,0.2865527272224426,0,0.1761147081851959,0,0.6884119510650635,0,0.071085050702095
0,0.0064930664375424,0,0.002193916356191,0,0.0004699435667134,0,5.644687917083502e-05
0,0.0286285672336816,0,0.0039510829374194,0,0.000214938132558,0,3.19156315526925e-05
0,0.0278225466609001,0,0.1524722725152969,0,0.0063864239491522,0,0.0191581137478351
0,0.0189918335527181,0,0.0026764327194541,0,0.0052401265129446,0,9.718192450236528e-05
0,0.0077651930041611,0,0.0064294761978089,0,0.0566561482846736,0,0.0226491559296846
0,0.0247210338711738,0,0.0049804165028035,0,0.0082254670560359,0,0.0003214043972548
0,0.3525269627571106,0,0.008144561201334,0,0.0909293666481971,0,0.0151888569816946
0,0.0297149587422609,0,0.0042580286972224,0,0.0132207879796624,0,0.0001017632748698
0,0.3822500109672546,0,0.2776711583137512,0,0.3954001069068908,0,0.4077075719833374
0,0.1364252567291259,0,0.1083361580967903,0,0.0332841202616691,0,0.1007331982254982
0,0.5620642900466919,0,0.3745446801185608,0,0.8718769550323486,0,0.0607060305774211
0,0.0131267551332712,0,0.0605182088911533,0,0.0008624836336821,0,0.0320325829088687
0,0.0619853101670742,0,0.0765551850199699,0,0.0808858945965766,0,0.0030767063144594
0,0.3911821842193603,0,0.1864767670631408,0,0.2425614148378372,0,0.252662181854248
0,0.0774063766002655,0,0.0243144612759351,0,0.0268310755491256,0,0.0017624963074922
0,0.0132643785327672,0,0.0781687274575233,0,0.0013315533287823,0,0.0567053891718387
0,0.5833734273910522,0,0.2328845858573913,0,0.4402512609958648,0,0.3864046931266784
0,0.2196708619594574,0,0.040506225079298,0,0.0045977858826518,0,0.1115098297595977
0,0.0308208391070365,0,0.0115799605846405,0,0.0015403587603941,0,0.0008293322753161
0,0.0588384568691253,0,0.2375009655952453,0,0.4212873578071594,0,0.5719079375267029
0,0.003018312389031,0,0.0015939525328576,0,0.000214055457036,0,1.6968147974694148e-05
0,0.4633602797985077,0,0.3464196026325226,0,0.2998042404651642,0,0.4957776367664337
0,0.0723617523908615,0,0.0022325154859572,0,0.0961922034621238,0,0.0011322470381855
0,0.1045334413647651,0,0.0126848686486482,0,0.1535464227199554,0,0.006676766090095
0,0.0464904941618442,0,0.0069405473768711,0,0.0607785433530807,0,0.0042057111859321
0,0.6670587658882141,0,0.1095182001590728,0,0.3343110680580139,0,0.8082202076911926
0,0.4989961385726928,0,0.1170576885342598,0,0.5025346875190735,0,0.1458286643028259
0,0.4542160928249359,0,0.1370929479598999,0,0.4837690889835357,0,0.0158997792750597
0,0.0103488191962242,0,0.0024496419355273,0,0.068019151687622,0,0.0144450273364782
0,0.0059377383440732,0,0.002894744509831,0,0.0085360091179609,0,0.0010671588825061
0,0.0854157879948616,0,0.0145885748788714,0,0.195798635482788,0,0.020563181489706
0,0.0014738818863406,0,0.0443358197808265,0,0.0007964156684465,0,0.0011421780800446
0,0.0478403158485889,0,0.0057988911867141,0,0.0019638994708657,0,0.0007434569997712
0,0.0434002727270126,0,0.0077207977883517,0,0.0019778974819928,0,0.0019298124825581
0,0.0038703284226357,0,0.2051963210105896,0,0.0005651073297485,0,0.003863502992317
0,0.0229194480925798,0,0.0068753100931644,0,0.0012455888791009,0,0.0018295192858204
0,0.0159435532987117,0,0.2978127002716064,0,0.0009169107070192,0,0.0159696917980909
0,0.049765694886446,0,0.0774717330932617,0,0.0416248627007007,0,0.025563420727849
0,0.0567034780979156,0,0.1066511124372482,0,0.0296045076102018,0,0.0560256168246269
0,0.0861776024103164,0,0.1439065635204315,0,0.0541632585227489,0,0.0866435021162033
0,0.0657411366701126,0,0.0111276730895042,0,0.0024162095505744,0,0.0171724427491426
0,0.009203759022057,0,0.019900431856513,0,0.0019643306732177,0,0.0013661835109815
0,0.002845176262781,0,0.0094177303835749,0,0.000570205389522,0,0.0003795187803916
0,0.0169475972652435,0,0.1902689933776855,0,0.0003914844128303,0,0.0138880116865038
0,0.0045460727997124,0,0.0284666251391172,0,0.000467547943117,0,0.0161259248852729
0,0.0102134114131331,0,0.0280893445014953,0,0.0041525945998728,0,0.0032004413660615
0,0.0049141864292323,0,0.029926624149084,0,0.0005203858017921,0,0.0177687443792819
0,0.0067244218662381,0,0.0274506453424692,0,0.0013655180810019,0,0.0035046520642936
0,0.0017916748765856,0,0.0121643645688891,0,0.0002637264260556,0,0.000144998790347
0,0.0110741285607218,0,0.0260320771485567,0,0.0067639565095305,0,0.0056630168110132
0,0.0022356405388563,0,0.0011330875568091,0,0.0001041802388499,0,2.423881414870266e-05
0,0.0142857003957033,0,0.0164839755743742,0,0.0044461144134402,0,0.0038383335340768
0,0.0024053081870079,0,0.0014376199105754,0,0.0001104686671169,0,1.3536622645915486e-05
0,0.0100703444331884,0,0.0097208162769675,0,0.0019647802691906,0,0.0009636530303396
0,0.0090791974216699,0,0.001544652855955,0,0.0009821604471653,0,0.0166131872683763
0,0.0298483744263649,0,0.0237622279673814,0,0.0015849318588152,0,0.0002760305069386
0,0.0085303448140621,0,0.0038798924069851,0,0.0013912791619077,0,0.0647757276892662
0,0.0189398285001516,0,0.028096530586481,0,0.0017880542436614,0,0.0322279259562492
0,0.0091627324,0,0.0073064183816313,0,0.0009126210934482,0,0.0012488408247008
0,0.0106864562258124,0,0.0036773749161511,0,0.0027286834083497,0,0.0353931337594985
0,0.0437546670436859,0,0.0681647583842277,0,0.0082328226417303,0,0.0125382766127586
0,0.0357277914881706,0,0.0116139957681298,0,0.0161611642688512,0,0.011692177504301
0,0.0140957962721586,0,0.0098877511918544,0,0.0037915292195975,0,0.0136586911976337
0,0.0168843325227499,0,0.0138360541313886,0,0.0179043356329202,0,0.0351843051612377
0,0.0173556003719568,0,0.0162687506526708,0,0.0192385148257017,0,0.0054252906702458
0,0.006453716661781,0,0.0006016478291712,0,0.0005910503095947,0,1.57728572958149e-05
0,0.0048466073349118,0,0.0010021433699876,0,0.0009758603409864,0,9.625612437957898e-05
0,0.8749078512191772,0,0.8833868503570557,0,0.8329041004180908,0,0.9022284746170044
0,0.8666925430297852,0,0.8395548462867737,0,0.8487440943717957,0,0.8417168259620667
0,0.8832374811172485,0,0.8900013566017151,0,0.8575945496559143,0,0.889886736869812
0,0.0091319950297474,0,0.0018695767503231,0,0.0219319909811019,0,0.0036225386429578
0,0.0456153824925422,0,0.39290851354599,0,0.0361381322145462,0,0.2691313624382019
0,0.0139879202470183,0,0.0528944171965122,0,0.0011752302525565,0,0.0109151741489768
0,0.0086340131238102,0,0.0018708121497184,0,0.0336194597184658,0,0.0024411529302597
0,0.2531154751777649,0,0.2091784924268722,0,0.0626101866364479,0,0.1906926333904266
0,0.0156166227534413,0,0.0592340603470802,0,0.0143983839079737,0,0.0811295732855796
0,0.0154337733983993,0,0.0045078173279762,0,0.0080492347478866,0,0.001554824411869
0,0.2793173789978027,0,0.3590126633644104,0,0.346371054649353,0,0.4695758819580078
0,0.0096729798242449,0,0.0247719790786504,0,0.0017742376076057,0,0.0127027062699198
0,0.6962035298347473,0,0.2439309209585189,0,0.4433957040309906,0,0.1625077277421951
0,0.438769668340683,0,0.3722093105316162,0,0.192929521203041,0,0.1886065304279327
0,0.0161860529333353,0,0.0175395477563142,0,0.0006828164914622,0,0.0011185021139681
0,0.333009660243988,0,0.3453981578350067,0,0.1684163808822631,0,0.1204512119293212
0,0.0174927823245525,0,0.0084210569038987,0,0.0004457640752661,0,0.0001714338432066
0,0.2716864347457886,0,0.3190937936306,0,0.1752319037914276,0,0.1116452068090438
0,0.0199711751192808,0,0.0213704239577054,0,0.000359622790711,0,0.0028228315059095
0,0.0012903749011456,0,0.0485470555722713,0,7.399300375254825e-05,0,0.0089574856683611
0,0.0122503079473972,0,0.0014403694076463,0,2.3820131900720295e-05,0,0.0005292786518111
0,0.0014265581266954,0,0.0157441869378089,0,0.0001654144434724,0,0.0166860651224851
0,0.0031782840378582,0,0.0008143600425682,0,0.0001956280611921,0,3.125319199170917e-05
0,0.5815364122390747,0,0.4477990865707397,0,0.5387648940086365,0,0.3780921399593353
0,0.8140745759010315,0,0.6591385006904602,0,0.8049528002738953,0,0.7579542398452759
0,0.5517980456352234,0,0.3427984714508056,0,0.2167697250843048,0,0.0145563650876283
0,0.0630445480346679,0,0.1356117278337478,0,0.5150159597396851,0,0.0456890389323234
0,0.8469093441963196,0,0.7296878099441528,0,0.7881919741630554,0,0.6476935148239136
0,0.5862789154052734,0,0.4682745337486267,0,0.5283061861991882,0,0.0199048593640327
0,0.1188650205731391,0,0.1337194591760635,0,0.7038695812225342,0,0.1285811960697174
0,0.001397349522449,0,0.0010138428770005,0,2.615180528664496e-05,0,8.500503463437781e-05
0,0.8678470849990845,0,0.7023219466209412,0,0.7045636773109436,0,0.611419677734375
0,0.5921116471290588,0,0.525103747844696,0,0.5034754872322083,0,0.0077521912753582
0,0.13261678814888,0,0.1886859238147735,0,0.6881542205810547,0,0.0810243263840675
0,0.0022414897102862,0,0.0009190018754452,0,8.322838402818888e-05,0,0.0001707599003566
0,0.126477763056755,0,0.1114863231778144,0,0.0601529143750667,0,0.0424683801829814
0,0.1438162922859192,0,0.039738692343235,0,0.0404102206230163,0,0.0026688994839787
1,0.6179419755935669,1,0.3824833631515503,1,0.7957059741020203,1,0.5787121653556824
1,0.8544429540634155,1,0.4461809992790222,1,0.6464647054672241,1,0.4893805980682373
1,0.8286141753196716,1,0.4135549068450928,1,0.5567293763160706,1,0.4248913526535034
1,0.6449671387672424,1,0.4573301672935486,1,0.708716094493866,1,0.5863030552864075
1,0.7940179705619812,1,0.6407426595687866,1,0.6324537992477417,1,0.5590711236000061
1,0.898716390132904,1,0.4274862408638,1,0.5678308606147766,1,0.6910967826843262
1,0.2934467196464538,1,0.1618890911340713,1,0.169310376048088,1,0.1814130097627639
1,0.499628335237503,1,0.4326935410499573,1,0.506060004234314,1,0.7627297043800354
1,0.2970232963562011,1,0.8255242109298706,1,0.8055575489997864,1,0.9636369347572328
1,0.7358778119087219,1,0.7594600319862366,1,0.8061445355415344,1,0.6989541053771973
1,0.3190463185310364,1,0.2923266887664795,1,0.5706742405891418,1,0.2054513990879058
1,0.7616809606552124,1,0.6322678923606873,1,0.8398225903511047,1,0.6178829073905945
1,0.0345556512475013,1,0.0214066430926322,1,0.083643302321434,1,0.0253835227340459
1,0.6192880868911743,1,0.4305974245071411,1,0.626582145690918,1,0.2540650069713592
1,0.8364911675453186,1,0.2114953994750976,1,0.25636026263237,1,0.0793138369917869
1,0.8355374336242676,1,0.2427048087120056,1,0.3213722705841064,1,0.037923127412796
1,0.5926137566566467,1,0.4006463289260864,1,0.6042038202285767,1,0.3588107526302337
1,0.6788023710250854,1,0.4050101637840271,1,0.5739995837211609,1,0.561878502368927
1,0.7530412673950195,1,0.4114448428153991,1,0.7896526455879211,1,0.5772209167480469
1,0.6291771531105042,1,0.2809721231460571,1,0.4373597800731659,1,0.5820444226264954
1,0.6418465971946716,1,0.1929620653390884,1,0.3503527641296386,1,0.2501582205295563
1,0.7593967914581299,1,0.247394785284996,1,0.594976007938385,1,0.4269751310348511
1,0.498806893825531,1,0.0938903614878654,1,0.1980670690536499,1,0.0307966098189353
1,0.7364274859428406,1,0.530439019203186,1,0.5675778985023499,1,0.871191143989563
1,0.8300756216049194,1,0.7243843078613281,1,0.756525456905365,1,0.8636441230773926
1,0.322549432516098,1,0.2234987765550613,1,0.1971014738082885,1,0.0797598361968994
1,0.8353306651115417,1,0.9712632894515992,1,0.9357435703277588,1,0.9781858921051024
0,0.1866677105426788,0,0.0317769832909107,0,0.0195133183151483,0,0.1163335070014
0,0.0261366516351699,0,0.0031155666802078,0,0.0115008605644106,0,0.000546416034922
0,0.0050832023844122,0,0.0003380870621185,0,0.0001163190681836,0,0.0001603461569175
0,0.0098582310602068,0,0.0004833267594221,0,0.0003090426034759,0,0.0002552314253989
0,0.0346990078687667,0,0.0014631788944825,0,0.0064169238321483,0,0.0023103486746549
0,0.6974692344665527,0,0.1107624247670173,0,0.4306895732879638,0,0.8812427520751953
0,0.0211215782910585,0,0.0019351319642737,0,0.0084435548633337,0,0.0014164641033858
0,0.7439236640930176,0,0.1884728819131851,0,0.6027126908302307,0,0.879446268081665
0,0.0643324926495552,0,0.0042066820897161,0,0.0645705461502075,0,0.0131138265132904
0,0.0162115395069122,0,0.0021839402616024,0,0.0049082273617386,0,0.0007565027917735
0,0.1751816123723983,0,0.003061258001253,0,0.0440357699990272,0,0.0010603938717395
0,0.1343301981687545,0,0.0464696884155273,0,0.0812066867947578,0,0.1529227048158645
0,0.8939647674560547,0,0.7024067044258118,0,0.8909755349159241,0,0.963874578475952
0,0.2108179926872253,0,0.0311282891780138,0,0.1403539031744003,0,0.0249900426715612
0,0.4076201021671295,0,0.1571779102087021,0,0.7702163457870483,0,0.4386942684650421
0,0.1749895215034485,0,0.0119946962222456,0,0.0063415593467652,0,0.1160960718989372
0,0.0812292844057083,0,0.0052026212215423,0,0.0062108389101922,0,0.1395692080259323
0,0.0816425681114196,0,0.0047006243839859,0,0.0027043120935559,0,0.0866340100765228
0,0.0086162434890866,0,0.0051868357695639,0,0.000680855999235,0,0.0333023220300674
0,0.0739297643303871,0,0.018990995362401,0,0.0042327833361923,0,0.0309870652854442
0,0.4741457402706146,0,0.1193632408976554,0,0.0526088736951351,0,0.0972128733992576
0,0.4924076795578003,0,0.1164670959115028,0,0.2696437239646911,0,0.2020589113235473
0,0.8776880502700806,0,0.8931442499160767,0,0.896113395690918,0,0.3079031705856323
0,0.0119022410362958,0,0.015422779135406,0,0.0021869139745831,0,0.001843623467721
0,0.6402643322944641,0,0.0927996337413787,0,0.0627506077289581,0,0.4866217672824859
0,0.6967761516571045,0,0.2173807173967361,0,0.031562864780426,0,0.4850249886512756
0,0.380998820066452,0,0.0205878727138042,0,0.0437926352024078,0,0.0331141278147697
0,0.3568025231361389,0,0.0769344344735145,0,0.4953566789627075,0,0.2904993891716003
0,0.2818441987037658,0,0.3282957673072815,0,0.6521071791648865,0,0.4053387939929962
0,0.0104174828156828,0,0.0152659006416797,0,0.0010277134133502,0,0.0072369896806776
0,0.0134499836713075,0,0.0016531604342162,0,0.0178172867745161,0,0.0074316323734819
0,0.0390871465206146,0,0.0035502326209098,0,0.0133062526583671,0,0.0011157771805301
0,0.0350699871778488,0,0.00314363068901,0,0.024831224232912,0,0.0041999416425824
0,0.176689863204956,0,0.0757598280906677,0,0.2478317767381668,0,0.0750858858227729
0,0.0156250540167093,0,0.0012710909359157,0,0.0006033628014847,0,0.0001590117753949
0,0.0177893117070198,0,0.014044308103621,0,0.0107095586135983,0,0.0205980241298675
0,0.0290740728378295,0,0.0018200220074504,0,0.0006128889508545,0,0.0001938660716405
0,0.0128969717770814,0,0.0036744254175573,0,0.0005695313448086,0,3.883148019667715e-05
0,0.0205446742475032,0,0.0022296262905001,0,0.1115350574254989,0,0.0051979338750243
0,0.0095078209415078,0,0.0019419627496972,0,0.0009347950690425,0,0.0007425099611282
0,0.0096100829541683,0,0.0214184578508138,0,0.0045580151490867,0,0.0058574276044964
0,0.1530734002590179,0,0.1183362528681755,0,0.0044201514683663,0,0.0428259186446666
0,0.0195548441261053,0,0.0040066628716886,0,0.0814271718263626,0,0.0134774651378393
0,0.0120792565867304,0,0.0010731529910117,0,0.0006296637584455,0,0.0005813459865748
0,0.0134611679241061,0,0.0021179283503443,0,0.0011025418061763,0,0.0012021397706121
0,0.0093274405226111,0,0.0163237806409597,0,0.0029605969320982,0,0.0016667615855112
0,0.0636154785752296,0,0.0156299173831939,0,0.0248093418776989,0,0.002971141366288
0,0.74164217710495,0,0.3371606171131134,0,0.6928404569625854,0,0.6197932362556458
0,0.0528302565217018,0,0.0082185724750161,0,0.0192586686462163,0,0.0256298128515481
0,0.646420955657959,0,0.3513540029525757,0,0.4402047991752624,0,0.4522112905979156
0,0.5001408457756042,0,0.1891092509031295,0,0.1149814799427986,0,0.1859815567731857
0,0.0645491555333137,0,0.0091885477304458,0,0.0112756378948688,0,0.0104270577430725
0,0.6665099263191223,0,0.2526704668998718,0,0.278767853975296,0,0.2837075591087341
0,0.6722231507301331,0,0.2017654329538345,0,0.2001085877418518,0,0.2070464938879013
0,0.0364893823862075,0,0.0116840302944183,0,0.0076568555086851,0,0.0006559744360856
0,0.0364247411489486,0,0.0113080637529492,0,0.0035047454293817,0,0.000808380136732
0,0.0465925075113773,0,0.0153724700212478,0,0.0110382484272122,0,0.0011326126987114
0,0.0049109295941889,0,0.0007590586901642,0,0.0002579680294729,0,0.0003033144457731
0,0.0045387935824692,0,0.0020066450815647,0,0.0002245524956379,0,0.000109301188786
0,0.0194311123341321,0,0.04122269526124,0,0.0081373760476708,0,0.0269399769604206
0,0.0084838988259434,0,0.0543376617133617,0,0.0078036254271864,0,0.0053773201070725
0,0.024865947663784,0,0.0136882225051522,0,0.0047789197415113,0,0.0088593680411577
0,0.060102067887783,0,0.0068271872587502,0,0.0267624743282794,0,0.0011282917112112
0,0.0084886569529771,0,0.0631283521652221,0,0.0217920858412981,0,0.005969488993287
0,0.0294863805174827,0,0.0172424800693988,0,0.0041786194778978,0,0.0398050174117088
0,0.002456807764247,0,0.0891854465007782,0,0.001967123709619,0,0.0051717385649681
0,0.0133753698319196,0,0.0033604823984205,0,0.0080494713038206,0,0.0012002569856122
0,0.0082063740119338,0,0.00046365451999,0,0.0001802517945179,0,0.0002818945213221
0,0.0142987798899412,0,0.0110898483544588,0,0.0141792353242635,0,0.0026672917883843
0,0.0158929545432329,0,0.0026966803707182,0,0.0005929837352596,0,0.0009438149281777
0,0.4410058259963989,0,0.2182246446609497,0,0.5045230388641357,0,0.6062377095222473
0,0.0160929579287767,0,0.0043821414001286,0,0.001608837977983,0,0.0003147492825519
0,0.0218634195625782,0,0.0033680975902825,0,0.0114162452518939,0,0.0004256106331013
0,0.4816106855869293,0,0.0694870948791503,0,0.2831223011016845,0,0.0099609969183802
0,0.3970217108726501,0,0.0332820415496826,0,0.2410721480846405,0,0.0106374556198716
0,0.0306118261069059,0,0.0027975994162261,0,0.022884177044034,0,0.0019764662720263
0,0.6768988370895386,0,0.4873349666595459,0,0.2790915668010711,0,0.45171719789505
0,0.4835073053836822,0,0.122507557272911,0,0.0589397102594375,0,0.029125053435564
0,0.5478351712226868,0,0.2058493942022323,0,0.148876279592514,0,0.0874577164649963
0,0.6067658066749573,0,0.0906493663787841,0,0.1614372581243515,0,0.2269718647003173
0,0.788189709186554,0,0.4751873612403869,0,0.663231611251831,0,0.3536052703857422
0,0.5492132306098938,0,0.1461101770401001,0,0.3154540657997131,0,0.0467695817351341
0,0.0301918983459472,0,0.0008832091698423,0,0.0031137841288,0,3.7147685361560434e-05
0,0.0471194051206111,0,0.0007156039937399,0,0.0234952326864004,0,7.80129266786389e-05
0,0.0403224416077137,0,0.00081238290295,0,0.0251065362244844,0,5.44800132047385e-05
0,0.3655804097652435,0,0.2224736362695694,0,0.031111991032958,0,0.1910989582538604
0,0.0092891715466976,0,0.000531752128154,0,0.0005140591529197,0,4.676604658016004e-05
0,0.0940890237689018,0,0.0256271511316299,0,0.019410828128457,0,0.0014213618123903
0,0.4801227152347564,0,0.2439982742071151,0,0.7245244383811951,0,0.2308708727359771
0,0.0811563655734062,0,0.0089510660618543,0,0.0085344519466161,0,0.0036888115573674
0,0.0186921600252389,0,0.0005746757960878,0,0.000720456126146,0,0.000306674017338
0,0.0405713878571987,0,0.0193481333553791,0,0.072960041463375,0,0.0474848002195358
0,0.1644749343395233,0,0.1259112954139709,0,0.1362253874540329,0,0.0143917072564363
0,0.0752759352326393,0,0.019344812259078,0,0.0644084811210632,0,0.01059783808887
0,0.026122698560357,0,0.0105626368895173,0,0.0054833092726767,0,0.0143505204468965
0,0.0705567076802253,0,0.0031838314607739,0,0.0470608845353126,0,0.0001160838364739
0,0.8101422786712646,0,0.5515604019165039,0,0.5399033427238464,0,0.2925983369350433
0,0.0539430640637874,0,0.0228740032762289,0,0.0014527410967275,0,0.0097348904237151
0,0.0713615864515304,0,0.0176938492804765,0,0.0078870207071304,0,0.0025537530891597
0,0.2105242908000946,0,0.1825910359621048,0,0.0843341574072837,0,0.0864819213747978
0,0.115409143269062,0,0.1312489360570907,0,0.0231691040098667,0,0.0206107310950756
0,0.0155117064714431,0,0.0078581562265753,0,0.0007617939263582,0,0.0001469925337005
0,0.0242173504084348,0,0.0028666721191257,0,0.0135094113647937,0,0.0001189391696243
0,0.0619323588907718,0,0.06887698918581,0,0.5778269171714783,0,0.0081533063203096
0,0.0131629360839724,0,0.0119934314861893,0,0.1211580634117126,0,0.0045564705505967
0,0.0400941111147403,0,0.0125278560444712,0,0.300172209739685,0,0.1511247903108596
0,0.0274682622402906,0,0.0080348821356892,0,0.25717893242836,0,0.0063379001803696
0,0.0550119802355766,0,0.0595551915466785,0,0.4368788301944732,0,0.0080591505393385
0,0.0117971170693635,0,0.0130541622638702,0,0.1333226561546325,0,0.0055827144533395
0,0.323583722114563,0,0.6121411323547363,0,0.5081655979156494,0,0.6782323122024536
0,0.1521065980195999,0,0.2479493916034698,0,0.6811714768409729,0,0.471104234457016
0,0.0432608798146247,0,0.0217979066073894,0,0.0344162657856941,0,0.0426548905670642
0,0.0238215196877717,0,0.0027641511987894,0,0.0005785335088148,0,0.0423144921660423
0,0.0533396713435649,0,0.0341591201722621,0,0.0462725162506103,0,0.0594502165913581
0,0.026148933917284,0,0.0118374265730381,0,0.0010607009753584,0,0.1130483373999595
0,0.0323689207434654,0,0.0273842718452215,0,0.0466076657176017,0,0.0493746846914291
0,0.0298389419913291,0,0.0078971236944198,0,0.0139794507995247,0,0.1194793134927749
0,0.0026488651055842,0,0.0034896850120276,0,0.0012872694060206,0,0.0001629059552215
0,0.0177473686635494,0,0.126470074057579,0,0.0063708624802529,0,0.0111246826127171
0,0.1610242575407028,0,0.0054824245162308,0,0.0086340578272938,0,0.0301097501069307
0,0.0242886934429407,0,0.0281545259058475,0,0.0040625021792948,0,0.0011141716968268
0,0.3270490169525146,0,0.0613078288733959,0,0.0232733488082885,0,0.1088315770030021
0,0.0037892821710556,0,0.0073372325859963,0,0.0005163756432011,0,4.050818461109884e-05
0,0.0034248840529471,0,0.0027471049688756,0,0.0011060001561418,0,0.000124192200019
0,0.0113557325676083,0,0.001042433665134,0,0.0056072468869388,0,0.00164458330255
0,0.1114103123545646,0,0.0025782638695091,0,0.0294753797352314,0,0.0010394214186817
0,0.0122898472473025,0,0.0008682146435603,0,0.0074325613677501,0,0.0003851421934086
0,0.0016353202518075,0,0.0007263289880938,0,0.0002473889617249,0,1.2301633432798552e-05
0,0.0292897634208202,0,0.0142991356551647,0,0.0020180649589747,0,0.023907795548439
0,0.1602204591035843,0,0.0117985615506768,0,0.0131076127290725,0,0.000932925264351
0,0.0197558980435132,0,0.005559544544667,0,0.0074689430184662,0,0.0052603431977331
0,0.5028515458106995,0,0.0555377826094627,0,0.1156026571989059,0,0.0543326996266841
0,0.2270977646112442,0,0.0463589653372764,0,0.0477296411991119,0,0.0340839400887489
0,0.0366934426128864,0,0.09916353225708,0,0.0293455366045236,0,0.0071724629960954
0,0.3697093725204468,0,0.183825746178627,0,0.471485823392868,0,0.2230081856250763
0,0.1586380451917648,0,0.018372232094407,0,0.0134943267330527,0,0.0105573162436485
0,0.1420385986566543,0,0.0299161430448293,0,0.0090313209220767,0,0.0201232302933931
0,0.1444364786148071,0,0.0149974655359983,0,0.0087907388806343,0,0.0072627258487045
0,0.0118105709552764,0,0.1294941306114196,0,0.0027254193555563,0,0.3569801151752472
0,0.0633607804775238,0,0.0162474196404218,0,0.0526009462773799,0,0.0409775078296661
0,0.2002582103013992,0,0.1941899061203003,0,0.1771792322397232,0,0.0211215205490589
0,0.0139858601614832,0,0.3823123574256897,0,0.0476552136242389,0,0.6342553496360779
0,0.0212276764214038,0,0.0031472072005271,0,0.0861105099320411,0,0.0016405053902417
0,0.0516107231378555,0,0.0508926250040531,0,0.0197193715721368,0,0.0051953336223959
0,0.0332310907542705,0,0.438208132982254,0,0.8834362626075745,0,0.8427414298057556
0,0.028944756835699,0,0.0081211859360337,0,0.1800886690616607,0,0.0059862029738724
0,0.0395163856446743,0,0.025195226073265,0,0.1079388409852981,0,0.0076474482193589
0,0.6804586052894592,0,0.5608689785003662,0,0.5425702333450317,0,0.3366394340991974
0,0.456993818283081,0,0.5359458327293396,0,0.0436718575656414,0,0.5015678405761719
0,0.4719021320343017,0,0.540437638759613,0,0.06428774446249,0,0.3602197766304016
0,0.2825113236904144,0,0.0478560999035835,0,0.0396077409386634,0,0.0180647671222686
0,0.2467976808547973,0,0.0342352278530597,0,0.0395618379116058,0,0.0168446209281682
0,0.061228685081005,0,0.0011269086971879,0,0.1396970003843307,0,0.0007611317560076
0,0.0772959366440773,0,0.0060533690266311,0,0.0423237606883049,0,0.0013316896511241
0,0.1404991149902343,0,0.0666897445917129,0,0.0590102486312389,0,0.0015078426804393
0,0.1948568522930145,0,0.0596090704202652,0,0.0675287023186683,0,0.0022845696657896
0,0.0751021578907966,0,0.0080154919996857,0,0.1308614909648895,0,0.1280548274517059
0,0.0906474217772483,0,0.1718107461929321,0,0.1102300211787223,0,0.0965377688407898
0,0.5662818551063538,0,0.0708188265562057,0,0.4416322708129883,0,0.0767687410116195
0,0.0142337409779429,0,0.0022022842895239,0,0.0033117425628006,0,0.0007298798300325
0,0.0196431651711463,0,0.0064075570553541,0,0.0024588468950241,0,0.0007207398302853
0,0.0229515116661787,0,0.0028018688317388,0,0.0227454025298357,0,0.0466939881443977
0,0.1856348514556884,0,0.024357046931982,0,0.1519166231155395,0,0.0070711569860577
0,0.3047919273376465,0,0.0050237756222486,0,0.3289060294628143,0,0.0098729273304343
0,0.0091632949188351,0,0.0024336501955986,0,0.0015338938683271,0,0.003861820558086
0,0.0138653749600052,0,0.0063636219128966,0,0.0013493063161149,0,6.475656846305355e-05
0,0.1023024097084999,0,0.1345818489789962,0,0.0825103819370269,0,0.1150200366973877
0,0.0111226001754403,0,0.0011484781280159,0,0.0022376633714884,0,0.0010273614898324
0,0.2342374473810196,0,0.0387764312326908,0,0.207266628742218,0,0.0646853148937225
0,0.4076067209243774,0,0.0078778583556413,0,0.3682804107666015,0,0.0053615057840943
0,0.0062762103043496,0,0.001628651167266,0,0.0009389552869834,0,0.0053973128087818
0,0.0125619322061538,0,0.0054686935618519,0,0.001243672450073,0,0.0007458893232978
0,0.0065626106224954,0,0.0012477256823331,0,0.0045084399171173,0,0.0023582489229738
0,0.3229729235172272,0,0.0744613334536552,0,0.1732242852449417,0,0.0726684778928756
0,0.3364851176738739,0,0.0385899171233177,0,0.0726101249456405,0,0.0433756783604621
0,0.4796776175498962,0,0.1147345229983329,0,0.281921774148941,0,0.0478391237556934
0,0.0047183916904032,0,0.0018363090930506,0,0.0009203266818076,0,0.0002039179089479
0,0.0066686663776636,0,0.0037981055211275,0,0.0023198237176984,0,0.0001859089097706
0,0.2652216553688049,0,0.0470502972602844,0,0.0725215300917625,0,0.0881844460964202
0,0.395815908908844,0,0.1227830946445465,0,0.2133049964904785,0,0.1862304359674453
0,0.7405932545661926,0,0.385378897190094,0,0.5937758088111877,0,0.6746675968170166
0,0.7626577615737915,0,0.5136005282402039,0,0.6696648597717285,0,0.6323827505111694
0,0.0675626397132873,0,0.0756521970033645,0,0.082697719335556,0,0.0370856411755085
0,0.3338985443115234,0,0.2600722312927246,0,0.5794640779495239,0,0.3429677188396454
0,0.0017290390096604,0,0.0012069891672581,0,0.0017557055689394,0,0.006220853421837
0,0.1200103983283042,0,0.0324936509132385,0,0.0602171532809734,0,0.0404879115521907
0,0.1042862683534622,0,0.0597202405333519,0,0.1502220928668975,0,0.0295207481831312
0,0.0024739829823374,0,0.0024605714716017,0,0.0051419087685644,0,0.0038001432549208
0,0.3784618973731994,0,0.2571741640567779,0,0.6009308695793152,0,0.4615514874458313
0,0.0942236334085464,0,0.0244185291230678,0,0.070128209888935,0,0.0146837513893842
0,0.3547251224517822,0,0.124336652457714,0,0.1314911097288131,0,0.0450701639056205
0,0.3223086893558502,0,0.2683679461479187,0,0.4576428532600403,0,0.3059744238853454
0,0.0035527672152966,0,0.0037316475063562,0,0.005842400714755,0,0.0043950332328677
0,0.1781579107046127,0,0.0728583931922912,0,0.1581438034772873,0,0.0379879958927631
0,0.0057213073596358,0,0.0005111054051667,0,0.0058814142830669,0,4.199559771222994e-05
0,0.0055500697344541,0,0.0015748327132314,0,0.0557378381490707,0,0.000100766934338
0,0.0102339573204517,0,0.002090141410008,0,0.0165244247764349,0,0.0007112059392966
0,0.2910168468952179,0,0.0960147678852081,0,0.3027015924453735,0,0.1058337539434433
0,0.011139721609652,0,0.0005957183893769,0,0.0028870801907032,0,2.4376369765377603e-05
0,0.0140762152150273,0,0.0005369566497392,0,0.0020744728390127,0,2.61521336142323e-06
0,0.6082526445388794,0,0.1750409007072448,0,0.5570886731147766,0,0.3705538213253021
0,0.033525887876749,0,0.0122418981045484,0,0.023039611056447,0,0.0145797207951545
0,0.020818181335926,0,0.0039346353150904,0,0.0003923753101844,0,0.0050865169614553
0,0.05037397518754,0,0.0011710721300914,0,0.006097880192101,0,0.0004129970620851
0,0.0330498367547988,0,0.0059430431574583,0,0.010293511673808,0,0.0002966616593766
0,0.0590420849621295,0,0.0019752590451389,0,0.0076394588686525,0,0.0008977776160463
0,0.0240273289382457,0,0.0056785279884934,0,0.0005347779951989,0,0.0049983337521553
0,0.0456867180764675,0,0.0018441675929352,0,0.003978525288403,0,0.0001526672713225
0,0.0447787828743457,0,0.0289208889007568,0,0.0290827378630638,0,0.0630391165614128
0,0.0344098582863807,0,0.0204088538885116,0,0.0008313408470712,0,0.0062583084218204
0,0.0035492780152708,0,0.0008175389375537,0,0.0007344073383137,0,0.0015445152530446
0,0.0458484925329685,0,0.0137284779921174,0,0.0164175499230623,0,0.002466645091772
0,0.0421023480594158,0,0.0003356074157636,0,0.0060412310995161,0,0.00122336728964
0,0.0070971469394862,0,0.0017665530322119,0,0.0028278117533773,0,0.0090663535520434
0,0.0395356379449367,0,0.0091447327286005,0,0.0148367714136838,0,0.002623702166602
0,0.0310265310108661,0,0.0004423620412126,0,0.0042090355418622,0,0.0060853133909404
0,0.2804023325443268,0,0.2592415511608124,0,0.232156366109848,0,0.0173570550978183
0,0.3726898729801178,0,0.250499814748764,0,0.5965816974639893,0,0.7833992838859558
0,0.4388007223606109,0,0.2659330368041992,0,0.6014572381973267,0,0.5625901818275452
0,0.0155141819268465,0,0.000795648782514,0,0.0048967893235385,0,0.000497602042742
0,0.0231851674616336,0,0.0008489757892675,0,0.0996625199913978,0,0.0001787243672879
0,0.0615954771637916,0,0.0604701153934001,0,0.0975705161690712,0,0.00574044091627
0,0.4757901132106781,0,0.2726645767688751,0,0.3859951198101043,0,0.4166924059391022
0,0.0094939516857266,0,0.0093145258724689,0,0.0016322550363838,0,0.003677935572341
0,0.0088836438953876,0,0.0103582292795181,0,0.0012541224714368,0,0.0111950142309069
0,0.0345621481537818,0,0.0127071989700198,0,0.0050937226042151,0,0.0017735199071466
0,0.0942915976047515,0,0.0267318841069936,0,0.0161130614578723,0,0.0002906836161855
0,0.1144874095916748,0,0.0534872263669967,0,0.0302957184612751,0,0.0141814686357975
0,0.083444096148014,0,0.1230730339884758,0,0.0824211239814758,0,0.0052510248497128
0,0.0302834063768386,0,0.0087720034644007,0,0.0012014546664431,0,0.0027334224432706
0,0.0028122491203248,0,0.0016969959251582,0,0.0004685162566602,0,0.0006871497607789
0,0.0227072201669216,0,0.0018754757475107,0,0.0027421475388109,0,8.202462049666792e-05
0,0.0097355432808399,0,0.0310776624828577,0,0.0010142114479094,0,0.0029980253893882
0,0.0315264128148555,0,0.0092391641810536,0,0.002434967784211,0,0.0123843792825937
0,0.5409227609634399,0,0.0594919472932815,0,0.013331800699234,0,0.0247145742177963
0,0.0106872264295816,0,0.0011018309742212,0,0.0015751851024106,0,0.0013034758158028
0,0.0189661234617233,0,0.0017611015355214,0,0.001181851956062,0,0.001459568971768
0,0.5316520929336548,0,0.0348936803638935,0,0.0165250990539789,0,0.033702939748764
0,0.3564661145210266,0,0.150719866156578,0,0.3676061630249023,0,0.4212114810943603
0,0.4419040083885193,0,0.2762120068073272,0,0.1583821922540664,0,0.5893445611000061
0,0.1425289064645767,0,0.0133144566789269,0,0.1081703975796699,0,0.0466846190392971
0,0.017792860046029,0,0.0033081246074289,0,0.0016206084983423,0,0.0043779863044619
0,0.3038146793842315,0,0.0206376314163208,0,0.0323630385100841,0,0.0655298978090286
0,0.0444920435547828,0,0.010727634653449,0,0.017204325646162,0,0.0050782081671059
0,0.1907117068767547,0,0.1766357868909835,0,0.2087808698415756,0,0.1552557796239853
0,0.0268355328589677,0,0.0021709855645895,0,0.0021026274189352,0,0.0002216836001025
0,0.2034019082784652,0,0.0225553419440984,0,0.0813629925251007,0,0.0045420262031257
1,0.6617355942726135,1,0.4289881587028503,1,0.3598271906375885,1,0.7061487436294556
1,0.0637983903288841,1,0.0573960877954959,1,0.3028852343559265,1,0.0906063392758369
1,0.6264491081237793,1,0.7728785276412964,1,0.8033337593078613,1,0.880897581577301
1,0.7085023522377014,1,0.3659000396728515,1,0.5735664367675781,1,0.8954910039901733
1,0.7535731196403503,1,0.6754578351974487,1,0.6708858013153076,1,0.786422848701477
1,0.410615861415863,1,0.1796291619539261,1,0.1759183257818222,1,0.1868918240070343
1,0.2932730913162231,1,0.1071792617440223,1,0.1320212483406067,1,0.075718268752098
1,0.5648863315582275,1,0.2075725495815277,1,0.2847546339035034,1,0.3490535318851471
1,0.0765126571059227,1,0.0193289369344711,1,0.1884179562330246,1,0.0484195314347744
1,0.1690167933702469,1,0.0438983365893363,1,0.3048249185085296,1,0.0501541197299957
1,0.2914071977138519,1,0.1326629668474197,1,0.4006680250167846,1,0.1465041637420654
1,0.6406636834144592,1,0.3978680074214935,1,0.4684306383132934,1,0.5625777244567871
1,0.6245504021644592,1,0.4551433026790619,1,0.6882057785987854,1,0.2705040574073791
1,0.0536784790456295,1,0.0315294042229652,1,0.0228530745953321,1,0.0164559017866849
1,0.792288064956665,1,0.7316223382949829,1,0.7377062439918518,1,0.4695390462875366
1,0.8829348683357239,1,0.8994535803794861,1,0.9372586011886596,1,0.8142373561859131
1,0.6026090383529663,1,0.2257845103740692,1,0.0869612842798233,1,0.4686258435249328
1,0.733595073223114,1,0.0571915842592716,1,0.0870222076773643,1,0.4357339143753052
1,0.0433305203914642,1,0.0006050711381249,1,0.0008855120977386,1,0.0003475206904113
1,0.8326628804206848,1,0.5600047707557678,1,0.6809462904930115,1,0.6567788124084473
1,0.5109125971794128,1,0.6011272072792053,1,0.5373219847679138,1,0.729526937007904
0,0.0232337098568677,0,0.0063983560539782,0,0.1240536049008369,0,0.0071341334842145
0,0.0205898527055978,0,0.0031050827819854,0,0.0020605244208127,0,0.0019400174496695
0,0.0405808575451374,0,0.0225601606070995,0,0.051559492945671,0,0.0011169261997565
0,0.0674189701676368,0,0.0157532580196857,0,0.0152284922078251,0,0.0015542226610705
0,0.0139738647267222,0,0.0008126910543069,0,0.0176315177232027,0,0.0009051265660673
0,0.0500785186886787,0,0.0070907124318182,0,0.0145056508481502,0,0.0011490226024761
0,0.080572210252285,0,0.0483832731842994,0,0.0345905609428882,0,0.2534278035163879
0,0.1441424489021301,0,0.0375489480793476,0,0.0385868735611438,0,0.1354789137840271
0,0.0248829126358032,0,0.0044230162166059,0,0.1087256669998169,0,0.0011212026001885
0,0.1996772587299347,0,0.3872897028923034,0,0.371106743812561,0,0.7337321043014526
0,0.0872542783617973,0,0.0067945448681712,0,0.0170742720365524,0,0.0221000649034976
0,0.1273979246616363,0,0.0092581314966082,0,0.0093734031543135,0,0.080414094030857
0,0.0690927132964134,0,0.0431828796863555,0,0.0069679482840001,0,0.1133051291108131
0,0.0349514298141002,0,0.0175904091447591,0,0.0103221647441387,0,0.2266985923051834
0,0.622494637966156,0,0.6419170498847961,0,0.2135151475667953,0,0.4917389452457428
0,0.5997403860092163,0,0.5985234975814819,0,0.4994974434375763,0,0.5019113421440125
0,0.7426156997680664,0,0.5963214039802551,0,0.5671797394752502,0,0.678205668926239
0,0.8285683989524841,0,0.5443956851959229,0,0.7259362936019897,0,0.4484135210514068
0,0.7323753833770752,0,0.4047392308712005,0,0.571631133556366,0,0.4576504230499267
0,0.4060616195201874,0,0.2935255467891693,0,0.3906730413436889,0,0.082108087837696
0,0.3240320682525635,0,0.0542322769761085,0,0.1575851440429687,0,0.0324261263012886
0,0.0674133896827697,0,0.0470628067851066,0,0.0345186591148376,0,0.0487955138087272
0,0.0606459304690361,0,0.0074628754518926,0,0.0095140868797898,0,0.0328224226832389
0,0.3880722224712372,0,0.2711772918701172,0,0.4376607239246368,0,0.1084171310067176
0,0.2461182624101638,0,0.0338760130107402,0,0.1239231377840042,0,0.0394938848912715
0,0.0819945186376571,0,0.0176503900438547,0,0.0182866640388965,0,0.0376029834151268
0,0.0753267183899879,0,0.0642872303724289,0,0.0906211733818054,0,0.0530273355543613
0,0.1035630106925964,0,0.0129048833623528,0,0.0245059393346309,0,0.0664015188813209
0,0.0957439020276069,0,0.0180160999298095,0,0.0174119789153337,0,0.000404549005907
0,0.0627893209457397,0,0.0208140388131141,0,0.0342057272791862,0,0.0109400665387511
0,0.0605287812650203,0,0.0186907164752483,0,0.0207590963691473,0,0.0081209857016801
0,0.0503287725150585,0,0.0115929683670401,0,0.0338812544941902,0,0.0069171502254903
0,0.1195083707571029,0,0.0625804513692855,0,0.0435329638421535,0,0.044467095285654
0,0.639337420463562,0,0.385604053735733,0,0.3736627399921417,0,0.574798583984375
0,0.6851598620414734,0,0.4527820646762848,0,0.4581348299980163,0,0.6391220092773438
0,0.0557876266539096,0,0.0459869168698787,0,0.0567746423184871,0,0.0291486512869596
0,0.0416325591504573,0,0.0365433432161808,0,0.0487716980278492,0,0.0074758669361472
0,0.0012693541357293,0,0.0009653078159317,0,0.0009462955058552,0,0.0006170230917632
0,0.0047707534395158,0,0.0005914149223826,0,0.0001707932824501,0,9.765457070898265e-05
0,0.0016587085556238,0,0.0137558858841657,0,0.0021801714319735,0,0.002063802909106
0,0.0332071557641029,0,0.0083871250972151,0,0.0243026260286569,0,0.0033241808414459
0,0.0017396218609064,0,0.0008365059038624,0,0.0013146231649443,0,0.0012470685178413
0,0.003747155657038,0,0.1341447383165359,0,0.0056451866403222,0,0.004077901598066
0,0.0075498521327972,0,0.000693499634508,0,0.0001908748381538,0,0.0004631188930943
0,0.0023491671308875,0,0.0071978997439146,0,0.0009350293548777,0,0.0009840909624472
0,0.0065608792938292,0,0.0012753184419125,0,0.0048869266174733,0,0.00209884904325
0,0.0016109783900901,0,0.0010537062771618,0,0.0013873990392312,0,0.0011686884099617
0,0.7105792760848999,0,0.4651955366134643,0,0.4961060881614685,0,0.6320513486862183
0,0.0428060144186019,0,0.0007921102805994,0,0.0012548309750854,0,0.0001125511189457
0,0.4872779548168182,0,0.3293106853961944,0,0.3942854702472687,0,0.6059049367904663
0,0.0350811444222927,0,0.0011358794290572,0,0.0005990503705106,0,5.014516136725433e-05
0,0.7564831376075745,0,0.1990126818418502,0,0.4107382297515869,0,0.5694369673728943
0,0.7912500500679016,0,0.6254615783691406,0,0.5640703439712524,0,0.6960952281951904
0,0.7368670701980591,0,0.6482951641082764,0,0.8356910943984985,0,0.6324136853218079
0,0.0593917332589626,0,0.072903111577034,0,0.1563276797533035,0,0.2699735462665558
0,0.0550027750432491,0,0.177910566329956,0,0.2242089658975601,0,0.0015379918040707
0,0.0586669258773326,0,0.0410342775285244,0,0.2098922580480575,0,0.003458856139332
0,0.6517839431762695,0,0.5174696445465088,0,0.5777714252471924,0,0.4621222615242004
0,0.0126108564436435,0,0.0019752655643969,0,0.0115092825144529,0,0.0001708871131995
0,0.0041674175299704,0,0.0017882789252325,0,0.0001410778786521,0,0.0040382770821452
0,0.0857079923152923,0,0.0213898532092571,0,0.009721165522933,0,0.0071084932424128
0,0.0415714792907238,0,0.0307093299925327,0,0.004351507872343,0,0.0068595954217016
0,0.019985469058156,0,0.068206287920475,0,0.0093422969803214,0,0.0065062725916504
0,0.0106291929259896,0,0.0705992430448532,0,0.0016889433609321,0,0.001202535466291
0,0.0765348747372627,0,0.005119826644659,0,0.0345201045274734,0,0.0018213496077805
0,0.2038821280002594,0,0.0055383970029652,0,0.054738238453865,0,0.0183444488793611
0,0.7283532619476318,0,0.1858512014150619,0,0.6656981706619263,0,0.2405689656734466
0,0.0450599640607833,0,0.0566209591925144,0,0.0558754354715347,0,0.0454039871692657
0,0.0559777021408081,0,0.0345187559723854,0,0.2332043647766113,0,0.0077006006613373
0,0.0096355723217129,0,0.0090814577415585,0,0.0106879621744155,0,0.0179471224546432
0,0.5629328489303589,0,0.4361979365348816,0,0.3331907093524933,0,0.0964032933115959
0,0.4722293317317962,0,0.3279621601104736,0,0.2187476009130478,0,0.2478947043418884
0,0.6490413546562195,0,0.5231874585151672,0,0.2900591194629669,0,0.4216988086700439
0,0.7082758545875549,0,0.3857554495334625,0,0.1815402954816818,0,0.3001496493816376
0,0.3637413680553436,0,0.1035011485219001,0,0.2303186506032943,0,0.5619359016418457
0,0.3028057515621185,0,0.1425158828496933,0,0.4519068300724029,0,0.1909057348966598
0,0.5733901858329773,0,0.2976458072662353,0,0.4457386434078216,0,0.1974304467439651
0,0.6776499152183533,0,0.3598417341709137,0,0.6020496487617493,0,0.3988382220268249
0,0.4252296686172485,0,0.0167818311601877,0,0.1270561516284942,0,0.3447537124156952
0,0.3886663019657135,0,0.0731050223112106,0,0.3696039915084839,0,0.0804164782166481
0,0.041595485061407,0,0.0075704245828092,0,0.0145946843549609,0,0.0098537914454936
0,0.0495074316859245,0,0.0064062159508466,0,0.0267839040607213,0,0.0211612563580274
0,0.0376115776598453,0,0.0062668221071362,0,0.01884401217103,0,0.0313323885202407
0,0.0433163717389106,0,0.0164086502045393,0,0.0831256881356239,0,0.0049595758318901
0,0.0272329002618789,0,0.0046616522595286,0,0.068323828279972,0,0.0033652354031801
0,0.0175826717168092,0,0.0031977377366274,0,0.005524109583348,0,0.0004503387608565
0,0.0457104779779911,0,0.0010976953199133,0,0.0028206552378833,0,0.0029832203872501
0,0.1612949073314666,0,0.1641347408294677,0,0.1478016227483749,0,0.1372000873088836
0,0.125900998711586,0,0.0054786507971584,0,0.024210212752223,0,0.0025303263682872
0,0.1224653199315071,0,0.0183825157582759,0,0.0513176992535591,0,0.003701839596033
0,0.073345772922039,0,0.2053925096988678,0,0.0428742729127407,0,0.2070768177509308
0,0.2781637907028198,0,0.1573608666658401,0,0.5474873781204224,0,0.638047456741333
0,0.3466949164867401,0,0.0199305862188339,0,0.0181870851665735,0,0.0284314751625061
0,0.7476533055305481,0,0.5529061555862427,0,0.540602445602417,0,0.6720406413078308
0,0.0660368502140045,0,0.1055386587977409,0,0.0691879913210868,0,0.3118301928043365
0,0.3994240462779999,0,0.0214236862957477,0,0.0238031912595033,0,0.0747455731034278
0,0.7458378076553345,0,0.5453894138336182,0,0.557005763053894,0,0.7036556601524353
0,0.2238419502973556,0,0.1444191038608551,0,0.226914495229721,0,0.3912889659404754
0,0.4066058397293091,0,0.0180648900568485,0,0.0375804714858531,0,0.0630988851189613
0,0.7436257600784302,0,0.5849558711051941,0,0.5377942323684692,0,0.7170052528381348
0,0.1834760308265686,0,0.0702681094408035,0,0.0925458967685699,0,0.0063252435065805
0,0.0248728767037391,0,0.0058447103947401,0,0.0055625396780669,0,0.0063971132040023
0,0.021078921854496,0,0.0066800978966057,0,0.0087537998333573,0,0.0046157329343259
0,0.0106701646000146,0,0.0336903892457485,0,0.0061221541836857,0,0.026172949001193
0,0.0376271642744541,0,0.0034931940026581,0,0.0540377646684646,0,0.0193087328225374
0,0.0606433115899562,0,0.055290300399065,0,0.0527880005538463,0,0.0372163131833076
0,0.0368389338254928,0,0.0662553012371063,0,0.1275519877672195,0,0.1035075411200523
0,0.031745720654726,0,0.043661992996931,0,0.0743049159646034,0,0.0096321869641542
0,0.0385197922587394,0,0.0179586485028266,0,0.0111727928742766,0,0.0219059828668832
0,0.0021808540914207,0,0.0003157949540764,0,5.660665556206368e-05,0,0.0001221129787154
0,0.0076491055078804,0,0.0050381016917526,0,0.0008176717674359,0,0.0451009757816791
0,0.087391696870327,0,0.0334785431623458,0,0.0064178206957876,0,0.0082446904852986
0,0.0317581333220005,0,0.0011811761651188,0,0.0097098611295223,0,0.0029166385065764
0,0.0025349750649183,0,0.0006336080259643,0,9.764722926774994e-05,0,7.948291749926284e-05
0,0.0009572674753144,0,0.0002964357554446,0,1.892419095383957e-05,0,4.152111796429381e-05
0,0.1163819506764411,0,0.1575978994369506,0,0.0172889754176139,0,0.0229253321886062
0,0.0452490821480751,0,0.0024014953523874,0,0.0080684535205364,0,0.0036273167934268
0,0.0048978980630636,0,0.0008831652812659,0,0.0001522959355497,0,0.0002630619565024
0,0.0029820105992257,0,0.0003961040638387,0,2.709828368097078e-05,0,7.735177496215329e-05
0,0.0130487503483891,0,0.0016149877337738,0,0.0008497705566696,0,0.0004622116975951
0,0.0063547031022608,0,0.023604167625308,0,0.0062442407943308,0,0.0948570743203163
0,0.0135014075785875,0,0.0249526873230934,0,0.0018011505017057,0,0.1786916255950927
0,0.0661430805921554,0,0.1760687232017517,0,0.0268468968570232,0,0.0992520973086357
0,0.0463060811161994,0,0.0014492658665403,0,0.0071734781377017,0,0.0009447954362258
0,0.0934869647026062,0,0.0134735610336065,0,0.0407389514148235,0,0.0274024847894907
0,0.261059045791626,0,0.1061066091060638,0,0.517862856388092,0,0.7302790880203247
0,0.0044941431842744,0,0.0029455896001309,0,0.0003850574139505,0,0.0005323190707713
0,0.0111960275098681,0,0.0728782191872596,0,0.0017540339613333,0,3.3441789128119126e-05
0,0.0165961664170026,0,0.008565267547965,0,0.0017244525952264,0,0.0022028929088264
0,0.0115960715338587,0,0.0048581780865788,0,0.0003614481829572,0,0.0013941153883934
0,0.0058318465016782,0,0.0019895627629011,0,0.0002683993952814,0,0.0018152230186387
0,0.1032402068376541,0,0.0097891623154282,0,0.0198121387511491,0,0.0012633325532078
0,0.0067789750173687,0,0.0016761042643338,0,0.0002371359878452,0,0.0241820830851793
0,0.0073887770995497,0,0.0010025621159002,0,8.572995284339413e-05,0,7.337320857914165e-05
0,0.0046431524679064,0,0.0002263061760459,0,0.0001873283181339,0,5.446983050205745e-05
0,0.0106034148484468,0,0.0043797139078378,0,0.0002532971266191,0,0.0004942742525599
0,0.1896362900733947,0,0.0211630538105964,0,0.1516045033931732,0,0.0014579112175852
0,0.8675740361213684,0,0.6501834988594055,0,0.5935999751091003,0,0.6664885878562927
0,0.1573109775781631,0,0.0679972991347312,0,0.1068673506379127,0,0.1853888779878616
0,0.0494826287031173,0,0.0465844422578811,0,0.0035765164066106,0,0.0577000528573989
0,0.1352317482233047,0,0.0624847449362278,0,0.1014151945710182,0,0.129359483718872
0,0.2072376310825348,0,0.1675616949796676,0,0.0491157323122024,0,0.0139014245942235
0,0.0319968648254871,0,0.0021294357720762,0,0.00127187022008,0,0.0001519534562248
0,0.1160872802138328,0,0.0299154631793499,0,0.0493941158056259,0,0.0593539588153362
0,0.0169468969106674,0,0.00045644925558,0,0.0018283440731465,0,0.0002604045730549
0,0.1207394748926162,0,0.008806562051177,0,0.0422301702201366,0,0.01324930973351
0,0.1414834856986999,0,0.2340700179338455,0,0.0505520552396774,0,0.0150674898177385
0,0.1395939141511917,0,0.2787427008152008,0,0.0448292270302772,0,0.0314782857894897
0,0.1145513728260994,0,0.0263193640857934,0,0.0697919875383377,0,0.0288923606276512
0,0.1800922155380249,0,0.2566178143024444,0,0.0256945826113224,0,0.05420508608222
0,0.1158806383609771,0,0.0037325269076973,0,0.1154798790812492,0,0.0257455799728631
0,0.0800812616944313,0,0.0075460374355316,0,0.0216113440692424,0,0.0168692301958799
0,0.0507216081023216,0,0.0399396754801273,0,0.0095061911270022,0,0.0158408638089895
0,0.0675478130578994,0,0.0337958261370658,0,0.0027546118944883,0,0.0115534821525216
0,0.1285210102796554,0,0.0899180993437767,0,0.0221978481858968,0,0.0160985309630632
0,0.127914622426033,0,0.0120414914563298,0,0.339152067899704,0,0.1606869995594024
0,0.3730300962924957,0,0.1152466759085655,0,0.4514092803001404,0,0.0295873116701841
0,0.0078790988773107,0,0.0137576190754771,0,0.1604203879833221,0,0.0693254917860031
0,0.4247485995292663,0,0.0102162323892116,0,0.0201986413449049,0,0.0013162561226636
0,0.8352039456367493,0,0.6489658355712891,0,0.781672477722168,0,0.634165346622467
0,0.0276308078318834,0,0.0158294942229986,0,0.0038476174231618,0,0.0057474309578537
0,0.3616394698619842,0,0.1117344051599502,0,0.1295140087604522,0,0.0921709612011909
0,0.0915392860770225,0,0.0656579360365867,0,0.0253134630620479,0,0.186491847038269
0,0.0288694445043802,0,0.0203891154378652,0,0.005060504656285,0,0.0018447390757501
0,0.0322876498103141,0,0.049891110509634,0,0.0022048349492251,0,0.0104050925001502
0,0.0054084537550807,0,0.000439340743469,0,0.0087801413610577,0,0.0002359681675443
0,0.790679395198822,0,0.7301393747329712,0,0.7398757934570312,0,0.8383592963218689
0,0.7797433733940125,0,0.6246452927589417,0,0.5857340693473816,0,0.752208411693573
0,0.6019951105117798,0,0.4205385148525238,0,0.6135061979293823,0,0.8824630975723267
0,0.0077720675617456,0,0.0011938450625166,0,0.0005762592772953,0,0.0001640533737372
0,0.5167831182479858,0,0.0503467805683612,0,0.3955133259296417,0,0.01380873657763
0,0.2739429771900177,0,0.2990162372589111,0,0.6384649872779846,0,0.0809762105345726
0,0.6855100989341736,0,0.433029443025589,0,0.7067829370498657,0,0.430430918931961
0,0.8100582957267761,0,0.5602895021438599,0,0.6570452451705933,0,0.13566854596138
0,0.0481345988810062,0,0.0493510887026786,0,0.0131807290017604,0,0.0247814990580081
0,0.0454495474696159,0,0.0013437855523079,0,0.0224631000310182,0,0.0017059668898582
0,0.0527659729123115,0,0.0747462436556816,0,0.0022240479011088,0,0.0032222743611782
0,0.0288442205637693,0,0.0039458791725337,0,0.0084531297907233,0,0.0009851936483755
0,0.0385537445545196,0,0.0044423802755773,0,0.0106613794341683,0,0.0005813764291815
0,0.0375011637806892,0,0.0037522541824728,0,0.0097718080505728,0,0.0005446979776024
0,0.1216887608170509,0,0.0027659498155117,0,0.0047386554069817,0,0.0008688473026268
0,0.6555234789848328,0,0.509498119354248,0,0.5845160484313965,0,0.1544662415981292
0,0.5828652381896973,0,0.2708371579647064,0,0.1760855913162231,0,0.220825046300888
0,0.4013206362724304,0,0.2815785706043243,0,0.2162850797176361,0,0.3265911042690277
0,0.1551356166601181,0,0.1722370386123657,0,0.1151735931634903,0,0.105930782854557
0,0.7122365236282349,0,0.0677226856350898,0,0.1729643642902374,0,0.0981963351368904
0,0.7616891860961914,0,0.0684065446257591,0,0.2602993845939636,0,0.0759085342288017
0,0.6373517513275146,0,0.438337504863739,0,0.1929674744606018,0,0.0217528883367776
0,0.1002891212701797,0,0.0285534877330064,0,0.0014350290875881,0,0.0107013070955872
0,0.7159452438354492,0,0.3875603377819061,0,0.5269015431404114,0,0.6808181405067444
0,0.0310375150293111,0,0.0718013420701026,0,0.08975101262331,0,0.0034982352517545
0,0.7193257212638855,0,0.463135689496994,0,0.6074338555335999,0,0.7085251212120056
0,0.1925384402275085,0,0.0016328045167028,0,0.0157397110015153,0,0.0004917811602354
0,0.0009971077088266,0,0.0005850919405929,0,0.0002376427437411,0,4.143718251725659e-05
0,0.0059294640086591,0,0.0003081314789596,0,0.0006685790722258,0,0.0002143705933121
0,0.002664107363671,0,0.0007235255325213,0,0.0004445932572707,0,0.0009333618218079
0,0.0011087191523984,0,0.0009054581751115,0,0.0006820535636506,0,0.0002222921175416
0,0.0063277916051447,0,0.0076304450631141,0,0.0056803049519658,0,9.278157813241704e-05
0,0.0031235862988978,0,0.0006149529945105,0,0.0005157029954716,0,0.0039013507775962
0,0.0011237533763051,0,0.0010556967463344,0,0.0007609914755448,0,0.0002336868783459
0,0.0028520810883492,0,0.0004085524415131,0,0.0002719419135246,0,0.0001172320480691
0,0.168875589966774,0,0.276352047920227,0,0.0319713205099105,0,0.0294992178678512
0,0.0338813439011573,0,0.0263784900307655,0,0.3000659942626953,0,0.183859571814537
0,0.0392584167420864,0,0.0346807688474655,0,0.138538509607315,0,0.3313440978527069
0,0.3157051503658294,0,0.5471018552780151,0,0.2242382615804672,0,0.5777274370193481
0,0.0078469514846801,0,0.0002065110747935,0,0.0001482226798543,0,0.0001229982299264
0,0.0059993686154484,0,0.000653690949548,0,0.0009833051590248,0,0.003786162706092
0,0.0100962752476334,0,0.0009987311204895,0,0.0015083445468917,0,0.0005734580918215
0,0.0022866760846227,0,0.0094633512198925,0,0.0001151018295786,0,0.0001264088641619
0,0.0018231198191642,0,0.0525110326707363,0,0.000228977529332,0,0.0116174668073654
0,0.0747042447328567,0,0.0010946670081466,0,0.0083822645246982,0,0.0017412165179848
0,0.0943745225667953,0,0.4035664200782776,0,0.0450389795005321,0,0.1517676413059234
0,0.0302411299198865,0,0.0413176231086254,0,0.0020055491477251,0,0.0195286963135004
0,0.1012274920940399,0,0.0013454989530146,0,0.0025630763266235,0,0.0003565184597391
0,0.0466421730816364,0,0.0003645349934231,0,0.0041304025799036,0,3.088064113399014e-05
0,0.0580337829887867,0,0.3392143547534942,0,0.0230354946106672,0,0.168256938457489
0,0.1494789123535156,0,0.019412962719798,0,0.0402678661048412,0,0.0088003585115075
0,0.1189251914620399,0,0.0054899174720048,0,0.0686820149421691,0,0.0030956165865063
0,0.2936839759349823,0,0.0155899748206138,0,0.0626156255602836,0,0.0004221725102979
0,0.0012759051751345,0,0.0008195915143005,0,0.0044953315518796,0,0.0005053313216194
0,0.0012804112629964,0,0.0014823949895799,0,0.0034575697500258,0,6.237537309061736e-05
0,0.0011047712760046,0,0.0006556266453117,0,0.0051489304751157,0,0.0003738173400051
0,0.2011908292770385,0,0.1074805334210395,0,0.0969268232583999,0,0.4426246881484985
0,0.1822707951068878,0,0.116885207593441,0,0.1049518138170242,0,0.0639616400003433
0,0.0173669401556253,0,0.0047281221486628,0,0.0006539118476212,0,0.0017054406926035
0,0.0067244702950119,0,0.0036734566092491,0,0.000677561503835,0,6.215502799022943e-05
0,0.0074124275706708,0,0.0007871403358876,0,0.0008571077487431,0,0.0003755975340027
0,0.0191298685967922,0,0.0157116856426,0,0.0011715267319232,0,0.0004424718499649
0,0.014646915718913,0,0.0098896883428096,0,0.0029565573204308,0,0.0002821900707203
0,0.0171009972691535,0,0.0048689232207834,0,0.0013238750398159,0,0.0026985402218997
0,0.0053400839678943,0,0.0002671023539733,0,0.0004845975199714,0,0.0003192952135577
0,0.0166655164211988,0,0.0173295065760612,0,0.0017857814673334,0,0.0032141050323843
0,0.0103067783638834,0,0.001970745390281,0,0.0011111218482255,0,0.0003941250615753
0,0.102381981909275,0,0.032068058848381,0,0.1706177294254303,0,0.0339338891208171
0,0.0030583385378122,0,0.0017470072489231,0,0.0012032944941893,0,0.0004271671641618
0,0.0195098146796226,0,0.0071630328893661,0,0.0011182735906913,0,0.0044037089683115
0,0.0085071995854377,0,0.0012423788430169,0,0.00097151636146,0,0.0004832599952351
0,0.0196769665926694,0,0.0169363841414451,0,0.001752094598487,0,0.0019855760037899
0,0.108047217130661,0,0.0292469747364521,0,0.2197794765233993,0,0.0858906805515289
0,0.003022352932021,0,0.0022474259603768,0,0.0018594602588564,0,0.0003207297413609
0,0.0059184203855693,0,0.0039326529949903,0,7.295862451428548e-05,0,0.0006245634867809
0,0.0132131511345505,0,0.0006897900020703,0,0.000793959479779,0,0.0007568301516585
0,0.1361212730407714,0,0.0302876811474561,0,0.0200166869908571,0,0.0424263402819633
0,0.0568738915026187,0,0.0123487953096628,0,0.005136854480952,0,0.0051520117558538
0,0.0644748508930206,0,0.0006530134705826,0,0.0034969905391335,0,2.4151733668986708e-05
0,0.0280304215848445,0,0.0041722268797457,0,0.0017804921371862,0,0.0002818354405462
0,0.4178082048892975,0,0.1443983316421508,0,0.0967863798141479,0,0.0732544362545013
0,0.4310817718505859,0,0.0754735916852951,0,0.1263392269611358,0,0.0174056906253099
0,0.0153477843850851,0,0.0193042680621147,0,0.0346370562911033,0,0.0909417793154716
0,0.0563315823674202,0,0.1150067895650863,0,0.0641375035047531,0,0.0046377698890864
0,0.1064536944031715,0,0.0961518511176109,0,0.0174813624471426,0,0.0499337837100029
0,0.1552334278821945,0,0.0233218166977167,0,0.1507239043712616,0,0.349915862083435
0,0.0219655446708202,0,0.0017294965218752,0,0.0284133926033973,0,0.0138275595381855
0,0.1208295822143554,0,0.0697640851140022,0,0.0115499859675765,0,0.017693243920803
0,0.0560378693044185,0,0.0997823700308799,0,0.0086236028000712,0,0.0844400227069854
0,0.0812676921486854,0,0.2523981630802154,0,0.3157849609851837,0,0.0141030075028538
0,0.169716864824295,0,0.09494099766016,0,0.0298562813550233,0,0.2569576203823089
0,0.2823195159435272,0,0.1148202791810035,0,0.3647443950176239,0,0.0455610752105712
0,0.1813374012708664,0,0.0816671177744865,0,0.304872989654541,0,0.0101235955953598
0,0.0258777178823947,0,0.0064644333906471,0,0.0649189129471778,0,0.0139843933284282
0,0.1684909611940384,0,0.0724865719676017,0,0.0114460159093141,0,0.0557664781808853
0,0.0023446576669812,0,0.0035112432669848,0,0.0010042350040748,0,0.0002268970711156
0,0.0044512986205518,0,0.0033129451330751,0,0.0033198534511029,0,0.0001702666049823
0,0.0054351133294403,0,0.0085220653563737,0,0.0030790003947913,0,0.0006417664699256
0,0.2915061414241791,0,0.0487076938152313,0,0.3507328033447265,0,0.0251530371606349
0,0.0697676539421081,0,0.0098845679312944,0,0.0279534962028265,0,0.0074328742921352
1,0.4157711863517761,1,0.0884179174900055,1,0.2513480186462402,1,0.1813199371099472
1,0.7277246713638306,1,0.0248701479285955,1,0.0482787899672985,1,0.0084188384935259
1,0.4072834551334381,1,0.4691957533359527,1,0.2066695541143417,1,0.0365052670240402
1,0.8072477579116821,1,0.4243486821651459,1,0.6425151228904724,1,0.3102916777133941
1,0.7031794190406799,1,0.2901232838630676,1,0.3285041749477386,1,0.0308002848178148
1,0.4508285224437713,1,0.0333974920213222,1,0.1888192296028137,1,0.2198097705841064
1,0.1189853101968765,1,0.0447369664907455,1,0.0109280683100223,1,0.0293403305113315
1,0.1888584494590759,1,0.0759697332978248,1,0.0177776254713535,1,0.0557590909302234
1,0.5047382116317749,1,0.198441594839096,1,0.0266003180295228,1,0.1201957166194915
1,0.8445045948028564,1,0.630295991897583,1,0.6196718215942383,1,0.2196145057678222
1,0.8091995120048523,1,0.6661065220832825,1,0.8435695171356201,1,0.8020111322402954
1,0.7842199802398682,1,0.741588830947876,1,0.9005927443504333,1,0.8989219069480896
1,0.4940492808818817,1,0.0238547194749116,1,0.359244704246521,1,0.7604484558105469
1,0.4803155958652496,1,0.0085885096341371,1,0.0634759590029716,1,0.3629308044910431
1,0.5565910935401917,1,0.0190854147076606,1,0.3821507394313812,1,0.8500324487686157
0,0.0208710767328739,0,0.0161439031362533,0,0.0028728886973112,0,0.003265151521191
0,0.0182557515799999,0,0.0058144382201135,0,0.0130236893892288,0,0.0003581244382075
0,0.8002939820289612,0,0.5549542307853699,0,0.8211880922317505,0,0.4752636551856994
0,0.000911358569283,0,0.0015376865630969,0,0.0021712211892008,0,0.0006499453447759
0,0.2391049861907959,0,0.1151989176869392,0,0.1931133270263672,0,0.0249777138233184
0,0.7148746848106384,0,0.4875980615615845,0,0.5296308994293213,0,0.4305668771266937
0,0.2703369557857513,0,0.0525029934942722,0,0.0588618069887161,0,0.0302389580756425
0,0.7635550498962402,0,0.7192274928092957,0,0.7455129027366638,0,0.6510449051856995
0,0.6839682459831238,0,0.6347132921218872,0,0.6952924132347107,0,0.6132689714431763
0,0.1506455689668655,0,0.0335022322833538,0,0.0397079661488533,0,0.0354140624403953
0,0.0754135251045227,0,0.0585092566907405,0,0.1938417106866836,0,0.1510862112045288
0,0.8517031073570251,0,0.6994158625602722,0,0.6969058513641357,0,0.7243583798408508
0,0.6607068181037903,0,0.5424433946609497,0,0.4819101393222809,0,0.6459991335868835
0,0.0159922689199447,0,0.0003028079227078,0,0.0005261497572064,0,0.0001213404975715
0,0.0060528181493282,0,0.0011103372089564,0,0.0032711660023778,0,9.779417450772598e-05
0,0.0055246176198124,0,0.0008946424350142,0,0.0007898773183114,0,4.208989776088856e-05
0,0.012096487917006,0,0.0092589193955063,0,0.0060685966163873,0,0.0002097402466461
0,0.0572271235287189,0,0.0087885335087776,0,0.0033699369523674,0,0.0010336451232433
0,0.0324063338339328,0,0.0138778276741504,0,0.0033303953241556,0,0.0009227646514773
0,0.2230347990989685,0,0.0054334020242094,0,0.0662505254149437,0,0.0005348414415493
0,0.2804780304431915,0,0.0237096361815929,0,0.5218839645385742,0,0.003878700081259
0,0.0043337442912161,0,0.001115167280659,0,0.0002742409415077,0,0.0002719045733101
0,0.1918329298496246,0,0.0073759574443101,0,0.0624229684472084,0,0.000586743641179
0,0.0268351212143898,0,0.0044568488374352,0,0.0021352292969822,0,0.0018941261805593
0,0.106433980166912,0,0.0272977408021688,0,0.0221202038228511,0,0.0073632844723761
0,0.2187190502882003,0,0.0080059887841343,0,0.0576665662229061,0,0.000309969735099
0,0.1805059760808944,0,0.0214195977896451,0,0.4823346436023712,0,0.0069668823853135
0,0.1571109294891357,0,0.0377011485397815,0,0.0156888719648122,0,0.0016326018376275
0,0.0122521826997399,0,0.0016255056252703,0,0.0185089837759733,0,8.810694271232933e-05
0,0.1487331539392471,0,0.0398721434175968,0,0.0239013191312551,0,0.0020460276864469
0,0.0113905556499958,0,0.001697085564956,0,0.0093037961050868,0,8.76586782396771e-05
0,0.0117496494203805,0,0.0011875779600813,0,0.0182031393051147,0,9.904953913064674e-05
0,0.0953955948352813,0,0.0975860282778739,0,0.1317665576934814,0,0.0040771528147161
0,0.071235716342926,0,0.0121793979778885,0,0.0053609232418239,0,0.0156707018613815
0,0.0339053645730018,0,0.0056438026949763,0,0.0021456063259392,0,0.0009396416717208
0,0.0224027950316667,0,0.0048377797938883,0,0.0003494677366688,0,0.000251171470154
0,0.184657022356987,0,0.0615897588431835,0,0.2247508019208908,0,0.1834251284599304
0,0.0887434482574462,0,0.0265359729528427,0,0.0340675860643386,0,0.4069778025150299
0,0.7079589366912842,0,0.479291558265686,0,0.6204341053962708,0,0.7013052105903625
0,0.0082541313022375,0,0.0581346787512302,0,0.0062346616759896,0,2.3412163500324823e-05
0,0.0118042007088661,0,0.0020711973775178,0,0.0035931314341723,0,0.0253411866724491
0,0.0953479036688804,0,0.0268042236566543,0,0.0102538662031292,0,0.030823353677988
0,0.0169870220124721,0,0.0016444462817162,0,0.0036369645968079,0,0.0293100457638502
0,0.0666387751698494,0,0.0229739975184202,0,0.0274918582290411,0,0.0043334416113793
0,0.0392884537577629,0,0.0035852189175784,0,0.0090856337919831,0,0.0076352055184543
0,0.0049009849317371,0,0.0420804731547832,0,0.0002555406535975,0,0.014918740838766
0,0.0391050167381763,0,0.0052532465197145,0,0.0051064831204712,0,0.0053249388001859
0,0.5521095395088196,0,0.0612773261964321,0,0.3388772904872894,0,0.0096429055556654
0,0.0346736907958984,0,0.0052499058656394,0,0.0093517638742923,0,0.009690604172647
0,0.5898759961128235,0,0.024699768051505,0,0.4140756130218506,0,0.0071716443635523
0,0.5001105070114136,0,0.2344562411308288,0,0.1887190043926239,0,0.3068148791790008
0,0.8164629936218262,0,0.3376160264015198,0,0.4680651724338531,0,0.6154870390892029
0,0.7911064028739929,0,0.7234374284744263,0,0.8438501358032227,0,0.9059340953826904
0,0.8431322574615479,0,0.3540101647377014,0,0.4584660232067108,0,0.5963752865791321
0,0.1017086878418922,0,0.0098444363102316,0,0.0081108212471008,0,0.0060720117762684
0,0.0470785051584243,0,0.0037380312569439,0,0.0072748828679323,0,0.0075013204477727
0,0.0530772544443607,0,0.0038320794701576,0,0.0037748164031654,0,0.0009538070880807
0,0.0075794830918312,0,0.0002632912655826,0,0.0060291830450296,0,6.975892029004171e-05
0,0.4334034025669098,0,0.0959847867488861,0,0.3368436694145202,0,0.0742894858121872
0,0.5913100242614746,0,0.2373386621475219,0,0.5282422304153442,0,0.1460541635751724
0,0.5885377526283264,0,0.2738619148731231,0,0.5450507998466492,0,0.1142926886677742
0,0.2345814406871795,0,0.002064669271931,0,0.0021747932769358,0,0.0086144562810659
0,0.1132500246167182,0,0.1014957651495933,0,0.0420571416616439,0,0.75278240442276
0,0.5624021887779236,0,0.7257587909698486,0,0.1666348427534103,0,0.1163198798894882
0,0.427632212638855,0,0.1048604622483253,0,0.3634490668773651,0,0.197842851281166
0,0.5612771511077881,0,0.1149394810199737,0,0.3210417330265045,0,0.1090374514460563
0,0.4142824709415436,0,0.1374734044075012,0,0.316397488117218,0,0.1802931278944015
0,0.0012403192231431,0,0.0014997598482295,0,0.0007422757917083,0,1.826538937166333e-05
0,0.002344328444451,0,0.0003196856705471,0,0.0011919548269361,0,0.0092780012637376
0,0.0210539158433675,0,0.003517708973959,0,0.0037933920975774,0,0.0052088047377765
0,0.0279179140925407,0,0.0028001654427498,0,0.0048348512500524,0,0.003077452071011
0,0.0034113260917365,0,0.00862542912364,0,0.0288108065724372,0,0.001043391530402
0,0.1069023832678794,0,0.0405747033655643,0,0.0056847990490496,0,0.0018734477926045
0,0.0295194964855909,0,0.0028956625610589,0,0.0011267536319792,0,0.0192071795463562
0,0.0975310131907463,0,0.0494599789381027,0,0.0063289431855082,0,0.0037575322203338
0,0.1142317429184913,0,0.0810817778110504,0,0.0056909909471869,0,0.0004646856395993
0,0.0174130164086818,0,0.0027053065132349,0,0.0002034516073763,0,0.0009476768318563
0,0.0196142047643661,0,0.0116064548492431,0,0.0004751172964461,0,0.0101320575922727
0,0.0927828401327133,0,0.3001380860805511,0,0.42392697930336,0,0.0845557004213333
0,0.0549328923225402,0,0.2272676676511764,0,0.2994617521762848,0,0.0234479736536741
0,0.071412369608879,0,0.2695010304450989,0,0.3709023594856262,0,0.0137920761480927
0,0.0615030452609062,0,0.0038451221771538,0,0.0017689224332571,0,0.0015214905142784
0,0.4778599739074707,0,0.1030863672494888,0,0.0180660653859376,0,0.1106458827853202
0,0.078682966530323,0,0.0058072959072887,0,0.0051724328659474,0,0.002011909848079
0,0.0262095797806978,0,0.0002521292772144,0,0.004011592362076,0,1.577735565660987e-05
0,0.0299518648535013,0,0.0004829617973882,0,0.0170862060040235,0,6.912025855854154e-05
0,0.0386147163808345,0,0.0005148923373781,0,0.0126490145921707,0,0.0002292823046445
0,0.0913331806659698,0,0.0029088130686432,0,0.0171047318726778,0,0.0004619172541424
0,0.0138968890532851,0,0.0004445316153578,0,0.0110468622297048,0,0.0003970974357798
0,0.0042625251226127,0,0.0006501160096377,0,0.0035096651408821,0,9.701386443339288e-05
0,0.0036989317741245,0,0.0006435331888496,0,0.0041929897852241,0,0.0001016625974443
0,0.0268249828368425,0,0.0133460462093353,0,0.0015681567601859,0,0.0037879198789596
0,0.0431981906294822,0,0.0204708687961101,0,0.0016636296641081,0,0.0087206587195396
0,0.0764680877327919,0,0.0118646696209907,0,0.0761897042393684,0,0.0590185932815074
0,0.0792734324932098,0,0.0089199999347329,0,0.0790757834911346,0,0.0497916974127292
0,0.0307989604771137,0,0.0011656027054414,0,0.0069734868593513,0,0.0040793563239276
0,0.0697566866874694,0,0.0028854140546172,0,0.0033118717838078,0,8.072909986367449e-05
0,0.3050925135612488,0,0.1329977363348007,0,0.1795060485601425,0,0.1087845489382743
0,0.3784741163253784,0,0.1653354316949844,0,0.1768461167812347,0,0.1737730503082275
0,0.3264445662498474,0,0.1445351839065551,0,0.2217321991920471,0,0.0556565038859844
0,0.0153467766940593,0,0.0081451507285237,0,0.0110026225447654,0,0.0048631899990141
0,0.2945995628833771,0,0.0058467085473239,0,0.0517316758632659,0,0.055267296731472
0,0.0058012036606669,0,0.0009880502475425,0,0.0001478990889154,0,0.000508411321789
0,0.6452511548995972,0,0.3098529279232025,0,0.3033972978591919,0,0.4954432249069214
0,0.0205386485904455,0,0.0177603811025619,0,0.0139788724482059,0,0.0064150178804993
0,0.3419438302516937,0,0.0056182513944804,0,0.0425693318247795,0,0.0249233227223157
0,0.1542001068592071,0,0.0167812649160623,0,0.0407531857490539,0,0.0352903828024864
0,0.5636131763458252,0,0.1505064815282821,0,0.0527619868516922,0,0.0238342862576246
0,0.0128038199618458,0,0.0067671225406229,0,0.0085336687043309,0,0.0016751000657677
0,0.123994842171669,0,0.001143014524132,0,0.0057455515488982,0,0.0010577701032161
0,0.0015380856348201,0,0.000426995975431,0,3.2237985578831285e-05,0,0.0001672438374953
0,0.2105879336595535,0,0.0827698484063148,0,0.2138844132423401,0,0.0603571534156799
0,0.274984061717987,0,0.1078163385391235,0,0.3807469010353088,0,0.4142636954784393
0,0.661425769329071,0,0.5661072731018066,0,0.6041358709335327,0,0.4659491777420044
0,0.0037432613316923,0,0.0010028147371485,0,0.0006654774188064,0,3.195955287083052e-05
0,0.0044531859457492,0,0.0021272748708724,0,0.000732569315005,0,9.073098772205412e-05
0,0.7050934433937073,0,0.4054951965808868,0,0.4231748580932617,0,0.6109062433242798
0,0.0053511126898229,0,0.0040996237657964,0,0.0054527902975678,0,0.0003418886917643
0,0.0310720037668943,0,0.0010312667582184,0,0.0116371335461735,0,0.0357796065509319
0,0.0112454630434513,0,0.0031477592419832,0,0.0109782200306653,0,0.0008053058991208
0,0.6545447111129761,0,0.3725162148475647,0,0.4124420583248138,0,0.6988636255264282
0,0.0623789019882679,0,0.0955564528703689,0,0.1929417848587036,0,0.0606984682381153
0,0.3867468535900116,0,0.1722295582294464,0,0.5096694231033325,0,0.2940713167190552
0,0.7763817310333252,0,0.4712427258491516,0,0.4707195162773132,0,0.753947913646698
0,0.0044127670116722,0,0.0080461660400033,0,0.0089714443311095,0,0.0004141772806178
0,0.0633863359689712,0,0.0364710129797458,0,0.0181301869451999,0,0.0043043266050517
0,0.001596770947799,0,0.0015926652122288,0,0.0001631475170142,0,0.0006247875862754
0,0.0035312250256538,0,0.0020607684273272,0,0.0002651794929988,0,0.0003213899617549
0,0.0418872311711311,0,0.0176045875996351,0,0.0083789508789777,0,0.0032298464793711
0,0.1948323845863342,0,0.1822430342435836,0,0.0597554370760917,0,0.0126749062910676
0,0.0056106774136424,0,0.0025833703111857,0,0.0004077510966453,0,0.0009464554605074
0,0.0078030973672866,0,0.0059183724224567,0,0.0001364514027955,0,0.0007143744151107
0,0.0027114474214613,0,0.0009999412577599,0,0.0002439230593154,0,0.0003294801572337
0,0.034250758588314,0,0.0189774502068758,0,0.0083377175033092,0,0.0035093731712549
0,0.1358504593372345,0,0.1567106544971466,0,0.0549063794314861,0,0.0202188584953546
0,0.0038755789864808,0,0.0172690488398075,0,0.0011751357233151,0,0.0012892098166048
0,0.0041932701133191,0,0.0093576135113835,0,0.0009762555127963,0,0.0008649806841276
0,0.0015956668648868,0,0.0008248597150668,0,0.0002039991959463,0,0.0001804249623091
0,0.056999422609806,0,0.0125989401713013,0,0.0034495017025619,0,0.0055389511398971
0,0.1942425370216369,0,0.1837497502565384,0,0.0413770303130149,0,0.0050957258790731
0,0.0327927097678184,0,0.0142757799476385,0,0.0223113391548395,0,0.0699897333979606
0,0.0644087418913841,0,0.0178083758801221,0,0.0384087227284908,0,0.0248337723314762
0,0.060549322515726,0,0.1493286937475204,0,0.1329300552606582,0,0.1064768433570861
0,0.1188757866621017,0,0.0328604318201541,0,0.2248262017965316,0,0.0241729412227869
0,0.6644783020019531,0,0.5909099578857422,0,0.5112516283988953,0,0.2829212844371795
0,0.4399128258228302,0,0.267219990491867,0,0.2038972526788711,0,0.0209724828600883
0,0.0717541947960853,0,0.0367015190422534,0,0.3123607039451599,0,0.057385716587305
0,0.0552641674876213,0,0.0138073517009615,0,0.028794914484024,0,0.0003432387893553
0,0.2442415207624435,0,0.1193593814969062,0,0.3324519693851471,0,0.02025081589818
0,0.0394475050270557,0,0.0579098016023635,0,0.0079780556261539,0,0.0008284129435196
0,0.0145850796252489,0,0.0003664735413622,0,0.0069724009372293,0,1.1313651157252023e-05
0,0.0261397417634725,0,0.1463081240653991,0,0.0004689257766585,0,0.0522492341697216
0,0.0091267405077815,0,0.0059550078585743,0,0.0027746520936489,0,0.0002459838869981
0,0.0255922395735979,0,0.0153571767732501,0,0.0027288908604532,0,0.0081877699121832
0,0.0096429791301488,0,0.0154838282614946,0,0.0006863034795969,0,0.0039083729498088
0,0.0143170161172747,0,0.0131079973652958,0,0.1021424680948257,0,0.0969312041997909
0,0.1420490890741348,0,0.1873843967914581,0,0.2023980468511581,0,0.0460327379405498
0,0.2295538336038589,0,0.0656405314803123,0,0.0856616497039794,0,0.6402506828308105
0,0.2934626936912536,0,0.0257509630173444,0,0.1455300897359848,0,0.0317985936999321
0,0.2610772252082824,0,0.052974384278059,0,0.3880454301834106,0,0.0732090324163436
0,0.6288869380950928,0,0.5645078420639038,0,0.6013237237930298,0,0.3931069374084472
0,0.0289102103561162,0,0.0022747297771275,0,0.1230043321847915,0,0.0029863393865525
0,0.0023447847925126,0,0.0005066893063485,0,7.573853508802131e-05,0,0.0001293815003009
0,0.0338103398680686,0,0.0073900958523154,0,0.0154037047177553,0,0.0029449514113366
0,0.0084752282127738,0,0.0018367680022493,0,0.0121645024046301,0,0.0017558811232447
0,0.001482710475102,0,0.0004395486903376,0,3.5670909710461274e-05,0,9.923862671712412e-05
0,0.0501699447631835,0,0.0674656480550766,0,0.034955695271492,0,0.0845485925674438
0,0.0081799644976854,0,0.0014018982183188,0,0.0242033191025257,0,0.0023205303587019
0,0.0025205633137375,0,0.0003902960743289,0,4.2793151806108654e-05,0,9.554683492751792e-05
0,0.0652007162570953,0,0.0308040753006935,0,0.1266752928495407,0,0.0181011315435171
0,0.2715795636177063,0,0.0155468378216028,0,0.1791159808635711,0,0.0660500600934028
0,0.0030810970347374,0,0.0005702637718059,0,0.0007857138407416,0,0.000240925248363
0,0.0228696335107088,0,0.0175492130219936,0,0.0062072514556348,0,0.000746730947867
0,0.1856345385313034,0,0.0041068857535719,0,0.0613850802183151,0,0.0009751762263476
0,0.5520891547203064,0,0.3233318924903869,0,0.1814036220312118,0,0.1071727126836776
0,0.275847852230072,0,0.0398859716951847,0,0.0190271101891994,0,0.004414384253323
0,0.2533106505870819,0,0.3815280199050903,0,0.5045339465141296,0,0.0459810271859169
0,0.0396069325506687,0,0.0600496344268322,0,0.0178914032876491,0,0.0474957711994648
0,0.1033483520150184,0,0.2275969982147216,0,0.1513825058937072,0,0.0009588511893525
0,0.0156442653387784,0,0.0020776549354195,0,0.0007063237717375,0,0.0063820527866482
0,0.0104373656213283,0,0.0049052825197577,0,0.0030722075607627,0,0.0002860375097952
0,0.0117315128445625,0,0.075525090098381,0,0.0270950458943843,0,0.0004437046009115
0,0.018325800076127,0,0.013243356719613,0,0.0714590325951576,0,0.0042212684638798
0,0.0162833705544471,0,0.0020636301487684,0,0.0011094454675912,0,0.0003860153956338
0,0.0457695461809635,0,0.0019302507862448,0,0.023166362196207,0,0.0002526796306483
0,0.0054327603429555,0,0.0012413733638823,0,0.0128372181206941,0,3.635677421698347e-05
0,0.1589032411575317,0,0.0790933519601821,0,0.0673543736338615,0,0.093119092285633
0,0.3069974780082702,0,0.0121412547305226,0,0.1189601570367813,0,0.0035174351651221
0,0.6667025089263916,0,0.4041040241718292,0,0.5024297833442688,0,0.5150189399719238
0,0.6982635855674744,0,0.3578657507896423,0,0.5170541405677795,0,0.4138588607311249
0,0.0772748887538909,0,0.0225852373987436,0,0.1199591383337974,0,0.0280492436140775
0,0.0545062720775604,0,0.0145142022520303,0,0.1781919002532959,0,0.0200075153261423
0,0.5045490264892578,0,0.584811806678772,0,0.5504012107849121,0,0.6296852827072144
0,0.3722373843193054,0,0.4804125130176544,0,0.188955008983612,0,0.0438282489776611
0,0.3067332208156585,0,0.3928208649158478,0,0.3077469170093536,0,0.6685669422149658
0,0.0041488609276711,0,0.0002233049744972,0,0.0010659685358405,0,0.0002214163978351
0,0.0435456819832325,0,0.1387273967266082,0,0.0080612134188413,0,0.0048877201043069
0,0.0039026313461363,0,0.0001976695639314,0,0.0008641424938105,0,0.000140204836498
0,0.0289340950548648,0,0.0257864259183406,0,0.0049988748505711,0,0.0037050836253911
0,0.0232283324003219,0,0.0590161271393299,0,0.0041398047469556,0,0.0215059388428926
0,0.0390494093298912,0,0.0008842469542287,0,0.0022779700811952,0,0.0021765457931905
0,0.2659040093421936,0,0.0778558179736137,0,0.0570226907730102,0,0.0407291054725647
0,0.0246595554053783,0,0.0060790232382714,0,0.0019684648141264,0,0.0013131590094417
0,0.0672325640916824,0,0.0065624676644802,0,0.0202647186815738,0,0.0008109914488159
0,0.0804876461625099,0,0.005856814328581,0,0.0261804852634668,0,0.0016132602468132
0,0.0335769541561603,0,0.0044429367408156,0,0.0052101560868322,0,0.0431796163320541
0,0.0063636824488639,0,0.0212284289300441,0,0.0014867610298097,0,0.00160406564828
0,0.0586717426776886,0,0.0109088346362113,0,0.0064857867546379,0,0.0792804285883903
0,0.0050403419882059,0,0.0103312972933053,0,0.0004975332994945,0,0.000784910575021
0,0.0467426553368568,0,0.035011176019907,0,0.0071618524380028,0,0.0023007723502814
0,0.0341351069509983,0,0.0033707926049828,0,0.0061116637662053,0,0.0045946179889142
0,0.080081820487976,0,0.1039673089981079,0,0.4080840349197387,0,0.2849865555763244
0,0.0372567772865295,0,0.00105410895776,0,0.0040212711319327,0,0.0037676987703889
0,0.0700663849711418,0,0.1087659373879432,0,0.4732113480567932,0,0.1185319125652313
0,0.033265046775341,0,0.001176924095489,0,0.0037170015275478,0,0.0043085077777504
0,0.1086845025420188,0,0.1472300738096237,0,0.3848755061626434,0,0.5170285105705261
0,0.8461344838142395,0,0.6029617190361023,0,0.7838134169578552,0,0.5772084593772888
0,0.0101658329367637,0,0.0049278526566922,0,0.0008101136772893,0,0.0394273847341537
0,0.0024661335628479,0,0.000469743827125,0,0.0002690845285542,0,2.2994006940280087e-05
0,0.0030786711722612,0,0.0005082659772597,0,0.0003833162772934,0,2.8354501409921795e-05
0,0.0070693022571504,0,0.0011936284136027,0,0.0006329405005089,0,5.275555668049492e-05
0,0.0045885853469371,0,0.0025805898476392,0,0.0002516978711355,0,0.0001008758699754
