fold_1_labels,fold_1_predictions,fold_2_labels,fold_2_predictions,fold_3_labels,fold_3_predictions,fold_4_labels,fold_4_predictions
1,0.1971268206834793,1,0.3154697716236114,1,0.3282976448535919,1,0.1373845934867859
1,0.7552009224891663,1,0.6982019543647766,1,0.7678940892219543,1,0.889512300491333
1,0.4585465788841247,1,0.5593645572662354,1,0.5079213976860046,1,0.3615375459194183
1,0.1504730284214019,1,0.2159856259822845,1,0.0228621065616607,1,0.0955391824245452
1,0.4229530990123749,1,0.2673356533050537,1,0.2754472196102142,1,0.4573217928409576
1,0.3133520483970642,1,0.5377361178398132,1,0.0612952075898647,1,0.1575449258089065
1,0.4877127110958099,1,0.169501855969429,1,0.6916833519935608,1,0.4024526178836822
1,0.375052809715271,1,0.0971144139766693,1,0.4518603384494781,1,0.1420019119977951
1,0.5392134189605713,1,0.3881916105747223,1,0.1490923017263412,1,0.1796618402004242
1,0.6147117018699646,1,0.4087866544723511,1,0.1160676851868629,1,0.2057279050350189
1,0.3372713029384613,1,0.1824211329221725,1,0.0291501693427562,1,0.0411400869488716
1,0.6468514204025269,1,0.7148795127868652,1,0.5082507729530334,1,0.7563544511795044
1,0.159024640917778,1,0.0472953282296657,1,0.1863915473222732,1,0.0415507368743419
1,0.1551325321197509,1,0.0112976990640163,1,0.0029997930396348,1,0.0773136764764785
1,0.4772496819496155,1,0.2490787357091903,1,0.202608585357666,1,0.5044745802879333
1,0.5014328956604004,1,0.3697224259376526,1,0.2905026376247406,1,0.4626168012619018
1,0.7998054027557373,1,0.7799839973449707,1,0.6784288883209229,1,0.3563784062862396
1,0.1158533170819282,1,0.2534309923648834,1,0.2868976294994354,1,0.0561199188232421
1,0.6071986556053162,1,0.4889349341392517,1,0.831524670124054,1,0.6789083480834961
1,0.1655630320310592,1,0.036320861428976,1,0.2377331405878067,1,0.0760630294680595
1,0.2169031053781509,1,0.036659151315689,1,0.088890716433525,1,0.6624158620834351
0,0.0268454477190971,0,0.0055020079016685,0,0.0440417602658271,0,0.0765287056565284
0,0.0155714359134435,0,0.0024279868230223,0,0.001973019214347,0,0.0040842508897185
0,0.1351109594106674,0,0.1306198984384536,0,0.2977634966373443,0,0.1337680220603943
0,0.0190357025712728,0,0.0037710613105446,0,0.0029396452009677,0,0.0032785856164991
0,0.2862704396247864,0,0.1192105934023857,0,0.4896467328071594,0,0.1454406529664993
0,0.0169567037373781,0,0.0036797954235225,0,0.0030124464537948,0,0.0015219779452309
0,0.1857371181249618,0,0.1059290692210197,0,0.3279313445091247,0,0.0764930322766304
0,0.0465706326067447,0,0.0142854386940598,0,0.1148885190486908,0,0.026140734553337
0,0.1523292809724807,0,0.0534441545605659,0,0.2225047796964645,0,0.0525882951915264
0,0.0335540287196636,0,0.052384428679943,0,0.0096668833866715,0,0.021213186904788
0,0.0163760129362344,0,0.0024628217797726,0,0.0001469750131946,0,0.0006512372056022
0,0.0058921105228364,0,0.0016364923212677,0,0.000879936851561,0,0.0046367901377379
0,0.0122103989124298,0,0.0523336194455623,0,0.0031523606739938,0,0.016913691535592
0,0.0065606059506535,0,0.0014733830466866,0,0.0009294885676354,0,0.0071092676371335
0,0.0684513002634048,0,0.1299952864646911,0,0.0466062612831592,0,0.0339881628751754
0,0.1402306705713272,0,0.0962907448410987,0,0.0251016709953546,0,0.1150921955704689
0,0.0037975064478814,0,0.0128548741340637,0,0.0031128013506531,0,0.0007264781161211
0,0.0049096667207777,0,0.0176093224436044,0,0.0027123631443828,0,0.00061266758712
0,0.0648457929491996,0,0.1522324979305267,0,0.0651595517992973,0,0.0271914433687925
0,0.1951448619365692,0,0.1022258996963501,0,0.0419952496886253,0,0.012366784736514
0,0.0439119450747966,0,0.0647242441773414,0,0.0904394686222076,0,0.0246938150376081
0,0.1391035616397857,0,0.0462923012673854,0,0.0039979289285838,0,0.0663758069276809
0,0.0635886117815971,0,0.5343543887138367,0,0.0762523338198661,0,0.0237979516386985
0,0.0712297931313514,0,0.2402248680591583,0,0.0833128616213798,0,0.0198364425450563
0,0.3526336848735809,0,0.5316351056098938,0,0.0817126557230949,0,0.1036934852600097
0,0.6167712211608887,0,0.3421515226364136,0,0.2082286924123764,0,0.1396217197179794
0,0.0246146097779274,0,0.1085224449634552,0,0.0025644663255661,0,0.0102089866995811
0,0.1135605722665786,0,0.204179048538208,0,0.0067952466197311,0,0.0956817641854286
0,0.3638759851455688,0,0.5614956021308899,0,0.1123009547591209,0,0.139444500207901
0,0.528148889541626,0,0.3676261305809021,0,0.2756766676902771,0,0.2130351811647415
0,0.0372983179986476,0,0.13099105656147,0,0.0034111477434635,0,0.014808583073318
0,0.0423438288271427,0,0.1110237389802932,0,0.0029981534462422,0,0.055512685328722
0,0.4194304049015045,0,0.4951753914356231,0,0.0915736332535743,0,0.1451933681964874
0,0.6431707739830017,0,0.4358485639095306,0,0.2953206300735473,0,0.4422159194946289
0,0.0365036241710186,0,0.0997639149427414,0,0.0042683905921876,0,0.0106933591887354
0,0.0907040536403656,0,0.1363802552223205,0,0.0201082210987806,0,0.1206813901662826
0,0.2029523253440857,0,0.058078333735466,0,0.0068059777840971,0,0.0104440860450267
0,0.0225099250674247,0,0.0022517549805343,0,0.0026208972558379,0,0.0660004094243049
0,0.1931976079940796,0,0.3346384763717651,0,0.1746085882186889,0,0.4252208769321441
0,0.1224725842475891,0,0.298076182603836,0,0.3492372035980224,0,0.2498708963394165
0,0.0432814992964267,0,0.0182111337780952,0,0.0064271218143403,0,0.0430351011455059
0,0.052763495594263,0,0.0147327799350023,0,0.0044868909753859,0,0.0323473028838634
0,0.0073815383948385,0,0.0037989716511219,0,0.0006131325499154,0,0.0011752627324312
0,0.0498458482325077,0,0.015740530565381,0,0.0071474569849669,0,0.0338218472898006
0,0.0339000783860683,0,0.0145173463970422,0,0.0840529054403305,0,0.0845464542508125
0,0.053103070706129,0,0.0205786358565092,0,0.0121399974450469,0,0.1392645537853241
0,0.0277917366474866,0,0.009288995526731,0,0.0015486299525946,0,0.1376545429229736
0,0.0462235286831855,0,0.0083764242008328,0,0.0013850550167262,0,0.0321009829640388
0,0.4988301992416382,0,0.2359626144170761,0,0.6287185549736023,0,0.2072015404701233
0,0.0852888375520706,0,0.0968968197703361,0,0.0187679361552,0,0.2602348327636719
0,0.0211409050971269,0,0.0362733490765094,0,0.0364130772650241,0,0.0077498699538409
0,0.6783158779144287,0,0.7416025400161743,0,0.5589630007743835,0,0.6979982256889343
0,0.0037335290107876,0,0.0039983405731618,0,0.0009264778927899,0,0.0006425973260775
0,0.0129313748329877,0,0.0040587843395769,0,0.000814342231024,0,0.0007666989113204
0,0.01890704408288,0,0.0344636514782905,0,0.0061775343492627,0,0.0040235063061118
0,0.0036427457816898,0,0.0041835964657366,0,0.001753203687258,0,0.000487218843773
0,0.009530309587717,0,0.0028133215382695,0,0.000510576122906,0,0.0005831673042848
0,0.0156652368605136,0,0.0167091768234968,0,0.0067060007713735,0,0.0043893200345337
0,0.0044456771574914,0,0.0043527064844965,0,0.0013063995866104,0,0.0005270904512144
0,0.0103770298883318,0,0.002747444435954,0,0.000510468322318,0,0.0005746625829488
0,0.0641622096300125,0,0.0350380763411521,0,0.0056780967861413,0,0.0405678637325763
0,0.1462945342063903,0,0.0202777665108442,0,0.0296861510723829,0,0.2109239995479583
0,0.0151619473472237,0,0.003387824865058,0,0.001198235200718,0,0.0016807224601507
0,0.0077270227484405,0,0.0464019887149333,0,0.0046527776867151,0,0.0970319062471389
0,0.1008231937885284,0,0.2035030722618103,0,0.0117690823972225,0,0.2057774811983108
0,0.0123898684978485,0,0.0052286703139543,0,0.0002471190236974,0,0.0006850305944681
0,0.011862551793456,0,0.0059099341742694,0,0.0003500055463518,0,0.0037418066058307
0,0.0114385616034269,0,0.0052835033275187,0,0.0002709768014028,0,0.0046240147203207
0,0.0232854820787906,0,0.0136693734675645,0,0.0081822695210576,0,0.2189810276031494
0,0.0237598177045583,0,0.0143853928893804,0,0.004236267413944,0,0.1509458422660827
0,0.0952805057168006,0,0.4237686991691589,0,0.2845358550548553,0,0.2971263229846954
0,0.1587484031915664,0,0.2382946908473968,0,0.1486190408468246,0,0.1392380595207214
0,0.3222408592700958,0,0.4326539933681488,0,0.8027008175849915,0,0.5324459075927734
0,0.0174080487340688,0,0.0040465011261403,0,0.0037479340098798,0,0.02432506904006
0,0.1030928343534469,0,0.1114025115966796,0,0.0024237737525254,0,0.0474833250045776
0,0.0749136954545974,0,0.0141739509999752,0,0.011749206110835,0,0.0548991411924362
0,0.5797176361083984,0,0.3874221742153168,0,0.0774047970771789,0,0.0437977351248264
0,0.0279486924409866,0,0.0053726746700704,0,0.0004545795090962,0,0.0050101513043046
0,0.0204003471881151,0,0.1203218176960945,0,0.0276516731828451,0,0.0109407594427466
0,0.0338874757289886,0,0.0219610631465911,0,0.0913421288132667,0,0.030749823898077
0,0.1366574317216873,0,0.2454963475465774,0,0.0210386831313371,0,0.035193670541048
0,0.0203138887882232,0,0.0207710061222314,0,0.0267794635146856,0,0.0105771338567137
0,0.1432711631059646,0,0.2390524893999099,0,0.0365142449736595,0,0.0372237116098403
0,0.0320836007595062,0,0.0016054231673479,0,0.0007820387836545,0,0.005582757294178
0,0.0160596724599599,0,0.0193557627499103,0,0.0275592841207981,0,0.0113173332065343
0,0.0272093005478382,0,0.0353490859270095,0,0.0206501353532075,0,0.0076773893088102
0,0.1433352380990982,0,0.2193539589643478,0,0.0403712838888168,0,0.0757891908288002
0,0.0947701930999755,0,0.0063978680409491,0,0.0047952514141798,0,0.0009596970630809
0,0.1388355493545532,0,0.3785600066184997,0,0.1252237260341644,0,0.127862736582756
0,0.0850435048341751,0,0.0429972186684608,0,0.0621756613254547,0,0.082591563463211
0,0.5531790852546692,0,0.0818195864558219,0,0.7072423696517944,0,0.3944892883300781
0,0.0828743129968643,0,0.2618179321289062,0,0.5008290410041809,0,0.7169964909553528
0,0.1455286145210266,0,0.2581795156002044,0,0.3014542758464813,0,0.675722062587738
0,0.1327283233404159,0,0.2343048155307769,0,0.3556552231311798,0,0.679136335849762
0,0.0623326785862445,0,0.0284195244312286,0,0.0007016640738584,0,0.0050019994378089
0,0.3244709968566894,0,0.4864131808280945,0,0.2674140930175781,0,0.3868837356567383
0,0.2605524063110351,0,0.4325318336486816,0,0.3218900561332702,0,0.3368732631206512
0,0.2059061080217361,0,0.3829118013381958,0,0.2879174947738647,0,0.3538379073143005
0,0.0517306588590145,0,0.0121686346828937,0,0.0505722016096115,0,0.0237307585775852
0,0.0673630908131599,0,0.2848559916019439,0,0.0503698475658893,0,0.0374242290854454
0,0.0426012091338634,0,0.0031989647541195,0,0.0023210039362311,0,0.0014133029617369
0,0.0152521794661879,0,0.0228906460106372,0,0.0036535537801682,0,0.0355900153517723
0,0.0138625847175717,0,0.0229173768311738,0,0.00330714834854,0,0.0541375204920768
0,0.0829956755042076,0,0.0434224195778369,0,0.0715082883834838,0,0.0180023498833179
0,0.0563937798142433,0,0.0686908438801765,0,0.0687491446733474,0,0.0304381493479013
0,0.0652058869600296,0,0.0168584063649177,0,0.0082580232992768,0,0.014531098306179
0,0.120124377310276,0,0.1584915965795517,0,0.0864299237728118,0,0.3417877852916717
0,0.059751272201538,0,0.0796469673514366,0,0.0762309208512306,0,0.4054878950119018
0,0.0173532888293266,0,0.0041561806574463,0,0.0011083099525421,0,0.0513040274381637
0,0.0054146670736372,0,0.0017988150939345,0,0.0006471771630458,0,0.0007002885686233
0,0.0078362571075558,0,0.000919806479942,0,0.0005692018894478,0,0.0004173628985881
0,0.005096879787743,0,0.0012824202422052,0,0.0005277037271298,0,0.0006862744921818
0,0.0071973851881921,0,0.0012186465319246,0,0.0005327759427018,0,0.0003496413701213
0,0.0062895538285374,0,0.0012108040973544,0,0.0006668541464023,0,0.0005696089356206
0,0.0759689658880233,0,0.1393286734819412,0,0.0696423649787902,0,0.0841859281063079
0,0.0934604629874229,0,0.0283666756004095,0,0.0901638492941856,0,0.0960786417126655
0,0.0373824499547481,0,0.0113426242023706,0,0.0022363851312547,0,0.0063988137990236
0,0.0477497726678848,0,0.0062196152284741,0,0.0022058160975575,0,0.0139737660065293
0,0.056556724011898,0,0.0042692152783274,0,0.0049617504701018,0,0.0019904237706214
0,0.0971437469124794,0,0.0715419799089431,0,0.0308372676372528,0,0.0132613033056259
0,0.0205992218106985,0,0.005006942898035,0,0.0011771190911531,0,0.0063792499713599
0,0.025295028463006,0,0.0077316770330071,0,0.0013770130462944,0,0.0131686916574835
0,0.0618130303919315,0,0.018402999266982,0,0.1221929565072059,0,0.113836757838726
0,0.0078263934701681,0,0.0133288521319627,0,0.0026081884279847,0,0.0012895438121631
0,0.0191052164882421,0,0.0081518990918993,0,0.0051542753353714,0,0.0095598325133323
0,0.0324310809373855,0,0.2767052054405212,0,0.0041517070494592,0,0.0142748672515153
0,0.0041667879559099,0,0.0077160871587693,0,0.001943991635926,0,0.001104361959733
0,0.0153910806402564,0,0.0122125037014484,0,0.0038513003382831,0,0.0164331328123807
0,0.0080309910699725,0,0.015959458425641,0,0.0024406453594565,0,0.0020904077682644
0,0.0203556641936302,0,0.0108272694051265,0,0.0043023526668548,0,0.0096805738285183
0,0.0313242934644222,0,0.2005887925624847,0,0.0041127330623567,0,0.0082680694758892
0,0.3358425498008728,0,0.383230596780777,0,0.0838524475693702,0,0.4522241652011871
0,0.5284469723701477,0,0.5674190521240234,0,0.2795942425727844,0,0.0927803888916969
0,0.4644635915756225,0,0.5952386856079102,0,0.0241559147834777,0,0.1271487027406692
0,0.0465001873672008,0,0.0603767745196819,0,0.0533016361296176,0,0.0308182518929243
0,0.0485080182552337,0,0.0076552536338567,0,0.1171214058995246,0,0.0185491684824228
0,0.2126887589693069,0,0.1738796681165695,0,0.0505454652011394,0,0.0546029694378376
0,0.1327685713768005,0,0.1449117064476013,0,0.1906463801860809,0,0.0914657711982727
0,0.0202711727470159,0,0.0148751540109515,0,0.0012411553179845,0,0.0385375171899795
0,0.0093977423384785,0,0.0142068238928914,0,0.052682552486658,0,0.0291638765484094
0,0.0613252259790897,0,0.0304975342005491,0,0.0586568750441074,0,0.016436617821455
0,0.0119117721915245,0,0.0035095983184874,0,0.0056386515498161,0,0.0065737650729715
0,0.3995471000671386,0,0.0414440892636776,0,0.0066731311380863,0,0.0207872111350297
0,0.0415131114423275,0,0.2980701327323913,0,0.007273893803358,0,0.0134086729958653
0,0.183107390999794,0,0.1071542128920555,0,0.0339157208800315,0,0.0107580861076712
0,0.2457642704248428,0,0.1559060662984848,0,0.0723680630326271,0,0.1416770815849304
0,0.4042737782001495,0,0.1322370022535324,0,0.2320962399244308,0,0.2742116153240204
0,0.0141921453177928,0,0.0022307180333882,0,0.0021813551429659,0,0.0005188167560845
0,0.033628974109888,0,0.0131406616419553,0,0.006661117542535,0,0.0366219617426395
0,0.0116836847737431,0,0.004095469135791,0,0.0010941139189526,0,0.0007082988158799
0,0.0157040413469076,0,0.0023844810202717,0,0.0019472639542073,0,0.0007789373048581
0,0.1733950078487396,0,0.5712522268295288,0,0.5455636382102966,0,0.4518335163593292
0,0.1458856016397476,0,0.5602596998214722,0,0.5696170330047607,0,0.4502986073493957
0,0.1229382529854774,0,0.5740304589271545,0,0.5530250072479248,0,0.4285671412944793
0,0.0860095024108886,0,0.0518174059689044,0,0.085429161787033,0,0.0760578066110611
0,0.1098152548074722,0,0.0690320059657096,0,0.0561393573880195,0,0.0966112241148948
0,0.0994521081447601,0,0.0582988522946834,0,0.0547662861645221,0,0.077929176390171
0,0.1452767997980117,0,0.0555516108870506,0,0.1320808231830597,0,0.1760251075029373
0,0.0184761993587017,0,0.0420298129320144,0,0.01266467012465,0,0.0076835379004478
0,0.0160480123013257,0,0.0014813266461715,0,0.0031973398290574,0,0.0026900838129222
0,0.0055111679248511,0,0.0015939100412651,0,0.000476647139294,0,0.0071724797599017
0,0.0254577826708555,0,0.0584532544016838,0,0.0543476343154907,0,0.0082493973895907
0,0.0074059264734387,0,0.0030446487944573,0,0.0055796690285205,0,0.0036910993512719
0,0.0081750210374593,0,0.002482222393155,0,0.0008809986175037,0,0.0083429552614688
0,0.0275757666677236,0,0.0413925573229789,0,0.010178186930716,0,0.0057892384938895
0,0.0139209488406777,0,0.0039436756633222,0,0.0076858359389007,0,0.0031705375295132
0,0.0094180284067988,0,0.0009427503682672,0,0.0007403348572552,0,0.0022915427107363
0,0.1232545524835586,0,0.1075165346264839,0,0.3229803442955017,0,0.255285769701004
0,0.3096011877059936,0,0.3906056582927704,0,0.4484383463859558,0,0.3876323103904724
0,0.1989187896251678,0,0.0470127947628498,0,0.4232661128044128,0,0.1177523285150528
0,0.362017959356308,0,0.4520251154899597,0,0.2602394819259643,0,0.3519753813743591
0,0.0314022302627563,0,0.0033916167449206,0,0.0050485674291849,0,0.0028956159949302
0,0.253343403339386,0,0.3546188473701477,0,0.2095006257295608,0,0.3334594368934631
0,0.1893279552459716,0,0.2097630202770233,0,0.7954141497612,0,0.5823063254356384
0,0.0555844567716121,0,0.0156385321170091,0,0.0031657877843827,0,0.0648437663912773
0,0.2754290401935577,0,0.4608021378517151,0,0.2456336766481399,0,0.3848374485969543
0,0.0449560955166816,0,0.4413178265094757,0,0.2388119548559188,0,0.2427831441164016
0,0.0309455804526805,0,0.0305900890380144,0,0.0200398974120616,0,0.0407904833555221
0,0.0389290153980255,0,0.0830755829811096,0,0.138084277510643,0,0.0253601428121328
0,0.1152681484818458,0,0.2020242065191269,0,0.1494589895009994,0,0.1553036272525787
0,0.0602644979953765,0,0.0258259791880846,0,0.0042836922220885,0,0.0164116825908422
0,0.0817559212446212,0,0.0497029274702072,0,0.013401192612946,0,0.0691017434000969
0,0.0854526609182357,0,0.0450593270361423,0,0.0066827461123466,0,0.0583726726472377
0,0.010351387783885,0,0.0082623641937971,0,0.0021693489979952,0,0.0027499620337039
0,0.3148094117641449,0,0.371326744556427,0,0.2312155663967132,0,0.2405885905027389
0,0.0552492178976535,0,0.0285441670566797,0,0.0126219894737005,0,0.0089549245312809
0,0.007017761003226,0,0.0075725056231021,0,0.0003356462693773,0,0.0012812940403819
0,0.0221740119159221,0,0.0172996241599321,0,0.0427335500717163,0,0.0203700102865695
0,0.0751410499215126,0,0.1301076114177703,0,0.0230979602783918,0,0.0566249080002307
0,0.0256510470062494,0,0.046810045838356,0,0.0014879381051287,0,0.1384200304746627
0,0.0101380227133631,0,0.0134855005890131,0,0.0410387925803661,0,0.0465814061462879
0,0.0804103761911392,0,0.1348752975463867,0,0.012141054496169,0,0.0076578767038881
0,0.0699052736163139,0,0.1472236812114715,0,0.0241569187492132,0,0.0102243637666106
0,0.0125695224851369,0,0.0015326470602303,0,0.0005799430073238,0,0.0025930651463568
0,0.0602116510272026,0,0.1324304938316345,0,0.0217221286147832,0,0.0109194684773683
0,0.0116161638870835,0,0.0017127300379797,0,0.0009828134207054,0,0.0037820138968527
0,0.0364993326365947,0,0.0951806902885437,0,0.0018414232181385,0,0.0220300611108541
0,0.6183568239212036,0,0.7196716666221619,0,0.4134064018726349,0,0.2439458519220352
0,0.6217585206031799,0,0.7298107743263245,0,0.5424777865409851,0,0.3382271826267242
0,0.6149731874465942,0,0.7379909157752991,0,0.511123776435852,0,0.3420344889163971
0,0.0703662559390068,0,0.0996441096067428,0,0.0133476350456476,0,0.0113045088946819
0,0.0642653480172157,0,0.0794228166341781,0,0.0131732150912284,0,0.0124624343588948
0,0.0879663154482841,0,0.3008598983287811,0,0.0216683987528085,0,0.0147853875532746
0,0.0628465265035629,0,0.2080096006393432,0,0.0190275367349386,0,0.0576424561440944
0,0.0187381263822317,0,0.039804108440876,0,0.0039702216163277,0,0.0237629581242799
0,0.0152822760865092,0,0.0270341485738754,0,0.0087817143648862,0,0.0089788921177387
0,0.8556197285652161,0,0.7249495983123779,0,0.6502859592437744,0,0.4601760506629944
0,0.328690767288208,0,0.5586928129196167,0,0.1758065223693847,0,0.4881853461265564
0,0.0340191572904586,0,0.0402699336409568,0,0.0215426646173,0,0.014614556916058
0,0.037432812154293,0,0.0248881597071886,0,0.0044783181510865,0,0.0077473064884543
0,0.3062123954296112,0,0.1434619426727295,0,0.0017191390506923,0,0.0129112210124731
0,0.03053386695683,0,0.0199306681752204,0,0.0021401320118457,0,0.0031019446905702
0,0.0237660370767116,0,0.0378276444971561,0,0.0047595528885722,0,0.0017196201952174
0,0.0152796497568488,0,0.0091131972149014,0,0.0033914716914296,0,0.0026270521339029
0,0.0235276091843843,0,0.0194826517254114,0,0.0015930740628391,0,0.0029462242964655
0,0.0159616824239492,0,0.008576150983572,0,0.0015732379397377,0,0.0019630249589681
0,0.0317890532314777,0,0.0252854842692613,0,0.0014869821025058,0,0.0050752433016896
0,0.0287020690739154,0,0.044085931032896,0,0.0070991972461342,0,0.0022159847430884
0,0.0107000758871436,0,0.005831575486809,0,0.0023917718790471,0,0.002261247485876
0,0.4213733673095703,0,0.4651345610618591,0,0.7884848117828369,0,0.7366806864738464
0,0.03831422701478,0,0.008405621163547,0,0.0145169580355286,0,0.016695762053132
0,0.0076912092044949,0,0.0275637190788984,0,0.0016369450604543,0,0.0033738182391971
0,0.0220693740993738,0,0.025630721822381,0,0.0043027815409004,0,0.0110893566161394
0,0.0212918519973754,0,0.0183109175413846,0,0.005564191378653,0,0.0112018687650561
0,0.0190764237195253,0,0.0165197234600782,0,0.0039169625379145,0,0.0124756451696157
1,0.6706473231315613,1,0.7569970488548279,1,0.3497273027896881,1,0.5995170474052429
1,0.4702073335647583,1,0.5299840569496155,1,0.8052306771278381,1,0.6397576928138733
1,0.1702546030282974,1,0.0935989022254943,1,0.4894725084304809,1,0.493339329957962
1,0.334089070558548,1,0.1611963063478469,1,0.4081304371356964,1,0.3869261145591736
1,0.2902514040470123,1,0.1322269886732101,1,0.5253402590751648,1,0.276695042848587
1,0.8116121292114258,1,0.7002050876617432,1,0.6225934028625488,1,0.6133763194084167
1,0.9467628002166748,1,0.711260199546814,1,0.9811636805534364,1,0.9546660780906676
1,0.1245305389165878,1,0.0216739866882562,1,0.0148396575823426,1,0.0109760463237762
1,0.2452161759138107,1,0.0439552962779998,1,0.0582322031259536,1,0.014797331765294
1,0.44361212849617,1,0.2593910694122314,1,0.2695032954216003,1,0.2781262397766113
1,0.0954868271946907,1,0.1499482095241546,1,0.22309510409832,1,0.0531851463019847
1,0.0489237681031227,1,0.3292774558067322,1,0.5995094180107117,1,0.5108499526977539
1,0.0541997030377388,1,0.053377166390419,1,0.0117472577840089,1,0.0147219784557819
1,0.0532845817506313,1,0.0489236749708652,1,0.2382302731275558,1,0.1017088890075683
1,0.1047605201601982,1,0.2329574525356292,1,0.4366846978664398,1,0.3219957053661346
1,0.0093357944861054,1,0.010114281438291,1,0.0075566293671727,1,0.0065554552711546
1,0.0251043029129505,1,0.0410800874233245,1,0.0503215156495571,1,0.0285347178578376
1,0.110769510269165,1,0.0472192019224166,1,0.0230944622308015,1,0.120503231883049
1,0.2828444540500641,1,0.4134534001350403,1,0.3675793707370758,1,0.4464830756187439
1,0.2338140457868576,1,0.4721069633960724,1,0.5845807194709778,1,0.3502523005008697
1,0.6217079758644104,1,0.7283182740211487,1,0.521215558052063,1,0.7408677339553833
1,0.3736237585544586,1,0.6691020727157593,1,0.7207913994789124,1,0.5035399794578552
1,0.6890630125999451,1,0.774603545665741,1,0.5000690221786499,1,0.7922388315200806
1,0.0254417583346366,1,0.037020418792963,1,0.3583367764949798,1,0.2350672483444214
1,0.048480074852705,1,0.0186538826674222,1,0.3865522742271423,1,0.2641987204551697
1,0.1212513074278831,1,0.0441435165703296,1,0.4751702547073364,1,0.5366826057434082
0,0.0839146450161933,0,0.0442928746342659,0,0.2556540966033935,0,0.1248700618743896
0,0.0461003668606281,0,0.0689178258180618,0,0.0835591852664947,0,0.1836225688457489
0,0.052729282528162,0,0.0326484888792037,0,0.0525311678647995,0,0.6351362466812134
0,0.0105640422552824,0,0.0105486279353499,0,0.0016502684447914,0,0.0046119466423988
0,0.0121867479756474,0,0.0132781397551298,0,0.0034949069377034,0,0.0023361437488347
0,0.4995968639850616,0,0.5476527810096741,0,0.4281990528106689,0,0.5439183115959167
0,0.0770308598875999,0,0.2639239728450775,0,0.0976145416498184,0,0.0195049624890089
0,0.0301594045013189,0,0.0082581797614693,0,0.0039276187308132,0,0.0098218023777008
0,0.2164109051227569,0,0.2504041790962219,0,0.0744600892066955,0,0.2947376668453216
0,0.0348099395632743,0,0.0239113718271255,0,0.0097474846988916,0,0.078067623078823
0,0.0496184490621089,0,0.1889910399913787,0,0.0759915634989738,0,0.0154240168631076
0,0.0183164644986391,0,0.0401019044220447,0,0.1376635134220123,0,0.0343010611832141
0,0.160204216837883,0,0.1011233553290367,0,0.2406023293733596,0,0.0515449345111846
0,0.5587850213050842,0,0.7207146286964417,0,0.3899455964565277,0,0.3724178969860077
0,0.0050681424327194,0,0.0029674130491912,0,0.0055820792913436,0,0.0116273099556565
0,0.0602128580212593,0,0.0168039072304964,0,0.088298425078392,0,0.0361581929028034
0,0.0233414191752672,0,0.0058526899665594,0,0.0011991159990429,0,0.017050327733159
0,0.0130203608423471,0,0.0187513828277587,0,0.0025986367836594,0,0.0043375194072723
0,0.0717855766415596,0,0.1774626970291137,0,0.0683800801634788,0,0.041150227189064
0,0.2289017885923385,0,0.362500250339508,0,0.1428907662630081,0,0.5867428779602051
0,0.0424198135733604,0,0.108194500207901,0,0.0141805345192551,0,0.0415196828544139
0,0.1824725419282913,0,0.0277674384415149,0,0.0021502072922885,0,0.1058991849422454
0,0.0625064522027969,0,0.0156008098274469,0,0.0288318786770105,0,0.0387143902480602
0,0.0329007245600223,0,0.0737358629703521,0,0.0041600842960178,0,0.0090674934908747
0,0.0174176022410392,0,0.0264143943786621,0,0.0030048342887312,0,0.0025148608256131
0,0.0219390951097011,0,0.0310823637992143,0,0.0068660080432891,0,0.0526048950850963
0,0.0246708374470472,0,0.0665113627910614,0,0.0037152206059545,0,0.0142164034768939
0,0.0189252067357301,0,0.023961191996932,0,0.0028759429696947,0,0.0023937684018164
0,0.0143747543916106,0,0.024957537651062,0,0.001658504945226,0,0.0020112511701881
0,0.0165149215608835,0,0.0039990679360926,0,0.0156355146318674,0,0.0021485823672264
0,0.5437472462654114,0,0.1755432933568954,0,0.4001806676387787,0,0.2047297209501266
0,0.5799206495285034,0,0.2540635764598846,0,0.3782281875610351,0,0.2653984725475311
0,0.4974957406520843,0,0.5020975470542908,0,0.3543411791324615,0,0.1800934821367263
0,0.1148281395435333,0,0.014725306071341,0,0.0796209126710891,0,0.6156377196311951
0,0.4293443858623504,0,0.378324955701828,0,0.2474142014980316,0,0.2577860057353973
0,0.5200061202049255,0,0.4028889238834381,0,0.2918238639831543,0,0.6834176182746887
0,0.069113902747631,0,0.0493900515139102,0,0.1392103731632232,0,0.0244238693267107
0,0.0108073502779006,0,0.0223213825374841,0,0.002249333076179,0,0.0028510398697108
0,0.1217527091503143,0,0.0290059465914964,0,0.0148916961625218,0,0.1484811305999755
0,0.0108460430055856,0,0.0214031022042036,0,0.0022556686308234,0,0.0042074448429048
0,0.0273366123437881,0,0.0057802600786089,0,0.0004269338969606,0,0.0246270075440406
0,0.0089821210131049,0,0.0126039423048496,0,0.0017510316101834,0,0.0014193118549883
0,0.236379325389862,0,0.0521113462746143,0,0.0338431857526302,0,0.1676290333271026
0,0.0289311222732067,0,0.0035004399251192,0,0.0029140217229723,0,0.0100816311314702
0,0.1031451821327209,0,0.0192354954779148,0,0.0393331497907638,0,0.0205877777189016
0,0.0927484482526779,0,0.0344887115061283,0,0.1010078564286232,0,0.1338665187358856
0,0.1600332409143448,0,0.302359014749527,0,0.0360500738024711,0,0.4108394980430603
0,0.0212644189596176,0,0.0020817788317799,0,0.0009238783968612,0,0.0785006210207939
0,0.0310286246240139,0,0.146119624376297,0,0.0182967204600572,0,0.1095936596393585
0,0.0211739782243967,0,0.0020733282435685,0,0.0004432562855072,0,0.0977903231978416
0,0.0582086890935897,0,0.0642687901854515,0,0.0103447372093796,0,0.0619824305176734
0,0.0947968289256095,0,0.1095213964581489,0,0.007973313331604,0,0.1281089186668396
0,0.0157833900302648,0,0.0017613287782296,0,0.0031024210620671,0,0.1004085540771484
0,0.114837996661663,0,0.0068414607085287,0,0.002779190428555,0,0.0748965814709663
0,0.0346626415848732,0,0.0381149053573608,0,0.065963789820671,0,0.0073063806630671
0,0.0490938462316989,0,0.0464837774634361,0,0.0485247373580932,0,0.0088473465293645
0,0.0065373475663363,0,0.0014981112908571,0,0.0003410335048101,0,0.0010468453401699
0,0.1585999131202697,0,0.3466525375843048,0,0.0716824010014534,0,0.2222450673580169
0,0.0211900621652603,0,0.0132877528667449,0,0.0151452040299773,0,0.0050333593972027
0,0.2282783389091491,0,0.0612657628953456,0,0.5482386350631714,0,0.0811033770442009
0,0.3591923415660858,0,0.1579819619655609,0,0.801701545715332,0,0.1001299545168876
0,0.0223824456334114,0,0.0508893318474292,0,0.0059433784335851,0,0.0137380035594105
0,0.0104716895148158,0,0.0211805440485477,0,0.034314252436161,0,0.0070044114254415
0,0.0063111130148172,0,0.0010522727388888,0,0.0010224914876744,0,0.0032214489765465
0,0.0250204615294933,0,0.0599786564707756,0,0.0041148290038108,0,0.0062016420997679
0,0.0078232288360595,0,0.0009168249671347,0,0.0011530986521393,0,0.0043303300626575
0,0.02250911667943,0,0.0692627131938934,0,0.0091921295970678,0,0.0062578753568232
0,0.012821945361793,0,0.0014647599309682,0,0.0015433508669957,0,0.0033111665397882
0,0.0154757034033536,0,0.0917148143053054,0,0.0101082390174269,0,0.0132586015388369
0,0.0092915501445531,0,0.1938615888357162,0,0.0355075821280479,0,0.114322543144226
0,0.0178265925496816,0,0.0393813475966453,0,0.0214437581598758,0,0.0090196225792169
0,0.0168539658188819,0,0.0230765603482723,0,0.0013705355813726,0,0.0168876349925994
0,0.0038253320381045,0,0.0174563899636268,0,0.0013631968759,0,0.0004107847053091
0,0.0119374245405197,0,0.0091835781931877,0,0.0015813247300684,0,0.0009578628232702
0,0.3125675916671753,0,0.1090783551335334,0,0.0080085834488272,0,0.0490693338215351
0,0.0099169369786977,0,0.0031032955739647,0,0.0032294990960508,0,0.0035831476561725
0,0.255652368068695,0,0.3770004212856293,0,0.6178040504455566,0,0.2799249291419983
0,0.1140416711568832,0,0.7043207287788391,0,0.1663609743118286,0,0.0364720374345779
0,0.0099753960967063,0,0.003143016481772,0,0.0009150098776444,0,0.0006130966357886
0,0.0941346883773803,0,0.4467277526855469,0,0.0857925489544868,0,0.0171788912266492
0,0.1088688969612121,0,0.8539011478424072,0,0.4949362874031067,0,0.1121292635798454
0,0.1061076521873474,0,0.5725045204162598,0,0.1393190771341323,0,0.0175701659172773
0,0.0330639258027076,0,0.0274155009537935,0,0.0106164636090397,0,0.0336394608020782
0,0.0362124182283878,0,0.0170574020594358,0,0.0073187588714063,0,0.0161574520170688
0,0.0328610725700855,0,0.0105019956827163,0,0.0061099231243133,0,0.0156126786023378
0,0.2307758033275604,0,0.1773839890956878,0,0.2323489636182785,0,0.2520467936992645
0,0.1523051261901855,0,0.1182667985558509,0,0.1222863122820854,0,0.0674337521195411
0,0.2475309520959854,0,0.396151065826416,0,0.7228043675422668,0,0.0674905925989151
0,0.1512985378503799,0,0.3741601705551147,0,0.7861692905426025,0,0.0824328511953353
0,0.1368588656187057,0,0.2023949772119522,0,0.1931756883859634,0,0.268054187297821
0,0.0850946307182312,0,0.0431234389543533,0,0.0074900006875395,0,0.017712440341711
0,0.0710864663124084,0,0.0621305182576179,0,0.0067462036386132,0,0.0307895112782716
0,0.0366313569247722,0,0.0702944546937942,0,0.0080183176323771,0,0.0241870135068893
0,0.0741888210177421,0,0.1120860278606414,0,0.3092241883277893,0,0.0619611665606498
0,0.0397685654461383,0,0.0260866545140743,0,0.020064802840352,0,0.0277451053261756
0,0.3978369235992431,0,0.5813109278678894,0,0.6608496904373169,0,0.7560592889785767
0,0.0727210864424705,0,0.3843163847923279,0,0.2728710770606994,0,0.0712428167462349
0,0.1154465824365615,0,0.6553500890731812,0,0.73487788438797,0,0.4456663429737091
0,0.0336366854608058,0,0.0283151436597108,0,0.0266572572290897,0,0.0286245178431272
0,0.0089635998010635,0,0.0006153205758892,0,0.0012074818369001,0,0.0012270999141037
0,0.0293115526437759,0,0.0015506041236221,0,0.0027777939103543,0,0.0045353565365076
0,0.061904702335596,0,0.0067933066748082,0,0.007178156170994,0,0.0135161057114601
0,0.0397877879440784,0,0.0467546060681343,0,0.0017148073529824,0,0.028800468891859
0,0.0508047007024288,0,0.0034564258530735,0,0.0042644198983907,0,0.010725044645369
0,0.0774346143007278,0,0.0161308217793703,0,0.0071530966088175,0,0.0368041470646858
0,0.0247771590948104,0,0.0813488662242889,0,0.0024936669506132,0,0.032765507698059
0,0.1916647255420684,0,0.1317451745271682,0,0.0137102380394935,0,0.0844424739480018
0,0.1062466502189636,0,0.0374838225543499,0,0.0105811264365911,0,0.0623715408146381
0,0.0057533769868314,0,0.0106207123026251,0,0.004520212765783,0,0.0144253149628639
0,0.1033598408102989,0,0.0309427194297313,0,0.0956734865903854,0,0.0635751187801361
0,0.0051513351500034,0,0.0097523322328925,0,0.0042740604840219,0,0.026398928835988
0,0.7003415822982788,0,0.3150442242622375,0,0.686227560043335,0,0.6723932027816772
0,0.0481712967157363,0,0.1804614067077636,0,0.0028697089292109,0,0.0315294489264488
0,0.019625773653388,0,0.0364646427333354,0,0.0210664942860603,0,0.0144571904093027
0,0.0174786504358053,0,0.0724788978695869,0,0.0070482240989804,0,0.0050150714814662
0,0.052080113440752,0,0.2595005929470062,0,0.0032548031304031,0,0.0279909875243902
0,0.721091091632843,0,0.3396625518798828,0,0.5624405145645142,0,0.7345412373542786
0,0.021582044661045,0,0.0080473953858017,0,0.0134669505059719,0,0.0084657436236739
0,0.0489990264177322,0,0.2082281559705734,0,0.0031224507838487,0,0.0257116518914699
0,0.0180106591433286,0,0.0620690397918224,0,0.0122666303068399,0,0.0069926911965012
0,0.6659493446350098,0,0.2915632426738739,0,0.5774244070053101,0,0.688177764415741
0,0.0366690084338188,0,0.0066623920574784,0,0.0477084182202816,0,0.0529897660017013
0,0.0121725099161267,0,0.0028670453466475,0,0.0142692662775516,0,0.0207523647695779
0,0.1013868674635887,0,0.0171811785548925,0,0.0288702398538589,0,0.1282938569784164
0,0.3457769453525543,0,0.2054704278707504,0,0.2940635681152344,0,0.5156504511833191
0,0.3211733996868133,0,0.1155551895499229,0,0.4039280116558075,0,0.6054457426071167
0,0.029834808781743,0,0.0121154319494962,0,0.0076544140465557,0,0.1868687570095062
0,0.0615120790898799,0,0.0483062788844108,0,0.0075275367125868,0,0.0403175577521324
0,0.2106081843376159,0,0.0296873301267623,0,0.0459746569395065,0,0.2386931180953979
0,0.0258536636829376,0,0.0339833348989486,0,0.0145267024636268,0,0.0058684921823441
0,0.3637702167034149,0,0.048981674015522,0,0.2420589178800583,0,0.1859857887029647
0,0.2536560893058777,0,0.081627145409584,0,0.3565560281276703,0,0.1509205102920532
0,0.4378780126571655,0,0.3703534007072449,0,0.6900376677513123,0,0.2732733190059662
0,0.7759779095649719,0,0.736149787902832,0,0.9625605940818788,0,0.9250969290733336
0,0.7021647691726685,0,0.7726101875305176,0,0.6923538446426392,0,0.8626369833946228
0,0.2234272956848144,0,0.3459201455116272,0,0.4546111524105072,0,0.5213043689727783
0,0.0083657605573534,0,0.0039410470053553,0,0.0005168170901015,0,0.001137213781476
0,0.005744747351855,0,0.0016131841111928,0,0.0008234127308242,0,0.0063350005075335
0,0.1939729750156402,0,0.4536592662334442,0,0.8526090979576111,0,0.3666209280490875
0,0.1343335211277008,0,0.3751784265041351,0,0.6338647603988647,0,0.0608742907643318
0,0.0060517601668834,0,0.0076586962677538,0,0.0008002383401617,0,0.0015193680301308
0,0.0721952021121978,0,0.0315199792385101,0,0.0111232558265328,0,0.0022787621710449
0,0.0485865361988544,0,0.3794495761394501,0,0.0334709957242012,0,0.0784885957837104
0,0.0503550730645656,0,0.026535727083683,0,0.0081780767068266,0,0.020148204639554
0,0.025115618482232,0,0.0149531392380595,0,0.0030721288640052,0,0.0234593581408262
0,0.1704199016094207,0,0.2014892995357513,0,0.0334509387612342,0,0.0420899577438831
0,0.1644896268844604,0,0.5375539660453796,0,0.2786924839019775,0,0.2094305008649826
0,0.0614326149225235,0,0.0632395073771476,0,0.0096883345395326,0,0.0303048230707645
0,0.108598917722702,0,0.0555781163275241,0,0.5021412372589111,0,0.2826499342918396
0,0.1523153483867645,0,0.3087110221385956,0,0.1219312101602554,0,0.2255067378282547
0,0.6300161480903625,0,0.4286741018295288,0,0.7588193416595459,0,0.2170467525720596
0,0.0905602127313613,0,0.0917302221059799,0,0.2552960216999054,0,0.3009761571884155
0,0.1706520020961761,0,0.0296829305589199,0,0.0832867547869682,0,0.0439876429736614
0,0.160521999001503,0,0.0594169460237026,0,0.3758276998996734,0,0.2335550487041473
0,0.1220507100224495,0,0.0186791010200977,0,0.0396781116724014,0,0.054382748901844
0,0.1183998137712478,0,0.1780297458171844,0,0.4630525410175323,0,0.4472123980522156
0,0.1414572894573211,0,0.088637076318264,0,0.379389613866806,0,0.2624667286872864
0,0.1061688587069511,0,0.0226156879216432,0,0.0162074491381645,0,0.2784914970397949
0,0.0239817053079605,0,0.0152857853099703,0,0.0011111620115116,0,0.0055382782593369
0,0.0385596342384815,0,0.1402317136526107,0,0.1009506583213806,0,0.0173145066946744
0,0.0201703812927007,0,0.0011829518480226,0,0.0010833353735506,0,0.0218594241887331
0,0.4948923885822296,0,0.3704280257225036,0,0.1124777048826217,0,0.6104832887649536
0,0.0160626582801342,0,0.0759953334927558,0,0.0036304388195276,0,0.0353352576494216
0,0.0175275057554245,0,0.0930941700935363,0,0.0042611979879438,0,0.0676160082221031
0,0.0143542969599366,0,0.1038587316870689,0,0.0046047177165746,0,0.0662102550268173
0,0.4390603601932525,0,0.5566060543060303,0,0.5696032643318176,0,0.7465505599975586
0,0.1863261312246322,0,0.4983505308628082,0,0.0114219617098569,0,0.1494008898735046
0,0.203736662864685,0,0.4072114527225494,0,0.5385692119598389,0,0.1868662536144256
0,0.0930268242955207,0,0.0049761463887989,0,0.0018005814636126,0,0.0466710813343524
0,0.0875719338655471,0,0.0488150045275688,0,0.0014671623939648,0,0.0262895729392766
0,0.2152751386165619,0,0.1281867623329162,0,0.0765243992209434,0,0.0531757585704326
0,0.0320204608142375,0,0.0114914216101169,0,0.0016954438760876,0,0.0132726822048425
0,0.0143667422235012,0,0.0278618615120649,0,0.026993365958333,0,0.0031448444351553
0,0.0132111236453056,0,0.0446261204779148,0,0.0159427225589752,0,0.0080758454278111
0,0.1500983983278274,0,0.0091253696009516,0,0.0121649550274014,0,0.0144306635484099
0,0.018087251111865,0,0.0403795801103115,0,0.012875790707767,0,0.0060111926868557
0,0.3729842603206634,0,0.1397295296192169,0,0.5597156882286072,0,0.2736401557922363
0,0.2452090680599212,0,0.1181744113564491,0,0.3001628220081329,0,0.1589075773954391
0,0.1912179589271545,0,0.1390447318553924,0,0.2128835618495941,0,0.1164768934249877
0,0.2508255541324615,0,0.2167659401893615,0,0.3114995658397674,0,0.1938370913267135
0,0.0266613978892564,0,0.0051850941963493,0,0.0143267316743731,0,0.0113955345004796
0,0.0298259798437356,0,0.0090926866978406,0,0.0030686843674629,0,0.0288402885198593
0,0.0101072285324335,0,0.0110502736642956,0,0.0003426901239436,0,0.013325510546565
0,0.0566369220614433,0,0.002237140899524,0,0.0016885068034753,0,0.0344705991446971
0,0.0372948423027992,0,0.0116833643987774,0,0.0230029039084911,0,0.0684176683425903
0,0.0887543410062789,0,0.0297828670591115,0,0.0128882760182023,0,0.0698007494211196
0,0.030439605936408,0,0.0113945789635181,0,0.0214625336229801,0,0.0787119790911674
0,0.0531753972172737,0,0.0143981548026204,0,0.0046560890041291,0,0.030308062210679
0,0.03519032523036,0,0.0092382133007049,0,0.002177208662033,0,0.0275354664772748
0,0.0368070192635059,0,0.0056069679558277,0,0.0023280880413949,0,0.0044155581854283
0,0.0100676780566573,0,0.0015641109785065,0,0.0006126842345111,0,0.0040218364447355
0,0.0405005663633346,0,0.0052794450893998,0,0.0013680205447599,0,0.0021772109903395
0,0.0078297117725014,0,0.001848280779086,0,0.000652334827464,0,0.0026616884861141
0,0.0280397422611713,0,0.0031964215449988,0,0.0004696717078331,0,0.0033409581519663
0,0.0410319417715072,0,0.0792322531342506,0,0.0008762421202845,0,0.0058240941725671
0,0.0460126399993896,0,0.0212441980838775,0,0.010287937708199,0,0.0327976047992706
0,0.046851921826601,0,0.0543894805014133,0,0.0007168755983002,0,0.0064479135908186
0,0.0065540606155991,0,0.0225713048130273,0,0.0028336991090327,0,0.0012462123995646
0,0.0154746072366833,0,0.0041912118904292,0,0.002831642050296,0,0.0187040455639362
0,0.0486089251935482,0,0.1204436048865318,0,0.0014565491583198,0,0.0156098641455173
0,0.0320116989314556,0,0.0109785310924053,0,0.0426054112613201,0,0.029011258855462
0,0.0333511345088481,0,0.0073673320002853,0,0.0064210868440568,0,0.0164730027318
0,0.0237885303795337,0,0.0120963277295231,0,0.0150019815191626,0,0.0087943170219659
0,0.0227384530007839,0,0.0326410047709941,0,0.0263019092381,0,0.0170126166194677
0,0.0379666350781917,0,0.0443571880459785,0,0.004164389334619,0,0.0190535597503185
0,0.0167491789907217,0,0.020349733531475,0,0.0028718847315758,0,0.003681780071929
0,0.0159689038991928,0,0.0083491466939449,0,0.0018114201957359,0,0.0046585844829678
0,0.5871843099594116,0,0.4870980679988861,0,0.716741144657135,0,0.7800220251083374
0,0.5217692852020264,0,0.5434390902519226,0,0.6606075167655945,0,0.717453122138977
0,0.5608640313148499,0,0.5881369709968567,0,0.6440236568450928,0,0.7656763195991516
0,0.0457587577402591,0,0.01301184669137,0,0.0016270703636109,0,0.0190454553812742
0,0.0159951373934745,0,0.3945112526416778,0,0.1088870763778686,0,0.3328126072883606
0,0.016166178509593,0,0.0555699281394481,0,0.0230642929673194,0,0.2610150277614593
0,0.0319853909313678,0,0.0109999142587184,0,0.0012345666764304,0,0.0137403178960084
0,0.0380679741501808,0,0.2295082211494445,0,0.0175337065011262,0,0.6242456436157227
0,0.0245073176920413,0,0.0206114072352647,0,0.0128890881314873,0,0.1026669517159462
0,0.0343097262084484,0,0.0076763103716075,0,0.0003358549729455,0,0.0454010479152202
0,0.0867299363017082,0,0.615765392780304,0,0.0985655188560485,0,0.5747216939926147
0,0.0379554741084575,0,0.2666382789611816,0,0.1419684290885925,0,0.2801388502120971
0,0.8165380358695984,0,0.8344361186027527,0,0.6702532768249512,0,0.9390934109687804
0,0.3727515339851379,0,0.3534013330936432,0,0.2510047554969787,0,0.3531761467456817
0,0.0518508851528167,0,0.0189406927675008,0,0.0179932694882154,0,0.0259131677448749
0,0.4049126207828522,0,0.3954903483390808,0,0.2898820638656616,0,0.3209521472454071
0,0.1344984620809555,0,0.0309134703129529,0,0.0095429113134741,0,0.0611844547092914
0,0.3880767524242401,0,0.3696184754371643,0,0.2449949979782104,0,0.3139260709285736
0,0.0525942929089069,0,0.0237260535359382,0,0.0076659438200294,0,0.0189682599157094
0,0.0087966248393058,0,0.0001925338438013,0,0.0002656169526744,0,0.0061517180874943
0,0.0094494288787245,0,0.0018987979274243,0,0.0020680222660303,0,0.0006333671626634
0,0.0032523814588785,0,0.0002506791206542,0,0.0001844156213337,0,0.0078552421182394
0,0.0108627136796712,0,0.0020878172945231,0,0.000801921938546,0,0.0007759953150525
0,0.276624321937561,0,0.0802030116319656,0,0.8627683520317078,0,0.1577057242393493
0,0.731212317943573,0,0.6965769529342651,0,0.5184692144393921,0,0.8007659316062927
0,0.6457975506782532,0,0.4922857284545898,0,0.1061460524797439,0,0.0274758543819189
0,0.0627414807677269,0,0.2058728784322738,0,0.1080507114529609,0,0.1580331176519394
0,0.7921187281608582,0,0.6809396147727966,0,0.4891592860221863,0,0.822688639163971
0,0.6870462894439697,0,0.5710373520851135,0,0.1852430254220962,0,0.0958589911460876
0,0.08346439152956,0,0.3134680092334747,0,0.2187506258487701,0,0.2469410151243209
0,0.0344127267599105,0,0.0019885539077222,0,0.0003964431234635,0,0.0459613353013992
0,0.7785019278526306,0,0.7117550373077393,0,0.3161121904850006,0,0.7397615313529968
0,0.6821374297142029,0,0.6293948292732239,0,0.1621037721633911,0,0.1523117274045944
0,0.0991880223155021,0,0.2202591896057129,0,0.227894976735115,0,0.2864794731140136
0,0.0108769042417407,0,0.0012883831514045,0,0.0001722982851788,0,0.0116364639252424
0,0.0743839219212532,0,0.1269644349813461,0,0.0614915490150451,0,0.0648410394787788
0,0.0936360731720924,0,0.1135767996311187,0,0.0087159974500536,0,0.1282049715518951
1,0.3654553592205047,1,0.3990987241268158,1,0.7410895824432373,1,0.5410163402557373
1,0.5690792798995972,1,0.3845114111900329,1,0.6364317536354065,1,0.6189956665039062
1,0.523651659488678,1,0.3230748474597931,1,0.5276852250099182,1,0.5574269890785217
1,0.5366441607475281,1,0.4281191527843475,1,0.443096250295639,1,0.6885445713996887
1,0.5844414234161377,1,0.7763518691062927,1,0.799391508102417,1,0.7608568668365479
1,0.7101022005081177,1,0.6714177131652832,1,0.7067320346832275,1,0.7832396030426025
1,0.1183705180883407,1,0.0873148143291473,1,0.1320819407701492,1,0.3543745875358581
1,0.228622555732727,1,0.3800837099552154,1,0.3663761913776397,1,0.4075407981872558
1,0.4018431007862091,1,0.1815628856420517,1,0.8550586700439453,1,0.7187238335609436
1,0.3129214942455292,1,0.0671819373965263,1,0.0878043100237846,1,0.3835307657718658
1,0.1377405226230621,1,0.1886856704950332,1,0.3515795469284057,1,0.2071803957223892
1,0.2850872278213501,1,0.6029823422431946,1,0.7257288694381714,1,0.6927952170372009
1,0.0231122374534606,1,0.0059117330238223,1,0.0057682455517351,1,0.1969159394502639
1,0.4186632335186004,1,0.5706878304481506,1,0.4305289983749389,1,0.6221932172775269
1,0.5700696706771851,1,0.664378821849823,1,0.9181793928146362,1,0.4411909878253937
1,0.6795812845230103,1,0.7287694811820984,1,0.8366489410400391,1,0.3693191707134247
1,0.2814580202102661,1,0.3883091807365417,1,0.5051586627960205,1,0.3882941007614136
1,0.3511218130588531,1,0.4039791524410248,1,0.6279736161231995,1,0.4759906530380249
1,0.6959684491157532,1,0.6567863821983337,1,0.8600764870643616,1,0.8636667132377625
1,0.3135260939598083,1,0.3301363587379455,1,0.4484629929065704,1,0.1291946023702621
1,0.2279584407806396,1,0.3354538679122925,1,0.2191677093505859,1,0.0736392438411712
1,0.3849785923957824,1,0.3664624691009521,1,0.5504915118217468,1,0.2140846848487854
1,0.0564651899039745,1,0.0155911399051547,1,0.114576332271099,1,0.1118996068835258
1,0.467953622341156,1,0.4328891038894653,1,0.6736971139907837,1,0.6505445241928101
1,0.5886339545249939,1,0.6105915904045105,1,0.7384806871414185,1,0.7687464356422424
1,0.2853243350982666,1,0.2834092080593109,1,0.2584014236927032,1,0.2279611676931381
1,0.9525649547576904,1,0.7848454117774963,1,0.9858814477920532,1,0.94893217086792
0,0.2633589208126068,0,0.3505800068378448,0,0.5724393129348755,0,0.1742858588695526
0,0.0581123828887939,0,0.1003418862819671,0,0.023230604827404,0,0.022531121969223
0,0.0160502642393112,0,0.0011970641789957,0,0.0007309807115234,0,0.0030305236577987
0,0.0085507677868008,0,0.0016660063993185,0,0.0005825890111736,0,0.0055927936919033
0,0.0248844120651483,0,0.0531746633350849,0,0.0256090611219406,0,0.013988017104566
0,0.4844102561473846,0,0.4082580804824829,0,0.706508219242096,0,0.3468982875347137
0,0.0161847919225692,0,0.0323436819016933,0,0.0202014092355966,0,0.0064642401412129
0,0.4892111420631408,0,0.4053793847560882,0,0.8791125416755676,0,0.3888814449310303
0,0.0343238227069377,0,0.0493782237172126,0,0.0128056462854146,0,0.0053134905174374
0,0.0191458631306886,0,0.0199143532663583,0,0.0090278098359704,0,0.0057968241162598
0,0.0287989117205142,0,0.079957015812397,0,0.0177466943860054,0,0.0156503766775131
0,0.212503582239151,0,0.0348046123981475,0,0.1620831489562988,0,0.266770452260971
0,0.4014052152633667,0,0.5010474324226379,0,0.9671581983566284,0,0.7759661674499512
0,0.0385395847260952,0,0.0681571513414383,0,0.0496136285364627,0,0.0394380129873752
0,0.3251687288284302,0,0.2108593881130218,0,0.8346706032752991,0,0.1913180351257324
0,0.2727552056312561,0,0.4069429337978363,0,0.0284234173595905,0,0.0098514193668961
0,0.3162495791912079,0,0.2112433314323425,0,0.0228665918111801,0,0.0138430949300527
0,0.3019342124462127,0,0.3238499462604522,0,0.0233748573809862,0,0.0147322807461023
0,0.3142149448394775,0,0.2795621752738952,0,0.0080660190433263,0,0.0253025125712156
0,0.3552716374397278,0,0.5855938196182251,0,0.0820127725601196,0,0.0275082252919673
0,0.0290076006203889,0,0.1254718005657196,0,0.0586665421724319,0,0.1473582834005355
0,0.0258296597748994,0,0.1182087361812591,0,0.053933672606945,0,0.184755802154541
0,0.3722129464149475,0,0.5450139045715332,0,0.8067497611045837,0,0.7866976857185364
0,0.003640903159976,0,0.0036665764637291,0,0.0020384523086249,0,0.011496297083795
0,0.5376636981964111,0,0.5013983845710754,0,0.9108974933624268,0,0.3345751762390136
0,0.6544161438941956,0,0.5899187922477722,0,0.800501823425293,0,0.2558068037033081
0,0.0526907853782177,0,0.0153284324333071,0,0.0370293445885181,0,0.1761312335729599
0,0.0746241211891174,0,0.3804896473884582,0,0.0362143293023109,0,0.3948113024234772
0,0.132098838686943,0,0.5156861543655396,0,0.3219318687915802,0,0.1076400503516197
0,0.0203630402684211,0,0.0029291303362697,0,0.0032108328305184,0,0.0154155381023883
0,0.0203194785863161,0,0.0099170319736003,0,0.0015081341844052,0,0.0331732630729675
0,0.0582382977008819,0,0.0095891701057553,0,0.0083235995844006,0,0.041495855897665
0,0.0433172211050987,0,0.0156800094991922,0,0.0023663772735744,0,0.0244174823164939
0,0.1397686898708343,0,0.0504434183239936,0,0.1470302641391754,0,0.0730875208973884
0,0.0088027967140078,0,0.0074758064001798,0,0.0033077031839638,0,0.0022480909246951
0,0.0103374421596527,0,0.004604369867593,0,0.0082756159827113,0,0.0130229284986853
0,0.0115214185789227,0,0.0020118243992328,0,0.0001353001134702,0,0.00080891296966
0,0.0064458488486707,0,0.003243203042075,0,0.0008027753210626,0,0.0021451255306601
0,0.0325262136757373,0,0.0059452499262988,0,0.0054957373067736,0,0.0049284701235592
0,0.0205488298088312,0,0.0203319080173969,0,0.0038092501927167,0,0.0133762881159782
0,0.0295195970684289,0,0.0099647082388401,0,0.0021389776375144,0,0.0156496651470661
0,0.0676574185490608,0,0.0484871789813041,0,0.0042071468196809,0,0.0198202319443225
0,0.0282727796584367,0,0.0052097486332058,0,0.0174574628472328,0,0.006380196660757
0,0.0095123844221234,0,0.0070933983661234,0,0.0005039375391788,0,0.0002112352231051
0,0.0261393301188945,0,0.0233919713646173,0,0.0037833794485777,0,0.0468008928000927
0,0.0409956537187099,0,0.0159841142594814,0,0.0029123665299266,0,0.0168704558163881
0,0.0226546935737133,0,0.2610813081264496,0,0.0264901593327522,0,0.0118360696360468
0,0.8142991065979004,0,0.3935268819332123,0,0.4790563285350799,0,0.6901847124099731
0,0.1371549814939499,0,0.0288717560470104,0,0.005759956780821,0,0.0452447682619094
0,0.4068111181259155,0,0.4367921054363251,0,0.6577615737915039,0,0.6860098242759705
0,0.4343604147434234,0,0.4559248089790344,0,0.4109169840812683,0,0.6338452100753784
0,0.0353703945875167,0,0.0150018977001309,0,0.0053083542734384,0,0.0226769503206014
0,0.2947965860366821,0,0.295047253370285,0,0.6275569796562195,0,0.6302966475486755
0,0.335121750831604,0,0.311674952507019,0,0.6093035340309143,0,0.6266019940376282
0,0.0291854795068502,0,0.0073523456230759,0,0.0027829939499497,0,0.0050845430232584
0,0.0309131499379873,0,0.0080775180831551,0,0.0028468216769397,0,0.0050700157880783
0,0.0277078263461589,0,0.006857946049422,0,0.0030645530205219,0,0.0059207044541835
0,0.0194616597145795,0,0.0057186088524758,0,0.0011631065281108,0,0.00221808697097
0,0.0154629806056618,0,0.0046289470046758,0,0.0009017112897709,0,0.0020445883274078
0,0.0517114400863647,0,0.0182907041162252,0,0.1350993663072586,0,0.0152674922719597
0,0.0096565308049321,0,0.0648946985602378,0,0.0025763933081179,0,0.0082488786429166
0,0.0108223734423518,0,0.069637082517147,0,0.0079082120209932,0,0.0101050958037376
0,0.1433412432670593,0,0.6711991429328918,0,0.1253571808338165,0,0.0403156876564025
0,0.0128209069371223,0,0.1005896404385566,0,0.00306182121858,0,0.0253721494227647
0,0.0130459750071167,0,0.0764667466282844,0,0.0261997431516647,0,0.0906087979674339
0,0.0051023568958044,0,0.0030238046310842,0,0.0020129296462982,0,0.0034855222329497
0,0.0122200464829802,0,0.0035152661148458,0,0.0020150747150182,0,0.0021784065756946
0,0.008730792440474,0,0.0020114951767027,0,0.0007305809413082,0,0.0015731854364275
0,0.0181068629026412,0,0.0058567891828715,0,0.0053043570369482,0,0.0057628382928669
0,0.0065286760218441,0,0.0066814292222261,0,0.0015786902513355,0,0.0016751184593886
0,0.2906122207641601,0,0.1163121089339256,0,0.1972102373838424,0,0.3128367960453033
0,0.0084523065015673,0,0.0044539556838572,0,0.0004383153864182,0,0.0068396115675568
0,0.0121141364797949,0,0.003056350396946,0,0.0020132639911025,0,0.0056583411060273
0,0.1093417853116989,0,0.1497995555400848,0,0.0213727466762065,0,0.1610032469034195
0,0.0382524281740188,0,0.0740518867969513,0,0.0078570041805505,0,0.0683339387178421
0,0.0182643290609121,0,0.0100049907341599,0,0.0050537218339741,0,0.0115104978904128
0,0.4506974518299103,0,0.539696455001831,0,0.7527576684951782,0,0.3237861096858978
0,0.3418929576873779,0,0.1461313217878341,0,0.2311115264892578,0,0.0693857222795486
0,0.1984272450208664,0,0.2627347111701965,0,0.0404492393136024,0,0.2281199842691421
0,0.1596483737230301,0,0.2853322327136993,0,0.1819749027490615,0,0.3330022990703583
0,0.3815531730651855,0,0.4077997803688049,0,0.4630325138568878,0,0.4046685695648193
0,0.0315176919102668,0,0.1470342129468917,0,0.1343204528093338,0,0.3953162431716919
0,0.0103072887286543,0,0.0202149953693151,0,0.0058901109732687,0,0.0054083103314042
0,0.0126757407560944,0,0.0148055236786603,0,0.0059531456790864,0,0.0044337227009236
0,0.0130013413727283,0,0.0141494525596499,0,0.0042809210717678,0,0.003627649275586
0,0.1490929126739502,0,0.2526699006557464,0,0.2546367347240448,0,0.3731355369091034
0,0.0327946729958057,0,0.0111067676916718,0,0.0018230130663141,0,0.0041371514089405
0,0.129890039563179,0,0.3786626756191253,0,0.0537546873092651,0,0.4244844913482666
0,0.2538702189922333,0,0.2471993118524551,0,0.0105621134862303,0,0.102344237267971
0,0.0151406219229102,0,0.0355540812015533,0,0.0515834689140319,0,0.0050018662586808
0,0.0110236359760165,0,0.0039907521568238,0,0.0054770950227975,0,0.0012833880027756
0,0.0558267459273338,0,0.09569051861763,0,0.0138347195461392,0,0.0294514670968055
0,0.0531737767159938,0,0.1645741015672683,0,0.026591207832098,0,0.0143704172223806
0,0.0644072219729423,0,0.1338814795017242,0,0.0176500268280506,0,0.0103632556274533
0,0.0485715046525001,0,0.0166448913514614,0,0.0170534439384937,0,0.0149973314255476
0,0.0297072399407625,0,0.0736616924405098,0,0.0096487775444984,0,0.0083330040797591
0,0.4097201228141784,0,0.2692254781723022,0,0.3583467602729797,0,0.2737214863300323
0,0.0339779369533062,0,0.0027061274740844,0,0.0005092248902656,0,0.0210811663419008
0,0.0710618942975997,0,0.024762213230133,0,0.0171861611306667,0,0.0139592802152037
0,0.0241583790630102,0,0.0456359572708606,0,0.1385176181793213,0,0.1204568296670913
0,0.0140487654134631,0,0.0227007512003183,0,0.0815447196364402,0,0.0442155636847019
0,0.0058581000193953,0,0.0023048927541822,0,0.0007415231666527,0,0.0041780080646276
0,0.0397090464830398,0,0.0526808612048625,0,0.0213539134711027,0,0.0255384054034948
0,0.0481740571558475,0,0.0172867234796285,0,0.0884610265493393,0,0.1292245090007782
0,0.0138548566028475,0,0.0040874388068914,0,0.0030166208744049,0,0.1013312935829162
0,0.0640704631805419,0,0.0106406072154641,0,0.1862099170684814,0,0.8024863600730896
0,0.0202340818941593,0,0.0052152052521705,0,0.003942952491343,0,0.1568100750446319
0,0.0463332645595073,0,0.0147403962910175,0,0.1135274171829223,0,0.0937297493219375
0,0.0138929625973105,0,0.0037204748950898,0,0.0028140200302004,0,0.0811234414577484
0,0.2408522963523864,0,0.6729950904846191,0,0.4314067661762237,0,0.3431935906410217
0,0.0950430631637573,0,0.51467365026474,0,0.5887522101402283,0,0.4114498496055603
0,0.0299553368240594,0,0.0090669440105557,0,0.0397257804870605,0,0.0160584151744842
0,0.0235073845833539,0,0.0259375814348459,0,0.0058705871924757,0,0.0760324373841285
0,0.0251335930079221,0,0.014132922515273,0,0.1175395771861076,0,0.0169199332594871
0,0.0254015512764453,0,0.0773794651031494,0,0.0114704566076397,0,0.1756290644407272
0,0.0163034182041883,0,0.0066379741765558,0,0.1221381872892379,0,0.0144073935225605
0,0.0270047783851623,0,0.0194940492510795,0,0.0037036058492958,0,0.0312794856727123
0,0.0061397533863782,0,0.0127028692513704,0,0.0016189927700906,0,0.0003526973887346
0,0.0332726687192916,0,0.0193912517279386,0,0.0293627306818962,0,0.014294465072453
0,0.0172360241413116,0,0.0785292312502861,0,0.0029717728029936,0,0.0362739339470863
0,0.0275310762226581,0,0.2337333112955093,0,0.0154443634673953,0,0.003415327752009
0,0.0254273321479558,0,0.2267173677682876,0,0.0164238773286342,0,0.1265406161546707
0,0.0206003952771425,0,0.0327397957444191,0,0.0012063668109476,0,0.0018779599340632
0,0.0049186274409294,0,0.0115398922935128,0,0.001447191578336,0,0.0005589962238445
0,0.0266076773405075,0,0.0094842175021767,0,0.0092081865295767,0,0.013595962896943
0,0.0183335337787866,0,0.0122016016393899,0,0.0098134437575936,0,0.0105741303414106
0,0.027562266215682,0,0.0069059310480952,0,0.0104494439437985,0,0.0166618917137384
0,0.0116756744682788,0,0.0574958510696888,0,0.001232694950886,0,0.0005088833277113
0,0.0314841158688068,0,0.0034590945579111,0,0.0069157583639025,0,0.0169976465404033
0,0.024466972798109,0,0.0203986372798681,0,0.0066165840253233,0,0.0502417869865894
0,0.0182112418115139,0,0.0031282387208193,0,0.0031268335878849,0,0.0264103170484304
0,0.4817114472389221,0,0.1156328469514846,0,0.4640755951404571,0,0.0920983478426933
0,0.0484328307211399,0,0.1769593656063079,0,0.0633363500237464,0,0.0233073253184556
0,0.0943206176161766,0,0.1373615264892578,0,0.0826782286167144,0,0.1313514113426208
0,0.300958514213562,0,0.3287083208560943,0,0.4112260341644287,0,0.7989256381988525
0,0.0607212595641613,0,0.055274274200201,0,0.0293949022889137,0,0.0298782885074615
0,0.053374245762825,0,0.0578675307333469,0,0.0202321354299783,0,0.017526963725686
0,0.0550582036375999,0,0.0579171106219291,0,0.0143647855147719,0,0.0199000965803861
0,0.0330257527530193,0,0.0644564032554626,0,0.0143192652612924,0,0.0365570373833179
0,0.019821623340249,0,0.0073854937218129,0,0.0009176451712846,0,0.0025107422843575
0,0.2769419550895691,0,0.182462990283966,0,0.2019573301076889,0,0.4053378701210022
0,0.0636502206325531,0,0.1929187476634979,0,0.0553070046007633,0,0.0615811012685298
0,0.0136899221688508,0,0.0245843883603811,0,0.0014082472771406,0,0.0044699222780764
0,0.2007665783166885,0,0.1005181223154068,0,0.1767530739307403,0,0.3821772933006286
0,0.17642343044281,0,0.174056738615036,0,0.6875389814376831,0,0.1717545390129089
0,0.0162261612713336,0,0.0170441195368766,0,0.0016070711426436,0,0.0125832185149192
0,0.0495960228145122,0,0.0059083742089569,0,0.0135053070262074,0,0.2525685727596283
0,0.6226473450660706,0,0.7573494911193848,0,0.7614879012107849,0,0.3126670122146606
0,0.500167965888977,0,0.6888258457183838,0,0.628524661064148,0,0.599863588809967
0,0.5320473313331604,0,0.7100696563720703,0,0.6187903881072998,0,0.6563640236854553
0,0.0346458591520786,0,0.0555167235434055,0,0.0069525106810033,0,0.0082574384286999
0,0.0298989601433277,0,0.0588183142244815,0,0.0039182165637612,0,0.0077527561224997
0,0.0398925580084323,0,0.0262093860656023,0,0.0052988803945481,0,0.0119710536673665
0,0.0274025555700063,0,0.0094014815986156,0,0.018593605607748,0,0.0361657962203025
0,0.0439976453781127,0,0.0770266056060791,0,0.0387347377836704,0,0.1372690498828888
0,0.065018817782402,0,0.1415622383356094,0,0.0388677977025508,0,0.1379130780696869
0,0.0261038374155759,0,0.0657902732491493,0,0.017710855230689,0,0.0288831293582916
0,0.359404593706131,0,0.0566254593431949,0,0.1905402392148971,0,0.1827294677495956
0,0.0490341894328594,0,0.2680612206459045,0,0.0289982724934816,0,0.2767882049083709
0,0.0300417970865964,0,0.0022192841861397,0,0.0034866039641201,0,0.0017815475584939
0,0.0416782237589359,0,0.011720516718924,0,0.0164126064628362,0,0.0067540709860622
0,0.0134783536195755,0,0.0067199929617345,0,0.0021159711759537,0,0.0276838149875402
0,0.2171031981706619,0,0.2032281160354614,0,0.0298193637281656,0,0.1070352718234062
0,0.0237084422260522,0,0.1021515652537345,0,0.0023846919648349,0,0.1161440387368202
0,0.0278359446674585,0,0.0018425163580104,0,0.0001532014284748,0,0.0034508476965129
0,0.0530393086373806,0,0.012595422565937,0,0.0025688926689326,0,0.0070661068893969
0,0.1355783492326736,0,0.0264754686504602,0,0.1206471771001815,0,0.1168033108115196
0,0.0119201205670833,0,0.0016370783559978,0,0.0010970075381919,0,0.014883323572576
0,0.2617430388927459,0,0.2095603346824646,0,0.0497827753424644,0,0.104223184287548
0,0.0741565003991127,0,0.1832762658596038,0,0.0058882823213934,0,0.2542104125022888
0,0.0201972778886556,0,0.0012891736114397,0,0.0001253313093911,0,0.0011418043868616
0,0.0269493162631988,0,0.0123298512771725,0,0.0025446896906942,0,0.005375828128308
0,0.017664847895503,0,0.0033867752645164,0,0.001040642033331,0,0.0149692092090845
0,0.2067413926124572,0,0.1797382980585098,0,0.0385633707046508,0,0.121482066810131
0,0.0345842726528644,0,0.1493409574031829,0,0.0497489310801029,0,0.0215691290795803
0,0.1419727355241775,0,0.2489432245492935,0,0.1883977204561233,0,0.4129487574100494
0,0.013414142653346,0,0.0249662958085536,0,0.0012850876664742,0,0.0011391828302294
0,0.0259128212928771,0,0.0642455369234085,0,0.0021861284039914,0,0.0026138979010283
0,0.0299851670861244,0,0.0201410427689552,0,0.005086610559374,0,0.1531370431184768
0,0.2392623871564865,0,0.2873212993144989,0,0.118086501955986,0,0.1239809095859527
0,0.3146419823169708,0,0.2951949834823608,0,0.4253711700439453,0,0.2414414286613464
0,0.5689929127693176,0,0.6508296132087708,0,0.6775977611541748,0,0.780751645565033
0,0.0272842142730951,0,0.0243095252662897,0,0.0965324640274047,0,0.0696783736348152
0,0.1708913296461105,0,0.0423367395997047,0,0.3460566997528076,0,0.42459437251091
0,0.0082734217867255,0,0.0014973091892898,0,0.0003371975035406,0,0.0069265775382518
0,0.1258089542388916,0,0.0468602813780307,0,0.206799030303955,0,0.0834687277674675
0,0.0208978801965713,0,0.0213429015129804,0,0.0619963333010673,0,0.0510534457862377
0,0.0195782110095024,0,0.0030368806328624,0,0.0007614186615683,0,0.0074165579862892
0,0.2257864475250244,0,0.0934648662805557,0,0.3584637641906738,0,0.3920418918132782
0,0.0716196969151496,0,0.0263635329902172,0,0.1055128946900367,0,0.0818538591265678
0,0.1246205642819404,0,0.0322364345192909,0,0.3215701282024383,0,0.2657548487186432
0,0.0352403074502944,0,0.0454236641526222,0,0.4354296624660492,0,0.1531363725662231
0,0.015153419226408,0,0.0021948853973299,0,0.0006319363019429,0,0.0344886966049671
0,0.087658517062664,0,0.0533281378448009,0,0.3158679604530334,0,0.1429532617330551
0,0.009511113166809,0,0.0655355527997016,0,0.0008034788770601,0,0.0030855999793857
0,0.0070585063658654,0,0.019868491217494,0,0.0017705170903354,0,0.0076999086886644
0,0.0096634468063712,0,0.0393320806324481,0,0.001364134484902,0,0.0034236102364957
0,0.0657175183296203,0,0.4480564594268799,0,0.3265077769756317,0,0.1809329390525818
0,0.0137336049228906,0,0.0264743063598871,0,0.0026505824644118,0,0.008936314843595
0,0.016041899099946,0,0.0238969195634126,0,0.0007671560742892,0,0.0051157968118786
0,0.5773788690567017,0,0.3087898790836334,0,0.6085653901100159,0,0.6411868333816528
0,0.0530516542494297,0,0.1739791631698608,0,0.0184027105569839,0,0.034097135066986
0,0.0496462620794773,0,0.0173820573836565,0,0.0029407606925815,0,0.0304501578211784
0,0.1622529625892639,0,0.0432611443102359,0,0.0232699401676654,0,0.103408932685852
0,0.0440093800425529,0,0.1220230162143707,0,0.0192662738263607,0,0.0260821692645549
0,0.1747239381074905,0,0.0669139102101326,0,0.0206952858716249,0,0.1027813926339149
0,0.0819914862513542,0,0.0263422634452581,0,0.0057674054987728,0,0.0515798218548297
0,0.1828414350748062,0,0.0764233320951461,0,0.0268842596560716,0,0.1315977871417999
0,0.0395900756120681,0,0.0628831088542938,0,0.0154182184487581,0,0.0500561334192752
0,0.2196167111396789,0,0.1050418019294738,0,0.0215371288359165,0,0.1660741865634918
0,0.0081336321309208,0,0.0066237240098416,0,0.000294281868264,0,0.0007293107919394
0,0.201846107840538,0,0.4478834569454193,0,0.0327194482088089,0,0.0627969205379486
0,0.0337578244507312,0,0.0461528077721595,0,0.0081802038475871,0,0.0114314416423439
0,0.02192641235888,0,0.0253789648413658,0,0.0004188900929875,0,0.0092362063005566
0,0.246377095580101,0,0.369646817445755,0,0.0220383424311876,0,0.0619339980185031
0,0.0424076244235038,0,0.030697863548994,0,0.0093115381896495,0,0.0102219032123684
0,0.5211498141288757,0,0.4920072853565216,0,0.5471638441085815,0,0.0777323693037033
0,0.0950759798288345,0,0.1916578114032745,0,0.2568258047103882,0,0.1190193593502044
0,0.0755021497607231,0,0.1046913117170333,0,0.0204858388751745,0,0.1231366693973541
0,0.0309294462203979,0,0.2828804850578308,0,0.0295356251299381,0,0.0107582993805408
0,0.0260273646563291,0,0.3118890523910522,0,0.0187107864767313,0,0.0319013074040412
0,0.0398649461567401,0,0.004146160557866,0,0.0058760913088917,0,0.033653374761343
0,0.2541614174842834,0,0.4011943638324737,0,0.5353256464004517,0,0.4168520867824554
0,0.0043189609423279,0,0.0263735596090555,0,0.0155650116503238,0,0.0014258268056437
0,0.005268370732665,0,0.0195695590227842,0,0.0873951017856597,0,0.0028951119165867
0,0.0191314835101366,0,0.0232304036617279,0,0.0204302761703729,0,0.0081782424822449
0,0.0282058548182249,0,0.0313986912369728,0,0.0080084316432476,0,0.0035029789432883
0,0.0649871528148651,0,0.0216044429689645,0,0.0343584194779396,0,0.0097520006820559
0,0.0290209650993347,0,0.0302516147494316,0,0.0285930279642343,0,0.0077414074912667
0,0.0381934307515621,0,0.003895653411746,0,0.0166360437870025,0,0.0188358481973409
0,0.003520215395838,0,0.0191463027149438,0,0.0044632074423134,0,0.0019397865980863
0,0.0801782682538032,0,0.0694096013903617,0,0.0349869802594184,0,0.0318490788340568
0,0.0226573217660188,0,0.0050365151837468,0,0.0004599122330546,0,0.0351923108100891
0,0.0554345212876796,0,0.020200366154313,0,0.0023490386083722,0,0.026043202728033
0,0.1204584091901779,0,0.3384364247322082,0,0.0586787909269332,0,0.1339807212352752
0,0.0214291159063577,0,0.0111930612474679,0,0.0003137492167297,0,0.0084664411842823
0,0.0561775378882885,0,0.0126843126490712,0,0.0005083354772068,0,0.0121783418580889
0,0.0917327031493187,0,0.2924934029579162,0,0.0244783516973257,0,0.0954166874289512
0,0.1876349598169326,0,0.1436482071876526,0,0.3923806250095367,0,0.2239992320537567
0,0.1143673211336135,0,0.2689229249954223,0,0.2463034242391586,0,0.2403664886951446
0,0.0500423945486545,0,0.0106321675702929,0,0.0729924440383911,0,0.0270585846155881
0,0.0561807714402675,0,0.0129213063046336,0,0.0002891843032557,0,0.0331264473497867
0,0.152163490653038,0,0.1861193925142288,0,0.0193671807646751,0,0.0329861231148242
0,0.0250847265124321,0,0.0161750074476003,0,0.0019268502946943,0,0.0189131163060665
0,0.0378827527165412,0,0.0236394703388214,0,0.0153840957209467,0,0.017605822533369
0,0.0319480597972869,0,0.002882971893996,0,0.0004928339621983,0,0.000911000824999
0,0.0678908675909042,0,0.0273883063346147,0,0.0136127406731247,0,0.009320480749011
1,0.4329679608345032,1,0.5347648859024048,1,0.3833000957965851,1,0.4735648930072784
1,0.0964659824967384,1,0.1122578606009483,1,0.3048619329929352,1,0.1473068445920944
1,0.5343191623687744,1,0.5096983909606934,1,0.794381856918335,1,0.8954034447669983
1,0.4665259718894958,1,0.7042345404624939,1,0.1455551087856292,1,0.2681128084659576
1,0.574651300907135,1,0.734761655330658,1,0.5491145849227905,1,0.3240493834018707
1,0.1980675160884857,1,0.1282582432031631,1,0.2447909563779831,1,0.312477171421051
1,0.0515423342585563,1,0.0166456643491983,1,0.1583446562290191,1,0.1651121526956558
1,0.4315041303634643,1,0.128239095211029,1,0.2892284393310547,1,0.3681975901126861
1,0.0369167104363441,1,0.0844698771834373,1,0.0922609120607376,1,0.0212320759892463
1,0.0246214978396892,1,0.0969695895910263,1,0.0911622866988182,1,0.0236037541180849
1,0.1131632402539253,1,0.2408745139837265,1,0.2025627940893173,1,0.0628448203206062
1,0.2082592248916626,1,0.7496743202209473,1,0.410261869430542,1,0.7384344339370728
1,0.6593175530433655,1,0.6957809925079346,1,0.9209616780281068,1,0.7782863974571228
1,0.109399028122425,1,0.0216883681714534,1,0.0011098947143182,1,0.1550182402133941
1,0.5820003151893616,1,0.6419824957847595,1,0.7099507451057434,1,0.8506514430046082
1,0.8000118136405945,1,0.6967478394508362,1,0.9514434933662416,1,0.854245662689209
1,0.3170129954814911,1,0.6840798854827881,1,0.6516080498695374,1,0.1000560522079467
1,0.431387335062027,1,0.7095280885696411,1,0.8420714735984802,1,0.2197921872138977
1,0.2525147497653961,1,0.045178148895502,1,0.0049005197361111,1,0.0016336676198989
1,0.7517062425613403,1,0.7741751670837402,1,0.7941851615905762,1,0.8043209314346313
1,0.1062651872634887,1,0.1235214993357658,1,0.2163695991039276,1,0.2889920175075531
0,0.0346841402351856,0,0.0195872168987989,0,0.0498176142573356,0,0.021015590056777
0,0.0307506453245878,0,0.0114159537479281,0,0.0033953806851059,0,0.0139151457697153
0,0.0216336026787757,0,0.0051222657784819,0,0.0024295742623507,0,0.1179679185152053
0,0.0334382690489292,0,0.0057769287377595,0,0.001585540943779,0,0.0272145234048366
0,0.0147305512800812,0,0.0096895564347505,0,0.0079787876456975,0,0.010468409396708
0,0.0188281666487455,0,0.0602798946201801,0,0.0018948646029457,0,0.0262482464313507
0,0.0980456620454788,0,0.2592912018299103,0,0.1429632902145385,0,0.1552974879741668
0,0.1853140443563461,0,0.3170661926269531,0,0.0525416545569896,0,0.1609323620796203
0,0.0271112080663442,0,0.0201589334756135,0,0.0187393613159656,0,0.0582102686166763
0,0.2520296573638916,0,0.1097683608531951,0,0.1808315515518188,0,0.489229291677475
0,0.0499041900038719,0,0.0270593278110027,0,0.0048097525723278,0,0.0069504370912909
0,0.051025491207838,0,0.0310973487794399,0,0.0077974619343876,0,0.0112332534044981
0,0.0535855628550052,0,0.0094530591741204,0,0.0015746211865916,0,0.0272979997098445
0,0.0346022695302963,0,0.0046905763447284,0,0.0016264353180304,0,0.0074913087300956
0,0.254971981048584,0,0.7515848278999329,0,0.6258001327514648,0,0.5250358581542969
0,0.4946401417255401,0,0.6543680429458618,0,0.7714128494262695,0,0.797929048538208
0,0.3995369076728821,0,0.53303462266922,0,0.8180496096611023,0,0.7618125081062317
0,0.4717048108577728,0,0.6135119795799255,0,0.8273486495018005,0,0.8268216252326965
0,0.2380384355783462,0,0.4479798376560211,0,0.687909722328186,0,0.7096112370491028
0,0.0680908411741256,0,0.5955197215080261,0,0.5311798453330994,0,0.2890396416187286
0,0.0404965877532959,0,0.1488027572631836,0,0.15253846347332,0,0.1288526803255081
0,0.0687349885702133,0,0.053101897239685,0,0.0507534146308898,0,0.1429368704557418
0,0.0255757477134466,0,0.0648224577307701,0,0.0081448154523968,0,0.0154225612059235
0,0.0506403781473636,0,0.3674369156360626,0,0.4973864257335663,0,0.2471689283847808
0,0.0317639894783496,0,0.0645743235945701,0,0.0385758019983768,0,0.2067552953958511
0,0.0584526881575584,0,0.0342520140111446,0,0.1278727501630783,0,0.1279723942279815
0,0.1149610206484794,0,0.1028785929083824,0,0.3211241960525512,0,0.2513614594936371
0,0.0283787455409765,0,0.0252807196229696,0,0.0113182878121733,0,0.0182307977229356
0,0.0564196370542049,0,0.0440349578857421,0,0.0122479302808642,0,0.0343081392347812
0,0.0357819609344005,0,0.0021532929968088,0,0.0224683191627264,0,0.042471308261156
0,0.0486701689660549,0,0.0814343616366386,0,0.0339100509881973,0,0.127379223704338
0,0.0257988926023244,0,0.0043814689852297,0,0.0153858438134193,0,0.0307617634534835
0,0.0893529504537582,0,0.1117282956838607,0,0.081373281776905,0,0.2268515974283218
0,0.581024706363678,0,0.6428861021995544,0,0.3625465631484985,0,0.4598159492015838
0,0.598656415939331,0,0.6849467158317566,0,0.4647093415260315,0,0.5848606824874878
0,0.2742261886596679,0,0.0253145284950733,0,0.1280754208564758,0,0.057049848139286
0,0.1117695271968841,0,0.020324844866991,0,0.1343778371810913,0,0.0413321554660797
0,0.0077836327254772,0,0.0096401423215866,0,0.0017922001425176,0,0.0002682788763195
0,0.0232371091842651,0,0.0035222815349698,0,0.0007361219613812,0,0.0010090714786201
0,0.0029093094635754,0,0.0026249426882714,0,0.0005071990890428,0,0.001221889280714
0,0.0287387035787105,0,0.004171410575509,0,0.0100323166698217,0,0.0377632938325405
0,0.0112376874312758,0,0.0093815047293901,0,0.0017725913785398,0,0.0004126395506318
0,0.0031404616311192,0,0.0031378157436847,0,0.0005103814764879,0,0.0016673313220962
0,0.0159601103514432,0,0.0042639947496354,0,0.0005187572096474,0,0.000702278513927
0,0.0027094997931271,0,0.0025102165527641,0,0.0006309075979515,0,0.0015534785343334
0,0.0080883260816335,0,0.0032285584602504,0,0.0016313353553414,0,0.0025435972493141
0,0.0086326301097869,0,0.0105388769879937,0,0.0015666725812479,0,0.0003316821530461
0,0.3403861224651336,0,0.315455675125122,0,0.4681074917316437,0,0.2178161293268203
0,0.0060929632745683,0,0.0340130515396595,0,0.0016680507687851,0,0.0048426697030663
0,0.0677194371819496,0,0.2339434027671814,0,0.3857505917549133,0,0.1258024126291275
0,0.0098871206864714,0,0.0081387925893068,0,0.0023692324757575,0,0.0030946603510528
0,0.4243530631065368,0,0.4549783170223236,0,0.4485515654087066,0,0.2443648129701614
0,0.9179478883743286,0,0.8206462264060974,0,0.6770047545433044,0,0.8749616146087646
0,0.819307267665863,0,0.7134352326393127,0,0.8011685609817505,0,0.8725303411483765
0,0.0461852438747882,0,0.0414877384901046,0,0.1080619245767593,0,0.0708566457033157
0,0.0489455386996269,0,0.0097097922116518,0,0.0332649052143096,0,0.034670852124691
0,0.054748922586441,0,0.0347345359623432,0,0.0730931311845779,0,0.1318605840206146
0,0.3815948963165283,0,0.3190045058727264,0,0.6424407362937927,0,0.2926707565784454
0,0.0031685787253081,0,0.003924642689526,0,0.003343844320625,0,0.0007377500878646
0,0.1404703110456466,0,0.0595384389162063,0,0.0235807429999113,0,0.0137836141511797
0,0.0293456520885229,0,0.0234584454447031,0,0.002294487087056,0,0.007168504409492
0,0.0602325461804866,0,0.0457695461809635,0,0.0071792430244386,0,0.0287623722106218
0,0.10086290538311,0,0.0774715840816497,0,0.0026910051237791,0,0.009865527972579
0,0.0746226906776428,0,0.0497977882623672,0,0.0010079762432724,0,0.0056788129732012
0,0.0228259172290563,0,0.0544554255902767,0,0.0040785893797874,0,0.0042502335272729
0,0.1181938722729682,0,0.0316066518425941,0,0.0190883185714483,0,0.0039000005926936
0,0.0506406761705875,0,0.6678612232208252,0,0.8609232306480408,0,0.0746623277664184
0,0.4031782746315002,0,0.1426162868738174,0,0.2220226675271988,0,0.1485376209020614
0,0.087225966155529,0,0.0510613359510898,0,0.102778673171997,0,0.0367144048213958
0,0.1161957457661628,0,0.0468696169555187,0,0.0074946703389286,0,0.0179799702018499
0,0.1294309347867965,0,0.1184830963611602,0,0.1543945670127868,0,0.4723234474658966
0,0.2254366129636764,0,0.1023458018898963,0,0.2922891080379486,0,0.4542558789253235
0,0.3126854598522186,0,0.3615576028823852,0,0.3867242336273193,0,0.6233541965484619
0,0.3828576803207397,0,0.2889566719532013,0,0.1401081383228302,0,0.2203744947910308
0,0.1345891803503036,0,0.5367388129234314,0,0.6562374830245972,0,0.3171469569206238
0,0.1713960468769073,0,0.3049515187740326,0,0.6994734406471252,0,0.0860934033989906
0,0.4120187163352966,0,0.5509063005447388,0,0.1738584637641906,0,0.127677321434021
0,0.2389866113662719,0,0.4165520966053009,0,0.3157157301902771,0,0.0865116640925407
0,0.0800221413373947,0,0.3922885954380035,0,0.2838129699230194,0,0.0888397395610809
0,0.1016790792346,0,0.2093798220157623,0,0.2018186450004577,0,0.0611242987215518
0,0.0507019460201263,0,0.1469154953956604,0,0.0205220133066177,0,0.0194973684847354
0,0.0424039624631404,0,0.1537408828735351,0,0.028048662468791,0,0.0249753147363662
0,0.0426732152700424,0,0.1648008078336715,0,0.0242849867790937,0,0.0302258506417274
0,0.0586991012096405,0,0.2301089316606521,0,0.0590827874839305,0,0.013490417972207
0,0.0638010054826736,0,0.0230818223208189,0,0.0140012167394161,0,0.0226380284875631
0,0.0260032638907432,0,0.0032649794593453,0,0.0059153069742023,0,0.0229915156960487
0,0.0095582660287618,0,0.0088114384561777,0,0.0011356755858287,0,0.0039788647554814
0,0.096270315349102,0,0.1176091581583023,0,0.0505336374044418,0,0.2709803283214569
0,0.0275392215698957,0,0.0189485810697078,0,0.0079807126894593,0,0.020220885053277
0,0.0223299525678157,0,0.0147077301517128,0,0.0085753928869962,0,0.0142427971586585
0,0.0576132610440254,0,0.0726976320147514,0,0.0050138938240706,0,0.0170224197208881
0,0.3251442611217499,0,0.5061968564987183,0,0.5520501732826233,0,0.5217441916465759
0,0.0268750414252281,0,0.0941640734672546,0,0.0043799905106425,0,0.0115839447826147
0,0.5784995555877686,0,0.5282775163650513,0,0.408445656299591,0,0.652672290802002
0,0.0207118839025497,0,0.0216911509633064,0,0.0385285504162311,0,0.0423413142561912
0,0.0267842803150415,0,0.0852440521121025,0,0.0050648734904825,0,0.0258014760911464
0,0.5757090449333191,0,0.5476272106170654,0,0.5001672506332397,0,0.6869834065437317
0,0.0590958185493946,0,0.0430817678570747,0,0.1720094531774521,0,0.1744306683540344
0,0.0375485233962535,0,0.1086065098643302,0,0.0037542188074439,0,0.0113908126950263
0,0.597445547580719,0,0.5629065036773682,0,0.514733076095581,0,0.690239429473877
0,0.0201922859996557,0,0.0455308444797992,0,0.0096743684262037,0,0.2306349426507949
0,0.0291548110544681,0,0.0089803515002131,0,0.0026661085430532,0,0.0136785358190536
0,0.0267829317599535,0,0.0072088283486664,0,0.0024809406604617,0,0.0189902521669864
0,0.0206948891282081,0,0.0045711207203567,0,0.0004097307100892,0,0.0054505537264049
0,0.0474120564758777,0,0.027158111333847,0,0.0081544360145926,0,0.0305262375622987
0,0.0604629330337047,0,0.3154451847076416,0,0.1376078873872757,0,0.3696185350418091
0,0.0660192668437957,0,0.1755635291337967,0,0.2069581598043441,0,0.2165395319461822
0,0.055994477123022,0,0.1162929162383079,0,0.0946268290281295,0,0.127407968044281
0,0.0585452392697334,0,0.0182556975632905,0,0.0147352572530508,0,0.0361169539391994
0,0.0087077775970101,0,0.0021381725091487,0,0.0017660948215052,0,0.0085076978430151
0,0.0152247035875916,0,0.0048017092049121,0,0.001296842820011,0,0.0138420993462204
0,0.1090334877371788,0,0.1120550408959388,0,0.0075251539237797,0,0.0111047876998782
0,0.0327351167798042,0,0.0292662791907787,0,0.0033835531212389,0,0.0083075482398271
0,0.0073548373766243,0,0.0009488346404395,0,0.0014394671889021,0,0.0120812486857175
0,0.0179088301956653,0,0.0012823671568185,0,0.0021249176934361,0,0.0037734555080533
0,0.2390609383583068,0,0.3284977972507477,0,0.4031303226947784,0,0.031289305537939
0,0.0425418838858604,0,0.0296743046492338,0,0.0124197490513324,0,0.0148959830403327
0,0.009201536886394,0,0.0016181145329028,0,0.0010971934534609,0,0.0116792144253849
0,0.0165669918060302,0,0.0046515632420778,0,0.001897256122902,0,0.0020408118143677
0,0.0193697419017553,0,0.0018487216439098,0,0.0007157424115575,0,0.0159394014626741
0,0.0393619164824485,0,0.0867364034056663,0,0.0019581553060561,0,0.0536619015038013
0,0.0570450276136398,0,0.1433202624320984,0,0.0063172555528581,0,0.0705263763666153
0,0.0179204996675252,0,0.0019323830492794,0,0.001829560380429,0,0.0666091367602348
0,0.02760467864573,0,0.014251884073019,0,0.0012849259655922,0,0.0045971749350428
0,0.1275627762079239,0,0.0026454229373484,0,0.0003375863889232,0,0.038378968834877
0,0.0870211794972419,0,0.0400504767894744,0,0.3955275118350982,0,0.1931322813034057
0,0.003901119576767,0,0.0235294159501791,0,0.0003681320522446,0,0.0133080938830971
0,0.0137707088142633,0,0.0427912957966327,0,0.0049178297631442,0,0.0009972279658541
0,0.0182732231914997,0,0.0025733551010489,0,0.0003041544987354,0,0.0201073046773672
0,0.022422743961215,0,0.0131184691563248,0,0.0016998742939904,0,0.0071053272113204
0,0.0225959699600934,0,0.018760684877634,0,0.0050652413628995,0,0.0046996497549116
0,0.0430505685508251,0,0.0440208911895751,0,0.0163861084729433,0,0.0135209886357188
0,0.0381380729377269,0,0.0027130274102091,0,0.0003769737377297,0,0.0405297875404357
0,0.0122481556609272,0,0.0117175448685884,0,0.001133915153332,0,0.0033028083853423
0,0.0092360395938158,0,0.0506715551018714,0,0.0043106419034302,0,0.0027702869847416
0,0.0460904613137245,0,0.0054365647956728,0,0.0012796414084732,0,0.0448338203132152
0,0.1029878854751586,0,0.0198420155793428,0,0.0531219579279422,0,0.0076631410047411
0,0.7470434308052063,0,0.569039523601532,0,0.8751117587089539,0,0.8732768297195435
0,0.075284294784069,0,0.0349507890641689,0,0.1640403270721435,0,0.0418937020003795
0,0.1229831203818321,0,0.1262327432632446,0,0.0301474127918481,0,0.1415472626686096
0,0.0686150044202804,0,0.0401911698281765,0,0.1000087484717369,0,0.0318064019083976
0,0.0356223732233047,0,0.051681499928236,0,0.0036188887897878,0,0.0082317404448986
0,0.0067066354677081,0,0.0043656737543642,0,0.0005114190280437,0,0.0015596071025356
0,0.0540648214519023,0,0.0430816188454628,0,0.0360137447714805,0,0.0122731318697333
0,0.0045420583337545,0,0.0027820544783025,0,0.0005305873928591,0,0.0003894833789672
0,0.0203721318393945,0,0.0344133637845516,0,0.004985804669559,0,0.0050349957309663
0,0.0436779335141181,0,0.0822554379701614,0,0.1225353851914405,0,0.041208665817976
0,0.0426225923001766,0,0.101096861064434,0,0.1190074309706687,0,0.0571463592350482
0,0.0296911709010601,0,0.0373488776385784,0,0.0046310545876622,0,0.0062565086409449
0,0.059298925101757,0,0.1505114585161209,0,0.1044649928808212,0,0.1142717897891998
0,0.2387707382440567,0,0.225722536444664,0,0.0020570897031575,0,0.0823373720049858
0,0.2246214151382446,0,0.3163707852363586,0,0.0025241288822144,0,0.0657980218529701
0,0.0337188206613063,0,0.0026132427155971,0,0.0371709950268268,0,0.0404253825545311
0,0.2476090639829635,0,0.0511625260114669,0,0.0210198927670717,0,0.1584032326936721
0,0.0276429634541273,0,0.0033768112771213,0,0.0038546475116163,0,0.0497841835021972
0,0.2804910838603973,0,0.1549123972654342,0,0.0098745115101337,0,0.0747023150324821
0,0.0712301060557365,0,0.0152445407584309,0,0.0298911184072494,0,0.0209944956004619
0,0.0197964441031217,0,0.0017632616218179,0,0.0033199433237314,0,0.5219441056251526
0,0.1212097406387329,0,0.1119350865483284,0,0.0113672809675335,0,0.0127544067800045
0,0.6235722303390503,0,0.7729640603065491,0,0.5453113913536072,0,0.7268288135528564
0,0.035757590085268,0,0.0117637049406766,0,0.1112583354115486,0,0.0350764244794845
0,0.1651559323072433,0,0.0164719521999359,0,0.014225922524929,0,0.029756685718894
0,0.0304719470441341,0,0.0898583978414535,0,0.0843530222773552,0,0.0117993624880909
0,0.015185191296041,0,0.1313987821340561,0,0.0056565441191196,0,0.0057575870305299
0,0.0486850067973136,0,0.0589073337614536,0,0.0933573320508003,0,0.0300020091235637
0,0.0113325379788875,0,0.0026602535508573,0,0.0010563462274149,0,0.0328661128878593
0,0.6054297089576721,0,0.5952258110046387,0,0.4807574450969696,0,0.8049123287200928
0,0.4307073652744293,0,0.4834077060222626,0,0.2601308226585388,0,0.6216694712638855
0,0.2133349180221557,0,0.3727520108222961,0,0.1566334068775177,0,0.7021046280860901
0,0.0156433992087841,0,0.0037511580158025,0,0.001644977950491,0,0.0050399904139339
0,0.1311233788728714,0,0.1369883120059967,0,0.309628963470459,0,0.0853053703904151
0,0.5884941220283508,0,0.5466021299362183,0,0.6036997437477112,0,0.3099030554294586
0,0.4649683237075805,0,0.5681632161140442,0,0.7190772294998169,0,0.8359054327011108
0,0.6478317975997925,0,0.4681452214717865,0,0.4559012353420257,0,0.2729188501834869
0,0.0571856573224067,0,0.0042086937464773,0,0.0028155350591987,0,0.1298643201589584
0,0.0518869124352932,0,0.0270098894834518,0,0.0125250238925218,0,0.0166527312248945
0,0.0704857409000396,0,0.0111614512279629,0,0.009799133054912,0,0.0096595957875251
0,0.0346544831991195,0,0.0159882623702287,0,0.0345776490867137,0,0.0020607772748917
0,0.0318636819720268,0,0.0278090015053749,0,0.0349242463707923,0,0.0036682507488876
0,0.0291270762681961,0,0.0224936101585626,0,0.0294042266905307,0,0.0028159969951957
0,0.0366254076361656,0,0.0413576662540435,0,0.0014418741920962,0,0.0045090476050972
0,0.3291679322719574,0,0.5246390104293823,0,0.29582080245018,0,0.5085524916648865
0,0.1672177761793136,0,0.4348108768463135,0,0.0252285506576299,0,0.1459810137748718
0,0.4051641523838043,0,0.4998564422130584,0,0.2683066129684448,0,0.3026894927024841
0,0.2372896373271942,0,0.2142462879419326,0,0.4455080330371856,0,0.4266085028648376
0,0.4100491404533386,0,0.4667600691318512,0,0.7436115741729736,0,0.4602702856063843
0,0.480911910533905,0,0.5401466488838196,0,0.8655484914779663,0,0.7140516042709351
0,0.1845763623714447,0,0.3812768161296844,0,0.1375251412391662,0,0.2761216759681701
0,0.1273535192012787,0,0.0372757576406002,0,0.0243700668215751,0,0.0070142028853297
0,0.0498781278729438,0,0.380515456199646,0,0.6087058782577515,0,0.6554139852523804
0,0.0167407933622598,0,0.0265022497624158,0,0.0233093295246362,0,0.0421863123774528
0,0.067726120352745,0,0.4111485779285431,0,0.6619842648506165,0,0.6354630589485168
0,0.0636666715145111,0,0.1128924489021301,0,0.0649378448724746,0,0.0384848229587078
0,0.0096889622509479,0,0.010895044542849,0,0.001340829883702,0,0.0027742288075387
0,0.0161555707454681,0,0.0051455534994602,0,0.0007348536164499,0,0.0021386477164924
0,0.0080481870099902,0,0.0018645089585334,0,0.0003659228386823,0,0.0033790392335504
0,0.007742847315967,0,0.0074033080600202,0,0.0018432179931551,0,0.0045947902835905
0,0.0042841052636504,0,0.0015606143279001,0,0.0013374742120504,0,0.0057363137602806
0,0.0051511763595044,0,0.0016307444311678,0,0.0002236303262179,0,0.0028922434430569
0,0.0075392089784145,0,0.0110197737812995,0,0.0018131118267774,0,0.0047091990709304
0,0.0044841850176453,0,0.0009356826776638,0,0.0007165306597016,0,0.0041754296980798
0,0.1079800948500633,0,0.4258317649364471,0,0.4670384228229522,0,0.1603139042854309
0,0.1170767322182655,0,0.0437946803867816,0,0.0322957597672939,0,0.1051006689667701
0,0.1255379021167755,0,0.1496060490608215,0,0.1299263089895248,0,0.2392120063304901
0,0.106989286839962,0,0.2413823455572128,0,0.0297168586403131,0,0.107295349240303
0,0.0043893847614526,0,0.0007692166836932,0,0.0004409352259244,0,0.0085075004026293
0,0.0064558666199445,0,0.0054768533445894,0,0.0001812821719795,0,0.0012081693857908
0,0.007181922905147,0,0.011542378924787,0,0.0006629917770624,0,0.0003638672933448
0,0.0084049813449382,0,0.0289736185222864,0,0.0005504437722265,0,0.0080109210684895
0,0.0049353055655956,0,0.005119358189404,0,0.0001456611644243,0,0.0096995681524276
0,0.0112341698259115,0,0.0205728914588689,0,0.0004733584064524,0,0.0022108636330813
0,0.3220371007919311,0,0.2341904938220977,0,0.1114633381366729,0,0.6059396266937256
0,0.1069927811622619,0,0.0336385294795036,0,0.0497852340340614,0,0.190834492444992
0,0.0109911616891622,0,0.0264665726572275,0,0.0007285570609383,0,0.0025350775104016
0,0.0085579669103026,0,0.0187783706933259,0,0.0001349526137346,0,0.0006146060768514
0,0.3120478987693786,0,0.1025980412960052,0,0.3307519257068634,0,0.5408984422683716
0,0.0230589639395475,0,0.0280216857790946,0,0.0050648376345634,0,0.0149592291563749
0,0.1518818289041519,0,0.0864458754658699,0,0.0030094345565885,0,0.0360739007592201
0,0.0210202746093273,0,0.0283356830477714,0,0.0062424871139228,0,0.0363860130310058
0,0.0105348601937294,0,0.0006791065679863,0,0.0004801857576239,0,0.0036676649469882
0,0.012867271900177,0,0.0005295377923175,0,0.0007392917759716,0,0.0097218910232186
0,0.0157897248864173,0,0.0003602121141739,0,0.0003977333544753,0,0.004480114672333
0,0.4801420569419861,0,0.5454280972480774,0,0.1541745960712433,0,0.327035903930664
0,0.561731219291687,0,0.6346808075904846,0,0.2272543311119079,0,0.2060797214508056
0,0.0539385229349136,0,0.0035214601084589,0,0.0003021242155227,0,0.0077367420308291
0,0.0226688124239444,0,0.2103812396526336,0,0.0015394804067909,0,0.0063799391500651
0,0.0213438980281353,0,0.0789496749639511,0,0.0009071351378224,0,0.0050555323250591
0,0.0088869230821728,0,0.1611891537904739,0,0.0013848973903805,0,0.0029862117953598
0,0.0101318312808871,0,0.1642251908779144,0,0.0006125814397819,0,0.0018421288114041
0,0.0601208545267581,0,0.0034110911656171,0,0.0003283403348177,0,0.0056305937469005
0,0.0123142348602414,0,0.0209828298538923,0,0.0006882341112941,0,0.0014829244464635
0,0.0076098651625216,0,0.2061664164066314,0,0.0029464359395205,0,0.0019629083108156
0,0.0089225126430392,0,0.0953601002693176,0,0.0007518750499002,0,0.0008056228980422
0,0.0279069636017084,0,0.0132543472573161,0,0.1163598299026489,0,0.0265073049813509
0,0.0087132416665554,0,0.0043792915530502,0,0.0003662866656668,0,0.0023297287989407
0,0.0610218346118927,0,0.0039479020051658,0,0.0003047660866286,0,0.0054905083961784
0,0.0247845333069562,0,0.10669407248497,0,0.0009221291402354,0,0.0040339427068829
0,0.0154749909415841,0,0.2605746984481811,0,0.0012369160540401,0,0.0022773868404328
0,0.0279641766101121,0,0.0109616229310631,0,0.0694443434476852,0,0.0289053879678249
0,0.0099879680201411,0,0.0051192608661949,0,0.0007716140826232,0,0.0018240581266582
0,0.0057080909609794,0,0.004603924229741,0,0.0006346669397316,0,0.0030106238555163
0,0.0220247451215982,0,0.0165520906448364,0,0.000709491840098,0,0.0042712548747658
0,0.152710735797882,0,0.4336714744567871,0,0.1510521322488784,0,0.071038044989109
0,0.0296244565397501,0,0.0214357655495405,0,0.0013716833200305,0,0.0032859581988304
0,0.01547621935606,0,0.0282850489020347,0,0.0003428909403737,0,0.0011751506244763
0,0.0134348329156637,0,0.0138440318405628,0,0.0003509507805574,0,0.0031308731995522
0,0.1063491776585578,0,0.183110699057579,0,0.1967783421278,0,0.0289859361946582
0,0.037933375686407,0,0.1048245057463646,0,0.0055586770176887,0,0.0514371544122695
0,0.0756635889410972,0,0.0133607536554336,0,0.0168006625026464,0,0.0387001223862171
0,0.1474674046039581,0,0.2297582030296325,0,0.1816691160202026,0,0.0570544637739658
0,0.2877254486083984,0,0.2411668300628662,0,0.3830516636371612,0,0.174900934100151
0,0.090174064040184,0,0.1070398762822151,0,0.1001932993531227,0,0.0588505007326602
0,0.0215070005506277,0,0.0328977368772029,0,0.0199861843138933,0,0.0075715063139796
0,0.051276322454214,0,0.2808273136615753,0,0.0493039563298225,0,0.0248174667358398
0,0.1271441876888275,0,0.0837211534380912,0,0.0396619141101837,0,0.219502180814743
0,0.1544969379901886,0,0.1302219480276107,0,0.397384911775589,0,0.0703011974692344
0,0.0297965332865715,0,0.1644558012485504,0,0.0779361203312873,0,0.0553169660270214
0,0.1066185534000396,0,0.0182042643427848,0,0.0700597986578941,0,0.0084309969097375
0,0.0572888851165771,0,0.0245271436870098,0,0.0455317012965679,0,0.0079852743074297
0,0.0468955188989639,0,0.0087876738980412,0,0.002566362498328,0,0.0426185503602027
0,0.0884142220020294,0,0.2339169979095459,0,0.0324949398636817,0,0.1047807782888412
0,0.0054810233414173,0,0.0023078608792275,0,0.0026051111053675,0,0.0092412382364273
0,0.0038275572005659,0,0.0024209562689065,0,0.0037287876475602,0,0.0064116204157471
0,0.0073583163321018,0,0.0025174373295158,0,0.0040731756016612,0,0.0126778297126293
0,0.0696714147925376,0,0.0915383547544479,0,0.0776416435837745,0,0.3696918487548828
0,0.0295168906450271,0,0.0041205249726772,0,0.0176979359239339,0,0.0082893632352352
1,0.0728349089622497,1,0.0638663992285728,1,0.0647255405783653,1,0.0558130331337451
1,0.2018223106861114,1,0.0214523151516914,1,0.0213484056293964,1,0.1605124920606613
1,0.652623176574707,1,0.5480456352233887,1,0.2164690494537353,1,0.2624752223491668
1,0.2263312339782714,1,0.5345267653465271,1,0.3629428446292877,1,0.4832667410373688
1,0.3986701965332031,1,0.4864338338375091,1,0.5894249677658081,1,0.6182929277420044
1,0.3828903436660766,1,0.6548742651939392,1,0.052549660205841,1,0.4676495492458343
1,0.0208676550537347,1,0.0595477856695652,1,0.0432951152324676,1,0.0631414130330085
1,0.0667484328150749,1,0.1224526911973953,1,0.1049619242548942,1,0.1464748084545135
1,0.0524308905005455,1,0.2033843696117401,1,0.1198906973004341,1,0.1767411082983017
1,0.7405455112457275,1,0.7773116827011108,1,0.4753809869289398,1,0.604354202747345
1,0.6338241696357727,1,0.80299311876297,1,0.8061630725860596,1,0.762281596660614
1,0.6930524706840515,1,0.6617830991744995,1,0.8401908874511719,1,0.4505656957626343
1,0.4303185641765594,1,0.4082493185997009,1,0.4794426560401916,1,0.5370287895202637
1,0.3470143377780914,1,0.5407211780548096,1,0.078165665268898,1,0.4189811646938324
1,0.4178132116794586,1,0.5732432007789612,1,0.1067073866724968,1,0.6014374494552612
0,0.0198437087237834,0,0.0023406879045069,0,0.0013852133415639,0,0.0104943681508302
0,0.024091986939311,0,0.0024780344683676,0,0.0035292594693601,0,0.0282108355313539
0,0.3866081535816192,0,0.3348779380321502,0,0.4791330695152282,0,0.4189884960651397
0,0.003949649631977,0,0.0008917616796679,0,0.0004206223238725,0,0.0013457796303555
0,0.0222048722207546,0,0.0817146748304367,0,0.0576519258320331,0,0.0484923832118511
0,0.4214138388633728,0,0.2988112270832062,0,0.5791760087013245,0,0.2791830599308014
0,0.0595291852951049,0,0.0897648483514785,0,0.0534383915364742,0,0.1607644408941269
0,0.632979154586792,0,0.4841057062149048,0,0.765628457069397,0,0.5582770109176636
0,0.5983393788337708,0,0.4270319640636444,0,0.7341339588165283,0,0.4985980987548828
0,0.031034292653203,0,0.0589191764593124,0,0.0120066320523619,0,0.0449427776038646
0,0.4125922620296478,0,0.1434544920921325,0,0.0273430962115526,0,0.0434385240077972
0,0.4351572096347809,0,0.5522752404212952,0,0.5581405758857727,0,0.5764558911323547
0,0.6193984746932983,0,0.7658006548881531,0,0.5394284725189209,0,0.8720820546150208
0,0.0181138832122087,0,0.0029986752197146,0,0.0005841503152623,0,0.0002849612501449
0,0.0144505072385072,0,0.0031574277672916,0,0.0028854648116976,0,0.0006995577714405
0,0.0102196261286735,0,0.0024343424011021,0,0.001367172691971,0,0.0002637628640513
0,0.0428341217339038,0,0.0171104650944471,0,0.004380780737847,0,0.0055445088073611
0,0.0128380022943019,0,0.0617492124438285,0,0.009351166896522,0,0.0082376049831509
0,0.0295167211443185,0,0.0039583086036145,0,0.0001565667771501,0,0.0024963575415313
0,0.041077934205532,0,0.106691725552082,0,0.0209889281541109,0,0.0197881460189819
0,0.0314342156052589,0,0.0770433023571968,0,0.0307078920304775,0,0.1408334672451019
0,0.0031413454562425,0,0.0065077184699475,0,0.0004845018556807,0,0.0011339286575093
0,0.039506297558546,0,0.0891794115304946,0,0.0193720571696758,0,0.0162648279219865
0,0.0327453836798667,0,0.0071823908947408,0,0.0202404726296663,0,0.0111182639375329
0,0.0534438900649547,0,0.048970278352499,0,0.0040922127664089,0,0.0058590802364051
0,0.0295707806944847,0,0.0677171647548675,0,0.0186222419142723,0,0.0167937856167554
0,0.0199372339993715,0,0.0379351712763309,0,0.0216655600816011,0,0.1424663215875625
0,0.0292644165456295,0,0.0612488836050033,0,0.00050423911307,0,0.0047052782028913
0,0.0188700780272483,0,0.0116995628923177,0,0.0013035583542659,0,0.0057421312667429
0,0.0263869632035493,0,0.0591480620205402,0,0.0005688339588232,0,0.0053256945684552
0,0.015106332488358,0,0.010500187985599,0,0.0016964668175205,0,0.0042436500079929
0,0.0170188192278146,0,0.0068996381014585,0,0.0011140517890453,0,0.0046903048641979
0,0.3603981733322143,0,0.0565431863069534,0,0.145015999674797,0,0.17059326171875
0,0.0124762393534183,0,0.0018435146193951,0,0.0011307336390018,0,0.0440382920205593
0,0.0205309800803661,0,0.0014946957817301,0,0.0030992091633379,0,0.037787664681673
0,0.0113781690597534,0,0.0041223135776817,0,0.0021429229527711,0,0.0026107234880328
0,0.0664894059300422,0,0.0125146368518471,0,0.046618215739727,0,0.0051709925755858
0,0.2072538584470749,0,0.1372458487749099,0,0.0467439927160739,0,0.215980976819992
0,0.3729398548603058,0,0.518282949924469,0,0.2440489828586578,0,0.3694290518760681
0,0.0613252036273479,0,0.0081497207283973,0,0.0003728317096829,0,0.0024721079971641
0,0.0208976082503795,0,0.0048707444220781,0,0.0015132178086787,0,0.060063187032938
0,0.1014883518218994,0,0.0586477406322956,0,0.0641799494624137,0,0.0690600648522377
0,0.0204563532024621,0,0.0085677513852715,0,0.0008619771688245,0,0.0286257416009902
0,0.0835622176527977,0,0.0120862461626529,0,0.0017691111424937,0,0.0954639315605163
0,0.029154185205698,0,0.0215910375118255,0,0.0019482815405353,0,0.0184502117335796
0,0.0249589644372463,0,0.030411634594202,0,0.0018137677107006,0,0.0568847097456455
0,0.0270341373980045,0,0.0258256383240222,0,0.0027706664986908,0,0.0383357033133506
0,0.4874852895736694,0,0.1428945511579513,0,0.0216912049800157,0,0.2602371573448181
0,0.0243363473564386,0,0.0182347446680068,0,0.0015677544288337,0,0.0166402794420719
0,0.3363991379737854,0,0.1265341490507125,0,0.0164356306195259,0,0.1827209293842315
0,0.2466180622577667,0,0.8325964212417603,0,0.4570169746875763,0,0.5232973098754883
0,0.3708711564540863,0,0.4566673338413238,0,0.1748969554901123,0,0.3479396998882293
0,0.6583086848258972,0,0.8919824361801147,0,0.8777419328689575,0,0.8672279119491577
0,0.3284270167350769,0,0.4364032447338104,0,0.1680382043123245,0,0.3083529472351074
0,0.0243285093456506,0,0.0187395866960287,0,0.0125353606417775,0,0.0389604903757572
0,0.0179847609251737,0,0.0148318791761994,0,0.0110393464565277,0,0.0391790010035038
0,0.0188140496611595,0,0.0081469798460602,0,0.0062159202061593,0,0.0441772677004337
0,0.007884606719017,0,0.0029680209700018,0,0.0005998750566504,0,0.001086993375793
0,0.33598792552948,0,0.0987082347273826,0,0.1165877133607864,0,0.184083878993988
0,0.4029520452022552,0,0.2342573404312133,0,0.2479129284620285,0,0.2947570085525512
0,0.3520334661006927,0,0.143917366862297,0,0.1946264952421188,0,0.3738605380058288
0,0.0336770229041576,0,0.077500969171524,0,0.0050831735134124,0,0.108997456729412
0,0.1788496971130371,0,0.2055345922708511,0,0.5205034613609314,0,0.6174591779708862
0,0.7050178050994873,0,0.7391221523284912,0,0.4104853868484497,0,0.8554426431655884
0,0.3402631878852844,0,0.3796354532241821,0,0.4202548563480377,0,0.5894920825958252
0,0.3527723252773285,0,0.4616630971431732,0,0.2933008670806885,0,0.5723657011985779
0,0.3523837327957153,0,0.4028868079185486,0,0.3573771119117737,0,0.57381671667099
0,0.0057481806725263,0,0.0022238926030695,0,0.0008572395890951,0,0.0041659651324152
0,0.0036303508095443,0,0.0023877318017184,0,0.0003563158097676,0,0.0004000636399723
0,0.0172315817326307,0,0.0347905196249485,0,0.0068823592737317,0,0.0152626689523458
0,0.0087444456294178,0,0.0176138002425432,0,0.0023282694164663,0,0.0556641221046447
0,0.0143954344093799,0,0.045559324324131,0,0.0038230379577726,0,0.0103795630857348
0,0.069519430398941,0,0.0271279551088809,0,0.0024540117010474,0,0.1121579110622406
0,0.0422226600348949,0,0.0096900090575218,0,0.0009454168612137,0,0.0016190551687031
0,0.0714438706636428,0,0.0334749594330787,0,0.0019675048533827,0,0.0873821899294853
0,0.0723238587379455,0,0.0466608069837093,0,0.0035650876816362,0,0.168176993727684
0,0.0084326704964041,0,0.0094130337238311,0,0.0002001260145334,0,0.0006364810978993
0,0.0173041988164186,0,0.0071031139232218,0,0.0002619384613353,0,0.0018853613873943
0,0.0828100368380546,0,0.4899684190750122,0,0.4190716743469238,0,0.3762042224407196
0,0.0774180516600608,0,0.4728346168994903,0,0.3247991502285003,0,0.2690778970718384
0,0.0801102295517921,0,0.314540684223175,0,0.347328782081604,0,0.0936710834503173
0,0.0166451036930084,0,0.0041643669828772,0,0.0006757662049494,0,0.0218240711838006
0,0.0334533713757991,0,0.0153431221842765,0,0.0084372572600841,0,0.0696716681122779
0,0.0170287005603313,0,0.0075905555859208,0,0.0045474004000425,0,0.0195500086992979
0,0.0483424253761768,0,0.0579162538051605,0,0.0032603070139884,0,0.0036597037687897
0,0.0328761264681816,0,0.0727006494998931,0,0.0038361644838005,0,0.0043444894254207
0,0.1085442304611206,0,0.0833266824483871,0,0.0059650149196386,0,0.0057307900860905
0,0.0304164644330739,0,0.0685803815722465,0,0.0146515611559152,0,0.0255776941776275
0,0.0159628950059413,0,0.0066829328425228,0,0.0034014128614217,0,0.0054242750629782
0,0.0103679317981004,0,0.0037787097971886,0,0.0019503688672557,0,0.00143035617657
0,0.0088887801393866,0,0.0043549388647079,0,0.0018847766332328,0,0.0014174950774759
0,0.066057413816452,0,0.0020063931588083,0,0.0046683587133884,0,0.008376982063055
0,0.0622424930334091,0,0.0017448914004489,0,0.0018628033576533,0,0.0065379017032682
0,0.1234670877456665,0,0.0721589773893356,0,0.0384812951087951,0,0.0260872356593608
0,0.1314709782600402,0,0.0806635618209838,0,0.031460765749216,0,0.0258097182959318
0,0.0471174232661724,0,0.0381578169763088,0,0.0100725311785936,0,0.0195262134075164
0,0.0345501564443111,0,0.0185509696602821,0,0.0016853180713951,0,0.0042795655317604
0,0.3661054670810699,0,0.4106777012348175,0,0.3019588887691498,0,0.430436760187149
0,0.341310054063797,0,0.4434601664543152,0,0.3208084404468536,0,0.5021076798439026
0,0.3043854236602783,0,0.4384975135326385,0,0.3330990672111511,0,0.4350870847702026
0,0.009341868571937,0,0.0022042319178581,0,0.0009115387802012,0,0.0063983956351876
0,0.0337549000978469,0,0.0354177318513393,0,0.0366563275456428,0,0.0256204418838024
0,0.0148829538375139,0,0.0020493506453931,0,0.0015262127853929,0,0.0018053202657029
0,0.6258172988891602,0,0.4775524437427521,0,0.5541039705276489,0,0.7424224019050598
0,0.0086273094639182,0,0.0018512636888772,0,0.0010716685792431,0,0.0147121483460068
0,0.03451818972826,0,0.0411630049347877,0,0.0394725017249584,0,0.0253247022628784
0,0.3435779213905334,0,0.1941714286804199,0,0.1643289923667907,0,0.444716066122055
0,0.1070877537131309,0,0.1887431144714355,0,0.0437642559409141,0,0.0585839115083217
0,0.0075795189477503,0,0.0017779259942471,0,0.0010117118945345,0,0.0067726052366197
0,0.0205827876925468,0,0.0250196922570467,0,0.0120238345116376,0,0.0258354283869266
0,0.0125220278277993,0,0.0015608387766405,0,0.0017080177785828,0,0.0015939159784466
0,0.0441590920090675,0,0.0594999603927135,0,0.0739263966679573,0,0.0384449400007724
0,0.3958026468753814,0,0.0577538572251796,0,0.4023483693599701,0,0.148802563548088
0,0.4839192032814026,0,0.3989697098731994,0,0.5810680985450745,0,0.2863644659519195
0,0.0150179844349622,0,0.0030301762744784,0,0.000536699546501,0,0.0035084960982203
0,0.0179346371442079,0,0.002695882692933,0,0.0003680343506857,0,0.0049916985444724
0,0.3604724109172821,0,0.1576421558856964,0,0.3283400535583496,0,0.5247697830200195
0,0.0091959219425916,0,0.004608348943293,0,0.004303122870624,0,0.0042190281674265
0,0.0207144878804683,0,0.0409399718046188,0,0.0015959492884576,0,0.0384287945926189
0,0.0189683977514505,0,0.0051777968183159,0,0.004457629751414,0,0.0099957743659615
0,0.4255862534046173,0,0.1014290824532508,0,0.1881605237722396,0,0.5453705191612244
0,0.1788503378629684,0,0.0635123252868652,0,0.1044037789106369,0,0.1261778622865677
0,0.1917981505393982,0,0.0545692704617977,0,0.4997834265232086,0,0.350456178188324
0,0.4206719696521759,0,0.1956895142793655,0,0.3304713666439056,0,0.5659301280975342
0,0.0080836368724703,0,0.0032817630562931,0,0.0039314185269176,0,0.0050154859200119
0,0.1931136101484298,0,0.0842980965971946,0,0.0679870545864105,0,0.0490093901753425
0,0.0100812558084726,0,0.0039105475880205,0,0.0011223518522456,0,0.0014002021634951
0,0.0056522595696151,0,0.0023233138490468,0,0.0002221114118583,0,0.0004768616636283
0,0.0350174121558666,0,0.0163320451974868,0,0.0015666934195905,0,0.0078337350860238
0,0.0405811741948127,0,0.1402117908000946,0,0.133575439453125,0,0.23680080473423
0,0.0076198615133762,0,0.0044886698015034,0,0.0003996959712821,0,0.0004725304606836
0,0.0060171755030751,0,0.0034425361081957,0,0.0003626731631811,0,0.0009164346265606
0,0.0030555760022252,0,0.007473811507225,0,0.0010972855379804,0,0.0004496987385209
0,0.0448840074241161,0,0.0168857742100954,0,0.0014914135681465,0,0.0094953244552016
0,0.086573302745819,0,0.1118713244795799,0,0.1130398288369178,0,0.1899856179952621
0,0.0143974646925926,0,0.0039679650217294,0,0.0006213951855897,0,0.0158640444278717
0,0.0050101531669497,0,0.0090265860781073,0,0.0001188922324217,0,0.001977969892323
0,0.0024965663906186,0,0.004924573469907,0,0.0004997117212042,0,0.0004590371681842
0,0.0486987680196762,0,0.0212139934301376,0,0.0020835080649703,0,0.0165830813348293
0,0.0195858385413885,0,0.0365727543830871,0,0.0732398256659507,0,0.121752992272377
0,0.1888176053762436,0,0.1159136295318603,0,0.0082211270928382,0,0.2535950541496277
0,0.2344362437725067,0,0.1833502352237701,0,0.0249262489378452,0,0.2992919981479645
0,0.2241379916667938,0,0.3756264150142669,0,0.2993654608726501,0,0.7824976444244385
0,0.0673001483082771,0,0.0700741708278656,0,0.0029468839056789,0,0.2066687941551208
0,0.5187778472900391,0,0.3811078071594238,0,0.471580445766449,0,0.4136657118797302
0,0.3860256671905517,0,0.2160904258489608,0,0.261660486459732,0,0.4611141979694366
0,0.0425584837794303,0,0.0555363819003105,0,0.0048862816765904,0,0.2348130494356155
0,0.0782703310251236,0,0.1200035884976387,0,0.0023832516744732,0,0.0325956158339977
0,0.3374645113945007,0,0.0212401486933231,0,0.3310399651527405,0,0.148377314209938
0,0.0505516901612281,0,0.0050310934893786,0,0.0035049419384449,0,0.0018994957208633
0,0.0261085350066423,0,0.0240959729999303,0,0.0015525454655289,0,0.0054366188123822
0,0.0437108986079692,0,0.0031925998628139,0,0.0016903589712455,0,0.0090958140790462
0,0.0127386972308158,0,0.0038960692472755,0,0.0007156790234148,0,0.0037090866826474
0,0.0384631678462028,0,0.0216569490730762,0,0.0015149811515584,0,0.0208864212036132
0,0.0247954148799181,0,0.0320379920303821,0,0.001390264602378,0,0.023950669914484
0,0.0227450113743543,0,0.0040634498000144,0,0.0283185746520757,0,0.3213956952095032
0,0.1189231425523758,0,0.3676513135433197,0,0.0836260393261909,0,0.0189623069018125
0,0.2824746370315552,0,0.4349549114704132,0,0.2735214233398437,0,0.2282216548919677
0,0.2148781418800354,0,0.2534483969211578,0,0.1766801476478576,0,0.1567684710025787
0,0.1752859055995941,0,0.3502179980278015,0,0.461465835571289,0,0.2923329174518585
0,0.5969271063804626,0,0.522810161113739,0,0.4652652144432068,0,0.4207593202590942
0,0.0514384545385837,0,0.5734575390815735,0,0.0736477300524711,0,0.0479300692677497
0,0.0054593933746218,0,0.00108233676292,0,0.0018977101426571,0,0.0046705305576324
0,0.0681326687335968,0,0.7575209140777588,0,0.0826207995414733,0,0.0400063693523407
0,0.0303764324635267,0,0.0092900190502405,0,0.0009969467064365,0,0.0029912216123193
0,0.0078835478052496,0,0.0011207754723727,0,0.003132862271741,0,0.0050201090052723
0,0.0637440979480743,0,0.1854676604270935,0,0.0214149039238691,0,0.0489789061248302
0,0.0229112934321165,0,0.0101268170401453,0,0.001186120789498,0,0.0030151228420436
0,0.0085217356681823,0,0.0011666701175272,0,0.0012690157163888,0,0.0056335097178816
0,0.1202777177095413,0,0.2661130726337433,0,0.0672704577445983,0,0.074121706187725
0,0.0174908731132745,0,0.0450056530535221,0,0.0094943642616271,0,0.0097178742289543
0,0.0138898584991693,0,0.0215312950313091,0,0.0022381714079529,0,0.004083891864866
0,0.0190302990376949,0,0.0128799490630626,0,0.0038711524102836,0,0.0305316261947155
0,0.0352965891361236,0,0.038078311830759,0,0.0206863041967153,0,0.0139028504490852
0,0.4442025125026703,0,0.1208976730704307,0,0.1634482741355896,0,0.0846796482801437
0,0.1489747911691665,0,0.0393281951546669,0,0.018759461119771,0,0.0554211437702178
0,0.3547410666942596,0,0.2491639852523803,0,0.4675176739692688,0,0.2529149651527405
0,0.1563190221786499,0,0.0362575203180313,0,0.1433838158845901,0,0.0279434956610202
0,0.0304288435727357,0,0.0632094666361808,0,0.0491413474082946,0,0.0291895177215337
0,0.0156633909791708,0,0.0034601071383804,0,0.0008514551445841,0,0.001227110507898
0,0.0130538865923881,0,0.0130787342786788,0,0.0156892761588096,0,0.0048056985251605
0,0.0074175829067826,0,0.0052689681760966,0,0.0007538680802099,0,0.0012559657916426
0,0.0297714620828628,0,0.0091642299667,0,0.0102704437449574,0,0.1423464566469192
0,0.0100030396133661,0,0.0014872256433591,0,0.0021763076074421,0,0.0008011200698092
0,0.0782376378774643,0,0.6617417931556702,0,0.0454635731875896,0,0.0205289535224437
0,0.0192739143967628,0,0.0332029871642589,0,0.0009383439901284,0,0.0014265873469412
0,0.2014408558607101,0,0.2771274149417877,0,0.0275673624128103,0,0.6555037498474121
0,0.0905675813555717,0,0.1016523987054824,0,0.0259963497519493,0,0.0080773811787366
0,0.3612691760063171,0,0.5311120748519897,0,0.7495745420455933,0,0.2719875574111938
0,0.3505001366138458,0,0.4800327122211456,0,0.494241327047348,0,0.3871495723724365
0,0.0311876963824033,0,0.0521746613085269,0,0.1123032048344612,0,0.0611785277724266
0,0.0451675802469253,0,0.0188482068479061,0,0.0141273075714707,0,0.3981881141662597
0,0.2064247131347656,0,0.0276420656591653,0,0.1214599311351776,0,0.2048938423395156
0,0.1732408255338668,0,0.0185359567403793,0,0.0060821557417511,0,0.0900241956114769
0,0.2098343074321746,0,0.0135351726785302,0,0.1047431677579879,0,0.1151043623685836
0,0.0232181716710329,0,0.0088654365390539,0,0.001030925894156,0,0.0029400798957794
0,0.1318624466657638,0,0.0332600399851799,0,0.1632325798273086,0,0.0214454289525747
0,0.0099259400740265,0,0.0082384971901774,0,0.0006107832887209,0,0.0011731085833162
0,0.0626463368535041,0,0.0292116720229387,0,0.3975069522857666,0,0.0298761799931526
0,0.0063039110973477,0,0.0015076710842549,0,0.0023936363868415,0,0.0298147816210985
0,0.0122174294665455,0,0.0055462443269789,0,0.0009307851432822,0,0.0021828315220773
0,0.0210699941962957,0,0.0291336625814437,0,0.0256624668836593,0,0.0340994521975517
0,0.019034806638956,0,0.0014279220486059,0,0.0061197965405881,0,0.0340068228542804
0,0.0311468094587326,0,0.2820339202880859,0,0.0579904504120349,0,0.0135132372379302
0,0.0213505253195762,0,0.1965377330780029,0,0.0525155887007713,0,0.0141462935134768
0,0.0387972667813301,0,0.4005645215511322,0,0.1074058338999748,0,0.4100548923015594
0,0.0054656779393553,0,0.0075823697261512,0,0.001554059330374,0,0.0046273586340248
0,0.0469543039798736,0,0.4124971628189087,0,0.0720273703336715,0,0.4402410387992859
0,0.0063831624574959,0,0.0090617360547184,0,0.0018427758477628,0,0.0055123181082308
0,0.0265809278935194,0,0.0119308298453688,0,0.0032927147112786,0,0.0237964894622564
0,0.0196138564497232,0,0.0288646575063467,0,0.0021911384537816,0,0.0041761831380426
0,0.1555563509464264,0,0.3318867087364197,0,0.1120140329003334,0,0.5302576422691345
0,0.0175628345459699,0,0.0503310337662696,0,0.0027374755591154,0,0.0044668782502412
0,0.141437366604805,0,0.3125586211681366,0,0.0466272383928298,0,0.3668504953384399
0,0.0181010346859693,0,0.0395378619432449,0,0.0033202245831489,0,0.0037033467087894
0,0.1891400218009948,0,0.327440857887268,0,0.1063001155853271,0,0.4104248583316803
0,0.3064011037349701,0,0.5596081018447876,0,0.7834610342979431,0,0.8084111213684082
0,0.0072986236773431,0,0.0360296890139579,0,0.0258391425013542,0,0.0097844814881682
0,0.0082130525261163,0,0.0048447311855852,0,0.0003813295334111,0,0.0009011315996758
0,0.0071672624908387,0,0.0041883368976414,0,0.0003367321623954,0,0.0004927783156745
0,0.0134861543774604,0,0.0034589068964123,0,0.0014596635010093,0,0.0030756664928048
0,0.0547497123479843,0,0.0044756149873137,0,0.0020214132964611,0,0.0065483385697007
