fold_1_labels,fold_1_predictions,fold_2_labels,fold_2_predictions,fold_3_labels,fold_3_predictions,fold_4_labels,fold_4_predictions
1,0.1155449151992797,1,0.2676919996738434,1,0.1345333456993103,1,0.157659113407135
1,0.9738631844520568,1,0.7709255814552307,1,0.9070380330085754,1,0.7620683908462524
1,0.7756054401397705,1,0.5860643982887268,1,0.5790641903877258,1,0.4754411876201629
1,0.3863010704517364,1,0.2348111569881439,1,0.0078205605968832,1,0.0274441409856081
1,0.0859297960996627,1,0.1534318327903747,1,0.1108185201883316,1,0.043886698782444
1,0.8606640696525574,1,0.6433408856391907,1,0.0343290865421295,1,0.2281830161809921
1,0.1657698154449463,1,0.2622068226337433,1,0.2208883464336395,1,0.0920921489596366
1,0.2333269566297531,1,0.2544099986553192,1,0.5391219854354858,1,0.2971092164516449
1,0.3073152005672455,1,0.2612192928791046,1,0.1165433675050735,1,0.3098276555538177
1,0.3766559958457947,1,0.3603197336196899,1,0.2001278102397918,1,0.3735446333885193
1,0.1100089326500892,1,0.1863791942596435,1,0.0908252075314521,1,0.1402747631072998
1,0.9680913090705872,1,0.846163809299469,1,0.8684821128845215,1,0.721463143825531
1,0.0224451273679733,1,0.0290776211768388,1,0.2521521747112274,1,0.2182239741086959
1,0.0930042937397956,1,0.032561607658863,1,0.0272227954119443,1,0.1529067009687423
1,0.8978220224380493,1,0.2547211050987243,1,0.1363271921873092,1,0.5478828549385071
1,0.8838738203048706,1,0.3034687936306,1,0.352947860956192,1,0.6144018173217773
1,0.9646509885787964,1,0.6356908082962036,1,0.9615433216094972,1,0.8935465812683105
1,0.6049568057060242,1,0.0152229303494095,1,0.0018266236875206,1,0.3724521100521087
1,0.9162678122520448,1,0.502500057220459,1,0.8341745734214783,1,0.7867602705955505
1,0.030471846461296,1,0.1992330551147461,1,0.5200926661491394,1,0.0057223681360483
1,0.5302167534828186,1,0.3345608115196228,1,0.6852247714996338,1,0.8812183141708374
0,0.0332562699913978,0,0.0612885914742946,0,0.0457889810204505,0,0.0416953712701797
0,0.0031102839857339,0,0.0129632456228137,0,0.0013385459315031,0,0.0028209423180669
0,0.1218262687325477,0,0.0859715268015861,0,0.3200232684612274,0,0.0698911771178245
0,0.0027530142106115,0,0.0064989780075848,0,0.003504269523546,0,0.0106055103242397
0,0.1558829843997955,0,0.0190027765929698,0,0.3412687480449676,0,0.0581379868090152
0,0.0020869502332061,0,0.0096677914261817,0,0.0049271583557128,0,0.0010826364159584
0,0.1100373193621635,0,0.0375773236155509,0,0.3896956741809845,0,0.0530345551669597
0,0.0062504522502422,0,0.0053187953308224,0,0.0274491645395755,0,0.0447607338428497
0,0.0087900292128324,0,0.0109978700056672,0,0.0728509649634361,0,0.0707536414265632
0,0.008882388472557,0,0.0240114610642194,0,0.0032075333874672,0,0.0069178813137114
0,0.0059491991996765,0,0.0062380190938711,0,0.0019650177564471,0,0.0007169204181991
0,0.0034998264163732,0,0.0058919815346598,0,0.0002036839578067,0,0.0068654911592602
0,0.0070627750828862,0,0.0319347530603408,0,0.0002906523004639,0,0.0801949724555015
0,0.0030467223841696,0,0.0070597860030829,0,0.0002127915504388,0,0.0055004428140819
0,0.0471043996512889,0,0.018110979348421,0,0.0570718720555305,0,0.0754021629691124
0,0.3238128423690796,0,0.034628577530384,0,0.0082647390663623,0,0.2546998858451843
0,0.0017967894673347,0,0.0223602205514907,0,0.0012953984551131,0,0.0044419602490961
0,0.0013923203805461,0,0.0072699938900768,0,0.0002679307654034,0,0.0031895299907773
0,0.0471191741526126,0,0.0178338065743446,0,0.0645527392625808,0,0.0689168497920036
0,0.001456530415453,0,0.0181136075407266,0,0.0003286415885668,0,0.0407156571745872
0,0.0645741447806358,0,0.0179625172168016,0,0.0796587318181991,0,0.1120732352137565
0,0.6039270162582397,0,0.0233673211187124,0,0.001044780598022,0,0.4320150017738342
0,0.0812327414751052,0,0.0267600007355213,0,0.0062960870563983,0,0.1601963639259338
0,0.0152226947247982,0,0.1072339564561843,0,0.0596959851682186,0,0.0461060926318168
0,0.2075124979019165,0,0.4696222245693207,0,0.1643900573253631,0,0.3932457268238067
0,0.5251553058624268,0,0.351874440908432,0,0.2686681449413299,0,0.38094562292099
0,0.1220573037862777,0,0.0591485500335693,0,0.0030279532074928,0,0.0310168992727994
0,0.0304087661206722,0,0.2332736402750015,0,0.0502373687922954,0,0.0618206858634948
0,0.1748838424682617,0,0.3995814323425293,0,0.155285969376564,0,0.2603253424167633
0,0.3450879156589508,0,0.3620500266551971,0,0.3583769798278808,0,0.348695158958435
0,0.1760210394859314,0,0.0625348910689354,0,0.0024089140351861,0,0.0495434589684009
0,0.0262220874428749,0,0.1287899762392044,0,0.0114983459934592,0,0.0358627922832965
0,0.2305764108896255,0,0.3705536127090454,0,0.1712485551834106,0,0.3439737856388092
0,0.561144232749939,0,0.3589577972888946,0,0.2635590136051178,0,0.4907353222370147
0,0.0469720810651779,0,0.0319650322198867,0,0.004403761588037,0,0.0193300899118185
0,0.0601387023925781,0,0.3441953659057617,0,0.043872520327568,0,0.0815939232707023
0,0.2878507077693939,0,0.0099540958181023,0,0.0008198699215427,0,0.1333795040845871
0,0.0031400048173964,0,0.0040580905042588,0,0.0010623761918395,0,0.0341212004423141
0,0.3801336884498596,0,0.038367785513401,0,0.7575686573982239,0,0.3604277074337005
0,0.3814669549465179,0,0.1062661707401275,0,0.6695667505264282,0,0.3905176818370819
0,0.0277303010225296,0,0.0056315064430236,0,0.0180799718946218,0,0.0324529409408569
0,0.0450192838907241,0,0.0090386979281902,0,0.0046116271987557,0,0.0743066892027854
0,0.0024087948258966,0,0.0037464634515345,0,0.0001072116574505,0,0.0145333185791969
0,0.0378908514976501,0,0.0070469588972628,0,0.0143393548205494,0,0.0672593042254448
0,0.0018558837473392,0,0.0958727151155471,0,0.0263994261622428,0,0.0246744640171527
0,0.0069603873416781,0,0.0192648395895957,0,0.0278359707444906,0,0.0382250100374221
0,0.0023209971841424,0,0.0065752319060266,0,0.00051833310863,0,0.0372746437788009
0,0.0063184709288179,0,0.0141322501003742,0,0.0015834250953048,0,0.0074382834136486
0,0.8777719140052795,0,0.1792777329683303,0,0.574519157409668,0,0.6149371862411499
0,0.061300903558731,0,0.1318729370832443,0,0.1594719290733337,0,0.2739533185958862
0,0.0017074797069653,0,0.030598247423768,0,0.0019059821497648,0,0.0373823121190071
0,0.6577959060668945,0,0.7877899408340454,0,0.4505189657211303,0,0.5130354166030884
0,0.0014389238785952,0,0.0104488972574472,0,5.716927262255922e-05,0,0.0045285220257937
0,0.0006550851976498,0,0.003798161400482,0,0.0004426667583175,0,0.0184069965034723
0,0.0894676372408866,0,0.0154335480183362,0,0.0005812553572468,0,0.1077409982681274
0,0.0011566624743863,0,0.0128161879256367,0,0.0001262850128114,0,0.0044366773217916
0,0.0006556350854225,0,0.0037821880541741,0,0.0002982094010803,0,0.0143285235390067
0,0.0365431234240531,0,0.0245606526732444,0,0.0006016503903083,0,0.0252627842128276
0,0.0017851967131718,0,0.0105056595057249,0,9.792575292522088e-05,0,0.0025641128886491
0,0.0007188883610069,0,0.0056242691352963,0,0.0005471769836731,0,0.013337810523808
0,0.1329278200864792,0,0.0547526627779006,0,0.0130800148472189,0,0.2148519605398178
0,0.07154031842947,0,0.1134988069534301,0,0.1098838150501251,0,0.1311033517122268
0,0.0015171185368672,0,0.0054174079559743,0,0.0004282279987819,0,0.0040179318748414
0,0.0185411665588617,0,0.02045763656497,0,0.0018871031934395,0,0.0070406156592071
0,0.0093705737963318,0,0.0063916719518601,0,0.0004165201098658,0,0.0292075872421264
0,0.0016025755321606,0,0.0025869060773402,0,4.4772561523132026e-05,0,0.0128298038616776
0,0.0016163175459951,0,0.0065772631205618,0,0.0001016982714645,0,0.017549492418766
0,0.0015276137273758,0,0.0072864210233092,0,0.0001402400084771,0,0.0142252193763852
0,0.0011712205596268,0,0.0095104398205876,0,0.0555712543427944,0,0.0683463215827941
0,0.0007573066395707,0,0.0160121377557516,0,0.0477858372032642,0,0.0832869112491607
0,0.4318501949310303,0,0.3652817010879516,0,0.4904992878437042,0,0.4241711795330047
0,0.2518654465675354,0,0.3108558654785156,0,0.3349683284759521,0,0.3886981010437011
0,0.7460888028144836,0,0.6599621176719666,0,0.4221734404563904,0,0.3263720870018005
0,0.0041185766458511,0,0.0272355787456035,0,0.0004199402173981,0,0.1053434535861015
0,0.4286914765834808,0,0.1187191531062126,0,5.782200241810642e-05,0,0.1423531174659729
0,0.0533039160072803,0,0.3793853521347046,0,0.085343025624752,0,0.2016703337430954
0,0.0636857971549034,0,0.0630797371268272,0,0.1442129015922546,0,0.5298654437065125
0,0.0080453855916857,0,0.0056584486737847,0,3.671799640869722e-05,0,0.0600423626601696
0,0.0059614102356135,0,0.0174843594431877,0,0.0060455505736172,0,0.0274036806076765
0,0.012864357791841,0,0.0482651405036449,0,0.1909410953521728,0,0.2944995760917663
0,0.1182295083999633,0,0.1269893497228622,0,0.0602060332894325,0,0.118934765458107
0,0.0085764024406671,0,0.0289656370878219,0,0.019868491217494,0,0.0628011524677276
0,0.0728600844740867,0,0.0589226931333541,0,0.1137255653738975,0,0.1886045187711715
0,0.0082032307982444,0,0.021184479817748,0,0.0018171325791627,0,0.0146878771483898
0,0.0063635129481554,0,0.0284462589770555,0,0.0348625592887401,0,0.1166046857833862
0,0.0227777119725942,0,0.135962039232254,0,0.036730583757162,0,0.4306703507900238
0,0.1348424106836319,0,0.1238989010453224,0,0.1229107305407524,0,0.2386437952518463
0,0.0450606383383274,0,0.0063070328906178,0,0.1421929746866226,0,0.0225896891206502
0,0.7048446536064148,0,0.0548448003828525,0,0.3954679071903229,0,0.417539894580841
0,0.0489010959863662,0,0.0804762095212936,0,0.0313488058745861,0,0.3322146534919739
0,0.3635622859001159,0,0.2020229399204254,0,0.7421218752861023,0,0.1811907738447189
0,0.4925653636455536,0,0.4259752631187439,0,0.5152485966682434,0,0.2745208442211151
0,0.5720846652984619,0,0.4067069888114929,0,0.4418785274028778,0,0.2734222114086151
0,0.5169535279273987,0,0.3898109197616577,0,0.2588533461093902,0,0.2469150274991989
0,0.0016356761334463,0,0.0051151728257536,0,0.0074453842826187,0,0.0301056616008281
0,0.8427046537399292,0,0.1092386618256568,0,0.1002646461129188,0,0.555385172367096
0,0.5079360604286194,0,0.0456172786653041,0,0.0490684174001216,0,0.3219031393527984
0,0.7255240082740784,0,0.0417243167757988,0,0.0687620341777801,0,0.380299299955368
0,0.8038599491119385,0,0.0524137206375598,0,0.500517725944519,0,0.3787993490695953
0,0.3285045623779297,0,0.3004718422889709,0,0.010401670821011,0,0.4239484071731567
0,0.0072981156408786,0,0.0039512482471764,0,0.0123040890321135,0,0.0016667630989104
0,0.022627068683505,0,0.0247643943876028,0,0.0052922768518328,0,0.1205972507596015
0,0.0172995366156101,0,0.0205394346266984,0,0.0039466158486902,0,0.0854092389345169
0,0.0023924626875668,0,0.0938386097550392,0,0.1731938570737838,0,0.0771166831254959
0,0.0019555012695491,0,0.0217062272131443,0,0.0052157645113766,0,0.0045761466026306
0,0.0005826820270158,0,0.0156888421624898,0,0.0219073332846164,0,0.0439722537994384
0,0.0073265470564365,0,0.0872764810919761,0,0.0719999894499778,0,0.0311539564281702
0,0.0062309703789651,0,0.0170114282518625,0,0.1077155843377113,0,0.128765270113945
0,0.0179770831018686,0,0.0074019976891577,0,0.0049028736539185,0,0.0394270569086074
0,0.0009107452933676,0,0.0036796557251363,0,3.59265209226578e-06,0,0.0005220650346018
0,0.0010973383905366,0,0.0047720619477331,0,6.470450443885056e-06,0,0.0005384660325944
0,0.0015521470922976,0,0.0038330592215061,0,6.370010669343174e-05,0,0.0060375900939106
0,0.0010566058335825,0,0.0032595125958323,0,3.4543577385193203e-06,0,0.0005713219870813
0,0.0018404654692858,0,0.0036446671001613,0,0.0001349021767964,0,0.0060652433894574
0,0.0102155609056353,0,0.0233243368566036,0,0.0044128485023975,0,0.0373355187475681
0,0.0245616268366575,0,0.0953034311532974,0,0.1640293002128601,0,0.2251960337162017
0,0.014312039129436,0,0.0133933583274483,0,0.0041922670789062,0,0.0132888974621891
0,0.0058154063299298,0,0.0127094723284244,0,0.0008042065892368,0,0.1240492761135101
0,0.006759108044207,0,0.0075338026508688,0,0.0134859001263976,0,0.0038787277881056
0,0.0747131630778312,0,0.0665647163987159,0,0.0739552304148674,0,0.0198773778975009
0,0.0041466811671853,0,0.0093243075534701,0,0.0003564593498595,0,0.0902138352394104
0,0.0044088950380682,0,0.0021880506537854,0,0.0010644788853824,0,0.0122734950855374
0,0.1173651292920112,0,0.029350658878684,0,0.0233187284320592,0,0.2939685881137848
0,0.008235509507358,0,0.0191053245216608,0,3.08737471641507e-05,0,0.0109142120927572
0,0.0107406228780746,0,0.0079111605882644,0,0.0022077858448028,0,0.0042344313114881
0,0.0161540638655424,0,0.0075572808273136,0,0.0002822075330186,0,0.0188712943345308
0,0.0016365655465051,0,0.0139981750398874,0,0.0005186682101339,0,0.0029718929436057
0,0.0093266861513257,0,0.0333579257130622,0,0.0067895879037678,0,0.0070338584482669
0,0.0070478091947734,0,0.0194927044212818,0,6.412521906895563e-05,0,0.0136866513639688
0,0.0096136461943387,0,0.009003228507936,0,0.0020590797066688,0,0.0020724129863083
0,0.0113214366137981,0,0.0064826379530131,0,0.0003834849921986,0,0.0167429689317941
0,0.8113512992858887,0,0.2764520049095154,0,0.3141156136989593,0,0.1692536175251007
0,0.2271302789449691,0,0.4255479872226715,0,0.1330994814634323,0,0.2733637988567352
0,0.3023171722888946,0,0.5016641020774841,0,0.0283616092056036,0,0.4741970300674438
0,0.0399617925286293,0,0.0325704403221607,0,0.0394949875771999,0,0.1611092388629913
0,0.0278689730912446,0,0.1126913279294967,0,0.0193435568362474,0,0.06411924213171
0,0.0745826065540313,0,0.0190449394285678,0,0.0512562319636344,0,0.1238710060715675
0,0.345889687538147,0,0.0472782514989376,0,0.610950767993927,0,0.3039658963680267
0,0.0083572082221508,0,0.0093457037582993,0,0.002708408748731,0,0.0022958684712648
0,0.0019539049826562,0,0.0999005660414695,0,0.0418769009411335,0,0.1165385618805885
0,0.0039387019351124,0,0.0230708047747612,0,0.0417580939829349,0,0.1035354807972908
0,0.0017458699876442,0,0.0096924258396029,0,0.001098646200262,0,0.0126234041526913
0,0.1184880807995796,0,0.0463134199380874,0,0.0020246221683919,0,0.4144447147846222
0,0.5093672275543213,0,0.1606997102499008,0,0.0012229745043441,0,0.2738414406776428
0,0.1982655972242355,0,0.0200888644903898,0,0.0018636547029018,0,0.0938265696167945
0,0.2987406551837921,0,0.068947285413742,0,0.1042790934443473,0,0.3760117292404175
0,0.0861048325896263,0,0.4124231338500976,0,0.1887518167495727,0,0.2556336224079132
0,0.0016649543540552,0,0.0077832788228988,0,8.746829553274438e-05,0,0.0034554374869912
0,0.0016568334540352,0,0.0130857089534401,0,0.0040434105321764,0,0.015572371892631
0,0.0010056596947833,0,0.0053041130304336,0,0.0001630831247894,0,0.0049908319488167
0,0.0014684490161016,0,0.0089454175904393,0,5.243361010798253e-05,0,0.0023876624181866
0,0.7533693909645081,0,0.6139494776725769,0,0.521830677986145,0,0.5391386151313782
0,0.6343753337860107,0,0.416014015674591,0,0.4068027436733246,0,0.554663360118866
0,0.7994471788406372,0,0.5336746573448181,0,0.4542373716831207,0,0.5661261081695557
0,0.0140032051131129,0,0.0468246825039386,0,0.0007988284924067,0,0.2784058749675751
0,0.0378945134580135,0,0.0413947366178035,0,0.0007903414661996,0,0.3266989290714264
0,0.0178672298789024,0,0.0316616110503673,0,0.0005803275271318,0,0.3251991271972656
0,0.0939278304576873,0,0.0896318107843399,0,0.0473840981721878,0,0.3552158772945404
0,0.0028487632516771,0,0.0166088640689849,0,0.0002143801975762,0,0.0016908185789361
0,0.0032628620974719,0,0.0362952277064323,0,0.0009897287236526,0,0.00434415275231
0,0.0013472229475155,0,0.0088191535323858,0,1.465894001739798e-05,0,0.0008527124300599
0,0.0181259214878082,0,0.0822723284363746,0,0.0088134994730353,0,0.0007399814203381
0,0.0022656207438558,0,0.0114415874704718,0,0.0001908610138343,0,0.0091104246675968
0,0.0021910027135163,0,0.0171968210488557,0,2.758805021585431e-05,0,0.0021053676027804
0,0.0053722574375569,0,0.1047905460000038,0,0.0017889573937281,0,0.0087289353832602
0,0.0026180755812674,0,0.009241858497262,0,0.0004704208986368,0,0.007217857055366
0,0.0022382736206054,0,0.0068699307739734,0,1.4604032912757248e-05,0,0.0010157624492421
0,0.0212475340813398,0,0.2448002696037292,0,0.2627752423286438,0,0.3122333884239197
0,0.0764842256903648,0,0.5298998355865479,0,0.2166200578212738,0,0.444391131401062
0,0.0202421098947525,0,0.2006026804447174,0,0.1572352051734924,0,0.1356828361749649
0,0.0743332505226135,0,0.5250803232192993,0,0.1448619216680526,0,0.3751310408115387
0,0.0018730626907199,0,0.0126478308811783,0,0.0019054998410865,0,0.0033654319122433
0,0.0740685313940048,0,0.4577336311340332,0,0.0242605656385421,0,0.2825621962547302
0,0.3113383948802948,0,0.321331113576889,0,0.7603313326835632,0,0.1816324889659881
0,0.0030436853412538,0,0.0727350711822509,0,0.0003758047532755,0,0.0302116945385932
0,0.1461992710828781,0,0.5161616206169128,0,0.1358745098114013,0,0.4290632009506225
0,0.3562586903572082,0,0.525711178779602,0,0.1429658979177475,0,0.4703890681266784
0,0.1028477102518081,0,0.0177103169262409,0,0.1669794023036956,0,0.1306876242160797
0,0.0084291752427816,0,0.0673211887478828,0,0.0411889813840389,0,0.1149441599845886
0,0.3599010705947876,0,0.10667135566473,0,0.035210408270359,0,0.3126083314418793
0,0.2837715148925781,0,0.0984624996781349,0,0.0062765846960246,0,0.1299308240413665
0,0.2446696311235427,0,0.0862483978271484,0,0.0266263000667095,0,0.2577828764915466
0,0.3728795647621155,0,0.1116791665554046,0,0.0080645000562071,0,0.2390808314085006
0,0.0062130526639521,0,0.091752216219902,0,0.0004570605815388,0,0.0246181190013885
0,0.0557109378278255,0,0.426287978887558,0,0.4617233276367187,0,0.3947522938251495
0,0.0058967703953385,0,0.0223351120948791,0,0.0004161696415394,0,0.022348491474986
0,0.0008213886176235,0,0.0018279220676049,0,1.125363905885024e-05,0,0.00038707794738
0,0.0074262884445488,0,0.0211821068078279,0,0.0001418025203747,0,0.0645139217376709
0,0.0058323494158685,0,0.1602398306131363,0,0.0244939308613538,0,0.0959506183862686
0,0.0051179155707359,0,0.0022644395940005,0,6.43519961158745e-05,0,0.0069601624272763
0,0.0170445423573255,0,0.0111498953774571,0,0.1130221039056778,0,0.0390504486858844
0,0.0294241569936275,0,0.0354903861880302,0,0.0294195618480443,0,0.0540898777544498
0,0.0445191264152526,0,0.0609328709542751,0,0.0365177430212497,0,0.1181621104478836
0,0.0039746211841702,0,0.0037745491135865,0,0.0005872085457667,0,0.0100362440571188
0,0.033862117677927,0,0.0303771086037158,0,0.0531451441347599,0,0.0801731348037719
0,0.0065692705102264,0,0.0058074798434972,0,0.0026074391789734,0,0.0054254736751317
0,0.0245378818362951,0,0.0154011631384491,0,0.0005847432767041,0,0.0077968868426978
0,0.9120966792106628,0,0.5270273685455322,0,0.6996172666549683,0,0.338944673538208
0,0.9313674569129944,0,0.5279925465583801,0,0.7003579139709473,0,0.4319268763065338
0,0.9408837556838988,0,0.5458341240882874,0,0.6381125450134277,0,0.3811177611351013
0,0.0131748877465724,0,0.0326803289353847,0,0.0007878337637521,0,0.0453315861523151
0,0.0083594294264912,0,0.0425557009875774,0,0.0018374753417447,0,0.0935626998543739
0,0.0358803831040859,0,0.07907135784626,0,0.0008305668015964,0,0.149290919303894
0,0.0129253324121236,0,0.0334410108625888,0,0.0094699459150433,0,0.0249012801796197
0,0.0180452223867177,0,0.0347119644284248,0,0.003664425574243,0,0.0781855136156082
0,0.0134341372177004,0,0.0402445420622825,0,0.0064292633906006,0,0.0968846529722213
0,0.9668996930122375,0,0.7662699222564697,0,0.4791782796382904,0,0.2584238648414612
0,0.9220987558364868,0,0.5323086380958557,0,0.1131260842084884,0,0.073861688375473
0,0.0103673692792654,0,0.1761761605739593,0,0.0036531528457999,0,0.1358511447906494
0,0.0160142183303833,0,0.011634599417448,0,0.0005780774517916,0,0.1303720772266388
0,0.294642835855484,0,0.0672643408179283,0,0.0067463987506926,0,0.0711211711168289
0,0.0039225309155881,0,0.011453777551651,0,0.0004471568390727,0,0.0233468227088451
0,0.0094685964286327,0,0.0296712927520275,0,0.0004871468117926,0,0.0147518683224916
0,0.0028229362796992,0,0.0100167151540517,0,0.000535235623829,0,0.0837948024272918
0,0.0036469707265496,0,0.0135922655463218,0,0.0012465822510421,0,0.0093701845034956
0,0.0025903731584548,0,0.0079610608518123,0,0.0005702779162675,0,0.0715601742267608
0,0.0049069323576986,0,0.0133873876184225,0,0.0013460463378578,0,0.0142155680805444
0,0.0120318066328763,0,0.0335706882178783,0,0.0006994777941145,0,0.0195619482547044
0,0.0020050301682204,0,0.0093457959592342,0,0.0006963334744796,0,0.064752496778965
0,0.9417823553085328,0,0.4741975665092468,0,0.3656558096408844,0,0.7015017867088318
0,0.0154722528532147,0,0.0056186215952038,0,0.0030593536794185,0,0.0913488492369651
0,0.0008408665307797,0,0.0070417458191514,0,0.0002964657032862,0,0.0063192914240062
0,0.0088007738813757,0,0.0201066378504037,0,0.0011963926954194,0,0.0032856022007763
0,0.0086153885349631,0,0.0230497382581233,0,0.0009899794822558,0,0.0048761279322206
0,0.0061725270934402,0,0.0204328075051307,0,0.00064637203468,0,0.0037176003679633
1,0.8332682251930237,1,0.7503297924995422,1,0.444312185049057,1,0.5865341424942017
1,0.5392829775810242,1,0.0510779879987239,1,0.5030924081802368,1,0.8072938919067383
1,0.0857842490077018,1,0.1027962788939476,1,0.4335610568523407,1,0.3133323788642883
1,0.2568245828151703,1,0.0696598514914512,1,0.2667563557624817,1,0.5758190751075745
1,0.350892424583435,1,0.0288042891770601,1,0.1184680610895156,1,0.4111665189266205
1,0.977803349494934,1,0.8266580104827881,1,0.4777555763721466,1,0.6704215407371521
1,0.999071478843689,1,0.7833582758903503,1,0.961898922920227,1,0.9828328490257264
1,0.0256804302334785,1,0.0090456679463386,1,0.0051477146334946,1,0.1076103821396827
1,0.020539354532957,1,0.0761229544878006,1,0.1729525029659271,1,0.3422878384590149
1,0.0870041921734809,1,0.1867105513811111,1,0.5096547603607178,1,0.338156133890152
1,0.0943976193666458,1,0.0510874539613723,1,0.0867249816656112,1,0.2355822771787643
1,0.4718336760997772,1,0.1356701254844665,1,0.751431405544281,1,0.4412918984889984
1,0.1744885146617889,1,0.0875991806387901,1,0.0493187420070171,1,0.0501622185111045
1,0.2824677526950836,1,0.0384275764226913,1,0.7429617643356323,1,0.1873183101415634
1,0.7492260932922363,1,0.6080827713012695,1,0.682224690914154,1,0.6116710305213928
1,0.001442294451408,1,0.0849481001496315,1,0.0015309244627133,1,0.1247238218784332
1,0.0093978261575102,1,0.178368479013443,1,0.0161180887371301,1,0.3214264512062073
1,0.0066681825555861,1,0.0774814337491989,1,0.0028137632180005,1,0.0331054255366325
1,0.2843686640262604,1,0.298134297132492,1,0.3492228090763092,1,0.3420836925506592
1,0.2524529993534088,1,0.6931599974632263,1,0.1393843293190002,1,0.3645364642143249
1,0.7969029545783997,1,0.7053067684173584,1,0.5778550505638123,1,0.649446964263916
1,0.6695326566696167,1,0.7549019455909729,1,0.2670775651931762,1,0.5380107164382935
1,0.9052521586418152,1,0.6912649869918823,1,0.4704306721687317,1,0.7405516505241394
1,0.068723939359188,1,0.311062216758728,1,0.2543016672134399,1,0.640717089176178
1,0.1003480553627014,1,0.2359311431646347,1,0.2547214031219482,1,0.6941943168640137
1,0.228740856051445,1,0.2815505266189575,1,0.3241076171398163,1,0.7311299443244934
0,0.0031966008245944,0,0.4061757922172546,0,0.0316308513283729,0,0.219748705625534
0,0.0053542298264801,0,0.5019248127937317,0,0.0091766128316521,0,0.1771163940429687
0,0.004583463538438,0,0.1023822948336601,0,0.233981043100357,0,0.3710986077785492
0,0.0012797754025086,0,0.0459322407841682,0,0.001332207233645,0,0.0279549229890108
0,0.0008126015891321,0,0.0320870131254196,0,0.0015340675599873,0,0.0138551760464906
0,0.7528384923934937,0,0.4084925353527069,0,0.1883691549301147,0,0.1747691333293914
0,0.0131684122607111,0,0.0232034604996442,0,0.0639952048659324,0,0.0687722042202949
0,0.0056878998875617,0,0.0198942329734563,0,0.0019985341932624,0,0.0135419154539704
0,0.2844981253147125,0,0.477009117603302,0,0.0593109875917434,0,0.0191308315843343
0,0.0053420141339302,0,0.0219930410385131,0,0.0004683068546,0,0.0287431981414556
0,0.0117612825706601,0,0.0293587613850832,0,0.0736468285322189,0,0.0450270660221576
0,0.0016038884641602,0,0.10739167034626,0,0.1254651993513107,0,0.0564237348735332
0,0.0072793494910001,0,0.2349662184715271,0,0.1352230310440063,0,0.0855220556259155
0,0.936557412147522,0,0.7214971780776978,0,0.3179045617580414,0,0.6992793679237366
0,0.0040239533409476,0,0.0231124591082334,0,0.0272312071174383,0,0.0175208486616611
0,0.0063428757712244,0,0.0191043335944414,0,0.0045139477588236,0,0.0175968371331691
0,0.0092902816832065,0,0.0134206125512719,0,0.0007259242120198,0,0.0012510492233559
0,0.0015984763158485,0,0.0254076365381479,0,7.173668564064428e-05,0,0.0458328053355217
0,0.0094098336994647,0,0.1286782622337341,0,0.0432932078838348,0,0.2122531086206436
0,0.8426821231842041,0,0.2018763870000839,0,0.0001137870422098,0,0.119011141359806
0,0.0440124608576297,0,0.2453469634056091,0,0.0053682504221796,0,0.070518285036087
0,0.082025445997715,0,0.0857521295547485,0,0.0025572509039193,0,0.0164366625249385
0,0.0349499061703681,0,0.1612102091312408,0,0.0347054600715637,0,0.0052369977347552
0,0.0051438380032777,0,0.0745371356606483,0,0.0056472774595022,0,0.0610117055475711
0,0.0031382797751575,0,0.0206855367869138,0,3.863048186758533e-05,0,0.000561780645512
0,0.0257011074572801,0,0.0216279160231351,0,0.0078429915010929,0,0.0076524578034877
0,0.0105050830170512,0,0.0479350537061691,0,0.0055668544955551,0,0.0197943747043609
0,0.0051998924463987,0,0.0160946492105722,0,5.0172664487035945e-05,0,0.0004612210032064
0,0.0047749006189405,0,0.0173340700566768,0,6.000494613545016e-05,0,0.0004732088127639
0,0.0025829917285591,0,0.029952447861433,0,0.000760018825531,0,0.014505686238408
0,0.7467952370643616,0,0.3845305740833282,0,0.4811069667339325,0,0.4721381962299347
0,0.8398800492286682,0,0.5130797028541565,0,0.5128223896026611,0,0.4696731269359588
0,0.5053687691688538,0,0.4212997853755951,0,0.1298179626464843,0,0.3460171222686767
0,0.3769478499889374,0,0.1295162439346313,0,0.5285189151763916,0,0.5615264177322388
0,0.1467674821615219,0,0.51588374376297,0,0.4005345702171325,0,0.3542535603046417
0,0.7370384335517883,0,0.3677003383636474,0,0.7546846270561218,0,0.5074269771575928
0,0.0251733493059873,0,0.0438211150467395,0,0.1168970912694931,0,0.1722308993339538
0,0.0052979858592152,0,0.0103216962888836,0,9.87801540759392e-05,0,0.0211039427667856
0,0.009087398648262,0,0.0976351276040077,0,0.1322783678770065,0,0.2769131958484649
0,0.0050975396297872,0,0.0113994302228093,0,8.333304867846891e-05,0,0.023006247356534
0,0.0152948163449764,0,0.0104072680696845,0,0.0001241534773726,0,0.053458783775568
0,0.0049029365181922,0,0.0069738659076392,0,5.207592403166928e-05,0,0.0218035280704498
0,0.0166075006127357,0,0.1019269227981567,0,0.2204626649618148,0,0.2850878834724426
0,0.0068888673558831,0,0.052953366190195,0,0.0134482998400926,0,0.0139426980167627
0,0.0010883025825023,0,0.05429258197546,0,0.0313043184578418,0,0.0078227696940302
0,0.00200986280106,0,0.0525494888424873,0,0.0340942218899726,0,0.0814688578248024
0,0.0148427858948707,0,0.1822717189788818,0,0.0300298389047384,0,0.1313369274139404
0,0.0098400441929697,0,0.0089033851400017,0,0.0166682917624712,0,0.0371456108987331
0,0.0851543322205543,0,0.0512178651988506,0,0.007088229060173,0,0.3765087127685547
0,0.011565800756216,0,0.0100399488583207,0,0.0080861765891313,0,0.0340351872146129
0,0.060813870280981,0,0.0524671971797943,0,0.0105207972228527,0,0.2111016362905502
0,0.0441323220729827,0,0.0442997179925441,0,0.0128847146406769,0,0.2918898165225982
0,0.0233884938061237,0,0.0126316733658313,0,0.0159375239163637,0,0.1040029898285865
0,0.01135497353971,0,0.0095613952726125,0,1.3410418432613367e-05,0,0.2385586053133011
0,0.010488798841834,0,0.033180221915245,0,0.0154720777645707,0,0.2394155859947204
0,0.0557860769331455,0,0.0553937554359436,0,0.0044450038112699,0,0.2605282068252563
0,0.001492241746746,0,0.0014078799868002,0,0.0001568626466905,0,0.0269387681037187
0,0.8400738835334778,0,0.2313285022974014,0,0.4415730834007263,0,0.8015955686569214
0,0.0108620626851916,0,0.0142681309953331,0,0.0020704690832644,0,0.0263205375522375
0,0.016221260651946,0,0.0698165223002433,0,0.219557523727417,0,0.0661163255572319
0,0.1871529370546341,0,0.1374734342098236,0,0.5468029975891113,0,0.0960111692547798
0,0.0061251758597791,0,0.0290758982300758,0,0.0014759936602786,0,0.0603140965104103
0,0.0094654252752661,0,0.0221242401748895,0,0.0004319725558161,0,0.0055370707996189
0,0.0010051386198028,0,0.0066351010464131,0,1.4267028745962309e-05,0,0.0012711847666651
0,0.0065007088705897,0,0.0350813455879688,0,0.0007505202665925,0,0.036445029079914
0,0.0012490507215261,0,0.0114599438384175,0,1.4027703400643077e-05,0,0.0008626106427982
0,0.0063811247237026,0,0.0364103876054286,0,0.0016582490643486,0,0.0643107369542121
0,0.0009475093684159,0,0.0174676962196826,0,1.9525234165485017e-05,0,0.0018956583226099
0,0.0060928161256015,0,0.1533895581960678,0,0.0041569070890545,0,0.098318874835968
0,0.0153563618659973,0,0.2001092582941055,0,0.0148923117667436,0,0.1673935204744339
0,0.0176353324204683,0,0.0338568389415741,0,0.0101407067850232,0,0.0787917450070381
0,0.001862212899141,0,0.0138404006138443,0,0.002827615244314,0,0.0120828477665781
0,0.0031610904261469,0,0.0421961136162281,0,0.0014643064932897,0,0.0010419347090646
0,0.0050950273871421,0,0.0261344630271196,0,0.0024697126355022,0,0.0014471889007836
0,0.0844763591885566,0,0.0184096284210681,0,0.0008797428454272,0,0.1274928748607635
0,0.0016232375055551,0,0.0079968683421611,0,1.5216240171866955e-05,0,0.0089625110849738
0,0.4895931184291839,0,0.199469655752182,0,0.9043754935264589,0,0.5324089527130127
0,0.1470435112714767,0,0.1234328225255012,0,0.1728954166173935,0,0.4900998473167419
0,0.0017555125523358,0,0.0020898429211229,0,0.0005824738182127,0,0.0063414117321372
0,0.0245969928801059,0,0.0305564254522323,0,0.0101642832159996,0,0.0643876269459724
0,0.1714673042297363,0,0.1121455430984497,0,0.1867637187242508,0,0.359333723783493
0,0.0436105206608772,0,0.0409939847886562,0,0.0278954580426216,0,0.0807818621397018
0,0.0112019684165716,0,0.0124384257942438,0,0.0445002987980842,0,0.0373939350247383
0,0.0042084120213985,0,0.041313499212265,0,0.0003528877859935,0,0.0143618686124682
0,0.0041183573193848,0,0.0840853825211525,0,0.0038806092925369,0,0.0334135554730892
0,0.1767176985740661,0,0.2822552621364593,0,0.2358087003231048,0,0.2676763236522674
0,0.0632239654660224,0,0.299179345369339,0,0.1221862509846687,0,0.1417909860610962
0,0.7135338187217712,0,0.0836990177631378,0,0.4678691327571869,0,0.4545948505401611
0,0.684758186340332,0,0.0935891196131706,0,0.4266893267631531,0,0.3679470419883728
0,0.0845549032092094,0,0.3038544952869415,0,0.0589298717677593,0,0.1303740888833999
0,0.050058651715517,0,0.1411680430173874,0,0.000296313985018,0,0.1196022778749466
0,0.0713315606117248,0,0.1427021324634552,0,7.166878640418872e-05,0,0.1115664467215538
0,0.0214617755264043,0,0.3462709486484527,0,0.0727580338716507,0,0.1545832753181457
0,0.1026743054389953,0,0.149919331073761,0,0.4041555821895599,0,0.2298274934291839
0,0.0087555134668946,0,0.1743514835834503,0,0.0442932695150375,0,0.1044763624668121
0,0.6324812173843384,0,0.7921661734580994,0,0.7868268489837646,0,0.3251147270202636
0,0.0535686053335666,0,0.3723225891590118,0,0.0529346577823162,0,0.0930430144071579
0,0.9337816834449768,0,0.7021544575691223,0,0.7837989926338196,0,0.5616767406463623
0,0.0045123579911887,0,0.1698383092880249,0,0.1026786193251609,0,0.080644279718399
0,0.0006287627620622,0,0.0015685942489653,0,0.0008758890326134,0,0.0030424108263105
0,0.0021360593382269,0,0.003272982314229,0,0.0052274698391556,0,0.0035246706102043
0,0.0013398844748735,0,0.0037398643326014,0,0.0083152744919061,0,0.0012596767628565
0,0.0154251530766487,0,0.0055946400389075,0,0.0002017076185438,0,0.0194597728550434
0,0.0012526392238214,0,0.0026472883764654,0,0.0037581764627248,0,0.0015179956099018
0,0.060027115046978,0,0.0058557875454425,0,0.0007167182047851,0,0.0634674429893493
0,0.0079850815236568,0,0.0038746825885027,0,7.422317867167294e-05,0,0.0069509074091911
0,0.0535667166113853,0,0.011512516066432,0,0.0872901156544685,0,0.0288183931261301
0,0.0237821824848651,0,0.0160618796944618,0,0.0537034943699836,0,0.0085710445418953
0,0.0029676584526896,0,0.0315563008189201,0,0.0043179257772862,0,0.0300182700157165
0,0.0500095710158348,0,0.0161000192165374,0,0.0996859744191169,0,0.0428200475871562
0,0.0059174518100917,0,0.0315174087882041,0,0.0021138610318303,0,0.0251379813998937
0,0.8737773895263672,0,0.4145349860191345,0,0.5553267002105713,0,0.4647897481918335
0,0.2812611162662506,0,0.0423671528697013,0,0.0031025963835418,0,0.0900885015726089
0,0.0199055261909961,0,0.0255730617791414,0,0.0038299814332276,0,0.0382635332643985
0,0.0256916042417287,0,0.0379754155874252,0,0.0108121996745467,0,0.071473903954029
0,0.1193786934018135,0,0.0362608507275581,0,0.0008862045942805,0,0.0691505819559097
0,0.8548548817634583,0,0.4033992290496826,0,0.6615262627601624,0,0.49538254737854
0,0.0054802205413579,0,0.0095046749338507,0,0.0147376051172614,0,0.0260171424597501
0,0.2039875090122223,0,0.0401960872113704,0,0.001430956297554,0,0.0936927646398544
0,0.0306887198239564,0,0.0471214167773723,0,0.006085508968681,0,0.0744568705558776
0,0.8604926466941833,0,0.3997830748558044,0,0.6483303308486938,0,0.5454066395759583
0,0.0007430553087033,0,0.0563722476363182,0,0.0032899584621191,0,0.1674487292766571
0,0.000873725162819,0,0.0231925603002309,0,0.0015694136964157,0,0.105656161904335
0,0.0011783621739596,0,0.1171094477176666,0,0.0015586978988721,0,0.2407966554164886
0,0.3380688428878784,0,0.2222472131252288,0,0.0579146035015583,0,0.1641998291015625
0,0.4329916536808014,0,0.1565140783786773,0,0.2303044646978378,0,0.3599504232406616
0,0.0281361881643533,0,0.0043970015831291,0,0.0041616610251367,0,0.2933289706707001
0,0.0209668986499309,0,0.0035893532913178,0,0.0020528435707092,0,0.0059255808591842
0,0.296000063419342,0,0.1013973578810691,0,0.0335131473839283,0,0.2082076966762542
0,0.0053848843090236,0,0.0183759592473506,0,0.0048798476345837,0,0.0014943904243409
0,0.0028775201644748,0,0.0424926169216632,0,0.1172587946057319,0,0.2730411887168884
0,0.042519386857748,0,0.1449680924415588,0,0.4857549965381622,0,0.4151922762393951
0,0.1535874605178833,0,0.2367889434099197,0,0.6467116475105286,0,0.1013431027531623
0,0.9714565277099608,0,0.8439992070198059,0,0.9761106371879578,0,0.90206116437912
0,0.8671784400939941,0,0.6947798132896423,0,0.958395779132843,0,0.6043097376823425
0,0.5707234144210815,0,0.253341406583786,0,0.0125389266759157,0,0.4054389894008636
0,0.0030489885248243,0,0.0124979298561811,0,0.0001618668175069,0,0.0030674054287374
0,0.006948706228286,0,0.0088672507554292,0,0.000170717088622,0,0.0002924055734183
0,0.3628590106964111,0,0.2063745260238647,0,0.9326063990592957,0,0.3113645315170288
0,0.0269415471702814,0,0.0533926375210285,0,0.4646409451961517,0,0.2208079099655151
0,0.0024084763135761,0,0.0091264089569449,0,0.0003517191507853,0,0.0153593616560101
0,0.0115587757900357,0,0.0636369287967681,0,0.0011470621684566,0,0.0342863872647285
0,0.0601312033832073,0,0.0285169407725334,0,0.0027954583056271,0,0.0674739405512809
0,0.0073880674317479,0,0.0201102700084447,0,0.0031559034250676,0,0.0073224147781729
0,0.0016854472924023,0,0.0032145294826477,0,0.0021194103173911,0,0.0134756900370121
0,0.0320651233196258,0,0.0174768641591072,0,0.0058633950538933,0,0.0255713369697332
0,0.4145511388778686,0,0.0429687984287738,0,0.0819363221526146,0,0.1830261349678039
0,0.0182461198419332,0,0.025220401585102,0,0.0048375567421317,0,0.0137282637879252
0,0.0445917584002018,0,0.4089537560939789,0,0.3040432631969452,0,0.3104439377784729
0,0.2641250193119049,0,0.4330580532550812,0,0.2751357853412628,0,0.2973163425922394
0,0.7611019015312195,0,0.4433880150318146,0,0.6918249726295471,0,0.4044006168842315
0,0.3913614153861999,0,0.3810136020183563,0,0.4273834824562073,0,0.4683839082717895
0,0.4219492673873901,0,0.080717347562313,0,0.1531551927328109,0,0.2191380262374878
0,0.0410465449094772,0,0.3983367085456848,0,0.3148720562458038,0,0.2763887941837311
0,0.4914684593677521,0,0.0620764344930648,0,0.188753992319107,0,0.1079663187265396
0,0.4301466941833496,0,0.362242728471756,0,0.3945452570915222,0,0.5311294198036194
0,0.1171081140637397,0,0.4366988241672516,0,0.4074596464633941,0,0.2868751287460327
0,0.0058880397118628,0,0.0120779359713196,0,0.000602182757575,0,0.0085103930905461
0,0.0015483623137697,0,0.0204886551946401,0,0.0080862296745181,0,0.0357741713523864
0,0.0036078584380447,0,0.1722359806299209,0,0.1080469414591789,0,0.08794716745615
0,0.0036787237040698,0,0.0278293136507272,0,0.0001004408622975,0,0.0202025659382343
0,0.1055635139346122,0,0.2594155073165893,0,0.0158167947083711,0,0.127928614616394
0,0.0069098300300538,0,0.0132133373990654,0,9.425530151929706e-05,0,0.0088285040110349
0,0.0094578061252832,0,0.0179884172976017,0,0.0003767887246794,0,0.0545555911958217
0,0.0044856900349259,0,0.0151298120617866,0,0.0002210881357314,0,0.0280718803405761
0,0.9009043574333192,0,0.1064972653985023,0,0.2805237174034118,0,0.5836725831031799
0,0.8755423426628113,0,0.0771707743406295,0,0.0060298200696706,0,0.5191927552223206
0,0.90856271982193,0,0.1808647513389587,0,0.1856292337179184,0,0.3828811049461365
0,0.0034120522905141,0,0.0045644021593034,0,0.0015858412953093,0,0.073950707912445
0,0.0086416155099868,0,0.0049313027411699,0,0.0012311361497268,0,0.005618701223284
0,0.0308198872953653,0,0.0422621183097362,0,0.0470390431582927,0,0.0258225910365581
0,0.0023321739863604,0,0.0207485184073448,0,0.005853908136487,0,0.1373514384031295
0,0.0043762968853116,0,0.0608852058649063,0,0.0058053028769791,0,0.0910265147686004
0,0.0234746467322111,0,0.0587331242859363,0,0.0230310019105672,0,0.0599984973669052
0,0.0607943870127201,0,0.1467945575714111,0,0.0224152561277151,0,0.3354202508926391
0,0.0158864017575979,0,0.0794541835784912,0,0.010204603895545,0,0.0322482921183109
0,0.0102020995691418,0,0.2287498414516449,0,0.0097155254334211,0,0.3773161172866821
0,0.0490911118686199,0,0.0809975415468216,0,0.063632421195507,0,0.1863088756799698
0,0.0481716766953468,0,0.0488555952906608,0,0.0428604744374752,0,0.1854513883590698
0,0.0546494014561176,0,0.0429994836449623,0,0.0366502739489078,0,0.2678238153457641
0,0.0040002628229558,0,0.0105257676914334,0,0.0085345571860671,0,0.015397815965116
0,0.0070478394627571,0,0.0205632094293832,0,0.0222685933113098,0,0.0078976051881909
0,0.006840968504548,0,0.0055857994593679,0,0.0040283184498548,0,0.0016422175103798
0,0.014014552347362,0,0.0504410527646541,0,0.0742606520652771,0,0.156237319111824
0,0.0112447626888751,0,0.044173989444971,0,0.0266258250921964,0,0.1356889605522155
0,0.0030322112143039,0,0.0083379782736301,0,0.0034925516229122,0,0.098757691681385
0,0.0138601223006844,0,0.0459731742739677,0,0.0318966396152973,0,0.1814314424991607
0,0.0021876143291592,0,0.005994607694447,0,0.0106159280985593,0,0.0558021441102027
0,0.0031365004833787,0,0.0249478854238986,0,0.0001443750516045,0,0.0412964075803756
0,0.0097871888428926,0,0.0174979884177446,0,0.0081791784614324,0,0.0105661414563655
0,0.0013572849566116,0,0.0014619512949138,0,0.000154918685439,0,0.0223282612860202
0,0.0103491125628352,0,0.0190718043595552,0,0.008839726448059,0,0.0342186354100704
0,0.0016685454174876,0,0.0010508957784622,0,0.0001520501245977,0,0.0168054122477769
0,0.0093003641813993,0,0.0106029044836759,0,0.0023736208677291,0,0.0055917063727974
0,0.0015372524503618,0,0.0041652573272585,0,5.901216354686767e-06,0,0.0071908431127667
0,0.0961058810353279,0,0.0120157310739159,0,0.0222087819129228,0,0.0837681591510772
0,0.0018668167758733,0,0.0043790899217128,0,5.992734259052668e-06,0,0.0098425345495343
0,0.0093314591795206,0,0.0507610216736793,0,0.0040947436355054,0,0.0024369563907384
0,0.0230934210121631,0,0.0088905449956655,0,0.0115391248837113,0,0.048454649746418
0,0.002304904628545,0,0.0040206923149526,0,9.062800018000416e-06,0,0.0095821488648653
0,0.1249550729990005,0,0.0116562135517597,0,0.2255191802978515,0,0.2748616337776184
0,0.0629848092794418,0,0.0269597973674535,0,0.0257802978157997,0,0.0206316038966178
0,0.0147275486961007,0,0.014325950294733,0,0.0111135672777891,0,0.0082493824884295
0,0.027599424123764,0,0.0198458302766084,0,0.0236954484134912,0,0.0549680069088935
0,0.0008154102833941,0,0.0850999131798744,0,0.0237713307142257,0,0.0426071137189865
0,0.0006699800724163,0,0.0081774843856692,0,0.0028669706080108,0,0.0010270345956087
0,0.0002341424988117,0,0.0047491872683167,0,0.0016705618472769,0,0.0022598181385546
0,0.9065328240394592,0,0.5014711022377014,0,0.7597326636314392,0,0.7958173751831055
0,0.8671464323997498,0,0.5655320286750793,0,0.7034485936164856,0,0.7692745327949524
0,0.9167525768280028,0,0.6213122606277466,0,0.7899540066719055,0,0.8181928992271423
0,0.0095180198550224,0,0.011168516241014,0,0.0008503063581883,0,0.0069582876749336
0,0.0222058836370706,0,0.4051442742347717,0,0.1722327470779419,0,0.3388702869415283
0,0.0052950517274439,0,0.0874989256262779,0,0.0136847840622067,0,0.0194377582520246
0,0.0097300792112946,0,0.0084080463275313,0,0.0003934024716727,0,0.005572778172791
0,0.0030448052566498,0,0.351476788520813,0,0.2096353024244308,0,0.2288862019777298
0,0.0094421207904815,0,0.0314844734966754,0,0.0363856740295887,0,0.0403851754963398
0,0.0091629615053534,0,0.0035432034637778,0,8.854103361954913e-05,0,0.0081246318295598
0,0.0087474016472697,0,0.5367486476898193,0,0.1859163343906402,0,0.2571314871311188
0,0.0081808883696794,0,0.0784351825714111,0,0.0148057248443365,0,0.0589763931930065
0,0.1556935012340545,0,0.4582609534263611,0,0.2423634976148605,0,0.3317867815494537
0,0.1410151869058609,0,0.2218465656042099,0,0.7253787517547607,0,0.3755019307136535
0,0.0122661152854561,0,0.0990175381302833,0,0.0028283183928579,0,0.109608307480812
0,0.1642551124095916,0,0.2940514981746673,0,0.7037225365638733,0,0.3324261307716369
0,0.0164885558187961,0,0.1857600510120391,0,0.0017711846157908,0,0.1674927473068237
0,0.107040598988533,0,0.2323567122220993,0,0.6978737115859985,0,0.3829962313175201
0,0.0087995436042547,0,0.1317300498485565,0,0.0016345425974577,0,0.1600482761859893
0,0.0057567241601645,0,0.1654243320226669,0,0.0065518971532583,0,0.2081933468580246
0,0.0017944938736036,0,0.006288674660027,0,0.0001422041241312,0,0.0035387063398957
0,0.0053696003742516,0,0.0240679793059825,0,0.0012229146668687,0,0.1491937488317489
0,0.0020302159246057,0,0.004509846214205,0,7.172409095801413e-05,0,0.0028603733517229
0,0.2975826263427734,0,0.2253967821598053,0,0.4772714972496032,0,0.3901209235191345
0,0.933617889881134,0,0.7499898672103882,0,0.1451290100812912,0,0.6379305720329285
0,0.5153620839118958,0,0.3493096232414245,0,0.2877553105354309,0,0.8285435438156128
0,0.4126380383968353,0,0.1550472378730774,0,0.5461551547050476,0,0.6598332524299622
0,0.9666146636009216,0,0.8164992332458496,0,0.1211464703083038,0,0.5386002659797668
0,0.6523870229721069,0,0.3838577568531036,0,0.5750036239624023,0,0.8740342855453491
0,0.5392817258834839,0,0.1740568131208419,0,0.6309585571289062,0,0.6833479404449463
0,0.0035559239331632,0,0.0157886147499084,0,0.0002182145835831,0,0.0282818637788295
0,0.9667723178863524,0,0.8184558153152466,0,0.1078108325600624,0,0.5845964550971985
0,0.7390005588531494,0,0.3988499045372009,0,0.6939928531646729,0,0.9002585411071777
0,0.5116491913795471,0,0.3772414922714233,0,0.7973023056983948,0,0.6671186685562134
0,0.0032136789523065,0,0.0036925880704075,0,0.0001735378464218,0,0.0130623541772365
0,0.0399003736674785,0,0.0499100461602211,0,0.0512806735932827,0,0.0913957804441452
0,0.0462486036121845,0,0.0090967593714594,0,0.0068722474388778,0,0.1812831461429596
1,0.8504862785339355,1,0.5014240145683289,1,0.7989699840545654,1,0.2887918353080749
1,0.6251187324523926,1,0.5864673852920532,1,0.5934039354324341,1,0.4445179104804992
1,0.4504972398281097,1,0.3521355986595154,1,0.2465355843305587,1,0.3428640067577362
1,0.785433292388916,1,0.5182779431343079,1,0.7533398270606995,1,0.5026167631149292
1,0.7589451670646667,1,0.7464884519577026,1,0.7410320043563843,1,0.6167813539505005
1,0.939610242843628,1,0.774351179599762,1,0.8593370914459229,1,0.7577601671218872
1,0.1667855829000473,1,0.0382425859570503,1,0.1837222129106521,1,0.4189554154872894
1,0.7409912943840027,1,0.2209832519292831,1,0.3764661848545074,1,0.6511634588241577
1,0.4284555613994598,1,0.0254851542413234,1,0.598981499671936,1,0.6847595572471619
1,0.7737555503845215,1,0.4791168570518493,1,0.58686363697052,1,0.738854169845581
1,0.1011864617466926,1,0.1557414829730987,1,0.2554058134555816,1,0.2177132964134216
1,0.7481706738471985,1,0.6837455630302429,1,0.6209802031517029,1,0.4075007736682892
1,0.0301374625414609,1,0.0257405452430248,1,0.0133864302188158,1,0.0744037851691246
1,0.7919836044311523,1,0.3806703090667724,1,0.1628370136022567,1,0.5430908799171448
1,0.9772854447364808,1,0.7313894033432007,1,0.0123098157346248,1,0.6445934772491455
1,0.9911401867866516,1,0.7433925867080688,1,0.1371036767959594,1,0.7035794854164124
1,0.2112901210784912,1,0.2442177683115005,1,0.6124692559242249,1,0.3334441184997558
1,0.6867212653160095,1,0.639931857585907,1,0.7592326402664185,1,0.4112959504127502
1,0.8130886554718018,1,0.7375762462615967,1,0.535979688167572,1,0.6955477595329285
1,0.0861545726656913,1,0.3756358623504638,1,0.4130165874958038,1,0.3967611491680145
1,0.0698390826582908,1,0.2861737906932831,1,0.2106619924306869,1,0.2274768203496933
1,0.1527681499719619,1,0.4067067503929138,1,0.3667797744274139,1,0.3656600415706634
1,0.1056805104017257,1,0.0891415327787399,1,0.1350952535867691,1,0.4296129941940307
1,0.4647049307823181,1,0.3972837328910827,1,0.8716753721237183,1,0.7078758478164673
1,0.7153661251068115,1,0.6226112246513367,1,0.8782632946968079,1,0.7127184867858887
1,0.2657740116119385,1,0.3883439600467682,1,0.0335168913006782,1,0.1065492704510688
1,0.9915363788604736,1,0.9221770167350768,1,0.9789141416549684,1,0.8767166137695312
0,0.7112874388694763,0,0.0394780337810516,0,0.7055643200874329,0,0.6656107306480408
0,0.0380533225834369,0,0.0203792210668325,0,0.013014112599194,0,0.0503905713558197
0,0.0003700149536598,0,0.00362518010661,0,0.0001424518268322,0,0.0050824764184653
0,0.0018197743920609,0,0.0030180541798472,0,0.0001023888617055,0,0.0058989683166146
0,0.0105466423556208,0,0.0204714760184288,0,0.0092787556350231,0,0.0501753389835357
0,0.1756467372179031,0,0.0581347048282623,0,0.3990905880928039,0,0.703910231590271
0,0.0120998732745647,0,0.0280674323439598,0,0.0087098898366093,0,0.0286631807684898
0,0.4843004643917084,0,0.0413579419255256,0,0.8198642134666443,0,0.7079848647117615
0,0.0248077511787414,0,0.0522406809031963,0,0.001837199088186,0,0.106877215206623
0,0.0087837371975183,0,0.0263566263020038,0,0.0030708690173923,0,0.0119168292731046
0,0.0087793534621596,0,0.0326704047620296,0,0.0084386020898818,0,0.0172818079590797
0,0.0210307240486145,0,0.1617181003093719,0,0.1559847891330719,0,0.2130380868911743
0,0.9783294796943665,0,0.8263351917266846,0,0.7481319904327393,0,0.6762428879737854
0,0.0453403182327747,0,0.1144535094499588,0,0.080315425992012,0,0.0482237711548805
0,0.6881381869316101,0,0.5529836416244507,0,0.4936883449554443,0,0.6592044830322266
0,0.0591433905065059,0,0.0150364125147461,0,0.0127146607264876,0,0.4096696078777313
0,0.0361074209213256,0,0.0094817439094185,0,0.0349951833486557,0,0.2821016013622284
0,0.031271856278181,0,0.0148040754720568,0,0.0111672990024089,0,0.2652528882026672
0,0.0244582034647464,0,0.0220099780708551,0,0.012098055332899,0,0.2098100334405899
0,0.0709157884120941,0,0.0124841379001736,0,0.0116217592731118,0,0.4583472013473511
0,0.0521685779094696,0,0.412082314491272,0,0.0114821465685963,0,0.1294048726558685
0,0.026246890425682,0,0.3304375410079956,0,0.0133561100810766,0,0.1620742082595825
0,0.9940855503082277,0,0.9328146576881408,0,0.966684639453888,0,0.7779544591903687
0,0.0069482657127082,0,0.0163748897612094,0,0.0001856644230429,0,0.0036263912916183
0,0.6856697201728821,0,0.0310350973159074,0,0.7963156700134277,0,0.8148804903030396
0,0.7749871611595154,0,0.054795891046524,0,0.8277175426483154,0,0.8358322381973267
0,0.0100638018921017,0,0.0521771796047687,0,0.018816765397787,0,0.066262736916542
0,0.5594038963317871,0,0.0612871535122394,0,0.135783851146698,0,0.1417959183454513
0,0.80604487657547,0,0.4854597747325897,0,0.3705579340457916,0,0.5508626699447632
0,0.0075905881822109,0,0.0042416113428771,0,0.0009869778295978,0,0.0087672490626573
0,0.0026577331591397,0,0.0363309346139431,0,0.0043171918950974,0,0.4575660228729248
0,0.0042371745221316,0,0.006705917418003,0,0.0014519077958539,0,0.0102267675101757
0,0.0031933130230754,0,0.0175231136381626,0,0.0014118326362222,0,0.0529225319623947
0,0.0126260304823517,0,0.0345747917890548,0,0.009558162651956,0,0.2113903611898422
0,0.0027649952098727,0,0.0048444895073771,0,0.0005902650300413,0,0.0149220274761319
0,0.0129506895318627,0,0.0731094628572464,0,0.0124394446611404,0,0.0689411014318466
0,0.0020200980361551,0,0.0088599575683474,0,5.826117103424622e-06,0,0.0005129664205014
0,0.0031451822724193,0,0.0123798437416553,0,0.0004800846218131,0,0.0016831717221066
0,0.0129567617550492,0,0.0120022716000676,0,0.0041923583485186,0,0.0288499053567647
0,0.0063209473155438,0,0.0046487469226121,0,3.302147888462059e-05,0,0.0042990040965378
0,0.0128474943339824,0,0.013388748280704,0,0.0013614135095849,0,0.1115048229694366
0,0.1026240661740303,0,0.0143411215394735,0,0.0017772449646145,0,0.3769022822380066
0,0.0186165533959865,0,0.0211512930691242,0,0.0090412655845284,0,0.0663106217980384
0,0.0023896349593997,0,0.0027843771968036,0,1.1886169886565767e-05,0,0.0041807009838521
0,0.0058752088807523,0,0.003643273608759,0,1.9722763681784272e-05,0,0.0045225587673485
0,0.0093771768733859,0,0.0118710612878203,0,0.0005652379477396,0,0.087324172258377
0,0.004436055663973,0,0.0274051334708929,0,0.0313555188477039,0,0.1637999862432479
0,0.8965435028076172,0,0.3971651494503021,0,0.6033751964569092,0,0.4964889585971832
0,0.0063086589798331,0,0.0274053774774074,0,0.0017843183595687,0,0.0100258449092507
0,0.1124554723501205,0,0.5853214263916016,0,0.3109049499034881,0,0.2972287237644195
0,0.5014971494674683,0,0.3911123871803283,0,0.7313280701637268,0,0.1601894497871399
0,0.0079766102135181,0,0.0257250573486089,0,0.0065392618998885,0,0.0087061477825045
0,0.0611450746655464,0,0.4769960939884186,0,0.3590037524700165,0,0.2305484861135482
0,0.1045351475477218,0,0.510796070098877,0,0.2487111091613769,0,0.3116991221904754
0,0.0429076291620731,0,0.1570084393024444,0,0.0022958968766033,0,0.4678403735160827
0,0.0443072393536567,0,0.1451486200094223,0,0.0011592352529987,0,0.4875906407833099
0,0.0777252614498138,0,0.1644568741321563,0,0.0018575601279735,0,0.495652437210083
0,0.0017482402035966,0,0.0023525378201156,0,0.0001245330204255,0,0.0061630690470337
0,0.001538598909974,0,0.0025037645827978,0,0.0001028408296406,0,0.0061375861987471
0,0.0177980437874794,0,0.0348988436162471,0,0.0192427970468997,0,0.2809645533561706
0,0.0682873576879501,0,0.0228605084121227,0,0.0028372288215905,0,0.0214053187519311
0,0.012356805615127,0,0.0312563255429267,0,0.0028271123301237,0,0.0120446067303419
0,0.0469120368361473,0,0.0405193865299224,0,0.0809297338128089,0,0.0922688394784927
0,0.1359520554542541,0,0.021396592259407,0,0.0039632637053728,0,0.0325683206319808
0,0.0252814032137393,0,0.0471002571284771,0,0.0039250375702977,0,0.0180707406252622
0,0.0046490048989653,0,0.0076552513055503,0,1.6914960724534467e-05,0,0.0050023244693875
0,0.0032373187132179,0,0.0138696273788809,0,0.000167424295796,0,0.0424929559230804
0,0.0004767821228597,0,0.0072803394868969,0,0.0002049402683041,0,0.0017800582572817
0,0.003170286072418,0,0.0264227334409952,0,0.0009999870089814,0,0.0767280086874961
0,0.0011017821962013,0,0.0110429283231496,0,0.0006096665747463,0,0.0026665155310183
0,0.5595596432685852,0,0.0564733892679214,0,0.0703045651316642,0,0.6925707459449768
0,0.001932690385729,0,0.0131993498653173,0,0.000348708621459,0,0.0006427896441891
0,0.0021660435013473,0,0.0365265645086765,0,0.0002453126362524,0,0.0616521760821342
0,0.0269515104591846,0,0.1215307563543319,0,0.0271264556795358,0,0.3858035206794739
0,0.0089157139882445,0,0.0720773562788963,0,0.0125013198703527,0,0.3246564865112304
0,0.0056403679773211,0,0.0489723868668079,0,0.0014567794278264,0,0.0721204951405525
0,0.7659507393836975,0,0.4562986493110657,0,0.7880622148513794,0,0.516241729259491
0,0.1864793300628662,0,0.1864923238754272,0,0.0643770545721054,0,0.2883459627628326
0,0.0710364356637001,0,0.24142986536026,0,0.0899449214339256,0,0.2383929193019867
0,0.1080347597599029,0,0.2686145305633545,0,0.3053840100765228,0,0.3862787187099457
0,0.4298645853996277,0,0.3637129366397857,0,0.5229334831237793,0,0.6109767556190491
0,0.2891960144042969,0,0.1534409821033477,0,0.2988549172878265,0,0.4081985354423523
0,0.0110439965501427,0,0.0160220339894294,0,0.000892013660632,0,0.0037074608262628
0,0.0121445264667272,0,0.0187340844422578,0,0.0014844482066109,0,0.0046655680052936
0,0.0177815482020378,0,0.0193480104207992,0,0.0016046514501795,0,0.003226208500564
0,0.8345810770988464,0,0.1011922955513,0,0.629766583442688,0,0.3097099065780639
0,0.009013257920742,0,0.0596220567822456,0,0.0003008110215887,0,0.0039371983148157
0,0.0637750476598739,0,0.0400778539478778,0,0.0355720408260822,0,0.0065527018159627
0,0.0293680503964424,0,0.0247144885361194,0,0.3275637030601501,0,0.1480544805526733
0,0.0128657827153801,0,0.1347310990095138,0,0.0708823576569557,0,0.121634840965271
0,0.0025991869624704,0,0.0053439098410308,0,0.0003122631460428,0,0.0084390398114919
0,0.0148344645276665,0,0.0356225669384002,0,0.0062597589567303,0,0.0178994219750165
0,0.0411874018609523,0,0.1349629163742065,0,0.0092177018523216,0,0.1225383356213569
0,0.0156574305146932,0,0.0482050701975822,0,0.0017031481256708,0,0.0355935767292976
0,0.005908771418035,0,0.0355807207524776,0,0.0043765562586486,0,0.0707158744335174
0,0.0224856045097112,0,0.0381465144455432,0,0.0005220372113399,0,0.058385394513607
0,0.5281460881233215,0,0.27588751912117,0,0.2497706413269043,0,0.5778542757034302
0,0.0111815519630908,0,0.0168926063925027,0,0.0007776349666528,0,0.009798239916563
0,0.1004394888877868,0,0.1123623698949813,0,0.0150589356198906,0,0.0453241281211376
0,0.0139163741841912,0,0.0910572707653045,0,0.0223558004945516,0,0.1887533813714981
0,0.0083316760137677,0,0.0515981204807758,0,0.0071321548894047,0,0.0677540376782417
0,0.0022172313183546,0,0.013803300447762,0,0.000849668867886,0,0.0025632812175899
0,0.0084597943350672,0,0.027843452990055,0,0.0171451978385448,0,0.1079145744442939
0,0.1321524679660797,0,0.0377108193933963,0,0.01663438975811,0,0.0131907556205987
0,0.1102057769894599,0,0.0139404367655515,0,0.0014551959466189,0,0.252563327550888
0,0.3291463553905487,0,0.0735736265778541,0,0.2232168018817901,0,0.2162903845310211
0,0.1300575584173202,0,0.0123278181999921,0,0.002914278069511,0,0.1680310666561126
0,0.0941647216677665,0,0.0279470086097717,0,0.0109658483415842,0,0.0121070966124534
0,0.1129719242453575,0,0.0129710212349891,0,0.0018541410099714,0,0.1623914986848831
0,0.4364169836044311,0,0.2767305970191955,0,0.3030241727828979,0,0.6150051951408386
0,0.2182162553071975,0,0.0550762452185153,0,0.2713891267776489,0,0.3265292346477508
0,0.0032891191076487,0,0.0104982713237404,0,0.0011657243594527,0,0.0192884299904108
0,0.0026223587337881,0,0.0046676495112478,0,0.0003843562153633,0,0.0213557630777359
0,0.0033580511808395,0,0.0111230509355664,0,0.0054393033497035,0,0.0252195112407207
0,0.0072671384550631,0,0.0104410015046596,0,0.0009037843556143,0,0.0303021762520074
0,0.002520655747503,0,0.0138344010338187,0,0.0026191903743892,0,0.0223440676927566
0,0.0067823119461536,0,0.0161407906562089,0,0.0008636777638457,0,0.0102779353037476
0,0.002488401485607,0,0.0051708798855543,0,0.0003418007108848,0,0.0165650267153978
0,0.0579596012830734,0,0.023697005584836,0,0.0043209139257669,0,0.3421746790409088
0,0.0091608269140124,0,0.0085235880687832,0,0.0027755836490541,0,0.0483080223202705
0,0.0105336578562855,0,0.0223375484347343,0,0.00142125680577,0,0.0515967831015586
0,0.0185267813503742,0,0.0185128133744001,0,0.0559403151273727,0,0.3289521336555481
0,0.0037895960267633,0,0.005666228942573,0,0.0005347705446183,0,0.0201540607959032
0,0.0016327300108969,0,0.0056221126578748,0,0.0002936308155767,0,0.0109414858743548
0,0.0034736504312604,0,0.0234477762132883,0,0.0056415391154587,0,0.0221499241888523
0,0.0059558409266173,0,0.1108936741948127,0,0.004637393169105,0,0.1561027467250824
0,0.003880159696564,0,0.0316500142216682,0,0.0094720898196101,0,0.0422871857881546
0,0.0030372908804565,0,0.0055871056392788,0,0.0003006759507115,0,0.0137713309377431
0,0.00194418116007,0,0.0041543673723936,0,0.0010370708769187,0,0.006563679780811
0,0.3398308157920837,0,0.0332597568631172,0,0.0026152718346565,0,0.0273388419300317
0,0.0033766089472919,0,0.0245035663247108,0,0.0149605795741081,0,0.0392944850027561
0,0.3973705768585205,0,0.2190825790166854,0,0.0301552060991525,0,0.2649839222431183
0,0.1309767216444015,0,0.0562671311199665,0,0.0054530277848243,0,0.0710641145706176
0,0.0152245815843343,0,0.1851330250501632,0,0.010222096927464,0,0.0369188413023948
0,0.0307774450629949,0,0.1151993945240974,0,0.5705558061599731,0,0.6379661560058594
0,0.0739112794399261,0,0.0468191169202327,0,0.0002790204016491,0,0.0077799651771783
0,0.0970752239227294,0,0.0411116816103458,0,0.0001199222169816,0,0.0106857698410749
0,0.0697952210903167,0,0.0275067035108804,0,0.0001890265848487,0,0.0091887209564447
0,0.019623402506113,0,0.1564046740531921,0,0.1491226702928543,0,0.5509285926818848
0,0.0130530875176191,0,0.0171670839190483,0,0.0154707133769989,0,0.0074736489914357
0,0.047829046845436,0,0.0850774943828582,0,0.0223790481686592,0,0.0354941897094249
0,0.0075780008919537,0,0.2454498559236526,0,0.0991641879081726,0,0.3218701481819153
0,0.0076253223232924,0,0.0154605712741613,0,0.000763090851251,0,0.0108123775571584
0,0.010064523667097,0,0.053542610257864,0,0.0142543017864227,0,0.0524393133819103
0,0.0173833109438419,0,0.3111819922924042,0,0.2534787654876709,0,0.5733055472373962
0,0.0038207520265132,0,0.011545980349183,0,0.0026516467332839,0,0.0121522294357419
0,0.0094825690612196,0,0.005653616040945,0,0.0016051732236519,0,0.0540194399654865
0,0.6015539765357971,0,0.7859674692153931,0,0.7191982865333557,0,0.5064102411270142
0,0.8345066905021667,0,0.7639096975326538,0,0.6355127096176147,0,0.5383262038230896
0,0.7422223091125488,0,0.7567720413208008,0,0.5711997151374817,0,0.5360867381095886
0,0.007834343239665,0,0.1565990149974823,0,0.0013310055946931,0,0.0108651937916874
0,0.008549983613193,0,0.15711010992527,0,0.000570522272028,0,0.0050347349606454
0,0.0038275879342108,0,0.0069419308565557,0,0.000201239643502,0,0.023363497108221
0,0.0348075442016124,0,0.0625076219439506,0,0.0397503152489662,0,0.0641689971089363
0,0.0210327263921499,0,0.1872396171092987,0,0.0257265400141477,0,0.1784512996673584
0,0.0631915852427482,0,0.2427428960800171,0,0.0230230763554573,0,0.2791001498699188
0,0.0033460713457316,0,0.0413905568420887,0,0.0190717540681362,0,0.2386549562215805
0,0.0945138707756996,0,0.2186088114976883,0,0.0642034411430358,0,0.3015572130680084
0,0.2912279665470123,0,0.136002317070961,0,0.0132710402831435,0,0.5061933994293213
0,0.1205143257975578,0,0.0118132764473557,0,0.0006880121072754,0,0.0996634885668754
0,0.0045308787375688,0,0.011924491263926,0,0.0046632741577923,0,0.0027932925149798
0,0.0057625244371593,0,0.0296336989849805,0,0.004440507851541,0,0.1311680227518081
0,0.3219763338565826,0,0.0836584493517875,0,0.0803664848208427,0,0.2245842665433883
0,0.0173416081815958,0,0.0386156886816024,0,0.0150878485292196,0,0.3404916822910309
0,0.0204002037644386,0,0.0030958948191255,0,0.0001405142829753,0,0.0411601141095161
0,0.0032987562008202,0,0.0079790782183408,0,0.0033326896373182,0,0.0026041204109787
0,0.058169100433588,0,0.2097182422876358,0,0.0590294077992439,0,0.3119803965091705
0,0.0023430509027093,0,0.015148096717894,0,0.0009863051818683,0,0.0116949211806058
0,0.4523003399372101,0,0.1036716401576995,0,0.1198223605751991,0,0.195853054523468
0,0.0058931657113134,0,0.0446357764303684,0,0.0073465220630168,0,0.3803272843360901
0,0.0108780581504106,0,0.0027847783640027,0,0.0001098389548133,0,0.0507281385362148
0,0.0018820703262463,0,0.0061538405716419,0,0.0006426007021218,0,0.0024436612147837
0,0.0015362729318439,0,0.009106732904911,0,0.0003561159828677,0,0.0218097027391195
0,0.2691101729869842,0,0.0676833018660545,0,0.041981503367424,0,0.1743105053901672
0,0.0102559411898255,0,0.0243725609034299,0,0.0366018638014793,0,0.0430987551808357
0,0.036837488412857,0,0.3423535525798797,0,0.0552401840686798,0,0.1584424823522567
0,0.0048709916882216,0,0.0056615457870066,0,0.0007016389863565,0,0.009878153912723
0,0.0113108204677701,0,0.009716011583805,0,0.0020114809740334,0,0.050146784633398
0,0.0662701204419136,0,0.0390438549220562,0,0.0181423835456371,0,0.417069524526596
0,0.0719369053840637,0,0.4666210412979126,0,0.5931650400161743,0,0.2343210726976394
0,0.1237624660134315,0,0.4509028196334839,0,0.3695692420005798,0,0.2737669944763183
0,0.9104329347610474,0,0.6618198752403259,0,0.4256915152072906,0,0.4477164447307586
0,0.0465654358267784,0,0.185470700263977,0,0.0367441736161708,0,0.1784641295671463
0,0.1498545557260513,0,0.361177384853363,0,0.0679476335644722,0,0.2780700325965881
0,0.0022099548950791,0,0.001588231883943,0,3.1825788028072566e-05,0,0.0034971898421645
0,0.0726745799183845,0,0.3883695602416992,0,0.053071491420269,0,0.1211267411708831
0,0.0298835504800081,0,0.1498593240976333,0,0.0094852605834603,0,0.1653125882148742
0,0.0021541826426982,0,0.0032748077064752,0,0.0001136677601607,0,0.0062120514921844
0,0.1703805923461914,0,0.35089772939682,0,0.0725893303751945,0,0.3390836119651794
0,0.0422121100127697,0,0.2716429531574249,0,0.0546984411776065,0,0.1008263900876045
0,0.1254651844501495,0,0.1182961389422416,0,0.0250274464488029,0,0.1391341686248779
0,0.1884271502494812,0,0.2608390748500824,0,0.5122633576393127,0,0.2976626753807068
0,0.004579918924719,0,0.0017025927081704,0,0.0001502679224358,0,0.0042871958576142
0,0.0751280263066291,0,0.4328466057777405,0,0.0657925605773925,0,0.1472084522247314
0,0.0060821725055575,0,0.0160533748567104,0,9.527018119115382e-05,0,0.0143841672688722
0,0.0077075152657926,0,0.007188347633928,0,7.748939242446795e-05,0,0.007193399593234
0,0.0044230204075574,0,0.0076178926974534,0,5.4435095080407336e-05,0,0.0034757871180772
0,0.3301079869270324,0,0.4259513020515442,0,0.2927720248699188,0,0.349620908498764
0,0.0020805171225219,0,0.0284027718007564,0,0.0010893231956288,0,0.0041304319165647
0,0.0018076598644256,0,0.0195653289556503,0,0.000404304737458,0,0.0034636061172932
0,0.4015187919139862,0,0.0782354027032852,0,0.8335344195365906,0,0.2950470149517059
0,0.0226042252033948,0,0.016677962616086,0,0.0415084883570671,0,0.1616112291812896
0,0.0015912941889837,0,0.016984075307846,0,0.0026885657571256,0,0.0132057731971144
0,0.0972172319889068,0,0.2694796919822693,0,0.0020383833907544,0,0.0414865165948867
0,0.0280755087733268,0,0.0183714963495731,0,0.0232027750462293,0,0.0706279724836349
0,0.1145305931568145,0,0.2214114367961883,0,0.0026843305677175,0,0.0498499013483524
0,0.0015229182317852,0,0.0238341409713029,0,0.0057404264807701,0,0.0138503490015864
0,0.1871069073677063,0,0.149299219250679,0,0.0011432986939325,0,0.0258147977292537
0,0.0422099232673645,0,0.0171853322535753,0,0.0382909066975116,0,0.223265916109085
0,0.0024680779315531,0,0.0199824534356594,0,0.0085545890033245,0,0.0149432672187685
0,0.0013949489220976,0,0.0045755100436508,0,1.8202215869678184e-05,0,0.0073481141589581
0,0.2914485037326813,0,0.1239253804087638,0,0.0650695040822029,0,0.0198024585843086
0,0.0231226719915866,0,0.0237938463687896,0,0.0011799476342275,0,0.0327327512204647
0,0.0043604145757853,0,0.0044414396397769,0,4.5047647290630266e-05,0,0.0081494003534317
0,0.3701699376106262,0,0.0757201611995697,0,0.0389454774558544,0,0.0155186494812369
0,0.0369642116129398,0,0.016172694042325,0,0.0015246840193867,0,0.008815599605441
0,0.1672303825616836,0,0.1983771175146103,0,0.5314103364944458,0,0.1929578185081482
0,0.051721129566431,0,0.0690684095025062,0,0.0610394366085529,0,0.244486853480339
0,0.2909334599971771,0,0.0830629244446754,0,0.0655544996261596,0,0.1476912796497345
0,0.0021037452388554,0,0.0075767892412841,0,0.0013324673054739,0,0.0018130866810679
0,0.0051615838892757,0,0.013811164535582,0,0.0441563352942466,0,0.0432129763066768
0,0.0039041817653924,0,0.0044589270837605,0,0.017414029687643,0,0.0249718204140663
0,0.0364372469484806,0,0.5251421332359314,0,0.3746517598628998,0,0.2394536435604095
0,0.0065591824240982,0,0.0550759956240654,0,0.0036001084372401,0,0.0031980599742382
0,0.0095103597268462,0,0.0584669895470142,0,0.0026595590170472,0,0.0034303276333957
0,0.0173393096774816,0,0.0261262524873018,0,0.0051083439029753,0,0.0075720367021858
0,0.0252492427825927,0,0.0690390467643737,0,0.024943733587861,0,0.0463020019233226
0,0.054403256624937,0,0.0660157203674316,0,0.0610149316489696,0,0.1843251585960388
0,0.0296237263828516,0,0.042114034295082,0,0.0717608630657196,0,0.1070303693413734
0,0.0115010133013129,0,0.006504544056952,0,0.0050980425439774,0,0.0250405725091695
0,0.0047517190687358,0,0.0138774942606687,0,0.0005152163794264,0,0.0071113742887973
0,0.0076832398772239,0,0.0165989752858877,0,0.0021431371569633,0,0.0473914071917533
0,0.004022239241749,0,0.0107994619756937,0,0.0052223475649952,0,0.0062778103165328
0,0.0791777074337005,0,0.0050364886410534,0,0.0001290846412302,0,0.0569368936121463
0,0.2943643629550934,0,0.3911849558353424,0,0.0176275949925184,0,0.153658390045166
0,0.0361581034958362,0,0.0110767716541886,0,7.099725917214528e-05,0,0.2655463218688965
0,0.0928323417901992,0,0.0720753446221351,0,0.0001829456887207,0,0.319069504737854
0,0.3057307302951813,0,0.3552815318107605,0,0.0130445510149002,0,0.1191946789622306
0,0.1661960482597351,0,0.1522919982671737,0,0.6131778955459595,0,0.2817259728908539
0,0.1750489175319671,0,0.3361865580081939,0,0.030976328998804,0,0.2459226995706558
0,0.0309587959200143,0,0.0350362993776798,0,0.1676522195339203,0,0.131084457039833
0,0.0228878874331712,0,0.0456184856593608,0,0.0003487875801511,0,0.3199864625930786
0,0.2147749066352844,0,0.1749341785907745,0,0.0158408936113119,0,0.0599397830665111
0,0.1696868240833282,0,0.0316962264478206,0,0.0154809858649969,0,0.0820039808750152
0,0.544804573059082,0,0.2495664805173874,0,0.122190237045288,0,0.0608168691396713
0,0.0396104492247104,0,0.0040584355592727,0,0.0034691900946199,0,0.0070563675835728
0,0.3415513932704925,0,0.0571360811591148,0,0.0293680373579263,0,0.0514994375407695
1,0.7727059721946716,1,0.3142737448215484,1,0.3150730729103088,1,0.5020512342453003
1,0.3132751584053039,1,0.063425026834011,1,0.7352994084358215,1,0.3974941968917846
1,0.9405829906463624,1,0.5193989276885986,1,0.8585144281387329,1,0.638949990272522
1,0.9538319706916808,1,0.7336040735244751,1,0.7128043174743652,1,0.7877547144889832
1,0.9680648446083068,1,0.4772864878177643,1,0.3609393835067749,1,0.7066618204116821
1,0.137762650847435,1,0.1846243888139724,1,0.1969119608402252,1,0.1967487633228302
1,0.049176562577486,1,0.1775717288255691,1,0.187855452299118,1,0.0972106754779815
1,0.2347799837589264,1,0.3133636713027954,1,0.2997284531593323,1,0.2877523005008697
1,0.024428442120552,1,0.0549284517765045,1,0.0602152608335018,1,0.0595731846988201
1,0.013735388405621,1,0.0569501966238021,1,0.0494011230766773,1,0.0535579696297645
1,0.0868501588702201,1,0.1193425208330154,1,0.294537216424942,1,0.160508245229721
1,0.9289386868476868,1,0.6682436466217041,1,0.273436963558197,1,0.3785265684127807
1,0.1687609404325485,1,0.5183350443840027,1,0.5333853363990784,1,0.413252592086792
1,0.0039314785972237,1,0.0325309559702873,1,0.015585952438414,1,0.1530833542346954
1,0.7073742151260376,1,0.6870244145393372,1,0.0643257871270179,1,0.7432475686073303
1,0.9679991602897644,1,0.8908039331436157,1,0.9430078268051147,1,0.7302579879760742
1,0.9868018627166748,1,0.1973574310541153,1,0.6002291440963745,1,0.8072482943534851
1,0.9723867177963256,1,0.1991993635892868,1,0.6813161969184875,1,0.70656418800354
1,0.0057864892296493,1,0.0212753675878047,1,0.0120161166414618,1,0.0110713569447398
1,0.8977696895599365,1,0.5111436247825623,1,0.7409645915031433,1,0.8295788168907166
1,0.4266645014286041,1,0.2579226791858673,1,0.3359189331531524,1,0.0537560023367404
0,0.0051406226120889,0,0.0355638153851032,0,0.0659337565302848,0,0.0326318405568599
0,0.0027715030591934,0,0.0248494278639554,0,0.0084905922412872,0,0.0122560318559408
0,0.0145490486174821,0,0.011057848110795,0,0.0009326533763669,0,0.0457198396325111
0,0.0068371533416211,0,0.0264296829700469,0,0.0007615406648255,0,0.0460486263036727
0,0.0028006006032228,0,0.0123578356578946,0,0.011212202720344,0,0.0092099010944366
0,0.0049293912015855,0,0.0089965602383017,0,0.0026756208389997,0,0.0031283041462302
0,0.0060425368137657,0,0.0719712227582931,0,0.051479410380125,0,0.0516426935791969
0,0.0312275011092424,0,0.0867757424712181,0,0.0572122856974601,0,0.084424078464508
0,0.0043719708919525,0,0.0076485737226903,0,0.0066778543405234,0,0.0214148703962564
0,0.412954568862915,0,0.0666613206267356,0,0.0799921527504921,0,0.4675922095775604
0,0.1481654345989227,0,0.0279619470238685,0,0.0011616129195317,0,0.0201322585344314
0,0.2430824488401413,0,0.0432181917130947,0,0.0051700850017368,0,0.0754455924034118
0,0.0166136398911476,0,0.0480254217982292,0,0.0041823214851319,0,0.0173909272998571
0,0.0052657374180853,0,0.013497126288712,0,0.0029674328397959,0,0.0038627889007329
0,0.9655051231384276,0,0.8072303533554077,0,0.5531150698661804,0,0.5751898884773254
0,0.9569799900054932,0,0.8500521779060364,0,0.5372977256774902,0,0.6712318658828735
0,0.7216247916221619,0,0.8169923424720764,0,0.7448376417160034,0,0.5254261493682861
0,0.9592355489730836,0,0.7705549597740173,0,0.731614351272583,0,0.5554664134979248
0,0.5156537294387817,0,0.6280044913291931,0,0.5291361212730408,0,0.379202127456665
0,0.4762299060821533,0,0.1933414489030838,0,0.1342392116785049,0,0.193275436758995
0,0.1760315597057342,0,0.1361025273799896,0,0.046936135739088,0,0.4015198051929474
0,0.0970804020762443,0,0.0076626720838248,0,0.0161636229604482,0,0.0555449612438678
0,0.0221010316163301,0,0.0181657541543245,0,0.005450019147247,0,0.0199156943708658
0,0.2521922290325165,0,0.1750531047582626,0,0.0916413813829422,0,0.1417682915925979
0,0.0645517334342002,0,0.0863766893744468,0,0.0198879949748516,0,0.2888383269309997
0,0.0761070922017097,0,0.0049884570762515,0,0.0095301875844597,0,0.0293670203536748
0,0.0923837050795555,0,0.0613250099122524,0,0.0224413406103849,0,0.2165065556764602
0,0.0223180186003446,0,0.0141276745125651,0,0.0046106879599392,0,0.0524965897202491
0,0.0349513590335845,0,0.0808642879128456,0,0.0074721244163811,0,0.0192042421549558
0,0.0263500865548849,0,0.011312985792756,0,0.0008298948523588,0,0.0041321604512631
0,0.0160978212952613,0,0.0316605232656002,0,0.0016863452037796,0,0.0569000579416751
0,0.0893634706735611,0,0.0245751682668924,0,0.0007498983177356,0,0.0044096298515796
0,0.0347129516303539,0,0.0469779893755912,0,0.004416727926582,0,0.0770833939313888
0,0.4260149002075195,0,0.482871949672699,0,0.3181203305721283,0,0.538383960723877
0,0.5909412503242493,0,0.6212642788887024,0,0.274435818195343,0,0.6255135536193848
0,0.0416527651250362,0,0.078766144812107,0,0.0573860555887222,0,0.2594803869724273
0,0.0255011152476072,0,0.1363690495491027,0,0.0920689031481742,0,0.2422100454568863
0,0.0032070609740912,0,0.0028725690208375,0,0.000301077554468,0,0.0044263224117457
0,0.0059329983778297,0,0.0066743823699653,0,0.0213822703808546,0,0.0094900736585259
0,0.0017752446001395,0,0.0174665674567222,0,5.642319592880085e-05,0,0.0026661113370209
0,0.0012931881938129,0,0.0143038406968116,0,0.0056145493872463,0,0.0366067141294479
0,0.0028088639955967,0,0.003139120992273,0,0.0001183697240776,0,0.0024819520767778
0,0.0048973751254379,0,0.0191717613488435,0,0.0003342967538628,0,0.0041767009533941
0,0.0036032469943165,0,0.0635250136256218,0,0.0024931486696004,0,0.0022215312346816
0,0.0020438993815332,0,0.0139464158564805,0,0.0001882299984572,0,0.0010391116375103
0,0.0006876529077999,0,0.0015523644397035,0,5.132636943017133e-06,0,0.0013316769618541
0,0.0036448021419346,0,0.003159888787195,0,8.983210864244029e-05,0,0.0038900952786207
0,0.5599002242088318,0,0.5257505178451538,0,0.3984493315219879,0,0.3964306712150574
0,0.0021965182386338,0,0.0173821132630109,0,0.0004941656952723,0,0.0054099266417324
0,0.1627668887376785,0,0.4249759018421173,0,0.3832133412361145,0,0.3555140793323517
0,0.0015972149558365,0,0.007711345795542,0,0.000313788128551,0,0.0339145734906196
0,0.6446157693862915,0,0.581760823726654,0,0.3300229907035827,0,0.5215339660644531
0,0.8961571455001831,0,0.8523216843605042,0,0.445549875497818,0,0.4724602997303009
0,0.818290114402771,0,0.5442683696746826,0,0.6913903951644897,0,0.4361970424652099
0,0.0138361053541302,0,0.034719318151474,0,0.0404310598969459,0,0.0525699257850647
0,0.0197407081723213,0,0.0156676266342401,0,0.0054452861659228,0,0.028084211051464
0,0.005403506103903,0,0.0180090218782424,0,0.0084562832489609,0,0.0519055649638175
0,0.2351534962654113,0,0.2826542854309082,0,0.5049514174461365,0,0.265088677406311
0,0.002465299796313,0,0.0041617415845394,0,0.0003082316543441,0,0.0047447201795876
0,0.0121469646692276,0,0.0784999430179596,0,0.0030794143676757,0,0.0992173999547958
0,0.024420142173767,0,0.0408951304852962,0,0.0019680697005242,0,0.0050417124293744
0,0.0550981611013412,0,0.0217199604958295,0,0.0061708721332252,0,0.0084532769396901
0,0.0018904156750068,0,0.0028206752613186,0,0.0014371679862961,0,0.0778964608907699
0,0.0032500852830708,0,0.0024486668407917,0,0.0152619956061244,0,0.0787816792726516
0,0.0191967450082302,0,0.0465051792562007,0,0.0093864789232611,0,0.0127432206645607
0,0.0840833261609077,0,0.0676992535591125,0,0.0110484808683395,0,0.192545935511589
0,0.9492152333259584,0,0.2645264863967895,0,0.3837288320064544,0,0.2014033645391464
0,0.0065659037791192,0,0.167173832654953,0,0.0073526441119611,0,0.0296579282730817
0,0.0062960716895759,0,0.0754800364375114,0,0.0436186902225017,0,0.0309295691549778
0,0.0032272620592266,0,0.1031473129987716,0,0.0095571428537368,0,0.0876518413424491
0,0.4691742658615112,0,0.3167115151882171,0,0.0432799980044364,0,0.1792843490839004
0,0.3189382553100586,0,0.2132486850023269,0,0.0683675035834312,0,0.1169427186250686
0,0.4678317010402679,0,0.4619037508964538,0,0.0848065316677093,0,0.2251608073711395
0,0.4212881922721863,0,0.2681359648704529,0,0.4260318577289581,0,0.4184694588184356
0,0.0758917927742004,0,0.5096283555030823,0,0.0091981766745448,0,0.3687702119350433
0,0.0273355599492788,0,0.4145739674568176,0,0.0334441922605037,0,0.215424507856369
0,0.2008106857538223,0,0.4471194446086883,0,0.3513086438179016,0,0.4221591651439667
0,0.2406836748123169,0,0.2034248560667038,0,0.3466888070106506,0,0.4162429869174957
0,0.0300974659621715,0,0.3221067786216736,0,0.018426988273859,0,0.2250162661075592
0,0.0231724921613931,0,0.3337382972240448,0,0.0225895047187805,0,0.1234561428427696
0,0.1635332107543945,0,0.035450305789709,0,0.0277082957327365,0,0.0429810471832752
0,0.1099801808595657,0,0.0347813069820404,0,0.0305232759565114,0,0.0493214577436447
0,0.1228339299559593,0,0.035056248307228,0,0.0315726175904274,0,0.0559059716761112
0,0.0048226909711956,0,0.02625054679811,0,0.0021662104409188,0,0.0037291008047759
0,0.003581206081435,0,0.2996624708175659,0,0.0159795098006725,0,0.014625116251409
0,0.0066216601990163,0,0.0133553352206945,0,0.0033283098600804,0,0.0125844096764922
0,0.0005988465854898,0,0.0089925900101661,0,1.935131695063319e-05,0,0.003589583793655
0,0.1829935610294342,0,0.2193557471036911,0,0.6448141932487488,0,0.5501234531402588
0,0.0387186221778392,0,0.0627847164869308,0,0.0023944892454892,0,0.0905774980783462
0,0.0610285885632038,0,0.0483625717461109,0,0.0042407433502376,0,0.0753922089934349
0,0.0013748607598245,0,0.3899787366390228,0,0.0235861297696828,0,0.5169328451156616
0,0.3218160569667816,0,0.4518317878246307,0,0.0768971070647239,0,0.5324440002441406
0,0.0046576359309256,0,0.0499537512660026,0,0.0009399062255397,0,0.0497422069311142
0,0.4810914099216461,0,0.7318181395530701,0,0.5656445622444153,0,0.5065683722496033
0,0.3117269575595855,0,0.2022914439439773,0,0.311972051858902,0,0.2405540347099304
0,0.0049774590879678,0,0.0699580460786819,0,0.0009573550196364,0,0.0962587296962738
0,0.5825850963592529,0,0.7061110734939575,0,0.7260805368423462,0,0.5543811321258545
0,0.4425160586833954,0,0.3051542639732361,0,0.4155778288841247,0,0.1204013675451278
0,0.0041447728872299,0,0.0631952285766601,0,0.0021254878956824,0,0.0610401928424835
0,0.5653280019760132,0,0.7545697689056396,0,0.536691427230835,0,0.5163114666938782
0,0.0532618425786495,0,0.0300178881734609,0,0.002093355404213,0,0.0227646585553884
0,0.003756548743695,0,0.0377984419465065,0,0.0017759620677679,0,0.0519080162048339
0,0.0028449136298149,0,0.0147050078958272,0,0.0017704984638839,0,0.0792908892035484
0,0.0079234791919589,0,0.0010491526918485,0,0.0063394564203917,0,0.0477370992302894
0,0.0341782383620739,0,0.0290853418409824,0,0.0020405787508934,0,0.0200875233858823
0,0.744300127029419,0,0.0814036503434181,0,0.0214490368962287,0,0.2943904399871826
0,0.6985571980476379,0,0.0601923093199729,0,0.0172336157411336,0,0.1987115889787674
0,0.5852220058441162,0,0.0732410177588462,0,0.0378946512937545,0,0.1314307600259781
0,0.0013715579407289,0,0.0467188097536563,0,0.0200032275170087,0,0.0039408858865499
0,0.0011546979658305,0,0.005433574784547,0,8.48614436108619e-05,0,0.0054189134389162
0,0.0043059634044766,0,0.0049782311543822,0,0.0208143852651119,0,0.0205184146761894
0,0.0279154498130083,0,0.0060010952875018,0,0.0015064778272062,0,0.0376916341483593
0,0.0023462655954062,0,0.1073288992047309,0,0.0003691563033498,0,0.0037227112334221
0,0.0031138327904045,0,0.0156532563269138,0,0.0002003811096074,0,0.0080507118254899
0,0.0019703479483723,0,0.0383503139019012,0,3.29833674186375e-05,0,0.0052406634204089
0,0.1866815686225891,0,0.0152234164997935,0,0.0528129711747169,0,0.1091266572475433
0,0.0020199855789542,0,0.0873107090592384,0,0.0081315478309988,0,0.0065206578001379
0,0.0024333167821168,0,0.0065855649299919,0,0.0002280326443724,0,0.0094343107193708
0,0.0010919293854385,0,0.0078886058181524,0,3.950858081225306e-05,0,0.0044716778211295
0,0.0092043504118919,0,0.0056762155145406,0,0.0116074020043015,0,0.0093870982527732
0,0.0056780730374157,0,0.0206420887261629,0,0.0001413315476384,0,0.1404638439416885
0,0.0128889055922627,0,0.0152597529813647,0,3.974206993007101e-05,0,0.0435519106686115
0,0.1237717866897583,0,0.1243433132767677,0,0.0647093802690506,0,0.035868015140295
0,0.0025562732480466,0,0.0099073816090822,0,0.000134933317895,0,0.0150366956368088
0,0.0992032960057258,0,0.0573647879064083,0,0.0008283400093205,0,0.0600869208574295
0,0.228218674659729,0,0.2485364973545074,0,0.0344152711331844,0,0.1739051342010498
0,0.0190822333097457,0,0.0075399698689579,0,0.0055669755674898,0,0.2045040726661682
0,0.1681068539619445,0,0.0060859732329845,0,0.0055222762748599,0,0.1053215339779853
0,0.0104077644646167,0,0.008229237049818,0,0.0008394591859541,0,0.003831278765574
0,0.0589743107557296,0,0.0223613213747739,0,0.0008221885072998,0,0.0471966750919818
0,0.073316715657711,0,0.0146457934752106,0,0.0014816363109275,0,0.0200075730681419
0,0.01538513507694,0,0.0207334887236356,0,0.0276223495602607,0,0.0224641244858503
0,0.0162506215274333,0,0.0144312335178256,0,0.0012369079049676,0,0.0276086032390594
0,0.0006586208473891,0,0.0100987581536173,0,0.0001957973145181,0,0.0079046841710805
0,0.0006687970017082,0,0.0057680588215589,0,9.33124465518631e-05,0,0.0088063711300492
0,0.0151445847004652,0,0.011603632941842,0,0.0024554654955863,0,0.0411305502057075
0,0.0124271605163812,0,0.0743326917290687,0,0.084037646651268,0,0.0548830591142177
0,0.938391923904419,0,0.4187157750129699,0,0.6859378218650818,0,0.6781992316246033
0,0.0046241972595453,0,0.0173443406820297,0,0.0012606550008058,0,0.0253481604158878
0,0.0200950782746076,0,0.0273402389138937,0,0.0075873015448451,0,0.0692271068692207
0,0.0035989352036267,0,0.0299167372286319,0,0.0009398417314514,0,0.0299625024199485
0,0.0946497768163681,0,0.0244878586381673,0,0.0003918370348401,0,0.0108564225956797
0,0.0030334985349327,0,0.0076800119131803,0,0.000278621650068,0,0.0113185392692685
0,0.0031234554480761,0,0.0212530046701431,0,0.0003377812972757,0,0.0110120754688978
0,0.0017172530060634,0,0.0035850431304425,0,0.0003129211545456,0,0.0128621309995651
0,0.040261585265398,0,0.0163584481924772,0,0.0004310806980356,0,0.0116167981177568
0,0.930042028427124,0,0.0652482211589813,0,0.0739587321877479,0,0.0216473266482353
0,0.929612159729004,0,0.0812451615929603,0,0.0685530677437782,0,0.0199329331517219
0,0.0310531370341777,0,0.0894627347588539,0,0.0012767323059961,0,0.0280620977282524
0,0.7943342328071594,0,0.1936298757791519,0,0.0589723214507103,0,0.0310814585536718
0,0.0494996421039104,0,0.0800344124436378,0,0.0065112840384244,0,0.0479555539786815
0,0.0222112573683261,0,0.1250293403863906,0,0.0054761623032391,0,0.0235905051231384
0,0.0036916341632604,0,0.0627764463424682,0,0.0499360188841819,0,0.0723352283239364
0,0.0196028761565685,0,0.0089738443493843,0,0.0039798119105398,0,0.0399905703961849
0,0.0228610262274742,0,0.0599731318652629,0,0.0105007141828536,0,0.0939045399427414
0,0.0267192553728818,0,0.0797154009342193,0,0.0092050153762102,0,0.1522829234600067
0,0.0068005742505192,0,0.0306043308228254,0,0.028750155121088,0,0.0270789805799722
0,0.0008593115489929,0,0.0042550596408545,0,0.0122702978551387,0,0.0759917795658111
0,0.0892081409692764,0,0.0101230116561055,0,0.0332977622747421,0,0.0275025386363267
0,0.6748993992805481,0,0.6850317120552063,0,0.5144785642623901,0,0.3084765076637268
0,0.0080226240679621,0,0.0401560552418231,0,0.0008045760914683,0,0.0134712094441056
0,0.0980793163180351,0,0.0505097135901451,0,0.0197161007672548,0,0.105702593922615
0,0.0168879833072423,0,0.0537324771285057,0,0.0956836640834808,0,0.0262384265661239
0,0.0127626778557896,0,0.0086311073973774,0,0.0012124665081501,0,0.0182828698307275
0,0.0160955861210823,0,0.074577122926712,0,0.006714642047882,0,0.2878241240978241
0,0.0065221963450312,0,0.0076538054272532,0,0.0015923224855214,0,0.0118022989481687
0,0.8943866491317749,0,0.3858092725276947,0,0.2469607293605804,0,0.5133652091026306
0,0.7418784499168396,0,0.367607831954956,0,0.0561241470277309,0,0.4396860301494598
0,0.877608597278595,0,0.211209088563919,0,0.2102946937084198,0,0.2052797973155975
0,0.0039135683327913,0,0.0120769347995519,0,0.003275875467807,0,0.0140221333131194
0,0.5524475574493408,0,0.0686369836330413,0,0.1110124439001083,0,0.1021969467401504
0,0.4659924507141113,0,0.587418258190155,0,0.2734638750553131,0,0.5494776964187622
0,0.8077417612075806,0,0.6711946129798889,0,0.5100448727607727,0,0.5982304811477661
0,0.8693073987960815,0,0.6704016327857971,0,0.6184849739074707,0,0.6047966480255127
0,0.0030017532408237,0,0.0130283292382955,0,0.0005204621702432,0,0.1562590599060058
0,0.012139081954956,0,0.0131878824904561,0,0.0026178502012044,0,0.1180897206068039
0,0.011313134804368,0,0.0242395903915166,0,0.0086320219561457,0,0.0205377824604511
0,0.008939609862864,0,0.0083260163664817,0,0.0110949585214257,0,0.0290359444916248
0,0.0082742311060428,0,0.0105602694675326,0,0.0039980085566639,0,0.0212126728147268
0,0.0107517447322607,0,0.0089221550151705,0,0.0033750289585441,0,0.017979634925723
0,0.0295110959559679,0,0.0353177115321159,0,0.0002612932003103,0,0.0043893973343074
0,0.6136807203292847,0,0.0872429087758064,0,0.6999927759170532,0,0.4583905637264251
0,0.2583414614200592,0,0.0325788483023643,0,0.1078506037592887,0,0.1662909388542175
0,0.2057845294475555,0,0.0340511836111545,0,0.1869126707315445,0,0.2872664034366607
0,0.1268452107906341,0,0.0751931294798851,0,0.7065559029579163,0,0.1375422328710556
0,0.7511979937553406,0,0.1720266789197921,0,0.869834840297699,0,0.6032783389091492
0,0.8380622267723083,0,0.2427398562431335,0,0.8719793558120728,0,0.5713599920272827
0,0.7107263803482056,0,0.3108764290809631,0,0.1368376910686493,0,0.2104731351137161
0,0.0335514806210994,0,0.0133939636871218,0,0.0039757653139531,0,0.0057767396792769
0,0.3724537789821625,0,0.487514317035675,0,0.3607114553451538,0,0.4113043546676636
0,0.0157806798815727,0,0.0967300161719322,0,0.0115525126457214,0,0.0751148164272308
0,0.4512899219989776,0,0.597417414188385,0,0.558544397354126,0,0.3788889646530151
0,0.0473392531275749,0,0.044456660747528,0,0.0366913452744483,0,0.1655822694301605
0,0.0017791737336665,0,0.0064050895161926,0,0.0011363227386027,0,0.0170697085559368
0,0.001873018220067,0,0.0023553867358714,0,4.916043963021366e-06,0,0.0045514772646129
0,0.0014767119428142,0,0.0044007082469761,0,0.0002430235181236,0,0.0046862661838531
0,0.0017651518573984,0,0.0059605548158288,0,0.0005564977182075,0,0.0111152967438101
0,0.00414535170421,0,0.0085507556796073,0,0.0061287209391593,0,0.0032365678343921
0,0.0010274276137351,0,0.0032637102995067,0,7.450101111317053e-05,0,0.0034255431964993
0,0.0028932625427842,0,0.0081939063966274,0,0.0003638282651081,0,0.0102533195167779
0,0.0028164214454591,0,0.0094562787562608,0,0.000216517408262,0,0.0072581684216856
0,0.520916223526001,0,0.115690566599369,0,0.3524633049964905,0,0.2276842445135116
0,0.0510051883757114,0,0.0804780125617981,0,0.0667964518070221,0,0.2410978972911834
0,0.0388514883816242,0,0.0868603810667991,0,0.0792194530367851,0,0.2047854959964752
0,0.1890739053487777,0,0.2142583280801773,0,0.0264844913035631,0,0.190325528383255
0,0.003753266762942,0,0.0080608204007148,0,9.4496579549741e-05,0,0.001345713622868
0,0.0018776328070089,0,0.003132531652227,0,1.0698875485104509e-05,0,0.0014213996473699
0,0.0034455668646842,0,0.0054548024199903,0,9.00090963114053e-05,0,0.0018153847195208
0,0.0324671529233455,0,0.0050597414374351,0,0.0012694998877122,0,0.0451482199132442
0,0.0182187557220459,0,0.0075973328202962,0,0.0030330473091453,0,0.1358627378940582
0,0.0039755329489707,0,0.0145920570939779,0,0.0006712909089401,0,0.0283406004309654
0,0.1955191045999527,0,0.4216506779193878,0,0.000342695362633,0,0.3946784138679504
0,0.0673235282301902,0,0.1502535045146942,0,0.0002763364755082,0,0.1144665405154228
0,0.0020814309827983,0,0.0071584861725568,0,0.0005970146739855,0,0.0023728779051452
0,0.0037477291189134,0,0.0135391782969236,0,9.986373333958908e-05,0,0.015050608664751
0,0.4800384044647217,0,0.3408916294574737,0,0.0010877090971916,0,0.4250312149524688
0,0.0088312327861785,0,0.0543632470071315,0,0.0314893014729023,0,0.2770439684391022
0,0.0138509413227438,0,0.009564665146172,0,0.0011425578268244,0,0.0194202605634927
0,0.2186061143875122,0,0.0210253167897462,0,0.0340015068650245,0,0.0646468698978424
0,0.0054803499951958,0,0.0023788432590663,0,0.0639840364456176,0,0.0137679446488618
0,0.0062579084187746,0,0.0043104700744152,0,0.0075417570769786,0,0.0040465644560754
0,0.0053917737677693,0,0.0012849197955802,0,0.0031299965921789,0,0.0040387562476098
0,0.1795791536569595,0,0.125285118818283,0,0.6086803674697876,0,0.1261245459318161
0,0.3501020073890686,0,0.1953223645687103,0,0.3834242522716522,0,0.0954305827617645
0,0.0123646240681409,0,0.0012784468708559,0,0.0007499125786125,0,0.019789645448327
0,0.0050141410902142,0,0.0056599541567265,0,6.534407293656841e-05,0,0.0906194970011711
0,0.002823909278959,0,0.0040603359229862,0,2.4535218472010456e-05,0,0.0334330350160598
0,0.0024597756564617,0,0.0081916628405451,0,0.0002057598467217,0,0.0090949283912777
0,0.0156112918630242,0,0.0100961318239569,0,0.0002799450012389,0,0.0103061068803071
0,0.0149403680115938,0,0.0017319920007139,0,0.0006332258926704,0,0.0154062407091259
0,0.0023192975204437,0,0.0041217342950403,0,2.9659446227015e-05,0,0.0316667892038822
0,0.018244644626975,0,0.0224418155848979,0,0.0012794769136235,0,0.0055748764425516
0,0.0066261938773095,0,0.0093410750851035,0,0.0003010210057254,0,0.0088288756087422
0,0.0926117748022079,0,0.0263253301382064,0,0.0394147187471389,0,0.0150939729064702
0,0.0012364643625915,0,0.0049828602932393,0,0.0001998828811338,0,0.003695894498378
0,0.0145719069987535,0,0.0017529423348605,0,0.0003611960855778,0,0.0220968332141637
0,0.0032127483282238,0,0.0040312083438038,0,3.395690509933047e-05,0,0.0437614135444164
0,0.0293711423873901,0,0.0145981609821319,0,0.000438890303485,0,0.0098595302551984
0,0.0691815391182899,0,0.030285308137536,0,0.1040786132216453,0,0.0179745331406593
0,0.0018094608094543,0,0.0049228211864829,0,0.0002680843172129,0,0.0056123617105185
0,0.0006669494905509,0,0.0124502154067158,0,5.763142326031812e-05,0,0.0033127043861895
0,0.0042309225536882,0,0.0046480717137455,0,0.0003699451335705,0,0.004530947189778
0,0.2424550205469131,0,0.0354794450104236,0,0.1021297872066497,0,0.2377884536981582
0,0.0151259116828441,0,0.0046287379227578,0,0.013257029466331,0,0.0510137304663658
0,0.0021556189749389,0,0.0313708484172821,0,0.0001917636254802,0,0.0053075104951858
0,0.0027334520127624,0,0.0100783770903944,0,0.0011305004591122,0,0.0030771903693675
0,0.0055503221228718,0,0.1181683167815208,0,0.1104039773344993,0,0.0562148764729499
0,0.0121928686276078,0,0.0715569406747818,0,0.0029393772128969,0,0.0648624822497367
0,0.0093933530151844,0,0.0728314444422721,0,0.006067800335586,0,0.309138685464859
0,0.3452203273773193,0,0.1193375661969184,0,0.0483263358473777,0,0.4186975657939911
0,0.0665113925933837,0,0.2574489414691925,0,0.0019856365397572,0,0.1150767132639885
0,0.0117729101330041,0,0.0501397214829921,0,0.0244614351540803,0,0.0193212777376174
0,0.0071338531561195,0,0.0334088020026683,0,0.0005310045671649,0,0.1065598279237747
0,0.1622764617204666,0,0.0136198429390788,0,0.0577743723988533,0,0.1299856901168823
0,0.0136229246854782,0,0.0845847129821777,0,0.0018323889235034,0,0.0980411171913147
0,0.2517063021659851,0,0.1635892540216446,0,0.1501312404870987,0,0.3222353160381317
0,0.0064309816807508,0,0.2029854953289032,0,0.1330451518297195,0,0.2288009971380233
0,0.0308205783367156,0,0.0507784001529216,0,0.0855557918548584,0,0.0363119840621948
0,0.0364387109875679,0,0.0603163428604602,0,0.0642541348934173,0,0.0283563882112503
0,0.0031323467846959,0,0.0140844825655221,0,0.0296561177819967,0,0.3218113780021667
0,0.1339782327413559,0,0.0278965923935174,0,0.0012558066518977,0,0.1413619071245193
0,0.0071762022562325,0,0.0073394733481109,0,0.0006099671008996,0,0.0042860605753958
0,0.0047342833131551,0,0.0098119992762804,0,0.0026620391290634,0,0.0046399012207984
0,0.0075293253175914,0,0.0116192298009991,0,0.0009937557624652,0,0.0115494960919022
0,0.0275122579187154,0,0.0988168120384216,0,0.0956633687019348,0,0.2599284648895263
0,0.0123012894764542,0,0.0372992344200611,0,0.0100870337337255,0,0.2440838068723678
1,0.032728336751461,1,0.0665080547332763,1,0.0407419428229332,1,0.2360764890909195
1,0.0897207930684089,1,0.0943148732185363,1,0.1118968725204467,1,0.2583911418914795
1,0.5499330759048462,1,0.0692380219697952,1,0.1451781988143921,1,0.2131549715995788
1,0.4669056534767151,1,0.6587863564491272,1,0.6102710962295532,1,0.308622658252716
1,0.353268563747406,1,0.3601003289222717,1,0.689662516117096,1,0.2353331446647644
1,0.9468124508857728,1,0.4325543045997619,1,0.297633022069931,1,0.5585717558860779
1,0.0038382078055292,1,0.0645978674292564,1,0.0070673273876309,1,0.1016613468527793
1,0.0053477711044251,1,0.0579297207295894,1,0.0108871385455131,1,0.0902801156044006
1,0.0094626769423484,1,0.0987972095608711,1,0.0131095638498663,1,0.1429045051336288
1,0.7953124046325684,1,0.8131529092788696,1,0.4569247364997864,1,0.7689696550369263
1,0.8867822289466858,1,0.760880708694458,1,0.7858211994171143,1,0.666123628616333
1,0.9686474800109864,1,0.5583406090736389,1,0.798031747341156,1,0.5717576146125793
1,0.7558978199958801,1,0.0784860253334045,1,0.253612756729126,1,0.7260229587554932
1,0.7021457552909851,1,0.1159929856657981,1,0.0339768268167972,1,0.7414995431900024
1,0.7412974834442139,1,0.059624295681715,1,0.0614624544978141,1,0.7908881306648254
0,0.0027489368803799,0,0.0072654564864933,0,0.0018903195159509,0,0.0075832568109035
0,0.0035393557045608,0,0.0041669309139251,0,0.0037536425516009,0,0.0287906862795352
0,0.8329907059669495,0,0.4809199571609497,0,0.7904369831085205,0,0.7139061689376831
0,0.0045684985816478,0,0.0055494853295385,0,0.0003518968878779,0,0.0071469559334218
0,0.0500255487859249,0,0.057652298361063,0,0.1123177707195282,0,0.1526909619569778
0,0.528839647769928,0,0.2737320065498352,0,0.5852057933807373,0,0.4580334722995758
0,0.0809040069580078,0,0.0518331751227378,0,0.0349288918077945,0,0.3539040684700012
0,0.5899593830108643,0,0.3418713510036468,0,0.6477198004722595,0,0.5670807361602783
0,0.439601182937622,0,0.2531396448612213,0,0.5653153657913208,0,0.473383754491806
0,0.0332129783928394,0,0.0382575057446956,0,0.0264158155769109,0,0.3071775734424591
0,0.4351504743099212,0,0.052382692694664,0,0.0788502097129821,0,0.1863740533590316
0,0.7489674091339111,0,0.5636880993843079,0,0.7927207946777344,0,0.7490102052688599
0,0.7729501724243164,0,0.619269073009491,0,0.477191686630249,0,0.4641145169734955
0,0.0475488901138305,0,0.0093232598155736,0,0.0102652395144104,0,0.0048772897571325
0,0.0092276968061923,0,0.0071704597212374,0,0.0005945859011262,0,0.0302697252482175
0,0.0057398937642574,0,0.0068709030747413,0,7.725587056484073e-05,0,0.0123477205634117
0,0.0082205524668097,0,0.0100492658093571,0,0.0021400027908384,0,0.019066559150815
0,0.0032486736308783,0,0.0160666666924953,0,9.473125101067126e-05,0,0.013009225949645
0,0.0022864160127937,0,0.012154096737504,0,0.0001643673167563,0,0.0069242846220731
0,0.0510525703430175,0,0.0912976264953613,0,0.0072510773316025,0,0.113153152167797
0,0.1039061844348907,0,0.053418792784214,0,0.2016493529081344,0,0.3857446908950805
0,0.0005085063748992,0,0.0086611881852149,0,0.000942486221902,0,0.0032549363095313
0,0.0212626885622739,0,0.0866242498159408,0,0.0098472200334072,0,0.0716140866279602
0,0.0052175736054778,0,0.0087290583178401,0,0.0006585141527466,0,0.0804978460073471
0,0.0196591261774301,0,0.0248609445989131,0,0.0001644997828407,0,0.0096113635227084
0,0.0254127662628889,0,0.0760233849287033,0,0.0132145872339606,0,0.2017375826835632
0,0.0369238145649433,0,0.0436467044055461,0,0.1171866133809089,0,0.2689559757709503
0,0.0149373309686779,0,0.0071342014707624,0,0.0007898723706603,0,0.0015703270910307
0,0.0054459054954349,0,0.0105965379625558,0,0.0010625674622133,0,0.0060580787248909
0,0.0203013308346271,0,0.0187056176364421,0,0.0003228643618058,0,0.002991288434714
0,0.0066891079768538,0,0.0079993223771452,0,0.0002812156453728,0,0.0061647719703614
0,0.0053133037872612,0,0.0034952510613948,0,0.0002120292483596,0,0.0033686093520373
0,0.157499611377716,0,0.0432343035936355,0,0.0238091796636581,0,0.1342783272266388
0,0.0093020815402269,0,0.0035435676109045,0,0.1035982370376586,0,0.0309170577675104
0,0.0050676930695772,0,0.0042286044918,0,0.0484625250101089,0,0.0084416745230555
0,0.0009422617149539,0,0.0051190303638577,0,0.002537198131904,0,0.0010274099186062
0,0.0589080490171909,0,0.0394963920116424,0,0.0972075089812278,0,0.0114073809236288
0,0.0665277689695358,0,0.1367642432451248,0,0.0164661686867475,0,0.3887127637863159
0,0.2168356478214264,0,0.4509413242340088,0,0.2897084355354309,0,0.4347456991672516
0,0.0299239624291658,0,0.0193424895405769,0,0.00981130823493,0,0.0058589996770024
0,0.0015723446849733,0,0.0035576643422245,0,0.0099752275273203,0,0.0236432999372482
0,0.1586643904447555,0,0.0148702356964349,0,0.1369666159152984,0,0.0730638355016708
0,0.0016955649480223,0,0.0043305293656885,0,0.0074785244651138,0,0.0194764081388711
0,0.4022354483604431,0,0.0057601151056587,0,6.220756040420383e-05,0,0.0039655664004385
0,0.0107828481122851,0,0.0145703731104731,0,0.0007420095498673,0,0.019070690497756
0,0.0025404160842299,0,0.0561068318784236,0,0.0041358331218361,0,0.1965612918138504
0,0.0181283019483089,0,0.0168470554053783,0,0.0003567806270439,0,0.0124182337895035
0,0.4685657024383545,0,0.1708119511604309,0,0.0499866940081119,0,0.3380391001701355
0,0.0073607787489891,0,0.0160173289477825,0,0.0008792852750048,0,0.0107669960707426
0,0.6503168940544128,0,0.2121000289916992,0,0.0278809033334255,0,0.3693837523460388
0,0.9165425300598145,0,0.5532582402229309,0,0.0943530946969986,0,0.7420539855957031
0,0.7134677767753601,0,0.7387750744819641,0,0.335230141878128,0,0.3585628569126129
0,0.9711194038391112,0,0.7209625840187073,0,0.8723071217536926,0,0.8360813856124878
0,0.6919929385185242,0,0.7203152179718018,0,0.3913766145706177,0,0.3400984108448028
0,0.0313541628420352,0,0.0199024528264999,0,0.0005060174153186,0,0.0297781843692064
0,0.0387383364140987,0,0.0460946224629879,0,0.0001991092576645,0,0.020064728334546
0,0.0400837510824203,0,0.0277027152478694,0,0.0001319058064837,0,0.0145598202943801
0,0.0007625674479641,0,0.0021376712247729,0,4.639141843654215e-05,0,0.0071843909099698
0,0.4641745984554291,0,0.2491809874773025,0,0.1173248961567878,0,0.2247110456228256
0,0.4215109646320343,0,0.4133655726909637,0,0.1874772608280182,0,0.4626409709453583
0,0.6994404196739197,0,0.3225283622741699,0,0.2741195559501648,0,0.422082245349884
0,0.0257698167115449,0,0.3330245614051819,0,0.0001220470949192,0,0.0487938113510608
0,0.1511385887861251,0,0.7152308821678162,0,0.1013807952404022,0,0.5836573243141174
0,0.3295978605747223,0,0.3520627021789551,0,0.1161184906959533,0,0.245318204164505
0,0.2016685009002685,0,0.271648108959198,0,0.1106757819652557,0,0.0593185685575008
0,0.2286803424358368,0,0.3401256203651428,0,0.1217574924230575,0,0.0653804838657379
0,0.2149913907051086,0,0.273595929145813,0,0.1337277442216873,0,0.0773211196064949
0,0.0014572290237993,0,0.0075192195363342,0,0.0009472263627685,0,0.0023132918868213
0,0.0030599341262131,0,0.0015870217466726,0,3.428267518756911e-05,0,0.0027009602636098
0,0.0073713297024369,0,0.0577397048473358,0,0.0011101628188043,0,0.0897102057933807
0,0.0111275315284729,0,0.0325813181698322,0,0.0050054965540766,0,0.170816108584404
0,0.0053944517858326,0,0.007973532192409,0,0.0009339439566247,0,0.0040289955213665
0,0.1661519855260849,0,0.0312900431454181,0,0.0012379203690215,0,0.0123755233362317
0,0.0012709759175777,0,0.0088621145114302,0,4.533189348876476e-05,0,0.0078692911192774
0,0.2263994663953781,0,0.0423215180635452,0,0.0034612284507602,0,0.0152978328987956
0,0.0838504359126091,0,0.0447531081736087,0,0.0030612624250352,0,0.0123951276764273
0,0.0028010122478008,0,0.0103086112067103,0,5.894984133192338e-05,0,0.0579372011125087
0,0.0037257736548781,0,0.0045420350506901,0,0.0012557187583297,0,0.0153299672529101
0,0.1443415731191635,0,0.0289075300097465,0,0.2529070973396301,0,0.5273789763450623
0,0.0560082532465457,0,0.0262165442109107,0,0.1591837555170059,0,0.4033328294754028
0,0.0745436549186706,0,0.013148826546967,0,0.0678686648607254,0,0.0315264984965324
0,0.0037649238947778,0,0.0056477133184671,0,0.0010912274010479,0,0.0155947552993893
0,0.1097808554768562,0,0.0492396801710128,0,0.0858618393540382,0,0.4185394942760467
0,0.0141987856477499,0,0.030003173276782,0,0.0046479743905365,0,0.0488555170595645
0,0.0084534054622054,0,0.047799251973629,0,0.0014002615353092,0,0.0293574798852205
0,0.0178621187806129,0,0.0327376313507556,0,0.0020103564020246,0,0.0329427868127822
0,0.0219698902219533,0,0.0974958091974258,0,0.003889865707606,0,0.1200612261891365
0,0.0099937170743942,0,0.0368373058736324,0,0.020352765917778,0,0.0114728566259145
0,0.0017094413051381,0,0.0193452257663011,0,0.0069981729611754,0,0.0132495332509279
0,0.0013704755110666,0,0.0159724634140729,0,0.0001248432090505,0,0.0200922396034002
0,0.0012110734824091,0,0.0208103954792022,0,0.0001200929618789,0,0.0142493322491645
0,0.0058067310601472,0,0.001455788500607,0,0.000379887263989,0,0.0010492751607671
0,0.004751730710268,0,0.0019405613420531,0,0.0001964263501577,0,0.0046743024140596
0,0.0199112109839916,0,0.0605606809258461,0,0.0989202111959457,0,0.0896174535155296
0,0.0207789503037929,0,0.063790813088417,0,0.0870955362915992,0,0.1245342642068862
0,0.0097265979275107,0,0.0123572312295436,0,0.0189687889069318,0,0.0479139797389507
0,0.0243894383311271,0,0.0244095623493194,0,0.0043850396759808,0,0.0137158157303929
0,0.2293727099895477,0,0.183940127491951,0,0.1215385720133781,0,0.4879535138607025
0,0.2834217548370361,0,0.2916028499603271,0,0.1396486014127731,0,0.5060479640960693
0,0.2539752721786499,0,0.2216537892818451,0,0.1337984502315521,0,0.460527092218399
0,0.044939961284399,0,0.0166869796812534,0,0.0008164549362845,0,0.0477404668927192
0,0.0232523623853921,0,0.2201513946056366,0,0.0311429388821125,0,0.1264790743589401
0,0.0033457709942013,0,0.0051597040146589,0,7.452189311152324e-05,0,0.0126615511253476
0,0.8733363747596741,0,0.5196756720542908,0,0.2720813155174255,0,0.40467569231987
0,0.065220221877098,0,0.0184617191553115,0,0.0008308265241794,0,0.0690272822976112
0,0.0432448498904705,0,0.2963272929191589,0,0.0095700910314917,0,0.1023554280400276
0,0.1928480118513107,0,0.1135312020778656,0,0.026553951203823,0,0.0728376433253288
0,0.0817692205309867,0,0.076966792345047,0,0.0038896349724382,0,0.0232078675180673
0,0.0514246523380279,0,0.0149466022849082,0,0.0005544580053538,0,0.0368240550160408
0,0.00567829888314,0,0.1444031596183776,0,0.0050801811739802,0,0.1019083485007286
0,0.0013754416722804,0,0.0030998531728982,0,1.7153479348053224e-05,0,0.0112672364339232
0,0.1032252460718154,0,0.0535374581813812,0,0.0014218362048268,0,0.0539238378405571
0,0.189604103565216,0,0.3763259649276733,0,0.3835946917533874,0,0.3185232579708099
0,0.5352402925491333,0,0.3344587981700897,0,0.5223128199577332,0,0.459838718175888
0,0.0018899334827437,0,0.0036673864815384,0,0.0002633389667607,0,0.0218314938247203
0,0.0015751963946968,0,0.0044537209905683,0,0.0001167318623629,0,0.0169019848108291
0,0.6343255639076233,0,0.2945147752761841,0,0.319347620010376,0,0.3432503044605255
0,0.0019980063661932,0,0.0139046162366867,0,0.0006189764826558,0,0.0136317564174532
0,0.0190985780209302,0,0.0569932200014591,0,0.0029002963565289,0,0.0249688494950532
0,0.0056941974908113,0,0.003444900503382,0,0.001280399155803,0,0.1139569208025932
0,0.596161961555481,0,0.225686177611351,0,0.345229297876358,0,0.3740372359752655
0,0.0867990925908088,0,0.0633364766836166,0,0.0178865268826484,0,0.0586395151913166
0,0.2301904112100601,0,0.0815311297774314,0,0.7012888193130493,0,0.2095212638378143
0,0.7802014946937561,0,0.3991793096065521,0,0.4051636457443237,0,0.4120177030563354
0,0.0022452443372458,0,0.0096774017438292,0,0.0004720685537904,0,0.0150040751323103
0,0.0744306519627571,0,0.0126347532495856,0,0.1700171679258346,0,0.0438513457775116
0,0.0004995441413484,0,0.0085049550980329,0,0.000523748982232,0,0.0057985065504908
0,0.0024233621079474,0,0.0101079577580094,0,0.004637976642698,0,0.0043832873925566
0,0.0081893540918827,0,0.0126658082008361,0,0.0118673704564571,0,0.0320954956114292
0,0.1083663031458854,0,0.1662431061267852,0,0.0654904320836067,0,0.2913388907909393
0,0.0050043757073581,0,0.015402914956212,0,0.006451366469264,0,0.0049132392741739
0,0.0009824347216635,0,0.0150961754843592,0,5.507430250872858e-05,0,0.0031958322506397
0,0.0008327516843564,0,0.005908363033086,0,0.000338291778462,0,0.0048698638565838
0,0.0060307318344712,0,0.0116372872143983,0,0.0112474616616964,0,0.0510544143617153
0,0.0475629270076751,0,0.1341357380151748,0,0.042248398065567,0,0.2741962671279907
0,0.0007250257767736,0,0.0065310392528772,0,0.000997744849883,0,0.0089124031364917
0,0.0123807238414883,0,0.004245463758707,0,0.0475791618227958,0,0.0063794767484068
0,0.0008724423823878,0,0.0039081443101167,0,0.0004620925465133,0,0.0037064854986965
0,0.0068443580530583,0,0.0122023774310946,0,0.0242755711078643,0,0.0225447360426187
0,0.0650155693292617,0,0.0708328634500503,0,0.1696364134550094,0,0.1409630179405212
0,0.0099575268104672,0,0.0242798365652561,0,0.0006849091732874,0,0.0720402598381042
0,0.0157167222350835,0,0.0375216007232666,0,0.0009896164992824,0,0.0483278557658195
0,0.026545139029622,0,0.1316271275281906,0,0.0071288566105067,0,0.1173227131366729
0,0.0124855954200029,0,0.0249105375260114,0,0.0063599175773561,0,0.026340302079916
0,0.6358733773231506,0,0.287886768579483,0,0.2514172196388244,0,0.3821297883987427
0,0.3676927387714386,0,0.3828523755073547,0,0.2925337255001068,0,0.2489030957221985
0,0.0131394928321242,0,0.0247770436108112,0,0.0060994555242359,0,0.0159599818289279
0,0.0105680702254176,0,0.0399263985455036,0,0.0029688356444239,0,0.0026561841368675
0,0.3675509393215179,0,0.1549634933471679,0,0.401646226644516,0,0.1736384183168411
0,0.0187545996159315,0,0.0151432249695062,0,0.0016139092622324,0,0.007314221933484
0,0.0032086847350001,0,0.0375681668519973,0,6.004003080306575e-05,0,0.0132650528103113
0,0.0152490865439176,0,0.0018862680299207,0,0.0009198419284075,0,0.0005129424389451
0,0.0013517122715711,0,0.0063248542137444,0,0.0002116101677529,0,0.0021403182763606
0,0.011300316080451,0,0.0543273836374282,0,0.000549511925783,0,0.0857141241431236
0,0.0090357484295964,0,0.0276952870190143,0,0.0007349786465056,0,0.0806502699851989
0,0.0148782553151249,0,0.004574405029416,0,0.1885171830654144,0,0.0766849294304847
0,0.3757114112377167,0,0.0266036372631788,0,0.1250989735126495,0,0.1302385330200195
0,0.6757107377052307,0,0.0367391034960746,0,0.0092158680781722,0,0.6793751120567322
0,0.2282268404960632,0,0.1187110096216201,0,0.0976811870932579,0,0.2519476413726806
0,0.2376494705677032,0,0.4271160960197449,0,0.1852965503931045,0,0.2434160560369491
0,0.8400346040725708,0,0.5425090193748474,0,0.0944705307483673,0,0.3081581592559814
0,0.0034464788623154,0,0.0129210194572806,0,0.0731397122144699,0,0.1005364060401916
0,0.0025415436830371,0,0.0163818355649709,0,0.0002149858773918,0,0.0036984838079661
0,0.0037711421027779,0,0.0345342047512531,0,0.0372066795825958,0,0.0620812699198722
0,0.0226740892976522,0,0.0178421456366777,0,0.002297940198332,0,0.100186139345169
0,0.0023154951632022,0,0.0182589441537857,0,0.0002822086098603,0,0.0055770445615053
0,0.0024439631961286,0,0.1302288919687271,0,0.0397335812449455,0,0.0734192579984664
0,0.0103041417896747,0,0.022795483469963,0,0.0005137030384503,0,0.0494800359010696
0,0.0018618814647197,0,0.014256052672863,0,0.0001041194700519,0,0.004405137617141
0,0.3097777366638183,0,0.0466490238904953,0,0.1328527629375457,0,0.0817011147737503
0,0.007651146966964,0,0.0363625586032867,0,0.0012447265908122,0,0.0468805916607379
0,0.0012944746995344,0,0.0038579904939979,0,9.78484604274854e-05,0,0.0049116075970232
0,0.0075057209469377,0,0.0312247294932603,0,0.0196711290627717,0,0.0228632185608148
0,0.0136023135855793,0,0.0491274446249008,0,0.0266915131360292,0,0.097756378352642
0,0.6505541205406189,0,0.0701005086302757,0,0.0999008566141128,0,0.2412370443344116
0,0.5590288043022156,0,0.0858568027615547,0,0.0187803860753774,0,0.0102955438196659
0,0.6194731593132019,0,0.1998527497053146,0,0.1293539851903915,0,0.2281762063503265
0,0.0156765505671501,0,0.1518940031528473,0,0.0310042165219783,0,0.1822680979967117
0,0.2863571345806122,0,0.0379884392023086,0,0.0020667579956352,0,0.3465718626976013
0,0.0026792306452989,0,0.006395143456757,0,0.0006215435569174,0,0.0209386684000492
0,0.0698379278182983,0,0.0060843899846076,0,0.0078383591026067,0,0.0010757887503132
0,0.013703397475183,0,0.0124362055212259,0,0.0070233722217381,0,0.0073250592686235
0,0.0256963558495044,0,0.0097569618374109,0,0.0733182355761528,0,0.2001860588788986
0,0.001864553312771,0,0.0188021622598171,0,0.0008692236733622,0,0.0017469283193349
0,0.0220301803201437,0,0.0350387580692768,0,0.0070516350679099,0,0.1055623665452003
0,0.0195976160466671,0,0.0083013204857707,0,0.0032441359944641,0,0.0575125738978385
0,0.6529241800308228,0,0.194959819316864,0,0.0588807128369808,0,0.1379920840263366
0,0.1554255038499832,0,0.1059523969888687,0,0.0131213832646608,0,0.0565444976091384
0,0.9007805585861206,0,0.5081078410148621,0,0.7101117968559265,0,0.4395211637020111
0,0.1566018313169479,0,0.4866885244846344,0,0.5378215312957764,0,0.1464967578649521
0,0.1107178851962089,0,0.1437023133039474,0,0.0858025699853897,0,0.2080021500587463
0,0.0410148724913597,0,0.0201645959168672,0,0.0186988785862922,0,0.2627491950988769
0,0.1523190438747406,0,0.2445763498544693,0,0.2779370546340942,0,0.3080232739448547
0,0.0325637832283973,0,0.0252752527594566,0,0.0130029879510402,0,0.2019900828599929
0,0.0518844276666641,0,0.1905428320169448,0,0.1825503855943679,0,0.1335886865854263
0,0.0018935374682769,0,0.0148833794519305,0,5.992786100250669e-06,0,0.0110345836728811
0,0.1544625014066696,0,0.156985267996788,0,0.021213985979557,0,0.3480210304260254
0,0.0013963545206934,0,0.013023879379034,0,8.16992178442888e-06,0,0.0098762037232518
0,0.073412112891674,0,0.1074095889925956,0,0.0171333253383636,0,0.3497867584228515
0,0.0147888325154781,0,0.0077490480616688,0,0.0024770775344222,0,0.0764144137501716
0,0.0005784522509202,0,0.0021123779006302,0,2.3159587726695463e-05,0,0.0010702315485104
0,0.0156319923698902,0,0.2486481219530105,0,0.075523629784584,0,0.1935342997312545
0,0.0023155359085649,0,0.0013633624184876,0,0.000725004938431,0,0.0155250681564211
0,0.0127407554537057,0,0.0151969259604811,0,0.012392658740282,0,0.0043819267302751
0,0.0165981128811836,0,0.0153484838083386,0,0.0209801699966192,0,0.0052435551770031
0,0.0631606355309486,0,0.0169650521129369,0,0.0009880078723654,0,0.0166942588984966
0,0.0020307020749896,0,0.013712597079575,0,0.000684953876771,0,0.005462153814733
0,0.1962950676679611,0,0.0414921976625919,0,0.0018007811158895,0,0.0197547618299722
0,0.002571687567979,0,0.0142702916637063,0,0.0002120969584211,0,0.0048814504407346
0,0.0295212920755147,0,0.0079230815172195,0,0.0141377793624997,0,0.1323339939117431
0,0.002045415341854,0,0.0108159584924578,0,0.000107746454887,0,0.0070703066885471
0,0.4719758927822113,0,0.416802704334259,0,0.547802209854126,0,0.5567383766174316
0,0.0024838109966367,0,0.0098356083035469,0,0.0001181298939627,0,0.0050035375170409
0,0.4251150488853454,0,0.2965746819972992,0,0.347453773021698,0,0.6316084265708923
0,0.0019820781890302,0,0.0166289694607257,0,0.0003680434892885,0,0.0138100599870085
0,0.4009822607040405,0,0.3246425986289978,0,0.517325222492218,0,0.6382966637611389
0,0.681327223777771,0,0.5992138981819153,0,0.5892360210418701,0,0.3859114050865173
0,0.0069374227896332,0,0.0105711873620748,0,0.0004412542039062,0,0.0028768829070031
0,0.005236982833594,0,0.002257932210341,0,2.1260540961520743e-05,0,0.0034993973094969
0,0.004781246650964,0,0.0028189255390316,0,1.9123499441775493e-05,0,0.0113702826201915
0,0.0035082779359072,0,0.0241863317787647,0,0.0019751254003494,0,0.0028362534940242
0,0.0132925109937787,0,0.0602005310356617,0,0.0027634336147457,0,0.0332870334386825
