fold_1_labels,fold_1_predictions,fold_2_labels,fold_2_predictions,fold_3_labels,fold_3_predictions,fold_4_labels,fold_4_predictions
1,0.9505550861358644,1,0.43255814909935,1,0.0483109317719936,1,0.0061683431267738
1,0.997073531150818,1,0.826147735118866,1,0.989944338798523,1,0.9995775818824768
1,0.9383842349052428,1,0.6769129633903503,1,0.4145354926586151,1,0.5194932222366333
1,0.5909650921821594,1,0.3102447092533111,1,0.0561446845531463,1,0.415953129529953
1,0.9385293126106262,1,0.0971997529268264,1,0.2306636273860931,1,0.1673807948827743
1,0.890722393989563,1,0.1062695831060409,1,0.0397208891808986,1,0.2505434155464172
1,0.9508768320083618,1,0.1494425237178802,1,0.7547305822372437,1,0.6103146076202393
1,0.6722661852836609,1,0.8285548090934753,1,0.9974201917648317,1,0.991772711277008
1,0.882320761680603,1,0.6194460391998291,1,0.5033924579620361,1,0.8954195976257324
1,0.904444932937622,1,0.637403666973114,1,0.7606845498085022,1,0.8843606114387512
1,0.3310404419898987,1,0.4429400563240051,1,0.0839510709047317,1,0.3608461320400238
1,0.9733979105949402,1,0.7317653298377991,1,0.9703453183174132,1,0.9969025254249572
1,0.9247621297836304,1,0.7408262491226196,1,0.663559079170227,1,0.3634539246559143
1,0.5921909809112549,1,0.0599566735327243,1,0.0099697932600975,1,0.1833029836416244
1,0.9363905787467957,1,0.4658665955066681,1,0.5754843354225159,1,0.0200132634490728
1,0.9118990898132324,1,0.4816231727600097,1,0.3855674862861633,1,0.0644536986947059
1,0.984338879585266,1,0.0848152041435241,1,0.7277955412864685,1,0.999240517616272
1,0.0996454954147338,1,0.0799846053123474,1,0.0185472331941127,1,0.0150789711624383
1,0.9768026471138,1,0.8012462854385376,1,0.1138154417276382,1,0.3742812275886535
1,0.6477862596511841,1,0.5151067972183228,1,0.3980193436145782,1,0.0011100495466962
1,0.7425633072853088,1,0.3588154911994934,1,0.8788583278656006,1,0.0304239317774772
0,0.0106995310634374,0,0.0021000897977501,0,0.0282006841152906,0,0.0208923537284135
0,0.0006533349514938,0,0.002902565523982,0,0.0018845417071133,0,0.0006549285026267
0,0.2170244604349136,0,0.0684914365410804,0,0.0360079929232597,0,0.0064028198830783
0,0.000291634351015,0,0.0038323213811963,0,0.0026552760973572,0,0.0005050274776294
0,0.7979574799537659,0,0.1396663188934326,0,0.0646728351712226,0,0.0414661094546318
0,0.0001303895260207,0,0.0021466517355293,0,0.0021808634046465,0,0.0006899915169924
0,0.0748008713126182,0,0.0527232103049755,0,0.0332955829799175,0,0.0194644462317228
0,0.0108953211456537,0,0.0330342426896095,0,0.0008004762930795,0,0.0038839448243379
0,0.016352517530322,0,0.0363182164728641,0,0.0007246464374475,0,0.004426471889019
0,0.0043623941019177,0,0.0200382303446531,0,0.0017428061692044,0,0.0048752441070973
0,0.0005898338858969,0,0.0025422207545489,0,0.0420791432261467,0,0.0008065469446592
0,0.000816527288407,0,0.0052673816680908,0,0.0120756663382053,0,0.0004324590845499
0,0.0257392786443233,0,0.0804321318864822,0,0.0016597234643995,0,0.0058885645121335
0,0.0007541439845226,0,0.0042757880873978,0,0.0130441216751933,0,0.0022455255966633
0,0.0005904822028242,0,0.0392222888767719,0,0.0083421384915709,0,0.0016073213191702
0,0.1911173015832901,0,0.1066204831004142,0,0.1033438220620155,0,0.2786435186862945
0,4.4762444304069504e-05,0,0.005283982027322,0,0.0060255778953433,0,0.0016819454031065
0,0.0001434884616173,0,0.0074052880518138,0,0.0074680340476334,0,0.0022523025982081
0,0.0018162308260798,0,0.0294382777065038,0,0.0183497983962297,0,0.0046127126552164
0,2.869605850719381e-05,0,0.0148312179371714,0,0.0028605407569557,0,0.0269695799797773
0,0.0011449427111074,0,0.1522885262966156,0,0.0071555422618985,0,0.0135752912610769
0,0.0392635352909565,0,0.3026254177093506,0,0.0226347986608743,0,0.0061411443166434
0,0.0004372419207356,0,0.0139068504795432,0,0.0062721935100853,0,0.0062873242422938
0,0.0107304388657212,0,0.0541390068829059,0,0.0102236457169055,0,0.0025628949515521
0,0.4760075211524963,0,0.6145678758621216,0,0.0573022030293941,0,0.8286325931549072
0,0.4400762617588043,0,0.5284708738327026,0,0.0655479729175567,0,0.8702841401100159
0,0.009482349269092,0,0.4537864923477173,0,0.0105780726298689,0,0.0684750378131866
0,0.0244168881326913,0,0.0568620637059211,0,0.0088730696588754,0,0.0130286971107125
0,0.4133931994438171,0,0.7124788761138916,0,0.1016667559742927,0,0.9013190269470216
0,0.2688263952732086,0,0.4840768277645111,0,0.1618168503046035,0,0.3634067475795746
0,0.0338825434446334,0,0.4643686413764953,0,0.0119687365368008,0,0.2725972235202789
0,0.0740643590688705,0,0.0683832988142967,0,0.0015697028720751,0,0.025588447228074
0,0.4308199882507324,0,0.7505024671554565,0,0.2016534507274627,0,0.0445703789591789
0,0.8720162510871887,0,0.6378352642059326,0,0.7018031477928162,0,0.8783923983573914
0,0.0609656348824501,0,0.3712697625160217,0,0.0069074709899723,0,0.0336707234382629
0,0.1131824627518653,0,0.0646011382341384,0,0.0039167357608675,0,0.0025595873594284
0,0.3184527158737182,0,0.0220286734402179,0,0.1044953241944313,0,0.2818087637424469
0,0.0008303104550577,0,0.0027901558205485,0,0.0032070609740912,0,0.0011625555343925
0,0.086224690079689,0,0.3919335901737213,0,0.0994186699390411,0,0.3503942489624023
0,0.6407310366630554,0,0.2101126462221145,0,0.5940161347389221,0,0.0258112587034702
0,0.0011475157225504,0,0.0067213685251772,0,0.0059982063248753,0,0.0025538599584251
0,0.0007170314202085,0,0.0150012914091348,0,0.0176272634416818,0,0.0191249623894691
0,0.0020814153831452,0,0.0084157260134816,0,0.0078947441652417,0,0.0173271913081407
0,0.000571135780774,0,0.015852777287364,0,0.0055364351719617,0,0.0046093817800283
0,0.008080082014203,0,0.1882205158472061,0,0.0390223376452922,0,0.4302440583705902
0,0.0090095484629273,0,0.0447523258626461,0,0.0009928008075803,0,0.0045150686055421
0,0.0018570714164525,0,0.0355621613562107,0,0.0059371530078351,0,0.0209506452083587
0,0.220416322350502,0,0.1282611638307571,0,0.0300238672643899,0,0.0011530173942446
0,0.7937452793121338,0,0.8445520401000977,0,0.2800782918930053,0,0.6595360040664673
0,0.8609151840209961,0,0.7352908253669739,0,0.0287905968725681,0,0.93193119764328
0,0.0047038001939654,0,0.1351706981658935,0,0.0851040109992027,0,0.0089273210614919
0,0.3112817406654358,0,0.4751110374927521,0,0.9517585039138794,0,0.2195140421390533
0,0.0008237317670136,0,0.0053716916590929,0,0.0035456561017781,0,0.0074766133911907
0,4.115254705538973e-05,0,0.0053475657477974,0,0.0009678891510702,0,0.0001168360759038
0,0.0002715665032155,0,0.0016580920200794,0,0.0020798488985747,0,0.003219292499125
0,0.0006454262766055,0,0.0035934571642428,0,0.001780251506716,0,0.0008974731899797
0,1.6580146620981395e-05,0,0.0046988516114652,0,0.0006171885761432,0,0.0002375543990638
0,0.0006436098483391,0,0.0010183379054069,0,0.0031412779353559,0,0.0027211522683501
0,0.0007198810344561,0,0.0052272048778831,0,0.0021323673427104,0,0.0011934214271605
0,1.464151773689082e-05,0,0.0082703344523906,0,0.0010372047545388,0,0.0002003514964599
0,0.0015259149949997,0,0.0145212346687912,0,0.006072083953768,0,0.0020426344126462
0,0.0017624978208914,0,0.0197884440422058,0,0.018478874117136,0,0.003495710901916
0,2.1677047698176463e-05,0,0.0088466443121433,0,0.0055802455171942,0,0.0010449268156662
0,0.0078099379315972,0,0.0018469898495823,0,0.0044452422298491,0,0.0016540846554562
0,0.0001048022895702,0,0.005612923298031,0,0.0083836074918508,0,2.750605926848948e-05
0,0.0026341071352362,0,0.0113086495548486,0,0.0007293549133464,0,0.000438209506683
0,0.0006153979920782,0,0.0065863798372447,0,0.0017983039142563,0,0.0008237989386543
0,0.0004936842597089,0,0.0069110733456909,0,0.0015696641057729,0,0.0005396462511271
0,0.0307918116450309,0,0.1373722851276397,0,0.0073470259085297,0,0.0017784601077437
0,0.0073719997890293,0,0.1126296445727348,0,0.0139110945165157,0,0.0012192259309813
0,0.0484762154519557,0,0.4645723402500152,0,0.1003092154860496,0,0.1207214370369911
0,0.0086201466619968,0,0.0159484688192605,0,0.0205694399774074,0,0.0060359425842761
0,0.0006518798763863,0,0.035699263215065,0,0.0194528587162494,0,0.0011191127123311
0,0.0008872100734151,0,0.0058680973015725,0,0.0137258814647793,0,0.0024775078054517
0,0.0010957055492326,0,0.1502174884080886,0,0.0105512617155909,0,0.0061357272788882
0,0.0030239035841077,0,0.0240693911910057,0,0.0333509035408496,0,7.15075439075008e-05
0,0.0025396996643394,0,0.0288306400179862,0,0.0361436158418655,0,0.0197238288819789
0,0.0369395017623901,0,0.0920002907514572,0,0.0221924167126417,0,0.0140574863180518
0,0.0010160964448004,0,0.0048114759847521,0,0.0066695190034806,0,0.0003780254628509
0,0.0020296017173677,0,0.0126398662105202,0,0.0064803627319633,0,0.0009976925794035
0,0.008631344884634,0,0.0113552995026111,0,0.038875762373209,0,0.0060328422114253
0,0.0012805698206648,0,0.0066136070527136,0,0.0065076816827058,0,0.0002864722628146
0,0.0648551806807518,0,0.0152339916676282,0,0.0784724205732345,0,0.0087395450100302
0,0.0019215635256841,0,0.0031106818933039,0,0.0098636830225586,0,0.0174549184739589
0,0.0004792279796674,0,0.0042596319690346,0,0.0057530333288013,0,0.0001540531229693
0,0.0144303729757666,0,0.0547353290021419,0,0.0185870677232742,0,0.3450748026371002
0,0.053257767111063,0,0.0295602306723594,0,0.1118653118610382,0,0.0045424103736877
0,0.1958605945110321,0,0.0029066007118672,0,0.0103445621207356,0,0.0036393033806234
0,0.0157812274992465,0,0.0869241952896118,0,0.0078050433658063,0,0.0553096458315849
0,0.1914980262517929,0,0.4537225067615509,0,0.0013165182899683,0,0.0015218780608847
0,0.9422065615653992,0,0.7322325706481934,0,0.9305340647697448,0,0.925577700138092
0,0.0082363151013851,0,0.1114394143223762,0,0.0155177600681781,0,0.0090619456022977
0,0.0046011852100491,0,0.1633474975824356,0,0.0916382521390914,0,0.006432045251131
0,0.0002543930022511,0,0.0607152767479419,0,0.0188799388706684,0,0.005293795838952
0,0.0007276536198332,0,0.0020020534284412,0,0.0069495853967964,0,0.0005708889220841
0,0.0874538645148277,0,0.0655394792556762,0,0.0112360334023833,0,0.4074411690235138
0,0.0035867025144398,0,0.0064112897962331,0,0.0045798798091709,0,0.005533414427191
0,0.0051520876586437,0,0.0255525913089513,0,0.0057143135927617,0,0.0181884281337261
0,0.4175033569335937,0,0.0056349281221628,0,0.1390565186738968,0,0.2021499574184417
0,0.0009726774296723,0,0.1439902782440185,0,0.0200441386550664,0,0.0257500670850276
0,0.0022444191854447,0,0.0156381502747535,0,0.001540322904475,0,0.0049961218610405
0,0.0042767277918756,0,0.0089556192979216,0,0.0065509565174579,0,0.0141732981428503
0,0.0056871389970183,0,0.0110977422446012,0,0.0085164476186037,0,0.0050329770892858
0,0.0021886732429265,0,0.1677936464548111,0,0.0056403307244181,0,0.0004821092879865
0,0.0017153616063296,0,0.075586088001728,0,0.0151430899277329,0,0.0055360309779644
0,0.0019285179441794,0,0.0677717924118042,0,0.0103905498981475,0,0.0018705923575907
0,0.0043020667508244,0,0.2069240808486938,0,0.0726309269666671,0,0.0083766654133796
0,0.2552327215671539,0,0.1613462269306183,0,0.1060576438903808,0,0.0351434089243412
0,0.0113294245675206,0,0.0875955075025558,0,0.0358118638396263,0,0.0044199558906257
0,0.001055953791365,0,0.0010158858494833,0,0.0006675033946521,0,0.0079480679705739
0,0.0019604838453233,0,0.0014419634826481,0,0.0005549457273446,0,0.0072006466798484
0,8.73744284035638e-05,0,0.000344781379681,0,0.0005322135984897,0,0.0020382865332067
0,0.0008500066469423,0,0.0015975107671692,0,0.0004981895908713,0,0.0040406249463558
0,0.0001864770165411,0,0.0004942490486428,0,0.0012270141160115,0,0.004476826172322
0,0.0003522570477798,0,0.1185335516929626,0,0.0039694728329777,0,0.0013579688966274
0,0.0118383793160319,0,0.151308923959732,0,0.0369923710823059,0,0.0157333146780729
0,3.09542338072788e-05,0,0.0089098084717988,0,0.0026006361003965,0,0.0003242450475227
0,4.463290679268539e-05,0,0.000904346758034,0,0.0033700170461088,0,0.0002262686466565
0,0.0003538083983585,0,0.0309084728360176,0,0.0036618637386709,0,0.0003295156639069
0,0.001220402889885,0,0.1216183900833129,0,0.1546266674995422,0,0.0024267523549497
0,0.0002952629583887,0,0.0010708648478612,0,0.0019989716820418,0,0.0002898127713706
0,2.547585427237209e-05,0,0.002096937270835,0,0.0019329848000779,0,7.303728489205241e-05
0,0.3930534422397613,0,0.05170239508152,0,0.4971292018890381,0,0.2142949551343917
0,0.0011108233593404,0,0.0017341988859698,0,0.0041869911365211,0,0.0038383884821087
0,0.0027215997688472,0,0.0099163614213466,0,0.0027870067860931,0,0.000284967245534
0,0.0022242066916078,0,0.0018862975994125,0,0.0023798348847776,0,0.0061089354567229
0,0.0011919684475287,0,0.0014972585486248,0,0.0057630599476397,0,0.0005208110669627
0,0.0015502225141972,0,0.0014220433076843,0,0.0030166497454047,0,0.0043342295102775
0,0.0022024998906999,0,0.001800364581868,0,0.0052269590087234,0,0.0050894110463559
0,0.0008868955774232,0,0.0159454308450222,0,0.0019111650763079,0,0.0003158702456858
0,0.00139570760075,0,0.0016655545914545,0,0.002299629850313,0,0.0069964798167347
0,0.8900355100631714,0,0.0397355183959007,0,0.0953216850757598,0,0.040611483156681
0,0.7419309616088867,0,0.6559076905250549,0,0.5237259268760681,0,0.7191241979598999
0,0.812644898891449,0,0.535081684589386,0,0.6347599625587463,0,0.875766932964325
0,0.0036369040608406,0,0.0145338922739028,0,0.0046246186830103,0,0.0023396883625537
0,0.0133616076782345,0,0.049135722219944,0,0.0008919349638745,0,0.0011405134573578
0,0.3763778805732727,0,0.15764120221138,0,0.023247230798006,0,0.6498073935508728
0,0.2242788821458816,0,0.36508908867836,0,0.4055180549621582,0,0.3821434676647186
0,0.0034765005111694,0,0.0050648925825953,0,0.0104302614927291,0,0.0043699792586266
0,0.0440385825932025,0,0.0707858204841613,0,0.0087081231176853,0,0.0713910907506942
0,0.4670220911502838,0,0.1109682992100715,0,0.0080022858455777,0,0.0108733084052801
0,0.0045955972746014,0,0.1838096529245376,0,0.0041452357545495,0,0.0127441370859742
0,0.500097930431366,0,0.3276823163032532,0,0.0039465310983359,0,0.2837322950363159
0,0.0525034926831722,0,0.0272741988301277,0,0.0176112186163663,0,0.0188850499689579
0,0.4720634520053863,0,0.2740532755851745,0,0.0026826448738574,0,0.0414202958345413
0,0.8067448735237122,0,0.3446404337882995,0,0.0093854498118162,0,0.012641318142414
0,0.2923988997936249,0,0.5136609673500061,0,0.7834708094596863,0,0.1498160064220428
0,1.4991343050496653e-05,0,0.0165912006050348,0,0.0086797922849655,0,0.0001518962380941
0,0.0018741845851764,0,0.0297390818595886,0,0.0056308903731405,0,0.00324765779078
0,0.0001316637935815,0,0.0290756896138191,0,0.0012182553764432,0,0.0016146262641996
0,3.026541344297584e-05,0,0.0171147398650646,0,0.0063249021768569,0,0.000951450492721
0,0.9868120551109314,0,0.6691642999649048,0,0.9394806027412416,0,0.9677242040634156
0,0.8466066718101501,0,0.5877577066421509,0,0.1894052922725677,0,0.5209553241729736
0,0.9594796895980836,0,0.6744701862335205,0,0.6550253033638,0,0.8339939713478088
0,9.675223554950207e-05,0,0.023200150579214,0,0.0022292823996394,0,0.0001989545999094
0,0.0002644417108967,0,0.0267337895929813,0,0.0024425534065812,0,8.596268889959902e-05
0,0.0001190469702123,0,0.0255416706204414,0,0.0021557852160185,0,0.0001023394652293
0,0.0114336935803294,0,0.1420087814331054,0,0.0188617259263992,0,0.6687385439872742
0,0.000404655438615,0,0.0178910251706838,0,0.0036318688653409,0,0.009132171049714
0,0.0013474359875544,0,0.0034179838839918,0,0.0044172727502882,0,0.0038538160733878
0,0.0111946454271674,0,0.0008182137971743,0,0.0042627053335309,0,0.0012458135606721
0,9.492874960415064e-05,0,0.0347636453807354,0,0.0283681750297546,0,0.0129093369469046
0,0.0032185779418796,0,0.00202052667737,0,0.0029988619498908,0,0.0011770031414926
0,0.0020050844177603,0,0.0007820934988558,0,0.0071077602915465,0,0.0004231925122439
0,0.0008162638987414,0,0.1019129082560539,0,0.0087515534833073,0,0.0761265531182289
0,0.0124223753809928,0,0.0054944832809269,0,0.0087957018986344,0,0.0006662690429948
0,0.0006577016320079,0,0.0003454647376202,0,0.0024839031975716,0,0.0001138822481152
0,0.7624794244766235,0,0.289316326379776,0,0.2091706246137619,0,0.4860557615756988
0,0.0590164400637149,0,0.0570688806474208,0,0.0643485859036445,0,0.2469536960124969
0,0.9258103966712952,0,0.5407945513725281,0,0.5146825909614563,0,0.0598707534372806
0,0.4862320721149444,0,0.2246492058038711,0,0.3044411540031433,0,0.8676514625549316
0,0.01210015732795,0,0.0807840749621391,0,0.0087022641673684,0,0.0264599379152059
0,0.013024223037064,0,0.1969309002161026,0,0.4346784949302673,0,0.0029734787531197
0,0.0276105813682079,0,0.1304091364145279,0,0.6181336045265198,0,0.0427098087966442
0,0.0023339842446148,0,0.0463841781020164,0,0.4336728155612945,0,0.0430753789842128
0,0.0802385807037353,0,0.332188218832016,0,0.2713947892189026,0,0.0268012583255767
0,0.0135627929121255,0,0.225171148777008,0,0.1263747364282608,0,0.0824072882533073
0,0.0092791011556983,0,0.0478208363056182,0,0.0505397878587245,0,0.0570515394210815
0,0.0012199751799926,0,0.0400975085794925,0,0.0007724267197772,0,0.0007673791260458
0,0.7990755438804626,0,0.072189375758171,0,0.7046859264373779,0,0.065729521214962
0,0.028697595000267,0,0.1368142366409301,0,0.0082923984155058,0,0.0132482862100005
0,0.7573058009147644,0,0.4159351587295532,0,0.3112178146839142,0,0.1111680790781974
0,0.3171080350875854,0,0.5975589156150818,0,0.1513566523790359,0,0.3333531618118286
0,0.0173366218805313,0,0.0164043940603733,0,0.0160256195813417,0,0.0163687169551849
0,0.0057440581731498,0,0.2613203227519989,0,0.0280966479331254,0,0.0758545696735382
0,0.0003282824181951,0,0.0048166555352509,0,0.0031479133758693,0,0.0012968725059181
0,0.000246404990321,0,0.0082100192084908,0,0.0008744730730541,0,0.0026950479950755
0,0.0003421540895942,0,0.006095984019339,0,0.0008667841902934,0,0.0016526773106306
0,0.0142817264422774,0,0.050428818911314,0,0.0050438945181667,0,0.0019111644942313
0,0.0009331580949947,0,0.0023460711818188,0,0.0010823770426213,0,0.001344989053905
0,0.0072924382984638,0,0.0783350095152854,0,0.0237248111516237,0,0.004314552526921
0,0.075576864182949,0,0.0222720224410295,0,0.0053859082981944,0,0.0485918149352073
0,0.0224022455513477,0,0.0189435463398695,0,0.0091639617457985,0,0.0122509654611349
0,0.0107495626434683,0,0.0051002101972699,0,0.0390411503612995,0,0.0002869336749427
0,0.0042550978250801,0,0.0182670224457979,0,0.0054767052643001,0,0.0321263633668422
0,0.0770968645811081,0,0.0142708150669932,0,0.0430302545428276,0,0.0003968951350543
0,0.0079919779673218,0,0.0619825273752212,0,0.0194212421774864,0,0.002011836040765
0,0.9547596573829652,0,0.5402348637580872,0,0.4154331088066101,0,0.839768648147583
0,0.951130986213684,0,0.5769466161727905,0,0.6632620692253113,0,0.8411991000175476
0,0.9669605493545532,0,0.6415542364120483,0,0.7784873247146606,0,0.6675729155540466
0,0.0007701911381445,0,0.0140977501869201,0,0.0206201989203691,0,0.0001856410672189
0,0.0064626107923686,0,0.0185655895620584,0,0.054618515074253,0,0.0004254777741152
0,0.0039697424508631,0,0.0185033343732357,0,0.0805802121758461,0,0.0003698381187859
0,0.0074556660838425,0,0.0224591456353664,0,0.0200245361775159,0,0.0840166956186294
0,0.0006545262876898,0,0.0089357160031795,0,0.0025244024582207,0,0.0001570461317896
0,0.0071774455718696,0,0.0174159612506628,0,0.0344264954328537,0,0.0004357204888947
0,0.980207622051239,0,0.8595733642578125,0,0.9783895015716552,0,0.9574958682060242
0,0.988840639591217,0,0.7625642418861389,0,0.3763367533683777,0,0.5180046558380127
0,0.0007582243997603,0,0.0062852669507265,0,0.0160434208810329,0,0.001378493849188
0,3.1920746550895274e-05,0,0.0022002041805535,0,0.0154808033257722,0,0.0001763103646226
0,0.6502756476402283,0,0.4206762611865997,0,0.0332852639257907,0,0.8682889342308044
0,7.432622805936262e-05,0,0.0128214312717318,0,0.0338867232203483,0,8.881196117727086e-05
0,0.0013585349079221,0,0.0079020000994205,0,0.0096415346488356,0,0.0054474733769893
0,7.80723785283044e-05,0,0.0039331070147454,0,0.0012137058656662,0,0.00128436810337
0,5.477862214320339e-05,0,0.008740578778088,0,0.0121982172131538,0,4.974886905984022e-05
0,4.160261232755147e-05,0,0.0030141153838485,0,0.0011644263286143,0,0.0012570237740874
0,0.0002297516766702,0,0.0087723927572369,0,0.0133988857269287,0,6.729915185132995e-05
0,0.0023799184709787,0,0.0089146150276064,0,0.0058071524836122,0,0.0032333342824131
0,6.289927841862664e-05,0,0.0027608566451817,0,0.000964367063716,0,0.0099425753578543
0,0.2102024108171463,0,0.1517011523246765,0,0.0107230758294463,0,0.0154269216582179
0,0.0013543311506509,0,0.1552118957042694,0,0.1566694527864456,0,0.0538952313363552
0,1.9289389456389472e-05,0,0.0011882331455126,0,0.0033554984256625,0,7.024160731816664e-05
0,0.0007230438059195,0,0.0469178259372711,0,0.0068678618408739,0,0.0017808285774663
0,0.0019624943379312,0,0.0290413610637187,0,0.0082254204899072,0,0.0012931117089465
0,0.0008037633961066,0,0.0264475010335445,0,0.005404851399362,0,0.0020004943944513
1,0.4653691351413727,1,0.7297982573509216,1,0.974804162979126,1,0.7555230855941772
1,0.2339422851800918,1,0.0997499525547027,1,0.0196272302418947,1,0.0075382567010819
1,0.0050877956673502,1,0.0328733511269092,1,0.2346746623516082,1,0.185871347784996
1,0.0038935313932597,1,0.0113889453932642,1,0.0613561086356639,1,0.0099003631621599
1,0.0005050219479016,1,0.0128263449296355,1,0.0203378144651651,1,0.0024423433933407
1,0.9933730363845824,1,0.788384199142456,1,0.7412081360816956,1,0.9978799819946288
1,0.9993112087249756,1,0.9698179364204408,1,0.979265570640564,1,0.9997679591178894
1,0.0010403249179944,1,0.0075691202655434,1,0.017419284209609,1,0.0002695182047318
1,0.0028074097353965,1,0.0424533560872077,1,0.0845619365572929,1,0.0004668823094107
1,0.0561835952103138,1,0.1959165036678314,1,0.3884676694869995,1,0.4752776622772217
1,0.0478762201964855,1,0.1040359586477279,1,0.0033505540341138,1,0.4861578941345215
1,0.8677576780319214,1,0.7356992363929749,1,0.5222094655036926,1,0.6983144879341125
1,0.6609956622123718,1,0.5518983602523804,1,0.7486969232559204,1,0.9135094285011292
1,0.5144102573394775,1,0.2869168519973755,1,0.6438192129135132,1,0.1431085616350174
1,0.9441369771957396,1,0.643558919429779,1,0.9788379669189452,1,0.8617447018623352
1,0.0033980393782258,1,0.1289162635803222,1,0.0029803400393575,1,0.0031990692950785
1,0.0089659765362739,1,0.4174965023994446,1,0.0066054193302989,1,0.0043909959495067
1,9.673774911789224e-05,1,0.0449268743395805,1,0.0123547334223985,1,0.0003357199020683
1,0.5911354422569275,1,0.4874307513236999,1,0.9380344748497008,1,0.0322230271995067
1,0.873040497303009,1,0.6294535994529724,1,0.0073796939104795,1,0.5051576495170593
1,0.7506111264228821,1,0.9475095272064208,1,0.9115926027297974,1,0.8949890732765198
1,0.8669295310974121,1,0.7216014862060547,1,0.0097557920962572,1,0.3590507805347442
1,0.8438136577606201,1,0.9264013767242432,1,0.7746933102607727,1,0.9928081035614014
1,0.9106595516204834,1,0.8966228365898132,1,0.995605766773224,1,0.99458509683609
1,0.5892301201820374,1,0.8637730479240417,1,0.978534698486328,1,0.994124710559845
1,0.6224027276039124,1,0.8706880807876587,1,0.9568999409675598,1,0.9873585104942322
0,0.0005035040085203,0,0.2274779230356216,0,0.5091584324836731,0,0.1697773188352584
0,0.000369594694348,0,0.331018716096878,0,0.0885245352983474,0,0.1555183976888656
0,0.0053782737813889,0,0.0835606455802917,0,0.0273696854710578,0,0.0057259583845734
0,0.000398400472477,0,0.1126763001084327,0,0.0051092500798404,0,0.0061822114512324
0,0.0004687143955379,0,0.0561442822217941,0,0.1393308639526367,0,0.0121349031105637
0,0.0021523651666939,0,0.1407180726528167,0,0.0125312712043523,0,0.0067655136808753
0,0.0003830994537565,0,0.118434689939022,0,0.0096589708700776,0,0.0584801957011222
0,0.0361682884395122,0,0.0084653878584504,0,0.0032740700989961,0,0.0004048993287142
0,0.0105695966631174,0,0.2232991158962249,0,0.0135254086926579,0,0.0449464097619056
0,0.0024935603141784,0,0.1840073615312576,0,0.0057645300403237,0,0.0069131720811128
0,0.0001643312571104,0,0.1473760157823562,0,0.0109776612371206,0,0.0982045456767082
0,7.54799839342013e-05,0,0.002452288288623,0,0.0016259049298241,0,0.0015100928721949
0,1.6770913134678267e-05,0,0.0061909742653369,0,0.0015673589659854,0,0.0004193067725282
0,0.8313685059547424,0,0.5034399628639221,0,0.8871973752975464,0,0.842983067035675
0,0.0011028185253962,0,0.001253783237189,0,0.0078063174150884,0,0.0008538865949958
0,0.0009616296738386,0,0.0049383458681404,0,0.0105909751728177,0,0.000776023720391
0,0.0102991200983524,0,0.2484265118837356,0,0.0255272183567285,0,0.1095553189516067
0,8.727591193746775e-05,0,0.0055890907533466,0,0.0052481358870863,0,0.0018859017873182
0,0.0081804050132632,0,0.0786617845296859,0,0.1132218763232231,0,0.0109302168712019
0,0.0649241358041763,0,0.0894922837615013,0,0.3353559970855713,0,0.0489727444946765
0,0.0052807522006332,0,0.0386077985167503,0,0.0039614513516426,0,0.000604277011007
0,0.0009683278040029,0,0.2503372132778168,0,0.0984373688697815,0,0.0262671094387769
0,0.036591675132513,0,0.3734394907951355,0,0.0694453194737434,0,0.5553373098373413
0,0.0002785485994536,0,0.0111292954534292,0,0.0023604689631611,0,0.0002981428697239
0,0.0001948922872543,0,0.004475079011172,0,0.0013520695501938,0,0.0002255315630463
0,0.0189673602581024,0,0.2481758594512939,0,0.0111252861097455,0,0.055190771818161
0,0.0003552446723915,0,0.0077310851775109,0,0.002210957231,0,0.0006073738913983
0,0.0002001719985855,0,0.0040692659094929,0,0.0013227332383394,0,0.0003371929924469
0,0.0003226649714633,0,0.0044620335102081,0,0.0012695633340626,0,0.0001878178300103
0,0.0005905643920414,0,0.006003217305988,0,0.0060063707642257,0,0.0003374587977305
0,0.8027788400650024,0,0.4302565455436706,0,0.8046388626098633,0,0.6432156562805176
0,0.9253556132316588,0,0.5683348178863525,0,0.9558379650115968,0,0.6654878854751587
0,0.8087059855461121,0,0.3200630247592926,0,0.0656539276242256,0,0.0161512680351734
0,0.6402919888496399,0,0.4754786789417267,0,0.2086970508098602,0,0.3974303901195526
0,0.8257700204849243,0,0.6465246081352234,0,0.9794028401374816,0,0.9015382528305054
0,0.1026095300912857,0,0.4130052030086517,0,0.2961279153823852,0,0.8369569778442383
0,0.0029217894189059,0,0.0465304031968116,0,0.0353830754756927,0,0.0071157505735754
0,0.147059217095375,0,0.0024301277007907,0,0.0067901988513767,0,0.335732638835907
0,0.0007587499567307,0,0.0016452512936666,0,0.5013915300369263,0,0.0027466018218547
0,0.4289420545101166,0,0.0028563316445797,0,0.0084456745535135,0,0.1727409362792968
0,0.0564724467694759,0,0.1107921823859214,0,0.0273404456675052,0,0.0102670174092054
0,0.0940032601356506,0,0.0037124201189726,0,0.0923786237835884,0,0.0675807297229766
0,0.0022566702682524,0,0.001837148447521,0,0.0586604736745357,0,0.004197658970952
0,0.0013319661375135,0,0.0156241152435541,0,0.0149643253535032,0,0.0042590438388288
0,0.0017998376861214,0,0.0128184389322996,0,0.0773468762636184,0,0.0003343177959322
0,0.004369240719825,0,0.0111125512048602,0,0.1740094721317291,0,0.0023087381850928
0,0.071376658976078,0,0.0159249268472194,0,0.0938739702105522,0,0.0795606449246406
0,0.0565929003059864,0,0.0385714322328567,0,0.0049566118977963,0,0.0013031524140387
0,0.0087535977363586,0,0.007967616431415,0,0.0540757402777671,0,0.0009966883808374
0,0.0743195936083793,0,0.0379645116627216,0,0.0056406832300126,0,0.0124957989901304
0,0.0021425415761768,0,0.0086490819230675,0,0.022613912820816,0,0.0033312106970697
0,0.0153605369850993,0,0.0124364802613854,0,0.0155762545764446,0,0.0021853141952306
0,0.3899511694908142,0,0.0575079023838043,0,0.0032060185912996,0,0.0057887719012796
0,0.0082870628684759,0,0.0083913458511233,0,0.0113697303459048,0,0.0035820989869534
0,0.0215025003999471,0,0.0196068622171878,0,0.006748002488166,0,0.061669360846281
0,0.0117793520912528,0,0.0327495001256465,0,0.0166869573295116,0,0.0596794076263904
0,4.921420259051956e-05,0,0.0021447755862027,0,0.0004401573096401,0,9.451775986235587e-05
0,0.2313569039106369,0,0.105433888733387,0,0.3697562515735626,0,0.1612933725118637
0,0.0021482580341398,0,0.0081763360649347,0,0.0096844239160418,0,0.0073488480411469
0,0.6238396763801575,0,0.1084307953715324,0,0.1122279241681099,0,0.4580605626106262
0,0.0952793732285499,0,0.0580139718949794,0,0.2545355558395386,0,0.4187936782836914
0,3.590099368011579e-05,0,0.0070752189494669,0,0.0108204949647188,0,0.0005669886595569
0,0.0078558633103966,0,0.0038816728629171,0,0.0029131253249943,0,0.0272531881928443
0,0.0002719312906265,0,0.001476515782997,0,0.0010229416657239,0,0.0005338002229109
0,7.978887879289687e-05,0,0.0054595279507339,0,0.0040057245641946,0,6.548486271640286e-05
0,0.0001607021986274,0,0.0005930088809691,0,0.0006952161784283,0,0.0005229612579569
0,0.0001055691027431,0,0.0087945247069001,0,0.0059605063870549,0,0.0005559619748964
0,0.0001423032954335,0,0.0006341825355775,0,0.0011069213505834,0,0.0001302868768107
0,0.0078287748619914,0,0.0118250045925378,0,0.0407827123999595,0,0.001643142546527
0,0.0023972860071808,0,0.0155315101146698,0,0.004943121690303,0,0.0003870609798468
0,0.0093490676954388,0,0.0124615067616105,0,0.0204636752605438,0,0.0951630771160125
0,0.0007695459062233,0,0.0009862408041954,0,0.0076270038262009,0,0.0004187297890894
0,0.0004279501154087,0,0.0010803116019815,0,0.0056845829822123,0,0.0002802596136461
0,0.0024010145571082,0,0.0015242556110024,0,0.008443733677268,0,0.0009597802418284
0,0.0085523072630167,0,0.0618300326168537,0,0.0420287773013114,0,0.104582279920578
0,0.0003403962182346,0,0.0015474720858037,0,0.0009816762758418,0,0.0007016844465397
0,0.952823519706726,0,0.6895114183425903,0,0.8662688732147217,0,0.6204255223274231
0,0.000479375332361,0,0.0047144275158643,0,0.0022100864443928,0,0.0015220359200611
0,7.44116841815412e-05,0,0.007695959880948,0,0.0001998369552893,0,0.0016202512197196
0,0.0002386611158726,0,0.0031189823057502,0,0.0034191922750324,0,0.0005703714559786
0,0.0001306786871282,0,0.0192105267196893,0,0.00105891097337,0,0.0014111915370449
0,0.0005140912253409,0,0.0039083282463252,0,0.004209189210087,0,0.0020749825052917
0,0.0031038294546306,0,0.0211567245423793,0,0.0113207167014479,0,0.0012063230387866
0,0.0005153300589881,0,0.0136049436405301,0,0.0053706928156316,0,0.0001402996567776
0,0.0018057009438052,0,0.009264612570405,0,0.01184918358922,0,0.000706186518073
0,0.0017030336894094,0,0.6542969942092896,0,0.0251479335129261,0,0.0300242826342582
0,0.0038579904939979,0,0.282707154750824,0,0.0027285835240036,0,0.0027396921068429
0,0.3200044929981231,0,0.3143970072269439,0,0.2193108797073364,0,0.2169185429811477
0,0.2864432036876678,0,0.3491200506687164,0,0.169105052947998,0,0.2525759637355804
0,0.0004821416805498,0,0.47078937292099,0,0.0249142572283744,0,0.0137088960036635
0,0.0021521437447518,0,0.0221013724803924,0,0.0074695856310427,0,0.0078010968863964
0,0.0007605752907693,0,0.0366605557501316,0,0.0032501011155545,0,0.0022451484110206
0,0.0720549970865249,0,0.2352519631385803,0,0.0421077944338321,0,0.0258721094578504
0,0.1603612452745437,0,0.0914564803242683,0,0.0055296397767961,0,0.0027880310080945
0,0.007940855808556,0,0.1060275584459304,0,0.0116491122171282,0,0.0028255991637706
0,0.8463978171348572,0,0.475423127412796,0,0.9502636194229126,0,0.9545472264289856
0,0.9302437901496888,0,0.571349561214447,0,0.9907791614532472,0,0.7886617183685303
0,0.9008150696754456,0,0.6299976110458374,0,0.2946574091911316,0,0.9215250015258788
0,0.0010060641216114,0,0.1769582629203796,0,0.0022758955601602,0,0.0053489105775952
0,0.0002233098639408,0,0.034198485314846,0,0.0038232030346989,0,0.0016414758283644
0,0.0001579218951519,0,0.0242322608828544,0,0.0015880345599725,0,0.0046644802205264
0,0.0005972548387944,0,0.017672611400485,0,0.0015516956336796,0,0.0032846371177583
0,0.0008956873207353,0,0.0309509392827749,0,0.0008017565123736,0,0.001175892073661
0,5.591562876361422e-05,0,0.0099194757640361,0,0.0009240161161869,0,0.002172214211896
0,0.0019589634612202,0,0.0252406187355518,0,0.001825806684792,0,0.0019010186661034
0,0.0033132978715002,0,0.0529018305242061,0,0.0034090946428477,0,0.0006770386826246
0,0.2849712073802948,0,0.2217554748058319,0,0.0551775358617305,0,0.0042849699966609
0,0.1511684954166412,0,0.095120757818222,0,0.0323337204754352,0,0.0027547299396246
0,0.000245025352342,0,0.0041563482955098,0,0.0023267373908311,0,0.0004509016871452
0,0.0308619178831577,0,0.0690052956342697,0,0.0283468570560216,0,0.0046400926075875
0,0.0014390408759936,0,0.0064688813872635,0,0.0066195116378366,0,0.0037176602054387
0,0.9557153582572936,0,0.5046921372413635,0,0.8408520817756653,0,0.9909741282463074
0,0.0755450204014778,0,0.0413439348340034,0,0.0186308063566684,0,0.0370577313005924
0,0.0017114344518631,0,0.0469509623944759,0,0.0151169570162892,0,0.0012268796563148
0,0.0057722693309187,0,0.0376916527748107,0,0.0514201372861862,0,0.0011440869420766
0,0.0466783381998539,0,0.0273400992155075,0,0.0407835133373737,0,0.0013136669294908
0,0.9884493947029114,0,0.5975643396377563,0,0.9130480289459229,0,0.9963375329971312
0,0.0031399971339851,0,0.0154291298240423,0,0.0069902287796139,0,0.002612899756059
0,0.0619124509394168,0,0.0224855225533247,0,0.0119976354762911,0,0.0045357118360698
0,0.0021420216653496,0,0.033424038439989,0,0.0217987857758998,0,0.0011115516535937
0,0.9731618165969848,0,0.4543711245059967,0,0.9061278104782104,0,0.989300012588501
0,0.0009764609858393,0,0.2491720765829086,0,0.0242353435605764,0,0.0020342932548373
0,0.0001614173816051,0,0.0473423823714256,0,0.0184548273682594,0,0.0015360782854259
0,0.0001767715875757,0,0.158972680568695,0,0.0287557709962129,0,0.0015751221217215
0,0.8710064888000488,0,0.0404795110225677,0,0.1266323029994964,0,0.3587594926357269
0,0.7325173616409302,0,0.123381070792675,0,0.0310693383216857,0,0.0142793711274862
0,0.0006493382388725,0,0.0138120483607053,0,0.0067514260299503,0,0.0012267488054931
0,0.0003149597032461,0,0.0254539847373962,0,0.0079756518825888,0,0.0003260404628235
0,0.2408529669046402,0,0.1806535273790359,0,0.0535746924579143,0,0.0675234794616699
0,0.0003459173894952,0,0.0253276396542787,0,0.003647816600278,0,0.0019230574835091
0,0.0057737445458769,0,0.2054794430732727,0,0.2402579635381698,0,0.001079183188267
0,0.033932089805603,0,0.2898066341876983,0,0.7967547178268433,0,0.0112663973122835
0,0.4349012374877929,0,0.4224569797515869,0,0.1345110386610031,0,0.6385056972503662
0,0.9901780486106871,0,0.9333696961402892,0,0.9534154534339904,0,0.988188087940216
0,0.569848358631134,0,0.8326026201248169,0,0.3361020982265472,0,0.98664790391922
0,0.8859561681747437,0,0.1895257532596588,0,0.0427196733653545,0,0.496589720249176
0,0.0001076858461601,0,0.0069154435768723,0,0.0006922097527422,0,0.0003162649809382
0,0.0082240598276257,0,0.0012425285531207,0,0.0084695518016815,0,0.0004238845140207
0,0.9144633412361144,0,0.7657626867294312,0,0.946556806564331,0,0.1079801470041275
0,0.6465603113174438,0,0.4675953388214111,0,0.0754628553986549,0,0.0255637113004922
0,1.941330992849544e-06,0,0.0022379318252205,0,0.0004596886865328,0,2.070850314339623e-05
0,0.0020137757528573,0,0.0124385841190814,0,0.0053041907958686,0,0.0022739626001566
0,0.0018213834846392,0,0.0027426981832832,0,0.0043451683595776,0,0.018732002004981
0,0.0010953136952593,0,0.0061177317984402,0,0.0060379705391824,0,0.0001419670443283
0,0.0012001701397821,0,0.0007898795884102,0,0.0015558240702375,0,0.0022302318830043
0,0.0004449820844456,0,0.0097712855786085,0,0.0105865588411688,0,0.0021472771186381
0,0.021325035020709,0,0.1932679265737533,0,0.0188293643295764,0,0.0020071589387953
0,0.0005241335602477,0,0.0106676882132887,0,0.0041549294255673,0,0.0001087746495613
0,0.4857945442199707,0,0.7240409255027771,0,0.9100525975227356,0,0.481320858001709
0,0.0019496498862281,0,0.2377605885267257,0,0.0373380929231643,0,0.0655382350087165
0,0.6405088305473328,0,0.6410079002380371,0,0.9860013723373412,0,0.7660554051399231
0,0.0020934815984219,0,0.3726043105125427,0,0.4309186935424804,0,0.7164639830589294
0,0.089843638241291,0,0.5273422598838806,0,0.5528069734573364,0,0.0597172155976295
0,0.6596185564994812,0,0.5489649772644043,0,0.8228159546852112,0,0.3420951068401336
0,0.0317746885120868,0,0.4965911209583282,0,0.5337520837783813,0,0.0253109876066446
0,0.006792202591896,0,0.4560692608356476,0,0.414030522108078,0,0.8807464838027954
0,0.4208289086818695,0,0.658074140548706,0,0.8139865398406982,0,0.2512836754322052
0,0.0014178635319694,0,0.0533560216426849,0,0.0041119419038295,0,0.0078819366171956
0,0.0002452660992275,0,0.0365981794893741,0,0.0084208250045776,0,0.0010396022116765
0,0.001156750600785,0,0.0853218212723732,0,0.1648280620574951,0,0.0041801217012107
0,0.0014823392266407,0,0.0032452754676342,0,0.0019118019845336,0,3.294202906545252e-05
0,0.9730387330055236,0,0.4557187855243683,0,0.4110367000102997,0,0.1017818376421928
0,0.2968121767044067,0,0.0436917692422866,0,0.009335171431303,0,0.1689903289079666
0,0.3496286273002624,0,0.1035328432917594,0,0.0321009084582328,0,0.3037935197353363
0,0.2730019390583038,0,0.0312619432806968,0,0.0112138427793979,0,0.087256483733654
0,0.6312897801399231,0,0.2558215856552124,0,0.9284854531288148,0,0.9925069212913512
0,0.0134953120723366,0,0.0337810851633548,0,0.1788481473922729,0,0.1693727523088455
0,0.2151761054992675,0,0.0449689328670501,0,0.2803563177585602,0,0.1674521118402481
0,0.0082774320617318,0,0.0670244023203849,0,0.017322426661849,0,0.0047562858089804
0,0.000754605513066,0,0.1737561523914337,0,0.0073235440067946,0,0.0036866003647446
0,0.0051698246970772,0,0.3307595252990722,0,0.034844696521759,0,0.0747036859393119
0,0.000100710451079,0,0.004200663883239,0,0.0120863486081361,0,0.0003247093700338
0,0.0084683941677212,0,0.0315414704382419,0,0.0065839770250022,0,0.0147291384637355
0,0.030465692281723,0,0.1439286172389984,0,0.0697076916694641,0,0.0433162450790405
0,0.0015912767266854,0,0.011592673137784,0,0.0221825055778026,0,0.0196228995919227
0,0.0100867534056305,0,0.0341863557696342,0,0.0182888973504304,0,0.0124718872830271
0,0.0013316820841282,0,0.0269010998308658,0,0.0648407414555549,0,0.0325598418712616
0,0.0396674051880836,0,0.0049865902401506,0,0.0025284942239522,0,0.0008453477057628
0,0.011626006104052,0,0.0044640698470175,0,0.0029162364080548,0,0.0012604269431903
0,0.0060865217819809,0,0.0055702710524201,0,0.0016454714350402,0,0.0013818152947351
0,0.0091571975499391,0,0.0058062081225216,0,0.0025042837951332,0,0.0023534544743597
0,0.0001221978891408,0,0.0019113109447062,0,0.0060937399975955,0,0.0021855211816728
0,7.812972762621939e-05,0,0.0016709442716091,0,0.0051732817664742,0,0.0007166461437009
0,0.0001201637496706,0,0.0031980841886252,0,0.0007949989521875,0,0.0002478965907357
0,0.0015610385453328,0,0.1420364826917648,0,0.006090641953051,0,0.0358646251261234
0,8.26595351099968e-05,0,0.1620253473520279,0,0.0148815410211682,0,0.0078087812289595
0,0.0054792123846709,0,0.1992973685264587,0,0.0046571851707994,0,0.1024462580680847
0,0.0001755832781782,0,0.0865089893341064,0,0.0226765107363462,0,0.0595619231462478
0,0.00027967049391,0,0.0017462166724726,0,0.0007560080266557,0,0.000655258714687
0,0.0011455030180513,0,0.009623416699469,0,0.0147719578817486,0,0.0049207848496735
0,4.5831424358766526e-05,0,0.000721993332263,0,0.0007075803005136,0,0.0001072290469892
0,0.0005845465930178,0,0.0070110252127051,0,0.0163533389568328,0,0.0018907341873273
0,0.0001190073598991,0,0.0007812931435182,0,0.0007801890023984,0,0.0003304241690784
0,0.0003412398509681,0,0.0066303629428148,0,0.0097499107941985,0,0.0011117596877738
0,0.0009096078574657,0,0.006503019016236,0,0.0016327238408848,0,0.0032479541841894
0,0.0001704529277049,0,0.0427728332579135,0,0.0328812561929225,0,0.0035174952354282
0,0.0124112712219357,0,0.0101181454956531,0,0.002378596458584,0,0.0087033128365874
0,0.0001449227565899,0,0.000716111564543,0,0.0063210101798176,0,8.381329826079309e-05
0,0.0003747656010091,0,0.040165863931179,0,0.0276343580335378,0,0.0052519813179969
0,0.0016981359804049,0,0.0053872060962021,0,0.0036370062734931,0,0.0012573178391903
0,0.0007482275250367,0,0.1125354096293449,0,0.0482590720057487,0,0.0054117739200592
0,0.0002847382856998,0,0.0033389804884791,0,0.006861113011837,0,0.0009654072346165
0,0.0010487029794603,0,0.0028100663330405,0,0.0034283201675862,0,0.0004662207793444
0,0.0001059014175552,0,0.0064983959309756,0,0.0052583022043108,0,0.0004294363898225
0,5.5166343372548e-05,0,0.0460340678691864,0,0.0030574288684874,0,0.0002879638341255
0,3.128148819087073e-05,0,0.0179002862423658,0,0.0035487150307744,0,0.0001400839100824
0,0.0004016427847091,0,0.0128326872363686,0,0.0068096695467829,0,0.0001285395264858
0,0.9614256620407104,0,0.9498262405395508,0,0.309796005487442,0,0.8456135988235474
0,0.9710615277290344,0,0.9345974922180176,0,0.9673141241073608,0,0.9624189138412476
0,0.9705885052680968,0,0.9270036220550536,0,0.92138934135437,0,0.975342094898224
0,0.0020219946745783,0,0.0086597269400954,0,0.0166608821600675,0,0.0039998888969421
0,0.0016834457637742,0,0.3980538249015808,0,0.4948113560676574,0,0.920146942138672
0,0.0003039150906261,0,0.3040117621421814,0,0.0101124150678515,0,0.1190782040357589
0,0.0028254124335944,0,0.004253948573023,0,0.0111273219808936,0,0.004337090998888
0,0.005456272047013,0,0.3136310279369354,0,0.0539726726710796,0,0.2177827507257461
0,0.0001661022834014,0,0.162262350320816,0,0.0665346905589103,0,0.1474791318178177
0,0.0035596273373812,0,0.0062364670448005,0,0.005196716170758,0,0.0096169244498014
0,0.0004326892085373,0,0.1730328649282455,0,0.0735694840550422,0,0.0122747439891099
0,0.0011442172108218,0,0.2384263277053833,0,0.0862685069441795,0,0.3342053592205047
0,0.9354644417762756,0,0.3379819095134735,0,0.0295596644282341,0,0.1599481552839279
0,0.0199245009571313,0,0.1376326531171798,0,0.6208829283714294,0,0.0358796156942844
0,0.0037775179371237,0,0.0051041217520833,0,0.0055202920921146,0,0.0024999089073389
0,0.0701818987727165,0,0.1730679422616958,0,0.6273264288902283,0,0.1055467277765274
0,0.0025996926706284,0,0.0050187273882329,0,0.0093480618670582,0,0.0012231807922944
0,0.0106631349772214,0,0.113600842654705,0,0.4995525181293487,0,0.0145282987505197
0,0.0007071626605466,0,0.0041848681867122,0,0.0037612626329064,0,0.0015897154808044
0,0.0001473612064728,0,0.0009637626935727,0,0.0009422845905646,0,8.49449061206542e-05
0,0.0003262394748162,0,0.0006448759231716,0,0.0019821582827717,0,9.480091830482706e-05
0,0.0003731126198545,0,0.0012594836298376,0,0.0020967796444892,0,0.0002961055433843
0,0.0001623492426006,0,0.0013287010369822,0,0.0062700598500669,0,5.254237476037815e-05
0,0.8550829291343689,0,0.4097461998462677,0,0.4221069514751434,0,0.1520598977804184
0,0.3917759656906128,0,0.6034258604049683,0,0.377018928527832,0,0.3870643377304077
0,0.0486092381179332,0,0.1347306072711944,0,0.0906989425420761,0,0.9743859767913818
0,0.0165134724229574,0,0.2760215699672699,0,0.3270885050296783,0,0.0662998482584953
0,0.9274702072143556,0,0.4320799708366394,0,0.4229390323162079,0,0.7734974026679993
0,0.2925340831279754,0,0.1827024966478347,0,0.0754012987017631,0,0.9616390466690063
0,0.0626476854085922,0,0.3023662567138672,0,0.0632279813289642,0,0.0461674742400646
0,0.0002868844603653,0,0.0091539705172181,0,0.0006883111782371,0,0.0001103819013223
0,0.9091488122940063,0,0.532962441444397,0,0.7109977006912231,0,0.6583636999130249
0,0.2306986451148986,0,0.2432536482810974,0,0.2520012855529785,0,0.96736878156662
0,0.1023510098457336,0,0.1593041867017746,0,0.1079073399305343,0,0.0504056252539157
0,0.0002749774721451,0,0.0024064001627266,0,0.0010900269262492,0,0.0001619165414012
0,0.1191303431987762,0,0.1725323498249054,0,0.0866234451532363,0,0.7365751266479492
0,0.0007298357086256,0,0.0105122933164238,0,0.0061960108578205,0,0.0138042876496911
1,0.7193298935890198,1,0.5911892056465149,1,0.890489399433136,1,0.5097392797470093
1,0.9277762770652772,1,0.8272005915641785,1,0.954532027244568,1,0.6425397992134094
1,0.8762561082839966,1,0.7367878556251526,1,0.8385983109474182,1,0.8365652561187744
1,0.9123421907424928,1,0.74006587266922,1,0.987269639968872,1,0.9264845848083496
1,0.8209299445152283,1,0.8618543744087219,1,0.9752755165100098,1,0.9671423435211182
1,0.956888735294342,1,0.9427248239517212,1,0.9750856161117554,1,0.969224750995636
1,0.8486470580101013,1,0.6050362586975098,1,0.981759786605835,1,0.9915868043899536
1,0.8731753826141357,1,0.7919784188270569,1,0.998546540737152,1,0.9790255427360536
1,0.8061914443969727,1,0.0472879372537136,1,0.8592604398727417,1,0.995915710926056
1,0.8024870157241821,1,0.6140207052230835,1,0.7246984243392944,1,0.3378835916519165
1,0.0697254836559295,1,0.0717333108186721,1,0.0129395024850964,1,0.0153466761112213
1,0.9567224979400636,1,0.3092221617698669,1,0.4348195195198059,1,0.3912902176380157
1,0.0101605039089918,1,0.0223832000046968,1,0.0143869053572416,1,0.0050259977579116
1,0.7146622538566589,1,0.5546733736991882,1,0.8784634470939636,1,0.7810621857643127
1,0.9258707761764526,1,0.6097027063369751,1,0.920354187488556,1,0.9710513949394226
1,0.9476889371871948,1,0.6013495326042175,1,0.740464985370636,1,0.9419869780540466
1,0.9476811289787292,1,0.725843608379364,1,0.323316752910614,1,0.262858122587204
1,0.9496926665306092,1,0.6642235517501831,1,0.906403124332428,1,0.6436547636985779
1,0.9754527807235718,1,0.7908254265785217,1,0.5711172819137573,1,0.9665277004241944
1,0.7670095562934875,1,0.8353803753852844,1,0.9416016936302184,1,0.3876305222511291
1,0.212602213025093,1,0.7396731972694397,1,0.762434720993042,1,0.0833362266421318
1,0.899607241153717,1,0.8525265455245972,1,0.990326464176178,1,0.6651552319526672
1,0.146720215678215,1,0.2547364830970764,1,0.0672242939472198,1,0.2806721925735473
1,0.8551179766654968,1,0.839718222618103,1,0.8626829981803894,1,0.5284929275512695
1,0.9124536514282228,1,0.9150792956352234,1,0.9552946090698242,1,0.9966675639152528
1,0.0860758647322654,1,0.0822321325540542,1,0.0713532641530036,1,0.031984556466341
1,0.9992952346801758,1,0.9227418303489684,1,0.9974072575569152,1,0.99689519405365
0,0.8327729105949402,0,0.117436796426773,0,0.358358085155487,0,0.1396472305059433
0,0.003611976513639,0,0.0100911585614085,0,0.0046998797915875,0,0.0003727341536432
0,0.0007858534809201,0,0.0020659901201725,0,0.0022623559925705,0,0.0003061835304833
0,0.0072195110842585,0,0.0016553230816498,0,0.0016124494140967,0,0.0024504784960299
0,0.0042227199301123,0,0.0101580917835235,0,0.0095082623884081,0,0.000338602811098
0,0.9757733941078186,0,0.5360255241394043,0,0.2803322970867157,0,0.9905306696891784
0,0.0011143914889544,0,0.0336240641772747,0,0.0090346373617649,0,0.0002332594740437
0,0.8664572834968567,0,0.1423593461513519,0,0.7165396213531494,0,0.9451280832290648
0,0.004850507248193,0,0.1191275417804718,0,0.0262138284742832,0,0.0033130524680018
0,0.00375572941266,0,0.0664936304092407,0,0.0225615967065095,0,0.0005047514569014
0,0.0053241560235619,0,0.0547646097838878,0,0.0398924425244331,0,0.0929434970021247
0,0.0138341737911105,0,0.0688185468316078,0,0.0074767838232219,0,0.0125242928043007
0,0.9326621890068054,0,0.5580748915672302,0,0.4381588399410248,0,0.9878194332122804
0,0.0030262132640928,0,0.1111769899725914,0,0.0480569787323474,0,0.0003732887271326
0,0.0460939854383468,0,0.2708857953548431,0,0.1602383852005005,0,0.6998358368873596
0,0.2569437623023987,0,0.0170155987143516,0,0.0079935817047953,0,0.0021736565977334
0,0.0366320796310901,0,0.0376941747963428,0,0.024313410744071,0,0.0013538050698116
0,0.0084852706640958,0,0.0302496757358312,0,0.021999841555953,0,0.0018682496156543
0,0.2583557963371277,0,0.0169584043323993,0,0.0060903071425855,0,0.0025633641052991
0,0.0127090783789753,0,0.0033506653271615,0,0.0035587397869676,0,0.0241563580930233
0,0.6927621364593506,0,0.380263477563858,0,0.1119404733180999,0,0.0345057658851146
0,0.8111756443977356,0,0.5859752893447876,0,0.0346194021403789,0,0.009513952769339
0,0.9587668776512146,0,0.6863980293273926,0,0.4941782057285309,0,0.8965898156166077
0,0.0047918893396854,0,0.0069527351297438,0,0.0059589161537587,0,0.0003615460882429
0,0.7316310405731201,0,0.3689382374286651,0,0.2651082873344421,0,0.1143516674637794
0,0.964236855506897,0,0.7165467143058777,0,0.3233213424682617,0,0.0862701013684272
0,0.3803686797618866,0,0.1138746738433837,0,0.146146148443222,0,0.2659378051757812
0,0.4323162734508514,0,0.109784796833992,0,0.1302664875984192,0,0.0486365556716918
0,0.0187983475625515,0,0.5383423566818237,0,0.0301878210157156,0,0.3356737196445465
0,0.0015876943944022,0,0.0020159282721579,0,0.0020283395424485,0,0.0045510404743254
0,0.0023204651661217,0,0.0026531564071774,0,0.0016839017625898,0,0.0021936900448054
0,0.0004964238032698,0,0.047390017658472,0,0.0027823969721794,0,0.0018931291997432
0,0.0013249656185507,0,0.0174794029444456,0,0.0015299830120056,0,0.0007977194036357
0,0.195292443037033,0,0.1177330911159515,0,0.2518956661224365,0,0.0021224408410489
0,2.443357698211912e-05,0,0.004048008006066,0,0.0015131342224776,0,5.440276072476991e-05
0,0.000621493498329,0,0.0124427247792482,0,0.0028929214458912,0,0.0004271020297892
0,0.000317213794915,0,0.0083981808274984,0,0.008907563984394,0,0.0367557369172573
0,0.0002731718413997,0,0.007617060560733,0,0.0050898622721433,0,0.0056146695278584
0,0.001686270465143,0,0.0151678584516048,0,0.0032425788231194,0,0.0341382957994937
0,6.006752300891094e-05,0,0.0019366659689694,0,0.0023053598124533,0,0.0009946812642738
0,0.0046358834952116,0,0.0149258766323328,0,0.0036270874552428,0,0.0016392908291891
0,0.0262647364288568,0,0.0203280989080667,0,0.0074817603453993,0,0.3516267240047455
0,0.0011565429158508,0,0.0134757785126566,0,0.0045594545081257,0,0.0505726225674152
0,0.0006056264974176,0,0.0040477104485034,0,0.0029911275487393,0,0.0013454093132168
0,1.5281506421160884e-05,0,0.001525119645521,0,0.0076399683021008,0,0.0005599413998425
0,0.0004037539765704,0,0.0120573118329048,0,0.0027063810266554,0,0.0002353127783862
0,0.0063627324998378,0,0.0173749160021543,0,0.0280185025185346,0,0.0022868230007588
0,0.9592067003250122,0,0.5746716260910034,0,0.4184556007385254,0,0.8539640307426453
0,0.0053331386297941,0,0.0126565201207995,0,0.0043836766853928,0,0.0210027769207954
0,0.0001801667385734,0,0.1025219485163688,0,0.2584328949451446,0,0.0137689597904682
0,0.1402235329151153,0,0.2657561898231506,0,0.1455173194408416,0,0.3838623166084289
0,0.0058460044674575,0,0.0174746792763471,0,0.006088760215789,0,0.0052862660959362
0,0.0007152007310651,0,0.1676805764436721,0,0.2508853673934936,0,0.0052461377345025
0,0.0001613901404198,0,0.0747413337230682,0,0.0179403405636549,0,0.0071927080862224
0,0.0039483183063566,0,0.0098981950432062,0,0.0012168299872428,0,0.0039166314527392
0,0.0011201889719814,0,0.0057927854359149,0,0.0022088342811912,0,0.0011031032772734
0,0.0048363036476075,0,0.0098399790003895,0,0.0013709134655073,0,0.0051688221283257
0,0.0002622770552989,0,0.0024277279153466,0,0.0012510652886703,0,0.0024060211144387
0,0.0001875309826573,0,0.0029002784285694,0,0.0009703970863483,0,0.0008471939363516
0,0.0028055510483682,0,0.007136998232454,0,0.0047148191370069,0,0.0011307945242151
0,0.0001340088056167,0,0.001884049270302,0,0.0032035338226705,0,0.0002886595611926
0,2.8611158995772712e-05,0,0.0032673794776201,0,0.0032138084061443,0,0.0001629593898542
0,0.0139009598642587,0,0.0252805482596158,0,0.0211266167461872,0,0.0024033410008996
0,0.0001494250755058,0,0.0009653235320001,0,0.0060188868083059,0,0.0003243718238081
0,3.147812822135165e-05,0,0.0030276579782366,0,0.0030110531952232,0,0.0002081470884149
0,1.796021024347283e-05,0,0.0015894671669229,0,0.001788135850802,0,0.0012929085642099
0,0.0100542660802602,0,0.0112150805070996,0,0.0026290931273251,0,0.0048877079971134
0,0.0008232138352468,0,0.0035125983413308,0,0.0017465582350268,0,0.0008919978863559
0,0.0615109242498874,0,0.0110905803740024,0,0.0029840173665434,0,0.0056268703192472
0,0.0039280010387301,0,0.0052294712513685,0,0.0062492466531693,0,0.0019297318067401
0,0.9341622591018676,0,0.5426285862922668,0,0.0331873968243598,0,0.0251402836292982
0,0.0020866461563855,0,0.0159653685986995,0,0.0057695414870977,0,0.0025255733635276
0,0.0891769379377365,0,0.014377043582499,0,0.0014687427319586,0,0.0514567457139492
0,0.0862287133932113,0,0.0674884393811225,0,0.0043594194576144,0,0.0017978022806346
0,0.0061571840196847,0,0.104498915374279,0,0.0069309244863688,0,0.0011461519170552
0,0.0001848850224632,0,0.0067771426402032,0,0.0018664561212062,0,0.0005147308693267
0,0.8963505625724792,0,0.8025887608528137,0,0.7052654027938843,0,0.0331859104335308
0,0.7196268439292908,0,0.49466672539711,0,0.0558422580361366,0,0.0248698592185974
0,0.373921662569046,0,0.6561701893806458,0,0.030797179788351,0,0.0492806658148765
0,0.4281738400459289,0,0.3194615244865417,0,0.0223006531596183,0,0.1937104761600494
0,0.0446467511355876,0,0.600372314453125,0,0.5384166836738586,0,0.0812342092394828
0,0.2888269126415252,0,0.2912691831588745,0,0.057273332029581,0,0.023658512160182
0,3.467103306320496e-05,0,0.0050084684044122,0,0.0036550143267959,0,3.254648981965147e-05
0,0.0002648856025189,0,0.0122371995821595,0,0.0040986230596899,0,5.929250255576335e-05
0,0.0004700022400356,0,0.0189329180866479,0,0.0037828600034117,0,9.428001794731244e-05
0,0.0483598560094833,0,0.1760631799697876,0,0.2126192450523376,0,0.0300119053572416
0,0.0001714565732982,0,0.0057038734667003,0,0.0017160786082968,0,1.7281749023823068e-05
0,0.1242022067308425,0,0.2165787369012832,0,0.0169923026114702,0,0.0049420897848904
0,0.2163581252098083,0,0.3100497722625732,0,0.0034618291538208,0,0.0853548645973205
0,0.0018969742814078,0,0.1852748692035675,0,0.0191534589976072,0,0.0180143993347883
0,0.0016492562135681,0,0.0113336723297834,0,0.0060174008831381,0,0.0012115117860957
0,0.0006644836976192,0,0.0637906268239021,0,0.0056569301523268,0,0.0014696319121867
0,0.0005446263239718,0,0.0750574097037315,0,0.0071194334886968,0,0.0011979596456512
0,0.0415121242403984,0,0.0577892735600471,0,0.0066130398772656,0,0.0003411624638829
0,0.0004839209723286,0,0.0055066305212676,0,0.0125708244740962,0,0.0002107346954289
0,0.0012956809950992,0,0.0405530557036399,0,0.0047082942910492,0,0.0003429798816796
0,0.2819018065929413,0,0.7965530753135681,0,0.0310217980295419,0,0.0337060838937759
0,0.0018681412329897,0,0.0359333343803882,0,0.0008966325549408,0,0.0008509187027812
0,0.012816971167922,0,0.022759148851037,0,0.0012850556522607,0,0.0060759927146136
0,0.0058483742177486,0,0.269251674413681,0,0.0136769991368055,0,0.306749016046524
0,0.0032514266204088,0,0.2568927109241485,0,0.0157100930809974,0,0.0110306674614548
0,0.037099901586771,0,0.017120137810707,0,0.0337443277239799,0,0.0019460428738966
0,0.0012921028537675,0,0.0222062021493911,0,0.0066710924729704,0,0.0009128411766141
0,0.0022226115688681,0,0.0170408431440591,0,0.0070185847580432,0,0.0005197282880544
0,0.0192588679492473,0,0.0153032783418893,0,0.0088976109400391,0,0.0045809405855834
0,0.0671669542789459,0,0.0139752253890037,0,0.0216693803668022,0,0.0026948328595608
0,0.004864408634603,0,0.0050616259686648,0,0.0016141114756464,0,0.0022617338690906
0,0.0011542063439264,0,0.0244380850344896,0,0.0055284807458519,0,0.0003036515263374
0,0.0116982674226164,0,0.014158010482788,0,0.0100242495536804,0,0.0033183235209435
0,0.2495105564594268,0,0.0183737911283969,0,0.1822977513074875,0,0.0030148259829729
0,0.2195662856101989,0,0.0083643412217497,0,0.4120343029499054,0,0.0130243571475148
0,8.165547478711233e-05,0,0.0153330983594059,0,0.0047500375658273,0,0.0005923468270339
0,0.0094320829957723,0,0.023937938734889,0,0.002517897170037,0,0.0018406343879178
0,8.309571421705186e-05,0,0.0168830677866935,0,0.0045321197248995,0,0.0020688963122665
0,0.0517392456531524,0,0.0309036448597908,0,0.0031041984912008,0,0.0019013679120689
0,0.000142402932397,0,0.0291441511362791,0,0.0052535212598741,0,0.0059508658014237
0,0.1610608994960785,0,0.0359602905809879,0,0.0127034783363342,0,0.0361562632024288
0,1.968638207472395e-05,0,0.0016610499005764,0,0.0033140429295599,0,0.0008099839906208
0,0.0008792383596301,0,0.0047751450911164,0,0.0026412771549075,0,0.0074450206011533
0,0.0104163419455289,0,0.0123081812635064,0,0.001840750221163,0,0.0057065775617957
0,0.0002019285311689,0,0.0008615054539404,0,0.0053103533573448,0,0.0003044251643586
0,0.0156178474426269,0,0.0178585723042488,0,0.0018999993335455,0,0.0025653729680925
0,0.0007434130529873,0,0.002680052537471,0,0.0011585596948862,0,0.0049440618604421
0,6.666872195637552e-06,0,0.0011854654876515,0,0.0034682159312069,0,0.0003543589846231
0,0.0071508246473968,0,0.0120287127792835,0,0.0032446230761706,0,0.0012994818389415
0,0.0018524508923292,0,0.0427276343107223,0,0.0080305468291044,0,0.0229358188807964
0,0.0022862278856337,0,0.0162738803774118,0,0.0043789031915366,0,0.0006644736276939
0,8.072799573710654e-06,0,0.0007577834767289,0,0.0023381984792649,0,0.0006413100054487
0,0.0009692655876278,0,0.1088226661086082,0,0.0079270368441939,0,0.0043752724304795
0,0.0005785972462035,0,0.0453910678625106,0,0.0070141330361366,0,0.0081212855875492
0,0.0015055148396641,0,0.0273462478071451,0,0.0073446198366582,0,0.0027179538737982
0,0.1517533212900161,0,0.5025845170021057,0,0.2463353723287582,0,0.7114297151565552
0,0.0153839290142059,0,0.0511089339852333,0,0.0052835862152278,0,0.0288580190390348
0,0.0002739237097557,0,0.0048894616775214,0,0.0137611664831638,0,0.0050042332150042
0,0.0045786425471305,0,0.0294254291802644,0,0.0434347912669181,0,0.0019139525247737
0,0.0001452969008823,0,0.1285670697689056,0,0.0439631529152393,0,0.0037471416871994
0,0.0003261701203882,0,0.1367931067943573,0,0.0951344668865203,0,0.0096983183175325
0,0.0001774467527866,0,0.160758301615715,0,0.0609216131269931,0,0.0091852014884352
0,0.0011933719506487,0,0.2330101877450943,0,0.0502255633473396,0,0.0242442339658737
0,0.0177842210978269,0,0.0396414697170257,0,0.0076716439798474,0,0.0005300468183122
0,0.2623847126960754,0,0.4435928463935852,0,0.1648942232131958,0,0.0331111252307891
0,0.0009561340557411,0,0.2442513108253479,0,0.0929599329829216,0,0.0131982630118727
0,0.0012372949859127,0,0.0227784756571054,0,0.0032958665397018,0,0.0014418755890801
0,0.5273813605308533,0,0.0292405970394611,0,0.0397995673120021,0,0.0352299399673938
0,0.0072466162964701,0,0.200103148818016,0,0.1193591356277465,0,0.0311406888067722
0,0.0052068773657083,0,0.0139196328818798,0,0.0035451436415314,0,0.0006378538091666
0,0.0028351694345474,0,0.0029820066411048,0,0.0202728472650051,0,0.0064617935568094
0,0.9160155057907104,0,0.8304059505462646,0,0.99073326587677,0,0.984747052192688
0,0.93303644657135,0,0.6124143600463867,0,0.70587557554245,0,0.9055340886116028
0,0.9176839590072632,0,0.5975478291511536,0,0.9204846024513244,0,0.9252392053604126
0,0.0063699083402752,0,0.0522011257708072,0,0.003151521552354,0,0.0026255946140736
0,0.0015930534573271,0,0.0713623613119125,0,0.0068903849460184,0,0.0037250819150358
0,0.0073206536471843,0,0.0021706644911319,0,0.0145329153165221,0,0.0040457150898873
0,0.0566705092787742,0,0.0034452101681381,0,0.0128617007285356,0,0.0050380011089146
0,0.0073004579171538,0,0.0033685425296425,0,0.0239955764263868,0,0.0113287465646862
0,0.0065982490777969,0,0.0040193465538322,0,0.0218422748148441,0,0.0247005801647901
0,0.0061903754249215,0,0.0551413968205452,0,0.0249935407191514,0,0.0261753145605325
0,0.1220975145697593,0,0.1298703700304031,0,0.0036476848181337,0,0.0990215390920639
0,0.481803297996521,0,0.4053851068019867,0,0.0111904758960008,0,0.036270473152399
0,0.0058684591203927,0,0.0223162993788719,0,0.0013999223010614,0,0.0007513941382057
0,0.0008646568167023,0,0.0090573821216821,0,0.0027681037317961,0,0.0004920681240037
0,0.1490254551172256,0,0.4546315670013428,0,0.0053646136075258,0,0.7530858516693115
0,0.0099521549418568,0,0.0580186806619167,0,0.0272198542952537,0,0.0146397734060883
0,0.0288017001003026,0,0.0675684064626693,0,0.0042407028377056,0,0.0074595175683498
0,0.0019592880271375,0,0.0061013116501271,0,0.0007205042638815,0,0.0003520515747368
0,0.0009462062153033,0,0.0074458918534219,0,0.0018043520394712,0,0.0013798834988847
0,0.5747135281562805,0,0.0635523796081543,0,0.001533773378469,0,0.8303660750389099
0,0.0012590278638526,0,0.0155621841549873,0,0.0055359438993036,0,0.0383617654442787
0,0.1962407082319259,0,0.1671428829431533,0,0.1286042183637619,0,0.0335803963243961
0,0.1257065087556839,0,0.0615391470491886,0,0.0081519447267055,0,0.0064717293716967
0,0.0005683426279574,0,0.0042180027812719,0,0.0014844163088127,0,0.0002927190507762
0,0.0007789636729285,0,0.0051110005006194,0,0.0028552075382322,0,0.0008671080577187
0,0.002072142669931,0,0.0579838417470455,0,0.0078140581026673,0,0.2529655992984772
0,0.427278608083725,0,0.2535406947135925,0,0.2746402025222778,0,0.273061990737915
0,0.0055517093278467,0,0.2297410070896148,0,0.0133471768349409,0,0.0237173605710268
0,0.0016918731853365,0,0.0817060992121696,0,0.0306857861578464,0,0.0031376173719763
0,0.0001125490816775,0,0.0069991671480238,0,0.0036194112617522,0,0.0018222470534965
0,0.0002494405198376,0,0.0091958353295922,0,0.0064011458307504,0,0.0008502098498865
0,0.0979848057031631,0,0.157329648733139,0,0.0058313845656812,0,0.1723705232143402
0,0.0932963639497757,0,0.738681435585022,0,0.0949847102165222,0,0.0089441696181893
0,0.9827463626861572,0,0.8859251141548157,0,0.9845549464225768,0,0.9893486499786376
0,0.9580496549606324,0,0.8218729496002197,0,0.949733316898346,0,0.8937742114067078
0,9.91540655377321e-05,0,0.0136456433683633,0,0.0012576520675793,0,0.0028536177705973
0,0.0024458868429064,0,0.0773580595850944,0,0.0206697098910808,0,0.0021541703026741
0,4.397408702061512e-05,0,0.002256098203361,0,0.0034704166464507,0,0.0007323396857827
0,0.0256421100348234,0,0.2389366030693054,0,0.3144832551479339,0,0.0924583226442337
0,0.0020670895464718,0,0.0476765222847461,0,0.002158427145332,0,0.002876216545701
0,0.0002699520555324,0,0.0036697338800877,0,0.0045927409082651,0,0.0007155930506996
0,0.0081262998282909,0,0.2131364941596985,0,0.0219502318650484,0,0.0079027591273188
0,0.0027426003944128,0,0.1882853955030441,0,0.039136953651905,0,0.0103336963802576
0,0.0016135182231664,0,0.0487746186554431,0,0.0130667192861437,0,0.0008991803624667
0,0.0961042046546936,0,0.2447227984666824,0,0.0085297850891947,0,0.0353108532726764
0,0.0054396926425397,0,0.0075661400333046,0,0.0141537236049771,0,0.0081194341182708
0,0.0148421237245202,0,0.2790760099887848,0,0.1646259278059005,0,0.0356926620006561
0,5.680505637428723e-05,0,0.0048913462087512,0,0.0057957302778959,0,0.0001460251223761
0,0.0001549381850054,0,0.0061438023112714,0,0.004330585245043,0,0.0844047740101814
0,0.000576360092964,0,0.004535989370197,0,0.0046451827511191,0,0.001382311573252
0,0.1332287341356277,0,0.1416434496641159,0,0.0763626173138618,0,0.0046466160565614
0,0.0018766552675515,0,0.016309605911374,0,0.003699492663145,0,0.0004209380131214
0,0.0021272546146064,0,0.0141868963837623,0,0.0031417680438607,0,0.0009405190357938
0,0.6682320833206177,0,0.078664906322956,0,0.0543162859976291,0,0.3081400692462921
0,0.000106186584162,0,0.0131230503320693,0,0.0081807915121316,0,0.0079801762476563
0,0.0001044203454512,0,0.0079140160232782,0,0.002367413137108,0,0.0001363108312943
0,0.0923809856176376,0,0.3029280304908752,0,0.0480369664728641,0,0.0043990244157612
0,0.0012559604365378,0,0.0145199308171868,0,0.0073735206387937,0,0.0006192355067469
0,0.0729603618383407,0,0.1421978920698166,0,0.047718558460474,0,0.0234108623117208
0,0.0002095601375913,0,0.0066831517033278,0,0.0012251711450517,0,0.0002832091704476
0,0.0047113429754972,0,0.0676815286278724,0,0.0158812496811151,0,0.0017081673722714
0,0.0001864914083853,0,0.0278286542743444,0,0.0068094753660261,0,0.0135709550231695
0,0.0010412213159725,0,0.0165700446814298,0,0.0036757257767021,0,0.0003664550022222
0,4.955063195666298e-05,0,0.0029716414865106,0,0.0005240805912762,0,4.281895235180855e-05
0,0.040620569139719,0,0.0406533256173133,0,0.0151845850050449,0,0.0112332478165626
0,0.0013167753349989,0,0.0149597562849521,0,0.0219934470951557,0,0.0001942318631336
0,8.074966171989217e-05,0,0.0062521016225218,0,0.0007192128105089,0,0.0001557592768222
0,0.0297257043421268,0,0.1539913117885589,0,0.0111892046406865,0,0.0077873417176306
0,0.000371322967112,0,0.0434038937091827,0,0.0344647504389286,0,0.0004253551014699
0,0.5978044867515564,0,0.1373911052942276,0,0.6884323954582214,0,0.0471328608691692
0,0.0063730929978191,0,0.0531154237687587,0,0.009709246456623,0,0.0072610420174896
0,0.007236726116389,0,0.0251180473715066,0,0.0111425006762146,0,0.0015295299235731
0,6.61282756482251e-05,0,0.0336030200123786,0,0.0030041416175663,0,8.75631085364148e-05
0,0.0001295874390052,0,0.0078611718490719,0,0.0022585347760468,0,0.0030894249211996
0,0.0342178791761398,0,0.0271004382520914,0,0.0014366125687956,0,0.0567404739558696
0,0.8060263395309448,0,0.4391275942325592,0,0.2978335916996002,0,0.1465551555156707
0,0.0016773270908743,0,0.0031081351917237,0,0.0627673417329788,0,0.0141501789912581
0,0.0004406307998578,0,0.0012043964816257,0,0.007805386558175,0,0.0012481154408305
0,0.000398683885578,0,0.0041382573544979,0,0.0121041433885693,0,0.0010864767245948
0,0.0007029383559711,0,0.006389264948666,0,0.0080991638824343,0,0.0012825105804949
0,0.0011236040154471,0,0.0407432690262794,0,0.0188930910080671,0,0.0326693579554557
0,0.0028387359343469,0,0.0051707718521356,0,0.0046026702038943,0,0.0007784916670061
0,0.0114356512203812,0,0.0107581010088324,0,0.0082964887842535,0,0.0011949348263442
0,4.93495499540586e-05,0,0.000723919016309,0,0.0016108143609017,0,0.0003590270935092
0,0.0003214104799553,0,0.0150853684172034,0,0.0050716833211481,0,0.0006401949212886
0,0.000223968134378,0,0.010921936482191,0,0.0006674012984149,0,0.0036678586620837
0,0.0033710359130054,0,0.0189150944352149,0,0.0326190814375877,0,0.0009915526024997
0,0.0149174025282263,0,0.2235784232616424,0,0.0335026793181896,0,0.2029105126857757
0,1.419596628693398e-05,0,0.0070051550865173,0,0.0007467462564818,0,0.0001255415845662
0,6.77822099532932e-05,0,0.0072271269746124,0,0.0015763667179271,0,0.0011543916771188
0,0.0105231115594506,0,0.2745470106601715,0,0.0248518493026494,0,0.163540780544281
0,0.6995200514793396,0,0.2412033826112747,0,0.0970660522580146,0,0.0027081936132162
0,0.4075400829315185,0,0.3071519136428833,0,0.2319318354129791,0,0.1125837713479995
0,0.0359020642936229,0,0.0538026168942451,0,0.0174723956733942,0,0.0058776824735105
0,1.7077058146242052e-05,0,0.0087711745873093,0,0.0008020706591196,0,0.0002931757189799
0,0.0602235458791255,0,0.1676762998104095,0,0.1312879472970962,0,0.4337127208709717
0,0.00269933976233,0,0.0228573977947235,0,0.000815829145722,0,0.0010166061110794
0,0.0100255468860268,0,0.0310983676463365,0,0.0005279293400235,0,0.0017630937509238
0,0.0009202900109812,0,0.0095561258494853,0,0.0020845693070441,0,0.0007007963140495
0,0.0062629454769194,0,0.1158106327056884,0,0.0025063070934265,0,0.0017016844358295
1,0.7907171249389648,1,0.5733848810195923,1,0.6388393044471741,1,0.9653959274291992
1,0.0672873482108116,1,0.7322905659675598,1,0.8746038675308228,1,0.4164272844791412
1,0.9861613512039183,1,0.594248354434967,1,0.794689953327179,1,0.5454643964767456
1,0.9531344771385192,1,0.7358171939849854,1,0.2332662791013717,1,0.9850858449935912
1,0.9493112564086914,1,0.7132834792137146,1,0.9293956756591796,1,0.98622465133667
1,0.0060020084492862,1,0.0508961752057075,1,0.1075598821043968,1,0.0021633491851389
1,0.0029254034161567,1,0.0360455177724361,1,0.0333718247711658,1,0.0040876464918255
1,0.0159138944000005,1,0.1578502357006073,1,0.1703599840402603,1,0.0033707174006849
1,0.1707009226083755,1,0.6554533243179321,1,0.8580860495567322,1,0.1343111991882324
1,0.974964678287506,1,0.8680402040481567,1,0.9483441710472108,1,0.7374825477600098
1,0.9010558128356934,1,0.8787667155265808,1,0.8020237684249878,1,0.9099383354187012
1,0.2824947834014892,1,0.5822268128395081,1,0.8997050523757935,1,0.2542239427566528
1,0.8903614282608032,1,0.6598763465881348,1,0.9696375727653505,1,0.9963467717170716
1,0.0088290711864829,1,0.2857716381549835,1,0.0242774579674005,1,0.0915241166949272
1,0.969637095928192,1,0.8700291514396667,1,0.9866495728492736,1,0.9920575022697448
1,0.9975117444992064,1,0.7605369091033936,1,0.9783676266670228,1,0.995686948299408
1,0.9303611516952516,1,0.6175994873046875,1,0.3238795399665832,1,0.9832682013511658
1,0.9896401166915894,1,0.8512356281280518,1,0.8786593079566956,1,0.9555243849754332
1,0.0030104939360171,1,0.1456826329231262,1,0.0736275166273117,1,0.00775737920776
1,0.0582416541874408,1,0.327302873134613,1,0.8996635675430298,1,0.0362845622003078
1,0.6695934534072876,1,0.6900148987770081,1,0.0371599905192852,1,0.0018615376902744
0,0.0023930305615067,0,0.0313989520072937,0,0.009229184128344,0,0.0089509561657905
0,0.0005779289640486,0,0.0346635915338993,0,0.0020902177784591,0,0.0013052939902991
0,0.4476394653320312,0,0.0426971167325973,0,0.0032014350872486,0,0.0386629924178123
0,0.1802118867635727,0,0.0809872150421142,0,0.0032118996605277,0,0.0512388311326503
0,0.0017686260398477,0,0.0089961905032396,0,0.0036083420272916,0,0.0033720533829182
0,0.0006127914530225,0,0.0285345371812582,0,0.021450113505125,0,0.0058647822588682
0,0.0022230399772524,0,0.0099086407572031,0,0.0187338348478078,0,0.0014600104186683
0,0.0446970537304878,0,0.0274122897535562,0,0.0089635495096445,0,0.0018089362420141
0,0.0008685895008966,0,0.0072312643751502,0,0.0010806759819388,0,0.0002338466874789
0,0.9296191334724426,0,0.1085528135299682,0,0.1065243333578109,0,0.6720535755157471
0,0.0437821708619594,0,0.287495344877243,0,0.0453886799514293,0,0.0201057866215705
0,0.1021995246410369,0,0.3097814917564392,0,0.151812806725502,0,0.0648422166705131
0,0.0064302561804652,0,0.1081691682338714,0,0.1238003373146057,0,0.0098150251433253
0,0.0071918405592441,0,0.1839034408330917,0,0.0497403629124164,0,0.0049568186514079
0,0.9003093242645264,0,0.7450079917907715,0,0.9223645925521852,0,0.914539873600006
0,0.90546452999115,0,0.7951704263687134,0,0.6001937985420227,0,0.5546829104423523
0,0.324161171913147,0,0.7956210970878601,0,0.6567108631134033,0,0.4675207138061523
0,0.0097540048882365,0,0.1521561592817306,0,0.2440614253282547,0,0.0371765978634357
0,0.0014127492904663,0,0.0767214223742485,0,0.2649887800216675,0,0.131046324968338
0,0.5070173144340515,0,0.2024065852165222,0,0.0094283008947968,0,0.0039765699766576
0,0.0140642616897821,0,0.0295133553445339,0,0.0149343404918909,0,0.0217228103429079
0,1.3688665603694972e-05,0,0.0050255469977855,0,0.0019948463886976,0,0.0002477607340551
0,0.0016695624217391,0,0.0112871853634715,0,0.0026216367259621,0,0.0043182969093322
0,0.257854551076889,0,0.1335754692554474,0,0.4760859608650207,0,0.0150370830669999
0,0.002676703967154,0,0.0516609512269496,0,0.0126198381185531,0,0.0093379504978656
0,0.0001168285089079,0,0.0160300265997648,0,0.0043499609455466,0,0.0018505291081964
0,0.0072202701121568,0,0.1849898248910904,0,0.0146508729085326,0,0.009851879440248
0,0.0023565241135656,0,0.0409716442227363,0,0.0058300253003835,0,0.000836223422084
0,0.0031836533453315,0,0.0768542736768722,0,0.0355971679091453,0,0.0004342219617683
0,0.0009882992599159,0,0.0473879054188728,0,0.004462122451514,0,0.0006915490375831
0,0.0100537361577153,0,0.0112703246995806,0,0.0100873485207557,0,0.0005528068286366
0,0.000719339295756,0,0.0501886382699012,0,0.0022249803878366,0,0.0013804421760141
0,0.4815843999385834,0,0.0150204841047525,0,0.0160827599465847,0,0.00526351807639
0,0.5572692155838013,0,0.569425642490387,0,0.6312545537948608,0,0.8985694050788879
0,0.5905050039291382,0,0.5532320737838745,0,0.8963413834571838,0,0.8914389610290527
0,0.0108290370553731,0,0.0752792358398437,0,0.0311702527105808,0,0.0166976395994424
0,0.0077980039641261,0,0.0115054370835423,0,0.0040459847077727,0,0.0099471053108572
0,7.204511348390952e-05,0,0.0005492799100466,0,0.0017451620660722,0,0.0067498562857508
0,0.0017817646730691,0,0.004298485815525,0,0.0064941900782287,0,0.0006663789972662
0,0.0004283068119548,0,0.0004691741487476,0,0.0026674326509237,0,0.0035515269264578
0,0.0005282711354084,0,0.0067652929574251,0,0.0010851154802367,0,0.0027468539774417
0,0.0005553695955313,0,0.0004673180228564,0,0.0025445783976465,0,0.0035981880500912
0,0.0004017718310933,0,0.0004180529504083,0,0.0078303236514329,0,0.0009055819245986
0,0.0004338328144513,0,0.00251270015724,0,0.0060385228134691,0,0.0005065181176178
0,0.0001233350485563,0,0.0005594776012003,0,0.0031355957034975,0,8.023621921893209e-05
0,0.0024069107603281,0,0.0032224459573626,0,0.0019551205914467,0,0.0124060120433568
0,3.472241951385513e-05,0,0.0005048859748058,0,0.0018979370361194,0,0.0013314321404322
0,0.334073394536972,0,0.46756312251091,0,0.0779508352279663,0,0.6254263520240784
0,0.0009526222711429,0,0.0054644364863634,0,0.0048793656751513,0,0.0008886106079444
0,0.6355076432228088,0,0.5843292474746704,0,0.2667629420757293,0,0.7499083876609802
0,8.05744348326698e-05,0,0.0036323575768619,0,0.002176355337724,0,0.0020776460878551
0,0.0698603987693786,0,0.7035147547721863,0,0.1543900221586227,0,0.1905995160341262
0,0.6518097519874573,0,0.1503303349018097,0,0.0131053430959582,0,0.2318251281976699
0,0.8902709484100342,0,0.2715821862220764,0,0.123843528330326,0,0.2674893736839294
0,0.0262504834681749,0,0.0245245601981878,0,0.0780399069190025,0,0.0573722906410694
0,0.2587444484233856,0,0.0131349619477987,0,0.1506597697734832,0,0.0242748260498046
0,0.9302738904953004,0,0.0979940816760063,0,0.1784754693508148,0,0.9299712181091307
0,0.356450080871582,0,0.7708200812339783,0,0.1876504868268966,0,0.074554443359375
0,0.000112348665425,0,0.005288909189403,0,0.002336599631235,0,0.0028191937599331
0,0.0002941205748356,0,0.0020087116863578,0,0.0011210184311494,0,0.0009136669686995
0,0.0119720352813601,0,0.0627858713269233,0,0.0028552385047078,0,0.0048530627973377
0,0.04612922295928,0,0.04449899867177,0,0.0074229631572961,0,0.0257155373692512
0,4.329582952777855e-05,0,0.000535839004442,0,0.0005361470975913,0,0.002238827291876
0,0.0002690961118787,0,0.0039432263001799,0,0.0005604168982245,0,0.0052528781816363
0,0.0023037074133753,0,0.0075225057080388,0,0.0769696533679962,0,0.0447159297764301
0,0.002173219108954,0,0.0106829525902867,0,0.0097304657101631,0,0.0168305709958076
0,0.3127582669258117,0,0.4600574374198913,0,0.870032787322998,0,0.944433867931366
0,0.5359338521957397,0,0.2190435826778412,0,0.0539061091840267,0,0.0273945350199937
0,0.0069362861104309,0,0.0748360827565193,0,0.0105854906141757,0,0.0027432315982878
0,9.48725501075387e-05,0,0.1242554113268852,0,0.0082094641402363,0,0.0106901926919817
0,0.0056656328961253,0,0.1599512547254562,0,0.093281902372837,0,0.0646882727742195
0,0.0385277830064296,0,0.0917728394269943,0,0.0515840202569961,0,0.0189113020896911
0,0.0914839655160904,0,0.3682925403118133,0,0.0498320199549198,0,0.0517047271132469
0,0.0018290656153112,0,0.2351817041635513,0,0.0964000597596168,0,0.0012393307406455
0,0.3731781542301178,0,0.7404500842094421,0,0.6846374273300171,0,0.9414367079734802
0,0.1063501834869384,0,0.4834128022193908,0,0.7979463934898376,0,0.3310743272304535
0,0.4204640984535217,0,0.3905181586742401,0,0.3185798525810241,0,0.0844954624772071
0,0.377716988325119,0,0.3046391308307647,0,0.6226504445075989,0,0.1330387741327285
0,0.1779568940401077,0,0.4453235566616058,0,0.8196927905082703,0,0.7799916863441467
0,0.0614287666976451,0,0.4912485182285309,0,0.440095990896225,0,0.3559058606624603
0,0.0910171121358871,0,0.033132541924715,0,0.0145637271925807,0,0.0011244916822761
0,0.1742802113294601,0,0.0545570887625217,0,0.0261020176112651,0,0.001184519729577
0,0.1644830405712127,0,0.0264508631080389,0,0.0257494673132896,0,0.0010093657765537
0,0.0008807622944004,0,0.1103788763284683,0,0.0052455603145062,0,0.0206128135323524
0,0.0030409547034651,0,0.0744787901639938,0,0.0083106011152267,0,0.0021895980462431
0,0.0082935122773051,0,0.0102100325748324,0,0.0077834855765104,0,0.007747801952064
0,0.0048760790377855,0,0.0298174787312746,0,0.0048101427964866,0,0.0012841901043429
0,0.0100012924522161,0,0.0445584803819656,0,0.4113115966320038,0,0.1067152097821235
0,0.0089613338932394,0,0.0914919674396514,0,0.0341882854700088,0,0.000963628233876
0,0.0668239369988441,0,0.1740200370550155,0,0.0390534661710262,0,0.0012936755083501
0,0.0002698028401937,0,0.0929423719644546,0,0.0389093160629272,0,0.0017592994263395
0,0.0007200677064247,0,0.0048108752816915,0,0.0125905964523553,0,0.0003363999130669
0,0.0569412820041179,0,0.0635216832160949,0,0.0043722949922084,0,0.0733675584197044
0,0.9858696460723876,0,0.847222626209259,0,0.9920520782470704,0,0.9155034422874452
0,0.1993109434843063,0,0.0767169967293739,0,0.0108759552240371,0,0.1058684140443801
0,0.0335205867886543,0,0.052936989814043,0,0.0038309693336486,0,0.0036763669922947
0,0.9725981950759888,0,0.8152040839195251,0,0.9816251397132874,0,0.8135018944740295
0,0.2099933177232742,0,0.0823623016476631,0,0.0133826276287436,0,0.0701240003108978
0,0.5541346669197083,0,0.0905464887619018,0,0.0099361930042505,0,0.0347586348652839
0,0.9853079915046692,0,0.8158273100852966,0,0.9904172420501708,0,0.8178004622459412
0,0.0099738612771034,0,0.0189637094736099,0,0.0153805771842598,0,0.1757980287075042
0,0.0090361749753355,0,0.0320406332612037,0,0.0010026424424722,0,0.0049150977283716
0,0.0185335017740726,0,0.0414915159344673,0,0.0020309542305767,0,0.0037584051024168
0,0.0011983166914433,0,0.0063164355233311,0,0.0023817250039428,0,0.0003561050689313
0,0.1454388350248336,0,0.2241836488246917,0,0.0306152217090129,0,0.0077515565790236
0,0.020566489547491,0,0.0562515184283256,0,0.1184263974428176,0,0.0595422387123107
0,0.0081703634932637,0,0.2419275641441345,0,0.0202506370842456,0,0.0011264354689046
0,0.0312610976397991,0,0.0479948781430721,0,0.0317695811390876,0,0.0012117588194087
0,0.0159018691629171,0,0.3177729249000549,0,0.58540278673172,0,0.0075419107452034
0,0.0002306848182342,0,0.0023304971400648,0,0.004446652252227,0,0.0006243173265829
0,0.0002593310200609,0,0.0272272732108831,0,0.0222292728722095,0,0.0011552266078069
0,0.0002855405327863,0,0.0215176735073328,0,0.0023353458382189,0,0.0029310723766684
0,0.2507940828800201,0,0.1939470320940017,0,0.0249532219022512,0,0.0010157561628147
0,0.0008007910219021,0,0.0010783318430185,0,0.0084144063293933,0,0.000229338707868
0,0.0001021008574753,0,0.0005411783931776,0,0.0053666266612708,0,0.0001706274197204
0,0.019111881032586,0,0.0983074456453323,0,0.0072275376878678,0,0.0555000491440296
0,0.0003399995621293,0,0.1049798727035522,0,0.0496381372213363,0,0.0075387270189821
0,0.0021108414512127,0,0.0142447920516133,0,0.0100268721580505,0,0.0003056804125662
0,5.825608968734741e-05,0,0.0043195970356464,0,0.00166473002173,0,0.0004242022696416
0,0.0006582289934158,0,0.0186009351164102,0,0.0109892943874001,0,0.0003992888377979
0,0.000368112407159,0,0.0015611724229529,0,0.0185488946735858,0,0.0025860955938696
0,0.0004054678720422,0,0.0019414363196119,0,0.0064895576797425,0,0.0012663322268053
0,0.0001933298190124,0,0.0079388273879885,0,0.001277100876905,0,0.0005570639041252
0,0.0022048570681363,0,0.0610971041023731,0,0.0022328321356326,0,0.0212030857801437
0,0.1844259053468704,0,0.5157672166824341,0,0.9203580617904664,0,0.9802910089492798
0,0.4406819343566894,0,0.5972314476966858,0,0.915322721004486,0,0.9154737591743468
0,0.0003182943328283,0,0.0018625170923769,0,0.0027701857034116,0,0.0008716426673345
0,0.0002891594776883,0,0.0018425697926431,0,0.0058429706841707,0,0.0011533914366737
0,0.0269049368798732,0,0.0296832658350467,0,0.0016463042702525,0,0.0019444541539996
0,0.0001168922535725,0,0.00154224189464,0,0.0017949456814676,0,0.00050152069889
0,7.983934483490884e-05,0,0.0017648576758801,0,0.0015211028512567,0,0.0002880898537114
0,0.0006113857380114,0,0.0219534952193498,0,0.0058140666224062,0,0.0017046752618625
0,0.0474898926913738,0,0.0860712304711341,0,0.0016336388653144,0,0.0063088438473641
0,0.0002012425393331,0,0.001283367164433,0,0.0024284359533339,0,0.0002511946950107
0,4.875850572716445e-05,0,0.000819343549665,0,0.0025911233387887,0,0.000181242954568
0,0.2645139694213867,0,0.0197929106652736,0,0.0040358151309192,0,0.0025056346785277
0,0.0001280184369534,0,0.0436367653310298,0,0.0121471872553229,0,0.0004200385592412
0,0.9923301339149476,0,0.8467534780502319,0,0.977770745754242,0,0.8977231383323669
0,0.0022891329135745,0,0.0481365397572517,0,0.0197192803025245,0,0.0076885418966412
0,0.0965837016701698,0,0.0167852379381656,0,0.0085183512419462,0,0.0489388853311538
0,0.0025938153266906,0,0.0565093271434307,0,0.0076870834454894,0,0.0077397115528583
0,0.0038138979580253,0,0.1894105374813079,0,0.2673841714859009,0,0.004415956325829
0,0.0004016378079541,0,0.0027064683381468,0,0.0025566490367054,0,0.0007493449957109
0,0.003602055599913,0,0.0750709176063537,0,0.0091940322890877,0,0.0086445333436131
0,0.0007117138011381,0,0.0027810558676719,0,0.0004283621383365,0,0.0005313326255418
0,0.0011732990387827,0,0.0549950487911701,0,0.0132242022082209,0,0.0007082059746608
0,0.223679706454277,0,0.1018691286444664,0,0.0367924757301807,0,0.0134222162887454
0,0.2515719532966614,0,0.0916714593768119,0,0.0893288627266883,0,0.0091657899320125
0,0.0007321742596104,0,0.026711544021964,0,0.0006386339664459,0,7.314204412978142e-05
0,0.0165230929851531,0,0.0508488267660141,0,0.1133671924471855,0,0.0020306971855461
0,0.0260450784116983,0,0.0382263846695423,0,0.0233404636383056,0,0.0007372950785793
0,0.1600686460733413,0,0.0247329249978065,0,0.016403580084443,0,0.0003946696815546
0,0.057606142014265,0,0.1168520897626876,0,0.0467516332864761,0,0.002319237915799
0,0.0298112388700246,0,0.0426727011799812,0,0.0263924971222877,0,0.028109835460782
0,0.103027231991291,0,0.1154836416244506,0,0.0275950748473405,0,0.0055387327447533
0,0.0572428740561008,0,0.0640819072723388,0,0.005827444139868,0,0.0009904890321195
0,0.0331624522805213,0,0.1811203807592392,0,0.0528855212032794,0,0.0068676955997943
0,0.0025827484205365,0,0.007262987550348,0,0.0037723623681813,0,0.0058955107815563
0,0.0011784385424107,0,0.0446183830499649,0,0.1285592466592788,0,0.0014042638940736
0,0.8602244853973389,0,0.5541262626647949,0,0.2026499956846237,0,0.5925624370574951
0,0.0171079393476247,0,0.016727227717638,0,0.0384766012430191,0,0.022435013204813
0,0.3278776109218597,0,0.0030640154145658,0,0.0047476254403591,0,0.0157528650015592
0,0.0034794819075614,0,0.0503301210701465,0,0.0108587332069873,0,0.1937646865844726
0,0.0001991705794353,0,0.0006097331061027,0,0.0046661300584673,0,0.0008580812718719
0,0.0018564730416983,0,0.0085230208933353,0,0.0172439161688089,0,0.0028458458837121
0,0.0002677366719581,0,0.0024825083091855,0,0.0015786348376423,0,0.0003217977064196
0,0.0064004361629486,0,0.0566253922879695,0,0.0089199999347329,0,0.1500547230243683
0,0.0018935042899101,0,0.0326174348592758,0,0.0040161656215786,0,0.1087175160646438
0,0.019387112930417,0,0.0238439943641424,0,0.0104807401075959,0,0.0536319911479949
0,0.1070375069975853,0,0.0007245017914101,0,0.0164905022829771,0,0.0026374324224889
0,0.0201697181910276,0,0.1053961440920829,0,0.0114351278170943,0,0.0756964311003685
0,0.0111597198992967,0,0.2936682105064392,0,0.1832484006881714,0,0.0103978486731648
0,0.138334721326828,0,0.4809567928314209,0,0.1672482639551162,0,0.0536896921694278
0,0.1333529204130172,0,0.591618537902832,0,0.1856554746627807,0,0.0671892166137695
0,0.0054196002893149,0,0.0424230583012104,0,0.0012092781253159,0,0.0082726031541824
0,0.0145536847412586,0,0.0295648351311683,0,0.001471497118473,0,0.011351172812283
0,0.0031356448307633,0,0.0132873468101024,0,0.0008839752408675,0,0.0011650254018604
0,0.0012607595417648,0,0.0164569430053234,0,0.0242874547839164,0,0.0006299614906311
0,0.0040037031285464,0,0.0163619704544544,0,0.0320303328335285,0,0.0006994198192842
0,0.0007281041471287,0,0.0115797147154808,0,0.0084855435416102,0,0.0009343035635538
0,0.0092077301815152,0,0.1597855538129806,0,0.0291183404624462,0,0.0181925427168607
0,0.3618232905864715,0,0.3182725310325622,0,0.2028564214706421,0,0.0393432341516017
0,0.0029956887010484,0,0.2797244489192962,0,0.1027590855956077,0,0.0494267493486404
0,0.0023513818159699,0,0.17024827003479,0,0.1536300927400589,0,0.0515779182314872
0,0.0083494549617171,0,0.0651502385735511,0,0.1164933294057846,0,0.0040949401445686
0,0.9449360370635986,0,0.150481641292572,0,0.5915317535400391,0,0.2713124752044678
0,0.962075650691986,0,0.2171688675880432,0,0.300050139427185,0,0.3586675524711609
0,0.0022647443693131,0,0.4260993599891662,0,0.0532657504081726,0,0.2430670708417892
0,0.0082979649305343,0,0.0949094593524932,0,0.0005050789914093,0,0.0120060425251722
0,0.7961781024932861,0,0.6806312203407288,0,0.8777807354927063,0,0.8720066547393799
0,0.0002883649722207,0,0.1350185275077819,0,0.2087962478399276,0,0.0002948103647213
0,0.6643831133842468,0,0.6787096858024597,0,0.7804927229881287,0,0.9085471034049988
0,0.0019358615390956,0,0.0106134545058012,0,0.0085441078990697,0,0.0001707808987703
0,0.0009195571765303,0,0.0003934727574232,0,0.0053109978325665,0,0.0011602323502302
0,0.0004741619923152,0,0.0013434201246127,0,0.013138448819518,0,0.0011783216614276
0,0.0001160971150966,0,0.0017472368199378,0,0.0023705458734184,0,8.060140680754557e-05
0,0.0022493277210742,0,0.0005405752453953,0,0.0056694028899073,0,0.000950188958086
0,0.0184042006731033,0,0.0048894919455051,0,0.0154874762520194,0,0.0021958777215331
0,0.0003524881321936,0,0.0015904966276139,0,0.0018627661047503,0,5.827836866956204e-05
0,0.0077416561543941,0,0.0004975837655365,0,0.0082714175805449,0,0.0011919331736862
0,0.003126178169623,0,0.0010806517675518,0,0.0263999514281749,0,0.0009380892151966
0,0.3359316885471344,0,0.0579693801701068,0,0.3856603801250458,0,0.0554866716265678
0,0.3092194199562073,0,0.0074050747789442,0,0.0978231206536293,0,0.2296624332666397
0,0.0009761209948919,0,0.0019851010292768,0,0.0147500121966004,0,0.0034817645791918
0,0.0029939929954707,0,0.0148515114560723,0,0.0677692294120788,0,0.0099084386602044
0,7.321105658775195e-05,0,0.0003367159806657,0,0.0016184488777071,0,2.4263399609480985e-05
0,0.0001311566738877,0,0.0022504664957523,0,0.0016536484472453,0,0.0016101980581879
0,0.000159725852427,0,0.0009918918367475,0,0.0017580220010131,0,0.0004137108917348
0,0.0002330923016415,0,0.0004623553541023,0,0.0037238644436001,0,0.0019175939960405
0,0.0001496380864409,0,0.0010080222273245,0,0.0020424847025424,0,0.0021041887812316
0,0.001879746443592,0,0.0424512736499309,0,0.0049295481294393,0,0.0011562334839254
0,0.0198819041252136,0,0.0415003299713134,0,0.0173466056585311,0,0.0187283791601657
0,0.0039442302659153,0,0.0301765371114015,0,0.0089613553136587,0,0.0698557719588279
0,0.0033651343546807,0,0.0944597199559211,0,0.0167764741927385,0,0.0112369712442159
0,0.0003536054282449,0,0.0090993512421846,0,0.001152443117462,0,0.0004980986122973
0,0.0121374931186437,0,0.0546676889061927,0,0.0803616791963577,0,0.0978145971894264
0,0.0252613872289657,0,0.0257394928485155,0,0.0033929129131138,0,0.0069710100069642
0,0.048755906522274,0,0.1820146888494491,0,0.0133793149143457,0,0.0357613377273082
0,0.043877363204956,0,0.3613868951797485,0,0.0412428453564643,0,0.0153808081522583
0,0.0002505051670596,0,0.0011043918784707,0,0.0012022793525829,0,0.0001551287423353
0,0.0005397463100962,0,0.0129869515076279,0,0.000315625249641,0,0.0001284623285755
0,0.0002043009153567,0,0.0009694239706732,0,0.0009522956097498,0,0.0003812690556515
0,0.9818897247314452,0,0.3933366537094116,0,0.2945757806301117,0,0.9875156879425048
0,0.9652374982833862,0,0.524304986000061,0,0.576259970664978,0,0.8618808388710022
0,0.0054855328053236,0,0.0047993762418627,0,0.0015466912882402,0,0.0009712624014355
0,1.4282725715020206e-05,0,0.0015596293378621,0,0.0070651532150805,0,8.180917211575434e-05
0,2.0249395674909465e-05,0,0.0033926856704056,0,0.0054279724135994,0,0.000730107713025
0,8.047300070757046e-05,0,0.0025980118662118,0,0.0009130990947596,0,5.380704169510864e-05
0,5.280044933897443e-05,0,0.0027113649994134,0,0.0007502535008825,0,0.000119423304568
0,0.0042523853480815,0,0.0053673619404435,0,0.001626044162549,0,0.0004359124286565
0,4.5695265725953504e-05,0,0.0029325652867555,0,0.0018848733743652,0,0.0002360874204896
0,0.0001504401006968,0,0.0018459879793226,0,0.0028107475955039,0,0.0001672462240094
0,8.418985817115754e-05,0,0.003765687579289,0,0.0013766846386715,0,6.789593317080289e-05
0,0.0014942531706765,0,0.0289152525365352,0,0.0047649070620536,0,3.12405863951426e-05
0,0.0005039621028117,0,0.0017683969344943,0,0.004546329844743,0,0.0001795748685253
0,0.005423130467534,0,0.0046856659464538,0,0.0018757255747914,0,0.0007374138222075
0,4.6956822188803926e-05,0,0.0050141671672463,0,0.003389960154891,0,0.0009509510127827
0,0.0001565355923958,0,0.0036141632590442,0,0.0016370378434658,0,6.701442907797173e-05
0,0.0027790463063865,0,0.0196419432759284,0,0.0093614961951971,0,0.0001745233603287
0,0.0003305870632175,0,0.0016041992930695,0,0.0025165705010294,0,9.382996358908712e-05
0,9.063215111382306e-05,0,0.0001438868785044,0,0.0035617237444967,0,0.001626884448342
0,0.0011317374883219,0,0.0060082785785198,0,0.004786005243659,0,0.0002533009974285
0,0.0011597399134188,0,0.0037839438300579,0,0.0053228666074573,0,0.0113820107653737
0,1.2193768270662986e-05,0,0.0015581718180328,0,0.0022911645937711,0,0.0001672120997682
0,0.0005431392928585,0,0.0162225924432277,0,0.0020496861543506,0,0.0017442037351429
0,0.0010539853246882,0,0.0162904933094978,0,0.0067012533545494,0,0.001945843687281
0,0.0011418299982324,0,0.0759886056184768,0,0.0011030775494873,0,0.0012884750030934
0,0.0001818302553147,0,0.0411787293851375,0,0.001029817154631,0,0.0120780328288674
0,0.0037170208524912,0,0.0082864901050925,0,0.0011994609376415,0,0.0008313768194057
0,0.0022566842380911,0,0.0130471410229802,0,0.0078363828361034,0,0.0036135367117822
0,0.0196824837476015,0,0.0213235672563314,0,0.0024671789724379,0,0.0061572976410388
0,0.0002486595476511,0,0.0126682585105299,0,0.0057367514818906,0,0.007432831916958
0,0.0048240614123642,0,0.0033901811111718,0,0.0015249591087922,0,0.0023015681654214
0,0.0006123903440311,0,0.0227703265845775,0,0.0076448903419077,0,0.0158820617944002
0,0.0048326929099857,0,0.0283083096146583,0,0.0029200171120464,0,0.0045262952335178
0,0.0016708616167306,0,0.0093003464862704,0,0.019615763798356,0,0.0071683931164443
0,0.0115475263446569,0,0.1308618187904358,0,0.0119356242939829,0,0.0015508846845477
0,0.0004245078598614,0,0.0925842076539993,0,0.0323184952139854,0,0.0080943265929818
0,0.0002694069698918,0,0.0601198188960552,0,0.0128215095028281,0,0.0027422625571489
0,0.0032142635900527,0,0.0238447710871696,0,0.0074740867130458,0,0.0033295266330242
0,0.0111588258296251,0,0.0084337955340743,0,0.004940764978528,0,0.0085451221093535
0,0.0009518538718111,0,0.0018890629289671,0,0.0069593423977494,0,0.0007285570609383
0,0.0054481946863234,0,0.0036844837013632,0,0.0056803724728524,0,0.0013077809708192
0,0.0013967661652714,0,0.003076622961089,0,0.0046606501564383,0,0.0006924598128534
0,0.0181604269891977,0,0.0572454184293746,0,0.0354999676346778,0,0.0099343406036496
0,0.0056860959157347,0,0.0106199961155653,0,0.0356512852013111,0,0.005083433818072
1,0.0039338991045951,1,0.6070147752761841,1,0.0474296957254409,1,0.0025680891703814
1,0.3208099901676178,1,0.6879549026489258,1,0.0363985672593116,1,0.0617555268108844
1,0.0741907283663749,1,0.6073113083839417,1,0.1021739318966865,1,0.1524266898632049
1,0.7569736838340759,1,0.2766639590263366,1,0.0282101407647132,1,0.3751993477344513
1,0.1398670077323913,1,0.2456801384687423,1,0.0865114405751228,1,0.206228032708168
1,0.9329115152359008,1,0.1657799333333969,1,0.1889240741729736,1,0.971710205078125
1,0.2178128659725189,1,0.341577798128128,1,0.0127863530069589,1,0.0857399627566337
1,0.0470796525478363,1,0.4406035244464874,1,0.0104891462251544,1,0.0598732084035873
1,0.7706695199012756,1,0.4800686240196228,1,0.014060559682548,1,0.0173294153064489
1,0.928684949874878,1,0.6480820178985596,1,0.9817250370979308,1,0.5731400847434998
1,0.8648318648338318,1,0.797904372215271,1,0.905638873577118,1,0.6209596395492554
1,0.8550546169281006,1,0.7110462784767151,1,0.914087176322937,1,0.9766790866851808
1,0.4051500260829925,1,0.7990900278091431,1,0.5675010085105896,1,0.6639721393585205
1,0.2777923047542572,1,0.6122739315032959,1,0.4254920780658722,1,0.7894147038459778
1,0.2638580799102783,1,0.7057741284370422,1,0.5614264011383057,1,0.7645481824874878
0,0.0004537223721854,0,0.0293285846710205,0,0.0101705892011523,0,0.0039622229523956
0,0.0091179311275482,0,0.0210815537720918,0,0.0097534330561757,0,0.0030520469881594
0,0.9417722821235656,0,0.6340581178665161,0,0.7836570143699646,0,0.8682154417037964
0,0.0004536503111012,0,0.0031754907686263,0,0.0009526808862574,0,0.0001676311658229
0,0.5957083106040955,0,0.834053635597229,0,0.0359680242836475,0,0.1261199712753296
0,0.9796966910362244,0,0.8641402125358582,0,0.9581449627876282,0,0.9449042677879332
0,0.0366782583296299,0,0.1406763345003128,0,0.0126117123290896,0,0.0054075457155704
0,0.9137210249900818,0,0.7113664150238037,0,0.6568529009819031,0,0.8598822355270386
0,0.688728928565979,0,0.6700363159179688,0,0.2569911181926727,0,0.6407333016395569
0,0.0354919545352458,0,0.0537276938557624,0,0.0055722654797136,0,0.0178560279309749
0,0.970693051815033,0,0.4527264237403869,0,0.1270076930522918,0,0.5436128377914429
0,0.0287560187280178,0,0.0761998817324638,0,0.020106378942728,0,0.0315553918480873
0,0.465581327676773,0,0.4834015369415283,0,0.9158728718757628,0,0.7545377612113953
0,0.2843993306159973,0,0.0031698804814368,0,0.0066924258135259,0,0.0206855703145265
0,1.665288073127158e-05,0,0.0048640230670571,0,0.0058580636978149,0,0.0023954964708536
0,3.93932314182166e-05,0,0.0042518908157944,0,0.0047507178969681,0,0.0028034760616719
0,0.0005290650296956,0,0.0022952721919864,0,0.0032874951139092,0,0.0005833162576891
0,0.0018999902531504,0,0.00822738930583,0,0.015510344877839,0,0.0032621813006699
0,4.867645839112811e-05,0,0.0605667978525161,0,0.0060727596282958,0,0.001119251246564
0,0.0027036205865442,0,0.1392054855823516,0,0.0034733498468995,0,0.0136686526238918
0,0.2695120275020599,0,0.1356483250856399,0,0.0287010874599218,0,0.1170238181948661
0,3.0745912226848304e-05,0,0.0003655814798548,0,0.0132622579112648,0,0.0006697393837384
0,0.0009012749651446,0,0.047002263367176,0,0.0038006505928933,0,0.0133239552378654
0,0.0008680913597345,0,0.0053977374918758,0,0.0049583101645112,0,0.0003965642536059
0,0.0018988529918715,0,0.0929074212908744,0,0.1061811670660972,0,0.0295183267444372
0,0.0180923677980899,0,0.018299289047718,0,0.0029551349580287,0,0.0031671724282205
0,0.0375229679048061,0,0.0614082589745521,0,0.0310920905321836,0,0.0416006632149219
0,0.0086968652904033,0,0.040662545710802,0,0.0025593780446797,0,0.0069162202998995
0,0.0001543426187708,0,0.0075565828010439,0,0.0044161742553114,0,0.0004334420082159
0,0.0051799761131405,0,0.0536532513797283,0,0.0015292576281353,0,0.0061581381596624
0,0.0001519366487627,0,0.0084630064666271,0,0.0039630420506,0,0.000395545590436
0,0.0005101706483401,0,0.0065691052004694,0,0.0037184623070061,0,0.0006231115548871
0,0.3078029155731201,0,0.0235363952815532,0,0.0337280668318271,0,0.01243666280061
0,0.0032593698706477,0,0.0166686438024044,0,0.0090795317664742,0,0.000540068198461
0,0.0014609497739002,0,0.0056317336857318,0,0.0041255410760641,0,8.133670053211972e-05
0,0.0014104888541623,0,0.0020520410034805,0,0.0023867301642894,0,0.0003955906722694
0,0.0050648977048695,0,0.0307680238038301,0,0.0160861797630786,0,0.005499240476638
0,0.0512000732123851,0,0.4489749372005462,0,0.0653847679495811,0,0.6253477334976196
0,0.3185667097568512,0,0.7289694547653198,0,0.3982632756233215,0,0.2960750460624695
0,0.0019108214182779,0,0.0198396723717451,0,0.025814114138484,0,0.0002884534769691
0,0.0010156033094972,0,0.0172333419322967,0,0.0020874328911304,0,0.0003222564118914
0,0.0059569249860942,0,0.0595631003379821,0,0.0118690263479948,0,0.0021777434740215
0,0.001416161423549,0,0.0280240233987569,0,0.0090595567598938,0,0.001713219564408
0,0.5696451663970947,0,0.046396791934967,0,0.0237823240458965,0,0.0051376582123339
0,0.0086486861109733,0,0.0301168859004974,0,0.0041728233918547,0,0.0010719370329752
0,4.256364991306327e-05,0,0.0023025276605039,0,0.0014206547057256,0,9.624704398447648e-05
0,0.0194116905331611,0,0.0254630409181118,0,0.0104906251654028,0,0.0007201221887953
0,0.5762068033218384,0,0.1796127706766128,0,0.0644651427865028,0,0.0116672329604625
0,0.0025966798420995,0,0.0251094549894332,0,0.0049521052278578,0,0.002673270413652
0,0.5630907416343689,0,0.2150502353906631,0,0.0786128118634224,0,0.1739433258771896
0,0.0181349832564592,0,0.1849116832017898,0,0.0130487261340022,0,0.0131185976788401
0,0.8300817608833313,0,0.4879491925239563,0,0.0601299703121185,0,0.7727946639060974
0,0.5324269533157349,0,0.7384993433952332,0,0.9535101056098938,0,0.9837787747383118
0,0.8562554717063904,0,0.6330216526985168,0,0.792209267616272,0,0.8723018169403076
0,0.0005040312535129,0,0.1049259603023529,0,0.0027058841660618,0,0.0010949777206405
0,0.0004482538788579,0,0.0604246780276298,0,0.0067164516076445,0,0.0022208485752344
0,0.0017194672254845,0,0.0427359081804752,0,0.0052842525765299,0,0.000901031482499
0,0.0004704007005784,0,0.0042330683209002,0,0.0009252097806893,0,0.0003636701439972
0,0.5075337290763855,0,0.7918499112129211,0,0.6905776858329773,0,0.6965146064758301
0,0.0160716958343982,0,0.7603737711906433,0,0.502666175365448,0,0.4018824398517608
0,0.2248985022306442,0,0.7759108543395996,0,0.8088745474815369,0,0.2106448411941528
0,0.0240108128637075,0,0.0751417577266693,0,0.0049370997585356,0,0.0117242829874157
0,0.0012006743345409,0,0.0849815607070922,0,0.0235351640731096,0,0.0092348270118236
0,0.3460103869438171,0,0.3215700984001159,0,0.2528500854969024,0,0.0590023174881935
0,0.982543408870697,0,0.7207706570625305,0,0.5259313583374023,0,0.3118575513362884
0,0.9519779682159424,0,0.6602698564529419,0,0.7364872097969055,0,0.3285139799118042
0,0.970852792263031,0,0.6231446862220764,0,0.5459904074668884,0,0.578555703163147
0,0.0005158488056622,0,0.0009867760818451,0,0.0015677626943215,0,0.0004856722080148
0,0.0001086784395738,0,0.005165556911379,0,0.0014607071643695,0,0.0048754243180155
0,0.000357824290404,0,0.0400979109108448,0,0.0064501827582716,0,0.0029681921005249
0,0.000783747585956,0,0.0360314548015594,0,0.0124044064432382,0,0.0054984400048851
0,0.0001851717097451,0,0.0007914052112028,0,0.0028597195632755,0,0.0047332276590168
0,0.0020866272971034,0,0.0162014439702034,0,0.0014201196609064,0,0.0015210587298497
0,0.0028490801341831,0,0.0129383029416203,0,0.0054326648823916,0,0.0010112957097589
0,0.0113542722538113,0,0.1235119551420211,0,0.0019296620739623,0,0.0035991729237139
0,0.0022531675640493,0,0.0269113611429929,0,0.0014770290581509,0,0.0014011627063155
0,0.0005816571065224,0,0.0455033220350742,0,0.0072000571526587,0,0.0102864718064665
0,0.0002838135405909,0,0.0110608004033565,0,0.0072330343537032,0,0.0038824344519525
0,0.6755199432373047,0,0.2105841189622879,0,0.2401749044656753,0,0.0934244394302368
0,0.0723392218351364,0,0.120785541832447,0,0.0932750254869461,0,0.0082961870357394
0,0.0158437471836805,0,0.0226087812334299,0,0.010174530558288,0,0.0003918829606845
0,0.0011268127709627,0,0.0212428513914346,0,0.0116148171946406,0,0.0024494391400367
0,0.0697727277874946,0,0.0912863314151763,0,0.011722058057785,0,0.3718116879463196
0,0.0004279756103642,0,0.0039642839692533,0,0.0015078985597938,0,0.001275447779335
0,0.0795294642448425,0,0.0260924082249403,0,0.0086386017501354,0,0.0003766750451177
0,0.0059121111407876,0,0.0192367639392614,0,0.0090822167694568,0,0.0005949733895249
0,0.8029593825340271,0,0.0943032726645469,0,0.0161462668329477,0,0.0097980545833706
0,0.0200458392500877,0,0.0965931043028831,0,0.0240677837282419,0,0.0030251543503254
0,0.0014142750296741,0,0.0386538840830326,0,0.0074047595262527,0,0.0019628112204372
0,1.928226765812724e-06,0,0.0031635826453566,0,0.0054039363749325,0,0.0005520010017789
0,4.260753485141322e-06,0,0.0027391437906771,0,0.0060138083063066,0,0.0005660714814439
0,0.0003353649808559,0,0.0176040586084127,0,0.0133032798767089,0,0.0002714738075155
0,0.001806829823181,0,0.0402178727090358,0,0.0562627203762531,0,0.001526043517515
0,0.0176898296922445,0,0.0742102414369583,0,0.0094167115166783,0,0.0041677542030811
0,0.0119387581944465,0,0.0609045997262001,0,0.0098877381533384,0,0.0192282069474458
0,0.01238798443228,0,0.0910424292087555,0,0.0054982602596282,0,0.0377936623990535
0,0.0083215534687042,0,0.0064958790317177,0,0.0029095569625496,0,0.0062554501928389
0,0.0944171175360679,0,0.0261040609329938,0,0.0601622611284256,0,0.0043658255599439
0,0.0152269341051578,0,0.017004158347845,0,0.0533035658299922,0,0.0084566352888941
0,0.2673139274120331,0,0.0243302732706069,0,0.0529153607785701,0,0.0210244301706552
0,0.0046436265110969,0,0.0250186827033758,0,0.0022407623473554,0,0.0106704412028193
0,0.3578178286552429,0,0.5946864485740662,0,0.0171367954462766,0,0.19029600918293
0,0.0002682193007785,0,0.0071696247905492,0,0.0023127000313252,0,0.0001041198629536
0,0.8987054824829102,0,0.5273725986480713,0,0.5717864632606506,0,0.955087184906006
0,0.0053972457535564,0,0.0057277721352875,0,0.0013117245398461,0,0.001829715212807
0,0.4466847777366638,0,0.6515794992446899,0,0.0021236015018075,0,0.1618200242519378
0,0.010856382548809,0,0.0283630304038524,0,0.0040610511787235,0,0.0038195946253836
0,0.0013748300261795,0,0.0734066441655159,0,0.0082124155014753,0,0.0265803858637809
0,0.0016709523042663,0,0.0036292125005275,0,0.0008924297289922,0,0.0016344541218131
0,0.002669729758054,0,0.4980047941207886,0,0.0007869760738685,0,0.0175767093896865
0,5.260474790702574e-05,0,0.001809392706491,0,0.0012781346449628,0,8.235167479142547e-05
0,0.0126868458464741,0,0.1082544401288032,0,0.1812022030353546,0,0.0189758446067571
0,0.0010163912083953,0,0.4201178848743438,0,0.0187605749815702,0,0.0363942272961139
0,0.9765649437904358,0,0.865546464920044,0,0.8725051879882812,0,0.6448906660079956
0,0.0051407082937657,0,0.0026566188316792,0,0.0093229245394468,0,0.0019166588317602
0,0.0041951164603233,0,0.0016341170994564,0,0.0117698367685079,0,0.0014042785624042
0,0.3597180545330047,0,0.4009436070919037,0,0.7435165643692017,0,0.334536999464035
0,0.0006296985666267,0,0.0027990203816443,0,0.0018998446175828,0,0.0021545505151152
0,0.3535839319229126,0,0.2003550082445144,0,0.002070962684229,0,0.0077013554982841
0,0.0003274303453508,0,0.0067437021061778,0,0.0029483258258551,0,0.0016903765499591
0,0.6371764540672302,0,0.4810424745082855,0,0.8863189220428467,0,0.4964786171913147
0,0.0004814010171685,0,0.002706705359742,0,0.0033852546475827,0,0.0056869471445679
0,0.1536046713590622,0,0.1524692177772522,0,0.5724392533302307,0,0.0803105384111404
0,0.7894973754882812,0,0.5499135851860046,0,0.8933798670768738,0,0.6762463450431824
0,0.0006160011980682,0,0.0032247137278318,0,0.0027409666217863,0,0.0009494075202383
0,0.653797447681427,0,0.3815302550792694,0,0.0985639318823814,0,0.9512456059455872
0,8.173446985892951e-05,0,0.0013259161496534,0,0.0066924388520419,0,0.0003133949940092
0,0.0003003175661433,0,0.0011066303122788,0,0.0728308334946632,0,0.0004425267397891
0,0.0028062514029443,0,0.0086736036464571,0,0.0057899416424334,0,0.0176918171346187
0,0.0072298953309655,0,0.031208012253046,0,0.0020606860052794,0,0.0023008512798696
0,0.0010910232085734,0,0.0044258143752813,0,0.050201378762722,0,0.0019517589826136
0,3.951370308641344e-05,0,0.0010173444170504,0,0.0233088135719299,0,0.000361496116966
0,9.20031889108941e-05,0,0.0006537124863825,0,0.0037881091702729,0,0.0011890449095517
0,0.0006264006951823,0,0.0053778504952788,0,0.0008812621817924,0,0.0012906257761642
0,0.0016754746902734,0,0.0172632578760385,0,0.0025326369795948,0,0.0013204858405515
0,0.0003918312722817,0,0.0010728074703365,0,0.0090840458869934,0,0.0002219771704403
0,0.0001445789384888,0,0.0007905139354988,0,0.0173307824879884,0,6.79105069139041e-05
0,0.0001990786986425,0,0.0008819144568406,0,0.0037029227241873,0,0.0002252835402032
0,0.0002792913292068,0,0.0066623454913496,0,0.0034934526775032,0,0.0113104628399014
0,0.0025245167780667,0,0.0198716521263122,0,0.0017855671467259,0,0.0009756915387697
0,0.0004315613768994,0,0.0077152987942099,0,0.0022814907133579,0,0.0007655242807231
0,0.0004904397646896,0,0.0095956530421972,0,0.0030832011252641,0,0.0057462649419903
0,0.0015749210724607,0,0.0147617133334279,0,0.0147613314911723,0,0.0011131734354421
0,0.0033940803259611,0,0.0046980576589703,0,0.0084611307829618,0,0.003835774725303
0,0.8073640465736389,0,0.5840616226196289,0,0.9747703075408936,0,0.624225378036499
0,0.7678490281105042,0,0.6269200444221497,0,0.7638775110244751,0,0.4082545936107635
0,0.0153231583535671,0,0.0094416663050651,0,0.0080486899241805,0,0.0039546596817672
0,0.031330831348896,0,0.0383854918181896,0,0.020692715421319,0,0.0022821375168859
0,0.4128538370132446,0,0.2548584342002868,0,0.0030859005637466,0,0.3628498315811157
0,0.0014114904915913,0,0.0339654572308063,0,0.0012197421165183,0,0.0038584046997129
0,0.0004721652949228,0,0.0097394110634922,0,0.005410233978182,0,0.0097942715510725
0,5.30893994437065e-05,0,0.0248467084020376,0,0.0010106411064043,0,0.0007324321195483
0,0.0002372662565903,0,0.001498527941294,0,0.004546467680484,0,0.0004641705891117
0,8.103476284304634e-05,0,0.0021688637789338,0,0.0431385040283203,0,0.0023684867192059
0,4.533859464572743e-05,0,0.0038803343195468,0,0.010883673094213,0,0.0010772356763482
0,0.0042898613028228,0,0.0109350215643644,0,0.0526815615594387,0,0.0079011479392647
0,0.0005751684075221,0,0.0036231635604053,0,0.0095775658264756,0,0.0013147427234798
0,0.0016138093778863,0,0.0217446815222501,0,0.0075786146335303,0,0.0024256319738924
0,0.2864672839641571,0,0.1287038624286651,0,0.7982456684112549,0,0.3456425070762634
0,0.1792080104351043,0,0.1331756263971328,0,0.3711201250553131,0,0.625022828578949
0,0.9381393194198608,0,0.4615754783153534,0,0.7239890098571777,0,0.6057456731796265
0,0.0020187650807201,0,0.0293269343674182,0,0.0192183256149292,0,0.0019722389988601
0,0.0039727548137307,0,0.0005707945674657,0,0.0096699194982647,0,0.0006966706714592
0,0.0001441104104742,0,0.0355407521128654,0,0.026325549930334,0,0.0004821442416869
0,6.824197043897584e-05,0,0.0105440001934766,0,0.0052898502908647,0,0.0006811853963881
0,0.002559236716479,0,0.0009406114113517,0,0.0243534501641988,0,0.0005575778777711
0,0.0001362966722808,0,0.0697153881192207,0,0.0058395182713866,0,0.0019599043298512
0,4.017943501821719e-05,0,0.0050829518586397,0,0.0044053401798009,0,0.0003765059518627
0,0.0043864455074071,0,0.0006966670043766,0,0.0307440385222435,0,0.0004104967811144
0,0.7292593717575073,0,0.6349723935127258,0,0.1038515195250511,0,0.1979257762432098
0,0.0025689722970128,0,0.0289981793612241,0,0.0445179902017116,0,0.001835009898059
0,7.741546141915023e-05,0,0.008797813206911,0,0.0039537861011922,0,0.000215077336179
0,0.0016087084077298,0,0.0099093979224562,0,0.0021796342916786,0,0.0006616715691052
0,0.0038445049431174,0,0.0244546830654144,0,0.0103541584685444,0,0.0722482874989509
0,0.5450934767723083,0,0.5742871165275574,0,0.0560167171061039,0,0.0929026752710342
0,0.7064170837402344,0,0.0981687381863594,0,0.0589365772902965,0,0.344186782836914
0,0.0285451672971248,0,0.093049556016922,0,0.0505460053682327,0,0.0416222251951694
0,0.6301268935203552,0,0.0367316901683807,0,0.0195073168724775,0,0.0032516659703105
0,0.0077350144274532,0,0.0442166589200496,0,0.0039873383939266,0,0.0088170580565929
0,0.0002524826268199,0,0.0002714083530008,0,0.0059607466682791,0,0.0006108289817348
0,6.778162787668407e-05,0,0.0286825578659772,0,0.0063043348491191,0,0.000164271419635
0,0.0025914206635206,0,0.0014941698173061,0,0.0207359232008457,0,0.0035741534084081
0,0.0077297175303101,0,0.0363678745925426,0,0.0175686590373516,0,0.0012039378052577
0,0.0004776355053763,0,0.0014364388771355,0,0.0088942507281899,0,0.0007034362643025
0,0.0051971334032714,0,0.0106601575389504,0,0.0118441097438335,0,0.0106088882312178
0,0.000588760827668,0,0.0021234671585261,0,0.0063034240156412,0,0.0007196245715022
0,0.5389358997344971,0,0.168714627623558,0,0.1853326112031936,0,0.0065036318264901
0,0.0925412774085998,0,0.1223928481340408,0,0.0189338140189647,0,0.0371458195149898
0,0.0460583977401256,0,0.2012523710727691,0,0.4999411106109619,0,0.0144077455624938
0,0.8975664973258972,0,0.852946937084198,0,0.9849649667739868,0,0.2740534543991089
0,0.4315823018550873,0,0.6054620742797852,0,0.3609420955181122,0,0.0778394863009452
0,0.4997240602970123,0,0.1055476889014244,0,0.0378082990646362,0,0.2782956957817077
0,0.2806084752082824,0,0.0180907659232616,0,0.0096441265195608,0,0.003652918851003
0,0.0115784974768757,0,0.0384538061916828,0,0.0052928016521036,0,0.0047827423550188
0,0.1064301282167434,0,0.1107004731893539,0,0.0319109112024307,0,0.0718356072902679
0,6.733902409905568e-05,0,0.0160051807761192,0,0.0047389031387865,0,0.0012874397216364
0,0.0008380116778425,0,0.0658133253455162,0,0.0080699156969785,0,0.0043639810755848
0,3.802275386988185e-06,0,0.0032154924701899,0,0.0025972567964345,0,0.0003103346389252
0,0.0002255567233078,0,0.0067117735743522,0,0.0039839139208197,0,0.0019601888488978
0,0.3466427624225616,0,0.0320214480161666,0,0.0115544945001602,0,0.002033747266978
0,0.0022267862223088,0,0.027617635205388,0,0.0023271257523447,0,0.0022504881490021
0,0.0181859321892261,0,0.1007869243621826,0,0.0069658760912716,0,0.0075133508071303
0,0.0039021109696477,0,0.0076357936486601,0,0.0014977682149037,0,0.0016501286299899
0,0.0029245687182992,0,0.0141826886683702,0,0.0072606950998306,0,0.0029318679589778
0,0.0014874309999868,0,0.009700677357614,0,0.0106614595279097,0,0.0007257059332914
0,0.0329565592110157,0,0.0383112728595733,0,0.0210116226226091,0,0.0096026249229907
0,2.3948367015691477e-05,0,0.0018065546173602,0,0.0015755384229123,0,8.578491542721167e-05
0,0.0024268503766506,0,0.0103728109970688,0,0.0176249854266643,0,0.0024019889533519
0,5.308889740263112e-05,0,0.0021927580237388,0,0.0036016104277223,0,0.0004107915447093
0,0.0184460449963808,0,0.1240283399820327,0,0.02269640378654,0,0.0009346593287773
0,0.0029479728545993,0,0.0457748658955097,0,0.2975123226642608,0,0.0024457939434796
0,0.2119590789079666,0,0.1989959329366684,0,0.0218473058193922,0,0.009841906838119
0,0.0016180658712983,0,0.0566068515181541,0,0.0303171146661043,0,0.0011404010001569
0,0.024855189025402,0,0.1113834232091903,0,0.0131075708195567,0,0.0224506445229053
0,0.0038159182295203,0,0.0255364179611206,0,0.0196901857852935,0,0.0022880211472511
0,0.238720566034317,0,0.211851879954338,0,0.0293413810431957,0,0.0381264686584472
0,0.6194190979003906,0,0.4106198251247406,0,0.4935160279273987,0,0.4638937413692474
0,8.66646078065969e-05,0,0.0024556966964155,0,0.0524272322654724,0,0.0003341779229231
0,9.558857709635048e-05,0,0.0034574789460748,0,0.0034015583805739,0,0.0009746114374138
0,3.930594539269805e-05,0,0.0007997398497536,0,0.0065404418855905,0,0.0008393635507673
0,0.0032134831417351,0,0.0037908437661826,0,0.0085833994671702,0,0.0004541860253084
0,0.0008209534571506,0,0.0013675126247107,0,0.0033522946760058,0,0.0052837035618722
