fold_1_labels,fold_1_predictions,fold_2_labels,fold_2_predictions,fold_3_labels,fold_3_predictions,fold_4_labels,fold_4_predictions
1,0.2783124446868896,1,0.4535689353942871,1,0.0003200778737664,1,0.0003181921201758
1,0.9234555959701538,1,0.999953031539917,1,0.7327619791030884,1,0.9916742444038392
1,0.3818225860595703,1,0.9998083710670472,1,0.4972773790359497,1,0.9520678520202636
1,0.5551277995109558,1,1.633499596209731e-05,1,0.8692197799682617,1,0.0143793150782585
1,0.1507869362831115,1,0.0190976671874523,1,0.0529592968523502,1,0.1415988802909851
1,0.7144594788551331,1,6.114957068348303e-05,1,0.9169695377349854,1,0.3839100301265716
1,0.1168472468852996,1,0.0005357312620617,1,0.0867597237229347,1,0.3928402364253998
1,0.5463812351226807,1,0.9307615756988524,1,0.7150334715843201,1,0.7410351037979126
1,0.7076661586761475,1,0.939261794090271,1,0.0876265093684196,1,0.8333954215049744
1,0.712781548500061,1,0.8223814964294434,1,0.0895896404981613,1,0.4805426001548767
1,0.5145374536514282,1,0.8681256771087646,1,0.0124480929225683,1,0.0923059061169624
1,0.9449877142906188,1,0.9998314380645752,1,0.994976043701172,1,0.9996421337127686
1,0.4564957916736603,1,0.9559834003448486,1,0.7483022809028625,1,0.8821466565132141
1,0.4335537254810333,1,8.92909083631821e-05,1,0.0084654875099658,1,0.0047346744686365
1,0.2975821197032928,1,0.9196180701255798,1,0.1037836894392967,1,0.1390779763460159
1,0.3288513123989105,1,0.7706955671310425,1,0.0278430804610252,1,0.1236390694975853
1,0.8640872836112976,1,0.9567936658859252,1,0.9913800358772278,1,0.9983183145523072
1,0.1507104486227035,1,0.0062094875611364,1,0.0554269067943096,1,0.0163171514868736
1,0.3136230409145355,1,0.9779540300369264,1,0.4215620756149292,1,0.9011980891227722
1,0.5972639322280884,1,0.993051528930664,1,0.9355013370513916,1,0.7201595306396484
1,0.7156381011009216,1,0.99077308177948,1,0.7870447039604187,1,0.9867153763771056
0,0.0531685650348663,0,1.6540490832994692e-05,0,0.0078388033434748,0,0.0029164403676986
0,0.0017670313827693,0,1.6635769497952424e-05,0,0.0003699295921251,0,4.145228012930602e-05
0,0.0576390027999877,0,1.4459450540016404e-05,0,0.0318293012678623,0,0.0054941470734775
0,0.0017399961361661,0,2.513043284579908e-07,0,0.0003566590603441,0,8.996510587166995e-06
0,0.245682418346405,0,0.0001760236336849,0,0.0964255183935165,0,0.6675112843513489
0,0.0018449504859745,0,2.648802592375432e-06,0,0.0009375490481033,0,7.485871901735663e-05
0,0.0665470734238624,0,0.0001829713437473,0,0.0369374938309192,0,0.0896755307912826
0,0.0046160966157913,0,7.786937885612133e-07,0,0.0008482306730002,0,7.994973202585243e-06
0,0.0060748700052499,0,1.322648017776373e-06,0,0.001452934811823,0,0.0003153064171783
0,0.0027124392800033,0,0.0002011732867686,0,0.0032688691280782,0,0.0154682379215955
0,0.0119278561323881,0,6.770972686354071e-05,0,0.0004387656226754,0,0.0001704238529782
0,0.0103815421462059,0,3.2824496884131804e-05,0,8.174701360985637e-05,0,2.8368782295729037e-05
0,0.0190736707299947,0,0.017339089885354,0,0.002181943738833,0,0.0004423839563969
0,0.016123428940773,0,6.921800377313048e-05,0,0.0001182040214189,0,7.710007048444822e-05
0,0.0459293760359287,0,0.0223870426416397,0,0.0028834159020334,0,0.0019427670631557
0,0.0311227031052112,0,9.30826281546615e-05,0,0.0007085475954227,0,0.000210214726394
0,0.0138796819373965,0,2.968511398648843e-05,0,9.912182576954363e-05,0,0.0001541839155834
0,0.0973794162273407,0,0.0001517219498055,0,0.00014091412595,0,0.0013510242570191
0,0.0564937591552734,0,0.0065550357103347,0,0.001650329795666,0,0.000970067048911
0,0.0038367130327969,0,7.760821972624399e-06,0,7.78318353695795e-05,0,6.815652159275487e-05
0,0.0716725662350654,0,0.0002833104226738,0,0.0003087825607508,0,8.187840285245329e-05
0,0.2106195390224456,0,0.0001881754287751,0,0.0018587276572361,0,4.115278352401219e-05
0,0.02926941588521,0,0.0003607612452469,0,3.5608063626568764e-05,0,0.0001912428269861
0,0.0563863925635814,0,0.0002523960138205,0,0.2481715679168701,0,0.000704318692442
0,0.5270386338233948,0,0.1955285966396331,0,0.622475266456604,0,0.0187268182635307
0,0.2939537167549133,0,0.490807443857193,0,0.2613337934017181,0,0.0145085146650671
0,0.2295533567667007,0,0.1841618716716766,0,0.4088427722454071,0,0.0085345115512609
0,0.2179722040891647,0,0.7839297652244568,0,0.0661620423197746,0,0.0493147037923336
0,0.4772200286388397,0,0.0002312247524969,0,0.3294130861759186,0,0.0025951105635613
0,0.4762207865715027,0,0.8777034878730774,0,0.3944069445133209,0,0.002576443599537
0,0.3043341040611267,0,0.3030933141708374,0,0.3971432149410248,0,0.0032560657709836
0,0.1586695611476898,0,0.0001361910399282,0,0.0198181178420782,0,0.0021623610518872
0,0.5973419547080994,0,0.0001042459334712,0,0.4773039817810058,0,0.0017877138452604
0,0.6607552766799927,0,0.0050555611960589,0,0.4222784042358398,0,0.0084114344790577
0,0.3546404838562011,0,0.0017768777906894,0,0.194533959031105,0,0.0040961988270282
0,0.2506982982158661,0,0.0083917258307337,0,0.0588737167418003,0,0.0176713280379772
0,0.0883701965212822,0,1.7550026313983835e-05,0,0.0149434292688965,0,0.0001370001409668
0,0.003690174780786,0,0.0012693408643826,0,0.0004757869755849,0,0.0001166881120298
0,0.2982741594314575,0,0.9946892261505128,0,0.0139267388731241,0,0.3737206757068634
0,0.037001334130764,0,0.1976978033781051,0,0.0044856155291199,0,0.003773138159886
0,0.0170329306274652,0,0.0001386625808663,0,0.0005139739369042,0,0.0022693865466862
0,0.0266067627817392,0,0.0006880085566081,0,0.0004373811243567,0,0.0042064501903951
0,0.0246792137622833,0,1.948761928360909e-05,0,0.0365490578114986,0,0.0001395817525917
0,0.0391301326453685,0,9.461840090807529e-05,0,0.0002512076462153,0,0.0012762156547978
0,0.0387985296547412,0,0.0009435069514438,0,0.0055398833937942,0,0.2240388542413711
0,0.0294381938874721,0,0.0005511180497705,0,0.0005138362757861,0,0.0005590505897998
0,0.0253629181534051,0,0.007391151972115,0,0.0011465876596048,0,0.0002101842837873
0,0.015958409756422,0,0.0090876771137118,0,0.002165803220123,0,0.0098584974184632
0,0.8482528924942017,0,0.1297658234834671,0,0.002100488403812,0,0.3697285056114197
0,0.5484058856964111,0,0.9503170251846312,0,0.0489328503608703,0,0.004597907885909
0,0.1021838188171386,0,0.0009128002566285,0,0.0051917638629674,0,4.002153218607418e-05
0,0.540800929069519,0,0.9496777653694152,0,0.6209843158721924,0,0.94195157289505
0,0.0025570732541382,0,5.473017154145055e-05,0,0.0007887554820626,0,0.0001153003322542
0,0.0031169874127954,0,2.564500789503654e-07,0,0.000472462241305,0,9.345355465484316e-06
0,0.0178923085331916,0,0.0001587522710906,0,0.0019407969666644,0,0.0003901483723893
0,0.0020842875819653,0,4.323954635765404e-05,0,0.0017751016421243,0,0.0004396658041514
0,0.0034787480253726,0,2.5027284209500067e-06,0,0.0005390722653828,0,2.005074020416941e-05
0,0.0062081613577902,0,0.0001092682505259,0,0.0005089364713057,0,0.0002809739380609
0,0.0024281714577227,0,3.166355600114912e-05,0,0.0008689591195434,0,0.000259223714238
0,0.0026917089708149,0,8.263918402917625e-07,0,0.0002718441828619,0,1.7243868569494225e-05
0,0.0826384872198104,0,0.0013363041216507,0,0.0073676807805895,0,0.0029758417513221
0,0.0259331595152616,0,0.000511088350322,0,0.0038139778189361,0,0.0012726777931675
0,0.0015616526361554,0,3.1372099329018965e-05,0,0.0008009257726371,0,0.0007325413753278
0,0.0238261930644512,0,4.647170953830937e-06,0,0.0028922392521053,0,0.0001865346275735
0,0.0038643395528197,0,1.8473504326266266e-07,0,7.491685391869396e-05,0,2.5716476557136048e-06
0,0.0022075904998928,0,1.403766987095878e-06,0,0.0007530165603384,0,2.2351778170559555e-06
0,0.00303057115525,0,1.4566536492566229e-06,0,0.0012393372599035,0,1.0039662811323067e-05
0,0.0031427657231688,0,1.9004553450940875e-06,0,0.0015900202561169,0,1.6714759112801403e-05
0,0.0559442639350891,0,5.0433813157724217e-05,0,0.0409532599151134,0,0.0018847103929147
0,0.067030981183052,0,3.948914309148677e-05,0,0.0123137403279542,0,0.002374678151682
0,0.3285272419452667,0,0.3290877640247345,0,0.1014865189790725,0,0.0015512037789449
0,0.2114533931016922,0,0.0099114757031202,0,0.0724370405077934,0,0.0013941884972155
0,0.0531723126769065,0,0.0003326784644741,0,0.263190746307373,0,0.0040548150427639
0,0.003180289408192,0,1.237402216247574e-06,0,0.0005129629862494,0,0.0001895689492812
0,0.0218922458589077,0,1.485245502408361e-05,0,0.0023701004683971,0,0.0002364007232245
0,0.1310126781463623,0,2.493075044185389e-07,0,0.0025574446190148,0,4.119255390833132e-05
0,0.1803707629442215,0,0.0284492969512939,0,0.5996103882789612,0,0.0013327467022463
0,0.0205218363553285,0,0.0003227394190616,0,0.0002433395566185,0,0.0012681239750236
0,0.012608228251338,0,2.2916707166587003e-05,0,0.0195849034935235,0,2.963372207887005e-05
0,0.014288124628365,0,0.0096078645437955,0,0.2107294052839279,0,0.0003249915025662
0,0.0033001657575368,0,0.0021523362956941,0,0.0150586329400539,0,0.0006573102436959
0,0.0076628318056464,0,0.0004087766283191,0,0.4590498805046081,0,5.356907058740035e-05
0,0.003916289191693,0,0.0015888604102656,0,0.0090846726670861,0,0.0007285893661901
0,0.0079345442354679,0,3.676476990222e-05,0,0.0083765629678964,0,6.665248656645417e-05
0,0.0060666124336421,0,7.571058813482523e-05,0,0.070650041103363,0,3.93649133911822e-05
0,0.0037455114070326,0,0.003721754765138,0,0.0284130815416574,0,0.0043482179753482
0,0.006332017481327,0,0.0026910230517387,0,0.0156504418700933,0,0.0024393966887146
0,0.0032290064264088,0,1.169740357909177e-06,0,0.0067289904691278,0,0.0023093160707503
0,0.0168023705482482,0,6.548681994900107e-06,0,0.0147458687424659,0,5.145384056959301e-05
0,0.2278807610273361,0,7.828186789993197e-05,0,0.0034064550418406,0,0.001198518788442
0,0.7096014022827148,0,0.0048256255686283,0,0.0543963052332401,0,0.0221826024353504
0,0.0036125325132161,0,2.5037472369149327e-05,0,0.0005540469428524,0,0.0003637812624219
0,0.0125213507562875,0,4.112316310056485e-05,0,0.0028150437865406,0,0.0002310182608198
0,0.0027671812567859,0,1.4212139831215607e-05,0,0.0038432632572948,0,0.0002466626174282
0,0.003381757531315,0,9.79568198999914e-07,0,0.0019024288048967,0,4.358874775789445e-06
0,0.1553883701562881,0,0.0003067559155169,0,0.0021872469224035,0,0.0313862487673759
0,0.099957063794136,0,0.0008773060981184,0,0.0022181852255016,0,0.0231289379298686
0,0.0822171345353126,0,0.000667561602313,0,0.0024887577164918,0,0.0077128200791776
0,0.6087934374809265,0,0.3544821143150329,0,0.7620529532432556,0,0.3351402282714844
0,0.1020161062479019,0,0.0123443473130464,0,0.0043666418641805,0,0.0012874901294708
0,0.0128351813182234,0,0.0005095645901747,0,0.0005694265710189,0,3.963723065680824e-05
0,0.0102624874562025,0,0.0001819329190766,0,0.0203995369374752,0,6.238726928131655e-05
0,0.009742266498506,0,4.009923941339366e-05,0,0.0145754544064402,0,5.179801883059554e-05
0,0.0578398630023002,0,4.143971455050632e-05,0,0.0057857702486217,0,0.0010274158557876
0,0.1434728354215622,0,1.913034066092223e-05,0,0.1712060719728469,0,0.0022117095068097
0,0.0327357053756713,0,0.0001088347198674,0,0.0029924574773758,0,0.0008700037724338
0,0.2240014225244522,0,0.0002542991423979,0,0.3671881258487701,0,0.0020710297394543
0,0.0716904625296592,0,3.467903661658056e-05,0,0.3325391709804535,0,0.0005665788776241
0,0.0075699444860219,0,6.4917740019154735e-06,0,0.0055692330934107,0,0.2019445300102234
0,0.0034338242840021,0,2.3073771444614977e-06,0,0.0012263311073184,0,8.359987987205386e-06
0,0.0026309681124985,0,3.6365509004099295e-06,0,0.0009912919485941,0,1.518369754194282e-05
0,0.0021538608707487,0,1.4762479167984566e-06,0,0.0001449524570489,0,2.514400148356799e-05
0,0.0029257009737193,0,2.526869366192841e-06,0,0.0012629980919882,0,1.7243653928744607e-05
0,0.0015879506245255,0,1.4251388620323269e-06,0,0.0001380747853545,0,1.3530788237403613e-05
0,0.1723347455263137,0,0.0810310170054435,0,2.367383603996132e-05,0,9.842313738772646e-05
0,0.0646415650844574,0,0.0006573926657438,0,0.0645222440361976,0,0.0018674787133932
0,0.0029740170575678,0,5.657107976730913e-06,0,0.0009437694679945,0,6.506122190330643e-06
0,0.002169475890696,0,1.1062866178690456e-06,0,0.0004714909009635,0,0.0016483432846143
0,0.0099002560600638,0,5.60454536753241e-05,0,0.0052479216828942,0,6.636771286139265e-05
0,0.144148364663124,0,0.0003112689009867,0,0.0046523576602339,0,8.529173646820709e-05
0,0.0024770491290837,0,2.1116691641509533e-05,0,0.0005013819318264,0,0.0102714905515313
0,0.0028547092806547,0,5.180248081160244e-06,0,0.0007096338667906,0,0.0001604174321983
0,0.5532848834991455,0,1.0049587217508815e-05,0,0.0073793791234493,0,0.8430532217025757
0,0.0161672234535217,0,1.0033651960839052e-05,0,0.0004573924816213,0,0.0051633468829095
0,0.0069978185929358,0,0.0008067733724601,0,0.0068932473659515,0,8.218817674787715e-05
0,0.0280490815639495,0,5.920478088228265e-06,0,0.0009542947518639,0,7.222903150250204e-06
0,0.0161231718957424,0,4.556125077215256e-07,0,0.0006547066150233,0,0.0001302173186559
0,0.0051948288455605,0,6.15686167293461e-06,0,0.0007028824184089,0,0.0001754102413542
0,0.0155113879591226,0,7.226492471090751e-06,0,0.0004744570469483,0,0.001801528618671
0,0.0067802430130541,0,7.51842962927185e-05,0,0.0015285471454262,0,0.0001205501685035
0,0.0245951134711503,0,3.6309122606326127e-06,0,0.0010763755999505,0,8.16356623545289e-06
0,0.0935069322586059,0,0.0423127859830856,0,0.045755211263895,0,0.0188514776527881
0,0.497532457113266,0,0.0037332419306039,0,0.0289216004312038,0,0.0008022857946343
0,0.3319099843502044,0,0.0007672935025766,0,0.0215819645673036,0,0.0011980291455984
0,0.00523337488994,0,0.0009569993708282,0,0.1283541619777679,0,0.1653360575437545
0,0.0643544495105743,0,0.0980929285287857,0,0.0333936884999275,0,0.2285718321800232
0,0.0526475086808204,0,0.0863347947597503,0,0.233292818069458,0,0.1441505402326584
0,0.0920431390404701,0,0.1683408617973327,0,0.0128608224913477,0,0.0045334277674555
0,0.0884244814515113,0,8.04992851044517e-06,0,0.1008947789669036,0,0.2159099578857422
0,0.1044529899954795,0,0.000353970186552,0,0.0503459386527538,0,0.0007134515908546
0,0.0091851279139518,0,0.0015096887946128,0,0.0047553805634379,0,0.0067032282240688
0,0.0239562708884477,0,2.139955358870793e-05,0,0.0537721961736679,0,0.0005740306805819
0,0.1925784647464752,0,0.0053903036750853,0,0.0577182434499263,0,0.0074434885755181
0,0.2776027619838714,0,2.214679989265278e-05,0,0.0012075256090611,0,0.0001853768044384
0,0.153172567486763,0,0.2717986106872558,0,0.0043989517726004,0,0.0014095675433054
0,0.0487761870026588,0,0.5548421144485474,0,0.0525174401700496,0,0.0086558768525719
0,0.4083315134048462,0,0.119599848985672,0,0.2975718975067138,0,0.8378328084945679
0,0.002699464559555,0,1.003983584269008e-06,0,0.0008058663224801,0,2.381052399869077e-05
0,0.0061541846953332,0,0.0001208168032462,0,0.0005352810258045,0,0.0020349263213574
0,0.0063226334750652,0,0.0038124343845993,0,0.0004194259236101,0,2.052138552244287e-05
0,0.0058295633643865,0,8.190524567908142e-06,0,0.0009244789252988,0,2.6638970666681416e-05
0,0.6982293128967285,0,0.6130543351173401,0,0.971698522567749,0,0.2947687208652496
0,0.8302473425865173,0,0.0058991611003875,0,0.9189671874046326,0,0.0672257840633392
0,0.7533698081970215,0,0.1081836894154548,0,0.9585422873497008,0,0.784116804599762
0,0.0159455966204404,0,0.0004837312444578,0,0.000263594702119,0,1.27284656628035e-05
0,0.0191903803497552,0,7.450711564160883e-05,0,0.0002150318177882,0,1.4078387721383478e-05
0,0.0162885505706071,0,0.0030426871962845,0,0.0002219541056547,0,9.120579306909349e-06
0,0.4541830718517303,0,9.563307685311884e-05,0,0.0287521835416555,0,0.7944498062133789
0,0.0199048072099685,0,2.796060834953096e-05,0,0.001130698248744,0,0.001147105358541
0,0.0269469786435365,0,8.625269401818514e-06,0,0.0216435361653566,0,0.0073531912639737
0,0.0597929060459136,0,2.178823933718377e-06,0,0.0021123797632753,0,5.7462126278551295e-05
0,0.0166072361171245,0,4.462825017981231e-06,0,0.0018421876011416,0,0.0005565613391809
0,0.00794592872262,0,2.3627255814062664e-06,0,0.0011325447121635,0,0.0011980946874246
0,0.0081753078848123,0,1.4496622497972569e-06,0,0.0009075994603335,0,7.343065590248443e-06
0,0.0326502844691276,0,1.6541216609766707e-05,0,0.0010638888925313,0,0.0010680899722501
0,0.0111724557355046,0,1.51697850014898e-06,0,0.0015003562439233,0,0.000320549996104
0,0.0060587711632251,0,1.0251619109169496e-08,0,0.001707310671918,0,4.219866241328418e-06
0,0.3671230673789978,0,0.0004650700720958,0,0.0106559190899133,0,0.0013072454603388
0,0.3352693319320678,0,0.0104913180693984,0,0.0232498440891504,0,0.001082784961909
0,0.5113519430160522,0,0.0001864249206846,0,0.0678681656718254,0,0.0356991700828075
0,0.3637056946754455,0,0.1716278642416,0,0.034368447959423,0,0.0018834844231605
0,0.0355248264968395,0,1.924628304550424e-05,0,0.0022370279766619,0,5.9156733186682686e-05
0,0.1503914296627044,0,0.000691981811542,0,0.1348409503698349,0,0.0006032228120602
0,0.0664105638861656,0,0.004321348387748,0,0.748991847038269,0,0.3066332340240478
0,0.0251952204853296,0,2.2637956135440614e-05,0,0.0023263609036803,0,0.0003808971960097
0,0.0798238590359687,0,0.000491757702548,0,0.0101022580638527,0,0.0004072864830959
0,0.2790354788303375,0,0.0040390691719949,0,0.540259063243866,0,0.0001550435699755
0,0.063879907131195,0,0.1564040780067443,0,0.0018201475031673,0,0.113007828593254
0,0.0331378690898418,0,2.7054049496655352e-05,0,0.0007798526785336,0,0.0011423750547692
0,0.0705776363611221,0,0.9943643808364868,0,0.2817056477069855,0,0.5332586169242859
0,0.1116394847631454,0,0.0001769938826328,0,0.0016284169396385,0,0.0045801792293787
0,0.6195557713508606,0,0.0888978242874145,0,0.1729863286018371,0,0.3347426950931549
0,0.419111043214798,0,6.550235411850736e-05,0,0.0034233282785862,0,0.0169401708990335
0,0.0140726678073406,0,0.0755499601364135,0,0.0036504222080111,0,0.1355079710483551
0,0.0229686703532934,0,0.0152234518900513,0,0.268281489610672,0,0.0001730268122628
0,0.004073595162481,0,0.000914582342375,0,0.000818531261757,0,0.0001371445832774
0,0.0047621261328458,0,5.762131331721321e-05,0,0.0025555633474141,0,2.8210957680130377e-05
0,0.0123042864724993,0,0.0095679806545376,0,0.0010414073476567,0,3.563816426321864e-05
0,0.0022408519871532,0,1.0980294973705895e-05,0,0.0080882618203759,0,0.000256381870713
0,0.0085583422333002,0,7.970466867845971e-06,0,0.0012706841807812,0,2.0355457309051417e-05
0,0.0021859516855329,0,4.5656586735276505e-05,0,0.0224183965474367,0,3.757852391572669e-05
0,0.0012304390547797,0,6.394446972990409e-05,0,0.0015540738822892,0,0.0001055833927239
0,0.0011408401187509,0,7.084772369125858e-05,0,0.0031037384178489,0,0.0001441575586795
0,0.0048562604933977,0,1.4059294244361809e-06,0,0.002638375852257,0,0.0004797093279194
0,0.0011837611673399,0,7.924203237053007e-05,0,0.0014030367601662,0,0.0001815857831388
0,0.0048992787487804,0,9.351135190627248e-07,0,0.0023551131598651,0,0.000147487167851
0,0.0253062397241592,0,0.0001719388674246,0,0.019993545487523,0,0.0028664853889495
0,0.4694853723049164,0,0.0201525818556547,0,0.206694558262825,0,0.0667549520730972
0,0.731028139591217,0,0.6090381145477295,0,0.5255616307258606,0,0.3685173392295837
0,0.5884270071983337,0,0.142820730805397,0,0.0658776611089706,0,0.8242723941802979
0,0.0097293891012668,0,0.0026392920408397,0,0.0083194831386208,0,3.876077971654013e-05
0,0.0092311417683959,0,0.000691398163326,0,0.0113047426566481,0,0.0007586447754874
0,0.011563784442842,0,0.0017776433378458,0,0.0019825755152851,0,2.333034535695333e-05
0,0.0848075374960899,0,0.0001064933239831,0,0.0146638052538037,0,0.2992363572120666
0,0.0059980093501508,0,4.702438673120923e-06,0,0.0011271991534158,0,0.0001232359500136
0,0.005695940926671,0,3.684410103232949e-06,0,0.0009410353959538,0,5.421455716714263e-05
0,0.6872915029525757,0,0.9982166886329652,0,0.9218802452087402,0,0.9936345815658568
0,0.3995509147644043,0,0.5153439044952393,0,0.8409686088562012,0,0.6850605010986328
0,0.0040411353111267,0,2.385302650509402e-06,0,0.0013221671106293,0,0.0012794384965673
0,0.0018920295406132,0,4.722009634861024e-06,0,0.0005180041771382,0,4.218839239911176e-05
0,0.2384834885597229,0,1.2398967555782292e-05,0,0.0042112125083804,0,7.09394589648582e-05
0,0.0020831818692386,0,9.480583571530588e-07,0,0.0004526898846961,0,3.071049377467716e-06
0,0.0030978675931692,0,4.051777068525553e-05,0,0.003553326241672,0,0.0067834518849849
0,0.0328774154186248,0,4.7042280471032427e-07,0,0.0002377361233811,0,7.862128404667601e-05
0,0.0026018559001386,0,1.677349473538925e-06,0,0.0003774615761358,0,1.411915582139045e-05
0,0.0270170662552118,0,2.243317425154601e-07,0,0.0003135946171823,0,5.796051482320763e-05
0,0.0030729554127901,0,1.4308191111922497e-06,0,0.0005162056186236,0,1.1389928658900317e-05
0,0.0017753907013684,0,5.114344457979314e-05,0,0.0024625337682664,0,0.0017261352622881
0,0.0373128056526184,0,3.743862464489212e-07,0,0.0003038660797756,0,3.2874806493055075e-05
0,0.3657067716121673,0,5.69780713703949e-05,0,0.0047150021418929,0,0.0027507308404892
0,0.049253161996603,0,0.0020640522707253,0,0.00179096206557,0,0.0013945756945759
0,0.0018013967201113,0,6.029320047673536e-07,0,0.0004736642295029,0,1.391639125358779e-05
0,0.0796985253691673,0,0.0007926116231828,0,0.0033513950183987,0,0.0001032442814903
0,0.0689994916319847,0,0.0001710000797174,0,0.0023621921427547,0,0.0003111775149591
0,0.0683494210243225,0,0.0006176984752528,0,0.0024217003956437,0,3.267287320340984e-05
1,0.7526820302009583,1,0.0305710453540086,1,0.7724344730377197,1,0.988394856452942
1,0.5715495944023132,1,0.0003568051033653,1,0.3391928970813751,1,0.0408029071986675
1,0.0662002563476562,1,0.008717093616724,1,0.370309978723526,1,0.2542347013950348
1,0.0855181589722633,1,0.0009818190010264,1,0.1027660071849823,1,0.001169427880086
1,0.0253344774246215,1,0.002599196974188,1,0.0026028957217931,1,0.0050161876715719
1,0.8779289722442627,1,0.9993419051170348,1,0.9738556146621704,1,0.9999719858169556
1,0.9894447922706604,1,0.8326924443244934,1,0.9987448453903198,1,0.998572587966919
1,0.0094054779037833,1,0.0014947988092899,1,0.0350828170776367,1,0.0021794661879539
1,0.0181851536035537,1,0.0079015400260686,1,0.0408798865973949,1,0.0404873825609684
1,0.2068152725696563,1,0.1734670102596283,1,0.425529420375824,1,0.3451626598834991
1,0.0073352847248315,1,1.0767415915324818e-05,1,0.0038802572526037,1,0.0005746930255554
1,0.2628295719623565,1,0.99375981092453,1,0.874906599521637,1,0.0323809385299682
1,0.7650035619735718,1,0.976685345172882,1,0.754000723361969,1,0.4135043025016784
1,0.5799585580825806,1,0.1316293776035308,1,0.8977283239364624,1,0.650089681148529
1,0.8932183384895325,1,0.7961877584457397,1,0.9805018305778505,1,0.9878174662590028
1,0.0166071038693189,1,0.0078505901619791,1,0.0516581498086452,1,0.0011601588921621
1,0.0245267618447542,1,0.9969748258590698,1,0.0459725558757782,1,0.0049732285551726
1,0.0656678229570388,1,0.0002312686265213,1,0.0066425632685422,1,0.000166054451256
1,0.2988320589065552,1,0.8315709829330444,1,0.9638340473175048,1,0.0278872232884168
1,0.2500040829181671,1,0.906792938709259,1,0.7465448379516602,1,0.0237968824803829
1,0.7530806064605713,1,0.7608368992805481,1,0.7688835263252258,1,0.0101329367607831
1,0.2928508520126343,1,0.9956098198890686,1,0.7002906203269958,1,0.0278174374252557
1,0.6329590082168579,1,0.9993127584457396,1,0.8539625406265259,1,0.2538730502128601
1,0.7702197432518005,1,0.9985778331756592,1,0.8837621212005615,1,0.8860695362091064
1,0.7604159712791443,1,0.996217668056488,1,0.8798561096191406,1,0.5996140837669373
1,0.637551486492157,1,0.9919970631599426,1,0.7945755124092102,1,0.9429487586021424
0,0.0687945112586021,0,0.0066188406199216,0,0.7646957635879517,0,0.0513918399810791
0,0.1219404265284538,0,0.0193911250680685,0,0.7680838704109192,0,0.0232599452137947
0,0.083432987332344,0,1.4030740203452297e-05,0,0.0240303892642259,0,0.0027999456506222
0,0.0185429360717535,0,0.001244472223334,0,0.0612411014735698,0,4.50957850262057e-05
0,0.043212030082941,0,0.0019533154554665,0,0.0888480246067047,0,0.0001182092019007
0,0.2213287353515625,0,0.0011023144470527,0,0.0092188157141208,0,0.0034907578956335
0,0.0187578201293945,0,0.0002307195682078,0,0.0023263685870915,0,0.0002524003211874
0,0.0032126002479344,0,2.5393464966327883e-06,0,0.0041941939853131,0,7.222410204121843e-05
0,0.6033422946929932,0,5.822720777359791e-05,0,0.4580342471599579,0,0.0007929568528197
0,0.0263871718198061,0,0.0001696935069048,0,0.0047392989508807,0,2.163497629226185e-05
0,0.0459639802575111,0,0.0001155769641627,0,0.0049641714431345,0,0.0005268433014862
0,0.0048110904172062,0,9.5821933427942e-06,0,0.0015233191661536,0,0.0001021305506583
0,0.0018866703612729,0,4.162744517088868e-06,0,0.0007599283126182,0,2.211010360042565e-05
0,0.4538742303848266,0,0.9967195391654968,0,0.912006676197052,0,0.6259813904762268
0,0.0110527127981185,0,7.369985269178869e-06,0,0.0009981846669688,0,0.000189938044059
0,0.0026854209136217,0,3.629894536061329e-07,0,5.2086354116909206e-05,0,0.0013071645516902
0,0.0923177152872085,0,0.0845692679286003,0,0.5588210821151733,0,0.0006072254618629
0,0.0009468478965573,0,6.81149822412408e-06,0,0.0042941044084727,0,0.0004003083740826
0,0.0089844772592186,0,6.318886880762875e-05,0,0.0064346017315983,0,4.169845124124549e-05
0,0.4978244006633758,0,0.6451967358589172,0,0.5274421572685242,0,0.1408816874027252
0,0.0493555404245853,0,0.0007771708187647,0,0.0067867296747863,0,0.0003491800162009
0,0.1216027587652206,0,0.0014315989101305,0,0.1228837892413139,0,0.0010860576294362
0,0.1755508780479431,0,0.2757799327373504,0,0.6802608370780945,0,0.0013456341112032
0,0.0019230766920372,0,1.1232933729843353e-06,0,0.0004934928147122,0,0.0004349276714492
0,0.0032358400058001,0,0.0008813688764348,0,0.0007171215838752,0,6.55579833619413e-06
0,0.0660079941153526,0,0.0166916921734809,0,0.0060479035601019,0,0.00589763186872
0,0.0031961374916136,0,9.04818818980857e-07,0,0.0013334626564756,0,7.347395876422524e-05
0,0.0071941521018743,0,0.0001075833133654,0,0.0010564669501036,0,4.63570222564158e-06
0,0.0030011194758117,0,2.949106965388637e-05,0,0.0004734353278763,0,2.23030406232283e-06
0,0.0024510684888809,0,2.353389390918892e-05,0,0.0016700242413207,0,0.0001980480155907
0,0.5411291122436523,0,0.4798302948474884,0,0.8254314661026001,0,0.0174952074885368
0,0.6289674639701843,0,0.2967514991760254,0,0.7088654637336731,0,0.0369767136871814
0,0.4758201837539673,0,0.0109131410717964,0,0.4309662580490112,0,0.0218956507742404
0,0.5018362998962402,0,0.0445649065077304,0,0.4041603207588196,0,0.0107045983895659
0,0.4315406382083893,0,0.0034429123625159,0,0.4902487993240356,0,0.5201124548912048
0,0.3777604699134826,0,0.0404800735414028,0,0.0163612198084592,0,0.0022790194489061
0,0.0113747427240014,0,2.3432869056705385e-05,0,0.0007312541711144,0,0.0004739961586892
0,0.0059448610991239,0,0.0182380750775337,0,0.0064542153850197,0,0.0014520357362926
0,0.0045878426171839,0,0.0048029259778559,0,0.0018232021247968,0,0.0001157884325948
0,0.0063350722193717,0,0.0005988776683807,0,0.0051720133051276,0,0.0026716145221143
0,0.317645788192749,0,0.0002327735855942,0,0.0172561556100845,0,0.0006678680074401
0,0.0108923111110925,0,0.0095948688685894,0,0.0100573999807238,0,0.0046063568443059
0,0.0088334660977125,0,0.0119519550353288,0,0.002119260141626,0,0.0009791608899831
0,0.0267643760889768,0,3.5812229270959506e-06,0,0.0020608655177056,0,0.0061812298372387
0,0.0151855628937482,0,5.942318352936127e-07,0,0.0029464359395205,0,0.0492640510201454
0,0.0102793322876095,0,2.732410166572663e-06,0,0.0011773037258535,0,0.082123689353466
0,0.1259313821792602,0,1.3377322829910554e-05,0,0.0232740100473165,0,0.0013733126688748
0,0.0068354401737451,0,0.0003680364170577,0,0.0093652326613664,0,0.0015909184003248
0,0.0080502014607191,0,8.908636664273217e-05,0,0.0045409612357616,0,0.0005812933086417
0,0.0271168984472751,0,0.0004884345689788,0,0.0107200015336275,0,0.001880656578578
0,0.0060852984897792,0,0.0035259053111076,0,0.0759563222527504,0,0.0029198992997407
0,0.0088136410340666,0,0.0034388799685984,0,0.0086259143427014,0,0.0038575285580009
0,0.0561489835381507,0,0.016241256147623,0,0.0033097695559263,0,0.0065556108020246
0,0.0210400559008121,0,0.0006343920249491,0,0.0006423781160265,0,1.0387128895672504e-05
0,0.0056088473647832,0,3.6811020436289255e-06,0,0.0025922970380634,0,0.0001097099884646
0,0.0079989144578576,0,7.722628652118146e-06,0,0.0028912520501762,0,0.0013148611178621
0,0.004806384909898,0,8.069737305049784e-07,0,0.0009853939991444,0,4.910473944619298e-05
0,0.2578209638595581,0,4.94669220643118e-05,0,0.6909885406494141,0,0.728860080242157
0,0.0495616495609283,0,5.046744627179578e-05,0,0.0001049440106726,0,0.0005540424608625
0,0.0537283979356288,0,3.75068120774813e-05,0,0.0250200033187866,0,7.278565317392349e-05
0,0.129231110215187,0,9.632701403461395e-05,0,0.0516885034739971,0,0.000263123656623
0,0.0047703026793897,0,0.0063769142143428,0,0.0132292127236723,0,0.0003495640412438
0,0.1345471143722534,0,1.001815326162614e-05,0,0.000258250569459,0,0.0018039955757558
0,0.0044931955635547,0,3.9661469486418365e-07,0,0.0027715191245079,0,7.3557450377848e-05
0,0.0039590122178196,0,0.0020013931207358,0,0.002680123783648,0,0.000246057548793
0,0.0075833001174032,0,7.527074785684817e-07,0,0.0010242220014333,0,0.0001284299942199
0,0.0037761004641652,0,0.3541232049465179,0,0.0022589648142457,0,0.0012026231270283
0,0.0078615322709083,0,3.585320200727438e-07,0,0.0011196165578439,0,5.575483010034077e-05
0,0.0034554374869912,0,0.0001243858569068,0,0.0047928895801305,0,1.2966542271897197e-05
0,0.0109058916568756,0,0.0001180404797196,0,0.0019538779743015,0,4.356977296993136e-05
0,0.0088486177846789,0,2.902569349316764e-06,0,0.0007002378697507,0,0.0048258015885949
0,0.0095034800469875,0,4.8858342779567465e-05,0,0.0026109472382813,0,0.0006752531044185
0,0.0187207646667957,0,1.1261432518949732e-05,0,0.0012805217411369,0,0.0002832971804309
0,0.0156930107623338,0,1.1123994227091316e-05,0,0.0032063825055956,0,0.0008411789895035
0,0.0709639862179756,0,0.0007199867395684,0,0.0115819042548537,0,0.0001272178342333
0,0.0132381599396467,0,7.467857585652382e-07,0,0.0011368574341759,0,0.0023569299373775
0,0.5739798545837402,0,0.9970515966415404,0,0.9263515472412108,0,0.9857882857322692
0,0.0282639525830745,0,2.321223473700229e-05,0,0.000103263388155,0,0.0014084981521591
0,0.0016486783279106,0,1.0328556072636277e-06,0,0.0004265915777068,0,6.477303486462915e-06
0,0.011571317911148,0,6.784489869460231e-06,0,2.5673918571555987e-05,0,0.0008246852084994
0,0.0670769363641738,0,2.633943267937866e-06,0,4.70103150291834e-05,0,0.0005253665149211
0,0.0294676087796688,0,1.5506646377616562e-05,0,3.45832304446958e-05,0,0.0004108209104742
0,0.0296193324029445,0,0.0075465589761734,0,5.408509969129227e-05,0,2.6398796762805432e-05
0,0.0321649685502052,0,0.0013857978628948,0,0.0087029263377189,0,0.0024707010015845
0,0.0585616640746593,0,0.0002396439085714,0,0.0030540339648723,0,0.002248203381896
0,0.0076399468816816,0,0.00015499095025,0,0.0067187617532908,0,3.606542668421753e-05
0,0.0071274796500802,0,0.0007185869617387,0,0.0627148002386093,0,1.002232966129668e-05
0,0.2541465163230896,0,0.0246001593768596,0,0.0099639641121029,0,0.0033643683418631
0,0.2592706382274627,0,0.1771378070116043,0,0.1366032660007476,0,0.0006696819909848
0,0.0024309093132615,0,0.0001282063312828,0,0.0026579340919852,0,0.000131458917167
0,0.0207883026450872,0,5.9273247643432114e-06,0,0.0014611732913181,0,0.0003470642550382
0,0.0337178297340869,0,1.5807625459274277e-05,0,0.0026816127356141,0,0.0130736203864216
0,0.2066608518362045,0,0.0002845616254489,0,0.0168256796896457,0,0.0006793518550693
0,0.0270382892340421,0,0.0037020116578787,0,0.0016417882870882,0,3.6509405617835e-05
0,0.1410318315029144,0,0.0007909223204478,0,0.2877591252326965,0,0.0010634855134412
0,0.7866730093955994,0,0.9154866933822632,0,0.912142813205719,0,0.5908783674240112
0,0.6700095534324646,0,0.7785724997520447,0,0.8789476752281189,0,0.8954225182533264
0,0.6072061657905579,0,0.279075562953949,0,0.8734117746353149,0,0.904391884803772
0,0.1660848259925842,0,0.0013390993699431,0,0.1034511104226112,0,0.0007870705449022
0,0.003709923941642,0,1.1166947615492973e-06,0,0.0002254567516501,0,0.0001306705671595
0,0.0081026889383792,0,7.650028805983311e-07,0,0.0002030645846389,0,0.0001184748616651
0,0.007962767034769,0,5.579486810347589e-07,0,9.01412859093398e-05,0,0.00018267185078
0,0.008768985979259,0,6.337046670523705e-06,0,2.131238761649001e-05,0,1.7313287798970125e-06
0,0.0088840592652559,0,1.5582800187985413e-06,0,0.0001646721211727,0,0.0002067752648144
0,0.0132766226306557,0,6.94737900630571e-05,0,5.700894325855188e-05,0,0.0001103345421142
0,0.0193949528038501,0,1.4495930145130842e-06,0,0.0002195952547481,0,4.781750703841681e-06
0,0.1340083628892898,0,0.3965391814708709,0,0.0027370669413357,0,0.0013580730883404
0,0.5127568244934082,0,0.003818028839305,0,0.019783554598689,0,0.0007170167518779
0,0.0260633956640958,0,9.567862662152038e-07,0,0.0003647058329079,0,0.0001505978434579
0,0.3669891357421875,0,0.0038038836792111,0,0.0300352741032838,0,0.0002693818241823
0,0.0215724371373653,0,2.7562712148210267e-06,0,0.0006151874549686,0,0.0017783771036192
0,0.7555399537086487,0,0.0416336618363857,0,0.2400271147489547,0,0.4570156037807464
0,0.0803397223353385,0,0.0015071391826495,0,0.003501116996631,0,0.0599194094538688
0,0.0161314029246568,0,5.17254120495636e-05,0,0.0010733911767601,0,0.0002679274475667
0,0.0291161350905895,0,0.0001160723113571,0,0.0009297941578552,0,0.0002190484228776
0,0.0526303835213184,0,0.0016217266675084,0,0.0006124653154984,0,0.0054140277206897
0,0.8020352125167847,0,0.7543112635612488,0,0.3104748129844665,0,0.9820961952209472
0,0.0550944618880748,0,5.305579543346539e-05,0,0.0074954619631171,0,0.0037300470285117
0,0.0882196500897407,0,0.0001430549746146,0,0.0022186590358614,0,0.0226486288011074
0,0.0182978045195341,0,6.587217649212107e-05,0,0.0008435118943452,0,0.0007073369342833
0,0.8105998635292053,0,0.001226155902259,0,0.7148303389549255,0,0.9842672944068908
0,0.0098552806302905,0,0.00011000980885,0,0.0015875364188104,0,3.673172614071518e-05
0,0.0064757191576063,0,3.156163074891083e-05,0,0.000917239638511,0,2.178796785301529e-05
0,0.0129303093999624,0,0.0001928310957737,0,0.0069429040886461,0,8.868417353369296e-05
0,0.2059465050697326,0,0.1941341310739517,0,0.2408234775066375,0,0.0167056042701005
0,0.1681273877620697,0,0.8040435910224915,0,0.0047612516209483,0,0.4997687339782715
0,0.0286257285624742,0,3.6594565244740807e-06,0,0.0053024580702185,0,0.0001242117432411
0,0.0237394049763679,0,4.579585038300138e-06,0,0.0005123451119288,0,0.0001059532369254
0,0.4476567804813385,0,0.873799204826355,0,0.033081330358982,0,0.0463229939341545
0,0.0774857774376869,0,0.2094916701316833,0,0.0009485833579674,0,0.0005142262671142
0,0.011180686764419,0,0.8992191553115845,0,0.029601639136672,0,0.1249070838093757
0,0.2036335468292236,0,0.3914669454097748,0,0.0599021017551422,0,0.3377063870429992
0,0.673997163772583,0,0.0231403224170207,0,0.8868952393531799,0,0.6750259399414062
0,0.9961283206939696,0,0.3288088142871856,0,0.9964298605918884,0,0.9736031889915466
0,0.970252275466919,0,0.0399419479072093,0,0.9073421955108644,0,0.797342836856842
0,0.0890091434121131,0,0.1447623819112777,0,0.2587218582630157,0,0.8331535458564758
0,0.0045785405673086,0,6.108869001764106e-07,0,0.0019869222305715,0,0.0001021400021272
0,0.0073155928403139,0,6.40656480754842e-07,0,0.001391477882862,0,3.4903318010037765e-05
0,0.5282052755355835,0,0.957905888557434,0,0.2890273630619049,0,0.8400943875312805
0,0.4538797438144684,0,0.928896427154541,0,0.3919245898723602,0,0.4384490847587585
0,0.0041925595141947,0,4.432897640072042e-07,0,0.0001039706403389,0,4.781896677741315e-06
0,0.2721367478370666,0,0.0009649659041315,0,0.0034482991322875,0,0.0002174832334276
0,0.015268868766725,0,8.350394637091085e-06,0,0.0002821876259986,0,7.01809476595372e-05
0,0.0035926327109336,0,1.601037297405128e-06,0,6.558698078151792e-05,0,0.000283670698991
0,0.0073111057281494,0,2.7000980480806905e-05,0,0.0001341591705568,0,0.0002685765211936
0,0.0028594678733497,0,4.773922682943521e-06,0,5.636721107293852e-05,0,0.0002682218328118
0,0.0255427043884992,0,0.0007381355389952,0,0.0508244261145591,0,0.4187323749065399
0,0.0041413400322198,0,1.2569411182994372e-06,0,2.792295526887756e-05,0,0.0002376069605816
0,0.4328400492668152,0,0.8455942869186401,0,0.0413792990148067,0,0.1018429100513458
0,0.2730956077575683,0,0.3722421526908874,0,0.8469261527061462,0,0.002972821239382
0,0.5329073071479797,0,0.8676531910896301,0,0.9125167727470398,0,0.0696516633033752
0,0.4266811609268188,0,0.2392847687005996,0,0.6237344145774841,0,0.2421796768903732
0,0.405426561832428,0,0.1230847835540771,0,0.0565507002174854,0,0.0087848287075757
0,0.2157082706689834,0,0.9833526611328124,0,0.0113003207370638,0,0.1849728375673294
0,0.4478898644447326,0,0.0247624441981315,0,0.1885125339031219,0,0.0034683723933994
0,0.4665000140666961,0,0.0467845275998115,0,0.7501103281974792,0,0.589548647403717
0,0.4711148142814636,0,0.9900460839271544,0,0.0157849173992872,0,0.0064268540591001
0,0.0119293564930558,0,1.576950126036536e-05,0,0.0003457367129158,0,3.980704786954448e-05
0,0.0371892526745796,0,0.0007793245604261,0,0.053060408681631,0,0.0007077333284541
0,0.0683836489915847,0,0.617611825466156,0,0.5877320766448975,0,0.8955819606781006
0,0.0024134181439876,0,7.379110655847398e-08,0,0.001328666228801,0,1.603579039510805e-05
0,0.3802350759506225,0,0.6614866256713867,0,0.2051610350608825,0,0.8954653143882751
0,0.0864153206348419,0,0.0003127923118881,0,0.0681317448616027,0,0.0013151178136467
0,0.039661843329668,0,0.001301622367464,0,0.0676862522959709,0,0.0028999061323702
0,0.0706738531589508,0,0.0002922466956079,0,0.3250099420547485,0,0.010886887088418
0,0.7794011235237122,0,0.0673469379544258,0,0.8369755148887634,0,0.9938846230506896
0,0.8901681303977966,0,0.4335341453552246,0,0.7286679744720459,0,0.8062682747840881
0,0.4906424283981323,0,0.8540126085281372,0,0.2389950603246688,0,0.9795698523521424
0,0.0950764417648315,0,4.758154773298884e-06,0,0.0037887170910835,0,7.316715345950797e-05
0,0.1388054341077804,0,0.0010072509758174,0,0.0007945324177853,0,0.0001267680927412
0,0.1780124008655548,0,0.0001188117530546,0,0.0022794031538069,0,0.0001352787076029
0,0.0047561163082718,0,0.0001218450997839,0,0.0009011371294036,0,0.0034158371854573
0,0.0273452084511518,0,2.666006184881553e-05,0,0.006065709516406,0,3.334701614221558e-05
0,0.0156408827751874,0,7.116197230061516e-05,0,0.001016643946059,0,9.861440776148812e-05
0,0.0093157365918159,0,0.0001107871430576,0,0.0014628641074523,0,0.0036148950457572
0,0.0311902780085802,0,3.683239265228622e-05,0,0.001925203949213,0,0.0001171687836176
0,0.0125587731599807,0,0.0009180417982861,0,0.0069112465716898,0,0.0084872813895344
0,0.0093362526968121,0,8.97814587119683e-08,0,0.0003708982258103,0,0.0044850558042526
0,0.0043649235740303,0,4.048559105740424e-07,0,0.0001953434402821,0,0.0016098475316539
0,0.0066989115439355,0,3.9784021055311314e-07,0,8.138161501847208e-05,0,0.0040591889992356
0,0.0044391946867108,0,4.333909146225778e-06,0,0.0036605766508728,0,0.0007928987033665
0,0.0038174341898411,0,1.428222049071337e-06,0,0.0033451411873102,0,0.0001200330734718
0,0.0053984490223228,0,9.074631748262618e-07,0,0.0005955761880613,0,0.0002160577569156
0,0.0056702522560954,0,7.972710136527894e-07,0,0.0139568969607353,0,0.0002110375353367
0,0.0538260117173194,0,5.65295122214593e-05,0,0.0092599736526608,0,0.0976791009306907
0,0.0127941500395536,0,5.000023520551622e-05,0,0.018429497256875,0,0.0917700752615928
0,0.0703950673341751,0,1.2783389138348866e-05,0,0.0170477144420146,0,0.0865027979016304
0,0.029607793316245,0,0.0001239169359905,0,0.0840863436460495,0,0.1286145001649856
0,0.0477551110088825,0,2.642719323375786e-07,0,0.003128153970465,0,0.00063859927468
0,0.0133267091587185,0,3.234854148104205e-06,0,0.0011070447508245,0,0.0002571209042798
0,0.0044587641023099,0,5.3944425815188886e-08,0,0.0006458126590587,0,7.376431312877685e-05
0,0.0087488023564219,0,3.127543459413573e-05,0,0.0005743842339143,0,0.0001182106789201
0,0.0035984392743557,0,1.2731628658002592e-06,0,0.0008068813476711,0,0.0002285348018631
0,0.0102672409266233,0,7.771360287733842e-06,0,0.0009693528409115,0,7.485750393243507e-05
0,0.0053214523941278,0,2.4634036890347488e-05,0,0.0001695794780971,0,4.803626870852895e-05
0,0.0083250794559717,0,7.380766328424215e-05,0,0.0012122483458369,0,0.0002198217116529
0,0.0052590006962418,0,5.014051930629648e-05,0,0.0004253307415638,0,2.8188338546897285e-05
0,0.0051478613168001,0,2.2190190520632318e-06,0,1.2329187484283466e-05,0,0.0015944252954795
0,0.0232754684984684,0,7.423234364978271e-06,0,0.0006192974979057,0,0.0004409406974446
0,0.0040447912178933,0,1.1633440408331808e-05,0,0.0001383619674015,0,1.2322158909228165e-05
0,0.0133815761655569,0,2.784289608825929e-05,0,0.0229565966874361,0,0.0157762598246336
0,0.0056058908812701,0,4.587702278513461e-06,0,0.0005173900863155,0,0.0052082338370382
0,0.0033985350746661,0,4.416375304572284e-06,0,0.0001265070168301,0,0.00062099826755
0,0.0041681062430143,0,5.412309747043764e-06,0,7.588840526295826e-05,0,0.0004086665576323
0,0.0425539575517177,0,3.5680877772392705e-05,0,0.0434849485754966,0,5.98665155848721e-06
0,0.0166482329368591,0,1.7900500097312033e-05,0,0.001937263412401,0,4.022549546789378e-06
0,0.0175021830946207,0,2.4015744202188216e-05,0,0.0023639367427676,0,7.757069397484884e-06
0,0.5749735832214355,0,0.9981734752655028,0,0.2016810327768325,0,0.5290179252624512
0,0.6761713027954102,0,0.9918665289878844,0,0.2777050137519836,0,0.1322926431894302
0,0.759502649307251,0,0.99977844953537,0,0.0250938292592763,0,0.0271876696497201
0,0.0042580869048833,0,0.0020496761426329,0,0.0006222726078704,0,0.0002326111716683
0,0.1728984117507934,0,0.5211321115493774,0,0.415088415145874,0,0.0076638874597847
0,0.0295268986374139,0,3.294146154075861e-05,0,0.0073376283980906,0,0.4808712303638458
0,0.0035606236197054,0,0.0021863167639821,0,0.0007261527935042,0,0.0001546705752843
0,0.0627646595239639,0,0.0003475163830444,0,0.0101765003055334,0,0.0006166358944028
0,0.0516146905720233,0,5.326476093614474e-05,0,0.0105062434449791,0,0.7063384056091309
0,0.0063162557780742,0,0.0016342012677341,0,0.0005801591905765,0,0.0003111748374067
0,0.0704980641603469,0,0.0007767547504045,0,0.3265226483345032,0,0.0030028610490262
0,0.0699084252119064,0,6.140019104350358e-05,0,0.0211525466293096,0,0.3027719557285309
0,0.7990387678146362,0,0.0001748076756484,0,0.2279471457004547,0,0.4717125594615936
0,0.0362169928848743,0,0.0007417292217724,0,0.0178703423589468,0,0.0603391267359256
0,0.0249550528824329,0,3.4951262932736427e-06,0,0.0002811751910485,0,0.0002289701369591
0,0.0341715663671493,0,0.0082450956106185,0,0.0045771258883178,0,0.0022069308906793
0,0.0307143833488225,0,5.335203695722157e-06,0,0.0006256143678911,0,0.0002715299779083
0,0.0655058249831199,0,0.0005463884444907,0,0.011207653209567,0,0.0057966979220509
0,0.0617840997874736,0,9.078569291887106e-07,0,0.0004994924529455,0,3.3596952562220395e-05
0,0.0199055839329957,0,5.762300361311645e-07,0,0.0083379466086626,0,0.0003565623192116
0,0.0201124567538499,0,6.98522114817024e-07,0,0.0035672225058078,0,0.0001211075868923
0,0.01912422478199,0,1.2440472119124024e-06,0,0.0061914408579468,0,0.0004829882818739
0,0.0153022063896059,0,2.2898001361681966e-07,0,0.0006437849951907,0,8.459556738671381e-06
0,0.3504028022289276,0,0.4459705948829651,0,0.1884696036577224,0,0.1235300451517105
0,0.1050089672207832,0,0.3184214234352112,0,0.0911608040332794,0,0.983307123184204
0,0.3045800626277923,0,0.0009247370180673,0,0.0858001038432121,0,0.0023704816121608
0,0.690823495388031,0,0.4958667159080505,0,0.3003432154655456,0,0.0231795404106378
0,0.2013728022575378,0,0.990047574043274,0,0.0405668690800666,0,0.944555640220642
0,0.2147209495306015,0,0.0052577736787498,0,0.2142110168933868,0,0.0225442014634609
0,0.6126415729522705,0,0.0176687128841877,0,0.1370633542537689,0,0.1406111121177673
0,0.0025310281198471,0,3.1330284855357604e-07,0,0.0018129858653992,0,0.0017189000500366
0,0.1767124086618423,0,0.9981980919837952,0,0.0459493361413478,0,0.9844313263893129
0,0.5481041669845581,0,0.0001228669279953,0,0.4773280918598175,0,0.0717057436704635
0,0.1961621344089508,0,0.2342372089624405,0,0.1929763555526733,0,0.0562518499791622
0,0.0038280352018773,0,3.0448411791894614e-08,0,0.0005511632189154,0,0.0002920667466241
0,0.0346028581261634,0,0.882156252861023,0,0.0026529068127274,0,0.0041942158713936
0,0.0494478568434715,0,6.559582743648207e-06,0,0.0003147093812003,0,4.851796256843954e-05
1,0.3803552985191345,1,0.0093922484666109,1,0.0777111947536468,1,0.004446720238775
1,0.565239429473877,1,0.8187224268913269,1,0.2018884122371673,1,0.9612669944763184
1,0.3773813843727112,1,0.5038889050483704,1,0.1330237388610839,1,0.9650924801826476
1,0.5895324945449829,1,0.998621702194214,1,0.222025379538536,1,0.9923205971717834
1,0.4508299827575683,1,0.9990416169166564,1,0.9199342131614684,1,0.8847882151603699
1,0.8761365413665771,1,0.9999645948410034,1,0.9332136511802672,1,0.9932917356491088
1,0.5871222019195557,1,0.9985222220420836,1,0.2569692730903625,1,0.0958193391561508
1,0.8745864033699036,1,0.999996781349182,1,0.7739354968070984,1,0.976439893245697
1,0.8834685683250427,1,0.1578058302402496,1,0.7389752268791199,1,0.8574691414833069
1,0.7882238030433655,1,0.8115929961204529,1,0.3909166157245636,1,0.1898833662271499
1,0.079451285302639,1,0.7422953248023987,1,0.067571610212326,1,0.1072280928492546
1,0.6887602210044861,1,0.9536650776863098,1,0.8776928186416626,1,0.9627503156661988
1,0.0086860759183764,1,0.0340455435216426,1,0.0682450458407402,1,0.0005947822937741
1,0.4483984708786011,1,0.998507797718048,1,0.26297327876091,1,0.7111125588417053
1,0.6085361838340759,1,0.999481737613678,1,0.4640274345874786,1,0.5276290774345398
1,0.6949392557144165,1,0.9998342990875244,1,0.6522542238235474,1,0.515937089920044
1,0.2502505779266357,1,0.0006079177255742,1,0.0534336529672145,1,0.0039230431430041
1,0.3954336047172546,1,0.9999785423278807,1,0.4887035489082336,1,0.7533121109008789
1,0.8353829383850098,1,0.9977684020996094,1,0.9400430917739868,1,0.9946527481079102
1,0.7465847134590149,1,0.9978973865509032,1,0.8907632827758789,1,0.992901086807251
1,0.6226107478141785,1,0.3806371688842773,1,0.3820675611495971,1,0.9490628242492676
1,0.7765483856201172,1,0.3443669378757477,1,0.4912493228912353,1,0.9215832352638244
1,0.1593079566955566,1,0.4595414698123932,1,0.0500982105731964,1,0.0311816409230232
1,0.8420969843864441,1,0.954384446144104,1,0.6580572128295898,1,0.7889540195465088
1,0.8354926705360413,1,0.9996833801269532,1,0.588228702545166,1,0.9976733326911926
1,0.0532343201339244,1,0.5874999761581421,1,0.0283370483666658,1,0.0990282222628593
1,0.9907121062278748,1,0.950847625732422,1,0.9880308508872986,1,0.999853014945984
0,0.2003146409988403,0,0.0073572196997702,0,0.2883745431900024,0,0.0992968678474426
0,0.0122484443709254,0,0.002520966110751,0,0.0123913343995809,0,0.0029814352747052
0,0.0020140476990491,0,2.3639548984988323e-08,0,0.0030292314477264,0,4.386908040032722e-05
0,0.0066900933161377,0,8.651705485362983e-08,0,0.0014942502602934,0,1.1224292393308131e-05
0,0.0038844062946736,0,1.6800662478999584e-06,0,0.0026236160192638,0,0.0004506827390287
0,0.848626434803009,0,0.9999630451202391,0,0.9539902806282043,0,0.8715911507606506
0,0.0076149874366819,0,0.0001045860553858,0,0.0011197574203833,0,0.0012894781539216
0,0.9349493980407716,0,0.999882698059082,0,0.9898936152458192,0,0.9357725977897644
0,0.1945918947458267,0,0.0017036849167197,0,0.0021372570190578,0,0.001657634973526
0,0.0119608044624328,0,0.0005803486565127,0,0.0005387769197113,0,0.0002359436475671
0,0.0265948418527841,0,0.0200987048447132,0,0.0068463026545941,0,0.0003507536312099
0,0.0034332354553043,0,1.058998441294534e-05,0,0.0027462816797196,0,0.0002253542479593
0,0.6807126402854919,0,0.9927992820739746,0,0.251298725605011,0,0.006293193437159
0,0.043015107512474,0,0.0002453903143759,0,0.0707544013857841,0,0.0001461541105527
0,0.1299110949039459,0,0.0265411809086799,0,0.0216495692729949,0,0.0028174207545816
0,0.133754014968872,0,6.887999006721657e-06,0,0.0120742209255695,0,0.0066750147379934
0,0.1361515820026397,0,5.58826832275372e-05,0,0.0146386176347732,0,0.0511569827795028
0,0.0518238618969917,0,2.544601375120692e-05,0,0.0026804043445736,0,0.0428173393011093
0,0.0164469424635171,0,4.3251210968264797e-07,0,0.0045201699249446,0,0.0087153296917676
0,0.056354571133852,0,4.468957740755286e-06,0,0.0077791749499738,0,0.0845776051282882
0,0.3909565210342407,0,0.7640746235847473,0,0.1226259991526603,0,0.001616469817236
0,0.40230593085289,0,0.9824214577674866,0,0.4101759195327759,0,0.0058296988718211
0,0.0285172685980796,0,0.9895616173744202,0,0.3936325013637543,0,0.9031149744987488
0,0.0158047005534172,0,1.7743777789291926e-05,0,0.0005078618996776,0,0.0006572626298293
0,0.295137494802475,0,5.271231202641502e-05,0,0.1043430417776107,0,0.0212789140641689
0,0.5597141981124878,0,0.0001540927769383,0,0.1738037317991256,0,0.2275016903877258
0,0.0967966169118881,0,0.0132972402498126,0,0.3013239502906799,0,0.0111701386049389
0,0.1684788167476654,0,9.136174048762769e-05,0,0.0044260681606829,0,0.8861979246139526
0,0.289002925157547,0,0.0300706587731838,0,0.0263417065143585,0,0.9435462951660156
0,0.0061756847426295,0,3.57747512680362e-06,0,0.0011967562604695,0,0.0005038009257987
0,0.0099178273230791,0,1.5783976778038777e-05,0,0.0011093682842329,0,0.0021510689985007
0,0.0266881063580513,0,0.0005556083633564,0,0.0018314089393243,0,0.0001825290819397
0,0.0144229680299758,0,2.5859784727799703e-05,0,0.0025400188751518,0,0.0001181709958473
0,0.052310723811388,0,0.0974616333842277,0,0.0091206412762403,0,0.000413700210629
0,0.003940453287214,0,1.3026292435824871e-06,0,0.0067512984387576,0,0.0001022434880724
0,0.0452742166817188,0,0.0037933960556983,0,0.0226209126412868,0,0.0001443607325199
0,0.0094632040709257,0,3.4887425499618985e-06,0,0.0050442507490515,0,0.0004718490235973
0,0.0208378974348306,0,0.0001259824057342,0,0.0024346446152776,0,0.0006164592923596
0,0.008134089410305,0,0.0752471461892128,0,0.0019255841616541,0,0.0107095586135983
0,0.0018051981460303,0,5.407496246334631e-06,0,0.0002865818096324,0,2.0456747733987868e-05
0,0.0249565728008747,0,9.967692676582374e-06,0,0.0003117307205684,0,4.2680505430325866e-05
0,0.0210255123674869,0,7.443665253958898e-06,0,0.0004166590806562,0,0.0005554892122745
0,0.0110917771235108,0,0.0129725849255919,0,0.002541601890698,0,0.0005514714866876
0,0.0068911779671907,0,4.35122865383164e-06,0,0.0027245641686022,0,7.156770880101249e-05
0,0.0020808349363505,0,8.578450092500134e-07,0,0.0001859078474808,0,5.252434675639961e-06
0,0.0475381910800933,0,1.1534692703207838e-06,0,0.0001401035406161,0,8.2051134086214e-05
0,0.0073885079473257,0,8.596896805102006e-06,0,0.0260922629386186,0,0.0003278979856986
0,0.3728852272033691,0,0.9449982047080994,0,0.3516053259372711,0,0.001991847762838
0,0.0017020652303472,0,0.000451930129202,0,0.0014001608360558,0,0.004500925540924
0,0.0204945709556341,0,0.0005929933395236,0,0.0084116291254758,0,0.0014001770177856
0,0.0255817770957946,0,0.0004898564075119,0,0.004099940881133,0,0.0002394826442468
0,0.0004635479999706,0,1.8624745280249044e-05,0,0.0014700167812407,0,0.0302318055182695
0,0.0073045687749981,0,0.0232289768755435,0,0.0039410074241459,0,0.0059865349903702
0,0.0063391705043613,0,0.0034096974413841,0,0.0093202833086252,0,0.0641222670674324
0,0.0179359633475542,0,5.241340659267735e-06,0,0.000666509848088,0,0.0008050940814428
0,0.0149403614923357,0,3.682610622490756e-05,0,0.0009751771576702,0,0.001020684139803
0,0.0164923816919326,0,5.678870365954936e-06,0,0.0015824037836864,0,0.0002811947488225
0,0.002653029281646,0,1.1755181361650104e-07,0,0.0005074979271739,0,2.350273007323267e-06
0,0.0040777465328574,0,1.2496306567300053e-07,0,0.0005694102728739,0,2.0212728486512788e-06
0,0.0091921994462609,0,4.6399391067097895e-06,0,0.0001610266044735,0,0.0010527204722166
0,0.0051210047677159,0,1.268497362616472e-05,0,5.819501166115515e-05,0,0.0068229786120355
0,0.0054726060479879,0,0.0003288452862761,0,6.979198951739818e-05,0,7.874433504184708e-05
0,0.0328746102750301,0,0.1893569976091385,0,0.0107957748696208,0,0.115935131907463
0,0.0052595799788832,0,9.113945452554615e-06,0,3.862852463498712e-05,0,0.0057410201989114
0,0.0044813374988734,0,0.0004346922214608,0,0.0001162431144621,0,3.017135168192908e-05
0,0.0146605893969535,0,6.359507551678689e-06,0,1.7750529877957888e-05,0,0.0008591846562922
0,0.0102384062483906,0,3.470931187621318e-05,0,0.0028825826011598,0,0.0003265322593506
0,0.0010749000357463,0,1.946128122654045e-06,0,0.0013611840549856,0,0.0002209427184425
0,0.0035827953834086,0,1.0615561905069626e-06,0,0.0015132171101868,0,9.215183672495186e-05
0,0.0015329353045672,0,1.5080749108165035e-05,0,0.0023410867433995,0,0.0003220939252059
0,0.8207962512969971,0,0.0636765882372856,0,0.3922896683216095,0,0.987554967403412
0,0.0079279514029622,0,1.9281314678210043e-07,0,0.0017842757515609,0,0.0001820434554247
0,0.0108165554702281,0,7.683547664782964e-06,0,0.0018790871836245,0,0.0009522035252302
0,0.0211376100778579,0,0.0008319319458678,0,0.0223169289529323,0,0.0185031332075595
0,0.118534930050373,0,0.0012361935805529,0,0.0518076010048389,0,0.0381922759115695
0,0.0008612673846073,0,5.923374828853412e-06,0,0.0007827534573152,0,6.83324924466433e-06
0,0.1199216842651367,0,0.0011108684120699,0,0.0644538104534149,0,0.0021044178865849
0,0.4377739131450653,0,0.0206479709595441,0,0.0935967862606048,0,0.0737253725528717
0,0.3859864473342895,0,0.0005655769491568,0,0.0218892656266689,0,0.0002348644920857
0,0.356524258852005,0,0.0030031607020646,0,0.0272641573101282,0,0.2175455391407013
0,0.2639978229999542,0,0.0027494311798363,0,0.2736759185791015,0,0.0271737296134233
0,0.0042325276881456,0,3.890950756613165e-05,0,0.0852209329605102,0,0.0012891263468191
0,0.010100994259119,0,1.4572790405509295e-06,0,0.003885596524924,0,0.0001019631818053
0,0.0426302552223205,0,5.496529411175288e-06,0,0.0074225566349923,0,0.0001868459512479
0,0.0651606321334838,0,3.0657985917059705e-05,0,0.0109747787937521,0,0.0013119527138769
0,0.1346058696508407,0,0.2642925083637237,0,0.4974960386753082,0,0.0028810889925807
0,0.0163236428052186,0,1.0582015192994731e-06,0,0.0054489127360284,0,4.3078416638309136e-05
0,0.0924150943756103,0,0.0001204322907142,0,0.1248091235756874,0,0.21050526201725
0,0.1744215190410614,0,0.0109610650688409,0,0.0040037790313363,0,0.0025053154677152
0,0.0185993704944849,0,0.0001288836792809,0,0.0014716498553752,0,0.0002342141815461
0,0.0046075182035565,0,1.32739796754322e-06,0,0.0005333645967766,0,0.000297081132885
0,0.0060869455337524,0,0.0001023101940518,0,0.0010899667395278,0,0.0001551691239001
0,0.0270306300371885,0,0.0001635857042856,0,0.008901260793209,0,0.0006389386835508
0,0.0047692363150417,0,8.69400828378275e-05,0,0.0025573032908141,0,0.0036294986493885
0,0.0044546425342559,0,3.151628106934368e-06,0,2.0785666492884047e-05,0,0.0001803179911803
0,0.0042233215644955,0,2.336383113288321e-05,0,0.0030493247322738,0,0.0015149529790505
0,0.4040157496929168,0,0.1277768909931183,0,0.7320365905761719,0,0.9050264954566956
0,0.0144798457622528,0,1.1495364560687449e-05,0,0.0007291537476703,0,9.0340645328979e-06
0,0.0269539933651685,0,0.0295527502894401,0,0.0027304317336529,0,0.0002942524151876
0,0.0758696794509887,0,0.005402713548392,0,0.0106153571978211,0,0.0037658680230379
0,0.129178762435913,0,0.0023907208815217,0,0.0554020851850509,0,0.3929287195205688
0,0.0729822739958763,0,0.0002794620522763,0,0.0049649672582745,0,8.57967279443983e-06
0,0.0640324428677558,0,0.0019823838956654,0,0.0268281251192092,0,0.0024000441189855
0,0.0149727184325456,0,0.0003726922150235,0,0.0015080221928656,0,0.0044807167723774
0,0.0094019211828708,0,3.640128488768824e-05,0,0.0038424308877438,0,0.0001209755428135
0,0.0301828980445861,0,5.015969873056747e-05,0,0.0067120189778506,0,0.0018145379144698
0,0.0114082181826233,0,8.105176675599068e-05,0,0.0028507970273494,0,0.0001261973811779
0,0.0245656892657279,0,0.0001138230800279,0,0.0022325068712234,0,0.0020085996948182
0,0.0061022024601697,0,5.578248237725347e-05,0,0.0018428618786856,0,0.0002469176833983
0,0.0514760911464691,0,0.0026577292010188,0,0.0007489381241612,0,0.0003863415913656
0,0.0781180933117866,0,4.64208897028584e-05,0,0.0003756612713914,0,8.22719230200164e-05
0,0.0082840295508503,0,0.000154501205543,0,0.0008398855570703,0,0.0006256378837861
0,0.007995736785233,0,0.0001355764979962,0,0.0002257346495753,0,5.762547971244203e-06
0,0.006118937395513,0,2.9555232686107047e-05,0,0.0003628314298111,0,4.484046075958759e-05
0,0.0088578518480062,0,0.0001352824474452,0,0.0002590732474345,0,5.719846740248613e-06
0,0.0070141460746526,0,4.060572609887458e-05,0,0.0004092688905075,0,0.000350217684172
0,0.087294727563858,0,0.0010443102801218,0,0.0089435819536447,0,0.0080282837152481
0,0.000747907499317,0,5.590011369349668e-07,0,0.0002155834372388,0,0.0006089421221986
0,0.0932145789265632,0,6.768294156245247e-07,0,5.444640919449739e-05,0,0.0003169544215779
0,0.0009016584954224,0,3.494388874969445e-05,0,0.0051025333814322,0,0.1279075890779495
0,0.0034865508787333,0,3.9510797478214965e-07,0,0.000452326843515,0,0.0005185379413887
0,0.0018093031831085,0,0.0001864524820121,0,0.002760391915217,0,0.0867813378572464
0,0.004499118309468,0,2.993835551023949e-06,0,0.0009668495040386,0,0.0008238545851781
0,0.0008832894382067,0,1.0678296291644075e-07,0,7.300615834537894e-05,0,7.14428533683531e-05
0,0.0225189607590436,0,9.053549001691864e-05,0,0.0032798200845718,0,9.20010861591436e-05
0,0.0147454785183072,0,0.0001163241686299,0,0.0056910207495093,0,0.0004465913516469
0,0.0477183423936367,0,0.0031996853649616,0,0.0010625072754919,0,0.0001243588194483
0,0.0010023706126958,0,3.900644514942542e-06,0,0.000629355374258,0,5.220883758738637e-05
0,0.0161847379058599,0,0.0009809910552576,0,0.0039151841774582,0,8.226211502915248e-05
0,0.0480461157858371,0,5.308403706294485e-05,0,0.0088485665619373,0,0.0013644008431583
0,0.0623098313808441,0,0.0009731366881169,0,0.0017169668572023,0,4.317045386414975e-05
0,0.1300295144319534,0,0.0002271713310619,0,0.069143995642662,0,0.0517572499811649
0,0.0285501535981893,0,0.0067470376379787,0,0.0177371557801961,0,0.0010004071518778
0,0.0110615668818354,0,2.567903538874816e-05,0,0.0015135363209992,0,0.0053387316875159
0,0.0347256399691104,0,2.195137676608283e-05,0,0.0286099333316087,0,0.0026275783311575
0,0.305264949798584,0,1.9686214727698825e-05,0,0.0043660015799105,0,8.851166057866067e-06
0,0.1682216823101043,0,2.360068901907653e-05,0,0.0046099857427179,0,4.823590188607341e-06
0,0.2615043222904205,0,2.9561546398326755e-05,0,0.0067598670721054,0,1.4919531167834066e-05
0,0.0856692492961883,0,0.0001339317823294,0,0.6094751954078674,0,0.1247838586568832
0,0.0102818803861737,0,1.2613128092198169e-05,0,0.0853184312582016,0,0.0006191030261106
0,0.0565041452646255,0,5.0027929319185205e-06,0,0.1400854885578155,0,0.0191700179129838
0,0.0856096446514129,0,0.0012671870645135,0,0.8977566957473755,0,0.0482924282550811
0,0.0849529728293418,0,7.487972652597818e-06,0,0.0032201204448938,0,0.0007345067569985
0,0.0024683726951479,0,1.4423587799683446e-06,0,0.0106050251051783,0,0.0008418630459345
0,0.0449515581130981,0,0.0001610772742424,0,0.8415102958679199,0,0.0796401500701904
0,0.0055547747761011,0,6.3729244175192434e-06,0,0.0012836770620197,0,0.0073130130767822
0,0.0068029323592782,0,0.0034117945469915,0,0.0024182184133678,0,0.0005021610413677
0,0.6693131327629089,0,0.980332851409912,0,0.9649458527565002,0,0.0202119275927543
0,0.3087774515151977,0,0.5476749539375305,0,0.6140016913414001,0,0.0273393765091896
0,0.3787783980369568,0,0.990382730960846,0,0.7517025470733643,0,0.5160312652587891
0,0.007740344852209,0,0.0001370525569655,0,0.0039770719595253,0,0.0020423741079866
0,0.0087896632030606,0,0.0002164998732041,0,0.0022677406668663,0,0.0030068622436374
0,0.0080691408365964,0,3.164671215927228e-05,0,0.0029361157212406,0,0.0002368226123508
0,0.0023558158427476,0,2.1350888346205465e-06,0,0.1590260118246078,0,0.1732195317745208
0,0.0049896077252924,0,0.000216166532482,0,0.0242690257728099,0,0.020633453503251
0,0.0052288169972598,0,0.0006004819879308,0,0.0132716568186879,0,0.0178513806313276
0,0.0186468753963708,0,0.0038132129702717,0,0.0147959692403674,0,0.000257014267845
0,0.1855277568101883,0,0.6266449689865112,0,0.1273512840270996,0,0.317278653383255
0,0.059601854532957,0,0.0024744702968746,0,0.2963204681873321,0,0.0018254234455525
0,0.0035076327621936,0,4.109391738893464e-05,0,0.0018262134399265,0,0.0565357655286788
0,0.0028588669374585,0,2.6966238237946527e-06,0,0.0016922518843784,0,0.0014617856359109
0,0.2558596134185791,0,0.8932804465293884,0,0.6650362014770508,0,0.827590823173523
0,0.4540505707263946,0,0.0042103547602891,0,0.0681653395295143,0,0.2337857782840728
0,0.0578251928091049,0,0.0002154459652956,0,0.1529282629489898,0,0.0006592849385924
0,0.007694317959249,0,5.859002158103976e-06,0,0.0006357847596518,0,0.0005136220133863
0,0.0017510842299088,0,1.1813998526122305e-06,0,0.002805589698255,0,0.0003307957376819
0,0.1369640529155731,0,0.6827168464660645,0,0.0549728386104106,0,0.1565242558717727
0,0.1246364712715148,0,0.0038781529292464,0,0.5495781898498535,0,0.0611096024513244
0,0.4463924169540405,0,0.0009639399359002,0,0.2031713426113128,0,0.269404798746109
0,0.0233815908432006,0,0.000305773661239,0,0.0107337143272161,0,0.0003768993774428
0,0.0106805739924311,0,1.7676777133601718e-05,0,0.0017478755908086,0,8.438710938207805e-05
0,0.002702202880755,0,8.084818546194583e-06,0,0.0011671697720885,0,0.002043949207291
0,0.0739372670650482,0,0.3075498044490814,0,0.1791604459285736,0,0.0977024734020233
0,0.4882014989852905,0,0.0234751608222723,0,0.0325961112976074,0,0.1656940728425979
0,0.0937262997031211,0,0.014193620532751,0,0.003764605615288,0,0.0002792103623505
0,0.0552016757428646,0,0.927653968334198,0,0.0074528506956994,0,0.643957793712616
0,0.0202500745654106,0,0.0001147511502495,0,9.191304707201198e-05,0,1.3787001989840064e-05
0,0.0257183853536844,0,0.0003092636761721,0,0.0002266657102154,0,1.1018708391929977e-05
0,0.034270092844963,0,0.1762045174837112,0,0.0383001267910003,0,0.0091548655182123
0,0.100345455110073,0,0.0006794892251491,0,0.0284559521824121,0,0.0016360570443794
0,0.6875268220901489,0,0.9667361974716188,0,0.8609226942062378,0,0.9866652488708496
0,0.7664989829063416,0,0.5011858940124512,0,0.0526741184294223,0,0.4578959941864013
0,0.0460360497236251,0,3.937748988391832e-05,0,0.0050768135115504,0,0.0011285652872174
0,0.0558576807379722,0,0.0001091576559701,0,0.0060721272602677,0,0.0005433609476312
0,0.002487969584763,0,2.0499575839494355e-05,0,0.0002404648839728,0,4.481643554754555e-05
0,0.1312845945358276,0,0.0271842051297426,0,0.0438206754624843,0,0.8622995018959045
0,0.1236274018883705,0,2.486975245119538e-05,0,0.0040113981813192,0,0.0027238593902438
0,0.0033896365202963,0,2.097153446811717e-05,0,0.0004967035492882,0,1.9827353753498755e-05
0,0.1134618520736694,0,0.0003770382609218,0,0.0080275423824787,0,0.0030537203419953
0,0.1653088480234146,0,5.0964383262908086e-05,0,0.021979758515954,0,0.0669818520545959
0,0.0766980350017547,0,0.0002091329806717,0,0.0050006420351564,0,0.0003910847299266
0,0.2194980084896087,0,0.0234560314565897,0,0.1712568998336792,0,0.0071376170963048
0,0.0047952514141798,0,0.0004313075914978,0,0.000486729783006,0,3.861843288177624e-05
0,0.1103235855698585,0,0.0397445186972618,0,0.3074337244033813,0,0.6953993439674377
0,0.0039749988354742,0,2.21054615394678e-05,0,0.000951372901909,0,3.860981814796105e-05
0,0.0276694353669881,0,6.459713040385395e-05,0,0.0019604680128395,0,0.0002524768642615
0,0.0076853120699524,0,6.401004156941781e-06,0,0.000837842002511,0,4.464853191166185e-05
0,0.1878680139780044,0,2.19865523831686e-05,0,0.0305045861750841,0,0.0063024680130183
0,0.034281812608242,0,0.000304660614347,0,0.0090106511488556,0,0.0098228128626942
0,0.0194670353084802,0,2.7428499379311688e-05,0,0.0073799840174615,0,0.0073547326028347
0,0.0640233755111694,0,0.0062026414088904,0,0.1967534869909286,0,0.0307058803737163
0,0.0177346542477607,0,6.948671216377988e-05,0,0.0071775140240788,0,0.0003155454760417
0,0.0078949192538857,0,0.0001598452945472,0,0.0001471327705075,0,6.244091764529003e-06
0,0.198015347123146,0,0.0001676329120527,0,0.0103909075260162,0,8.938103565014899e-05
0,0.0335857830941677,0,1.344086467724992e-05,0,0.0096162343397736,0,2.0838042473769747e-05
0,0.1608687341213226,0,7.793945405865088e-05,0,0.0161948706954717,0,0.0001196575467474
0,0.0054101161658763,0,7.253393050632439e-06,0,7.374856795649976e-05,0,1.8439232007949613e-06
0,0.2830594778060913,0,6.164049409562722e-05,0,0.010391354560852,0,0.0004526121774688
0,0.0183220729231834,0,2.1137200747034512e-05,0,0.0032737867441028,0,0.0002534094383008
0,0.0074000996537506,0,0.0001079679859685,0,0.0001295659458264,0,1.5295443063223502e-06
0,0.0015015511307865,0,2.5381773411936592e-06,0,0.0003109260578639,0,4.21693257521838e-05
0,0.0744444206357002,0,5.096102177049033e-05,0,0.0387026965618133,0,0.0040162838995456
0,0.0032134111970663,0,1.7416541595594026e-05,0,0.0055837999098002,0,0.0002069912734441
0,0.0030663032084703,0,2.202962377850781e-06,0,0.0004527250130195,0,0.0001162185071734
0,0.084921158850193,0,7.038737294351449e-06,0,0.0015607494860887,0,0.0042977142147719
0,0.0271760523319244,0,1.1995934983133338e-05,0,0.0017059175297617,0,0.0002094612718792
0,0.4381681382656097,0,0.0028748726472258,0,0.0007740485016256,0,0.0266518536955118
0,0.0744007006287574,0,0.000245190312853,0,0.0110664078965783,0,0.0265608541667461
0,0.0369534343481063,0,0.0002442737750243,0,0.005051318090409,0,0.0011873953044414
0,0.0432231202721595,0,1.1210534466954414e-05,0,0.0013088512932881,0,0.0051018800586462
0,0.0257527939975261,0,8.154345778166316e-06,0,0.0004916752222925,0,0.0078623993322253
0,0.0592729113996028,0,0.0013625926803797,0,0.001080363523215,0,0.0009241627994924
0,0.431531548500061,0,0.3181411921977997,0,0.7288127541542053,0,0.2298634499311447
0,0.0122847324237227,0,6.737042212989763e-07,0,0.0017676969291642,0,0.0027943635359406
0,0.0145962135866284,0,2.87999569081876e-07,0,0.0012717605568468,0,0.0021828992757946
0,0.0182298962026834,0,6.623278750339523e-06,0,0.0055684116668999,0,0.0047302562743425
0,0.0042891954071819,0,0.0074233002960681,0,0.0021025093737989,0,0.000277628598269
0,0.012249793857336,0,0.0272783935070037,0,0.0010022817878052,0,0.0002393166942056
0,0.0040285782888531,0,0.0001292189990635,0,0.0025525302626192,0,0.0001999215746764
0,0.0033239694312214,0,4.839555549551733e-05,0,0.0003686309210024,0,3.274439586675726e-05
0,0.0047814580611884,0,3.9891915548651014e-07,0,0.0009886736515909,0,3.194977034581825e-05
0,0.027387510985136,0,1.3065645134702208e-06,0,0.004010354168713,0,0.0022922330535948
0,0.0252269692718982,0,4.8722431529313326e-05,0,0.0027347274590283,0,1.9409830201766454e-05
0,0.0341518782079219,0,5.952430910838302e-06,0,0.003770840819925,0,7.754032412776724e-05
0,0.1322786659002304,0,0.0049555161967873,0,0.1090045496821403,0,0.0001179669925477
0,0.0023645802866667,0,7.085572178766597e-06,0,0.0004023398214485,0,0.0001092014863388
0,0.0022962659131735,0,4.309292125981301e-05,0,0.0005308914696797,0,0.0036232292186468
0,0.3940261304378509,0,0.3385734856128692,0,0.2553393542766571,0,0.000235080908169
0,0.5233693718910217,0,0.0023351837880909,0,0.8558343648910522,0,0.1558260321617126
0,0.1744866967201233,0,0.1796293258666992,0,0.1194121465086937,0,0.0129382675513625
0,0.0201032422482967,0,0.0006023946334607,0,0.0749247670173645,0,0.5557509064674377
0,0.0017871633172035,0,1.462618456571363e-06,0,0.0005264497012831,0,4.738085772260092e-05
0,0.1009465008974075,0,0.0056929038837552,0,0.2587653398513794,0,0.0004319392028264
0,0.0071027176454663,0,1.7892858750201412e-06,0,0.0001629685575608,0,2.7625486836768687e-05
0,0.0089085409417748,0,9.124746611632872e-06,0,0.0004832788545172,0,0.0013405405916273
0,0.0073417113162577,0,4.11267774325097e-06,0,0.0002120789722539,0,7.164186627051095e-06
0,0.010553415864706,0,0.0033062745351344,0,0.0011231936514377,0,0.0001241923164343
1,0.5361813902854919,1,0.5113699436187744,1,0.0597767494618892,1,0.948127806186676
1,0.559086799621582,1,0.999277412891388,1,0.4146583080291748,1,0.7256943583488464
1,0.8983480334281921,1,0.9924417734146118,1,0.3132331371307373,1,0.8710155487060547
1,0.8694767355918884,1,0.8754890561103821,1,0.8530490398406982,1,0.7891750335693359
1,0.7347729802131653,1,0.608887791633606,1,0.665090799331665,1,0.7275175452232361
1,0.0543180629611015,1,2.725991362240165e-05,1,0.0024651614949107,1,0.0002140358556061
1,0.0287715643644332,1,9.65383296716027e-05,1,0.0021990821696817,1,0.0015521108871325
1,0.1086836010217666,1,0.002072965260595,1,0.0300364233553409,1,0.0688403621315956
1,0.3052724003791809,1,0.0103926295414567,1,0.6367106437683105,1,0.8430051803588867
1,0.62899249792099,1,0.9992725253105164,1,0.7633593082427979,1,0.9868659377098083
1,0.5311104655265808,1,0.885574221611023,1,0.8763182163238525,1,0.9744720458984376
1,0.259016215801239,1,0.8883156180381775,1,0.0233818590641021,1,0.2794829607009887
1,0.9268138408660888,1,0.1885813772678375,1,0.4336809813976288,1,0.9992619156837464
1,0.2062556743621826,1,0.94090735912323,1,0.0018400502158328,1,0.0319973453879356
1,0.9230995178222656,1,0.9994589686393738,1,0.938914954662323,1,0.99602472782135
1,0.9926418662071228,1,0.999968647956848,1,0.996870219707489,1,0.9970272183418274
1,0.8653395175933838,1,0.9999040365219116,1,0.8007095456123352,1,0.8572543859481812
1,0.9345599412918092,1,0.9887562394142152,1,0.9478163719177246,1,0.8434520363807678
1,0.0273242201656103,1,0.0051176897250115,1,0.0127850053831934,1,0.0038596144877374
1,0.7520432472229004,1,0.6564310789108276,1,0.0309452079236507,1,0.0811499431729316
1,0.0879847183823585,1,0.1338479816913604,1,0.3775616884231567,1,0.5596524477005005
0,0.0378533117473125,0,6.334380304906517e-05,0,0.1521424949169159,0,0.0003948501253034
0,0.0014630529331043,0,1.073244584404165e-05,0,0.0010549005819484,0,5.9539659559959546e-05
0,0.0127725834026932,0,1.408443131367676e-05,0,0.0100891198962926,0,0.0075648911297321
0,0.0225553791970014,0,2.768876038317103e-05,0,0.0427035093307495,0,0.0035927079152315
0,0.0200479887425899,0,0.0004715369432233,0,0.0139938984066247,0,0.0001155070058302
0,0.0647230744361877,0,5.639483333652606e-06,0,0.0016929527046158,0,0.0002650973328854
0,0.0046897926367819,0,6.2124508986016735e-06,0,0.0007087268750183,0,0.0019551829900592
0,0.011493457481265,0,8.741467900108546e-05,0,0.0073402551934123,0,0.0860637724399566
0,0.0055949320085346,0,0.0004613269702531,0,0.0006147929816506,0,0.0011533870128914
0,0.3925088346004486,0,0.0004584236303344,0,0.1148755028843879,0,0.0004310240037739
0,0.1497123390436172,0,0.0009362176642753,0,0.0033911769278347,0,8.124375199258793e-06
0,0.3773676753044128,0,0.000284282315988,0,0.0029933284968137,0,2.652449074957985e-05
0,0.2568821012973785,0,3.208524503861554e-05,0,0.0009148995159193,0,0.0049268095754086
0,0.1424523144960403,0,0.0001760904415277,0,0.0005639399751089,0,0.0017685586353763
0,0.5945865511894226,0,0.991316556930542,0,0.3164442181587219,0,0.0852275863289833
0,0.3834504187107086,0,0.6302887797355652,0,0.5934942364692688,0,0.0545154027640819
0,0.281512051820755,0,0.1572202891111374,0,0.1846738457679748,0,0.113317497074604
0,0.1536220163106918,0,0.2557273507118225,0,0.2738639414310455,0,0.0852324217557907
0,0.2519817948341369,0,0.8010358810424805,0,0.0968996733427047,0,0.9094181656837464
0,0.5988141894340515,0,2.3014319594949484e-05,0,0.2261691391468048,0,0.1157560795545578
0,0.0281630549579858,0,0.0001230012712767,0,0.0260450914502143,0,0.0036292297299951
0,0.0014815728645771,0,6.852264050394297e-05,0,0.0003280627715867,0,8.518713002558798e-05
0,0.0044888705015182,0,3.575244818421197e-06,0,0.0022649341262876,0,0.0008861210080794
0,0.5917957425117493,0,0.190466970205307,0,0.4528219401836395,0,0.379365473985672
0,0.0819321274757385,0,0.0001172187330666,0,0.0033184071071445,0,0.0013043947983533
0,0.0063322843052446,0,2.958994627988432e-05,0,0.0014805136015638,0,3.027603634109255e-05
0,0.050332386046648,0,0.0002844688715413,0,0.005780320148915,0,0.0006115291616879
0,0.017891863361001,0,0.0021226974204182,0,0.0008671947871334,0,0.0007962567615322
0,0.0187110695987939,0,2.262064845126588e-05,0,0.0006114332936704,0,0.0002298323233844
0,0.0597918704152107,0,9.929730731528252e-05,0,0.0011743484064936,0,4.4059925130568445e-06
0,0.1508784294128418,0,0.0011946276063099,0,0.0229030959308147,0,0.0083653610199689
0,0.0467293225228786,0,0.0001088998178602,0,0.0015023821033537,0,1.790542114576965e-06
0,0.132582738995552,0,0.0018843407742679,0,0.0349488295614719,0,0.0198165010660886
0,0.3884477317333221,0,0.0014955376973375,0,0.0191048737615346,0,0.626254141330719
0,0.4335988163948059,0,0.0093660773709416,0,0.023279495537281,0,0.6317983269691467
0,0.0293886382132768,0,0.000371781818103,0,0.0017249246593564,0,0.0317211672663688
0,0.0098788393661379,0,0.0001935482141561,0,0.001946355914697,0,0.0001115159393521
0,0.0036919165868312,0,6.918466510796861e-07,0,0.0004823237541131,0,7.947541598696262e-05
0,0.0032570967450737,0,4.0516991361982956e-07,0,0.0006456720293499,0,0.0002457939845044
0,0.0152370762079954,0,4.368854661152e-06,0,0.002995959483087,0,0.015244354493916
0,0.011827178299427,0,5.078944468550617e-06,0,0.0016950444551184,0,0.0001655452506383
0,0.0054435380734503,0,3.870935927352548e-07,0,0.0008638851577416,0,2.5358678612974472e-05
0,0.0119914757087826,0,2.4874448172340635e-06,0,0.0041284239850938,0,0.0049172397702932
0,0.0013262786669656,0,7.989920050022192e-07,0,0.0005796169280074,0,0.000346496963175
0,0.151955559849739,0,1.6733119991840797e-06,0,0.0031199359800666,0,0.0004176484944764
0,0.0048575000837445,0,2.78662901109783e-06,0,0.0017216819105669,0,0.0032387236133217
0,0.0051688193343579,0,5.244558565209445e-07,0,0.0006740777753293,0,0.0001389297831337
0,0.0090826721861958,0,0.0003469141083769,0,0.3371704518795013,0,0.8114460706710815
0,0.0017174556851387,0,6.26508199275122e-06,0,0.0010128552094101,0,4.635139703168534e-05
0,0.0185360312461853,0,0.0002479880931787,0,0.1012231782078743,0,0.8638328313827515
0,0.0007276293472386,0,4.659543719753856e-06,0,0.0024404386058449,0,2.8509946787380613e-05
0,0.1106734573841095,0,0.9771478176116944,0,0.0345869809389114,0,0.5468060374259949
0,0.0643356069922447,0,0.0067854057997465,0,0.4181715250015259,0,0.0085247410461306
0,0.2163215279579162,0,0.3755274713039398,0,0.0485956110060215,0,0.2655889987945556
0,0.2764075994491577,0,3.49269089383597e-06,0,0.1150729730725288,0,0.0152001585811376
0,0.1467681974172592,0,1.0573092367849313e-05,0,0.0494902022182941,0,0.0021713338792324
0,0.7830628752708435,0,0.0001957204076461,0,0.3181003630161285,0,0.9868016242980956
0,0.4216112196445465,0,0.1808833479881286,0,0.0118046402931213,0,0.0267891772091388
0,0.0012017973931506,0,4.2603387555573136e-06,0,0.0006949515664018,0,7.494900637539104e-05
0,0.0139683997258543,0,1.3806217111778096e-06,0,0.0008186603663489,0,0.0005129270721226
0,0.0691641196608543,0,3.600873696996132e-06,0,0.036223791539669,0,0.0061397911049425
0,0.0048895315267145,0,4.7521043597953394e-05,0,0.0280116405338048,0,0.0263385158032178
0,0.0023705922067165,0,2.447304439101572e-07,0,0.0001036977555486,0,1.9835693819914013e-05
0,0.0130803836509585,0,5.871940629731398e-06,0,0.0020237299613654,0,6.305963324848562e-05
0,0.0019194703781977,0,5.231118848314509e-06,0,0.0052576339803636,0,0.0013926937244832
0,0.0059540513902902,0,9.14711199584417e-06,0,0.0072008543647825,0,0.0005346434190869
0,0.8067423701286316,0,0.98823082447052,0,0.2159033864736557,0,0.9594289660453796
0,0.3349599540233612,0,0.0043536904267966,0,0.1924853473901748,0,0.0059231268242001
0,0.1190731897950172,0,0.0011047691805288,0,0.0787603333592414,0,0.0007722004083916
0,0.408177763223648,0,0.0270333401858806,0,0.4965865314006805,0,0.0009795820806175
0,0.0888335928320884,0,0.0017540615517646,0,0.3426548838615417,0,0.0139452880248427
0,0.0556917712092399,0,0.0005772116710431,0,0.0070634977892041,0,0.0008740440825931
0,0.0586277656257152,0,0.0002829263103194,0,0.006530163809657,0,0.0163722950965166
0,0.0159259811043739,0,0.0213295090943574,0,0.0030163987539708,0,8.639635052531958e-05
0,0.6594233512878418,0,0.1613107025623321,0,0.9682394862174988,0,0.9648343920707704
0,0.5944616794586182,0,0.2487980425357818,0,0.7452988028526306,0,0.1076261103153228
0,0.3822960257530212,0,0.0897813290357589,0,0.5928446054458618,0,0.0003331593179609
0,0.4591044187545776,0,0.951520562171936,0,0.2537479996681213,0,0.0109934788197278
0,0.7048870325088501,0,0.0007116585038602,0,0.8517704010009766,0,0.7919946908950806
0,0.6939451098442078,0,0.1697994917631149,0,0.5607117414474487,0,0.4688252806663513
0,0.025690458714962,0,0.0696280598640441,0,0.0183134339749813,0,0.0008949579205363
0,0.0278334561735391,0,0.026113536208868,0,0.0114947529509663,0,0.0004828605742659
0,0.0233553368598222,0,0.2045055776834488,0,0.0030301762744784,0,0.0009780741529539
0,0.0893209651112556,0,5.567009065998718e-05,0,0.006639389321208,0,0.0049743568524718
0,0.0604201145470142,0,0.0001066752593033,0,0.0108034061267972,0,2.42283695115475e-05
0,0.013023872859776,0,5.3584653869620524e-06,0,0.0010357510764151,0,2.784398202493321e-05
0,0.0337064266204834,0,0.0007658511167392,0,0.0021825856529176,0,0.0009161329944618
0,0.1112735942006111,0,0.000513469800353,0,0.4196363687515259,0,0.2432513087987899
0,0.0562303103506565,0,4.174373316345736e-05,0,0.002345995279029,0,0.00206362712197
0,0.0685882568359375,0,8.22429865365848e-05,0,0.0044459514319896,0,0.2503212988376617
0,0.0394799150526523,0,0.0006257810164242,0,0.5351383090019226,0,0.0226941984146833
0,0.0054316450841724,0,1.936724947881885e-05,0,0.0009090352104976,0,0.001478697406128
0,0.0484307184815406,0,0.0005296856979839,0,0.1991678476333618,0,0.0021381746046245
0,0.7668856382369995,0,0.9356997609138488,0,0.8818860650062561,0,0.9931313395500184
0,0.2744547128677368,0,6.055102130630985e-05,0,0.063192643225193,0,0.0298233237117528
0,0.057507362216711,0,5.432126636151224e-05,0,0.0103190578520298,0,0.0014045969583094
0,0.7436134219169617,0,0.942148983478546,0,0.8582717180252075,0,0.8459728360176086
0,0.3732105195522308,0,9.29117450141348e-05,0,0.0078643895685672,0,0.00580181973055
0,0.0510501340031623,0,0.0010601686080917,0,0.1041112765669822,0,0.000530348799657
0,0.825630784034729,0,0.948293924331665,0,0.7358114123344421,0,0.9811140894889832
0,0.003646238008514,0,1.7743304852047004e-05,0,0.0069053582847118,0,0.3709379136562347
0,0.0121626229956746,0,0.0001612429477972,0,0.0001417027669958,0,0.0002140901488019
0,0.0136912297457456,0,0.0002204984775744,0,0.00010656149243,0,7.581678801216185e-05
0,0.0072014275938272,0,4.412682756083086e-06,0,0.0001106054769479,0,2.191330713685602e-05
0,0.2815082967281341,0,0.000184160657227,0,0.0153780290856957,0,8.638811414130032e-05
0,0.1649614572525024,0,0.0022014239802956,0,0.0003599735500756,0,0.0761052966117858
0,0.1043406128883361,0,8.230756066041067e-06,0,0.0004106776323169,0,0.0411895625293254
0,0.0237435214221477,0,0.0004206582088954,0,0.0004504512471612,0,0.0036985345650464
0,0.3604365885257721,0,0.0005822225939482,0,0.0221053138375282,0,0.0003168894327245
0,0.025168040767312,0,2.1144315098808877e-07,0,0.0008733210270293,0,9.276858327211812e-05
0,0.0060122176073491,0,2.269424294354394e-05,0,0.0013693345244973,0,0.0004319041909184
0,0.0220835655927658,0,2.357072844461072e-05,0,0.0003014765388797,0,0.0011661412427201
0,0.1302302926778793,0,0.0005270592519082,0,0.0096573568880558,0,0.0003192772273905
0,0.0158882867544889,0,4.815790362044936e-07,0,0.0035150458570569,0,4.366942448541522e-06
0,0.0108663365244865,0,9.29081735989712e-08,0,0.001044477452524,0,0.0002095545642077
0,0.1818362474441528,0,0.0012488211505115,0,0.0003748324234038,0,0.0448712483048439
0,0.0519324615597724,0,0.0001542874524602,0,0.0058136177249252,0,0.0005923866410739
0,0.0472563058137893,0,4.592557161231525e-06,0,0.0026381325442343,0,3.47143486578716e-06
0,0.0259263664484024,0,7.100928769432358e-07,0,0.0004476039903238,0,5.209966911934316e-05
0,0.0219412334263324,0,5.377108755055815e-05,0,0.0009367204620502,0,0.0002065378503175
0,0.0043259691447019,0,2.7448214723335695e-07,0,0.0005801320658065,0,0.0003886210615746
0,0.0047076330520212,0,4.954700216330821e-06,0,0.0001657368266023,0,0.0002006868598982
0,0.0280348341912031,0,8.270968100987375e-05,0,0.0041490443982183,0,0.1882894933223724
0,0.0689931958913803,0,2.0779996702913195e-05,0,0.0052300742827355,0,0.0004489564162213
0,0.288768321275711,0,0.9818852543830872,0,0.1777300685644149,0,0.9307448863983154
0,0.6171703338623047,0,0.9993378520011902,0,0.9079864621162416,0,0.992335855960846
0,0.0051683387719094,0,2.812636807902891e-07,0,0.0014571560313925,0,6.980896432651207e-05
0,0.0051061655394732,0,7.923048315205961e-07,0,0.0012029724894091,0,1.6819702068460174e-05
0,0.0075706895440816,0,4.441221244633198e-05,0,0.001015062094666,0,0.0014308849349617
0,0.0018905624747276,0,3.380185944479308e-07,0,0.0009767244337126,0,0.0001342012692475
0,0.0021051049698144,0,9.063555239663401e-08,0,0.0008729874389246,0,0.000103707636299
0,0.0804317146539688,0,0.0016915671294555,0,0.0119852069765329,0,0.0145429223775863
0,0.0064480938017368,0,2.3543951101601124e-05,0,0.0014584943419322,0,0.0002889999013859
0,0.0009768831077963,0,1.2263598136996734e-07,0,0.0004711276851594,0,0.0001355897984467
0,0.0011393814347684,0,3.5635164152836296e-08,0,0.000903139996808,0,1.0396881407359617e-05
0,0.0076529141515493,0,5.188400791666936e-06,0,0.0017101673875004,0,0.0009866821346804
0,0.032116487622261,0,0.0001339694572379,0,0.0027168516535311,0,1.6585667253821157e-05
0,0.7701690196990967,0,0.9981808662414552,0,0.8525502681732178,0,0.955933392047882
0,0.0325568206608295,0,0.0070869228802621,0,0.0039643258787691,0,0.001019611605443
0,0.0104735922068357,0,0.0025968984700739,0,0.0006068811635486,0,0.0001190057664643
0,0.0596004761755466,0,0.2207503318786621,0,0.072133645415306,0,0.0005991908255964
0,0.0439517796039581,0,0.0233115199953317,0,0.001275566057302,0,0.0001344791235169
0,0.0023485536221414,0,0.000985853257589,0,0.0051462617702782,0,8.22954680188559e-05
0,0.0219640135765075,0,0.0036193805281072,0,0.0160913038998842,0,0.0047787493094801
0,0.0020544161088764,0,4.489835555432364e-05,0,0.0016828279476612,0,5.232441981206648e-05
0,0.0928501114249229,0,0.0027174423448741,0,0.0027561883907765,0,2.108302760461811e-05
0,0.0847229734063148,0,0.0010275919921696,0,0.0022942437790334,0,5.089259866508655e-05
0,0.0311714820563793,0,0.0083293709903955,0,0.0042976001277565,0,0.0020530675537884
0,0.0178659670054912,0,2.6239422368234955e-06,0,0.0052532842382788,0,3.380643465789035e-05
0,0.0599634759128093,0,1.6389594748034142e-05,0,0.0135301873087883,0,0.0003676310880109
0,0.1012348011136055,0,0.0003152237622998,0,0.0200321972370147,0,5.851448804605752e-05
0,0.0742798149585723,0,1.830710425565485e-05,0,0.0089331148192286,0,7.072601874824613e-05
0,0.0592515170574188,0,0.0003061286406591,0,0.1854384988546371,0,0.0027287756092846
0,0.4471616744995117,0,0.0006313135963864,0,0.0687008202075958,0,0.0211991295218467
0,0.0389503873884677,0,2.4129862140398476e-05,0,0.015375574119389,0,0.000865540408995
0,0.0595399662852287,0,0.0007764165056869,0,0.0086363730952143,0,4.397601514938288e-05
0,0.0965236350893974,0,0.0002943017752841,0,0.0274482164531946,0,0.0041962778195738
0,0.0334357768297195,0,2.7039424821850844e-05,0,0.0042879474349319,0,0.0122889569029212
0,0.2338395416736602,0,0.0339655019342899,0,0.0138653051108121,0,0.0355756729841232
0,0.3535527288913727,0,0.1171412169933319,0,0.6184698343276978,0,0.0203274860978126
0,0.073426142334938,0,0.0327481403946876,0,0.0034832027740776,0,0.0247596390545368
0,0.001816394040361,0,0.0001645511074457,0,0.0108943758532404,0,0.0003736012731678
0,0.3223544657230377,0,0.006258335430175,0,0.2517475187778473,0,0.0583498626947402
0,0.0064637376926839,0,7.429285915350192e-07,0,0.0001423664070898,0,1.914442873385269e-05
0,0.0242071654647588,0,1.6801441233837977e-05,0,0.0001051860526786,0,0.0005172110395506
0,0.0040907091461122,0,0.0014494113856926,0,0.0061161257326602,0,0.0011458653025329
0,0.0398109145462513,0,0.952743113040924,0,0.0025623573455959,0,0.3826254308223724
0,0.0074007823131978,0,0.1927179098129272,0,0.0016331854276359,0,0.019442219287157
0,0.0284716486930847,0,0.6234810948371887,0,0.0090970434248447,0,0.0298848412930965
0,0.0022083311341702,0,6.373456926667131e-07,0,0.0005711420089937,0,3.4195760235888883e-05
0,0.0295539386570453,0,0.0075319842435419,0,0.0788949057459831,0,0.0065620536915957
0,0.2941063046455383,0,0.0126382345333695,0,0.0053321062587201,0,0.001222699182108
0,0.5098278522491455,0,0.0231490172445774,0,0.0025459306780248,0,0.5409958362579346
0,0.5654744505882263,0,0.1694112122058868,0,0.0192789565771818,0,0.4571755528450012
0,0.0634981542825698,0,0.0657643601298332,0,0.0031998953782022,0,0.0005493988282978
0,0.0132047776132822,0,0.0002823550312314,0,0.0023397728800773,0,0.0004847786040045
0,0.0027298526838421,0,2.044089342234656e-05,0,0.0001985931739909,0,6.712878530379385e-05
0,0.0101278107613325,0,0.0001314945257036,0,0.0029887978453189,0,3.495474811643362e-05
0,0.0090483771637082,0,0.0001131090903072,0,0.0027817238587886,0,7.093770545907319e-05
0,0.0069197979755699,0,0.0001014339723042,0,0.0027246649842709,0,3.723915870068595e-05
0,0.1043545305728912,0,0.0004412935231812,0,0.0197270419448614,0,0.0158958341926336
0,0.6555980443954468,0,0.000205453048693,0,0.3039115667343139,0,0.0681601464748382
0,0.3623259365558624,0,7.33875494915992e-05,0,0.1413193792104721,0,0.004177117254585
0,0.4785392880439758,0,5.6899560149759054e-05,0,0.5507513880729675,0,0.0073476312682032
0,0.0173119604587554,0,0.0010616031941026,0,0.0030309529975056,0,0.8222423791885376
0,0.5536266565322876,0,0.998440682888031,0,0.5616480708122253,0,0.0052009900100529
0,0.5278874039649963,0,0.1636190414428711,0,0.2522068917751312,0,0.0146413631737232
0,0.1097971871495246,0,0.0033485135063529,0,0.2154819071292877,0,0.0232457034289836
0,0.0329779013991355,0,2.9609229386551306e-05,0,0.0015725624980404,0,0.0003205130051355
0,0.1999248713254928,0,0.013700233772397,0,0.140785202383995,0,0.2510351538658142
0,0.0047862459905445,0,0.0001608946186024,0,0.0018179804319515,0,5.081623385194689e-06
0,0.2884422242641449,0,0.0051531945355236,0,0.046713288873434,0,0.5022414922714233
0,0.0403144620358943,0,0.0001327323698205,0,0.0124567067250609,0,0.0026748243253678
0,0.0022528287954628,0,1.5264550938809407e-06,0,0.0005622493918053,0,0.0002588475763332
0,0.0018722953973338,0,2.3505677745561115e-05,0,0.0003728048759512,0,6.57831378703122e-06
0,0.0018214172450825,0,2.1317339360393817e-06,0,0.0005853789625689,0,6.680495425825939e-05
0,0.0028070521075278,0,3.0286146284197457e-06,0,0.0008451849571429,0,8.618882566224784e-05
0,0.0193484425544738,0,9.328856322099456e-06,0,0.002053482690826,0,3.745673893718049e-05
0,0.001915848115459,0,1.570560129948717e-06,0,0.0005148032214492,0,0.000191939601791
0,0.0020658210851252,0,5.4276995797408745e-05,0,0.0009824889712035,0,0.000196926674107
0,0.0242860969156026,0,1.3573672958955283e-06,0,0.0021587875671684,0,5.2446657718974166e-06
0,0.0295813083648681,0,0.9563874006271362,0,0.000728414452169,0,0.0011125697055831
0,0.0845959261059761,0,0.2104824334383011,0,0.0055512250401079,0,0.0002411964815109
0,0.0142086260020732,0,1.5283661923604086e-05,0,0.0004076743498444,0,0.0003649160498753
0,0.0108223222196102,0,0.0006009904318489,0,0.0024085026234388,0,0.0001679596171015
0,0.0108653213828802,0,8.534255471204233e-07,0,0.0010279793059453,0,4.1115054045803845e-06
0,0.0036364654079079,0,1.0540513358137105e-05,0,0.0004149902670178,0,0.0001385763898724
0,0.0016841776669025,0,8.63284913066309e-06,0,0.0004716257681138,0,0.0002186957281082
0,0.0593932121992111,0,3.52164643118158e-05,0,0.0264814849942922,0,0.0054036495275795
0,0.0152896326035261,0,2.1300634216459e-06,0,0.1351248472929,0,0.0087055638432502
0,0.002548951189965,0,0.000442430115072,0,0.0047008749097585,0,0.0001301934826187
0,0.0473340190947055,0,0.0005949543556198,0,0.0013057503383606,0,1.3560563274950256e-05
0,0.0133338579908013,0,4.796275243279524e-05,0,0.0015913895331323,0,9.106925062951632e-06
0,0.0084978649392724,0,1.111868186853826e-05,0,0.0055103502236306,0,0.0002825249684974
0,0.0011723142815753,0,5.023168341722339e-06,0,0.006826695986092,0,0.0003870152286253
0,0.0170253217220306,0,0.1256638616323471,0,0.0012434378731995,0,4.396070835355204e-06
0,0.010980425402522,0,0.0105503993108868,0,0.0157795678824186,0,0.0011007887078449
0,0.3791646957397461,0,0.00011554446246,0,0.0155365588143467,0,0.0003924791235476
0,0.408700942993164,0,0.2030795216560363,0,0.1365048289299011,0,0.0258712638169527
0,0.0065519660711288,0,5.11582243234443e-07,0,0.0004864057991653,0,0.0001391311670886
0,0.0770979821681976,0,7.360076779150404e-07,0,0.0019322452135384,0,0.0001391843688907
0,0.0159203633666038,0,9.061745913641062e-07,0,0.001494976808317,0,1.5673564121243544e-05
0,0.8355668187141418,0,0.0003099871682934,0,0.9188724160194396,0,0.2619334459304809
0,0.7313865423202515,0,0.009620345197618,0,0.8895156979560852,0,0.3270664513111114
0,0.0025085099041461,0,2.3954492007760564e-06,0,9.169864642899483e-05,0,3.2155239750863984e-05
0,0.0011539546540006,0,5.505109470504976e-07,0,4.2072442738572136e-05,0,4.486572834139224e-06
0,0.0018871864303946,0,5.491625415743329e-06,0,0.0001808300294214,0,9.611544555809814e-06
0,0.0020456917118281,0,1.24971575132804e-06,0,0.0001462245127186,0,4.612167685991153e-05
0,0.0031686287838965,0,8.802676347841043e-07,0,0.0001035690875141,0,4.422237452672562e-06
0,0.001986508956179,0,1.1570632523216773e-06,0,9.856309043243527e-05,0,3.022895361937117e-05
0,0.001082289381884,0,6.198835080795106e-07,0,0.0001981723034987,0,4.940045619150624e-05
0,0.0028756286483258,0,2.439049694658024e-06,0,0.0002905470319092,0,3.262368045398034e-05
0,0.0027898452244699,0,3.548609015524562e-07,0,5.966640674159862e-05,0,8.31630859465804e-06
0,0.0209200698882341,0,6.579747423529625e-05,0,0.0030232006683945,0,0.0014466198626905
0,0.0038857627660036,0,4.592439290718176e-05,0,0.0006906494381837,0,0.0144149595871567
0,0.0018561886390671,0,3.6475962588156104e-06,0,8.009831071831286e-05,0,2.198969923483673e-05
0,0.003031700849533,0,9.67563323683862e-07,0,0.0001460596540709,0,2.4930850486271083e-05
0,0.0039602606557309,0,1.6565719533900849e-06,0,0.0001088208227884,0,3.901198579114862e-05
0,0.009922182187438,0,0.000425977515988,0,0.002022793283686,0,0.0007291995570994
0,0.0026792408898472,0,0.0001705894974293,0,0.0005832468159496,0,0.0260147657245397
0,0.2223033756017685,0,2.3047591923841537e-07,0,0.0008444950799457,0,0.0024851236958056
0,0.0107656549662351,0,7.062163149385015e-06,0,0.0043665552511811,0,2.8051255867467265e-05
0,0.0098826503381133,0,0.0001133584009949,0,0.0007177619263529,0,0.0035228659398853
0,0.0016141891246661,0,3.8582616980420426e-05,0,0.0009710703743621,0,8.150323264999315e-05
0,0.0034432457759976,0,1.1101516292910674e-06,0,0.0024185506626963,0,0.0007701041758991
0,0.0011952741770073,0,7.370666480710497e-06,0,0.0025413550902158,0,0.0009219741332344
0,0.031190225854516,0,0.4143438637256622,0,0.2247349619865417,0,0.0022393430117517
0,0.0053145890124142,0,7.365318742813542e-05,0,0.003990274388343,0,0.0002102600556099
0,0.002269014250487,0,0.0005428031436167,0,0.0008930957992561,0,0.0001953214668901
0,0.0517732016742229,0,0.5910162329673767,0,0.0118125192821025,0,0.5073127150535583
0,0.0087582534179091,0,0.0011159398127347,0,0.0020533292554318,0,0.0005371755105443
0,0.0901960134506225,0,0.0001444155204808,0,0.006235355976969,0,0.0003416933759581
0,0.0061926525086164,0,8.431158676103223e-06,0,0.0055539584718644,0,0.0003994104918092
0,0.0728996619582176,0,0.0003967436787206,0,0.0023849392309784,0,0.0786718726158142
0,0.0087081603705883,0,0.0007455240120179,0,0.0008690327522344,0,0.0001889051491161
0,0.0390245020389556,0,1.1358072697476018e-05,0,0.0040863556787371,0,0.2313318699598312
0,0.0255630686879158,0,0.0006034044781699,0,0.0415378101170063,0,0.0005785702378489
0,0.0278354659676551,0,0.0008259600726887,0,0.0058239893987774,0,0.0001108640717575
0,0.1108473241329193,0,0.0024674136657267,0,0.0041856216266751,0,0.0009111853432841
0,0.0276297908276319,0,8.545823220629245e-05,0,0.0285793617367744,0,9.451357982470654e-06
0,0.0164390299469232,0,0.000111011446279,0,0.0008264233474619,0,0.0005990403587929
0,0.0103141535073518,0,2.886324637074722e-06,0,0.000357477023499,0,0.0002445394347887
0,0.0276385676115751,0,7.626282467754208e-07,0,0.0004646234447136,0,4.077895937371068e-05
0,0.0109064262360334,0,7.922987492747779e-07,0,0.0002814831095747,0,0.000127230581711
0,0.0052416599355638,0,0.0156926363706588,0,0.0177791658788919,0,0.1373531371355056
0,0.0064058485440909,0,0.0001139236264862,0,0.0074849440716207,0,0.0007330630323849
1,0.1410187929868698,1,0.0063334666192531,1,0.1020909175276756,1,0.0700955465435981
1,0.5434375405311584,1,0.0016644551651552,1,0.0383146256208419,1,0.0201053954660892
1,0.8631342053413391,1,0.8874194025993347,1,0.4534910321235657,1,0.957567036151886
1,0.3647457659244537,1,0.9978106617927552,1,0.7422394752502441,1,0.9393491744995116
1,0.3959493339061737,1,0.0315606221556663,1,0.0345430597662925,1,0.0667066946625709
1,0.9354109168052672,1,0.9839022755622864,1,0.933030366897583,1,0.9962412118911744
1,0.0273282248526811,1,0.9776076674461364,1,0.3712726831436157,1,0.3532918989658355
1,0.0887474566698074,1,0.9999054670333862,1,0.1301061362028122,1,0.6450173854827881
1,0.1601232141256332,1,0.995361626148224,1,0.2027243673801422,1,0.7028541564941406
1,0.9233898520469666,1,0.9888353943824768,1,0.9763094782829284,1,0.7260366678237915
1,0.6934552788734436,1,0.9999059438705444,1,0.5480756759643555,1,0.9689662456512452
1,0.6243776679039001,1,0.9960917830467224,1,0.933153510093689,1,0.0893092527985572
1,0.5057618021965027,1,0.2922510802745819,1,0.0217334851622581,1,0.0713587179780006
1,0.537606418132782,1,0.0808875933289527,1,0.3230971693992615,1,0.3533031344413757
1,0.6824659705162048,1,0.0463157780468463,1,0.3172667324542999,1,0.2878974080085754
0,0.031486127525568,0,8.847696881275624e-05,0,0.0172395296394824,0,0.0001232090435223
0,0.0439732745289802,0,2.5753493900992908e-05,0,0.0125562604516744,0,0.0002567089104559
0,0.6960854530334473,0,0.6141161322593689,0,0.870627224445343,0,0.8394089341163635
0,0.0013620846439152,0,6.284788014454534e-06,0,0.0006891204393468,0,0.0003635827742982
0,0.1733846515417099,0,0.4463233351707458,0,0.1464480012655258,0,0.5603566765785217
0,0.530131995677948,0,0.9647650718688964,0,0.5014337301254272,0,0.026812607422471
0,0.0153975281864404,0,0.0471829362213611,0,0.1652781963348388,0,0.9341480135917664
0,0.3403138518333435,0,0.9945107698440552,0,0.4464914500713348,0,0.081110343337059
0,0.2785861790180206,0,0.91349458694458,0,0.1952211111783981,0,0.0313652865588665
0,0.0137963769957423,0,0.007032545749098,0,0.0811970457434654,0,0.1298850774765014
0,0.3281810283660888,0,0.6536638736724854,0,0.0062097669579088,0,0.6182770133018494
0,0.0033582313917577,0,0.0002552306686993,0,0.0109841972589492,0,0.0116822682321071
0,0.5256621837615967,0,0.104739025235176,0,0.018822168931365,0,0.1400225907564163
0,0.0013714774977415,0,6.158032920211554e-05,0,0.0041471868753433,0,0.0005193954566493
0,0.0017797471955418,0,8.259353307948913e-06,0,0.0004329600487835,0,7.852116141293664e-06
0,0.0013206331059336,0,1.2994754797546191e-05,0,0.0005341279320418,0,1.980154229386244e-05
0,0.0076513141393661,0,6.20151186012663e-05,0,0.0013369394000619,0,4.164675192441791e-05
0,0.0075935372151434,0,6.063607725081965e-05,0,0.0009980039903894,0,8.203940524253994e-05
0,0.0339619480073452,0,0.0002230060345027,0,0.0152640659362077,0,4.14897695009131e-05
0,0.0023646128829568,0,8.565533789806068e-05,0,0.0051112021319568,0,0.0290460363030433
0,0.0746147260069847,0,0.0002875975624192,0,0.228264570236206,0,0.00027351922472
0,0.0006693683099001,0,2.583145999324188e-07,0,0.0004256353422533,0,3.5483222745824605e-05
0,0.0042081722058355,0,1.6236126612056978e-05,0,0.0077283275313675,0,0.0109059028327465
0,0.0068780910223722,0,5.578439959208481e-05,0,0.0089659979566931,0,0.0001920419308589
0,0.0534000024199485,0,0.000104548773379,0,0.0220951531082391,0,2.4508091883035377e-05
0,0.0023446576669812,0,0.0009050368680618,0,0.0212412644177675,0,0.0010340799344703
0,0.0311860591173172,0,4.857967724092305e-05,0,0.4298886358737945,0,0.0006537900189869
0,0.0096481572836637,0,0.0024337195791304,0,0.0052558812312781,0,0.000237884640228
0,0.0068225171416997,0,0.0001976305502466,0,0.000373189599486,0,2.513511162760551e-06
0,0.012394281104207,0,0.0038407410029321,0,0.0012590128462761,0,0.0003028217761311
0,0.0054707112722098,0,2.546963696659077e-05,0,0.0003487227659206,0,2.2220344817469595e-06
0,0.0067770523019135,0,0.0001336971326963,0,0.0005603399476967,0,1.3498490261554252e-05
0,0.0071254726499319,0,0.4786619842052459,0,0.0061869211494922,0,0.0031157236080616
0,0.0028786081820726,0,2.4401711016253103e-06,0,0.0012304685078561,0,8.801406511338428e-05
0,0.0026616910472512,0,1.2052166766807204e-06,0,0.0006076474674046,0,0.0002336817269679
0,0.0052385507151484,0,2.7466253982311173e-07,0,0.0007251842762343,0,0.0004803409683518
0,0.0438936129212379,0,0.0002100288402289,0,0.0057589467614889,0,0.0060621085576713
0,0.2955366373062134,0,0.610402524471283,0,0.2194530963897705,0,0.0232722926884889
0,0.1878584623336792,0,0.1200588792562484,0,0.8132578730583191,0,0.0023425538092851
0,0.0161592327058315,0,3.379125701030716e-05,0,6.201399810379371e-05,0,0.0015820242697373
0,0.0049548200331628,0,1.4104527508607134e-05,0,0.0004224182921461,0,2.156346272386145e-05
0,0.0529294498264789,0,3.2004681997932494e-06,0,0.0027280217036604,0,0.0003733251942321
0,0.0049474108964204,0,9.453026905248407e-06,0,0.0003967640805058,0,0.0001004898076644
0,0.0297964308410882,0,0.0001630584010854,0,0.0015677999472245,0,0.0001549454318592
0,0.0722175613045692,0,0.0168878156691789,0,0.0091983508318662,0,0.0974200889468193
0,0.0074446508660912,0,1.5445660039858924e-07,0,0.0014452511677518,0,0.0003213523013982
0,0.0351945124566555,0,0.0001910775172291,0,0.0027937241829931,0,0.0030501063447445
0,0.800025999546051,0,0.3909139931201935,0,0.1083804666996002,0,0.0089968703687191
0,0.0333508849143981,0,0.0014150713104754,0,0.0039258822798728,0,0.0040942011401057
0,0.8433289527893066,0,0.7423731684684753,0,0.3524047136306762,0,0.0887615606188774
0,0.0972045958042144,0,0.0002315035671927,0,0.0031323528382927,0,0.0002683328930288
0,0.0847374871373176,0,0.2711790800094604,0,0.815449595451355,0,0.0057708513922989
0,0.5899368524551392,0,0.9818716645240784,0,0.1313041001558303,0,0.6969055533409119
0,0.0960022658109664,0,0.635607898235321,0,0.7183703184127808,0,0.0164087284356355
0,0.0525414645671844,0,3.938598092645407e-05,0,0.0021924837492406,0,4.636135599866975e-06
0,0.1020341143012046,0,7.406112854368985e-05,0,0.0031745159067213,0,0.0001224061707034
0,0.1066890880465507,0,1.1769829143304378e-05,0,0.0054065817967057,0,1.050964874593774e-05
0,0.0086373193189501,0,0.0030201813206076,0,0.0027881702408194,0,0.0003550141409505
0,0.1718498915433883,0,0.2480785697698593,0,0.0805986672639846,0,0.9337052702903748
0,0.0179311446845531,0,0.303521066904068,0,0.0089561864733695,0,0.1264721155166626
0,0.2815029323101043,0,0.4428959190845489,0,0.1182903721928596,0,0.8132620453834534
0,0.0109226927161216,0,0.0003503716434352,0,0.0728198066353797,0,0.5364805459976196
0,0.0227772966027259,0,0.0009126298245973,0,0.0103554530069231,0,0.0057524270378053
0,0.3397477567195892,0,1.1217646715522278e-05,0,0.0022801354061812,0,0.0034439202863723
0,0.3822175562381744,0,0.0248535070568323,0,0.1470810920000076,0,0.0955415517091751
0,0.4849350452423095,0,0.1587014198303222,0,0.4212824404239654,0,0.410759299993515
0,0.3898923099040985,0,0.0853857323527336,0,0.5681461691856384,0,0.0017173617379739
0,0.0862026959657669,0,1.9237913875258528e-05,0,0.0008580751600675,0,0.0009099025628529
0,0.0039534689858555,0,5.518068519450026e-06,0,0.0013146989513188,0,0.000226744392421
0,0.0056535247713327,0,0.0002513736544642,0,0.0019863937050104,0,0.0001480750506743
0,0.0059950365684926,0,4.16562870668713e-05,0,0.0019872330594807,0,2.460480754962191e-05
0,0.0058219963684678,0,6.540853792103007e-05,0,0.000871603609994,0,0.1491867750883102
0,0.0070915617980062,0,2.986136678373441e-06,0,0.0007948473794385,0,0.0085046011954545
0,0.0061871991492807,0,9.744528597366298e-07,0,0.003411351935938,0,0.000112343528599
0,0.0802810043096542,0,2.787408266158309e-05,0,0.0011560219572857,0,0.02295951731503
0,0.0062237693928182,0,4.705216269940138e-05,0,0.0006168527761474,0,0.0068662483245134
0,0.0015385893639177,0,4.914225428365171e-06,0,0.0022972580045461,0,0.0001238537224708
0,0.0016991484444588,0,3.90524519389146e-06,0,0.0020906892605125,0,0.000293090211926
0,0.2181935906410217,0,0.03858283162117,0,0.1705424338579177,0,0.0765435397624969
0,0.1332632899284362,0,0.0001909323764266,0,0.033397264778614,0,0.0036318346392363
0,0.3817539513111114,0,0.0038412536960095,0,0.0239186305552721,0,0.0004561641544569
0,0.0045034773647785,0,0.0003403994778636,0,0.001191540970467,0,2.1786492652609013e-05
0,0.0172895025461912,0,0.3014605045318603,0,0.0034273150376975,0,0.0020743643399327
0,0.0019152745371684,0,2.4650671548442915e-06,0,0.0065383976325392,0,7.5926334830001e-05
0,0.0078764157369732,0,0.0004007111710961,0,0.0450056232511997,0,0.0026767917443066
0,0.004569704644382,0,0.000830850622151,0,0.0272292327135801,0,0.0102355359122157
0,0.0109150828793644,0,0.0004434236325323,0,0.0174725670367479,0,0.0043715061619877
0,0.0070792874321341,0,1.602457086846698e-05,0,0.000528382428456,0,3.594158624764532e-05
0,0.0149734234437346,0,0.0001784262276487,0,0.0016326755285263,0,9.378702816320585e-05
0,0.0027221825439482,0,1.2782048543158451e-05,0,0.0011882574763149,0,1.8281507436768152e-05
0,0.0014893484767526,0,1.2697076272161212e-05,0,0.0006704738480038,0,3.9114500395953655e-05
0,0.009967747144401,0,1.4895163985784166e-05,0,0.0007231477648019,0,2.6086547222803347e-05
0,0.0133250597864389,0,1.6917267203098163e-05,0,0.0010013522114604,0,2.64320224232506e-05
0,0.0794641748070716,0,3.4894040368271817e-07,0,0.0038385561201721,0,9.001090802485123e-05
0,0.1160695701837539,0,1.80568591190422e-07,0,0.0038987814914435,0,9.976502769859508e-05
0,0.1073544844985008,0,1.758960365805251e-06,0,0.0020702560432255,0,1.447262638976099e-05
0,0.0030821519903838,0,4.376361903268844e-05,0,0.0056214779615402,0,0.0015341793186962
0,0.0097022578120231,0,0.1813142448663711,0,0.0255932938307523,0,0.0171137433499097
0,0.0167087763547897,0,0.0002458340604789,0,0.0124077768996357,0,0.0044802357442677
0,0.0127822486683726,0,0.0007761591114103,0,0.0195787791162729,0,0.0057912040501832
0,0.0338966958224773,0,0.0496523343026638,0,0.0018363929120823,0,0.0015047888737171
0,0.718451976776123,0,0.9832640290260316,0,0.2821008861064911,0,0.985625684261322
0,0.030635816976428,0,6.92648768563231e-07,0,0.0002897729573305,0,3.5607083646027604e-06
0,0.4715965092182159,0,0.7535015344619751,0,0.0910767912864685,0,0.7508760094642639
0,0.0055244737304747,0,0.0059330095537006,0,0.0060653099790215,0,0.0056646955199539
0,0.5525951385498047,0,0.9954982995986938,0,0.0760264247655868,0,0.97345632314682
0,0.0042749210260808,0,0.0017781696515157,0,0.0007987535791471,0,0.0007085428223945
0,0.0445492155849933,0,0.0086203021928668,0,0.0137542290613055,0,0.0015668463893234
0,0.0056027043610811,0,0.0010572568280622,0,0.0018822216661646,0,0.0248473938554525
0,0.20098477602005,0,0.9531448483467102,0,0.0407152399420738,0,0.8646805882453918
0,0.0065835188142955,0,3.2654295267775524e-08,0,0.000236984094954,0,5.987193617329467e-06
0,0.3488099873065948,0,0.0001186987501569,0,0.0387013144791126,0,3.987208765465766e-05
0,0.0666026920080185,0,0.0002218815207015,0,0.0701721087098121,0,0.0016270354390144
0,0.2819688022136688,0,0.9387562870979308,0,0.3492426872253418,0,0.0694612860679626
0,0.0050185658037662,0,0.0001041199575411,0,0.0005418334039859,0,3.677469430840574e-05
0,0.0031331717036664,0,0.0005172448582015,0,0.0007649510516785,0,8.534560038242489e-05
0,0.1685788929462433,0,0.9891399145126344,0,0.1962782442569732,0,0.2622737884521484
0,0.0058465199545025,0,6.5440435719210654e-06,0,0.0004981653764843,0,8.374886419915128e-06
0,0.1072690188884735,0,2.2813721443526447e-05,0,0.0519367344677448,0,3.910622035618872e-05
0,0.0166940074414014,0,0.0001419372711097,0,0.0018278621137142,0,2.197781032009516e-05
0,0.1511800438165664,0,0.9069740176200868,0,0.2978442311286926,0,0.9531731605529784
0,0.0179590862244367,0,0.0001011640779324,0,0.0018070370424538,0,0.0003345636068843
0,0.1183822527527809,0,0.0001619648683117,0,0.0142477387562394,0,0.0054603852331638
0,0.1635803282260894,0,0.9968208074569702,0,0.4018744230270386,0,0.881855309009552
0,0.0048250071704387,0,2.415871495031752e-05,0,0.0008664898923598,0,0.0003277311043348
0,0.4731336236000061,0,0.1241160109639167,0,0.602415919303894,0,0.790492594242096
0,0.0023897669743746,0,1.3281993460623198e-07,0,0.00057556736283,0,7.169059244915843e-05
0,0.0009838059777393,0,1.046032593876589e-06,0,0.0005294910515658,0,3.195854515070096e-05
0,0.0221183970570564,0,4.245332547725411e-06,0,0.0006122204358689,0,8.918725507101044e-05
0,0.0126673774793744,0,2.2981028450885788e-05,0,0.0024275595787912,0,2.1406820451375097e-05
0,0.0012732585892081,0,4.6615878090960905e-06,0,0.0006552431732416,0,0.0002316658792551
0,0.001198562211357,0,3.22796995533281e-06,0,0.0003427244373597,0,4.93902298330795e-05
0,0.028648329898715,0,4.86322619508428e-07,0,0.0004134195332881,0,0.0001156042999355
0,0.0145781049504876,0,2.183910282838042e-06,0,0.0007545580738224,0,2.422164470772259e-05
0,0.0163970328867435,0,7.116913820937043e-06,0,0.0004299566498957,0,1.1202754649275448e-05
0,0.0022112980950623,0,1.3364585811359575e-06,0,0.0004434200527612,0,6.088702866691165e-05
0,0.0024695799220353,0,1.3288229183672229e-06,0,9.921781020238996e-05,0,2.934512849606108e-05
0,0.0079445000737905,0,5.186270755075384e-07,0,0.000282170396531,0,7.515455217799172e-05
0,0.0171357672661542,0,1.183843778562732e-06,0,0.0005603330209851,0,3.686177296913229e-05
0,0.006188120227307,0,9.92175318970112e-06,0,0.0003360532573424,0,0.0001398762105964
0,0.0091258101165294,0,3.2638281481922604e-06,0,0.0002768617705442,0,2.8128217309131287e-05
0,0.0093403058126568,0,7.4659596975834575e-06,0,0.0001148848314187,0,8.560511923860759e-05
0,0.0137928277254104,0,5.186936505197082e-06,0,0.0001234356459463,0,2.476504960213788e-05
0,0.0090524656698107,0,6.360583597597724e-07,0,0.0027824339922517,0,0.0006353622302412
0,0.695527195930481,0,0.6265746355056763,0,0.3577530980110168,0,0.953210175037384
0,0.4781103134155273,0,0.9779576659202576,0,0.463027685880661,0,0.0917946621775627
0,0.0157831236720085,0,9.165485153062036e-07,0,0.0132004795596003,0,0.0011882133549079
0,0.0272718835622072,0,3.345803179399809e-06,0,0.0094502009451389,0,0.0008920998079702
0,0.0787375345826149,0,0.0434610173106193,0,0.0407008007168769,0,0.9724626541137696
0,0.0125138293951749,0,8.335269740200602e-06,0,0.0011858219513669,0,3.4633301311259856e-06
0,0.0269897785037755,0,0.1091755703091621,0,0.0043526776134967,0,0.0034533361904323
0,0.0072719766758382,0,4.802833245776128e-06,0,0.0008214480476453,0,4.559960416372633e-06
0,0.0069230482913553,0,3.0875005450070603e-06,0,0.0008036121143959,0,0.0001081434529623
0,0.0013447278179228,0,3.767663201870164e-06,0,0.0002851729805115,0,0.0042303018271923
0,0.0018825980369001,0,1.6818650010463898e-06,0,0.0003491770185064,0,0.0002094403025694
0,0.0340425968170166,0,2.5294193619629368e-05,0,0.0603959150612354,0,0.0021144715137779
0,0.0121942134574055,0,5.130199497216381e-06,0,0.0003647593548521,0,0.0008747827378101
0,0.0838139504194259,0,0.0118336286395788,0,0.0013326596235856,0,0.0614721961319446
0,0.1868716180324554,0,4.510877261054702e-06,0,0.0252682920545339,0,0.6548662185668945
0,0.2518279552459717,0,0.0003646651457529,0,0.2095898687839508,0,0.9310844540596008
0,0.8095422387123108,0,0.9987756609916688,0,0.8899285197257996,0,0.981498658657074
0,0.0457458458840847,0,4.234296648064628e-05,0,0.0344889089465141,0,0.0018699548672884
0,0.0079588694497942,0,1.7745271918556685e-07,0,0.0010900082997977,0,9.0790026661125e-06
0,0.058420181274414,0,0.0001993353216676,0,0.0445210337638855,0,0.002128294436261
0,0.0010262345895171,0,0.000140036092489,0,0.0003885801124852,0,1.0540041330386885e-05
0,0.0094238882884383,0,8.121775607605741e-08,0,0.0012279348447918,0,2.081798083963804e-05
0,0.0243391022086143,0,6.126917287474498e-05,0,0.0541589632630348,0,0.0007633148343302
0,0.0013875273289158,0,8.287563832709566e-05,0,0.0003303120320197,0,7.703665687586181e-06
0,0.0129701057448983,0,1.734735235459084e-07,0,0.0019181929528713,0,1.529344626760576e-05
0,0.6714913249015808,0,0.7460758090019226,0,0.0099804503843188,0,0.3313037157058716
0,0.0258710160851478,0,0.0026805342640727,0,0.0026877936907112,0,0.0001544362457934
0,0.0033323871903121,0,3.936137090931879e-06,0,5.926707308390178e-05,0,3.118801487289602e-06
0,0.0024819816462695,0,0.0014911544276401,0,0.0005779906641691,0,0.0006912759272381
0,0.0394237153232097,0,0.0023778125178068,0,0.0841232016682624,0,0.0004943970125168
0,0.2919382452964782,0,0.0015109665691852,0,0.362878680229187,0,0.9449451565742492
0,0.1793050467967987,0,0.5690096020698547,0,0.84816575050354,0,0.0596724785864353
0,0.2094084620475769,0,0.00302912783809,0,0.0073905019089579,0,0.0026442294474691
0,0.2497290670871734,0,0.0008063978748396,0,0.0006554067367687,0,0.0018152671400457
0,0.0644605383276939,0,0.0001732184609863,0,0.0116899348795413,0,0.0032848168630152
0,0.0031251397449523,0,1.737551542646543e-07,0,0.0017871673917397,0,0.0003733271150849
0,0.0412457399070262,0,0.000196520020836,0,0.0048170527443289,0,0.0076149841770529
0,0.0045525813475251,0,9.689820217317902e-06,0,0.001191537012346,0,0.0019586568232625
0,0.0620117634534835,0,0.0007496849866583,0,0.0262645650655031,0,0.0012612723512575
0,0.0041316170245409,0,5.857353926330688e-07,0,0.0010569974547252,0,8.32687146612443e-05
0,0.0122650703415274,0,0.0001363474875688,0,0.0282680299133062,0,0.0007545034168288
0,0.0048204576596617,0,6.088361033107503e-07,0,0.0006637219921685,0,0.0006517385481856
0,0.0701756402850151,0,0.0778572037816047,0,0.0276140831410884,0,0.6700817942619324
0,0.0771798565983772,0,0.0098424134775996,0,0.0094174984842538,0,0.0004481461655814
0,0.1094563901424408,0,0.0184252317994833,0,0.0284805744886398,0,0.0016053483122959
0,0.7634934782981873,0,0.8440018892288208,0,0.5940173268318176,0,0.7302184700965881
0,0.2626414597034454,0,0.0048170071095228,0,0.2319347262382507,0,0.9402839541435242
0,0.1019368767738342,0,0.95273619890213,0,0.0273963641375303,0,0.0049189263954758
0,0.0383685529232025,0,0.0166293513029813,0,0.2291899770498275,0,0.0167236365377903
0,0.041918646544218,0,1.7854466932476498e-05,0,0.0013791563687846,0,0.0008872916223481
0,0.2454883456230163,0,0.6761247515678406,0,0.0023009639699012,0,0.3078072965145111
0,0.00929981097579,0,1.6347821656381711e-06,0,0.0002234383136965,0,9.54461211222224e-05
0,0.0346068069338798,0,0.0007830249378457,0,0.0001576485228724,0,1.0698681762733033e-05
0,0.0012790857581421,0,1.0134165222552838e-06,0,0.0002693032147362,0,1.5535390048171394e-05
0,0.0172511748969554,0,1.7103689970099367e-05,0,0.0002963493170682,0,1.328251528320834e-05
0,0.00501976814121,0,8.65673937369138e-05,0,0.0019633155316114,0,0.0008450231398455
0,0.0046549108810722,0,0.0026789465919137,0,0.0020838372875005,0,0.00056358857546
0,0.1009451746940612,0,0.0042367703281342,0,0.0714051425457,0,0.0014390825526788
0,0.005263143684715,0,2.178497652494116e-06,0,0.0002802929957397,0,8.902406989363953e-06
0,0.0706789419054985,0,4.875643298873911e-06,0,0.0017631457885727,0,6.33077506790869e-05
0,0.0679405853152275,0,3.1540246254735398e-06,0,0.0016712266951799,0,0.0006581546040251
0,0.4708340466022491,0,0.068869911134243,0,0.0169325564056634,0,0.0139010529965162
0,0.0126402638852596,0,6.45632610485336e-07,0,0.000368544482626,0,0.0010837296722456
0,0.139616772532463,0,0.0003826056490652,0,0.0053813531994819,0,0.0475926250219345
0,0.0139648932963609,0,4.297284704080084e-06,0,0.0004819133609998,0,0.0002694619470275
0,0.0112330308184027,0,4.577716026687995e-06,0,0.0009525728528387,0,0.0006955850403755
0,0.0050814179703593,0,0.0003368814941495,0,0.0035038348287343,0,0.0002760412753559
0,0.1258656233549118,0,0.0599284768104553,0,0.0032372707501053,0,0.0566461347043514
0,0.0076502934098243,0,0.0010614864295348,0,0.0025829253718256,0,0.0002859630621969
0,0.2690039873123169,0,0.2812117040157318,0,0.0234557818621397,0,0.269499659538269
0,0.0073650302365422,0,0.0002723004727158,0,0.0020201238803565,0,0.0002881222753785
0,0.1504436433315277,0,0.0070017431862652,0,0.0033473202493041,0,0.0329865850508213
0,0.4454887807369232,0,0.8427516222000122,0,0.6519688963890076,0,0.8472259640693665
0,0.0539962239563465,0,6.561845680153056e-07,0,0.0005680304602719,0,0.0006757394876331
0,0.0068713165819644,0,0.0001202063722303,0,0.0022498061880469,0,3.42210078088101e-05
0,0.003679059445858,0,4.320916923461482e-05,0,0.0006820584530942,0,6.792805652366951e-05
0,0.0091535886749625,0,8.037286534090526e-06,0,0.0094131845980882,0,0.0002887049631681
0,0.0042779203504323,0,4.095221811439842e-05,0,0.003006782149896,0,1.907232217490673e-05
