fold_1_labels,fold_1_predictions,fold_2_labels,fold_2_predictions,fold_3_labels,fold_3_predictions,fold_4_labels,fold_4_predictions
1,0.0136355273425579,1,0.6441972255706787,1,0.0232270676642656,1,0.0071281781420111
1,0.9954257607460022,1,0.7673571705818176,1,0.8840165138244629,1,0.9925013780593872
1,0.9920266270637512,1,0.7028882503509521,1,0.6852529644966125,1,0.5564466714859009
1,0.0153751699253916,1,0.6949829459190369,1,0.0133203091099858,1,0.8152936697006226
1,0.000378676544642,1,0.4373623430728912,1,0.0378524810075759,1,0.0235965140163898
1,0.0375782251358032,1,0.7711984515190125,1,0.0191064290702343,1,0.6345144510269165
1,0.0005878217052668,1,0.4946516752243042,1,0.1189969778060913,1,0.0343909934163093
1,0.9970045685768129,1,0.7989693880081177,1,0.875785768032074,1,0.9718959331512452
1,0.1418302208185196,1,0.4652899205684662,1,0.5248610973358154,1,0.5382237434387207
1,0.8159106373786926,1,0.531829297542572,1,0.4962841272354126,1,0.4741094410419464
1,0.3277633190155029,1,0.3305015861988067,1,0.6403157114982605,1,0.6423646807670593
1,0.9994179010391236,1,0.9223715662956238,1,0.9551550149917604,1,0.9880764484405518
1,0.972406566143036,1,0.7042268514633179,1,0.6741184592247009,1,0.4572905898094177
1,0.0321488268673419,1,0.0560046881437301,1,0.3215420246124267,1,0.128511443734169
1,0.0161337796598672,1,0.4354659020900726,1,0.3816903531551361,1,0.0166325103491544
1,0.2457578778266906,1,0.4377811253070831,1,0.5958658456802368,1,0.1084409579634666
1,0.987985908985138,1,0.924835443496704,1,0.9177383780479432,1,0.1097535640001297
1,0.0024324317928403,1,0.4122873246669769,1,0.1115569844841957,1,0.3366788923740387
1,0.9996142387390136,1,0.7830226421356201,1,0.8703588247299194,1,0.9818243384361268
1,0.9315423965454102,1,0.6735104918479919,1,0.7132130861282349,1,0.1341761350631714
1,0.9478378891944884,1,0.8357806205749512,1,0.8300411701202393,1,0.9960601925849916
0,0.0005213060067035,0,0.1159854754805564,0,0.353289932012558,0,0.0007751875091344
0,7.398453453788534e-05,0,0.0010411107214167,0,0.0016480372287333,0,0.0004146302235312
0,0.0029663268942385,0,0.2860180735588074,0,0.16371551156044,0,0.0624800771474838
0,0.000123740392155,0,0.0007361015886999,0,0.0033983269240707,0,0.0003080744936596
0,0.0334782674908638,0,0.7071950435638428,0,0.1983505487442016,0,0.1146137118339538
0,0.0001068470010068,0,0.0019843585323542,0,0.0032666292972862,0,0.0002074439107673
0,0.0022264937870204,0,0.4665660858154297,0,0.2338261604309082,0,0.0163192935287952
0,0.0001663509610807,0,0.0008516706293448,0,0.0044610192999243,0,0.0011945678852498
0,0.0003147009701933,0,0.0013498699991032,0,0.006642903201282,0,0.0017409304855391
0,0.0050908816047012,0,0.0919024273753166,0,0.0178968086838722,0,0.3713906109333038
0,0.0006635894533246,0,0.0145328184589743,0,0.0063644363544881,0,0.0007925757090561
0,0.0076386672444641,0,0.0072233574464917,0,0.0011725638760253,0,0.001823573722504
0,0.0045378934592008,0,0.1048825904726982,0,0.0755152031779289,0,0.0146270338445901
0,0.0027043365407735,0,0.0430357083678245,0,0.0021773041225969,0,0.0155777614563703
0,0.0008000328671187,0,0.0568056851625442,0,0.0765094012022018,0,0.0038098436780273
0,0.0055063250474631,0,0.0692662075161933,0,0.0684017762541771,0,0.0276106838136911
0,0.0024938401766121,0,0.0813401937484741,0,0.0003527181106619,0,0.0002153937966795
0,0.002141622127965,0,0.3965029418468475,0,0.0079397400841116,0,0.0208066310733556
0,0.0010316490661352,0,0.0424614138901233,0,0.0714107900857925,0,0.0012015198590233
0,0.0002371637965552,0,0.0140768308192491,0,0.0015060195000842,0,2.9787329367536586e-06
0,0.0002601507294457,0,0.1201448962092399,0,0.1354887038469314,0,0.002553935162723
0,0.002201787661761,0,0.1317939460277557,0,0.2412667125463485,0,0.0954644083976745
0,4.33135028288234e-05,0,0.0702108219265937,0,0.0330301523208618,0,0.0010271021164953
0,0.3105485737323761,0,0.2384550124406814,0,0.0548308752477169,0,0.0026712995022535
0,0.8717477321624756,0,0.4186412692070007,0,0.4558136165142059,0,0.918238401412964
0,0.2008262276649475,0,0.2644080519676208,0,0.1492127031087875,0,0.2313026338815689
0,0.0049426378682255,0,0.4109899699687958,0,0.3020465672016144,0,0.0179587416350841
0,0.0090582128614187,0,0.1195000112056732,0,0.2364839762449264,0,0.294954240322113
0,0.0878367945551872,0,0.1510896831750869,0,0.5574833750724792,0,0.9348271489143372
0,0.103242352604866,0,0.1460298001766204,0,0.1743706315755844,0,0.2749910056591034
0,0.0018926743650808,0,0.3303308188915252,0,0.3974174559116363,0,0.0450260490179061
0,0.0006586820818483,0,0.0055001717992126,0,0.1148886829614639,0,0.0067481622099876
0,0.0368326567113399,0,0.1417825669050216,0,0.3159393668174743,0,0.8410360813140869
0,0.9370722770690918,0,0.0966331958770752,0,0.1550138592720031,0,0.4720715880393982
0,0.0037246623542159,0,0.2523214519023895,0,0.2872124910354614,0,0.0121575202792882
0,0.0014187672641128,0,0.0419832020998001,0,0.3952977955341339,0,0.0182586796581745
0,0.1914081275463104,0,0.0846017003059387,0,0.0492179617285728,0,0.0170246697962284
0,0.0040123984217643,0,0.0388908647000789,0,0.0026648042257875,0,0.000500179012306
0,0.0269531793892383,0,0.8660879135131836,0,0.0594899207353591,0,0.0390197969973087
0,0.4765203595161438,0,0.4009286761283874,0,0.2161299884319305,0,0.0139516750350594
0,0.0039109224453568,0,0.0634669438004493,0,0.0115872155874967,0,0.0003689288860186
0,0.0080201309174299,0,0.0241076834499835,0,0.01271060295403,0,0.0015751265455037
0,0.118547648191452,0,0.0097419442608952,0,0.0603288300335407,0,0.002374549396336
0,0.0022662100382149,0,0.0309526715427637,0,0.0078122029080986,0,0.0003873370587825
0,0.0183678455650806,0,0.0273121055215597,0,0.5997108817100525,0,0.0141101842746138
0,0.0008341665379703,0,0.0427140556275844,0,0.0029041653033345,0,0.0019381294259801
0,0.0005310898413881,0,0.1111475899815559,0,0.0052769668400287,0,0.0063777989707887
0,0.000603336666245,0,0.1041119620203971,0,0.0336099453270435,0,0.133496418595314
0,0.1053680628538131,0,0.7033921480178833,0,0.3492807745933532,0,0.5210278034210205
0,0.0156539175659418,0,0.5927944183349609,0,0.1825896948575973,0,0.4720621109008789
0,0.0020432916935533,0,0.0438056327402591,0,0.0246361717581748,0,0.0031872626859694
0,0.9721400141716005,0,0.8127381801605225,0,0.7808917760848999,0,0.9501709342002868
0,0.1100066229701042,0,0.0234691649675369,0,0.0014063161797821,0,0.014232343994081
0,0.0015748116420581,0,0.0189075656235218,0,0.0051115583628416,0,0.0011885212734341
0,0.0026882805395871,0,0.3096384704113006,0,0.0173010602593421,0,0.00270477659069
0,0.0051558623090386,0,0.0178084839135408,0,0.0022202101536095,0,0.0025123797822743
0,0.0005553881055675,0,0.011855075135827,0,0.0033751011360436,0,0.0006583076901733
0,0.0016590306768193,0,0.0796165168285369,0,0.0164654273539781,0,0.0017092444468289
0,0.0120690185576677,0,0.016237698495388,0,0.0019953201990574,0,0.0032697096467018
0,0.0006790425395593,0,0.0168948471546173,0,0.007633008994162,0,0.0005651730461977
0,0.0003183335065841,0,0.0167726203799247,0,0.0685822069644928,0,0.0017230878584086
0,0.0005221892497502,0,0.0250931531190872,0,0.0625789985060691,0,0.0005410623853094
0,0.0029592250939458,0,0.0129914451390504,0,0.0037684219423681,0,0.0005884593119844
0,0.0038275970146059,0,0.0111719500273466,0,0.0280727371573448,0,0.0007791359093971
0,0.0010055074235424,0,0.0162130687385797,0,0.0031970525160431,0,6.4171467784035485e-06
0,0.0011366799008101,0,0.0033866451121866,0,0.0007655337103642,0,0.0009903120808303
0,0.001520724967122,0,0.0088592376559972,0,0.001328830840066,0,0.0011429954320192
0,0.0010286512551829,0,0.0031750092748552,0,0.0011660452000796,0,0.000935118063353
0,0.0025987185072153,0,0.0389863401651382,0,0.3204980492591858,0,0.1443124860525131
0,0.0012085572816431,0,0.0887463167309761,0,0.2485190629959106,0,0.1313576847314834
0,0.0009789458708837,0,0.6232465505599976,0,0.0172405634075403,0,0.0317189246416091
0,0.0004818074812646,0,0.6009887456893921,0,0.0271543189883232,0,0.0015205278759822
0,0.0023147461470216,0,0.0509919971227645,0,0.1133146435022354,0,0.009941428899765
0,0.0013464245712384,0,0.0042394348420202,0,0.0290775019675493,0,0.0013639235403388
0,0.0018858382245525,0,0.0027692557778209,0,0.0105595579370856,0,0.0057072602212429
0,0.0033276758622378,0,0.0355004668235778,0,0.0301152430474758,0,0.0023468716535717
0,0.0073310914449393,0,0.3560037612915039,0,0.0910502523183822,0,0.0048497337847948
0,0.0200090743601322,0,0.0725175812840461,0,0.0039956928230822,0,0.0403664521872997
0,0.0023658245336264,0,0.0251153577119112,0,0.0124564440920948,0,0.0009566985536366
0,0.0015291651943698,0,0.0370444022119045,0,0.0457618832588195,0,0.0016199281672015
0,0.009676931425929,0,0.0062481127679347,0,0.0103829037398099,0,0.0221770144999027
0,0.0008458242518827,0,0.0106048211455345,0,0.0137710720300674,0,0.0010135704651474
0,0.0211187582463026,0,0.0054809767752885,0,0.0178121291100978,0,0.0206007435917854
0,0.0021638358011841,0,0.0024151583202183,0,0.0152584630995988,0,0.0237197466194629
0,0.0014397304039448,0,0.0045951004140079,0,0.0560493245720863,0,0.001387194963172
0,0.0019467060919851,0,0.0294471830129623,0,0.040989700704813,0,0.6078814268112183
0,0.0503517054021358,0,0.0059436857700347,0,0.0180820990353822,0,0.0123941227793693
0,0.0941336750984191,0,0.0016193998744711,0,0.006114540155977,0,0.0063801784999668
0,0.0581036694347858,0,0.1385999768972396,0,0.1738507598638534,0,0.0239289570599794
0,0.6333786249160767,0,0.2822329103946686,0,0.025863479822874,0,0.0012106293579563
0,0.4597061276435852,0,0.6127036213874817,0,0.8203309774398804,0,0.5449692010879517
0,0.0003904595796484,0,0.1264722347259521,0,0.1370137929916381,0,0.2816161513328552
0,0.0006677563069388,0,0.0443872064352035,0,0.1518029272556305,0,0.415832370519638
0,0.0004382286861073,0,0.042694866657257,0,0.1281659007072448,0,0.4880830943584442
0,0.0025931848213076,0,0.0016213021008297,0,0.0031447950750589,0,0.0001963237446034
0,0.7354924082756042,0,0.6650664210319519,0,0.0606300011277198,0,0.0052510672248899
0,0.013293812982738,0,0.1910641938447952,0,0.0096992021426558,0,0.0022404864430427
0,0.0422000437974929,0,0.3088611960411072,0,0.0135462041944265,0,0.0035773741547018
0,0.0624179355800151,0,0.1012639328837394,0,0.1186502650380134,0,0.0084115415811538
0,0.0009695015032775,0,0.1521326303482055,0,0.0590468272566795,0,0.0019420506432652
0,0.0006867445190437,0,0.0126144913956522,0,0.0557750836014747,0,0.0001947046985151
0,0.0008348507690243,0,0.047518752515316,0,0.0252967868000268,0,0.0017362911021336
0,0.0003063762269448,0,0.041247371584177,0,0.0237954091280698,0,0.0028946853708475
0,0.001243918784894,0,0.0115908039733767,0,0.0957979783415794,0,0.0193796455860137
0,0.0008627623319625,0,0.1663530468940735,0,0.4292547404766083,0,0.0157524868845939
0,0.000762564886827,0,0.0483601167798042,0,0.2715720534324646,0,0.0085752345621585
0,0.008103160187602,0,0.5871036648750305,0,0.6700902581214905,0,0.6421111226081848
0,0.0010889180703088,0,0.2674600481986999,0,0.5703699588775635,0,0.3562719225883484
0,0.0005269683315418,0,0.0145811745896935,0,0.007918749935925,0,0.0095397345721721
0,0.0004443826619535,0,0.0109343882650136,0,0.0077371192164719,0,0.001381394220516
0,0.0002584894828032,0,0.0070408326573669,0,0.00385308614932,0,0.0005119582056067
0,0.0003384669544175,0,0.0051894541829824,0,0.0016295469831675,0,0.0032223649322986
0,0.0003793518408201,0,0.0050172875635325,0,0.0029532741755247,0,0.0005680315080098
0,0.0002135128452209,0,0.0053041810169816,0,0.001850385335274,0,0.0016939579509198
0,0.0001843852223828,0,0.1957777440547943,0,0.0295231714844703,0,0.0542104877531528
0,0.0028880673926323,0,0.1844433844089508,0,0.0388410612940788,0,0.0083493012934923
0,0.0014361577341333,0,0.0078864870592951,0,0.0508230067789554,0,0.0002463098498992
0,0.0010318136774003,0,0.0446157343685627,0,0.0074583482928574,0,0.000219921086682
0,0.0017568023176863,0,0.0025034740101546,0,0.0978807210922241,0,0.0005018763476982
0,0.0146722216159105,0,0.2911260426044464,0,0.1538793593645095,0,0.1280885338783264
0,0.0011926747392863,0,0.0379777885973453,0,0.0031053910497576,0,0.000236496765865
0,0.0004791348183061,0,0.0222046915441751,0,0.0019858123268932,0,0.0011226003989577
0,0.007623637560755,0,0.5639553070068359,0,0.1280151456594467,0,0.8901652693748474
0,0.0058637172915041,0,0.0154297724366188,0,0.0144635448232293,0,0.002269514137879
0,0.0006991135887801,0,0.005430756136775,0,0.0123222460970282,0,0.0010830052196979
0,0.0007618861272931,0,0.2837364971637726,0,0.0024904084857553,0,0.0028103883378207
0,0.0024584375787526,0,0.0103482920676469,0,0.0030015334486961,0,0.0003766139852814
0,0.0048932493664324,0,0.0065792948007583,0,0.0119240125641226,0,0.0004917954211123
0,0.0080146696418523,0,0.0352058447897434,0,0.0143598187714815,0,0.0013282190775498
0,0.0006168783875182,0,0.0091728158295154,0,0.0215555168688297,0,0.0026453754398971
0,0.0008244070340879,0,0.195436954498291,0,0.0034464132040739,0,0.0018230234272778
0,0.0149358995258808,0,0.2667386531829834,0,0.2098562270402908,0,0.1186840012669563
0,0.244420126080513,0,0.448319137096405,0,0.725089430809021,0,0.1582295000553131
0,0.1610275954008102,0,0.2058210223913192,0,0.6721929907798767,0,0.0737848952412605
0,0.0006492992979474,0,0.2204886674880981,0,0.0443259216845035,0,0.0095549393445253
0,0.0014366598334163,0,0.2539731562137604,0,0.0854780748486518,0,0.0202094055712223
0,0.0177242588251829,0,0.3135128319263458,0,0.0668154284358024,0,0.0013608457520604
0,0.3182516992092132,0,0.5734798312187195,0,0.3995833992958069,0,0.3580127358436584
0,0.0141919516026973,0,0.6733903288841248,0,0.1584621369838714,0,0.8943788409233093
0,0.0055341594852507,0,0.2001935094594955,0,0.2426109164953231,0,0.0100193489342927
0,0.0210996177047491,0,0.0037990061100572,0,0.154603898525238,0,0.004155705217272
0,0.0126542691141366,0,0.13979272544384,0,0.1518163233995437,0,0.00625189114362
0,0.0040030567906796,0,0.1776662915945053,0,0.4125894904136657,0,0.9873842000961304
0,0.0036249789409339,0,0.059620764106512,0,0.0581812374293804,0,0.001306376652792
0,0.0032034683972597,0,0.2866004109382629,0,0.0462055280804634,0,0.0165560636669397
0,0.9161795973777772,0,0.4400411248207092,0,0.0338176786899566,0,0.1899930983781814
0,0.3495276868343353,0,0.7415145039558411,0,0.6197004914283752,0,0.0096654277294874
0,0.0012517852010205,0,0.0043381634168326,0,0.0175840891897678,0,0.0008203631150536
0,0.1737252026796341,0,0.041735578328371,0,0.0088642686605453,0,0.0124943237751722
0,0.0003055311972275,0,0.0336492285132408,0,0.0704131498932838,0,0.0029454610776156
0,0.0013991531450301,0,0.0049801426939666,0,0.0309509914368391,0,0.0007884153746999
0,0.9927218556404114,0,0.7239195704460144,0,0.9109192490577698,0,0.9303378462791444
0,0.995831310749054,0,0.6909294128417969,0,0.8729811906814575,0,0.5921075344085693
0,0.9941944479942322,0,0.8098974227905273,0,0.8886089324951172,0,0.9362117648124696
0,0.0007442026981152,0,0.0607637651264667,0,0.0098486375063657,0,0.0024402230046689
0,0.0005870216409675,0,0.0123699652031064,0,0.0051481537520885,0,0.0006113560521043
0,0.0003760367981158,0,0.0122162997722625,0,0.0052398801781237,0,0.0024223974905908
0,0.265662133693695,0,0.6967918276786804,0,0.6465688943862915,0,0.1593674570322036
0,0.011842000298202,0,0.0027356615755707,0,0.0103564448654651,0,0.0046586003154516
0,0.0124171115458011,0,0.020264632999897,0,0.021452460438013,0,0.0008024184498935
0,0.0011095411609858,0,0.0019969313871115,0,0.0018231007270514,0,0.0006464019534178
0,0.0241706669330596,0,0.0014938859967514,0,0.0509897172451019,0,0.0032568536698818
0,0.0071281548589468,0,0.0131714912131428,0,0.0081116808578372,0,0.0008758307085372
0,0.0015694346511736,0,0.0010412401752546,0,0.001120560336858,0,0.0004087211273144
0,0.0097067896276712,0,0.0058989208191633,0,0.0198144484311342,0,0.003974069841206
0,0.0076291374862194,0,0.0038289641961455,0,0.0071114292368292,0,0.0002838622604031
0,0.0013153364416211,0,0.001190262613818,0,0.0005084762815386,0,4.073923264513724e-05
0,0.964422881603241,0,0.4997858703136444,0,0.3108642399311065,0,0.0055857915431261
0,0.0370818004012107,0,0.3191246390342712,0,0.0820926129817962,0,0.0405535101890563
0,0.979259729385376,0,0.3884699642658233,0,0.6136361956596375,0,0.0107480371370911
0,0.0786329433321952,0,0.5655134320259094,0,0.16958948969841,0,0.6863350868225098
0,0.0148421376943588,0,0.0045938570983707,0,0.2759385108947754,0,0.0379958562552928
0,0.0014611670048907,0,0.1560329347848892,0,0.3648186028003692,0,0.0149272652342915
0,0.5780795812606812,0,0.6007603406906128,0,0.4272027611732483,0,0.10015769302845
0,0.0185337495058774,0,0.0256773512810468,0,0.0426352396607399,0,0.0199530683457851
0,0.0030226418748497,0,0.2301736325025558,0,0.5225715637207031,0,0.3031132817268371
0,0.0003343235293868,0,0.0776855498552322,0,0.1415952891111374,0,0.493008404970169
0,0.0013086866820231,0,0.5741127729415894,0,0.003433374222368,0,0.0056303907185792
0,0.0002422503894194,0,0.0363829508423805,0,0.0027337954379618,0,0.001012141467072
0,0.0530109144747257,0,0.7098366022109985,0,0.0905468538403511,0,0.2288717627525329
0,0.0010172514012083,0,0.0757516473531723,0,0.0391402132809162,0,0.0070241438224911
0,0.0025043752975761,0,0.0871185883879661,0,0.0170707739889621,0,0.0072270752862095
0,0.0037241403479129,0,0.1595166772603988,0,0.0098037607967853,0,0.0163721572607755
0,0.0087670171633362,0,0.0117082502692937,0,0.0164462942630052,0,0.0014338965993374
0,0.00606758473441,0,0.0829678773880004,0,0.2869972586631775,0,0.208809420466423
0,0.000288555806037,0,0.0366397611796855,0,0.0400157608091831,0,0.0017733280546963
0,0.0040977103635668,0,0.0061710821464657,0,0.0040975818410515,0,0.0020405563991516
0,0.0006101955659687,0,0.0151597112417221,0,0.0141972303390502,0,0.0010851573897525
0,0.0105253309011459,0,0.0017398287309333,0,0.0034123167861253,0,0.0011630888329818
0,6.89941443852149e-05,0,0.0101042566820979,0,0.0018265203107148,0,0.0006737321964465
0,0.0013785214396193,0,0.0263648238033056,0,0.037606805562973,0,0.0020375619642436
0,0.0024939540307968,0,0.03713333979249,0,0.0287625174969434,0,0.0156398098915815
0,0.0024171727709472,0,0.0073718670755624,0,0.0059191915206611,0,0.0089604752138257
0,0.0008245704811997,0,0.0014965629670768,0,0.0087703531607985,0,0.0035237446427345
0,0.0009284591069445,0,0.0103610306978225,0,0.0075580705888569,0,0.0020708742085844
0,0.0017157526453956,0,0.0010797292925417,0,0.0111960591748356,0,0.0056154602207243
0,0.0024257781915366,0,0.021335631608963,0,0.0078525710850954,0,0.0023096082732081
0,0.5213313102722168,0,0.6535471081733704,0,0.6420220732688904,0,0.5805171728134155
0,0.944040060043335,0,0.7474671006202698,0,0.7124087810516357,0,0.9272642135620116
0,0.1970179826021194,0,0.7283326387405396,0,0.6489380598068237,0,0.768050491809845
0,0.0093458006158471,0,0.0226771458983421,0,0.0031048934906721,0,0.0012540693860501
0,0.0187706910073757,0,0.0104064531624317,0,0.0029197339899837,0,0.003045380115509
0,0.0113875810056924,0,0.0151111083105206,0,0.0031349386554211,0,0.0016392400721088
0,0.0211696252226829,0,0.4608416259288788,0,0.0127704376354813,0,0.0115308994427323
0,0.0005793317104689,0,0.0008243140182457,0,0.0227727014571428,0,0.0036535782273858
0,0.002468027640134,0,0.00126768136397,0,0.0108157042413949,0,0.001165019813925
0,0.9906841516494752,0,0.8362089395523071,0,0.7311054468154907,0,0.990747332572937
0,0.9629275798797609,0,0.5814477801322937,0,0.4548495411872864,0,0.0907799676060676
0,0.0013930338900536,0,0.0003653187595773,0,0.0258105043321847,0,0.0133065469563007
0,0.0001866029342636,0,0.0025150782894343,0,0.0022202874533832,0,0.0003035195404663
0,0.0179499704390764,0,0.4978536963462829,0,0.160194531083107,0,0.203045979142189
0,0.0005473981145769,0,0.0228398106992244,0,0.0187541153281927,0,0.0009834179654717
0,0.0008974265074357,0,0.0015044343890622,0,0.0231759455054998,0,0.0103170406073331
0,0.0006005589384585,0,0.0139898145571351,0,0.00886598136276,0,0.0006694398471154
0,0.0002741889329627,0,0.0109231155365705,0,0.0099499048665165,0,0.0007407805533148
0,0.0004117799689993,0,0.0072591034695506,0,0.0065566631965339,0,0.0006412088987417
0,0.0003659355570562,0,0.0502792671322822,0,0.0172407254576683,0,0.0011135102249681
0,0.0011194929247722,0,0.0018311839085072,0,0.013340150937438,0,0.0096195461228489
0,0.0009763955604285,0,0.0054195513948798,0,0.0042951563373208,0,0.0005465564318001
0,0.1800310164690017,0,0.7549187541007996,0,0.4418894350528717,0,0.0082170339301228
0,0.0019670117180794,0,0.0534883625805377,0,0.0468729101121425,0,0.0852632820606231
0,0.0005111848004162,0,0.0225207488983869,0,0.000299702049233,0,3.1463366667594528e-06
0,0.0017135269008576,0,0.0962500125169754,0,0.0120411850512027,0,0.00325498287566
0,0.0018421296263113,0,0.1393211781978607,0,0.0047756480053067,0,0.0097835157066583
0,0.0011309464462101,0,0.0905516967177391,0,0.0128429112955927,0,0.0164166316390037
1,0.9669937491416932,1,0.8506931066513062,1,0.7383415102958679,1,0.761784553527832
1,0.456762820482254,1,0.6285184621810913,1,0.0201221667230129,1,0.012882774695754
1,0.0071531645953655,1,0.0813305899500846,1,0.0677606910467147,1,0.0519549511373043
1,0.0045516048558056,1,0.0252093486487865,1,0.0435407161712646,1,0.0050287712365388
1,0.0300675220787525,1,0.0277063157409429,1,0.0439423844218254,1,0.0112110041081905
1,0.9796941876411438,1,0.8655405044555664,1,0.9018910527229308,1,0.9527263641357422
1,0.9987743496894836,1,0.8527097702026367,1,0.951904594898224,1,0.9991936087608336
1,0.0052741016261279,1,0.2580144107341766,1,0.0309349857270717,1,0.0023797680623829
1,0.0248572770506143,1,0.3356655836105346,1,0.4681063890457153,1,0.0130982352420687
1,0.0094627924263477,1,0.482950359582901,1,0.6075842976570129,1,0.0563407056033611
1,0.4047277867794037,1,0.1483019143342971,1,0.3268753588199615,1,0.0067574847489595
1,0.8976343870162964,1,0.7794899344444275,1,0.7385513186454773,1,0.960703670978546
1,0.9855942130088806,1,0.8558064699172974,1,0.6118249297142029,1,0.7485487461090088
1,0.9861519932746888,1,0.7471469044685364,1,0.6127182841300964,1,0.0066872485913336
1,0.6216731071472168,1,0.833541214466095,1,0.6755294799804688,1,0.9850199222564696
1,0.0123391216620802,1,0.1034014001488685,1,0.0134020624682307,1,0.0152673637494444
1,0.017198683694005,1,0.0787979438900947,1,0.1093622222542762,1,0.0238787475973367
1,0.0088627142831683,1,0.0383266396820545,1,0.2946999967098236,1,0.0231610964983701
1,0.0884766578674316,1,0.7646254301071167,1,0.6009217500686646,1,0.9327272176742554
1,0.859048068523407,1,0.7782939672470093,1,0.5932163000106812,1,0.4366005957126617
1,0.2822034060955047,1,0.8772338032722473,1,0.7459365129470825,1,0.9253794550895692
1,0.9768505096435548,1,0.8331229090690613,1,0.6795174479484558,1,0.8440393805503845
1,0.9853203892707824,1,0.8889548182487488,1,0.7789891958236694,1,0.9293516874313354
1,0.9550427794456482,1,0.8504080772399902,1,0.7051388025283813,1,0.9417223930358888
1,0.4123082756996155,1,0.8043464422225952,1,0.6982079148292542,1,0.9471770524978638
1,0.9654022455215454,1,0.820277750492096,1,0.831792414188385,1,0.9216118454933168
0,0.9499135613441468,0,0.4859561324119568,0,0.5010924935340881,0,0.8674010038375854
0,0.945708692073822,0,0.4823208451271057,0,0.6391479969024658,0,0.8841567635536194
0,0.7678576111793518,0,0.0388220287859439,0,0.442123681306839,0,0.1780276149511337
0,0.0023361148778349,0,0.0063511724583804,0,0.0047009820118546,0,0.0043301717378199
0,0.0046442742459475,0,0.0060048080049455,0,0.0018663451774045,0,0.0039083580486476
0,0.0029123928397893,0,0.2773896157741546,0,0.0867907628417015,0,0.0121665652841329
0,0.0703391060233116,0,0.1052052602171897,0,0.1559072881937027,0,0.0263685695827007
0,0.0035815904848277,0,0.0006915312842465,0,0.0050208643078804,0,0.0007423440692946
0,0.0055130324326455,0,0.4030086100101471,0,0.0356382802128791,0,0.0931125953793525
0,0.0005200374871492,0,0.1057598143815994,0,0.0552132464945316,0,0.0073600718751549
0,0.0212059114128351,0,0.1100146248936653,0,0.1146516948938369,0,0.0564428158104419
0,0.0003715035272762,0,0.0090382508933544,0,0.0243172477930784,0,0.0014728786190971
0,0.0003398018889129,0,0.0019328007474541,0,0.0520497076213359,0,0.0001376686705043
0,0.584347128868103,0,0.7114796042442322,0,0.595979630947113,0,0.9733072519302368
0,0.0025847859214991,0,0.0023431270383298,0,0.0032747860532253,0,0.0010299972491338
0,0.0005000154487788,0,0.1135201305150985,0,0.0109010683372616,0,0.0041909394785761
0,0.0430907942354679,0,0.2984073758125305,0,0.3032728731632232,0,0.3090891242027282
0,0.001110590645112,0,0.1545106172561645,0,0.0004007004899904,0,1.0258844667987432e-05
0,0.0029854264575988,0,0.0076289642602205,0,0.0131476633250713,0,0.0009479717118665
0,0.0040343585424125,0,0.5644739866256714,0,0.0653571039438247,0,0.0133743686601519
0,0.0050572380423545,0,0.2359009087085724,0,0.0143933920189738,0,0.0026105511933565
0,0.1364259123802185,0,0.2035678029060363,0,0.2585008442401886,0,0.187464103102684
0,0.4742997288703918,0,0.3433170318603515,0,0.2484676539897918,0,0.3746164441108703
0,0.0070303948596119,0,0.0384212881326675,0,0.0113119352608919,0,0.0003316976653877
0,0.004681107122451,0,0.0205260515213012,0,0.0253653582185506,0,0.0007159750675782
0,0.0024803387932479,0,0.3038374185562134,0,0.4673973321914673,0,0.0034803785383701
0,0.0036999352741986,0,0.0669891089200973,0,0.0097070969641208,0,0.0001526107953395
0,0.0052880439907312,0,0.0156206684187054,0,0.0322875641286373,0,0.002064187079668
0,0.0046864510513842,0,0.0147864781320095,0,0.0157560370862483,0,0.0005682459450326
0,0.0005942012649029,0,0.002144030528143,0,0.0083331931382417,0,0.0007230554474517
0,0.7444314360618591,0,0.7566857933998108,0,0.7374529242515564,0,0.0856966078281402
0,0.9112619161605836,0,0.7780038118362427,0,0.7354629039764404,0,0.1342729181051254
0,0.9365962147712708,0,0.6939502954483032,0,0.3903298377990722,0,0.8537428975105286
0,0.0338906943798065,0,0.3941300213336944,0,0.1091843098402023,0,0.4560198783874511
0,0.1069493144750595,0,0.3903041183948517,0,0.617737352848053,0,0.8068593740463257
0,0.3120585680007934,0,0.533183753490448,0,0.3585525751113891,0,0.3008720576763153
0,0.0023577408865094,0,0.1027291044592857,0,0.0375794805586338,0,0.0016523178201168
0,0.0255723651498556,0,0.030090108513832,0,0.0082105230540037,0,0.0005782030639238
0,0.0074326987378299,0,0.1041593700647354,0,0.0199322011321783,0,0.0045018061064183
0,0.7549077868461609,0,0.0379039980471134,0,0.005526459775865,0,0.0014577070251107
0,0.0060086171142756,0,0.6389274001121521,0,0.0619577169418334,0,0.0560152903199195
0,0.1101310476660728,0,0.0259405244141817,0,0.0056379209272563,0,0.0038310547824949
0,0.0048892181366682,0,0.0911786630749702,0,0.0223441068083047,0,0.0058807921595871
0,0.0018563758349046,0,0.0398569367825984,0,0.0241272989660501,0,0.0035081494133919
0,0.0023588559124618,0,0.0108823794871568,0,0.012761260382831,0,0.0006027845665812
0,0.001139726024121,0,0.012909865938127,0,0.0102084139361977,0,0.0021662907674908
0,0.6900306344032288,0,0.3249026536941528,0,0.0340536758303642,0,0.0167717859148979
0,0.0061942669562995,0,0.021353606134653,0,0.003798033343628,0,0.0014126941096037
0,0.0586283951997756,0,0.0276420153677463,0,0.1105146929621696,0,0.0003140020999126
0,0.0307618137449026,0,0.0356747210025787,0,0.0116779524832963,0,0.0024453159421682
0,0.0206162650138139,0,0.0125553859397768,0,0.2244506031274795,0,0.0002644543419592
0,0.010970177128911,0,0.029984675347805,0,0.1080948933959007,0,0.0003628450795076
0,0.1935177743434906,0,0.2708489596843719,0,0.0036666758824139,0,0.0083633754402399
0,0.0624606125056743,0,0.0045582964085042,0,0.0133613757789134,0,0.0022746787872165
0,0.0104940319433808,0,0.0126980068162083,0,0.0494091399013996,0,0.0017773431027308
0,0.0038511373568326,0,0.0098465550690889,0,0.0768764838576316,0,0.1962087601423263
0,0.0009201277280226,0,0.0026947688311338,0,0.0104747777804732,0,0.0016303159063681
0,0.8237375617027283,0,0.1597190052270889,0,0.2332962751388549,0,0.3271453082561493
0,0.0077830622904002,0,0.0740564316511154,0,0.0056826211512088,0,0.011615801602602
0,0.003389187157154,0,0.0538379997014999,0,0.0320098921656608,0,0.0254685506224632
0,0.0034326461609452,0,0.035876877605915,0,0.0824517607688903,0,0.0023784404620528
0,0.0007876224117353,0,0.0232477504760026,0,0.007280639372766,0,0.0002781237417366
0,0.0205106493085622,0,0.0667224004864692,0,0.021259868517518,0,0.013642031699419
0,0.0010165059939026,0,0.0021367110311985,0,0.0023036047350615,0,0.0005537146353162
0,0.0006051997770555,0,0.0160531923174858,0,0.0058202161453664,0,0.0002660691388882
0,0.0007724660099484,0,0.0014738538302481,0,0.001577234477736,0,0.0003035646805074
0,0.000514734070748,0,0.0219195503741502,0,0.0670180767774581,0,0.0002360718790441
0,0.0010312322992831,0,0.0031689873430877,0,0.0028193895705044,0,0.000270140270004
0,0.0073089711368083,0,0.0028859274461865,0,0.002276592887938,0,0.0007716178079135
0,0.0028384430333971,0,0.001940126530826,0,0.0208895839750766,0,0.0020868775900453
0,0.0026501992251724,0,0.3617261052131653,0,0.0042440951801836,0,0.0024675438180565
0,0.0013155844062566,0,0.0085637615993618,0,0.0005714398575946,0,0.0003793246869463
0,0.0084336074069142,0,0.0050968648865818,0,0.0010692476062104,0,0.0004348722868598
0,0.0044469162821769,0,0.0461582951247692,0,0.0012954507255926,0,0.0005771866417489
0,0.0157517921179533,0,0.0624379403889179,0,0.0295846238732337,0,0.0155258551239967
0,0.0008471693145111,0,0.0050523364916443,0,0.0020945719443261,0,0.0002846416900865
0,0.9968724846839904,0,0.5500906109809875,0,0.6506953239440918,0,0.9524336457252502
0,0.0003292515466455,0,0.0070712240412831,0,0.0057595772668719,0,0.0015559900784865
0,0.0001080117508536,0,0.0017312495037913,0,0.0002533246588427,0,0.0002964041195809
0,0.0011549373157322,0,0.0072235520929098,0,0.0013132072053849,0,0.0011717684101313
0,0.0002646202920004,0,0.0156017625704407,0,0.0045356191694736,0,0.0018698775675147
0,0.0011942624114453,0,0.0077361236326396,0,0.0068705319426953,0,0.0100657967850565
0,0.0003855676040984,0,0.0235995016992092,0,0.0103881377726793,0,0.0011190455406904
0,9.46659638429992e-05,0,0.0143770640715956,0,0.0235663317143917,0,0.0013940763892605
0,9.139563917415217e-05,0,0.0733592733740806,0,0.0217946898192167,0,0.0028631319291889
0,0.0022538302000612,0,0.0060635916888713,0,0.2007101327180862,0,0.0184566974639892
0,0.0020887423306703,0,0.0025125578977167,0,0.0994635298848152,0,0.0004386533692013
0,0.7155286073684692,0,0.6233537793159485,0,0.6147192716598511,0,0.0133832935243844
0,0.0449715219438076,0,0.4030534029006958,0,0.3620124161243438,0,0.0148707525804638
0,0.0020625945180654,0,0.0078098261728882,0,0.2243963330984115,0,0.002710664877668
0,0.0005281118210405,0,0.0048667681403458,0,0.0048232194967567,0,0.0048429179005324
0,0.0002951312344521,0,0.0141871757805347,0,0.0028152123559266,0,0.0051755639724433
0,0.000178703063284,0,0.223083809018135,0,0.0137462439015507,0,0.1866678297519683
0,0.1735093146562576,0,0.0067902919836342,0,0.3340019285678863,0,0.0727414861321449
0,0.0009910978842526,0,0.0997809842228889,0,0.0150769539177417,0,0.0534934699535369
0,0.9843385815620422,0,0.6339793801307678,0,0.6184378862380981,0,0.8998228907585144
0,0.4184085726737976,0,0.2799340784549713,0,0.3211535215377807,0,0.692783772945404
0,0.0981072857975959,0,0.7223537564277649,0,0.2782664895057678,0,0.6839773058891296
0,0.0006959507009014,0,0.1804903447628021,0,0.007484802044928,0,0.1571560502052307
0,0.0011896289652213,0,0.0072445385158061,0,0.0613587871193885,0,0.0013430434046313
0,0.0015257420018315,0,0.0062964116223156,0,0.0613083019852638,0,0.0009983630152419
0,0.0007271399954333,0,0.0064241937361657,0,0.0524063892662525,0,0.0012247249251231
0,0.0047030569985508,0,0.0396894961595535,0,0.0054121538996696,0,0.0023063998669385
0,0.0005771396099589,0,0.0092011634260416,0,0.0541810095310211,0,0.0010387953370809
0,0.0017202014569193,0,0.006873139180243,0,0.0231276061385869,0,0.0005285692750476
0,0.6972104907035828,0,0.2023611962795257,0,0.0098795061931014,0,0.006052600685507
0,0.0099803460761904,0,0.3198097646236419,0,0.0169092044234275,0,0.0379942953586578
0,0.0027875339146703,0,0.1200495064258575,0,0.0098543874919414,0,0.0017541442066431
0,0.002329796552658,0,0.0035817348398268,0,0.0029281475581228,0,0.0004328012291807
0,0.1097092032432556,0,0.5057516694068909,0,0.0388797782361507,0,0.0021191693376749
0,0.0026124264113605,0,0.0270799342542886,0,0.0019470470724627,0,0.0012342364061623
0,0.6803926825523376,0,0.5985518097877502,0,0.5261214375495911,0,0.8797375559806824
0,0.0013087334809824,0,0.0463726744055748,0,0.0496924594044685,0,0.0033626053482294
0,0.0054851630702614,0,0.0172522570937871,0,0.2951300740242004,0,0.0005758593324571
0,0.00127470260486,0,0.0032167150638997,0,0.1159850135445594,0,0.0004255923558957
0,0.0003649492864497,0,0.0453681834042072,0,0.0170638859272003,0,0.0019804188050329
0,0.9372469782829284,0,0.6543395519256592,0,0.6377970576286316,0,0.9766974449157716
0,0.0006146105006337,0,0.0580511577427387,0,0.0858592018485069,0,0.0008356674225069
0,0.0015847213799133,0,0.0871795266866684,0,0.0417497903108596,0,0.0044815437868237
0,0.0019619090016931,0,0.0182786528021097,0,0.1224059909582138,0,0.0006045350455678
0,0.955540418624878,0,0.6511644721031189,0,0.5449584722518921,0,0.97665536403656
0,0.0139172906056046,0,0.007833749987185,0,0.325469821691513,0,0.0075444807298481
0,0.0039403582923114,0,0.0220080725848674,0,0.2088836729526519,0,0.0038105512503534
0,0.0040060179308056,0,0.0235086195170879,0,0.0892692357301712,0,0.0054465751163661
0,0.0025322732981294,0,0.501183807849884,0,0.4353430569171905,0,0.0076922751031816
0,0.0025048756506294,0,0.6574136018753052,0,0.2229826152324676,0,0.0086650755256414
0,0.0036088889464735,0,0.0585973225533962,0,0.1519483029842376,0,0.006368369795382
0,0.0009655397152528,0,0.0064662895165383,0,0.0127239190042018,0,0.0015639174962416
0,0.0017914872150868,0,0.6731136441230774,0,0.1995987445116043,0,0.0190300066024065
0,0.0178593154996633,0,0.6152913570404053,0,0.0412069410085678,0,0.0003545923100318
0,0.0071545257233083,0,0.4068295061588287,0,0.0792707726359367,0,0.0080008786171674
0,0.0034171310253441,0,0.6808441281318665,0,0.3126866221427917,0,0.8717301487922668
0,0.0031739890109747,0,0.7608234286308289,0,0.5165493488311768,0,0.1810190826654434
0,0.944914162158966,0,0.9641749262809752,0,0.9007426500320436,0,0.9961385130882264
0,0.0247142873704433,0,0.7770822644233704,0,0.6881845593452454,0,0.342319518327713
0,0.9636995792388916,0,0.3910990953445434,0,0.2079160958528518,0,0.5078086853027344
0,0.0007258477853611,0,0.0300263538956642,0,0.0131433820351958,0,0.0002412677713437
0,0.004396160133183,0,0.006929762661457,0,0.0241615008562803,0,0.000265006092377
0,0.1012618541717529,0,0.7035619020462036,0,0.7861083745956421,0,0.4835206866264343
0,0.0519998632371425,0,0.5215409398078918,0,0.4843735694885254,0,0.0387678556144237
0,0.0007264743326231,0,0.0006792632048018,0,0.0042636687867343,0,5.3393323469208553e-05
0,0.0002886587171815,0,0.2386233210563659,0,0.259660005569458,0,0.0006538835004903
0,0.0011822212254628,0,0.1428349614143371,0,0.0076820845715701,0,0.0008559398702345
0,0.0002980902791023,0,0.0041928919963538,0,0.0049902708269655,0,0.0016068760305643
0,0.0002297081227879,0,0.0178614165633916,0,0.0012647844851016,0,0.0003131623088847
0,0.0001756713463691,0,0.0059196967631578,0,0.0085457731038331,0,0.00168159941677
0,0.1608731746673584,0,0.1066226512193679,0,0.1317099779844284,0,0.0102576222270727
0,0.0001098093198379,0,0.0066416384652256,0,0.0045040077529847,0,0.0005695902509614
0,0.9927794337272644,0,0.2871372699737549,0,0.437898725271225,0,0.5097092390060425
0,0.7047217488288879,0,0.6023483276367188,0,0.6738945245742798,0,0.0355396829545497
0,0.9851387143135072,0,0.7676340341567993,0,0.817324161529541,0,0.5922548174858093
0,0.4316976964473724,0,0.5949274301528931,0,0.6923536658287048,0,0.0924874320626258
0,0.9563286304473876,0,0.6444162726402283,0,0.7600932717323303,0,0.1369867026805877
0,0.9932171702384948,0,0.3801569938659668,0,0.7109292149543762,0,0.6205289363861084
0,0.8657193779945374,0,0.6461832523345947,0,0.7756925821304321,0,0.1909519881010055
0,0.3534905016422272,0,0.6208971738815308,0,0.7269123196601868,0,0.5519912242889404
0,0.979616403579712,0,0.3596542775630951,0,0.6778095960617065,0,0.4799093306064605
0,0.002373275347054,0,0.0576159283518791,0,0.0760675370693206,0,0.0065381093882024
0,0.0003801078710239,0,0.3779326677322387,0,0.4123993217945099,0,0.0320269130170345
0,0.0013505168026313,0,0.4149443209171295,0,0.3536622524261474,0,0.0460600741207599
0,0.0006006699986755,0,0.0057881874963641,0,0.0010177962249144,0,0.0002261230401927
0,0.9738072156906128,0,0.1043289676308631,0,0.0945458561182022,0,0.4897354543209076
0,0.957852303981781,0,0.522311270236969,0,0.056846298277378,0,0.0117083601653575
0,0.989144504070282,0,0.5808371305465698,0,0.2338269501924514,0,0.0284175835549831
0,0.987440824508667,0,0.556427001953125,0,0.1231623888015747,0,0.010969971306622
0,0.9707092046737672,0,0.8214952349662781,0,0.7907930612564087,0,0.9487550854682922
0,0.9485101103782654,0,0.788348913192749,0,0.8736835718154907,0,0.0328356027603149
0,0.4822286665439605,0,0.3514059484004974,0,0.5062251091003418,0,0.997290015220642
0,0.0020317866001278,0,0.1419845074415207,0,0.1089831218123436,0,0.0172581449151039
0,0.0016905359225347,0,0.0861098691821098,0,0.0609457120299339,0,0.0161833800375461
0,0.0104713691398501,0,0.417341947555542,0,0.0337289758026599,0,0.0076283286325633
0,0.0024034096859395,0,0.0011695481371134,0,0.0039353305473923,0,0.0010540827643126
0,0.0062633547931909,0,0.0005666526267305,0,0.0030636717565357,0,0.0001714580430416
0,0.0238751899451017,0,0.0122148795053362,0,0.0868751555681228,0,0.0395290032029151
0,0.0009564844076521,0,0.0020012978930026,0,0.0383107997477054,0,0.005582686048001
0,0.0402525290846824,0,0.0176215004175901,0,0.0704727843403816,0,0.0179693587124347
0,0.0028281465638428,0,0.0153060518205165,0,0.0281321853399276,0,0.0054264902137219
0,0.0192436128854751,0,0.5922285914421082,0,0.0454404540359973,0,0.0230334289371967
0,0.0210205055773258,0,0.6313462853431702,0,0.0904457345604896,0,0.0032025033142417
0,0.0004766210622619,0,0.5970932245254517,0,0.0232822354882955,0,0.0032832138240337
0,0.000730097584892,0,0.0029472890309989,0,0.0036368644796311,0,0.0215142481029033
0,0.0002532937214709,0,0.0746648833155632,0,0.0269314423203468,0,0.000282884488115
0,0.0001716528640827,0,0.0057962965220212,0,0.0851752385497093,0,0.0019275593804195
0,5.189878720557317e-05,0,0.0049240170046687,0,0.0216977838426828,0,0.0003335479996167
0,0.0008836998604238,0,0.2601729929447174,0,0.122436910867691,0,0.0025754598900675
0,0.0003186131361871,0,0.3936351835727691,0,0.0358232297003269,0,0.0029284439515322
0,0.0018916197586804,0,0.2836883664131164,0,0.1500807106494903,0,0.0029608672484755
0,0.0002058613172266,0,0.4397340714931488,0,0.0229009818285703,0,0.0135873313993215
0,0.0005411067395471,0,0.0061136591248214,0,0.0087126567959785,0,0.000330595561536
0,0.0070475866086781,0,0.0334346368908882,0,0.0270138755440711,0,0.0250117853283882
0,0.0003271136665716,0,0.0039182053878903,0,0.0024577581789344,0,0.0007533208699896
0,0.0029942549299448,0,0.0211953949183225,0,0.0148098077625036,0,0.0079186782240867
0,0.0010470249690115,0,0.0084424838423728,0,0.0048685558140277,0,0.0015470631187781
0,0.005144958384335,0,0.0215310435742139,0,0.0150820165872573,0,0.0030781982932239
0,0.010545770637691,0,0.034438069909811,0,0.0033943450544029,0,0.0016945055685937
0,0.0016655989456921,0,0.0127356043085455,0,0.0067678629420697,0,0.0037006188649684
0,0.0893576145172119,0,0.1900521367788314,0,0.0066751944832503,0,0.0033816064242273
0,0.0048919841647148,0,0.0362813174724578,0,0.0040658758953213,0,0.000202307026484
0,0.0006151350098662,0,0.0057180100120604,0,0.0101713333278894,0,0.0035546128638088
0,0.0001760402519721,0,0.0265495702624321,0,0.0030949017964303,0,0.0017029598820954
0,0.000885083572939,0,0.0057647596113383,0,0.0242840480059385,0,0.0615829601883888
0,0.0029964833520352,0,0.0073044123128056,0,0.0048225922510027,0,0.0044223107397556
0,0.0023531969636678,0,0.0102729070931673,0,0.0052539673633873,0,0.0008329694974236
0,0.000936139258556,0,0.0188957471400499,0,0.0035442172084003,0,0.0023984347935765
0,0.0009790326002985,0,0.0701432004570961,0,0.1958177536725998,0,0.0116160260513424
0,0.0005803090753033,0,0.0030476828105747,0,0.1006737425923347,0,0.0013564339606091
0,0.0005653018015436,0,0.0159589331597089,0,0.1798049956560135,0,0.002822168637067
0,0.969066858291626,0,0.8306741714477539,0,0.7398404479026794,0,0.8803366422653198
0,0.9925559163093568,0,0.8368080854415894,0,0.6635628938674927,0,0.6677967309951782
0,0.9223806262016296,0,0.8314948081970215,0,0.6635212302207947,0,0.5836618542671204
0,0.0176095105707645,0,0.1085704341530799,0,0.0144184958189725,0,0.0013998075155541
0,0.069340243935585,0,0.1931435912847519,0,0.4836384356021881,0,0.8943029046058655
0,0.0002014014899032,0,0.0840791389346122,0,0.1595282852649688,0,0.1302855759859085
0,0.0032642597798258,0,0.1407188326120376,0,0.0050375997088849,0,0.0013663970166817
0,0.0037778727710247,0,0.2427683025598526,0,0.3786206245422363,0,0.8511501550674438
0,0.0003584089572541,0,0.150768294930458,0,0.266910195350647,0,0.02278140373528
0,0.0013923050137236,0,0.1101449280977249,0,0.0035763138439506,0,0.0020271230023354
0,0.0010881553171202,0,0.1312677264213562,0,0.3703778982162475,0,0.0521182678639888
0,0.0001333322579739,0,0.0312161557376384,0,0.0596669353544712,0,0.0018015656387433
0,0.120446965098381,0,0.5747483372688293,0,0.4458080530166626,0,0.3891651928424835
0,0.001585095655173,0,0.0322987511754035,0,0.5610875487327576,0,0.0080326702445745
0,0.0017723367782309,0,0.0459878556430339,0,0.0081400899216532,0,0.002404149621725
0,0.0038566514849662,0,0.0125620560720562,0,0.440550297498703,0,0.0441729314625263
0,0.0038160581607371,0,0.018769197165966,0,0.0067278277128934,0,0.0054912790656089
0,0.0013213249621912,0,0.0279274526983499,0,0.4786601960659027,0,0.1902393847703933
0,0.0007983912946656,0,0.183774322271347,0,0.0064736031927168,0,0.0014291300904005
0,0.0001500560174463,0,0.0009202640503644,0,0.0146906655281782,0,0.0001450470444979
0,0.0010791652603074,0,0.000403488491429,0,0.0022239084355533,0,4.6847955673001707e-05
0,0.0001105314659071,0,0.0013147670542821,0,0.0099804606288671,0,0.0003272867761552
0,0.0009736555512063,0,0.0039908410981297,0,0.0018591646803542,0,0.0001462105574319
0,0.2317792922258377,0,0.7532446980476379,0,0.6535239815711975,0,0.1993215233087539
0,0.9431929588317872,0,0.7466015815734863,0,0.7367907762527466,0,0.9845580458641052
0,0.0234146323055028,0,0.1655866205692291,0,0.044903740286827,0,0.0318891443312168
0,0.2291647791862487,0,0.5953275561332703,0,0.5247212052345276,0,0.0189743973314762
0,0.8776366114616394,0,0.6900113224983215,0,0.778972327709198,0,0.9911202788352966
0,0.1449561715126037,0,0.1249051988124847,0,0.0563343539834022,0,0.0775617137551307
0,0.0448438860476017,0,0.6308310031890869,0,0.4653096497058868,0,0.0102657536044716
0,0.0009025037870742,0,0.006564799696207,0,0.0059366719797253,0,0.0002370154979871
0,0.4463578164577484,0,0.7023298740386963,0,0.7536150813102722,0,0.9894607663154602
0,0.0086246021091938,0,0.1234300285577774,0,0.0470991320908069,0,0.0434377156198024
0,0.1919069588184356,0,0.8079747557640076,0,0.3214742541313171,0,0.0090522952377796
0,0.0043068942613899,0,0.0015210132114589,0,0.0049367295578122,0,0.0003249711007811
0,0.8908638954162598,0,0.4913190305233001,0,0.1931310892105102,0,0.4755469262599945
0,0.0023278864100575,0,0.0201377011835575,0,0.0243349894881248,0,0.0021279044449329
1,0.8385089039802551,1,0.800884485244751,1,0.3065581917762756,1,0.4462841153144836
1,0.8912986516952515,1,0.8384906053543091,1,0.6973286867141724,1,0.8564040064811707
1,0.3751738667488098,1,0.8001173734664917,1,0.7352051138877869,1,0.8229619264602661
1,0.9692848920822144,1,0.8424170017242432,1,0.769045352935791,1,0.9209080934524536
1,0.9956705570220948,1,0.8744211196899414,1,0.70965975522995,1,0.9606767296791076
1,0.9940699934959412,1,0.8331814408302307,1,0.7911840677261353,1,0.999297857284546
1,0.9874349236488342,1,0.6408097743988037,1,0.7943611741065979,1,0.9619857668876648
1,0.9837350845336914,1,0.7176316976547241,1,0.8251838684082031,1,0.9816939234733582
1,0.2262318879365921,1,0.6339668035507202,1,0.6376563906669617,1,0.4569191634654999
1,0.5705615878105164,1,0.8310549259185791,1,0.7438253164291382,1,0.9919934272766112
1,0.3022002875804901,1,0.0079149333760142,1,0.1230887696146965,1,0.0317303426563739
1,0.9605562686920166,1,0.8024757504463196,1,0.7803435921669006,1,0.3784943222999573
1,0.0163407865911722,1,0.3060689270496368,1,0.0296430457383394,1,0.0119927814230322
1,0.9702226519584656,1,0.7196174263954163,1,0.4521645903587341,1,0.1027040109038353
1,0.986454963684082,1,0.8401176929473877,1,0.5608785152435303,1,0.9333471655845642
1,0.9328324794769288,1,0.8220698833465576,1,0.5120489597320557,1,0.9609299302101136
1,0.9717751741409302,1,0.5626417994499207,1,0.7044655084609985,1,0.2971555888652801
1,0.9744287729263306,1,0.795134425163269,1,0.7701218724250793,1,0.916674554347992
1,0.991995334625244,1,0.776185154914856,1,0.8224925398826599,1,0.9613927006721495
1,0.9778813123703004,1,0.7119951248168945,1,0.5240825414657593,1,0.82294762134552
1,0.9431963562965392,1,0.6939582228660583,1,0.5020486116409302,1,0.6283407211303711
1,0.9911978840827942,1,0.8108211159706116,1,0.7291175127029419,1,0.9285329580307008
1,0.0025908646639436,1,0.1815621107816696,1,0.6353287100791931,1,0.5629726052284241
1,0.997143805027008,1,0.7681939005851746,1,0.4336511194705963,1,0.602357029914856
1,0.9848299026489258,1,0.8802045583724976,1,0.4869470298290252,1,0.882358968257904
1,0.0010081961518153,1,0.4511239230632782,1,0.2617944777011871,1,0.0092540523037314
1,0.9991021156311036,1,0.9292630553245544,1,0.9314812421798706,1,0.9990144968032836
0,0.1212938651442527,0,0.2927799522876739,0,0.1690915524959564,0,0.0134177152067422
0,0.0044943820685148,0,0.0234131570905447,0,0.0050634248182177,0,0.0161961857229471
0,0.0010206777369603,0,0.0004268779302947,0,0.0005499712424352,0,9.323368431068955e-06
0,0.0005703133065253,0,0.0006902134628035,0,0.0011988225160166,0,0.0001444251538487
0,0.0164778176695108,0,0.0016642379341647,0,0.0300156269222497,0,0.0037044058553874
0,0.9535298347473145,0,0.7812294960021973,0,0.7935582995414734,0,0.1836738735437393
0,0.0015338222729042,0,0.0063247014768421,0,0.0172246936708688,0,0.0078919921070337
0,0.7959868311882019,0,0.8210482597351074,0,0.7959880828857422,0,0.094401054084301
0,0.0008396055200137,0,0.0531719140708446,0,0.0038528079167008,0,0.0211546048521995
0,0.0016616374487057,0,0.0042774509638547,0,0.0095169721171259,0,0.0471835993230342
0,0.0003796510281972,0,0.0431209579110145,0,0.0485066212713718,0,0.0241367220878601
0,0.0014030648162588,0,0.0691232830286026,0,0.1832414269447326,0,0.0015287450514733
0,0.96233069896698,0,0.7751363515853882,0,0.800869345664978,0,0.8251827955245972
0,0.0007426628144457,0,0.2432351410388946,0,0.0352763235569,0,0.0013963086530566
0,0.0036550296936184,0,0.3022288680076599,0,0.3714083433151245,0,0.3954363465309143
0,0.0482503361999988,0,0.3828467726707458,0,0.0523783378303051,0,0.0362900234758853
0,0.2256543636322021,0,0.3679559528827667,0,0.0592439770698547,0,0.0765843540430069
0,0.2011337131261825,0,0.4327581524848938,0,0.0459705591201782,0,0.0303027015179395
0,0.0086359968408942,0,0.4585572481155395,0,0.0265415646135807,0,0.0021957869175821
0,0.0327700786292552,0,0.375255286693573,0,0.0682508796453476,0,0.0065057952888309
0,0.1042616069316864,0,0.344103068113327,0,0.718914806842804,0,0.2442596107721328
0,0.1483134180307388,0,0.5735522508621216,0,0.7173761129379272,0,0.3354928195476532
0,0.3372767269611358,0,0.8966071605682373,0,0.528885543346405,0,0.6248074173927307
0,0.0017691287212073,0,0.0716795101761818,0,0.0018326279241591,0,0.0002206625213148
0,0.1057680696249008,0,0.7206735610961914,0,0.5764834880828857,0,0.0254253596067428
0,0.0090199299156665,0,0.6206075549125671,0,0.7272800207138062,0,0.0208462420850992
0,0.0495545044541358,0,0.1566570252180099,0,0.2806420624256134,0,0.1229288578033447
0,0.0818206965923309,0,0.1720328032970428,0,0.0371656604111194,0,0.0755064114928245
0,0.7629607319831848,0,0.530326783657074,0,0.6912901997566223,0,0.4835363924503326
0,0.0002784445241559,0,0.0089599834755063,0,0.0137826027348637,0,0.0008432579925283
0,0.0002287274983245,0,0.0825152397155761,0,0.003684198250994,0,0.000690994085744
0,0.004881280940026,0,0.0187014248222112,0,0.0029332472477108,0,0.0005778308841399
0,0.0036680905614048,0,0.1001509651541709,0,0.0098883397877216,0,0.0006697225035168
0,0.014103909023106,0,0.1437662690877914,0,0.0781537294387817,0,0.0063368254341185
0,0.000309945520712,0,0.0008450947352685,0,0.0013166882563382,0,0.0005209041992202
0,0.0001690504286671,0,0.0166602823883295,0,0.0155808832496404,0,0.0018859573174268
0,0.0021258511114865,0,0.0405483320355415,0,0.0095656365156173,0,0.0013248451286926
0,0.0023119058459997,0,0.0071426946669816,0,0.0073187449015676,0,0.0013451721752062
0,0.0036795907653868,0,0.0190854389220476,0,0.0372479110956192,0,0.0019811652600765
0,0.0008087048772722,0,0.0062327771447598,0,0.0092293536290526,0,0.0007648796308785
0,0.0047351419925689,0,0.0506300814449787,0,0.0077011217363178,0,0.0009342465782538
0,0.0031932510901242,0,0.0102671384811401,0,0.0158725026994943,0,0.0016595852794125
0,0.0059464112855494,0,0.0537957735359668,0,0.3233859241008758,0,0.0024882997386157
0,0.0005178407300263,0,0.0006634348537772,0,0.0113278599455952,0,0.0005819119396619
0,0.0001953445607796,0,0.0017541751731187,0,0.0047537083737552,0,0.0005036199581809
0,0.001640157890506,0,0.0122236842289567,0,0.0075781806372106,0,0.0010139418300241
0,0.0026925795245915,0,0.0385622009634971,0,0.0220497008413076,0,0.0041975313797593
0,0.3835263550281524,0,0.7914627194404602,0,0.3522714078426361,0,0.4094749093055725
0,0.0019590652082115,0,0.0141842756420373,0,0.0661415383219719,0,0.1399590224027633
0,0.0210736934095621,0,0.0335500426590442,0,0.2276934683322906,0,0.0118478322401642
0,0.0451276078820228,0,0.7662645578384399,0,0.0533322058618068,0,0.0454295873641967
0,0.001085185795091,0,0.007233178243041,0,0.0535081885755062,0,0.026049867272377
0,0.002488000318408,0,0.087129533290863,0,0.0467624925076961,0,0.0139911230653524
0,0.0037413144018501,0,0.0431597307324409,0,0.0278496798127889,0,0.0090353889390826
0,0.0054719313047826,0,0.1540250927209854,0,0.0055481409654021,0,0.0045272321440279
0,0.002064655534923,0,0.1830664873123169,0,0.0033650926779955,0,0.0033283794764429
0,0.006579503417015,0,0.14546799659729,0,0.0104695167392492,0,0.0070793805643916
0,0.0003548348031472,0,0.0244306232780218,0,0.009546703658998,0,0.0004406541411299
0,0.0002095801173709,0,0.0072627407498657,0,0.0143645079806447,0,0.0004491499566938
0,0.0007105231052264,0,0.006561407353729,0,0.0180026963353157,0,0.0010460393968969
0,0.0005598560674116,0,0.0233906246721744,0,0.0045787212438881,0,0.0004404219216667
0,0.0011920643737539,0,0.0586245395243167,0,0.0019513161387294,0,0.0001684324233792
0,0.0076552322134375,0,0.0594963878393173,0,0.176021859049797,0,0.0723724290728569
0,0.0003626249381341,0,0.0439815744757652,0,0.0032242340967059,0,0.0003192492295056
0,0.000556779676117,0,0.105326808989048,0,0.0088053354993462,0,0.0002505331067368
0,0.0011090312618762,0,0.0155553491786122,0,0.0017172407824546,0,0.0003977684536948
0,0.0077182636596262,0,0.0053631863556802,0,0.0067466185428202,0,0.0035705447662621
0,0.0006153017748147,0,0.0072931046597659,0,0.0036460927221924,0,0.0013455104781314
0,0.0050787138752639,0,0.0038968652952462,0,0.0071475049480795,0,0.0024174717254936
0,0.0007718671113252,0,0.0142270922660827,0,0.0124399662017822,0,0.0012792173074558
0,0.0371953286230564,0,0.7690480351448059,0,0.6686710715293884,0,0.8770191073417664
0,0.0006264424882829,0,0.0039001742843538,0,0.0061839316040277,0,0.0009422375587746
0,0.0035557395312935,0,0.0103169688954949,0,0.0072037461213767,0,0.0178066827356815
0,0.0009514281409792,0,0.3498278260231018,0,0.2588910162448883,0,0.0037956365849822
0,0.0007523688836954,0,0.4163782596588135,0,0.1263803988695144,0,0.0040175272151827
0,0.0004786416247952,0,0.0030941823497414,0,0.0169545728713274,0,0.0006786352605558
0,0.6849337816238403,0,0.5376717448234558,0,0.4716179370880127,0,0.0366654209792614
0,0.0251523349434137,0,0.3369419574737549,0,0.7021702527999878,0,0.0124283488839864
0,0.1958750635385513,0,0.4745828509330749,0,0.4207915067672729,0,0.0067995595745742
0,0.2640019655227661,0,0.4333706796169281,0,0.5828392505645752,0,0.0042487448081374
0,0.7058567404747009,0,0.5150541663169861,0,0.513659656047821,0,0.0024868752807378
0,0.0967610403895378,0,0.4227891266345978,0,0.0191725548356771,0,0.003311421489343
0,0.000113680755021,0,0.0017807218246161,0,0.0057813343591988,0,0.0003229096182622
0,0.0001845841616159,0,0.0144823975861072,0,0.0199840739369392,0,0.0010077217593789
0,0.0005971202626824,0,0.038381777703762,0,0.0207928270101547,0,0.0027217760216444
0,0.9390150308609008,0,0.3301897644996643,0,0.5863572955131531,0,0.6867681741714478
0,0.0006797204841859,0,0.0011611483059823,0,0.0049617881886661,0,0.0007769849034957
0,0.8548446893692017,0,0.4005697071552276,0,0.1156530380249023,0,0.1657447963953018
0,0.0167445372790098,0,0.3408011496067047,0,0.0472219660878181,0,0.0181154143065214
0,0.0018559908494353,0,0.0060522593557834,0,0.0055965846404433,0,0.0098138386383652
0,0.0007149234297685,0,0.000775140535552,0,0.0024486272595822,0,0.0044045289978384
0,0.0020358716137707,0,0.0011246647918596,0,0.0130753684788942,0,0.0052317194640636
0,0.0004876337479799,0,0.0199586078524589,0,0.0604098066687583,0,0.0028231616597622
0,0.0035135929938405,0,0.0057619507424533,0,0.019091036170721,0,0.0079274680465459
0,0.0001826229126891,0,0.0014712723204866,0,0.0060715279541909,0,0.0036550366785377
0,0.0006826892495155,0,0.0040810382924973,0,0.0209330525249242,0,0.0010686833411455
0,0.991982400417328,0,0.8412559628486633,0,0.716825008392334,0,0.7701306939125061
0,0.0004863458161707,0,0.0088011035695672,0,0.1205795332789421,0,0.0007441626512445
0,0.0005367568228393,0,0.0033942821901291,0,0.05580385774374,0,0.0004978992510586
0,0.0023338720202445,0,0.2415843307971954,0,0.3244566023349762,0,0.0098785869777202
0,0.0222560334950685,0,0.595746636390686,0,0.2030944377183914,0,0.0301578361541032
0,0.0038707288913428,0,0.0242501609027385,0,0.0085145952180027,0,0.007140124682337
0,0.0004714237293228,0,0.0784964933991432,0,0.0637421980500221,0,0.0075900820083916
0,0.0007330176304094,0,0.0501703992486,0,0.2370729446411132,0,0.0072031179443001
0,0.0031101834028959,0,0.0190515220165252,0,0.0010190508328378,0,0.0019618407823145
0,0.0018253243761137,0,0.0314397774636745,0,0.3099687993526459,0,0.0751577019691467
0,0.0027775759808719,0,0.0164223238825798,0,0.0006358941900543,0,0.0015653969021514
0,0.0011522306594997,0,0.1358588188886642,0,0.3142855167388916,0,0.0067611127160489
0,0.004953667987138,0,0.0249269101768732,0,0.0014635942643508,0,0.0008310034172609
0,0.1010213568806648,0,0.4665746986865997,0,0.0409483537077903,0,0.0023201582953333
0,0.0344614721834659,0,0.4832044541835785,0,0.0347593426704406,0,0.0027523599565029
0,0.001730162766762,0,0.0117881642654538,0,0.0115879429504275,0,0.0033534914255142
0,0.0081213591620326,0,0.0305189024657011,0,0.011705850251019,0,0.0013322338927537
0,0.0028174517210572,0,0.0930111333727836,0,0.0197548922151327,0,0.0024272603914141
0,0.0131687149405479,0,0.1065137162804603,0,0.0079992357641458,0,0.0022655806969851
0,0.0025913317222148,0,0.047805443406105,0,0.0183261577039957,0,0.0019700590055435
0,0.0023333935532718,0,0.0850174203515052,0,0.1892165690660476,0,0.0167678631842136
0,0.001145786140114,0,0.0010455582523718,0,0.0042975307442247,0,0.0017376281321048
0,0.0024179273750633,0,0.0015967345098033,0,0.0186220146715641,0,0.0013462802162393
0,0.0027710881549865,0,0.0062528597190976,0,0.0037107050884515,0,0.002838134067133
0,0.001249762950465,0,0.0428060553967952,0,0.0045402138493955,0,0.000912694085855
0,0.001332385581918,0,0.0025817244313657,0,0.0025516841560602,0,0.0024715671315789
0,0.0005983618902973,0,0.1067830771207809,0,0.0024480880238115,0,0.0004588273586705
0,0.0005040254909545,0,0.0007676090463064,0,0.002535346429795,0,0.0007890087435953
0,0.0139517998322844,0,0.0664302408695221,0,0.0092499172315001,0,0.0048522246070206
0,0.002294206758961,0,0.1432514041662216,0,0.1333459168672561,0,0.0060424078255891
0,0.0213255695998668,0,0.1147351115942001,0,0.0128061100840568,0,0.0129790939390659
0,0.0029386365786194,0,0.0129370912909507,0,0.0034842817112803,0,0.0008028472075238
0,0.0027709284331649,0,0.0579581335186958,0,0.0073286388069391,0,0.0008290265104733
0,0.0014122535940259,0,0.0211045183241367,0,0.0643090829253196,0,0.0024801595136523
0,0.0196329820901155,0,0.1926367282867431,0,0.0476339384913444,0,0.0169599242508411
0,0.042260430753231,0,0.4642823934555053,0,0.3785749077796936,0,0.27178555727005
0,0.0020211727824062,0,0.0927511975169181,0,0.005100043490529,0,0.0131111927330493
0,0.0018989652162417,0,0.2288036495447158,0,0.0125878760591149,0,0.0096204634755849
0,0.0054629263468086,0,0.1839928030967712,0,0.2472497671842575,0,0.0924152955412864
0,0.0042445710860192,0,0.077092669904232,0,0.0167328063398599,0,0.0035992737393826
0,0.0019318736158311,0,0.0585456490516662,0,0.0294511001557111,0,0.0020527099259197
0,0.003616569796577,0,0.0883868262171745,0,0.0145755093544721,0,0.0031352546066045
0,0.0027652201242744,0,0.5060037970542908,0,0.2213732898235321,0,0.081665888428688
0,0.0824322253465652,0,0.0102404551580548,0,0.0064755380153656,0,0.001359375542961
0,0.0017288563540205,0,0.2254908829927444,0,0.025481579825282,0,0.0157026480883359
0,0.0119491182267665,0,0.5431395173072815,0,0.1693251132965088,0,0.0696723833680152
0,0.0858585089445114,0,0.0027453247457742,0,0.0104127395898103,0,0.0006362024578265
0,0.0030394587665796,0,0.2975090146064758,0,0.0189028773456811,0,0.0269667748361825
0,0.1020791158080101,0,0.4886865615844726,0,0.1839981526136398,0,0.3856760263442993
0,0.0099647361785173,0,0.007010752800852,0,0.0079496316611766,0,0.0012053278042003
0,0.0085556237027049,0,0.133367046713829,0,0.0047845928929746,0,0.000886382360477
0,0.9970272183418274,0,0.9090151190757751,0,0.8382580280303955,0,0.996268093585968
0,0.9621028900146484,0,0.8428168296813965,0,0.5693861842155457,0,0.8459848165512085
0,0.977314591407776,0,0.7874233722686768,0,0.5891080498695374,0,0.915976881980896
0,0.01719263009727,0,0.0010360348969697,0,0.0081729916855692,0,0.0078033185563981
0,0.0089445328339934,0,0.0016988540301099,0,0.0040440806187689,0,0.0055309031158685
0,0.0187154803425073,0,0.0893929451704025,0,0.002395142102614,0,0.0016631166217848
0,0.0113104470074176,0,0.0108133470639586,0,0.0166902188211679,0,0.0488110110163688
0,0.0044566290453076,0,0.0110846934840083,0,0.0183212012052536,0,0.0285904463380575
0,0.0097288889810442,0,0.0043030190281569,0,0.0368930213153362,0,0.0085887899622321
0,0.0831896364688873,0,0.0747971981763839,0,0.101785160601139,0,0.0046772519126534
0,0.0053931265138089,0,0.5402456521987915,0,0.4483203291893005,0,0.0398287139832973
0,0.003880939213559,0,0.4336018860340118,0,0.263698399066925,0,0.4853575229644775
0,0.0029322782065719,0,0.0679072365164756,0,0.0072292103432118,0,0.0079014766961336
0,0.000114271788334,0,0.0208166558295488,0,0.0032792713027447,0,0.0009895387338474
0,0.0012677755439653,0,0.5039517283439636,0,0.1818567514419555,0,0.1375016719102859
0,0.0172628201544284,0,0.4826064705848694,0,0.2988698482513428,0,0.0718702152371406
0,0.0113374656066298,0,0.2645683884620666,0,0.1315186917781829,0,0.1274468451738357
0,0.0005140143330208,0,0.0159734617918729,0,0.0157115682959556,0,0.0007291717920452
0,0.0005529678310267,0,0.0122288847342133,0,0.0039754407480359,0,0.0004877664905507
0,0.0508882664144039,0,0.5398649573326111,0,0.536539614200592,0,0.03311637789011
0,0.0008974213851615,0,0.154728889465332,0,0.0193614158779382,0,0.0110538182780146
0,0.0184248127043247,0,0.5363328456878662,0,0.3534315228462219,0,0.0339165888726711
0,0.0049438741989433,0,0.1101584732532501,0,0.0243162997066974,0,0.0076540950685739
0,0.0007468477124348,0,0.0444294363260269,0,0.0085101518779993,0,0.0007510572322644
0,0.0002972936199512,0,0.1763843148946762,0,0.006005329079926,0,0.0024335598573088
0,0.0020726583898067,0,0.2441306412220001,0,0.006557626184076,0,0.1065930649638176
0,0.0133655443787574,0,0.7105240225791931,0,0.6246117353439331,0,0.0186778642237186
0,0.0015090693486854,0,0.1579547971487045,0,0.1433034241199493,0,0.0029823114164173
0,0.1864863932132721,0,0.5049001574516296,0,0.0691315457224845,0,0.0266991630196571
0,0.005617534276098,0,0.0371634028851985,0,0.0049443976022303,0,0.0013402636395767
0,0.0028671761974692,0,0.0239372551441192,0,0.0035060443915426,0,0.0009387414902448
0,0.0099773416295647,0,0.5303758382797241,0,0.3327789902687073,0,0.0188938844949007
0,0.0072401398792862,0,0.039371520280838,0,0.0397875159978866,0,0.0233718547970056
0,0.9789837002754213,0,0.809018611907959,0,0.7868204712867737,0,0.7200863361358643
0,0.986630380153656,0,0.8219879269599915,0,0.7359962463378906,0,0.9669723510742188
0,0.0008091854979284,0,0.008970626629889,0,0.0134567748755216,0,0.0055042030289769
0,0.0010094071039929,0,0.0481969118118286,0,0.1299310326576233,0,0.0029667965136468
0,0.0012178695760667,0,0.0099748978391289,0,0.0023532954510301,0,0.0036255226004868
0,0.0023874749895185,0,0.3404117226600647,0,0.2469728887081146,0,0.054535437375307
0,0.0018622973002493,0,0.0111007923260331,0,0.0075761904008686,0,0.0012201407225802
0,0.0008311483543366,0,0.011588416993618,0,0.0019320549909025,0,0.0052099926397204
0,0.0010511901928111,0,0.0819593369960784,0,0.2464453727006912,0,0.0039268615655601
0,0.0006846690084785,0,0.1577842235565185,0,0.0756645053625106,0,0.0090258214622735
0,0.0004582805850077,0,0.0223230849951505,0,0.0924637615680694,0,0.0006616725586354
0,0.025580933317542,0,0.2901754677295685,0,0.318640649318695,0,0.0041485796682536
0,0.00218490161933,0,0.0121041378006339,0,0.001393548795022,0,0.0033141328021883
0,0.0005870560416951,0,0.2848853766918182,0,0.1786380559206009,0,0.0765728875994682
0,0.0004261808062437,0,0.0394892655313015,0,0.0026306328363716,0,8.325267117470503e-05
0,0.0010616912040859,0,0.1198674067854881,0,0.010534725151956,0,0.0013131959130987
0,0.0008571167127229,0,0.01748220436275,0,0.0034973572473973,0,0.0012127830414101
0,0.0047590127214789,0,0.2494438141584396,0,0.2140790671110153,0,0.0288172774016857
0,0.0003396116080693,0,0.0152082117274403,0,0.0302497185766696,0,0.0159912407398223
0,0.0002333406737307,0,0.0024356886278837,0,0.0198251157999038,0,0.0113077703863382
0,0.9743932485580444,0,0.5856585502624512,0,0.3758890926837921,0,0.9895681738853456
0,0.0101048909127712,0,0.0093772029504179,0,0.0245866123586893,0,0.0012521763565018
0,0.0013582838000729,0,0.0743643045425415,0,0.0150841772556304,0,0.0016836029244586
0,0.0024094434920698,0,0.1550077050924301,0,0.0252729300409555,0,0.0249168965965509
0,0.005178764462471,0,0.0029827351681888,0,0.0246623493731021,0,0.0019974121823906
0,0.0016752283554524,0,0.3518946170806885,0,0.0282345451414585,0,0.0355452224612236
0,0.001019139192067,0,0.0708225220441818,0,0.0140922525897622,0,0.0023106038570404
0,0.0012055810075253,0,0.0987273082137107,0,0.0312201995402574,0,0.0305781606584787
0,0.0022768669296056,0,0.0100093223154544,0,0.0175046771764755,0,0.0021860641427338
0,0.004635461140424,0,0.0983255952596664,0,0.0187827385962009,0,0.0016060759080573
0,0.0002492536441422,0,0.0020230666268616,0,0.0013356495182961,0,0.0003359855036251
0,0.0029259456787258,0,0.1108081564307212,0,0.1553772836923599,0,0.0147379580885171
0,0.0014496225630864,0,0.0379368439316749,0,0.0725083947181701,0,0.0064309234730899
0,0.0004928114358335,0,0.0072712055407464,0,0.0028932322748005,0,0.0002822888200171
0,0.0011645389022305,0,0.0915819630026817,0,0.1328975111246109,0,0.0226582717150449
0,0.0019344460451975,0,0.0346193723380565,0,0.103325679898262,0,0.0129861878231167
0,0.2201998382806778,0,0.5935691595077515,0,0.1807958483695984,0,0.1958804279565811
0,0.0011037751100957,0,0.0885266438126564,0,0.0935719236731529,0,0.0902505740523338
0,0.0002658596786204,0,0.035127680748701,0,0.0234412159770727,0,0.014580269344151
0,0.0005371447768993,0,0.018005670979619,0,0.1515403240919113,0,0.0036310080904513
0,0.0001219419282278,0,0.0378016494214534,0,0.0500626452267169,0,0.0021167688537389
0,0.0013698328984901,0,0.0504465252161026,0,0.0082386955618858,0,0.0028442698530852
0,0.6806106567382812,0,0.5371025800704956,0,0.5699555277824402,0,0.5403614044189453
0,0.0032725222408771,0,0.0177805554121732,0,0.0060953949578106,0,0.0134811298921704
0,0.0021950618829578,0,0.0139653468504548,0,0.0309573952108621,0,0.0016552078304812
0,0.0028421569149941,0,0.0802254229784011,0,0.0331974625587463,0,0.0033503484446555
0,0.0040733590722084,0,0.0039449105970561,0,0.0681608319282531,0,0.0139071121811866
0,0.0036239093169569,0,0.0132961086928844,0,0.0477414950728416,0,0.0011963796569034
0,0.0060791876167058,0,0.0072339861653745,0,0.0070305587723851,0,0.0029946763534098
0,0.0002388616994721,0,0.0192723628133535,0,0.0167816188186407,0,0.0002364935935474
0,0.0032300625462085,0,0.0045476956292986,0,0.0006957858568057,0,0.0001691410434432
0,0.0003553392016328,0,0.0234412215650081,0,0.0233752392232418,0,0.025752255693078
0,0.0005272685666568,0,0.0279970709234476,0,0.0052295257337391,0,0.0349886119365692
0,0.0047705108299851,0,0.0123802861198782,0,0.0063685807399451,0,0.0125377755612134
0,0.1442486196756363,0,0.0869451239705085,0,0.2319968044757843,0,0.0055536869913339
0,0.0004149469605181,0,0.0009211399592459,0,0.0025341263972222,0,0.0005578513955697
0,0.0091330772265791,0,0.0013576592318713,0,0.0093062045052647,0,0.0022566078696399
0,0.1468767374753952,0,0.0926538780331611,0,0.2819070518016815,0,0.0096260076388716
0,0.0040438077412545,0,0.0949642285704612,0,0.4629449546337127,0,0.4049440026283264
0,0.0023093314375728,0,0.4914336800575256,0,0.4646967947483063,0,0.2644174098968506
0,0.0036573118995875,0,0.1974564641714096,0,0.234101265668869,0,0.0487393885850906
0,0.0002904647844843,0,0.0002460289106238,0,0.0031185820698738,0,0.0001459930936107
0,0.8430808186531067,0,0.0523615255951881,0,0.1559788435697555,0,0.0076057142578065
0,0.0003533233539201,0,0.0020284235943108,0,0.0441003888845443,0,0.0003197051992174
0,0.0006866424228064,0,0.0019826639909297,0,0.1590762287378311,0,0.0003493488184176
0,0.0008547470206394,0,0.0024619868490844,0,0.0178836453706026,0,0.0001088468707166
0,0.0015376484952867,0,0.0111758233979344,0,0.1102100759744644,0,0.0001469869312131
1,0.38846355676651,1,0.695696234703064,1,0.6446887850761414,1,0.4210410118103027
1,0.1260691285133361,1,0.8560494780540466,1,0.4575333297252655,1,0.3439505398273468
1,0.439739316701889,1,0.9094595313072203,1,0.1743310242891311,1,0.6857694983482361
1,0.9950789213180542,1,0.8052834868431091,1,0.8861266374588013,1,0.972412645816803
1,0.9961205124855042,1,0.8343369364738464,1,0.8214868307113647,1,0.9986660480499268
1,0.001113723963499,1,0.0377529263496398,1,0.0054712072014808,1,0.007221152074635
1,0.0012124446220695,1,0.0215359218418598,1,0.0054249819368124,1,0.0073878848925232
1,0.0015684949466958,1,0.1729567795991897,1,0.0129228569567203,1,0.0077860676683485
1,0.1751733869314193,1,0.4485624730587005,1,0.6465616822242737,1,0.0899207144975662
1,0.938770353794098,1,0.6300910115242004,1,0.7351921796798706,1,0.2762223780155182
1,0.9475186467170716,1,0.7437949776649475,1,0.8333804607391357,1,0.7881413698196411
1,0.9403808116912842,1,0.695071816444397,1,0.7213709950447083,1,0.6230122447013855
1,0.9940388202667236,1,0.7110989093780518,1,0.77325040102005,1,0.8586392998695374
1,0.049834206700325,1,0.6215130090713501,1,0.5834922790527344,1,0.7800043225288391
1,0.996784210205078,1,0.850123405456543,1,0.8700118064880371,1,0.9917266368865968
1,0.9984966516494752,1,0.9503189325332642,1,0.9659339785575868,1,0.9859841465950012
1,0.9930919408798218,1,0.9244046807289124,1,0.8409165740013123,1,0.7908586859703064
1,0.9844847917556764,1,0.8932825922966003,1,0.8630928993225098,1,0.7370322942733765
1,0.0069344597868621,1,0.2934744358062744,1,0.0825679451227188,1,0.0007209657924249
1,0.0255829188972711,1,0.8199314475059509,1,0.4157000780105591,1,0.1190017461776733
1,0.8901975154876709,1,0.5880322456359863,1,0.5923355221748352,1,0.2057086080312729
0,0.0026637753471732,0,0.0608615577220916,0,0.2111234068870544,0,0.0187699440866708
0,0.0145376157015562,0,0.0288735684007406,0,0.0072108120657503,0,0.0075576198287308
0,0.0059229102917015,0,0.0780737698078155,0,0.0176627207547426,0,0.0115966135635972
0,0.0064749615266919,0,0.0531230717897415,0,0.0111174248158931,0,0.038233432918787
0,0.0010977089405059,0,0.0818397998809814,0,0.0445296056568622,0,0.0040061301551759
0,0.0240733120590448,0,0.0914628431200981,0,0.0353593230247497,0,0.0120814647525548
0,0.0032639678101986,0,0.0525665879249572,0,0.0125621799379587,0,0.004708269611001
0,0.0082273576408624,0,0.1478471606969833,0,0.0159917213022708,0,0.004839212168008
0,0.0005215600249357,0,0.0433584675192832,0,0.005733931902796,0,0.0011645982740446
0,0.604801595211029,0,0.5654205679893494,0,0.4767908751964569,0,0.0297007821500301
0,0.1947415471076965,0,0.071023903787136,0,0.0735838785767555,0,0.0115027101710438
0,0.4081241488456726,0,0.0545329414308071,0,0.0757804960012435,0,0.017129922285676
0,0.0061011235229671,0,0.005980443675071,0,0.0234413892030715,0,0.0068715377710759
0,0.0006924294866621,0,0.018386747688055,0,0.008661332540214,0,0.0116447322070598
0,0.9962708950042723,0,0.7990285754203796,0,0.8009368181228638,0,0.9720303416252136
0,0.8468487858772278,0,0.7357021570205688,0,0.6001061797142029,0,0.1406909227371215
0,0.7425826191902161,0,0.696570634841919,0,0.6133566498756409,0,0.1433149427175521
0,0.0013448686804622,0,0.417773425579071,0,0.4621601104736328,0,0.211387038230896
0,0.0005147890187799,0,0.5713404417037964,0,0.3518831729888916,0,0.3578791320323944
0,0.0320826806128025,0,0.3144135773181915,0,0.5169004797935486,0,0.0120201474055647
0,0.0029074689373373,0,0.1396227180957794,0,0.0363574475049972,0,0.0896845906972885
0,0.0003851442306768,0,0.0108971102163195,0,0.0041637821123003,0,0.0013736004475504
0,0.0010132958414033,0,0.0077475677244365,0,0.0058168452233076,0,0.0007908390834927
0,0.4480271637439728,0,0.4611428380012512,0,0.6474673748016357,0,0.112227089703083
0,0.0005509883048944,0,0.2065067887306213,0,0.0224814675748348,0,0.0066292737610638
0,0.00044840836199,0,0.0488406457006931,0,0.0365539975464344,0,0.0375098921358585
0,0.0286378804594278,0,0.2125272303819656,0,0.1278455555438995,0,0.0026201121509075
0,0.0004627233138307,0,0.0139820352196693,0,0.02851721085608,0,0.0005263024941086
0,0.0045063770376145,0,0.0096929483115673,0,0.0198780056089162,0,0.0032701648306101
0,0.0018727710703387,0,0.0178006868809461,0,0.0552397295832634,0,0.0014408372808247
0,0.0021523404866456,0,0.1401636004447937,0,0.0539649426937103,0,0.0039746607653796
0,0.0009833687217906,0,0.0101542565971612,0,0.0262933801859617,0,0.0021221016068011
0,0.0034985728561878,0,0.1149807199835777,0,0.0393248200416564,0,0.0036295678000897
0,0.9871455430984496,0,0.7397077083587646,0,0.6008933186531067,0,0.0982373356819152
0,0.9783000349998474,0,0.7819967865943909,0,0.6451119184494019,0,0.5617882013320923
0,0.0029166261665523,0,0.0150174414739012,0,0.0355666913092136,0,0.0145144471898674
0,0.0057604350149631,0,0.0050022271461784,0,0.0249401833862066,0,0.0029368430841714
0,0.000817097374238,0,0.0039214300923049,0,0.0099052768200635,0,0.0026035802438855
0,0.0078322384506464,0,0.0351384431123733,0,0.0081037320196628,0,0.0035245069302618
0,0.0037199126090854,0,0.0066220988519489,0,0.0081816548481583,0,0.0011838981881737
0,0.000313228869345,0,0.004106905311346,0,0.0052893660031259,0,0.0097838575020432
0,0.0003849964996334,0,0.0034927807282656,0,0.0093721458688378,0,0.0013935706811025
0,0.0033749630674719,0,0.0078905764967203,0,0.0049713319167494,0,0.0018025356112048
0,0.0005378245841711,0,0.0015849665505811,0,0.0107190106064081,0,0.0004483301308937
0,0.004636354278773,0,0.0104858949780464,0,0.0061308559961616,0,0.0003003525198437
0,0.0004839067405555,0,0.0057448893785476,0,0.0030197275336831,0,0.0021432442590594
0,0.0006504419725388,0,0.0018492911476641,0,0.008452134206891,0,0.0018365557771176
0,0.0026921108365058,0,0.2867419123649597,0,0.6921382546424866,0,0.5460016131401062
0,0.0032749040983617,0,0.0163640808314085,0,0.001981159672141,0,0.0007993055041879
0,0.0225885584950447,0,0.4122284054756164,0,0.6576983332633972,0,0.658673107624054
0,0.0002876729704439,0,0.0003459899453446,0,0.0015667852712795,0,7.801032188581303e-05
0,0.0003497827565297,0,0.039455160498619,0,0.6695419549942017,0,0.3723777234554291
0,0.0347899422049522,0,0.4668697714805603,0,0.0897290110588073,0,0.3701295554637909
0,0.7799180150032043,0,0.6343127489089966,0,0.1872980594635009,0,0.131262868642807
0,0.0010546487756073,0,0.2955490946769714,0,0.5027608275413513,0,0.9433837532997132
0,0.0020401671063154,0,0.2009256333112716,0,0.3507566154003143,0,0.0143349282443523
0,0.933161735534668,0,0.4291813671588897,0,0.4171970188617706,0,0.9221971035003662
0,0.5123310089111328,0,0.6137802004814148,0,0.6411719918251038,0,0.066648431122303
0,0.0007501902873627,0,0.0034561716020107,0,0.0019128032727167,0,0.0027655737940222
0,0.0024866869207471,0,0.0038032329175621,0,0.0042669596150517,0,0.0008961465209722
0,0.0083077559247612,0,0.0078850397840142,0,0.0305852964520454,0,0.0005786474212072
0,0.0100270900875329,0,0.074515163898468,0,0.0132314730435609,0,0.0042638308368623
0,0.0002095721283694,0,0.0080641312524676,0,0.0026387989055365,0,0.0003955020220018
0,0.0006365602603182,0,0.0705870911478996,0,0.00304258428514,0,0.0016117616323754
0,0.0046440120786428,0,0.0077235456556081,0,0.0155253587290644,0,0.0107103260233998
0,0.0329768694937229,0,0.0356860160827636,0,0.0084677254781126,0,0.0044512948952615
0,0.1082387864589691,0,0.3853367269039154,0,0.6842190623283386,0,0.6209659576416016
0,0.3397119045257568,0,0.6239665150642395,0,0.218324527144432,0,0.039354920387268
0,0.0016638648230582,0,0.0494030267000198,0,0.067079946398735,0,0.0090155703946948
0,0.0011240601306781,0,0.0761345699429512,0,0.138927012681961,0,0.0257391519844532
0,0.0102734547108411,0,0.1189389377832412,0,0.7239915728569031,0,0.0353094190359115
0,0.0088944984599947,0,0.0102274669334292,0,0.5354854464530945,0,0.0142464451491832
0,0.7187662124633789,0,0.0615059323608875,0,0.6741673350334167,0,0.1860259920358657
0,0.0026797237806022,0,0.0690304860472679,0,0.4603372514247894,0,0.0057337083853781
0,0.961365044116974,0,0.7082447409629822,0,0.7976168394088745,0,0.960119903087616
0,0.8821401000022888,0,0.470295637845993,0,0.6092275381088257,0,0.156633973121643
0,0.4697172343730926,0,0.5075347423553467,0,0.532103955745697,0,0.2807819247245788
0,0.5838503241539001,0,0.6342063546180725,0,0.5814242959022522,0,0.4845713675022125
0,0.4846120774745941,0,0.3742639422416687,0,0.7943103313446045,0,0.9275402426719666
0,0.057319950312376,0,0.3226901292800903,0,0.6373600363731384,0,0.656762421131134
0,0.5084455013275146,0,0.1922071427106857,0,0.1563942730426788,0,0.0021455551031976
0,0.5369976758956909,0,0.1140497624874115,0,0.3151119649410248,0,0.0025660551618784
0,0.3696522414684295,0,0.0412189252674579,0,0.2270390093326568,0,0.0009250229923054
0,0.0011940309777855,0,0.01854177005589,0,0.0785574913024902,0,0.0015649393899366
0,0.0026892884634435,0,0.05026201531291,0,0.0645474269986152,0,0.0070399856194853
0,0.0133408801630139,0,0.0039036904927343,0,0.0064075537957251,0,0.008066102862358
0,0.0105686886236071,0,0.0054180482402443,0,0.0056345541961491,0,0.002304081339389
0,0.0588641054928302,0,0.7574038505554199,0,0.3840659856796264,0,0.1489314138889312
0,0.0039630588144063,0,0.08807023614645,0,0.0073368335142731,0,0.0116440625861287
0,0.00859797000885,0,0.1164185926318168,0,0.013342029415071,0,0.0216152928769588
0,0.0004681700957007,0,0.4192697405815124,0,0.3217891156673431,0,0.0040298951789736
0,0.0010628246236592,0,0.062136635184288,0,0.0034811538644135,0,0.0006734921480529
0,0.0058161448687314,0,0.1104573681950569,0,0.0311664640903472,0,0.0904586389660835
0,0.9989926218986512,0,0.8455007672309875,0,0.683932900428772,0,0.8367140293121338
0,0.0007170857861638,0,0.4539774060249328,0,0.1898963451385498,0,0.0043476750142872
0,0.0007580738747492,0,0.0488354116678237,0,0.0167894177138805,0,0.0112838707864284
0,0.99852055311203,0,0.8460082411766052,0,0.6772154569625854,0,0.6986619830131531
0,0.0010135024785995,0,0.4706658124923706,0,0.1761453449726104,0,0.0142474165186285
0,0.0112055614590644,0,0.075982891023159,0,0.0216414108872413,0,0.0175826400518417
0,0.9978106617927552,0,0.8615888357162476,0,0.6795884966850281,0,0.7540119886398315
0,0.0086024031043052,0,0.2306732535362243,0,0.065636545419693,0,0.0241480339318513
0,0.0007553281611762,0,0.0123831015080213,0,0.004319742321968,0,0.0003823161532636
0,0.0014164614258334,0,0.0147509798407554,0,0.0071475077420473,0,0.0003316549700684
0,0.0028712623752653,0,0.0863719582557678,0,0.0069376789033412,0,0.0042326687835156
0,0.0062291366048157,0,0.0469471290707588,0,0.1434758752584457,0,0.0149413999170064
0,0.0030341141391545,0,0.4346439838409424,0,0.042189285159111,0,0.0609376244246959
0,0.0052714580669999,0,0.4551389217376709,0,0.0738335773348808,0,0.0022523067891597
0,0.0022579783108085,0,0.3182374238967895,0,0.0646582022309303,0,0.0262801740318536
0,0.0058262175880372,0,0.0214889664202928,0,0.0588633678853511,0,0.0064849350601434
0,0.0002638984587974,0,0.0011021742830052,0,0.0018051363294944,0,0.0001170363539131
0,0.0008960415725596,0,0.0084126908332109,0,0.0402605421841144,0,0.0029336125589907
0,0.0015101151075214,0,0.2898739278316498,0,0.0208689030259847,0,0.0003140290209557
0,0.0196067113429307,0,0.0063444445841014,0,0.0078538712114095,0,0.013511274009943
0,0.0007445389637723,0,0.0006270162411965,0,0.0012286074925214,0,0.0005463048582896
0,0.0002090596390189,0,0.0005179116269573,0,0.001078401110135,0,2.618312464619521e-05
0,0.044386476278305,0,0.5158834457397461,0,0.0854163095355033,0,0.0258870422840118
0,0.0093582281842827,0,0.0150903426110744,0,0.2418275773525238,0,0.006800103932619
0,0.0008737343014217,0,0.0030807175207883,0,0.0035012299194931,0,0.0004699621349573
0,0.0005806459812447,0,0.0085174776613712,0,0.0006704626139253,0,5.813333700643853e-05
0,0.0011399536160752,0,0.0091971084475517,0,0.0402995571494102,0,0.0017623167950659
0,0.0015311138704419,0,0.0029947217553853,0,0.0115648573264479,0,0.0012792525812983
0,0.0007712267688475,0,0.0035978872328996,0,0.008430004119873,0,0.0010732848895713
0,0.0001685137103777,0,0.0259766411036252,0,0.2324767112731933,0,0.3982644081115722
0,0.0029606954194605,0,0.1080181822180748,0,0.010960548184812,0,0.0014947754098102
0,0.6758021116256714,0,0.7185152173042297,0,0.7768278121948242,0,0.8986838459968567
0,0.8754569888114929,0,0.8252881765365601,0,0.7539092302322388,0,0.8539669513702393
0,0.0009977326262742,0,0.0056323851458728,0,0.0014431015588343,0,0.004249352030456
0,0.000816685904283,0,0.0090853162109851,0,0.0137928156182169,0,0.003561699995771
0,0.0269523505121469,0,0.0105839530006051,0,0.0391564108431339,0,0.0378978066146373
0,0.0023477461654692,0,0.0035372357815504,0,0.0013849653769284,0,0.0004964108229614
0,0.0018745207926258,0,0.0024700572248548,0,0.0028665494173765,0,0.0008604479953646
0,0.0017694850685074,0,0.129728078842163,0,0.5717431306838989,0,0.0869061946868896
0,0.0108011839911341,0,0.0113755464553833,0,0.0150128863751888,0,0.0024735217448323
0,0.0016101695364341,0,0.001397869316861,0,0.0010987519053742,0,2.2340533178066835e-05
0,0.0020002857781946,0,0.0013287301408126,0,0.0011616284027695,0,2.268500429636333e-05
0,0.0064489091746509,0,0.0064700618386268,0,0.0134596806019544,0,0.0036202110350131
0,0.035927340388298,0,0.0114713972434401,0,0.048369787633419,0,0.0065246196463704
0,0.9760125279426576,0,0.7961231470108032,0,0.5173713564872742,0,0.7685778737068176
0,0.0079202372580766,0,0.0405821204185485,0,0.0035453289747238,0,0.0230465773493051
0,0.1004843041300773,0,0.2960204482078552,0,0.0145512223243713,0,0.0225624591112136
0,0.0104913236573338,0,0.0441445223987102,0,0.0039232969284057,0,0.0073188552632927
0,0.0128938760608434,0,0.0468166805803775,0,0.023445876315236,0,0.0029873063322156
0,0.0018306124256923,0,0.0410711281001567,0,0.0001275996910408,0,0.000230996243772
0,0.0049951788969337,0,0.0228485353291034,0,0.0040348395705223,0,0.0214821435511112
0,0.0019096350297331,0,0.0052484767511487,0,0.0001774819538695,0,0.0001203023639391
0,0.000561979075428,0,0.005641437601298,0,0.0393270328640937,0,0.0011507245944812
0,0.0186738613992929,0,0.4544706344604492,0,0.0523596182465553,0,0.0013702503638342
0,0.0151432892307639,0,0.0715598911046981,0,0.032784666866064,0,0.0058703674003481
0,0.0005088659236207,0,0.0035621263086795,0,0.0105634341016411,0,0.0006858432316221
0,0.005638618953526,0,0.1303693354129791,0,0.0272690504789352,0,0.0084077008068561
0,0.0023768118117004,0,0.0544469356536865,0,0.040140014141798,0,0.0015588810201734
0,0.0029429509304463,0,0.0774424895644187,0,0.0575929656624794,0,0.0014351186109706
0,0.0029712528921663,0,0.0615160055458545,0,0.13076151907444,0,0.0246452745050191
0,0.0028935624286532,0,0.0998911261558532,0,0.0300563015043735,0,0.006131765898317
0,0.0087341601029038,0,0.0159361641854047,0,0.0673565417528152,0,0.0351831316947937
0,0.0027319721411913,0,0.0664369538426399,0,0.0615205019712448,0,0.0062124924734234
0,0.0010587555589154,0,0.2934992909431457,0,0.0495551414787769,0,0.0022933478467166
0,0.0004159965319558,0,0.0367844998836517,0,0.0624890960752964,0,0.0082509815692901
0,0.0121779683977365,0,0.030464481562376,0,0.0263870805501937,0,0.0012512065004557
0,0.8976998329162598,0,0.7949769496917725,0,0.7938111424446106,0,0.5104949474334717
0,0.0321524031460285,0,0.2794808149337768,0,0.0706188753247261,0,0.002683171769604
0,0.058296725153923,0,0.0243614111095666,0,0.0129976831376552,0,0.0125172939151525
0,0.0040686670690774,0,0.0060971807688474,0,0.6197022199630737,0,0.0112444069236516
0,0.0005302572972141,0,0.0051669045351445,0,0.0024763976689428,0,0.0002749444392975
0,0.0352892503142356,0,0.0044114347547292,0,0.0111253643408417,0,0.00102057273034
0,0.0048188338987529,0,0.0141684217378497,0,0.0207013990730047,0,0.0062675736844539
0,0.0009761419496499,0,0.5497438907623291,0,0.10821333527565,0,0.8895602226257324
0,0.0006698651704937,0,0.3197715580463409,0,0.0531971305608749,0,0.3837311863899231
0,0.0555917173624038,0,0.3051257133483886,0,0.0348875187337398,0,0.8388180136680603
0,0.035001628100872,0,0.0013964715180918,0,0.0025617883075028,0,0.0006469415384344
0,0.0046320874243974,0,0.0503911077976226,0,0.1622686237096786,0,0.126457005739212
0,0.0243227314203977,0,0.4265356361865997,0,0.1620567440986633,0,0.0036054900847375
0,0.2301782816648483,0,0.5179648995399475,0,0.0889494195580482,0,0.021646711975336
0,0.129566803574562,0,0.5765618085861206,0,0.2394648492336273,0,0.1688146889209747
0,0.0270588193088769,0,0.2770225405693054,0,0.0213387385010719,0,0.0266753155738115
0,0.0004530401492957,0,0.0356792323291301,0,0.0056060585193336,0,0.0031737508252263
0,0.0066006467677652,0,0.0091993724927306,0,0.123837225139141,0,0.0002305087109562
0,0.0039508170448243,0,0.0025489137042313,0,0.0665045827627182,0,0.0016804152401164
0,0.0025580027140676,0,0.0017690983368083,0,0.0695367977023124,0,0.0014258592855185
0,0.0015184538206085,0,0.0008045331342145,0,0.0574136599898338,0,0.00185722426977
0,0.0057285600341856,0,0.0494625195860862,0,0.0083000883460044,0,0.0012945758644491
0,0.7889836430549622,0,0.0545006580650806,0,0.0644535571336746,0,0.0475258938968181
0,0.0601073466241359,0,0.17945596575737,0,0.0361456051468849,0,0.0051634963601827
0,0.1125532761216163,0,0.1018273383378982,0,0.0623819231986999,0,0.0191673263907432
0,0.0022108929697424,0,0.1452649682760238,0,0.0661507993936538,0,0.0183323938399553
0,0.3078588545322418,0,0.654507577419281,0,0.356800377368927,0,0.0108091039583086
0,0.530113697052002,0,0.745137631893158,0,0.5639548301696777,0,0.0630027204751968
0,0.0326667614281177,0,0.1927404850721359,0,0.6215509176254272,0,0.246413916349411
0,0.0044297110289335,0,0.0173705536872148,0,0.0914051309227943,0,0.0041815964505076
0,0.6542282104492188,0,0.7162556052207947,0,0.5568402409553528,0,0.2350723892450332
0,0.002531369915232,0,0.0079666776582598,0,0.034883614629507,0,0.0008494555950164
0,0.3802716732025146,0,0.7605304718017578,0,0.5474238991737366,0,0.7447088956832886
0,0.0007825446082279,0,0.0226897355169057,0,0.0434858053922653,0,0.007171987555921
0,0.0010475028539076,0,0.0744068846106529,0,0.0042402478866279,0,0.0008631426026113
0,0.0027185522485524,0,0.0175993014127016,0,0.0019768811762332,0,0.0030278523918241
0,0.0003310345637146,0,0.0087864892557263,0,0.001007137238048,0,0.0006344307330437
0,0.0010340691078454,0,0.2096370756626129,0,0.0036174051929265,0,0.0011060792021453
0,0.0024331884924322,0,0.0023593474179506,0,0.0015898409765213,0,0.0030340121593326
0,0.0005405041156336,0,0.0056124441325664,0,0.0010973210446536,0,0.0006541041075251
0,0.0021223288495093,0,0.1263573616743087,0,0.0033270309213548,0,0.0017467295983806
0,0.0012310370802879,0,0.0007784913177601,0,0.0007900823839008,0,0.0007070184219628
0,0.4153876006603241,0,0.3764994740486145,0,0.0232940129935741,0,0.0063217799179255
0,0.947282373905182,0,0.6174420714378357,0,0.7036197185516357,0,0.0074037704616785
0,0.0058838790282607,0,0.1059102490544319,0,0.3350315988063812,0,0.0004896033788099
0,0.0006529627135023,0,0.2639607191085815,0,0.0080365510657429,0,0.0069837174378335
0,0.0004664550942834,0,0.0003108922392129,0,0.0004704984894488,0,0.0001097376152756
0,0.0008664820343255,0,0.0439773015677928,0,0.0019810730591416,0,0.0044596809893846
0,0.0008018257212825,0,0.0191103778779506,0,0.0010049844859167,0,0.0016814018599689
0,0.0014447626890614,0,0.062667429447174,0,0.020535809919238,0,0.0003698738873936
0,0.0016193736810237,0,0.0299991779029369,0,0.0748767554759979,0,0.0023753922432661
0,0.0033262148499488,0,0.0404057390987873,0,0.0060610971413552,0,0.0025723993312567
0,0.0033691201824694,0,0.0492472350597381,0,0.0166444238275289,0,0.0038681079167872
0,0.0049947281368076,0,0.0139648532494902,0,0.0153600042685866,0,0.0025711993221193
0,0.0282478928565979,0,0.0557843446731567,0,0.0044893715530633,0,0.0028829840011894
0,0.0032510140445083,0,0.0019996319897472,0,0.0014793849550187,0,0.0040253619663417
0,0.0065052495338022,0,0.0278258863836526,0,0.0111055532470345,0,0.0025031378027051
0,0.0015538032166659,0,0.0819748491048812,0,0.0139991967007517,0,0.0295552182942628
0,0.0105037651956081,0,0.1604345589876175,0,0.0422420240938663,0,0.3906322121620178
0,0.0007926701800897,0,0.1420913189649582,0,0.0662417486310005,0,0.0329191349446773
0,0.0006994865252636,0,0.0082529988139867,0,0.0008716135052964,0,0.0009758695960044
0,0.0005922167329117,0,0.0245859660208225,0,0.004068259615451,0,0.0024295891635119
0,0.0007135320920497,0,0.0094334725290536,0,0.0008062031120061,0,0.0013641462428495
0,0.8545368313789368,0,0.8994151949882507,0,0.6154974102973938,0,0.3113099932670593
0,0.9196906685829164,0,0.8766722679138184,0,0.5490962862968445,0,0.8346640467643738
0,0.000531401776243,0,0.0029979781247675,0,0.0072428649291396,0,0.0002339427883271
0,0.0015001769643276,0,0.0007284699240699,0,0.0057574147358536,0,0.0024983612820506
0,0.0017545158043503,0,0.0015037124976515,0,0.0015098935691639,0,0.0019855753052979
0,0.0028217716608196,0,0.0044437763281166,0,0.0003534539137035,0,4.2091310206160415e-06
0,0.0014085243456065,0,0.0011420148657634,0,0.0004389915266074,0,8.116553362924606e-05
0,0.0012416081735864,0,0.001536053372547,0,0.0075442236848175,0,0.0002138304698746
0,0.0030557475984096,0,0.0005744328955188,0,0.0032386328093707,0,0.0015667069237679
0,0.0009547394001856,0,0.0020879434887319,0,0.0092936307191848,0,0.0005980827845633
0,0.0007601053803227,0,0.0011371970176696,0,0.0020647183991968,0,0.0018529888475313
0,0.0016702198190614,0,0.0524061508476734,0,0.0672430247068405,0,0.0030467398464679
0,0.0018920870497822,0,0.0232849307358264,0,0.0022138697095215,0,0.0007421912741847
0,0.0010300012072548,0,0.0012614062288776,0,0.0056339581497013,0,0.0002899979590438
0,0.002975799376145,0,0.0021665845997631,0,0.0023903877008706,0,0.0017258033622056
0,0.0009732275502756,0,0.0038401391357183,0,0.0012002398725599,0,0.0006145486840978
0,0.0015456334222108,0,0.1050798892974853,0,0.0919557064771652,0,0.0050878347828984
0,0.0009093643748201,0,0.0524914860725402,0,0.0015315280761569,0,0.0007499633356928
0,0.0004996433854103,0,0.0423631854355335,0,0.0024395808577537,0,0.0001252440852113
0,0.0020326615776866,0,0.0246543567627668,0,0.0081131234765052,0,0.008006939664483
0,0.0022260043770074,0,0.5532824397087097,0,0.0133898379281163,0,0.0015730140730738
0,0.0011972470674663,0,0.0013076269533485,0,0.0031892235856503,0,0.0044499551877379
0,0.0014264569617807,0,0.0140987643972039,0,0.0027780726086348,0,0.0034459633752703
0,0.0042073209770023,0,0.020386828109622,0,0.0029893962200731,0,0.0029058340005576
0,0.001418872619979,0,0.0080102542415261,0,0.011021421290934,0,0.0258018542081117
0,0.0008854133193381,0,0.0221732314676046,0,0.0078483261168003,0,0.0102394688874483
0,0.0073888818733394,0,0.4298916757106781,0,0.194131314754486,0,0.0361180491745471
0,0.001738401595503,0,0.034210592508316,0,0.0213659312576055,0,0.0147296786308288
0,0.0005044188583269,0,0.0522884987294673,0,0.0192717332392931,0,0.0098569374531507
0,0.0009618019685149,0,0.0164131615310907,0,0.0762580409646034,0,0.0077395471744239
0,0.0028072483837604,0,0.0022806613706052,0,0.0046378597617149,0,0.0056628128513693
0,0.0011637205025181,0,0.4435486793518066,0,0.024225391447544,0,0.0055220378562808
0,0.0007699835114181,0,0.030691547319293,0,0.0341202914714813,0,0.010651777498424
0,0.0033135924022644,0,0.2173217833042144,0,0.0246815290302038,0,0.002469225320965
0,0.0041789007373154,0,0.0157126300036907,0,0.004912472795695,0,0.0103292986750602
0,0.0264639798551797,0,0.0809793397784233,0,0.391220360994339,0,0.0087885204702615
0,0.0017912945477291,0,0.0219681616872549,0,0.5156633257865906,0,0.0027855546213686
0,0.0016887357924133,0,0.0169279221445322,0,0.4482181966304779,0,0.0076793613843619
0,0.0018858192488551,0,0.0662959069013595,0,0.06792913377285,0,0.0018230286659672
0,0.0044091884046792,0,0.0119885383173823,0,0.0077053713612258,0,0.0004596166254486
0,0.0053153936751186,0,0.0093743903562426,0,0.0107500664889812,0,0.0005990688805468
0,0.0051049524918198,0,0.0096534769982099,0,0.003818264696747,0,0.0003226203843951
0,0.1202438622713089,0,0.0390086434781551,0,0.5572130680084229,0,0.0284957773983478
0,0.0056913145817816,0,0.0351588614284992,0,0.0101658999919891,0,0.0014772514114156
1,0.2394176423549652,1,0.0948509126901626,1,0.1742469668388366,1,0.0115779796615242
1,0.3048311769962311,1,0.4980692565441131,1,0.1045005917549133,1,0.0087660308927297
1,0.4446555376052856,1,0.765762448310852,1,0.6746578216552734,1,0.6149973273277283
1,0.1054871082305908,1,0.8297550678253174,1,0.0714344084262847,1,0.656306803226471
1,0.8519574403762817,1,0.2610854208469391,1,0.1996181011199951,1,0.5401114225387573
1,0.8834676742553711,1,0.8104727268218994,1,0.8644601702690125,1,0.4874432682991028
1,0.022267498075962,1,0.7048555612564087,1,0.1549244672060012,1,0.1554080694913864
1,0.0238362271338701,1,0.6467512249946594,1,0.1208430305123329,1,0.1673984974622726
1,0.0049358420073986,1,0.627878725528717,1,0.3575007915496826,1,0.1160174831748008
1,0.9936184883117676,1,0.8468642830848694,1,0.6791751980781555,1,0.8259938955307007
1,0.9878332614898682,1,0.7481058835983276,1,0.7958458065986633,1,0.5955625176429749
1,0.5138826370239258,1,0.8545435667037964,1,0.8567283749580383,1,0.9848335385322572
1,0.0054526119492948,1,0.8096442818641663,1,0.5525383353233337,1,0.0150960348546504
1,0.0064671472646296,1,0.6739306449890137,1,0.6163257956504822,1,0.0144142210483551
1,0.2314782291650772,1,0.7392627596855164,1,0.8132553696632385,1,0.004992795176804
0,0.0045592398382723,0,0.0792655348777771,0,0.0743893384933471,0,0.0559714287519454
0,0.0145238218829035,0,0.0227475930005311,0,0.0310831274837255,0,0.200032502412796
0,0.9876710176467896,0,0.7888173460960388,0,0.5178318023681641,0,0.9506775736808776
0,0.0010376257123425,0,0.0374171175062656,0,0.0026116326916962,0,0.0031210244633257
0,0.0020405438262969,0,0.6226058006286621,0,0.2510485649108886,0,0.1858409792184829
0,0.0281485002487897,0,0.7091243863105774,0,0.1713687032461166,0,0.1849331110715866
0,0.004822933115065,0,0.724579930305481,0,0.1608504205942154,0,0.1103222593665123
0,0.460807591676712,0,0.5488904118537903,0,0.2662562131881714,0,0.0792254284024238
0,0.0489688701927661,0,0.1451627612113952,0,0.1620196104049682,0,0.0742031931877136
0,0.0015345206484198,0,0.71844881772995,0,0.1629072874784469,0,0.1069715097546577
0,0.0407539196312427,0,0.6084367036819458,0,0.3673160672187805,0,0.719243586063385
0,0.0765213295817375,0,0.0960682332515716,0,0.0375847890973091,0,0.0241304170340299
0,0.9736945033073424,0,0.7462387084960938,0,0.3483394384384155,0,0.3871157169342041
0,0.1220130622386932,0,0.0017235808772966,0,0.0163471661508083,0,0.0033646672964096
0,0.0011055271606892,0,0.0075597525574266,0,0.0042598224245011,0,0.0001786410575732
0,0.0013482953654602,0,0.0043457536958158,0,0.0092047583311796,0,0.0002612593234516
0,0.0126138506457209,0,0.0077008195221424,0,0.0477479510009288,0,0.0008482501143589
0,0.0042126183398067,0,0.0027791867032647,0,0.0683894231915474,0,0.0018832675414159
0,0.0012023561866953,0,0.0246442444622516,0,0.0384269729256629,0,0.0158965494483709
0,0.0011208070209249,0,0.5068370699882507,0,0.4369834959506988,0,0.073573961853981
0,0.2306342869997024,0,0.6721740365028381,0,0.2088181227445602,0,0.0179459117352962
0,0.0005546860629692,0,0.002076799981296,0,0.0003783072170335,0,8.376779078389518e-06
0,0.0112661058083176,0,0.5152687430381775,0,0.1992321014404297,0,0.0246599055826663
0,0.001487698755227,0,0.0076400334946811,0,0.0016082398360595,0,0.0004997688811272
0,0.0012385996524244,0,0.0171616226434707,0,0.006571140140295,0,0.0057880505919456
0,0.0012032360536977,0,0.4217095673084259,0,0.1165853664278984,0,0.0353778302669525
0,0.0012077930150553,0,0.4063286483287811,0,0.1022189110517501,0,0.0018804381834343
0,0.0819878056645393,0,0.0059766746126115,0,0.0600834004580974,0,0.0003453167446423
0,0.0023286186624318,0,0.0105668036267161,0,0.0066252867691218,0,0.0002891517651733
0,0.0253364685922861,0,0.0091598024591803,0,0.0379032380878925,0,0.0002776635519694
0,0.0054430579766631,0,0.0111812623217701,0,0.0295894220471382,0,0.0004777169961016
0,0.0020293176639825,0,0.0069344541989266,0,0.0185581557452678,0,0.0004473740118555
0,0.771619975566864,0,0.4958057701587677,0,0.017454944550991,0,0.0153887988999485
0,0.0002715929003898,0,0.0233590193092823,0,0.0517067350447177,0,0.0071623004041612
0,0.0002233759005321,0,0.0019823189359158,0,0.0123988641425967,0,0.0023492609616369
0,0.0019105250248685,0,0.0045767873525619,0,0.0043030390515923,0,0.0004729328502435
0,0.0052845259197056,0,0.0643618330359458,0,0.1104829236865043,0,0.0119743151590228
0,0.0019895448349416,0,0.4904254078865051,0,0.2022597640752792,0,0.8229171633720398
0,0.8462669253349304,0,0.5063376426696777,0,0.630488395690918,0,0.5477154850959778
0,2.367117122048512e-05,0,0.1065375134348869,0,0.0550409443676471,0,0.0025777881965041
0,0.000375044211978,0,0.0163366645574569,0,0.0029294758569449,0,0.0008682357147336
0,0.0015600958140566,0,0.2636043727397918,0,0.4318954646587372,0,0.0006290351157076
0,0.0005579832359217,0,0.0138368355110287,0,0.0081478441134095,0,0.0055175726301968
0,0.0010556943016126,0,0.034388642758131,0,0.0532133989036083,0,0.0022685704752802
0,0.0002464745484758,0,0.0728277638554573,0,0.0141426315531134,0,0.0003728594165295
0,0.0003293934569228,0,0.0609773360192775,0,0.0294545218348503,0,0.0075067360885441
0,0.0003412615333218,0,0.0257412884384393,0,0.0162620991468429,0,0.0016886056400835
0,0.0032198280096054,0,0.8694660067558289,0,0.1509123593568802,0,0.0115659860894083
0,0.0003665301483124,0,0.0236345659941434,0,0.0158331580460071,0,0.0004576249048113
0,0.0060703479684889,0,0.8486102223396301,0,0.1615294069051742,0,0.0528299212455749
0,0.0325561948120594,0,0.7110198140144348,0,0.5127443075180054,0,0.0203769672662019
0,0.5757037401199341,0,0.4768865406513214,0,0.3441868424415588,0,0.6820424795150757
0,0.940113127231598,0,0.8840270042419434,0,0.8129903674125671,0,0.8200367093086243
0,0.0505197867751121,0,0.6124929189682007,0,0.3364661931991577,0,0.6303682327270508
0,0.0072297411970794,0,0.1287394911050796,0,0.0132721019908785,0,0.0043879491277039
0,0.0015422857832163,0,0.0819062069058418,0,0.0185926184058189,0,0.0063659199513494
0,0.001536252326332,0,0.0475536398589611,0,0.0175019297748804,0,0.0076727299019694
0,0.0006786491721868,0,0.0188755448907613,0,0.0046228100545704,0,0.0011659513693302
0,0.9609730839729308,0,0.5929858684539795,0,0.6538308262825012,0,0.8297500610351562
0,0.0007288421038538,0,0.2867206931114197,0,0.6134805679321289,0,0.6019148826599121
0,0.9888500571250916,0,0.4534146785736084,0,0.6292099356651306,0,0.6239408850669861
0,0.0004499283386394,0,0.0192071180790662,0,0.132785364985466,0,0.0134940668940544
0,0.0008566713077016,0,0.0152106275781989,0,0.2108454555273056,0,0.0451923049986362
0,0.0314776040613651,0,0.5646358728408813,0,0.1535583436489105,0,0.0916695520281791
0,0.9122372269630432,0,0.6640074253082275,0,0.3097959458827972,0,0.1064130067825317
0,0.9578799605369568,0,0.6267786026000977,0,0.423231691122055,0,0.6416654586791992
0,0.9570453763008118,0,0.5746976733207703,0,0.1796488016843795,0,0.0812205150723457
0,0.0020786952227354,0,0.0039096111431717,0,0.0039417915977537,0,0.0003581609926186
0,0.0009389704791828,0,0.0101733161136507,0,0.0052633807063102,0,0.0052119060419499
0,0.0018520012963563,0,0.1191573664546012,0,0.0075219925493001,0,0.0038769906386733
0,0.0073775914497673,0,0.1464022994041443,0,0.028466448187828,0,0.005232558120042
0,0.0005354163004085,0,0.0371314734220504,0,0.0045147319324314,0,0.0011486810399219
0,0.0019987176638096,0,0.0084007298573851,0,0.0162597242742776,0,0.0010925765382125
0,0.0035379028413444,0,0.0374388396739959,0,0.0039668232202529,0,0.0053498991765081
0,0.0024382225237786,0,0.0124442605301737,0,0.0363972410559654,0,0.0013311792863532
0,0.0028839190490543,0,0.0142854452133178,0,0.0499793365597724,0,0.0009908123174682
0,0.0076971836388111,0,0.2534038722515106,0,0.0293513908982276,0,0.0240850653499364
0,0.0014188063796609,0,0.0206379052251577,0,0.0399030297994613,0,0.0015463584568351
0,0.8591533303260803,0,0.4751550555229187,0,0.06959880143404,0,0.1988007426261901
0,0.1783162653446197,0,0.1239004433155059,0,0.049376968294382,0,0.0363397598266601
0,0.0301824640482664,0,0.1716398894786834,0,0.0286982376128435,0,0.0421479009091854
0,0.0022118873894214,0,0.0049499394372105,0,0.0023678636644035,0,0.0061455611139535
0,0.0162050612270832,0,0.0926225930452346,0,0.0242957193404436,0,0.0085096694529056
0,0.000856417871546,0,0.005321258213371,0,0.0020050902385264,0,0.0017792070284485
0,0.0016567221609875,0,0.0216922722756862,0,0.0203348696231842,0,0.01140405703336
0,0.003439275547862,0,0.0050594173371791,0,0.0117646297439932,0,0.0308443959802389
0,0.0022490741685032,0,0.034511175006628,0,0.0147353271022439,0,0.0763667672872543
0,0.0016666990704834,0,0.0138091435655951,0,0.0162597633898258,0,0.0021503453608602
0,0.0040588364936411,0,0.1014312505722045,0,0.0084830289706587,0,0.0059162266552448
0,0.0008676472352817,0,0.0142858540639281,0,0.0026482476387172,0,0.0044667869806289
0,0.0012281095841899,0,0.0306227467954158,0,0.0015001063002273,0,0.0020363319199532
0,0.0004380482423584,0,0.0061224098317325,0,0.0660836994647979,0,0.0001467834226787
0,0.0005732045392505,0,0.0106657510623335,0,0.0629741698503494,0,0.0003530361573211
0,0.0057214698754251,0,0.0898988097906112,0,0.0642427876591682,0,0.010217129252851
0,0.002675148891285,0,0.0850823894143104,0,0.0665585324168205,0,0.0241220965981483
0,0.0028693857602775,0,0.1761665344238281,0,0.053386028856039,0,0.0020348178222775
0,0.0044233035296201,0,0.0365462712943553,0,0.0316789895296096,0,0.0040579480119049
0,0.0305153876543045,0,0.004269971512258,0,0.0550041086971759,0,0.0187466591596603
0,0.0165977608412504,0,0.003725117072463,0,0.0443930439651012,0,0.0118923522531986
0,0.0071043954230844,0,0.007392362691462,0,0.0390710495412349,0,0.0327647924423217
0,0.0393034033477306,0,0.026979761198163,0,0.0059905773960053,0,0.0284153539687395
0,0.0083477022126317,0,0.1543112844228744,0,0.0474609658122062,0,0.6028469204902649
0,0.0022065371740609,0,0.0047676027752459,0,0.002616956597194,0,0.0003989564720541
0,0.929521918296814,0,0.8333097100257874,0,0.474967211484909,0,0.8422499895095825
0,0.0101687647402286,0,0.0064537227153778,0,0.0011002363171428,0,0.0079669188708066
0,0.0467596687376499,0,0.3541827201843261,0,0.5039762854576111,0,0.3910195529460907
0,0.0143622951582074,0,0.4749671816825866,0,0.0126730427145957,0,0.0011982785072177
0,0.0030226400122046,0,0.3795086145401001,0,0.0849504545331001,0,0.0167993940412998
0,0.008950931020081,0,0.0024767890572547,0,0.0026305215433239,0,0.0049124117940664
0,0.0025700707919895,0,0.1136392802000045,0,0.1748718917369842,0,0.044863399118185
0,0.0002641068713273,0,0.0006299476954154,0,0.0011510557960718,0,3.838374323095195e-05
0,0.024468382820487,0,0.0217829346656799,0,0.2219831943511963,0,0.0229863692075014
0,0.0030154194682836,0,0.1323300153017044,0,0.2628872692584991,0,0.019449945539236
0,0.989266037940979,0,0.6253895163536072,0,0.7230193614959717,0,0.7930367588996887
0,0.0095459502190351,0,0.1711986809968948,0,0.0118273897096514,0,0.0029170128982514
0,0.0046779667027294,0,0.0806948319077491,0,0.0125081799924373,0,0.0023838763590902
0,0.7621344327926636,0,0.7434758543968201,0,0.5213176608085632,0,0.0980554893612861
0,0.0006230224389582,0,0.1331228613853454,0,0.0039922287687659,0,0.0019638566300272
0,0.0055286954157054,0,0.0352800451219081,0,0.0037613662425428,0,0.1033368036150932
0,0.0013026474043726,0,0.1436703354120254,0,0.0144498078152537,0,0.0026688906364142
0,0.3510871529579162,0,0.7535398006439209,0,0.6174224019050598,0,0.0759124681353569
0,0.0132679119706153,0,0.3464256525039673,0,0.4949535727500915,0,0.0028626769781112
0,0.0031485136132687,0,0.2915166020393371,0,0.0639038607478141,0,0.0049327798187732
0,0.225250095129013,0,0.7892483472824097,0,0.5826811194419861,0,0.0610712207853794
0,0.0084573021158576,0,0.1417260617017746,0,0.0146309649571776,0,0.0030156245920807
0,0.3194387555122375,0,0.6787487268447876,0,0.1798067986965179,0,0.2584792673587799
0,0.0015563352499157,0,0.0004978653742,0,0.0071822353638708,0,1.1003376130247489e-05
0,0.0013084050733596,0,0.0030760334338992,0,0.0004804440250154,0,1.1191210433025844e-05
0,0.0049224803224205,0,0.0870805606245994,0,0.0174260903149843,0,0.0040864585898816
0,0.0025902695488184,0,0.0094351219013333,0,0.0306017119437456,0,0.0023827676195651
0,0.0021998942829668,0,0.0087727205827832,0,0.0015172180719673,0,0.000379774835892
0,0.0008494551875628,0,0.0024846037849783,0,0.0002759505005087,0,7.670098057133146e-06
0,0.0009788390016183,0,0.0023407738190144,0,0.0019795557018369,0,0.0002183067699661
0,0.0048688449896872,0,0.015169340185821,0,0.0085520129650831,0,0.0008087634923867
0,0.0044200965203344,0,0.0141743319109082,0,0.0218467134982347,0,0.002117806347087
0,0.0010701544815674,0,0.0096016870811581,0,0.0003956344153266,0,3.492008090688614e-06
0,0.0003703733091242,0,0.0053995605558156,0,0.0009390000486746,0,0.0004425007791724
0,0.0012460058787837,0,0.0025182252284139,0,0.0013608846347779,0,0.0002490353945177
0,0.0014692646218463,0,0.0221863631159067,0,0.0071868505328893,0,0.0014343863585963
0,0.0025425823405385,0,0.0074633061885833,0,0.0196174103766679,0,0.0017736178124323
0,0.0002026794682024,0,0.0089496374130249,0,0.0170753914862871,0,0.0026752646081149
0,0.0001759885635692,0,0.0056052822619676,0,0.032741729170084,0,0.0025344337336719
0,0.0005033787456341,0,0.0662516131997108,0,0.0254529323428869,0,0.0096907643601298
0,0.0007687690085731,0,0.1729513257741928,0,0.0596003159880638,0,0.0008637300343252
0,0.0197926331311464,0,0.5749911665916443,0,0.6782311201095581,0,0.7473231554031372
0,0.9079984426498412,0,0.7124700546264648,0,0.7008301019668579,0,0.737978458404541
0,0.0009675398468971,0,0.0204276517033576,0,0.0370212234556674,0,0.0024933668319135
0,0.0088339634239673,0,0.0120719112455844,0,0.2466612011194229,0,0.0015243146335706
0,0.0650481730699539,0,0.0270229205489158,0,0.5507380962371826,0,0.1273090988397598
0,0.0013832221738994,0,0.0163307730108499,0,0.011302713304758,0,0.0006474010297097
0,4.631574120139703e-05,0,0.1681761294603347,0,0.090818852186203,0,0.0062898281030356
0,0.0006114679272286,0,0.0148805007338523,0,0.0126535901799798,0,0.0004360335296951
0,0.0002846229181159,0,0.0034193987958133,0,0.0023048247676342,0,0.0001618964597582
0,0.0005870951572433,0,0.0075261588208377,0,0.0076131760142743,0,0.0009418214904144
0,0.0009855208918452,0,0.0029383345972746,0,0.0046498896554112,0,0.001501380233094
0,0.0543942563235759,0,0.3141080737113952,0,0.4901912808418274,0,0.2814728319644928
0,0.0031737280078232,0,0.0644804239273071,0,0.0122962743043899,0,0.0009125920478254
0,0.000740930205211,0,0.0650572627782821,0,0.0397753417491912,0,0.0034526421222835
0,0.0499207861721515,0,0.4648850858211517,0,0.0407202988862991,0,0.0190097112208604
0,0.2314615249633789,0,0.5472988486289978,0,0.0700753629207611,0,0.4034962654113769
0,0.982860267162323,0,0.6799349784851074,0,0.2749904990196228,0,0.9657815098762512
0,0.0480868890881538,0,0.0092643359676003,0,0.2492576241493225,0,0.4243603646755218
0,0.0017348899273201,0,0.0020793322473764,0,0.0156694073230028,0,0.0003388684417586
0,0.0341671369969844,0,0.1304377913475036,0,0.3300589919090271,0,0.1974630206823349
0,0.0005822786479257,0,0.0054422989487648,0,0.0056511424481868,0,0.0002434063644614
0,0.0010100814979523,0,0.0037629052530974,0,0.0173153113573789,0,0.0001599440874997
0,0.0061550890095531,0,0.2339635789394378,0,0.239061638712883,0,0.0073489528149366
0,0.0004686599131673,0,0.0126081556081771,0,0.0039459145627915,0,0.0002109101915266
0,0.0018451167270541,0,0.0025932379066944,0,0.0206778310239315,0,0.0004129842855036
0,0.0234616193920373,0,0.5474140048027039,0,0.1920879185199737,0,0.0171080026775598
0,0.0011982755968347,0,0.0115822916850447,0,0.0115330349653959,0,0.0013471838319674
0,0.0008345087990164,0,0.097387358546257,0,0.0028412651736289,0,0.0073784184642136
0,0.000724408600945,0,0.0077253766357898,0,0.037679798901081,0,0.0027330829761922
0,0.0058382889255881,0,0.173886239528656,0,0.1909326165914535,0,0.0023284049239009
0,0.7876558899879456,0,0.5249910950660706,0,0.4308924973011017,0,0.7386831641197205
0,0.0057382229715585,0,0.1527603715658188,0,0.291070282459259,0,0.0365296453237533
0,0.825634241104126,0,0.3897548615932464,0,0.1379299610853195,0,0.0171769261360168
0,0.0427983552217483,0,0.0235776100307703,0,0.0177032742649316,0,0.0326500087976455
0,0.0018253129674121,0,0.0790451914072036,0,0.0420542769134044,0,0.0032376553863286
0,0.0013488695258274,0,0.0007656089146621,0,0.0300332605838775,0,0.0001681576977716
0,0.0006125037907622,0,0.0228551551699638,0,0.1487953662872314,0,0.0019378758734092
0,0.0088460966944694,0,0.0064386394806206,0,0.0392023958265781,0,0.0060469317249953
0,0.0011590094072744,0,0.0209406670182943,0,0.1210797429084777,0,0.1123573631048202
0,0.0049807163886725,0,0.005967344623059,0,0.0319517329335212,0,0.0009710833546705
0,0.0050928844138979,0,0.002701498568058,0,0.0152633422985672,0,0.001356178894639
0,0.0005107920151203,0,0.0048308884724974,0,0.003411624347791,0,0.0002013576886383
0,0.034602403640747,0,0.6971408128738403,0,0.2513527870178222,0,0.0023266531061381
0,0.0038841594941914,0,0.0903823301196098,0,0.0069293789565563,0,0.0497524812817573
0,0.2147030979394912,0,0.3324446082115173,0,0.212117001414299,0,0.0408449284732341
0,0.764717161655426,0,0.8558996915817261,0,0.7085809707641602,0,0.4748911261558532
0,0.0554924570024013,0,0.2758361399173736,0,0.0843179374933242,0,0.2544704675674438
0,0.1752751022577285,0,0.5305393934249878,0,0.3670642375946045,0,0.0890556722879409
0,0.1172161325812339,0,0.5169243216514587,0,0.2386572062969207,0,0.6495615243911743
0,0.0046559739857912,0,0.3490358293056488,0,0.010258468799293,0,0.230767011642456
0,0.1083051264286041,0,0.6224884986877441,0,0.3245842158794403,0,0.6101382970809937
0,0.0126338806003332,0,0.0061808344908058,0,0.0097096776589751,0,0.0037800127174705
0,0.0035004215314984,0,0.0172680467367172,0,0.0307758767157793,0,0.1621685028076172
0,0.00152790825814,0,0.0016498388722538,0,0.0017991592176258,0,0.0009437910048291
0,0.0017024793196469,0,0.053184401243925,0,0.0341535881161689,0,0.0035091983154416
0,0.0029237819835543,0,0.0006241781520657,0,0.0051561901345849,0,0.0175954103469848
0,0.0036609766539186,0,0.0105082960799336,0,0.013689000159502,0,0.0004614895151462
0,0.0007608372834511,0,0.0976696088910102,0,0.0114783914759755,0,0.0037452250253409
0,0.0002173785469494,0,0.0036385133862495,0,0.0125691965222358,0,0.0005480570252984
0,0.0072103240527212,0,0.0495267957448959,0,0.0992963388562202,0,0.0008090524352155
0,0.002220035996288,0,0.0442369170486927,0,0.0713304653763771,0,0.0028089601546525
0,0.0172310657799243,0,0.6801974773406982,0,0.0252690538763999,0,0.0302215609699487
0,0.0031941055785864,0,0.0386947914958,0,0.0057496549561619,0,0.000221663081902
0,0.0069130011834204,0,0.452073872089386,0,0.0298074129968881,0,0.0029415551107376
0,0.0078499671071767,0,0.0450096912682056,0,0.0084119113162159,0,0.0002624674525577
0,0.0008447066647931,0,0.046611625701189,0,0.0158958416432142,0,0.0144421914592385
0,0.0011394200846552,0,0.0011574416421353,0,0.0085196159780025,0,0.0259794183075428
0,0.0277051571756601,0,0.3173514604568481,0,0.0460138469934463,0,0.0039440128020942
0,0.0009977895533666,0,0.0021205239463597,0,0.0037214416079223,0,0.0078208157792687
0,0.1085145398974418,0,0.2934190928936004,0,0.0951538756489753,0,0.0219984780997037
0,0.0007659748662263,0,0.0040897107683122,0,0.0045716851018369,0,0.008013479411602
0,0.0211727824062109,0,0.4529497623443603,0,0.0521301217377185,0,0.0026737852022051
0,0.6985833644866943,0,0.6935829520225525,0,0.7403799891471863,0,0.4967550933361053
0,0.0035490170121192,0,0.1489442586898803,0,0.0067515606060624,0,0.000894057448022
0,0.0016338479472324,0,0.0174568891525268,0,0.0076155033893883,0,0.0097723519429564
0,0.000959591474384,0,0.0119299804791808,0,0.0048093600198626,0,0.0036931652575731
0,0.0067131533287465,0,0.0056934249587357,0,0.0023302764166146,0,0.0011403423268347
0,0.006852644495666,0,0.0057408213615417,0,0.0028592990711331,0,0.0007999436929821
