fold_1_labels,fold_1_predictions,fold_2_labels,fold_2_predictions,fold_3_labels,fold_3_predictions,fold_4_labels,fold_4_predictions
1,0.3788270950317383,1,0.3541783690452575,1,0.0003404380986467,1,0.1261095702648162
1,0.679364025592804,1,0.7239317893981934,1,0.0001176135338027,1,0.985188126564026
1,0.0389557518064975,1,0.1721047759056091,1,0.1703505218029022,1,0.0069435518234968
1,0.2994790375232696,1,0.1903941929340362,1,0.0120024634525179,1,0.0007111470331437
1,0.0541273988783359,1,0.1547983437776565,1,0.5871383547782898,1,0.0088081816211342
1,0.1800417900085449,1,0.3204821944236755,1,0.0240321494638919,1,0.000227694370551
1,0.0055042156018316,1,0.1574324369430542,1,0.0579974725842475,1,0.001517389435321
1,0.4018696546554565,1,0.0941369086503982,1,0.0118053741753101,1,0.9947868585586548
1,0.0008214530535042,1,0.1916391551494598,1,0.0004214901127852,1,0.0122936908155679
1,0.0218157228082418,1,0.1618427783250808,1,0.051652655005455,1,0.0068770884536206
1,0.000283271248918,1,0.2195837497711181,1,0.0004349633236415,1,0.0039935982786118
1,0.994729459285736,1,0.5543860793113708,1,0.8142209053039551,1,0.9958795309066772
1,0.0045435512438416,1,0.1942692548036575,1,0.0562391653656959,1,0.000807482865639
1,4.9851496441988274e-05,1,0.097527302801609,1,1.9173186956322752e-05,1,0.0001090044388547
1,0.2036022096872329,1,0.2095964252948761,1,8.778381015872583e-05,1,0.0008764137746766
1,0.0168162323534488,1,0.2740679383277893,1,0.0092438757419586,1,0.002180831041187
1,0.5956874489784241,1,0.1963511407375335,1,0.9459249377250672,1,0.1808035522699356
1,0.0043406011536717,1,0.2465487420558929,1,4.514354804996401e-05,1,0.0010485876118764
1,0.9413474798202516,1,0.5122820138931274,1,0.0135032432153821,1,0.9613519310951232
1,0.94429212808609,1,0.396256685256958,1,0.8146082162857056,1,0.0386917665600776
1,0.983763575553894,1,0.7584348320960999,1,0.4009785652160644,1,0.7320197820663452
0,3.215140532120131e-05,0,0.1148609146475792,0,7.977934728842229e-06,0,1.290412365051452e-05
0,5.3806747928319965e-06,0,0.0252086948603391,0,4.798387635673862e-06,0,1.0106860827363562e-05
0,0.0002034256176557,0,0.2059532105922699,0,7.961338997120038e-05,0,0.0012306149583309
0,7.434385224769358e-06,0,0.0254199225455522,0,4.314300895202905e-06,0,7.877000825828873e-06
0,0.0018503606552258,0,0.1383466124534607,0,0.0004446110688149,0,0.0145872728899121
0,8.501020602125209e-06,0,0.0216129831969738,0,6.799543825763976e-06,0,9.792638593353333e-06
0,0.0003795520460698,0,0.1447234451770782,0,5.127906115376391e-05,0,0.0011242560576647
0,0.0304591935127973,0,0.0676895231008529,0,0.0007857164600864,0,0.0001719203573884
0,0.0035529986489564,0,0.0631172731518745,0,9.258219506591558e-05,0,0.0001066136246663
0,3.269412991357967e-05,0,0.070185974240303,0,6.728593689331319e-06,0,0.0002831599849741
0,7.394957719952799e-06,0,0.0077109485864639,0,3.5952668895333773e-06,0,7.682243449380621e-06
0,1.2896040971099865e-05,0,0.0092653604224324,0,4.673829607781954e-06,0,7.592770998599008e-06
0,5.109577614348382e-05,0,0.086496815085411,0,6.53651522952714e-06,0,0.0007149802404455
0,3.809925328823738e-05,0,0.0181109104305505,0,4.704910224972991e-06,0,2.755273999355268e-05
0,0.000157556409249,0,0.0791462361812591,0,0.0002075452212011,0,0.0002872854238376
0,8.00583729869686e-05,0,0.0391848087310791,0,4.3413496314315125e-05,0,2.3408121705870144e-05
0,3.5837401810567826e-05,0,0.0604131184518337,0,7.360593372141011e-06,0,7.719550922047347e-06
0,2.8686836230917837e-05,0,0.0312650837004184,0,8.126057764457073e-06,0,1.1788622032327112e-05
0,0.000832546618767,0,0.0671882554888725,0,5.299617987475358e-05,0,0.0007538595236837
0,0.0001927325502038,0,0.0789312720298767,0,5.560678619076498e-05,0,5.935416993452236e-05
0,0.0001642346032895,0,0.0829461142420768,0,8.85379922692664e-05,0,0.0003731524338945
0,0.0002611922973301,0,0.0700241476297378,0,5.690330362995155e-05,0,8.128512854455039e-05
0,0.000174833330675,0,0.0710595026612281,0,0.000353757495759,0,0.0005972587969154
0,7.34671630198136e-05,0,0.1349367052316665,0,8.47775208967505e-06,0,0.0004445437225513
0,0.791283130645752,0,0.5192965865135193,0,0.6211841702461243,0,0.5226000547409058
0,0.3190400600433349,0,0.3087230026721954,0,0.0048112752847373,0,0.993615746498108
0,0.741135835647583,0,0.2494839429855346,0,0.0027146032080054,0,0.8065062761306763
0,0.0011447656434029,0,0.1893851608037948,0,0.0267567504197359,0,0.0162864718586206
0,0.4104291200637817,0,0.5575653314590454,0,0.0325152054429054,0,0.0915370658040046
0,0.8309006690979004,0,0.3394391536712646,0,0.0010851382976397,0,0.9774709939956664
0,0.104078859090805,0,0.178896427154541,0,0.0287570990622043,0,0.327352225780487
0,0.0003698529035318,0,0.1651831120252609,0,0.0001993831974687,0,0.000361819344107
0,0.7301639914512634,0,0.378835529088974,0,0.0456550270318985,0,0.0124811101704835
0,0.912794828414917,0,0.4294986724853515,0,0.0019045686349272,0,0.5966026186943054
0,0.0662649348378181,0,0.1567302048206329,0,0.0002481905685272,0,0.0376051403582096
0,0.0106695145368576,0,0.1817935109138488,0,0.0051689301617443,0,0.0024805981665849
0,0.0409700311720371,0,0.1580170392990112,0,0.0024107228964567,0,4.368964437162504e-05
0,3.174994344590232e-05,0,0.0218241699039936,0,1.7862623280961998e-05,0,2.5051613192772493e-05
0,0.0153841460123658,0,0.1516387462615966,0,0.0001158527156803,0,0.0052987746894359
0,0.0461582876741886,0,0.114175759255886,0,0.0029918998479843,0,0.0004503494710661
0,6.451083027059212e-05,0,0.035662829875946,0,2.3131424313760363e-05,0,4.823231574846432e-05
0,8.08112818049267e-05,0,0.0524932667613029,0,4.958749923389405e-05,0,0.0001307880011154
0,2.625361048558261e-05,0,0.0736168473958969,0,8.479822099616285e-06,0,1.204950149258366e-05
0,4.667951361625455e-05,0,0.0388283841311931,0,3.146795279462822e-05,0,0.0004383362829685
0,0.0005550830392166,0,0.1202451288700103,0,0.0001726339396554,0,0.0002130020438926
0,5.203328328207135e-05,0,0.0571892447769641,0,6.661495717708021e-06,0,4.2608153307810426e-05
0,0.0001096590567613,0,0.0367805883288383,0,8.43488123791758e-06,0,0.0002468357852194
0,0.0001930365833686,0,0.0518641024827957,0,0.0001025685705826,0,0.0009997959714382
0,0.0001648395700613,0,0.0933062061667442,0,0.000248289987212,0,0.8592456579208374
0,0.0028409275691956,0,0.0927652418613433,0,4.021684799226932e-05,0,0.0008631735108792
0,0.0054997829720377,0,0.0831696391105651,0,0.0006214165478013,0,0.0002941918210126
0,0.9041333794593812,0,0.6659725904464722,0,0.8279125094413757,0,0.0946985334157943
0,1.308225455431966e-05,0,0.0333146564662456,0,6.690750524285249e-06,0,1.004017121886136e-05
0,1.155460540758213e-05,0,0.0128610348328948,0,8.017642358026933e-06,0,7.609843123645987e-06
0,5.4128388001117855e-05,0,0.0263939369469881,0,1.5638997865607962e-05,0,7.138413820939604e-06
0,1.2334233360888902e-05,0,0.0194696057587862,0,7.128365723474417e-06,0,8.59980809764238e-06
0,2.026299443969037e-05,0,0.0081185698509216,0,5.436893388832687e-06,0,1.0614300663291942e-05
0,2.841261630237568e-05,0,0.0309069976210594,0,1.1391026419005357e-05,0,1.1154472304042429e-05
0,6.937838406884112e-06,0,0.0348823145031929,0,6.244270480237901e-06,0,6.277875399973709e-06
0,1.9554396203602664e-05,0,0.0075104241259396,0,7.384582659142325e-06,0,7.55184055378777e-06
0,0.0002363457460887,0,0.097490943968296,0,0.0001691790967015,0,0.001352424849756
0,0.0011763855582103,0,0.1298608183860778,0,0.0001076712651411,0,0.0010550040751695
0,6.486750498879701e-05,0,0.031260035932064,0,1.2448907000361942e-05,0,7.928263585199602e-06
0,1.0981697414536027e-05,0,0.019702473655343,0,1.5684074242017232e-05,0,4.827474185731262e-06
0,4.636833182303235e-05,0,0.0217182841151952,0,1.2174631592642982e-05,0,9.411136488779448e-06
0,7.801679203112144e-06,0,0.0152389938011765,0,3.6879539493384073e-06,0,1.2134756616433153e-05
0,1.636128217796795e-05,0,0.0273383110761642,0,7.458188520104159e-06,0,1.261180568690179e-05
0,1.063395666278666e-05,0,0.0290844738483428,0,5.541166046896251e-06,0,5.90047920923098e-06
0,0.1803416460752487,0,0.1309410184621811,0,0.0001869224070105,0,0.0004805990320164
0,0.003176805563271,0,0.0823186710476875,0,0.0002309576957486,0,0.0005818886565975
0,0.3400432765483856,0,0.0875958502292633,0,0.7885583639144897,0,0.2022171914577484
0,8.224737393902615e-05,0,0.1226147711277008,0,0.6210014224052429,0,0.0001733450044412
0,0.0011120192939415,0,0.0795743837952613,0,3.383688454050571e-05,0,0.0061334483325481
0,1.07302148535382e-05,0,0.0334278866648674,0,5.101205715618562e-06,0,4.932259344059276e-06
0,0.0111551117151975,0,0.148585245013237,0,0.0001712539524305,0,0.0006779714021831
0,5.063636490376666e-05,0,0.0400977469980716,0,1.2370468539302236e-05,0,1.0613451195240486e-05
0,4.772850661538541e-05,0,0.0559912249445915,0,0.0018053218955174,0,2.403551661700476e-05
0,0.0010035497834905,0,0.0732440650463104,0,0.000268167379545,0,0.0005769074778072
0,0.0002513334038667,0,0.0850493088364601,0,4.416417141328566e-05,0,0.0001394555001752
0,0.001769253402017,0,0.0851408764719963,0,0.0015182913048192,0,0.0001587224542163
0,0.0133344484493136,0,0.0655222311615943,0,0.0001005531667033,0,0.0043138950131833
0,4.421182529767975e-05,0,0.0778282135725021,0,2.1476958863786425e-05,0,9.27869841689244e-05
0,0.0219704303890466,0,0.0660533681511879,0,3.8219379348447546e-05,0,0.0015246876282617
0,1.7137783288490027e-05,0,0.053756758570671,0,6.705123269057367e-06,0,1.641941344132647e-05
0,0.0001925365941133,0,0.0830858647823333,0,7.885773084126413e-05,0,9.369834879180416e-05
0,0.000204265845241,0,0.0949271544814109,0,1.2053846148774028e-05,0,7.831531547708437e-05
0,0.0199677925556898,0,0.0608268454670906,0,0.0001299953728448,0,0.0019991428125649
0,1.9847253497573547e-05,0,0.0361475013196468,0,5.880245225853287e-05,0,0.0018151203403249
0,0.0091550508514046,0,0.273373931646347,0,0.0009897344280034,0,0.0006663913372904
0,0.0502222999930381,0,0.1436862647533416,0,4.2628031224012375e-05,0,2.0033174223499373e-05
0,0.0022459453903138,0,0.3241094648838043,0,0.1556108891963958,0,0.2330893576145172
0,7.322198598558316e-06,0,0.0320017710328102,0,7.995667147042695e-06,0,9.959758244804108e-06
0,1.0515573194425087e-05,0,0.0345305800437927,0,4.303107562009245e-05,0,8.82867334439652e-06
0,6.372074494720437e-06,0,0.032052606344223,0,1.7044339983840473e-05,0,3.4834054531529546e-05
0,8.44000624056207e-06,0,0.0136058330535888,0,7.050978638289962e-06,0,5.8738892221299466e-06
0,0.3187175393104553,0,0.2231006622314453,0,0.0016373300459235,0,0.0172339882701635
0,0.1164927333593368,0,0.1158014982938766,0,0.0002065561566269,0,0.00666029099375
0,0.1699320524930954,0,0.1509156823158264,0,0.0001436188904335,0,0.007961762137711
0,0.0863698199391365,0,0.1449094265699386,0,0.5550007224082947,0,0.0028302785940468
0,0.0001267044135602,0,0.0663024112582206,0,1.1933088899240827e-05,0,0.0004232246137689
0,0.0028477951418608,0,0.0829030498862266,0,1.805280044209212e-05,0,0.0002661919570527
0,0.0006440166616812,0,0.0880827233195304,0,4.479443305172026e-05,0,0.000103311445855
0,0.0004878587496932,0,0.0784740298986435,0,1.2847871403209863e-05,0,0.0001560312957735
0,0.0003033613029401,0,0.2560574412345886,0,3.927087891497649e-05,0,0.0011631452944129
0,0.023761810734868,0,0.1541626900434494,0,3.218008714611642e-05,0,0.0003353088977746
0,0.001700899680145,0,0.185922160744667,0,2.6736370273283683e-05,0,0.000317423720844
0,0.3015406131744385,0,0.1164241656661033,0,0.0003214769822079,0,0.0003924325283151
0,0.0006913879769854,0,0.0873938426375389,0,9.195382517646069e-06,0,0.0002062442508758
0,1.0858458153961692e-05,0,0.0149816265329718,0,4.927684585709358e-06,0,1.481370873079868e-05
0,1.3276347090140916e-05,0,0.011532774195075,0,1.0028104043158235e-05,0,1.2175978554296307e-05
0,1.2332632650213782e-05,0,0.0079721445217728,0,7.1982922236202285e-06,0,6.980333182582399e-06
0,1.6361063899239525e-05,0,0.0080938329920172,0,7.227140486065764e-06,0,5.389312718762085e-06
0,1.1943938261538278e-05,0,0.0110919512808322,0,6.1332739278441295e-06,0,8.438670192845166e-06
0,1.385404812026536e-05,0,0.0093954876065254,0,6.168892468849663e-06,0,6.536589808092685e-06
0,5.884222991880961e-05,0,0.0949287861585617,0,7.859992183512077e-05,0,0.0047080242075026
0,0.002972203772515,0,0.1228752061724662,0,5.29523313161917e-05,0,0.0002872163895517
0,1.853328649303876e-05,0,0.0502667836844921,0,4.5285145461093634e-05,0,2.66448623733595e-05
0,0.0001735961122903,0,0.0257654599845409,0,1.189201975648757e-05,0,1.7779399058781564e-05
0,2.4403072529821657e-05,0,0.0402638986706733,0,1.3731785657000728e-05,0,2.315746860404033e-05
0,0.0009886943735182,0,0.1362601369619369,0,0.0053346990607678,0,0.0018692057346925
0,0.0002075398806482,0,0.0259727705270051,0,6.756371476512868e-06,0,2.670833964657504e-05
0,7.857523996790405e-06,0,0.0127676362171769,0,5.80665846428019e-06,0,7.532894414907787e-06
0,0.5073534846305847,0,0.2155028283596038,0,0.000199387781322,0,0.0002063354913843
0,8.255287684733048e-05,0,0.0269473288208246,0,1.4936943443899509e-05,0,2.8545775421662256e-05
0,4.152286419412121e-05,0,0.0563228614628315,0,6.091125032980926e-05,0,0.0001262651494471
0,0.7356699705123901,0,0.033290047198534,0,1.4639339497080073e-05,0,0.0161006692796945
0,1.1744635230570566e-05,0,0.0051747858524322,0,5.2214354582247324e-06,0,2.9473108043021057e-06
0,1.693179365247488e-05,0,0.016935447230935,0,4.886894657829544e-06,0,5.228719601291232e-06
0,3.679921428556554e-05,0,0.0534073784947395,0,1.6495594536536373e-05,0,5.267763481242582e-05
0,7.83047144068405e-05,0,0.0631497055292129,0,2.265255534439348e-05,0,5.9327856433810666e-05
0,0.8653626441955566,0,0.0222541857510805,0,3.116289735771716e-05,0,0.0041725737974047
0,0.48359215259552,0,0.317958801984787,0,0.0044277575798332,0,0.0042825639247894
0,0.5054323673248291,0,0.2797365486621856,0,0.2809022963047027,0,0.7650097012519836
0,0.0645933598279953,0,0.2690736949443817,0,0.7213596701622009,0,0.1858825981616974
0,0.0058369855396449,0,0.0844086781144142,0,0.0002151249209418,0,0.000240564419073
0,0.0002276941668242,0,0.1296893060207367,0,0.0082886693999171,0,0.001176378224045
0,7.450235716532916e-05,0,0.1306451112031936,0,0.0012230456341058,0,0.013539794832468
0,0.0196384824812412,0,0.1059806272387504,0,0.00149092648644,0,0.0004813669947907
0,1.0798048606375232e-05,0,0.3150636851787567,0,0.0001136207283707,0,9.575013791618405e-06
0,0.0005310088745318,0,0.0890030488371849,0,0.0003098621964454,0,0.0007025760132819
0,0.0001771649258444,0,0.0678983330726623,0,4.563123184198048e-06,0,0.0002327698020962
0,6.491210569947725e-06,0,0.0422562137246131,0,5.98614860791713e-06,0,7.493973043892765e-06
0,0.0020447790157049,0,0.0975665375590324,0,1.628090649319347e-05,0,0.001349902129732
0,0.0765882059931755,0,0.0816994160413742,0,0.0117433220148086,0,0.0006158145843073
0,0.0037567522376775,0,0.1265009641647339,0,0.0014363573864102,0,0.0022528995759785
0,0.0054087517783045,0,0.150696113705635,0,0.000705036567524,0,0.0332027599215507
0,0.0215298328548669,0,0.7038865089416504,0,0.0015373615315183,0,0.0027943192981183
0,1.5613872164976783e-05,0,0.0142405340448021,0,1.4209836081136018e-05,0,9.073004548554309e-06
0,8.762299330555834e-06,0,0.0204634796828031,0,6.63350601826096e-06,0,9.55862742557656e-06
0,1.9193641492165625e-05,0,0.0130700469017028,0,3.716552555488306e-06,0,1.3691405001736712e-05
0,2.044354550889693e-05,0,0.011730876751244,0,9.175550076179206e-06,0,1.158437407866586e-05
0,0.0153710637241601,0,0.1661441028118133,0,0.194669559597969,0,0.0035606136079877
0,0.3168649673461914,0,0.1915865987539291,0,0.0985729098320007,0,0.0123860826715826
0,0.4511964321136474,0,0.2272315174341201,0,0.9684258103370668,0,0.2518981993198395
0,2.7454669179860502e-05,0,0.0244717430323362,0,7.036113402136834e-06,0,8.031700417632237e-06
0,8.786514081293717e-05,0,0.038887720555067,0,4.333578999649035e-06,0,7.896645911387168e-06
0,5.402231545303948e-05,0,0.0200694352388381,0,4.2341243897681125e-06,0,7.479893156414619e-06
0,6.044717156328261e-05,0,0.1240277662873268,0,1.0874521649384404e-05,0,0.0004639462858904
0,5.075238368590362e-05,0,0.090041883289814,0,2.0576333554345183e-05,0,0.0003463967295829
0,4.198542592348531e-05,0,0.0506655573844909,0,4.64927070424892e-05,0,1.2482955753512217e-05
0,1.6466314264107496e-05,0,0.0320334807038307,0,1.6791975212981924e-05,0,6.537013632623712e-06
0,8.747313404455781e-05,0,0.0611750967800617,0,2.147153099940624e-05,0,5.155093822395429e-05
0,0.0004614351200871,0,0.0821833461523056,0,3.2066651328932494e-05,0,4.5442007831297815e-05
0,5.845289706485346e-06,0,0.012777604162693,0,5.2495402087515686e-06,0,6.009491698932834e-06
0,0.0002973123337142,0,0.1253078728914261,0,0.0001297661365242,0,0.0003422161098569
0,0.0005168200004845,0,0.0275647845119237,0,9.610554116079584e-05,0,2.0414343453012407e-05
0,1.5043459825392349e-05,0,0.0107813524082303,0,6.6977477217733394e-06,0,6.944067081349203e-06
0,0.1765655279159546,0,0.3786242604255676,0,0.1209451705217361,0,4.408964377944358e-05
0,0.0225988533347845,0,0.3525905907154083,0,0.1381191164255142,0,0.0010289802448824
0,0.025854667648673,0,0.1168279275298118,0,7.540013029938564e-05,0,2.915953336923849e-05
0,0.0099361510947346,0,0.2155185490846634,0,0.1683319509029388,0,0.0314201861619949
0,0.021092090755701,0,0.1216010451316833,0,0.0230002533644437,0,0.0002940336707979
0,0.004370997659862,0,0.1636639833450317,0,0.0004546681593637,0,0.0007147942669689
0,0.0010253716027364,0,0.2190086096525192,0,0.0003183053049724,0,0.0003363506984896
0,1.6166677596629597e-05,0,0.0147909028455615,0,2.419156771793496e-05,0,6.805752036598278e-06
0,0.0883673131465911,0,0.242212563753128,0,0.0162898804992437,0,0.1574890464544296
0,0.0094417817890644,0,0.2223081588745117,0,0.0392839722335338,0,0.000696656119544
0,3.750706309801899e-05,0,0.0384897775948047,0,1.3257646969577763e-05,0,0.0001178736783913
0,4.305833135731518e-05,0,0.0822248309850692,0,6.983548701100517e-06,0,0.0002873821067623
0,8.870506280800328e-05,0,0.0689081251621246,0,1.3621234757010823e-05,0,0.0008395938784815
0,0.0001482336956541,0,0.2242870330810547,0,2.4616330847493373e-05,0,0.0003176235186401
0,0.0006251619779504,0,0.1109657660126686,0,0.0001114539481932,0,0.0013548731803894
0,4.67801364720799e-05,0,0.118648000061512,0,0.0003428283380344,0,0.0102405222132802
0,2.4166387447621677e-05,0,0.0189731549471616,0,1.584044730407186e-05,0,2.1362015104386955e-05
0,8.51771401357837e-05,0,0.0957329794764518,0,0.0001365963107673,0,0.0001134696794906
0,0.0001003608194878,0,0.025496358051896,0,9.80644254013896e-05,0,1.382068785460433e-05
0,0.0040595671162009,0,0.0788925811648368,0,0.0003639075439423,0,0.0002568648487795
0,6.289645534707233e-05,0,0.0268601812422275,0,9.304359991801904e-06,0,1.0353434845455922e-05
0,3.430890865274705e-05,0,0.0554223917424678,0,3.819871926680207e-05,0,7.132270548027009e-05
0,5.207180220168084e-05,0,0.0103308530524373,0,6.363371994666522e-06,0,1.0204407772107515e-05
0,2.1181089323363267e-05,0,0.0353568084537982,0,6.105844931880711e-06,0,8.36284743854776e-05
0,3.543882121448405e-05,0,0.0836302489042282,0,3.269391163485125e-05,0,0.0002579729480203
0,2.5613733669160865e-05,0,0.0905404314398765,0,2.0555544324452057e-05,0,0.0001163154156529
0,4.403111233841628e-06,0,0.0195328183472156,0,2.3387765395455062e-06,0,7.538040790677769e-06
0,2.9002398150623776e-05,0,0.068395972251892,0,2.276495251862798e-05,0,0.0001307644270127
0,8.872597391018644e-06,0,0.0292588770389556,0,2.581769422249636e-06,0,1.2384527508402243e-05
0,0.0030634242575615,0,0.0956103950738906,0,0.0093748550862073,0,0.0002202041214331
0,0.6134263873100281,0,0.3879399597644806,0,0.1544640064239502,0,0.2945855855941772
0,0.6363685727119446,0,0.3949930369853973,0,0.0635504499077797,0,0.0056375227868556
0,0.6957171559333801,0,0.3136285245418548,0,0.1241165101528167,0,0.0673259198665618
0,0.0019998450297862,0,0.0826661139726638,0,4.8423255066154525e-05,0,0.0004003054928034
0,0.0010713541414588,0,0.0871284902095794,0,0.0001455972960684,0,0.0022893962450325
0,0.0040626698173582,0,0.0943622216582298,0,4.5126329496270046e-05,0,0.0001351499086013
0,2.6613957743393257e-05,0,0.2650588750839233,0,1.2614042134373449e-05,0,0.0001099032815545
0,4.772691318066791e-05,0,0.0319687873125076,0,4.669757345254766e-06,0,0.0001674341910984
0,3.170903437421657e-05,0,0.0603663176298141,0,1.1589710993575864e-05,0,5.857070937054232e-05
0,0.966957986354828,0,0.4131333529949188,0,0.0443008877336978,0,0.9963512420654296
0,0.4484505355358124,0,0.1164690256118774,0,0.0013492652215063,0,0.0175777059048414
0,4.229244223097339e-05,0,0.0431662835180759,0,1.1018161785614213e-05,0,8.043042180361226e-05
0,9.2163299996173e-06,0,0.0113672595471143,0,8.034252459765412e-06,0,1.2970449461136012e-05
0,0.0008663875632919,0,0.1070527955889701,0,0.0008749602711759,0,0.0001333908730885
0,1.513581537437858e-05,0,0.0202472116798162,0,2.229972960776649e-05,0,7.234918939502677e-06
0,0.0001580357784405,0,0.0363780371844768,0,5.635848992824322e-06,0,9.839347330853344e-05
0,2.091868191200774e-05,0,0.0192008577287197,0,9.994430001825094e-06,0,4.6586637836298905e-06
0,1.292030356125906e-05,0,0.0122748529538512,0,9.507796676189171e-06,0,6.823682269896381e-06
0,1.432958924851846e-05,0,0.0143775437027215,0,6.119322733866284e-06,0,9.56827625486767e-06
0,1.0744960491138045e-05,0,0.0444488637149333,0,1.4352373909787277e-05,0,8.44776241137879e-06
0,0.0001748091599438,0,0.0422203056514263,0,5.239661732048262e-06,0,0.0001140076274168
0,1.2777271876984742e-05,0,0.0228226836770772,0,5.473915734910406e-06,0,6.315237442322541e-06
0,0.0008060406544245,0,0.3379485607147217,0,0.0011676457943394,0,0.0442551858723163
0,0.0021563041955232,0,0.1097515448927879,0,0.0001079348439816,0,2.936240161943715e-05
0,7.635766451130621e-06,0,0.0102087557315826,0,5.490902367455419e-06,0,4.252378857927397e-06
0,0.0011824865359812,0,0.1108521893620491,0,6.596785533474758e-05,0,0.0001444248773623
0,0.0012504017213359,0,0.1250822097063064,0,3.804203879553825e-05,0,0.0002067234308924
0,0.000945242063608,0,0.1084219291806221,0,4.1121671529253945e-05,0,0.0005324718658812
1,0.2372836172580719,1,0.2286151796579361,1,0.0005044849822297,1,0.96641343832016
1,0.0003893610555678,1,0.4562530219554901,1,0.0005235787830315,1,0.0013995816698297
1,0.0006469825166277,1,0.0744332149624824,1,0.0007745262701064,1,0.0032287086360156
1,0.0003725074930116,1,0.0945984944701194,1,8.738526230445132e-05,1,0.0008299829787574
1,0.0002710964763537,1,0.0912275984883308,1,5.4526011808775365e-05,1,0.0002891087788157
1,0.7979974150657654,1,0.482651799917221,1,0.9328404664993286,1,0.9995285272598268
1,0.9987114667892456,1,0.3703732788562774,1,0.992194890975952,1,0.9960172772407532
1,7.376354187726974e-05,1,0.0630107149481773,1,9.005700121633708e-05,1,0.0003125720249954
1,0.0001026688696583,1,0.0809766948223114,1,0.0101637318730354,1,0.0036346381530165
1,0.0022220278624445,1,0.175089031457901,1,0.0810364037752151,1,0.5947573781013489
1,4.816185537492856e-05,1,0.0865489095449447,1,1.321838590229163e-05,1,0.0013070486020296
1,0.3834001421928406,1,0.3679379820823669,1,0.0184672437608242,1,0.4506955146789551
1,0.8539354801177979,1,0.2522478401660919,1,0.0095084812492132,1,0.0008630669326521
1,0.0266737304627895,1,0.2331834137439727,1,0.1042602956295013,1,0.0545042864978313
1,0.5752587914466858,1,0.3030734658241272,1,0.7157654166221619,1,0.050668504089117
1,0.0001104433831642,1,0.0790251567959785,1,4.123446615267312e-06,1,0.0014703596243634
1,0.0002066367160296,1,0.0914091914892196,1,7.866183295845985e-06,1,0.0007274789386428
1,0.002915893914178,1,0.099405437707901,1,3.761144034797326e-05,1,0.0006159812328405
1,0.0044554150663316,1,0.1643866300582885,1,0.0028848338406533,1,0.1791501343250274
1,0.911611795425415,1,0.5749711394309998,1,0.6829244494438171,1,0.999363362789154
1,0.9903084635734558,1,0.5539163947105408,1,0.9494843482971193,1,0.9975019097328186
1,0.974349081516266,1,0.6092059016227722,1,0.9798754453659058,1,0.9879510998725892
1,0.9524584412574768,1,0.6631338000297546,1,0.9579367637634276,1,0.8529084324836731
1,0.000137529335916,1,0.0782284587621688,1,0.2186491191387176,1,0.3562151193618774
1,0.0062166270799934,1,0.1538258045911789,1,0.0366617180407047,1,0.6443356871604919
1,0.057346511632204,1,0.1782623827457428,1,0.6074045300483704,1,0.9942049384117126
0,0.0050058816559612,0,0.2608009874820709,0,0.0010317984269931,0,0.0011650659143924
0,0.0001002611388685,0,0.1631750017404556,0,0.0002245492942165,0,0.0007386439247056
0,0.0009339969255961,0,0.1568350791931152,0,0.0001255858805961,0,0.0003171463613398
0,0.0002811486483551,0,0.0902266427874565,0,7.38137896405533e-05,0,0.0135456873103976
0,0.0105541190132498,0,0.0991059765219688,0,0.0009123003692366,0,0.0061217215843498
0,0.0227827001363039,0,0.157843068242073,0,0.0563773326575756,0,0.0008874865015968
0,0.0021003414876759,0,0.059640098363161,0,8.513191278325394e-05,0,0.0010296155232936
0,3.7280231481418014e-05,0,0.0317121967673301,0,2.821023144861101e-06,0,1.381027959723724e-05
0,0.1097302734851837,0,0.1260857731103897,0,0.0001763453328749,0,0.0004442219506017
0,0.0004471442953217,0,0.0754146501421928,0,2.3226561097544615e-05,0,0.0007799760787747
0,0.0015237985644489,0,0.0635565966367721,0,1.96666042029392e-05,0,0.0013375633861869
0,0.0004158537776675,0,0.042400199919939,0,0.0219236798584461,0,3.720507811522111e-05
0,0.002478502690792,0,0.0680175051093101,0,0.0001430778938811,0,3.998159445472993e-05
0,0.0570870898663997,0,0.1261718273162841,0,0.0051741381175816,0,0.006010565906763
0,6.149942691990873e-06,0,0.0226699337363243,0,1.0915853636106476e-05,0,1.2099004379706456e-05
0,7.518497568526072e-06,0,0.0200860016047954,0,4.324463134253165e-06,0,7.601937795698177e-06
0,0.0008820169605314,0,0.127981811761856,0,2.370304537180345e-05,0,0.0007141113746911
0,5.50526674487628e-05,0,0.0445593520998954,0,2.3967995730345137e-05,0,4.123016697121784e-05
0,3.920150993508287e-05,0,0.0547107346355915,0,3.7084926589159295e-05,0,0.0001340098388027
0,0.0004815900465473,0,0.0604550838470459,0,0.0001508493587607,0,0.0003638910711742
0,0.00534427491948,0,0.0893616005778312,0,0.000419360527303,0,0.0003750899631995
0,0.0049962406046688,0,0.1037870645523071,0,1.1016922144335696e-05,0,0.0007105020922608
0,0.000432513130363,0,0.1319563537836074,0,5.4941687267273664e-05,0,0.0007018556352704
0,1.210035497933859e-05,0,0.0496993511915206,0,0.000308196991682,0,3.391399513930082e-05
0,4.714630267699249e-05,0,0.0228925328701734,0,3.962350820074789e-05,0,2.3754389985697344e-05
0,8.710455585969612e-05,0,0.0736226737499237,0,1.134008289227495e-05,0,0.0008119320846162
0,0.0002080994599964,0,0.0526944547891616,0,0.0001624144351808,0,6.017439227434807e-05
0,0.0001581817195983,0,0.0241154581308364,0,2.604210385470651e-05,0,4.308030474931002e-05
0,7.05497368471697e-05,0,0.0270817838609218,0,3.768234455492348e-05,0,2.9672717573703267e-05
0,1.720014915918e-05,0,0.018981397151947,0,4.174516288912855e-05,0,1.1550891940714791e-05
0,0.0154274478554725,0,0.1612110584974289,0,0.2227623909711837,0,0.9348468780517578
0,0.0055207572877407,0,0.1230343952775001,0,0.3408514261245727,0,0.4719961285591125
0,0.1280791759490966,0,0.3264447748661041,0,0.000344197906088,0,0.0051330737769603
0,0.0010388012742623,0,0.0893653109669685,0,0.0001163454726338,0,0.0016465157968923
0,0.1172185838222503,0,0.1962134093046188,0,0.0030362426768988,0,0.0020050862804055
0,0.257390022277832,0,0.2115585952997207,0,3.241308149881661e-05,0,0.003130370285362
0,1.9697952666319907e-05,0,0.0913010090589523,0,9.29088218981633e-06,0,4.167050792602822e-05
0,0.0003926308418158,0,0.0732400491833686,0,0.0001139417800004,0,0.0003996330779045
0,0.0064971707761287,0,0.0398207567632198,0,0.0496495738625526,0,7.302049925783649e-05
0,0.0009869557106867,0,0.0723189786076545,0,3.9213507989188656e-05,0,0.0002069018955808
0,0.0015910115325823,0,0.2063222378492355,0,0.0002182406169595,0,0.001700495602563
0,0.0003810446651186,0,0.0551966987550258,0,9.67829691944644e-05,0,0.000368025212083
0,0.0019994531758129,0,0.0354971177875995,0,0.0242740847170352,0,4.836261359741911e-05
0,1.1039996934414376e-05,0,0.0060920626856386,0,6.19210368313361e-06,0,6.608823696296895e-06
0,1.5947491192491725e-05,0,0.0065112616866827,0,2.1519846995943223e-05,0,1.3646381376020145e-05
0,2.294900878041517e-05,0,0.01199880708009,0,1.7934502466232516e-05,0,1.5674848327762447e-05
0,0.0021338856313377,0,0.0938396826386451,0,0.0007783170440234,0,0.0036386118736118
0,0.0118177970871329,0,0.1052415072917938,0,0.0002310147392563,0,0.0022483936045318
0,0.0017524958821013,0,0.0681217387318611,0,0.0001295687834499,0,0.0022369865328073
0,0.0006434359238483,0,0.0719801113009452,0,3.5955024941358715e-05,0,0.0001934627653099
0,0.000752268882934,0,0.0796164944767952,0,1.4356796782521997e-05,0,0.0017133931396529
0,0.032415110617876,0,0.0564372017979621,0,0.0003530272806528,0,0.0006152064888738
0,4.191945481579751e-05,0,0.0784156918525695,0,1.1887666005350184e-05,0,0.0007328604697249
0,9.300126112066208e-05,0,0.0833439454436302,0,2.8241454856470227e-05,0,0.0001784818741725
0,0.0006713280454277,0,0.0704589709639549,0,1.6285875972243957e-05,0,3.341023329994641e-05
0,1.801510370569304e-05,0,0.0738014802336692,0,3.762646883842535e-05,0,0.000170840678038
0,8.94387540029129e-06,0,0.0217592474073171,0,1.0926893992291298e-05,0,5.541303380596219e-06
0,0.0060343202203512,0,0.1910793185234069,0,0.8729367852210999,0,0.023961829021573
0,1.217647786688758e-05,0,0.0357500277459621,0,1.0260137059958652e-05,0,5.052407504990697e-05
0,0.001902169897221,0,0.1487021297216415,0,6.314152415143326e-05,0,0.0002705005754251
0,0.0012929934309795,0,0.1103084683418273,0,0.0001369163219351,0,0.0005006953724659
0,0.0011784238740801,0,0.051727045327425,0,0.0008800341165624,0,0.0001083658207789
0,0.000613460491877,0,0.0901197344064712,0,1.3610405403596816e-05,0,0.0001501486112829
0,2.586286791483872e-05,0,0.009967559017241,0,4.1904946556314826e-05,0,5.348209015210159e-06
0,0.1343951225280761,0,0.0830189064145088,0,0.0010056621395051,0,7.065065437927842e-05
0,1.2861600225733127e-05,0,0.0154857086017727,0,3.148783207507222e-06,0,7.304288374143653e-06
0,0.0574716441333293,0,0.0609822198748588,0,0.0008399335783906,0,0.000140644973726
0,8.253315172623843e-06,0,0.0104307932779192,0,4.4984108171775006e-06,0,9.015277100843376e-06
0,2.453936031088233e-05,0,0.0474257878959178,0,2.0316416339483112e-05,0,6.554809806402773e-05
0,2.1993095288053155e-05,0,0.0685445293784141,0,7.7514860095107e-06,0,0.0002078408724628
0,3.6260309570934623e-05,0,0.4597710967063904,0,7.402189112326596e-06,0,1.9947578039136715e-05
0,8.075758523773402e-05,0,0.0095331957563757,0,1.3283350199344568e-05,0,5.294649326970102e-06
0,1.0702294275688471e-05,0,0.0149817736819386,0,1.2048697499267291e-05,0,3.298602450740873e-06
0,7.414457650156692e-05,0,0.0158753488212823,0,9.24069172469899e-06,0,2.7981839139101794e-06
0,0.0418308526277542,0,0.1503719687461853,0,0.0111557058990001,0,0.0003301845281384
0,1.2442475053831004e-05,0,0.0090633546933531,0,7.324914804485161e-06,0,2.855624188669026e-06
0,0.9550031423568726,0,0.5325829982757568,0,0.9837459325790404,0,0.9919708967208862
0,7.201715925475582e-05,0,0.0461330488324165,0,2.1199761249590665e-05,0,0.0002000212843995
0,1.4963318790250923e-05,0,0.0262679252773523,0,9.35270236368524e-06,0,1.1882022590725684e-05
0,5.875839997315779e-05,0,0.0458368919789791,0,1.140919266617857e-05,0,0.0002338852646062
0,6.790467887185514e-05,0,0.0506856553256511,0,8.12511188996723e-06,0,0.0003036326961591
0,9.227995906258002e-05,0,0.0488883778452873,0,1.148755200119922e-05,0,0.0001279898860957
0,2.3135127776185985e-05,0,0.0814927518367767,0,2.1739006115240045e-05,0,0.0001934402826009
0,2.0275558199500665e-05,0,0.0601619929075241,0,3.169824412907474e-05,0,0.0001348287478322
0,9.030834007717203e-06,0,0.0579599142074584,0,6.75657793181017e-06,0,0.0001189552785945
0,0.0001031201099976,0,0.0772649645805358,0,0.0056020831689238,0,0.0003188279806636
0,9.195065649691968e-05,0,0.0259914007037878,0,0.0001455254096072,0,3.0087570848991163e-05
0,0.0029882991220802,0,0.1794807612895965,0,0.000930251495447,0,0.0008185862097889
0,0.0039194822311401,0,0.1920340657234192,0,0.0082621565088629,0,0.0014009972801432
0,0.0003284404810983,0,0.0598210543394088,0,0.0035948201548308,0,0.0001341941097052
0,0.0001950992154888,0,0.0663085728883743,0,9.042945021064952e-05,0,0.0001221955608343
0,0.0004206319572404,0,0.074017085134983,0,0.0005654901615343,0,0.001063362462446
0,4.631096817320213e-05,0,0.1184519007802009,0,0.0006406591273844,0,0.0051515619270503
0,0.0021609549876302,0,0.112730473279953,0,0.0004063795495312,0,0.0017930818721652
0,3.1886520446278155e-05,0,0.0851576849818229,0,0.0005000348319299,0,0.0018798493547365
0,0.4783924221992492,0,0.5025364756584167,0,0.3220043778419494,0,0.0052384166046977
0,0.927940309047699,0,0.2629033923149109,0,0.0146417003124952,0,0.0078954342752695
0,0.1385879814624786,0,0.2558581531047821,0,0.3795687854290008,0,0.4582886397838592
0,3.459979052422568e-05,0,0.4063844680786133,0,0.4650256931781769,0,0.0232499483972787
0,3.6848454328719527e-05,0,0.0768881365656852,0,2.133927227987442e-05,0,2.9718223231611773e-05
0,6.22120060143061e-05,0,0.08717031031847,0,2.087348548229784e-05,0,3.687436037580483e-05
0,0.0001169833558378,0,0.0670882686972618,0,1.780289676389657e-05,0,2.0696539650089107e-05
0,1.64006032719044e-05,0,0.02667654491961,0,5.018533101974754e-06,0,9.706301170808729e-06
0,2.8476335501181893e-05,0,0.1072460785508155,0,0.0001816112344386,0,4.933096352033317e-05
0,1.6039952242863365e-05,0,0.0431879945099353,0,2.373260713284253e-06,0,1.734631041472312e-05
0,1.0039681910711806e-05,0,0.0100194429978728,0,4.156456725468161e-06,0,4.499590886553051e-06
0,1.1459365850896576e-05,0,0.0941146239638328,0,3.4741664421744645e-05,0,0.0004831464320886
0,0.0002786628028843,0,0.0777522549033165,0,1.63793138199253e-05,0,0.0002924300788436
0,3.3078715205192566e-05,0,0.015592772513628,0,5.214289558352903e-06,0,6.564483101101359e-06
0,2.603981738502625e-05,0,0.0742488503456115,0,6.2695348788111005e-06,0,6.362568092299625e-05
0,5.3218409448163584e-05,0,0.0225316993892192,0,1.0085245776281226e-05,0,1.7458381989854388e-05
0,0.9832870960235596,0,0.339892715215683,0,0.8752312064170837,0,0.0117447283118963
0,0.0001948857825482,0,0.08684803545475,0,3.740697866305709e-05,0,5.836185300722718e-05
0,0.003091174410656,0,0.0701237767934799,0,0.0013198169181123,0,0.0003439493011683
0,0.0001279871939914,0,0.0595627501606941,0,5.1260485633974895e-05,0,0.0002749727282207
0,0.0002061614650301,0,0.0774663537740707,0,1.1931153494515456e-05,0,3.289117375970818e-05
0,0.9949278831481934,0,0.3382779955863952,0,0.9434014558792114,0,0.1709604114294052
0,3.892242239089683e-05,0,0.0823527351021766,0,1.1188575626874808e-05,0,0.0001142630790127
0,0.0001858667237684,0,0.0721981078386306,0,7.463212386937812e-05,0,3.774539072765037e-05
0,5.8775935031007975e-05,0,0.0574587173759937,0,1.1282867490081117e-05,0,0.0007271565846167
0,0.9725847840309144,0,0.3648146986961365,0,0.7763716578483582,0,0.2753528356552124
0,0.000259599648416,0,0.0758659690618515,0,1.23789650388062e-05,0,0.0046734330244362
0,0.0003382932336535,0,0.0724724233150482,0,2.6824121960089545e-05,0,0.0002626003406476
0,0.0001637618988752,0,0.1713892519474029,0,2.454226341797039e-05,0,0.0006310723256319
0,0.012635949999094,0,0.1510380059480667,0,0.0011327292304486,0,0.0023689228110015
0,0.000168342347024,0,0.114231951534748,0,3.872637898894027e-05,0,0.000239283835981
0,2.4494282115483657e-05,0,0.0714611411094665,0,5.118339686305262e-06,0,0.0001821260957513
0,2.1849975382792763e-05,0,0.0814602598547935,0,4.905857167614158e-06,0,0.0001572065812069
0,0.0010912425350397,0,0.1249588876962661,0,0.0005227786605246,0,0.0003762261185329
0,0.00022601398814,0,0.0399924293160438,0,1.731627889967058e-05,0,1.0055492566607429e-05
0,0.0007285546162165,0,0.0718372762203216,0,2.632975520100445e-05,0,0.0003157504252158
0,0.0084273219108581,0,0.1935468316078186,0,0.0354016907513141,0,0.0124067077413201
0,0.0021304190158843,0,0.2072375118732452,0,0.0042929016053676,0,0.0020749191753566
0,0.9696211814880372,0,0.5506992340087891,0,0.8082311153411865,0,0.0522966459393501
0,0.0587080866098403,0,0.1597263067960739,0,0.0002695097064133,0,0.001438588835299
0,0.0356958620250225,0,0.5729719400405884,0,0.0003762592968996,0,0.0002469642786309
0,1.2605467418325134e-05,0,0.0120608676224946,0,1.7916656361194327e-05,0,5.954111657047179e-06
0,5.714601684303489e-06,0,0.0240502767264843,0,1.1108199032605626e-05,0,5.151050118001876e-06
0,0.7531973123550415,0,0.2002707868814468,0,0.0011967523023486,0,0.5583381056785583
0,0.0071948608383536,0,0.1500670313835144,0,0.0490167252719402,0,0.0017493171617388
0,1.810455796658061e-05,0,0.0025987515691667,0,8.956421879702248e-06,0,7.942673619254492e-06
0,0.0637671202421188,0,0.0877481400966644,0,0.000459332630271,0,0.0015161666087806
0,3.255872070440091e-05,0,0.0525398440659046,0,2.5806744815781716e-05,0,3.289977030362934e-05
0,1.3670922271558084e-05,0,0.0042111426591873,0,3.758229013328673e-06,0,1.4792294678045437e-05
0,2.980706449307036e-05,0,0.056202445179224,0,3.0024880288692657e-06,0,0.0001195831791847
0,0.0001624334836378,0,0.0174392741173505,0,6.360993211274035e-06,0,2.02712672034977e-05
0,0.0005598800489678,0,0.0597840696573257,0,2.3106509615899995e-05,0,0.0005780218052677
0,1.45823096318054e-05,0,0.0120884720236063,0,5.023762696509948e-06,0,1.6640817193547264e-05
0,0.0552352704107761,0,0.1397489607334137,0,0.0011128294281661,0,0.0019963460508733
0,0.9208367466926576,0,0.3376548886299133,0,0.7696493864059448,0,0.0262441523373127
0,0.0165927875787019,0,0.1885991692543029,0,0.5619743466377258,0,0.4972632229328155
0,0.5195472240447998,0,0.394971638917923,0,0.5465466380119324,0,0.0078719649463891
0,0.0082820253446698,0,0.1541884392499923,0,0.530107319355011,0,0.0895907282829284
0,0.0120226349681615,0,0.1160609647631645,0,0.0010540039511397,0,0.0009096764260903
0,0.0740077719092369,0,0.2029891163110733,0,0.1470161229372024,0,0.3364013135433197
0,0.2618849575519562,0,0.4018184542655945,0,0.184399664402008,0,0.1734772026538849
0,0.0220197886228561,0,0.1456013023853302,0,0.0465285815298557,0,0.0013926948886364
0,6.434974238800351e-06,0,0.0300129130482673,0,3.3234309739782475e-06,0,7.798741535225417e-06
0,0.0016741068102419,0,0.0968120619654655,0,3.625968747655861e-05,0,0.0002272883430123
0,0.0014431221643462,0,0.0973149165511131,0,3.915809065802023e-05,0,0.0002854052581824
0,2.4405491785728373e-05,0,0.0190354716032743,0,7.577204996778164e-06,0,8.583437193010468e-06
0,0.384646475315094,0,0.3295011520385742,0,0.0012725833803415,0,0.3866767287254333
0,8.138122211676091e-05,0,0.1189496591687202,0,7.895434464444406e-06,0,4.60150113212876e-05
0,0.0011587246553972,0,0.1000065580010414,0,6.631697488046484e-06,0,0.0008137309341691
0,0.0021053324453532,0,0.107487142086029,0,1.164874902315205e-05,0,0.0001534325710963
0,0.9640214443206788,0,0.1526037901639938,0,0.0011712639825418,0,0.612891674041748
0,0.1924298852682113,0,0.0896091535687446,0,0.0057836701162159,0,0.2672479152679443
0,4.831199476029724e-05,0,0.0387897975742816,0,1.4856350389891304e-05,0,0.0001297933486057
0,0.0001775603304849,0,0.1461747139692306,0,7.5333327913540415e-06,0,0.0003283578262198
0,2.680683610378765e-05,0,0.1112085431814193,0,1.8000917407334782e-05,0,0.0004235719097778
0,0.0001941944356076,0,0.1439447104930877,0,4.962113598594442e-05,0,0.0001215498923556
0,3.994554208475165e-05,0,0.0248264614492654,0,9.192856850859243e-06,0,1.8157139493268915e-05
0,9.422873517905828e-06,0,0.0617694966495037,0,1.796593096514698e-05,0,2.328642221982591e-05
0,2.6156620151596144e-05,0,0.0730417445302009,0,7.674262451473624e-05,0,0.0007512705633416
0,5.3591964388033375e-05,0,0.0767439752817154,0,4.60570227005519e-05,0,1.4424550499825273e-05
0,4.830582838621922e-05,0,0.0715087577700614,0,0.0002049406466539,0,0.0003008491767104
0,4.853670543525368e-05,0,0.0600835122168064,0,2.565005524957087e-05,0,2.0150244381511584e-05
0,4.257501495885663e-05,0,0.063754454255104,0,2.8429039957700297e-05,0,8.521548443241045e-05
0,4.06771941925399e-05,0,0.0475237295031547,0,1.068269648385467e-05,0,1.8369501049164683e-05
0,2.889713141485117e-05,0,0.1731721609830856,0,1.0770896551548503e-05,0,1.4397572158486582e-05
0,0.0001790218084352,0,0.1482050865888595,0,3.769722388824448e-05,0,0.0001144668931374
0,9.687195415608583e-06,0,0.0101553061977028,0,6.926996320544276e-06,0,3.68214818990964e-06
0,1.2465087820601184e-05,0,0.0287939105182886,0,1.1704204553097952e-05,0,3.760050049095298e-06
0,7.829779860912822e-06,0,0.0442124679684639,0,2.714486254262738e-05,0,5.496754511113977e-06
0,8.935981895774603e-05,0,0.1103089153766632,0,7.858310709707439e-06,0,0.0002899280225392
0,5.159416832611896e-05,0,0.1344771087169647,0,1.3348178981686942e-05,0,0.0003405239258427
0,0.0001472407020628,0,0.1921277344226837,0,6.484684854513034e-05,0,0.0005247686640359
0,6.830122583778575e-05,0,0.1132212281227111,0,3.20434155582916e-05,0,0.0002192140964325
0,1.337626417807769e-05,0,0.0156640019267797,0,1.120472006732598e-05,0,6.286561983870342e-06
0,6.830688562331488e-06,0,0.0341086164116859,0,4.411088411870878e-06,0,1.450534546165727e-05
0,1.602440170245245e-05,0,0.0217704363167285,0,6.904229849169496e-06,0,7.049236955936067e-06
0,1.2058629181410652e-05,0,0.0363239273428916,0,6.70904410071671e-06,0,2.9253957109176557e-05
0,1.2430187780410051e-05,0,0.0220449157059192,0,8.415052434429526e-06,0,6.449374268413521e-06
0,6.458003099396592e-06,0,0.0329875387251377,0,4.3902596189582255e-06,0,1.565880302223377e-05
0,5.414178758655908e-06,0,0.0192673001438379,0,1.8615123735798988e-06,0,9.175051673082637e-06
0,2.2814003386884e-05,0,0.0589662194252014,0,4.8174988478422165e-06,0,6.140097866591532e-06
0,1.727204471535515e-05,0,0.0129253268241882,0,3.3825665468611987e-06,0,9.89137879514601e-06
0,1.5421286661876366e-05,0,0.0071134357713162,0,5.433612386696041e-06,0,4.858937245444395e-06
0,1.419282580172876e-05,0,0.0376385897397995,0,3.410862518649082e-06,0,7.5182970249443315e-06
0,0.0001184569991892,0,0.0134766791015863,0,2.650867372722132e-06,0,1.184243956231512e-05
0,1.3768711141892709e-05,0,0.0349200814962387,0,1.0271728569932748e-05,0,6.949991075089201e-06
0,1.0742850463429932e-05,0,0.0112151326611638,0,3.980169367423514e-06,0,8.630979209556244e-06
0,9.760277862369549e-06,0,0.0061064520850777,0,4.447292212717002e-06,0,7.093915428413311e-06
0,1.097053973353468e-05,0,0.0121387271210551,0,5.3433050197782e-06,0,9.594199582352305e-06
0,0.0011926657753065,0,0.144920215010643,0,6.143176142359152e-05,0,0.0005616454873234
0,0.00020386192773,0,0.0768922865390777,0,1.0266626304655802e-05,0,0.0001042406584019
0,4.168040322838351e-05,0,0.0999291166663169,0,1.3509951713785996e-05,0,0.0001537497882964
0,0.9475229382514954,0,0.3204998970031738,0,0.3315247595310211,0,0.9324477910995485
0,0.9943497776985168,0,0.5470385551452637,0,0.9543784856796264,0,0.9771817326545716
0,0.9903165698051452,0,0.5624733567237854,0,0.9045878052711488,0,0.9479405283927916
0,3.395891690161079e-05,0,0.0442643202841281,0,1.1104747500212396e-05,0,1.572878500155639e-05
0,0.5297346711158752,0,0.1574649512767791,0,0.2787639796733856,0,0.0051285629160702
0,0.0005209250375628,0,0.1510314643383026,0,0.003097515553236,0,0.0005190796800889
0,1.7589620256330818e-05,0,0.0334168039262294,0,5.155070084583713e-06,0,5.72706812818069e-06
0,0.0084079829975962,0,0.1448131501674652,0,0.1502991765737533,0,0.0011409264989197
0,0.0001665229938225,0,0.1882164478302002,0,0.0001346269273199,0,0.0005645859055221
0,3.835553434328176e-05,0,0.0298979915678501,0,6.839129582658643e-06,0,7.223957254609559e-06
0,0.5350027084350586,0,0.1964694112539291,0,0.0176977291703224,0,0.0023350082337856
0,0.0006930589443072,0,0.1908753663301468,0,0.0015002333093434,0,0.0062193712219595
0,0.6544685959815979,0,0.2243448197841644,0,0.2375446408987045,0,0.0225113462656736
0,0.0036108149215579,0,0.0948787182569503,0,0.0010773127432912,0,0.0027613369747996
0,1.236468870047247e-05,0,0.0131352897733449,0,4.2986616790585686e-06,0,6.594299520656932e-06
0,0.0627920404076576,0,0.1125207915902137,0,0.0150615451857447,0,0.0033686738461256
0,2.846061397576705e-05,0,0.0166357010602951,0,3.613654371292796e-06,0,4.8507749852433335e-06
0,0.0033031413331627,0,0.1056297346949577,0,0.022912610322237,0,0.0003326689475215
0,2.3092279661796056e-05,0,0.0114375110715627,0,3.226554554203176e-06,0,5.356907422537915e-06
0,9.660449904913548e-06,0,0.0057859760709106,0,2.026964102697093e-05,0,8.11978225101484e-06
0,2.3521148250438276e-05,0,0.0069010462611913,0,7.852399903640617e-06,0,8.005387826415244e-06
0,2.5828041543718427e-05,0,0.0044783181510865,0,1.0515132089494728e-05,0,9.074371519091072e-06
0,1.5181713024503551e-05,0,0.0184336807578802,0,4.206450739729917e-06,0,7.481605280190706e-06
0,0.17436283826828,0,0.2982349991798401,0,0.0004361039900686,0,0.0139162177219986
0,0.9826001524925232,0,0.318219929933548,0,0.0022446261718869,0,0.0064388741739094
0,0.3039251565933227,0,0.179620936512947,0,0.947083592414856,0,0.0051852688193321
0,0.4624122679233551,0,0.2279295772314071,0,0.0992307886481285,0,0.0042819194495677
0,0.9729523062705994,0,0.4264025092124939,0,0.0028237106744199,0,0.3576276302337646
0,0.0047675622627139,0,0.1655155271291732,0,0.116844855248928,0,0.0013665874721482
0,0.0299245975911617,0,0.2027690559625625,0,0.0005316507886163,0,0.0016781410668045
0,3.2744988857302815e-05,0,0.0345412716269493,0,1.2420400707924271e-05,0,1.0031250894826371e-05
0,0.9542104601860046,0,0.3856657445430755,0,0.3359944522380829,0,0.8021075129508972
0,0.0037726578302681,0,0.1673076897859573,0,0.0029731632675975,0,0.002234230749309
0,0.0519653968513011,0,0.2892108559608459,0,0.0009813607903197,0,0.0057360553182661
0,2.6804251319845207e-05,0,0.0252052471041679,0,1.3406198377197144e-05,0,1.123333004215965e-05
0,1.2203971891722176e-05,0,0.1540369093418121,0,3.886760168825276e-05,0,6.679864600300789e-05
0,2.9844552045688036e-05,0,0.0583388730883598,0,9.038642747327684e-05,0,0.0001421996712451
1,0.082058846950531,1,0.1961662024259567,1,0.4402913749217987,1,0.0178375989198684
1,0.7252390384674072,1,0.3102396726608276,1,0.3411919474601745,1,0.0029530241154134
1,0.7557104825973511,1,0.4138858318328857,1,0.7834961414337158,1,0.0058083832263946
1,0.7148491144180298,1,0.5884748697280884,1,0.9906778335571288,1,0.0159413460642099
1,0.1890807151794433,1,0.5275580883026123,1,0.9680885076522828,1,0.0007550255977548
1,0.9845573902130128,1,0.7859300374984741,1,0.8962708115577698,1,0.9856533408164978
1,0.6510778665542603,1,0.3581494688987732,1,0.0009685026016086,1,0.2005937546491623
1,0.8901605010032654,1,0.6401083469390869,1,0.018950942903757,1,0.2199582606554031
1,0.9190239310264589,1,0.4772432148456573,1,0.8234023451805115,1,0.9787157773971558
1,0.8820827603340149,1,0.7153762578964233,1,0.4542099833488464,1,0.2707921266555786
1,0.0031083819922059,1,0.1423507630825042,1,0.0002331729774596,1,0.0615409016609191
1,0.5979840159416199,1,0.6238210797309875,1,0.0074259932152926,1,0.9933949112892152
1,0.0090105794370174,1,0.0241362079977989,1,1.0459903023729566e-05,1,4.0532722778152674e-05
1,0.7539346814155579,1,0.2149851769208908,1,0.0064613525755703,1,0.0010583220282569
1,0.8890473246574402,1,0.5038079619407654,1,0.2386475652456283,1,0.0025584092363715
1,0.7389717102050781,1,0.5373287200927734,1,0.0388783924281597,1,0.0021128924563527
1,0.0725853964686393,1,0.293377548456192,1,0.0164736285805702,1,0.0038103393744677
1,0.086218811571598,1,0.2434009760618209,1,0.009223255328834,1,0.0016966338735073
1,0.9479729533195496,1,0.4496496021747589,1,0.9755383133888244,1,0.4386884272098541
1,0.391746312379837,1,0.1919676661491394,1,0.0030278754420578,1,0.113296240568161
1,0.0007946993573568,1,0.3300789296627044,1,0.0027337705250829,1,0.0016192480688914
1,0.6695535182952881,1,0.4326025545597076,1,0.1447799801826477,1,0.0119404168799519
1,2.4360078896279447e-05,1,0.1041429713368415,1,0.0015288739232346,1,0.0003037939604837
1,0.3429516851902008,1,0.173746183514595,1,0.0004505607357714,1,0.0050207809545099
1,0.5948970317840576,1,0.4939392507076263,1,0.2118070870637893,1,0.8714278936386108
1,0.0073980786837637,1,0.2012705951929092,1,0.6377255320549011,1,0.0011743461946025
1,0.9979822635650636,1,0.8957008123397827,1,0.9888445734977722,1,0.9994964599609376
0,0.0020469976589083,0,0.1621786803007125,0,0.0013174940831959,0,0.0009766815928742
0,0.0131981512531638,0,0.07928267121315,0,0.0006358753889799,0,0.0003863699384965
0,1.1832018572022209e-05,0,0.052463237196207,0,8.945350600697566e-06,0,7.000158802838996e-06
0,1.5838999388506636e-05,0,0.0438742525875568,0,6.32068986305967e-06,0,7.568531145807356e-06
0,1.707272713247221e-05,0,0.0478640310466289,0,1.4732854651811069e-05,0,2.65302096522646e-05
0,0.0126796141266822,0,0.2657251358032226,0,0.6733819246292114,0,0.50692218542099
0,1.1936559531022796e-05,0,0.0601613447070121,0,6.605975158890942e-06,0,6.368006143020466e-05
0,0.0760629624128341,0,0.2825028598308563,0,0.0108741959556937,0,0.7446241974830627
0,0.0032578445971012,0,0.1129584237933158,0,0.0014683532062917,0,0.0011012239847332
0,1.3694996596314011e-05,0,0.0462231189012527,0,1.208888897963334e-05,0,0.0001916135515784
0,0.0017771958373486,0,0.0710377842187881,0,6.489266979770036e-06,0,0.0006377860554493
0,0.0001862383651314,0,0.0702979415655136,0,0.0007432603742927,0,0.0002758008486125
0,0.645788311958313,0,0.2186610400676727,0,0.6017270088195801,0,0.690457284450531
0,0.0059510804712772,0,0.0782605931162834,0,6.419503188226372e-05,0,0.0003351963532622
0,0.0008028107695281,0,0.1268308907747268,0,0.2181357443332672,0,0.0001585462450748
0,0.0013738240813836,0,0.0629274919629097,0,0.0063932500779628,0,1.3386511454882566e-05
0,0.0001159690946224,0,0.0567796379327774,0,0.000152043896378,0,1.752161369950045e-05
0,2.794749161694199e-05,0,0.0444884076714515,0,7.312942034332082e-05,0,1.0674213626771234e-05
0,3.691485471790656e-05,0,0.043433342128992,0,7.585584535263479e-05,0,1.2352867088338826e-05
0,0.0001685742900008,0,0.1083244681358337,0,0.0011302813654765,0,2.0305029465816915e-05
0,0.0156452432274818,0,0.1961670219898224,0,0.0295254196971654,0,0.0039209160022437
0,0.0242192316800355,0,0.1596038937568664,0,0.0328688770532608,0,0.086476057767868
0,0.3691105842590332,0,0.4778962135314941,0,0.0112759945914149,0,0.4968374669551849
0,3.214110620319843e-05,0,0.0174587871879339,0,9.153874998446554e-06,0,8.32041769172065e-06
0,0.0055616800673305,0,0.1899103373289108,0,0.0006764063728041,0,0.112243466079235
0,0.0013544072862714,0,0.1343262493610382,0,0.0016027189558371,0,0.633455216884613
0,0.0009731362224556,0,0.0874145328998565,0,0.0020657000131905,0,0.0005423795664682
0,0.9445202946662904,0,0.4493979513645172,0,0.0433456674218177,0,0.825181782245636
0,0.3522284030914306,0,0.773530125617981,0,0.0035588580649346,0,0.0885618403553962
0,0.0001109911245293,0,0.0614761039614677,0,2.9466975320247e-05,0,2.4113231120281853e-05
0,0.0131743736565113,0,0.0463777221739292,0,1.2231480468472e-05,0,0.0003383758303243
0,4.133804031880573e-05,0,0.1101313382387161,0,3.095904321526177e-05,0,0.0003291708708275
0,0.0004049340204801,0,0.0922973603010177,0,0.0005243441555649,0,0.0006050913361832
0,0.0019259727559983,0,0.1288439929485321,0,0.0021515898406505,0,0.0030499133281409
0,1.480108403484337e-05,0,0.0175798796117305,0,9.51760375755839e-06,0,7.72923795011593e-06
0,0.0001047801124514,0,0.0393375642597675,0,8.041477849474177e-05,0,5.081975541543216e-05
0,1.2389807125146037e-05,0,0.0284537896513938,0,1.3781979760096874e-05,0,7.973044375830796e-06
0,1.3616715477837715e-05,0,0.0132936863228678,0,0.0001519291254226,0,1.945382427948061e-05
0,0.0002124270686181,0,0.0639412552118301,0,8.108770089165773e-06,0,0.0001232333597727
0,9.635010428610258e-06,0,0.0209684856235981,0,9.157629392575473e-06,0,8.064888788794633e-06
0,4.243982402840629e-05,0,0.1202395856380462,0,8.259298738266807e-06,0,5.169651558389887e-05
0,3.6860750697087497e-05,0,0.0640408173203468,0,4.824004008696647e-06,0,8.348218398168683e-05
0,0.0003166306414641,0,0.0557453706860542,0,1.060817976394901e-05,0,4.576530045596883e-05
0,1.2318174412939698e-05,0,0.0187229327857494,0,7.584333161503309e-06,0,6.831405244156485e-06
0,4.634433480532607e-06,0,0.0146061684936285,0,4.560974048217759e-06,0,6.361988198477775e-06
0,2.6274474294041283e-05,0,0.0579732470214366,0,4.456029273569584e-06,0,4.7032113798195496e-05
0,0.0011554532684385,0,0.0896006748080253,0,3.947950608562678e-05,0,0.0002518760156817
0,0.2420787811279297,0,0.3724761307239532,0,0.8864260911941528,0,0.0781726092100143
0,0.0100788855925202,0,0.0693749114871025,0,1.3754052815784236e-05,0,2.380187470407691e-05
0,8.818830247037113e-05,0,0.0590139403939247,0,0.0002281766210217,0,1.3180571841076016e-05
0,0.8693379759788513,0,0.1370460242033004,0,0.0099315233528614,0,0.0989427343010902
0,7.710523277637549e-06,0,0.0618953891098499,0,6.743850917700911e-06,0,3.034755354747176e-05
0,1.659590270719491e-05,0,0.0552492178976535,0,2.3033315301290717e-05,0,1.310691823164234e-05
0,1.3622469850815833e-05,0,0.0486728623509407,0,2.3899017833173275e-05,0,1.7863936591311358e-05
0,3.861633376800455e-05,0,0.1127187609672546,0,3.392570579308085e-05,0,0.0003585673694033
0,3.4308315662201494e-05,0,0.0959163084626197,0,9.695459084468894e-06,0,0.0002559834683779
0,3.9466103771701455e-05,0,0.1354087144136428,0,1.9346738554304466e-05,0,0.0002805277181323
0,1.3617312106362078e-05,0,0.0341178961098194,0,2.0882327589788478e-05,0,1.32740815388388e-05
0,1.2217747098475227e-05,0,0.027438735589385,0,1.2821456948586274e-05,0,1.427561801392585e-05
0,1.0224728612229228e-05,0,0.0142408944666385,0,2.4734385988267604e-06,0,5.996187155687949e-06
0,6.024058893672191e-05,0,0.0326308123767375,0,5.728751148126321e-06,0,1.1358126357663425e-05
0,1.6997411876218393e-05,0,0.0124336117878556,0,4.9868117457663175e-06,0,5.012817382521462e-06
0,0.0031498291064053,0,0.063442587852478,0,0.0002443105913698,0,0.0005990935023874
0,4.407425512908958e-05,0,0.0327511839568614,0,5.764048637502128e-06,0,0.0001083486640709
0,1.2420257917256096e-05,0,0.0192588120698928,0,6.3831616898824e-06,0,9.85829592536902e-06
0,2.571743789303582e-05,0,0.027194382622838,0,4.529910256678704e-06,0,7.140633442759281e-06
0,0.0020096420776098,0,0.087665170431137,0,3.411595389479771e-05,0,0.0003550137917045
0,7.009419641690329e-05,0,0.0835183411836624,0,1.0827530786627904e-05,0,9.552995834383182e-06
0,0.0130314705893397,0,0.0796137154102325,0,8.713961142348126e-05,0,0.0027221280615776
0,4.205122240819037e-05,0,0.0737406983971595,0,1.4638027096225414e-05,0,9.16620047064498e-06
0,0.520080029964447,0,0.2638148367404938,0,0.0001537376228952,0,0.0314924046397209
0,3.706739153130911e-05,0,0.0801323279738426,0,5.371389761421597e-06,0,1.623800017114263e-05
0,0.0030010226182639,0,0.077579990029335,0,3.307676161057316e-05,0,0.0006526752840727
0,0.4565586745738983,0,0.108575239777565,0,0.1197862103581428,0,0.9816854000091552
0,0.0272519327700138,0,0.1897974014282226,0,0.0009274265030398,0,0.0443874485790729
0,3.491703682811931e-05,0,0.0382152013480663,0,0.0002255961007904,0,3.34849682985805e-05
0,0.8177120685577393,0,0.2796319723129272,0,0.0228245668113231,0,0.0034727146849036
0,0.2541202306747436,0,0.178810179233551,0,0.949816346168518,0,0.036699216812849
0,0.0911998301744461,0,0.2387913912534713,0,0.3494765758514404,0,0.0130949262529611
0,0.03289794921875,0,0.2057866156101226,0,0.0116039225831627,0,0.4201337099075317
0,0.0381570719182491,0,0.2928376495838165,0,1.2305963537073694e-05,0,5.100191265228205e-05
0,0.0008917434024624,0,0.1012873351573944,0,1.0193408343184274e-05,0,0.0005618727882392
0,0.0012641376815736,0,0.0698560923337936,0,8.055389116634615e-06,0,8.03614966571331e-05
0,0.0005803148378618,0,0.0991498157382011,0,5.439176311483607e-05,0,0.0001416815648553
0,0.0002212406106991,0,0.1775575578212738,0,3.5931509046349674e-05,0,0.0001201851846417
0,0.0002209286321885,0,0.0837683230638504,0,0.0617849305272102,0,6.569152174051851e-05
0,1.805510873964522e-05,0,0.052882045507431,0,5.243885607342236e-05,0,3.289939559181221e-05
0,0.0007934042951092,0,0.0988949835300445,0,0.0001620946422917,0,0.0004344565095379
0,0.0001903762895381,0,0.1569809913635254,0,4.4341792090563104e-05,0,0.0166609231382608
0,3.843271770165302e-05,0,0.0366641953587532,0,5.923872322455281e-06,0,7.591532630613074e-05
0,1.1436808563303202e-05,0,0.0256914421916008,0,5.139454970048973e-06,0,1.4379705135070251e-05
0,0.0002565615868661,0,0.0939150750637054,0,5.749538104282692e-06,0,5.535298987524584e-05
0,0.0016139900544658,0,0.1079009026288986,0,3.713661499205045e-06,0,4.99227644468192e-05
0,0.0030447100289165,0,0.0652322545647621,0,6.596999446628615e-05,0,0.0177195500582456
0,2.594569741631858e-05,0,0.0156606715172529,0,7.018334144959226e-06,0,1.5464689568034373e-05
0,0.0052364193834364,0,0.0798198655247688,0,6.951355317141861e-05,0,0.0002189145889133
0,0.0024582913611084,0,0.2441464066505432,0,0.0001696168328635,0,0.9996139407157898
0,2.8889611712656915e-05,0,0.0667393431067466,0,2.609473540360341e-06,0,1.4747544810234103e-05
0,8.704067113285419e-06,0,0.0392684042453765,0,4.559495209832676e-06,0,2.319508530490566e-05
0,6.996237789280713e-05,0,0.2399163991212844,0,1.5612293282174505e-05,0,0.0001052241714205
0,3.695899431477301e-05,0,0.0655187740921974,0,2.650085116329137e-05,0,0.0004609240859281
0,1.325848188571399e-05,0,0.0054220706224441,0,5.1331016948097385e-06,0,1.708028321445454e-05
0,0.0006069694063626,0,0.0862374231219291,0,1.6697138562449254e-05,0,0.0004001517372671
0,2.0787943867617287e-05,0,0.1711122095584869,0,1.9237179003539492e-05,0,0.0002877599326893
0,0.0001857260504039,0,0.0338289439678192,0,2.468965976731852e-05,0,0.0007278027478605
0,2.0705640054075047e-05,0,0.2370041906833648,0,6.925212346686749e-06,0,0.0003373767540324
0,9.749899618327618e-05,0,0.0401835329830646,0,1.007205810310552e-05,0,0.0001760555314831
0,4.167599036009051e-05,0,0.2509315907955169,0,2.7156151190865785e-05,0,0.0007896496681496
0,9.953582775779068e-05,0,0.0300951451063156,0,1.1741891285055315e-05,0,0.0005880842218175
0,0.1714038401842117,0,0.3619647026062011,0,0.0012592048151418,0,0.0009906163904815
0,0.0003309809253551,0,0.4577489197254181,0,3.8614052755292505e-05,0,1.6604877600912005e-05
0,9.147853234026115e-06,0,0.0058973468840122,0,6.53993174637435e-06,0,5.912183951295447e-06
0,1.6707825125195086e-05,0,0.0052110361866652,0,8.756460374570452e-06,0,8.605911716585979e-06
0,9.31710201257374e-06,0,0.0087512973695993,0,5.134468210599152e-06,0,5.084067197458353e-06
0,6.084831693442538e-05,0,0.0103157991543412,0,1.1684664968925064e-05,0,1.732703276502434e-05
0,3.001348886755295e-05,0,0.0167773067951202,0,2.4227514586527832e-05,0,2.981732723128516e-05
0,1.7249460142920725e-05,0,0.0771757289767265,0,1.0680882951419337e-05,0,4.072536830790341e-05
0,1.4377691513800528e-05,0,0.0075219781138002,0,9.082830729312263e-06,0,5.811322807858232e-06
0,4.107021231902763e-05,0,0.0611317344009876,0,5.438755124487216e-06,0,0.0002454474160913
0,0.0003126986848656,0,0.0588518157601356,0,3.963794370065443e-05,0,0.0001164279383374
0,0.000132376444526,0,0.0703089907765388,0,5.467837581818458e-06,0,1.2101081665605308e-05
0,0.0006115931901149,0,0.0476324409246444,0,1.1106525562354364e-05,0,4.547131175058894e-05
0,2.7471693101688288e-05,0,0.043918490409851,0,5.914890152780572e-06,0,9.383014003105927e-06
0,1.2730564776575193e-05,0,0.0090332720428705,0,4.897602138953516e-06,0,6.048099749023095e-06
0,0.0095899989828467,0,0.0871229171752929,0,0.0021156794391572,0,0.0278516449034214
0,0.0015181010821834,0,0.0800597518682479,0,1.4019237823958974e-05,0,3.970172838307917e-05
0,0.0349321439862251,0,0.0973359420895576,0,0.0007989865262061,0,0.0001072956292773
0,1.4176213881000876e-05,0,0.0157926231622695,0,2.000503445742652e-05,0,6.890488293720409e-06
0,0.0024870762135833,0,0.0828059986233711,0,3.745170033653267e-05,0,0.0004541052621789
0,0.0016503933584317,0,0.0707719698548317,0,1.8708164134295657e-05,0,0.000429032545071
0,0.0279492437839508,0,0.0916879251599311,0,0.0002835993072949,0,0.0001378439192194
0,0.0080214282497763,0,0.0852490365505218,0,0.0007446861709468,0,0.0873064696788787
0,0.0071810688823461,0,0.1446985453367233,0,0.0004841699264943,0,0.0002807123237289
0,2.1295198166626506e-05,0,0.0662098228931427,0,3.7221354887151392e-06,0,6.19394040768384e-06
0,0.7448109984397888,0,0.528648316860199,0,0.078919269144535,0,0.0004150183522142
0,0.0657910034060478,0,0.2184982001781463,0,0.0183657743036746,0,0.0002137213887181
0,0.0374691560864448,0,0.1896835565567016,0,0.0038643048610538,0,0.0002053804055321
0,0.0565317422151565,0,0.224339947104454,0,0.0008481894037686,0,0.0002796835615299
0,0.0873306989669799,0,0.2139402031898498,0,0.0007760071312077,0,0.0030801540706306
0,0.4995305836200714,0,0.1251319497823715,0,0.0001294022367801,0,0.0001691436336841
0,6.058209328330122e-05,0,0.0683562979102134,0,9.741471149027348e-05,0,4.129997614654712e-05
0,0.0002726891252677,0,0.2264361083507537,0,7.480498607037589e-05,0,0.0002235431311419
0,0.5192190408706665,0,0.0779768303036689,0,1.2632412108359858e-05,0,0.000509250385221
0,1.2849145605287047e-05,0,0.049099963158369,0,1.0547813872108236e-05,0,1.239192260982236e-05
0,0.0029006812255829,0,0.1637595742940902,0,9.103006595978512e-05,0,0.0002595823316369
0,0.0067770453169941,0,0.0647384598851203,0,5.71464333916083e-05,0,0.0001082129820133
0,0.001634381711483,0,0.0340382754802703,0,2.2136306142783724e-05,0,6.211378058651462e-05
0,0.9925116300582886,0,0.7620313763618469,0,0.3880348205566406,0,0.9396839141845704
0,0.7634759545326233,0,0.426228791475296,0,0.9051732420921326,0,0.99917870759964
0,0.6820381283760071,0,0.3431377708911896,0,0.0070098936557769,0,0.5476206541061401
0,0.0046260762028396,0,0.0749115496873855,0,1.829376924433745e-05,0,0.0022621212992817
0,0.0050120698288083,0,0.1036261767148971,0,2.3477048671338707e-05,0,0.0005169816431589
0,0.000461027782876,0,0.0402382351458072,0,0.0004335880803409,0,0.0001300956937484
0,2.7470434361021034e-05,0,0.0341991260647773,0,5.197429345571436e-06,0,2.220019268861506e-05
0,1.960249210242182e-05,0,0.0341559424996376,0,3.3680144042591564e-06,0,1.2659173080464823e-05
0,2.4709752324270085e-05,0,0.0373606421053409,0,6.957988262001891e-06,0,1.185941346193431e-05
0,0.000221002366743,0,0.0640447884798049,0,6.495786692539696e-06,0,0.0001466580724809
0,0.0078153675422072,0,0.1120871156454086,0,0.0130316596478223,0,0.0036609922535717
0,0.0001405390648869,0,0.1638078093528747,0,2.0352235878817737e-05,0,0.0006244786200113
0,9.079373558051884e-05,0,0.1089995354413986,0,5.966094249743037e-05,0,0.0001449841220164
0,6.0930186009500176e-05,0,0.0593996047973632,0,2.2630679268331733e-06,0,9.688396858109629e-06
0,0.0001367519143968,0,0.159983217716217,0,0.000139430645504,0,0.000621446466539
0,0.0081500830128788,0,0.1341878175735473,0,0.0010082474909722,0,0.0030348806176334
0,0.0001655239175306,0,0.1083188280463218,0,8.523344877175987e-05,0,0.0002809340076055
0,5.4441738029709086e-05,0,0.0552436411380767,0,8.358653576578945e-05,0,0.0001812519330997
0,2.011923425015993e-05,0,0.054408136755228,0,2.6034879283542978e-06,0,6.821600891271373e-06
0,0.0015282845124602,0,0.0819922462105751,0,0.0364994928240776,0,0.0026278044097125
0,9.703135583549738e-05,0,0.1072964519262313,0,6.812591891502962e-05,0,0.0002812483580783
0,0.0537310950458049,0,0.2670324146747589,0,0.0043219169601798,0,0.0016609812155365
0,4.904600427835248e-05,0,0.0846766903996467,0,1.2692210475506728e-05,0,0.000170029248693
0,1.2129145034123212e-05,0,0.1398136019706726,0,3.3936059480765834e-05,0,0.0003920657327398
0,1.1668184924928935e-05,0,0.0180721022188663,0,3.196076249878388e-06,0,7.108326826710254e-06
0,1.996712489926722e-05,0,0.0684697031974792,0,7.678309884795453e-06,0,0.0001290664222324
0,0.3400237262248993,0,0.2875733375549316,0,0.0043393727391958,0,0.0028084274381399
0,0.0002468475431669,0,0.1050155535340309,0,2.2374009859049693e-05,0,0.003820487530902
0,0.0865319594740867,0,0.1054733842611312,0,1.4807056686549911e-05,0,0.0002023126289714
0,1.3927930012869185e-05,0,0.0280232951045036,0,5.962276645732345e-06,0,1.58108687173808e-05
0,3.2565272704232484e-05,0,0.0256573054939508,0,5.161233730177628e-06,0,1.558856456540525e-05
0,0.0430101528763771,0,0.1613481491804123,0,0.0014722833875566,0,0.0078557403758168
0,0.009159498848021,0,0.1119958907365799,0,3.348452446516603e-05,0,0.0010083570377901
0,0.6891248822212219,0,0.3825858831405639,0,0.9915800094604492,0,0.6987720727920532
0,0.9022243618965148,0,0.566230297088623,0,0.0596997402608394,0,0.1497045308351516
0,4.5351742301136255e-05,0,0.0623217411339283,0,9.619080083211884e-05,0,6.125135405454785e-05
0,3.9402697439072654e-05,0,0.1058371141552925,0,9.69116899796063e-06,0,0.0001210414338856
0,1.64755510922987e-05,0,0.0110510708764195,0,1.590993815625552e-05,0,5.387596502259839e-06
0,0.0014857152709737,0,0.1394714564085006,0,8.650533709442243e-05,0,0.0043830606155097
0,1.8566224753158167e-05,0,0.0405865386128425,0,3.261111123720184e-05,0,5.3064297389937565e-05
0,1.3045838386460671e-05,0,0.0171575360000133,0,1.0379900231782813e-05,0,8.305957635457162e-06
0,0.0001116290295612,0,0.0995750799775123,0,6.895234946568962e-06,0,0.0001391554396832
0,0.0004069094720762,0,0.1466632038354873,0,1.5192097635008396e-05,0,0.001134235993959
0,9.368781320517884e-05,0,0.1269839107990265,0,9.715738087834325e-06,0,0.0002361907390877
0,0.0001253573573194,0,0.0761706531047821,0,0.0001867622340796,0,0.0002340411738259
0,8.92260140972212e-06,0,0.0158686824142932,0,3.777528036152944e-06,0,7.229546554299304e-06
0,0.0003614926536101,0,0.115404762327671,0,2.312705328222364e-05,0,0.000902705010958
0,0.000113441121357,0,0.02869682200253,0,1.549606167827733e-05,0,2.85381538560614e-05
0,0.0103905005380511,0,0.0257073752582073,0,4.0858867578208447e-05,0,0.0001813535782275
0,0.0002728397084865,0,0.0376424007117748,0,1.5665897080907598e-05,0,6.738778029102832e-05
0,0.0011743523646146,0,0.0883565917611122,0,0.0001687370386207,0,0.000201964736334
0,2.760049574135337e-05,0,0.0794328078627586,0,4.015288868686184e-05,0,0.0005737842293456
0,1.99569585674908e-05,0,0.0693175941705703,0,1.5578712918795645e-05,0,0.0003046405909117
0,0.0005044741556048,0,0.0645706951618194,0,5.279488050291548e-06,0,3.6618966987589374e-05
0,0.0001518225326435,0,0.1332151591777801,0,5.811221490148455e-05,0,0.0001429086842108
0,2.4028069674386643e-05,0,0.0625960975885391,0,6.860569101263536e-06,0,1.430418069503503e-05
0,0.0124838259071111,0,0.1284788846969604,0,0.0002514024090487,0,0.0072458209469914
0,0.0015206865500658,0,0.0986191853880882,0,0.0001571506873006,0,0.000297113409033
0,0.0592946708202362,0,0.1867116093635559,0,0.0001453684089938,0,0.0021096053533256
0,2.1536088752327487e-05,0,0.0971118435263633,0,1.0354668120271526e-05,0,2.0318879251135517e-05
0,0.0818968191742897,0,0.1410125494003296,0,0.0006040048901923,0,0.0099696852266788
0,4.9895352276507765e-05,0,0.1010239422321319,0,7.712668593740091e-05,0,9.071523527381942e-05
0,2.76855134870857e-05,0,0.091441586613655,0,2.7654112273012288e-05,0,4.918717604596168e-05
0,7.122033366613323e-06,0,0.0035691505763679,0,6.937561011000071e-06,0,5.273504484648584e-06
0,0.7434773445129395,0,0.1861572116613388,0,0.0044597974047064,0,0.0009072708780877
0,7.396238652290776e-05,0,0.0562236532568931,0,8.676121979078744e-06,0,9.34622366912663e-05
0,1.227752636623336e-05,0,0.0027643628418445,0,5.393163519329391e-06,0,4.872538283962058e-06
0,0.095608577132225,0,0.1657390594482422,0,0.0006672273739241,0,0.0010098634520545
0,2.7036563551519063e-05,0,0.0635047480463981,0,9.034865797730164e-06,0,5.799125210614875e-05
0,0.0973262414336204,0,0.1487458944320678,0,0.001598687027581,0,0.018994441255927
0,5.773725933977403e-05,0,0.0925138592720031,0,9.14155680220574e-06,0,0.0001277406554436
0,0.000268487696303,0,0.1076231300830841,0,2.440380512780393e-06,0,7.198227831395343e-05
0,5.66964408790227e-05,0,0.0757301822304725,0,6.610507170989877e-06,0,9.703329851618037e-05
0,1.926150252984371e-05,0,0.050903670489788,0,8.552958206564654e-06,0,7.632632332388312e-05
0,7.690313213970512e-05,0,0.0813342705368995,0,1.921316288644448e-05,0,0.0003904499462805
0,0.0007839795434847,0,0.0813845247030258,0,0.0429194383323192,0,0.0355235300958156
0,2.714356742217205e-05,0,0.1565054059028625,0,6.65805782773532e-05,0,3.6053770600119606e-05
0,1.3858924830856267e-05,0,0.0515333712100982,0,1.1450942110968754e-05,0,9.231169315171428e-06
0,0.0001053829255397,0,0.0814833864569664,0,3.255524279666133e-05,0,1.4690331227029674e-05
0,9.034832146426195e-06,0,0.0618649423122406,0,8.255613465735223e-06,0,4.624781649908982e-05
0,2.2945991076994687e-05,0,0.0786630287766456,0,5.138989308761666e-06,0,0.0002507199824322
0,0.0009283304680138,0,0.0928439646959304,0,3.408369593671523e-05,0,0.0001681105641182
0,7.431337508023715e-06,0,0.0319669209420681,0,8.383140084333718e-06,0,6.210146693774732e-06
0,7.526454282924533e-06,0,0.0053992355242371,0,1.7950911569641903e-05,0,5.604093075817218e-06
0,0.0002961501595564,0,0.0825975760817527,0,0.0006001372821629,0,0.0006786433514207
0,6.026041228324175e-05,0,0.0635408982634544,0,2.274928192491643e-05,0,2.9481567253242247e-05
0,4.496463952818885e-05,0,0.0470306128263473,0,8.30058070278028e-06,0,1.6516280084033497e-05
0,0.1130520403385162,0,0.2130526006221771,0,0.0022319124545902,0,0.0004470044805202
0,4.2980424041161314e-05,0,0.0135711785405874,0,5.9976459851895925e-06,0,1.5272677046596073e-05
0,6.114438292570412e-05,0,0.0228212606161832,0,1.8104834452969957e-05,0,1.802147744456306e-05
0,0.8639000654220581,0,0.2080834954977035,0,0.0786618366837501,0,0.0022493610158562
0,5.611198139376938e-05,0,0.1359439045190811,0,0.0002556551771704,0,0.0001949686702573
0,8.866142889019102e-05,0,0.0990262031555175,0,1.4013838153914548e-05,0,0.0002913617063313
0,6.133061106083915e-05,0,0.1187734305858612,0,0.0002354970638407,0,0.0006509722443297
0,1.2493757822085172e-05,0,0.02161087654531,0,5.887651695957175e-06,0,1.9145616533933207e-05
0,0.2128171771764755,0,0.2272785902023315,0,0.0031864144839346,0,0.0010779142612591
0,1.3775198567600457e-05,0,0.0529507286846637,0,2.4214185032178648e-05,0,0.0003641648800112
0,0.0193941667675972,0,0.0911931619048118,0,0.0151205426082015,0,0.0022240746766328
0,1.1009013178409076e-05,0,0.049689844250679,0,1.2714791409962343e-05,0,1.91798808373278e-05
0,5.238423545961268e-05,0,0.0721594095230102,0,0.000688623462338,0,0.0001995695929508
1,0.1131185814738273,1,0.1447508931159973,1,0.0006455889088101,1,0.0004651057824958
1,0.4600523710250854,1,0.1840334087610244,1,0.0053634941577911,1,0.0073719322681427
1,0.2197220027446746,1,0.449964165687561,1,0.0052067791111767,1,0.017557905986905
1,0.9968510270118712,1,0.904985249042511,1,0.9693989157676696,1,0.988281548023224
1,0.9955848455429076,1,0.7382702231407166,1,0.9859121441841124,1,0.9945122003555298
1,0.0001653404906392,1,0.0290662944316864,1,1.281681306863902e-05,1,6.798026333854068e-06
1,4.191469997749664e-05,1,0.026934316381812,1,5.628040071314899e-06,1,7.489628842449747e-06
1,0.1252550035715103,1,0.100633405148983,1,0.0002705970255192,1,1.470274855819298e-05
1,0.2795335650444031,1,0.1180462762713432,1,0.0031105931848287,1,0.000428142317105
1,0.0057317982427775,1,0.2401862889528274,1,3.1933352147461846e-05,1,0.0012195899616926
1,0.0464596971869468,1,0.4009879231452942,1,0.5362176299095154,1,0.0963528156280517
1,0.2919744551181793,1,0.2063054293394088,1,0.0011744843795895,1,0.3563435971736908
1,0.9710350632667542,1,0.5963844060897827,1,0.998029887676239,1,0.889614999294281
1,0.1307308971881866,1,0.5799052715301514,1,0.9343402981758118,1,0.3414417207241058
1,0.9952991008758544,1,0.8152233362197876,1,0.986406147480011,1,0.9948386549949646
1,0.9939740300178528,1,0.8888609409332275,1,0.9912564754486084,1,0.9969074130058287
1,0.9922756552696228,1,0.558282732963562,1,0.9308093190193176,1,0.956659197807312
1,0.991450846195221,1,0.3982218205928802,1,0.9523133039474488,1,0.93417888879776
1,0.0068457908928394,1,0.083993561565876,1,9.894021786749364e-05,1,0.001287119812332
1,0.2855907082557678,1,0.2321419715881347,1,0.0536681078374385,1,0.0048966682516038
1,0.1641790568828582,1,0.1443415880203247,1,9.848453919403256e-05,1,0.0014472164912149
0,0.0002257482119603,0,0.1007162034511566,0,2.8833870601374656e-05,0,0.0001670001802267
0,1.0406195542600472e-05,0,0.0536102019250392,0,3.814576757577015e-06,0,1.4618010027334094e-05
0,0.0007759269210509,0,0.1088763326406478,0,0.0002185152407037,0,0.0206044614315032
0,0.0006669275462627,0,0.0990224108099937,0,0.0001151586984633,0,0.0011356106260791
0,1.6213194612646475e-05,0,0.0658056139945983,0,1.9177283320459537e-05,0,0.0001169252500403
0,0.0001952968887053,0,0.0849189162254333,0,3.75604713553912e-06,0,6.138374737929553e-05
0,2.2120690118754283e-05,0,0.0152507470920681,0,9.793405297386926e-06,0,1.056013297784375e-05
0,1.2329575838521125e-05,0,0.025401908904314,0,6.013062829879345e-06,0,1.0552562343946192e-05
0,2.929848596977536e-05,0,0.045863676816225,0,1.2611035344889387e-05,0,4.294924292480573e-05
0,0.0001417246676282,0,0.1472958922386169,0,0.003559828735888,0,0.0001530757144792
0,0.0122164553031325,0,0.1514913886785507,0,0.0306046064943075,0,0.0041788355447351
0,0.1439139693975448,0,0.1433777809143066,0,0.8183494210243225,0,0.0047861593775451
0,0.0119860200211405,0,0.0744483098387718,0,0.0001665198069531,0,7.929252024041489e-05
0,0.0545695461332798,0,0.0589860677719116,0,1.3504566595656796e-05,0,0.0003097697335761
0,0.9755755066871644,0,0.3933666944503784,0,0.9318292140960692,0,0.9979928731918336
0,0.9829198122024536,0,0.4083573818206787,0,0.2069901376962661,0,0.9946200847625732
0,0.2839144468307495,0,0.4583697319030761,0,0.0155733730643987,0,0.0418878570199012
0,0.6214622259140015,0,0.1434845179319381,0,0.0526698417961597,0,0.0060181566514074
0,0.0030293222516775,0,0.1721768975257873,0,0.0001394134887959,0,0.3397852778434753
0,0.0006854847888462,0,0.2537578046321869,0,0.000106991676148,0,0.0007481648935936
0,0.0037478804588317,0,0.0747670754790306,0,3.979144457844086e-05,0,0.0005750968703068
0,6.445747203542851e-06,0,0.0202127378433942,0,1.5377056115539744e-05,0,1.271907240152359e-05
0,2.149392275896389e-05,0,0.0448921248316764,0,1.2103031622245908e-05,0,0.0007458121399395
0,0.0001049881393555,0,0.1817734092473983,0,1.7441076124669053e-05,0,0.0005675750435329
0,0.0009751790203154,0,0.0890346094965934,0,0.0014796399045735,0,0.0003491597308311
0,8.190619155357126e-06,0,0.0173713508993387,0,7.690020538575482e-06,0,9.748955562827176e-06
0,2.400798075541388e-05,0,0.0576241090893745,0,1.2544546734716278e-05,0,4.237050961819477e-05
0,0.0001545707636978,0,0.0555965416133403,0,7.927651495265309e-06,0,0.0001701495930319
0,5.015371789340861e-05,0,0.0451787896454334,0,8.210185114876367e-06,0,2.3663724277867004e-05
0,0.0044606928713619,0,0.0936596691608429,0,0.0002820679510477,0,0.0011068074963986
0,4.414770592120476e-05,0,0.0250077079981565,0,1.7032607502187602e-05,0,2.390309782640543e-05
0,0.0043703773990273,0,0.1218934804201126,0,0.0004683073493652,0,0.0004583777626976
0,0.0001859697076724,0,0.0478181168437004,0,5.558197244681651e-06,0,1.276147577300435e-05
0,0.2776868343353271,0,0.5068126320838928,0,0.2267301231622696,0,0.0307882893830537
0,0.7195798754692078,0,0.5616289973258972,0,0.9074522256851196,0,0.478087306022644
0,2.2797539713792503e-05,0,0.2013721913099289,0,0.0022309334017336,0,0.0002531807404011
0,6.764705904060975e-05,0,0.1092715114355087,0,0.0009643427329137,0,0.0001064792159013
0,6.635821773670614e-05,0,0.0162303801625967,0,9.38329230848467e-06,0,7.389521215372952e-06
0,1.4871206985844763e-05,0,0.0133571960031986,0,9.57012889557518e-06,0,6.295694220170844e-06
0,5.829816291225143e-05,0,0.0273440536111593,0,6.801502422604244e-06,0,6.576952728210017e-06
0,0.0016395740676671,0,0.091141290962696,0,0.0093411402776837,0,0.0011220873566344
0,2.362309351156e-05,0,0.0183454491198062,0,5.681952643499244e-06,0,8.482782504870556e-06
0,5.938333197264001e-05,0,0.0417881570756435,0,5.922669060964836e-06,0,8.01509668235667e-06
0,1.0236582966172136e-05,0,0.0063747148960828,0,5.888663054065546e-06,0,4.689979050453985e-06
0,6.502258474938571e-05,0,0.0349274314939975,0,2.0004403268103488e-05,0,6.846621545264497e-06
0,4.8362198867835104e-05,0,0.0306131448596715,0,2.5918594474205747e-05,0,4.387251465232112e-05
0,4.561285095405765e-05,0,0.018840717151761,0,9.804459295992274e-06,0,9.441097972739954e-06
0,0.0035467073321342,0,0.0943009853363037,0,0.0009640358621254,0,0.0752990394830703
0,9.845593012869358e-06,0,0.0524821691215038,0,5.760163276136154e-06,0,1.3126419617037756e-05
0,0.000465813500341,0,0.0947488620877265,0,2.749627856246661e-05,0,0.3429362773895263
0,2.0278072042856365e-05,0,0.0414349138736724,0,1.0679150364012456e-05,0,1.1001163329638077e-05
0,0.0057188319042325,0,0.0903198942542076,0,0.0038420180790126,0,0.0160738080739974
0,0.1425704509019851,0,0.2056039869785308,0,0.0359959453344345,0,0.0253254678100347
0,0.1900054812431335,0,0.404040664434433,0,0.0449093244969844,0,0.0152927404269576
0,3.62318278348539e-05,0,0.1085230782628059,0,3.383697912795469e-05,0,0.0001845074439188
0,0.0087496386840939,0,0.212615355849266,0,0.0008849106379784,0,0.0001358174195047
0,0.1173407286405563,0,0.3942976593971252,0,0.0007500487263314,0,0.0321596711874008
0,0.1083642989397049,0,0.2036622762680053,0,0.0123053817078471,0,0.0029863421805202
0,1.0669694347598124e-05,0,0.0162240397185087,0,9.24622690945398e-06,0,8.534804692317266e-06
0,1.0373833902121987e-05,0,0.0404835864901542,0,1.765770502970554e-05,0,9.287905413657429e-06
0,2.901141851907596e-05,0,0.0571882277727127,0,6.542184110003291e-06,0,2.247580414405093e-05
0,2.892304655688349e-05,0,0.0807210952043533,0,7.768996511003934e-06,0,1.3237067832960747e-05
0,2.8345713872113265e-05,0,0.036395538598299,0,1.025489382300293e-05,0,1.2588780009537004e-05
0,3.203898813808337e-05,0,0.0286414343863725,0,1.3685348676517606e-05,0,1.2280372175155208e-05
0,0.0010915456805378,0,0.0618807934224605,0,1.316572252108017e-05,0,0.0005230066599324
0,0.0002360802027396,0,0.0741326734423637,0,2.7643513021757823e-05,0,0.0011934777721762
0,0.9537928104400636,0,0.2424298226833343,0,0.4236014485359192,0,0.9555447697639464
0,2.473382483003661e-05,0,0.1873628497123718,0,3.61061429430265e-05,0,0.0001495710312156
0,7.383335469057783e-05,0,0.1427977532148361,0,3.966267468058504e-05,0,0.0004416857846081
0,9.876667900243774e-05,0,0.1232487559318542,0,5.759537816629745e-05,0,0.0002392539900029
0,0.0083519658073782,0,0.1278906911611557,0,0.0001011671774904,0,0.0051557230763137
0,0.0006259498186409,0,0.1314754486083984,0,0.0006432324298657,0,0.0016811216482892
0,0.0099065629765391,0,0.1403487622737884,0,0.0091739986091852,0,0.0016868558013811
0,7.267088221851736e-05,0,0.0437436886131763,0,1.6361032976419665e-05,0,3.5672746889758855e-05
0,0.5887505412101746,0,0.4516408443450928,0,0.4226958155632019,0,0.1082303300499916
0,0.0002072468196274,0,0.1487450003623962,0,0.0004374707932583,0,0.0008635896956548
0,0.7635768055915833,0,0.3491766154766083,0,0.5186671614646912,0,0.0084326546639204
0,0.7733673453330994,0,0.2285915613174438,0,0.812240719795227,0,0.0088339056819677
0,0.0125596784055233,0,0.2587942779064178,0,0.1365216672420501,0,0.0010456243762746
0,9.844631858868524e-05,0,0.1241354346275329,0,0.005275810137391,0,0.0006783684948459
0,0.0001073903113137,0,0.0636122152209281,0,3.658667992567644e-05,0,0.0002556576218921
0,0.0001760682789608,0,0.0580381974577903,0,1.1304924555588514e-05,0,0.0005798645433969
0,9.678443166194484e-05,0,0.0570807121694088,0,7.51995321479626e-06,0,0.0001144797643064
0,4.426401210366748e-05,0,0.073129616677761,0,7.879187251091935e-06,0,0.0001176589576061
0,0.0007499908679164,0,0.1338400542736053,0,2.4823359126457945e-05,0,0.0002830374869517
0,0.0033521307632327,0,0.0709998533129692,0,0.0002359101054025,0,0.0017912799958139
0,0.0031436888966709,0,0.0991703867912292,0,0.0001560516975587,0,0.0012815867085009
0,3.750370524358004e-05,0,0.157682716846466,0,4.3390355131123215e-05,0,0.000204608135391
0,3.0291197617771104e-05,0,0.1242076903581619,0,8.894727216102183e-06,0,6.288104486884549e-05
0,2.3304348360397853e-05,0,0.0946092456579208,0,1.9419367163209245e-05,0,6.48686836939305e-05
0,0.0007789287483319,0,0.0827781483530998,0,0.0009844790911301,0,0.0014873628970235
0,0.0492628365755081,0,0.4131716787815094,0,0.0001478391786804,0,0.002753839129582
0,0.2404979467391967,0,0.2519926428794861,0,0.0002196674904553,0,0.0355938039720058
0,0.0751277506351471,0,0.6423667073249817,0,0.8668413758277893,0,0.7923898100852966
0,0.0007325934711843,0,0.0965355485677719,0,0.0003373135696165,0,0.0007467800751328
0,0.1089681982994079,0,0.3001818060874939,0,0.0001821815094444,0,0.0009095801506191
0,0.0640282854437828,0,0.5011686682701111,0,0.811701774597168,0,0.3223315477371216
0,0.0026081884279847,0,0.0810560286045074,0,0.0210409853607416,0,0.0007101351511664
0,0.0298661831766366,0,0.2330852597951889,0,0.0002773643063846,0,0.0060266121290624
0,0.1961516588926315,0,0.6355328559875488,0,0.9888882040977478,0,0.8151042461395264
0,0.1664161533117294,0,0.127125933766365,0,3.163467408739962e-05,0,0.0007106733974069
0,9.746529940457547e-06,0,0.0508803613483905,0,5.282711299514631e-06,0,0.0001951645390363
0,2.022203079832252e-05,0,0.0826378241181373,0,4.55493182016653e-06,0,0.0003588778781704
0,1.9678031094372272e-05,0,0.0135564468801021,0,1.1603247912717052e-05,0,3.3010743209160864e-05
0,0.0027146043721586,0,0.1478521227836609,0,0.0004066194524057,0,0.0001822365738917
0,0.0008602041052654,0,0.3073731064796448,0,2.0121806301176548e-05,0,0.0011071987682953
0,7.758803258184344e-05,0,0.2836692035198211,0,1.093878108804347e-05,0,0.0004123084654565
0,2.894120007113088e-05,0,0.1782230883836746,0,1.862922363216057e-05,0,0.0003602934884838
0,9.52436457737349e-05,0,0.148157998919487,0,2.04362950171344e-05,0,0.002250917488709
0,2.0070674509042877e-05,0,0.0055329417809844,0,8.09089578979183e-06,0,5.5281866480072495e-06
0,1.1907463886018377e-05,0,0.0152407474815845,0,2.3017003059067065e-06,0,1.256227642443264e-05
0,2.092879731208086e-05,0,0.0794318690896034,0,9.738837434269954e-06,0,3.649346399470232e-05
0,0.0031256938818842,0,0.1667820215225219,0,9.620198397897184e-05,0,0.0010625052964314
0,5.703865099349059e-06,0,0.0072141070850193,0,4.661499133362668e-06,0,5.1577744670794345e-06
0,1.8062703020405024e-05,0,0.0054738000035285,0,6.954982382012531e-06,0,6.058513918105746e-06
0,0.0004247912438586,0,0.3199056088924408,0,0.0001186569934361,0,0.0002782699011731
0,0.0011184513568878,0,0.0929146558046341,0,4.690061177825555e-05,0,0.0009956557769328
0,1.5528014046140015e-05,0,0.0153639269992709,0,6.386662789736874e-06,0,8.253039595729206e-06
0,3.0097615308477543e-05,0,0.0096180103719234,0,7.962225026858505e-06,0,8.418278412136715e-06
0,1.1973408618359828e-05,0,0.0164429545402526,0,2.855425236703013e-06,0,1.0815600035130046e-05
0,1.70973453350598e-05,0,0.006202517542988,0,3.820671736320946e-06,0,6.620499789278256e-06
0,0.0003616610483732,0,0.0523370988667011,0,3.5748557820625138e-06,0,9.149694960797206e-06
0,1.2598917237482963e-05,0,0.159512311220169,0,1.6455891454825178e-05,0,2.8176538762636483e-05
0,0.0002838947402779,0,0.0851408168673515,0,3.705961353261955e-05,0,0.0003031239320989
0,0.00146518740803,0,0.1847966909408569,0,0.2653533518314361,0,0.0271200519055128
0,0.0030156660359352,0,0.1837309747934341,0,0.0001953633618541,0,0.0007724016322754
0,0.1040168553590774,0,0.0209758281707763,0,2.3345233785221357e-05,0,1.145310488936957e-05
0,0.0107691185548901,0,0.060273602604866,0,9.941280586645008e-05,0,1.2241692274983508e-05
0,1.7445416233385913e-05,0,0.0244320165365934,0,1.2025326213915832e-05,0,6.808991656725993e-06
0,0.0025602267123758,0,0.0272144712507724,0,1.924540083564352e-05,0,1.3545337424147874e-05
0,0.0005257243756204,0,0.0285610742866992,0,2.900760046031792e-05,0,1.512885955889942e-05
0,9.989296813728288e-05,0,0.1048906743526458,0,9.634901289246043e-06,0,0.0004514666215982
0,8.459152923023794e-06,0,0.0225083380937576,0,1.2326213436608668e-05,0,1.081205209629843e-05
0,0.0002206107747042,0,0.0281163901090621,0,3.044822915398981e-05,0,1.0890056728385387e-05
0,0.0190256983041763,0,0.0940176099538803,0,3.829464549198747e-05,0,1.1139090020151343e-05
0,1.2401676940498874e-05,0,0.020029243081808,0,0.0001023143922793,0,2.54027072514873e-05
0,0.0014450921444222,0,0.0994749814271926,0,9.62498234002851e-06,0,7.207919406937435e-05
0,0.8606365323066711,0,0.6302502751350403,0,0.0917959511280059,0,0.3462185561656952
0,0.0021604285575449,0,0.0970608443021774,0,0.0001224465668201,0,0.0023355113808065
0,1.4213589565770237e-05,0,0.0219208542257547,0,5.050052550359396e-06,0,4.332866228651256e-05
0,0.0036074195522814,0,0.0965750813484191,0,2.6977841116604395e-05,0,0.0029725497588515
0,0.0006389121408574,0,0.1099801138043403,0,0.0002071738999802,0,0.0007267624605447
0,7.478886345779756e-06,0,0.0185240544378757,0,9.38690845941892e-06,0,1.0969095455948263e-05
0,0.0059886663220822,0,0.0915968045592308,0,0.000303706532577,0,0.0066775316372513
0,8.482329576509073e-06,0,0.0195513926446437,0,1.9969775166828185e-06,0,8.798993803793564e-06
0,0.0006488931248895,0,0.0757160112261772,0,2.2279984477791004e-05,0,0.0001082508606486
0,0.0001474721211707,0,0.1058744043111801,0,3.27373381878715e-05,0,0.0006957275327295
0,0.0048259096220135,0,0.1255109906196594,0,0.0001989965239772,0,0.0009498806903138
0,1.9226525182602927e-05,0,0.0392198748886585,0,1.666673597355839e-05,0,2.102291546179913e-05
0,0.0016027220990508,0,0.1358384639024734,0,4.235192682244815e-05,0,0.0009521804749965
0,0.0008381499210372,0,0.1781841814517974,0,4.411933696246706e-05,0,0.0004603148554451
0,0.0052746017463505,0,0.1611430048942566,0,0.0191320367157459,0,0.0023267825599759
0,0.003052616957575,0,0.0997100099921226,0,7.607011502841488e-05,0,0.0002863493864424
0,0.0646954551339149,0,0.1643685102462768,0,0.111190840601921,0,0.0024958185385912
0,0.003193937242031,0,0.0922029837965965,0,0.0015656645409762,0,0.0301587264984846
0,0.017881678417325,0,0.144843116402626,0,0.0016856789588928,0,0.000568856135942
0,0.00013579968072,0,0.0796083509922027,0,0.0078983567655086,0,0.0001376728760078
0,1.5241002074617429e-05,0,0.0801311582326889,0,8.566631549911108e-06,0,8.147479820763692e-05
0,9.641376527724788e-05,0,0.1596753001213073,0,2.222930197604001e-05,0,2.3702526959823444e-05
0,0.7979671955108643,0,0.4272998571395874,0,0.855054497718811,0,0.6402759552001953
0,1.9272343706688844e-05,0,0.222951665520668,0,1.1667906619550196e-05,0,3.271212335675955e-05
0,0.0001492359733674,0,0.037987396121025,0,0.0346249118447303,0,0.4285950064659118
0,6.522871262859553e-05,0,0.1895513534545898,0,0.0003845121245831,0,0.0013284259475767
0,2.4711142032174397e-05,0,0.0401895977556705,0,6.356621270242613e-06,0,2.3414462702930905e-05
0,1.7858348655863665e-05,0,0.1728080958127975,0,5.664006948791212e-06,0,0.0001516088668722
0,0.0001462476502638,0,0.0676545575261116,0,2.1379359168349765e-05,0,0.0018184633227065
0,0.0012778625823557,0,0.413535863161087,0,2.0625664546969347e-05,0,0.0003833890077657
0,0.0002666626533027,0,0.391365647315979,0,9.028070962813215e-06,0,9.445162140764296e-05
0,0.0024471913930028,0,0.3109905123710632,0,1.2300637536100112e-05,0,5.858673830516637e-05
0,6.807452791690594e-06,0,0.0029495472554117,0,3.676267397167976e-06,0,6.087912424845854e-06
0,0.0022584153339266,0,0.1469040513038635,0,0.0003558517200872,0,0.0008660164894536
0,0.1081649363040924,0,0.1405128836631775,0,0.000179710186785,0,0.0031340238638222
0,0.8158023357391357,0,0.2452334910631179,0,0.0314272046089172,0,0.0025468608364462
0,0.5740726590156555,0,0.1988181918859481,0,0.1335204243659973,0,0.1042182594537735
0,0.0073883258737623,0,0.1282567977905273,0,3.444866888457909e-05,0,0.0002536291431169
0,3.193652082700282e-05,0,0.1048974692821502,0,7.318662392208353e-05,0,0.0002075363299809
0,5.914608664170373e-06,0,0.0487763658165931,0,1.2133773452660536e-05,0,1.957187669177074e-05
0,1.998144762183074e-05,0,0.0378787294030189,0,7.456560069840634e-06,0,1.419808995706262e-05
0,2.3843018425395712e-05,0,0.0279145967215299,0,1.0707460205594543e-05,0,1.0306768672307952e-05
0,1.528273060102947e-05,0,0.0226228926330804,0,6.65618063067086e-06,0,1.4941429981263354e-05
0,0.0219494011253118,0,0.1728364825248718,0,0.0003453327226452,0,0.0011791206197813
0,0.1256164759397506,0,0.1031325459480285,0,1.4081113477004692e-05,0,0.000100050070614
0,0.0274850875139236,0,0.139832854270935,0,4.071251169079915e-05,0,0.0002024287969106
0,0.0564088635146617,0,0.1269198060035705,0,1.4805728824285325e-05,0,0.0002111015346599
0,0.0158206708729267,0,0.1927033364772796,0,0.0003015947004314,0,0.0007024766528047
0,0.0125102950260043,0,0.1436805427074432,0,0.0028177960775792,0,0.0015224266098812
0,0.0189763363450765,0,0.1867878288030624,0,0.042875587940216,0,0.0019430011743679
0,0.0012275155168026,0,0.0931224375963211,0,0.0005964311421848,0,0.0002818459179252
0,6.499146547866985e-05,0,0.0535329170525074,0,1.9135119146085344e-05,0,5.136540130479261e-05
0,0.1102204993367195,0,0.2076404988765716,0,0.0049812062643468,0,0.0558169521391391
0,1.3215851140557788e-05,0,0.028763772919774,0,1.3423609743767884e-05,0,1.5718034774181433e-05
0,0.6540021300315857,0,0.2817549109458923,0,0.0146717727184295,0,0.997343361377716
0,0.0010760091245174,0,0.0623300597071647,0,4.006097879027948e-05,0,0.0001554460613988
0,0.0002530656347516,0,0.0449665486812591,0,2.283749017806258e-05,0,1.7447613572585396e-05
0,7.277581971720792e-06,0,0.0040648099966347,0,4.879671905655414e-06,0,5.9943176893284544e-06
0,7.241090315801557e-06,0,0.0143930064514279,0,3.697998408824788e-06,0,6.891842531331349e-06
0,3.195083627360873e-05,0,0.0144420340657234,0,1.5303672626032494e-05,0,3.179421401000582e-05
0,1.1989941413048656e-05,0,0.0044681574217975,0,3.621405994636007e-06,0,5.692550985259004e-06
0,1.00499901236617e-05,0,0.0090833846479654,0,4.328234354034066e-06,0,6.289812517934479e-06
0,3.0570285161957145e-05,0,0.0217179004102945,0,1.1643951438600196e-05,0,2.9202696168795228e-05
0,1.6454196156701073e-05,0,0.00476252194494,0,4.3437657950562425e-06,0,6.157765710668173e-06
0,0.0001450383279006,0,0.2328817099332809,0,5.86517526244279e-05,0,3.752709744730964e-05
0,0.0064920024015009,0,0.1486340463161468,0,0.0220076143741607,0,0.0035441704094409
0,0.0150478370487689,0,0.1150811314582824,0,0.0006953398115001,0,0.0013445414369925
0,0.0133807631209492,0,0.1746034920215606,0,0.000109548898763,0,0.0005322899669408
0,7.230449682538165e-06,0,0.0083150193095207,0,3.964364623243455e-06,0,4.043449280288769e-06
0,7.375764198513934e-06,0,0.0112804556265473,0,7.526002264057752e-06,0,6.42426766717108e-06
0,1.8850989363272674e-05,0,0.0098667284473776,0,1.4152765288599768e-05,0,6.8319654928927775e-06
0,0.0001027621110551,0,0.065398596227169,0,1.832131965784356e-05,0,1.311015512328595e-05
0,4.885200542048551e-05,0,0.0315461084246635,0,1.341003462584922e-05,0,1.4092627679929136e-05
0,4.295878898119554e-05,0,0.0461602509021759,0,0.0001150717580458,0,0.0012940327869728
0,0.1434078961610794,0,0.1054383218288421,0,0.0002315007150173,0,0.0002231440739706
0,0.0116030415520071,0,0.0823990181088447,0,0.0001421024644514,0,0.0001237244723597
0,5.156962652108632e-05,0,0.0426039062440395,0,2.1787677724205423e-06,0,4.936522600473836e-05
0,0.000175230205059,0,0.0291850790381431,0,1.1368062587280292e-05,0,0.0002464491699356
0,0.0018438245169818,0,0.0910487696528434,0,7.696989632677287e-05,0,0.0003338171227369
0,0.0008673423435539,0,0.0701011270284652,0,1.5128743143577594e-05,0,0.0004858967731706
0,0.0004816293076146,0,0.1157069951295852,0,2.02143764909124e-05,0,0.0016246824525296
0,0.0009907886851578,0,0.1127801835536956,0,1.5354899005615152e-05,0,0.0017345199594274
0,2.2756747057428584e-05,0,0.015001474879682,0,8.785870704741683e-06,0,6.6887155298900325e-06
0,0.0003208193520549,0,0.0380143709480762,0,1.6252766727120616e-05,0,7.070734136505052e-05
0,9.275584488932507e-06,0,0.0163150690495967,0,1.138716015702812e-05,0,5.664865966537036e-06
0,0.0134016526862978,0,0.1875529736280441,0,0.0004536628548521,0,0.1591058075428009
0,0.5048140287399292,0,0.2239448875188827,0,0.4292207956314087,0,0.9415308833122252
0,7.936925612739287e-06,0,0.037400022149086,0,4.15348085880396e-06,0,1.5235276805469766e-05
0,6.584973107237602e-06,0,0.0027299763169139,0,6.973347353778081e-06,0,7.220947281894041e-06
0,7.343023298744811e-06,0,0.0025126379914581,0,9.5343830253114e-06,0,8.328212970809545e-06
0,3.740315150935203e-06,0,0.0135311810299754,0,1.0088968338095585e-05,0,4.049848030263092e-06
0,6.777441740268841e-06,0,0.0042255078442394,0,8.589471690356731e-06,0,5.460115062305704e-06
0,9.618393960408866e-06,0,0.0570524148643016,0,4.621655989467399e-06,0,3.69255940313451e-05
0,7.270221431099344e-06,0,0.0030883040744811,0,9.776179467735346e-06,0,7.885155355324969e-06
0,7.323972567974124e-06,0,0.0142476102337241,0,5.40310975338798e-06,0,6.05656668994925e-06
0,6.392122486431617e-06,0,0.002927754772827,0,5.994157618260942e-06,0,6.443885013140971e-06
0,6.872714584460482e-05,0,0.0794462040066719,0,1.022285687213298e-05,0,0.0002275431179441
0,5.668087760568597e-05,0,0.0160115286707878,0,0.0001926462136907,0,0.0002334804303245
0,9.50800495047588e-06,0,0.0309397242963314,0,3.618909886426991e-06,0,7.984854164533317e-06
0,8.039723979891278e-06,0,0.0027840950060635,0,1.0087092960020527e-05,0,1.1060873475798871e-05
0,6.977045813982841e-06,0,0.0104314917698502,0,6.062680768081918e-06,0,6.344199391605798e-06
0,1.559891643410083e-05,0,0.1214639842510223,0,1.2845261153415777e-05,0,8.99185033631511e-05
0,2.472677078912966e-05,0,0.0144260730594396,0,4.277340849512257e-05,0,2.795316686388105e-05
0,5.627215068670921e-05,0,0.0343518778681755,0,5.568341293837875e-06,0,4.269836608727928e-06
0,6.045391637599096e-05,0,0.0784601494669914,0,1.9034761862712912e-05,0,1.0176371688430663e-05
0,0.0001238338882103,0,0.103134199976921,0,1.098644315788988e-05,0,0.0001302937016589
0,4.356888439360773e-06,0,0.0421026088297367,0,4.788490514329169e-06,0,6.75065803079633e-06
0,0.0003698902728501,0,0.0550829954445362,0,2.6423135750519577e-06,0,3.4236902138218284e-05
0,1.3088169907859992e-05,0,0.0077784270979464,0,5.325169240677496e-06,0,9.48610613704659e-06
0,0.0093662813305854,0,0.0603151507675647,0,2.972585025418084e-05,0,0.0064819594845175
0,0.002244476461783,0,0.0667290538549423,0,2.713575304369442e-05,0,0.0011665545171126
0,9.541692270431668e-05,0,0.0255069769918918,0,0.0001235660165548,0,3.313058550702408e-05
0,0.0002060506230918,0,0.0173495654016733,0,8.409035217482597e-06,0,2.253321326861624e-05
0,0.0009964857017621,0,0.1210860610008239,0,1.1223671208426822e-05,0,0.000324415101204
0,0.0005163515452295,0,0.0697528049349784,0,4.678335244534537e-05,0,0.0003617331094574
0,0.0002062172861769,0,0.0492257326841354,0,5.261810201773187e-06,0,0.0004921096260659
0,2.582085107860621e-05,0,0.1213701665401458,0,1.1585909305722453e-05,0,9.50978064793162e-05
0,1.756767596816644e-05,0,0.0758071020245552,0,4.768794497067574e-06,0,4.768755752593279e-05
0,0.0001137358485721,0,0.0125447073951363,0,8.311875717481598e-06,0,1.4480923709925264e-05
0,4.4620439439313486e-05,0,0.0484086163341999,0,1.7810660210670903e-05,0,5.466528091346845e-05
0,0.0004117531061638,0,0.0792902335524559,0,2.2289930711849596e-05,0,6.421064608730376e-05
0,0.0007237420650199,0,0.0847891643643379,0,7.37905020287144e-06,0,9.013897215481848e-05
0,0.0026741146575659,0,0.0806757137179374,0,1.2767757652909497e-05,0,0.0001279222924495
0,0.0004333178221713,0,0.2065650075674057,0,2.9103224733262323e-05,0,0.0005070023471489
0,1.358195822831476e-05,0,0.0092291524633765,0,6.062744887458393e-06,0,5.84260351388366e-06
0,7.436824944306863e-06,0,0.0196866504848003,0,3.6089602417632713e-06,0,6.618221505050315e-06
0,8.502366654283833e-06,0,0.01230148691684,0,4.321210781199625e-06,0,5.414736733655445e-06
0,0.0008963100844994,0,0.0680106431245803,0,2.710236185521353e-05,0,0.0011279548052698
0,0.0020526992157101,0,0.0653672367334365,0,0.0233817063271999,0,0.0001222258579218
1,0.0077369441278278,1,0.1057281792163848,1,1.3954279893368948e-05,1,0.0031840677838772
1,0.6298357844352722,1,0.2102147936820984,1,0.0057790922001004,1,0.0437604635953903
1,0.0004589835589285,1,0.3859439790248871,1,0.0124318376183509,1,0.0391525141894817
1,0.9036383032798768,1,0.1297035366296768,1,0.42885622382164,1,0.9752424955368042
1,0.5941578149795532,1,0.1144220978021621,1,0.0034871804527938,1,0.0098845772445201
1,0.0349543839693069,1,0.5866613388061523,1,0.9813459515571594,1,0.8195449709892273
1,0.0011770551791414,1,0.0906634032726287,1,2.396972922724672e-05,1,5.410939775174484e-05
1,0.0002553543308749,1,0.1971833556890487,1,6.952051990083419e-06,1,0.0015697111375629
1,0.0022792946547269,1,0.2018146067857742,1,1.922390219988301e-05,1,0.0020400350913405
1,0.98919939994812,1,0.8866337537765503,1,0.9784632325172424,1,0.9990291595458984
1,0.9495039582252502,1,0.2887407541275024,1,0.109640821814537,1,0.1085271835327148
1,0.9325409531593324,1,0.6084867715835571,1,0.8599996566772461,1,0.9996116757392884
1,0.0004644217260647,1,0.1592883765697479,1,0.0002370760630583,1,0.0108344843611121
1,0.7496654391288757,1,0.3503357172012329,1,0.0087424088269472,1,0.0013579502701759
1,0.2979689240455627,1,0.1700647622346878,1,0.0082087302580475,1,0.0341778695583343
0,4.106136111658998e-05,0,0.0977456495165824,0,3.444636968197301e-05,0,0.0001147838702308
0,0.0001003135475912,0,0.105830006301403,0,2.881506952689961e-05,0,0.000154168184963
0,0.870987594127655,0,0.2855929434299469,0,0.964354693889618,0,0.6385246515274048
0,7.330540938710328e-06,0,0.0051034726202487,0,9.154783583653623e-06,0,5.883184712729417e-06
0,0.000673922651913,0,0.0837980806827545,0,3.841717989416793e-05,0,0.0038465505931526
0,0.0012593420688062,0,0.3904692530632019,0,0.0343418791890144,0,0.1267041862010955
0,0.0084567554295063,0,0.1275324672460556,0,0.0055954409763216,0,0.0237882826477289
0,0.7359750270843506,0,0.3925575613975525,0,0.3191783428192138,0,0.0058016353286802
0,0.0843647420406341,0,0.2722119390964508,0,0.017003359273076,0,0.0056528071872889
0,0.0035666618496179,0,0.0951705500483512,0,0.001182297244668,0,0.022472346201539
0,0.0001163265042123,0,0.2035237252712249,0,6.877251144032925e-05,0,0.0005758455954492
0,0.0288835894316434,0,0.1087731048464775,0,4.025437738164328e-05,0,0.0034137440379709
0,0.2719794511795044,0,0.5273561477661133,0,0.0021668907720595,0,0.9866123199462892
0,4.804909258382395e-05,0,0.0606911331415176,0,0.0001110349403461,0,5.591573062702082e-05
0,1.801926009648014e-05,0,0.027128666639328,0,1.4771599126106594e-05,0,1.066932782123331e-05
0,1.826861080189701e-05,0,0.0285770948976278,0,1.563019941386301e-05,0,8.570610589231364e-06
0,0.0001210408445331,0,0.0580238550901412,0,1.971140591194853e-05,0,7.813271076884121e-05
0,1.1528729373821989e-05,0,0.067672349512577,0,3.158035906380974e-05,0,9.967959158529991e-06
0,0.0008590279030613,0,0.0938762053847312,0,3.651389852166176e-05,0,0.0001329707738477
0,0.0370178408920764,0,0.0897538885474205,0,0.0001288994099013,0,0.0042900247499346
0,0.305741548538208,0,0.191146582365036,0,0.0005233996780589,0,0.0013005565851926
0,1.0161338650505058e-05,0,0.0245187822729349,0,1.1745218216674402e-05,0,1.0622402442095336e-05
0,0.0001589999592397,0,0.070285327732563,0,3.16346158797387e-05,0,0.0002163787285098
0,0.0003882642486132,0,0.0656530484557151,0,0.0036156233400106,0,0.0005237656878307
0,0.0355217307806015,0,0.1436227411031723,0,0.0014539741678163,0,0.0014031991595402
0,0.0007435012958012,0,0.0677687674760818,0,8.19989581941627e-05,0,0.0004568116564769
0,0.0039522540755569,0,0.1623137444257736,0,0.0002314263401785,0,0.0013148140860721
0,0.0015592136187478,0,0.0824580490589141,0,1.3707775906368624e-05,0,0.0004644748696591
0,1.6057994798757136e-05,0,0.0378871411085128,0,1.8546617866377343e-05,0,2.1064397515146996e-05
0,0.000560155545827,0,0.0911595821380615,0,1.5068084394442847e-05,0,0.000373775139451
0,3.0264809538493864e-05,0,0.0571803003549575,0,8.075111691141501e-05,0,3.060353628825396e-05
0,1.5026869732537309e-05,0,0.0593035407364368,0,7.153931801440194e-05,0,2.784024036373012e-05
0,1.0836176443262955e-05,0,0.032915573567152,0,1.476676970924018e-05,0,6.378008038154803e-06
0,2.284273978148121e-05,0,0.0472062863409519,0,1.0424153515486978e-05,0,7.569303761556512e-06
0,3.560816912795417e-05,0,0.0303713362663984,0,7.202590495580807e-06,0,7.437151907652151e-06
0,2.625180604809429e-05,0,0.0102992355823516,0,8.456047908111941e-06,0,5.958132987871068e-06
0,9.56706571741961e-05,0,0.1407893151044845,0,5.57682869839482e-06,0,0.000147936749272
0,0.0015187214594334,0,0.1693254113197326,0,0.0378591679036617,0,0.0007967838319018
0,0.1473411470651626,0,0.1823086142539978,0,0.0021300103981047,0,0.1030084714293479
0,1.567655272083357e-05,0,0.1341525316238403,0,3.413853391975863e-06,0,1.1385325706214644e-05
0,8.565977623220533e-06,0,0.0138238472864031,0,7.175632617872907e-06,0,8.544366210117005e-06
0,8.546752360416576e-05,0,0.1019152626395225,0,2.801591290335637e-05,0,0.0001797271688701
0,6.913724064361304e-06,0,0.0118696363642811,0,7.210026979009854e-06,0,7.516325240430888e-06
0,0.0110343229025602,0,0.0922971963882446,0,0.0191088262945413,0,0.0039510154165327
0,8.994546078611165e-06,0,0.0508814081549644,0,1.136984155891696e-05,0,2.335253702767659e-05
0,1.258112388313748e-05,0,0.0311047956347465,0,2.2386686396203004e-05,0,9.969289749278689e-06
0,1.4541757991537452e-05,0,0.0543850697576999,0,5.709759079763899e-06,0,2.358788697165437e-05
0,0.4295742809772491,0,0.1697245985269546,0,0.6176793575286865,0,0.0043221940286457
0,7.307779014809057e-06,0,0.0538095571100711,0,7.74987529439386e-06,0,2.1338662918424237e-05
0,0.1290919035673141,0,0.1740999221801757,0,0.2912135124206543,0,0.0733984112739563
0,0.0739925503730773,0,0.145659253001213,0,0.0041741295717656,0,0.0016886360244825
0,0.4329200088977813,0,0.2989809811115265,0,0.0494074821472168,0,0.0004666218301281
0,0.9572617411613464,0,0.4713343977928161,0,0.7769594192504883,0,0.982930600643158
0,0.210331305861473,0,0.2539781928062439,0,0.4639228284358978,0,0.000487732264446
0,0.0184259042143821,0,0.1242533326148986,0,0.0004064892127644,0,0.0001951894519152
0,0.010229374282062,0,0.1347112208604812,0,0.0023674885742366,0,0.0002082530845655
0,0.0012953442055732,0,0.0963277593255043,0,0.0001599087263457,0,0.0002679108001757
0,8.288811659440398e-05,0,0.0192306842654943,0,7.251939678099006e-06,0,8.98077996680513e-06
0,0.2723340988159179,0,0.0825722366571426,0,0.0001035387831507,0,0.046419721096754
0,0.1101749837398529,0,0.0773058980703353,0,0.0005484499270096,0,0.1210216954350471
0,0.4179042279720306,0,0.1261542290449142,0,0.000354819727363,0,0.0637712404131889
0,7.210188778117299e-05,0,0.0886458754539489,0,1.25403003039537e-05,0,0.0001549837033962
0,7.54167340346612e-05,0,0.1596323251724243,0,1.2653222256631125e-05,0,0.0002064590808004
0,0.1189058125019073,0,0.5377749800682068,0,0.0154208447784185,0,9.237979975296184e-05
0,0.1757624149322509,0,0.3164575397968292,0,0.0045835026539862,0,0.9897184371948242
0,0.0926745012402534,0,0.2873853743076324,0,0.0041847904212772,0,0.0825683176517486
0,0.1991316676139831,0,0.3474909961223602,0,0.0001477541954955,0,0.9971687197685242
0,1.9610681192716584e-05,0,0.0275020971894264,0,2.3419712306349535e-05,0,5.692198556062067e-06
0,4.62043026345782e-05,0,0.0030607837252318,0,4.874743899563328e-05,0,7.258236564666731e-06
0,0.0007384418859146,0,0.0762418210506439,0,4.089703725185245e-05,0,0.000161052099429
0,0.0007640734547749,0,0.0832941755652427,0,0.0001350792881567,0,0.0003293940972071
0,2.2889449610374868e-05,0,0.0426808632910251,0,7.4678537202999e-06,0,7.675989036215469e-05
0,1.3673621651832946e-05,0,0.0660600885748863,0,7.553057457698742e-06,0,0.0001633363135624
0,0.000933754898142,0,0.1009702235460281,0,1.1845724657177923e-05,0,2.696590672712773e-05
0,2.9624874514411204e-05,0,0.0840813964605331,0,1.8470647773938254e-05,0,6.185600796015933e-05
0,2.6254110707668588e-05,0,0.0700722932815551,0,2.292169119755272e-05,0,0.0002223998162662
0,0.0002894623321481,0,0.0505413673818111,0,6.250514616112923e-06,0,6.064386980142444e-06
0,1.963924296433106e-05,0,0.0512915067374706,0,1.2015169886581134e-05,0,1.0865885997191072e-05
0,0.1015102192759513,0,0.2354314178228378,0,0.4837524890899658,0,0.1627294868230819
0,0.0007142025860957,0,0.1864541471004486,0,0.0002256836305605,0,0.0005458741215988
0,6.17130717728287e-05,0,0.2129308134317398,0,0.0003678523062262,0,0.0003063745098188
0,7.015456048975466e-06,0,0.0178722850978374,0,3.4596457680891035e-06,0,1.0000007932831068e-05
0,0.0008018432417884,0,0.0969575271010398,0,2.6343343051848933e-05,0,0.0002672284317668
0,1.3919457160227466e-05,0,0.01984678581357,0,3.630514356700587e-06,0,7.633735549461562e-06
0,0.0039045896846801,0,0.0749853700399398,0,7.076455403876025e-06,0,6.034747639205307e-05
0,0.0023597853723913,0,0.0686801820993423,0,9.72330235526897e-06,0,0.0001605138240847
0,0.0022377741988748,0,0.0921173691749572,0,0.0022388380020856,0,0.0007835336145944
0,1.0465151717653498e-05,0,0.0599624589085578,0,4.812645329366205e-06,0,5.646987119689584e-05
0,3.697746433317661e-05,0,0.1012034341692924,0,0.0024819059763103,0,0.0010900612687692
0,3.087675213464536e-05,0,0.0244119875133037,0,3.8316637073876336e-05,0,4.630986222764477e-05
0,3.91773646697402e-05,0,0.0179454926401376,0,3.5624812880996615e-05,0,2.6491276003071107e-05
0,9.955994028132408e-05,0,0.0528339147567749,0,2.195013985328842e-05,0,3.5290257073938847e-05
0,0.0008868766017258,0,0.0568661801517009,0,1.0294204912497662e-05,0,7.618423842359334e-05
0,0.0001414546422893,0,0.1140420958399772,0,6.156499875942245e-05,0,0.0004957490600645
0,8.22582733235322e-05,0,0.1355935484170913,0,4.2883639252977446e-05,0,0.0003714606864377
0,0.0027089819777756,0,0.1188731342554092,0,0.0001558013173053,0,0.0007775278645567
0,0.1032376736402511,0,0.0965820103883743,0,8.577585504099261e-06,0,0.0002417351788608
0,0.019973149523139,0,0.0772542133927345,0,0.0001265936589334,0,0.00155945494771
0,0.0278951227664947,0,0.0791089683771133,0,0.0002380677615292,0,0.0026607164181768
0,0.011403514072299,0,0.0763769671320915,0,0.0001695245009614,0,0.0008741049095988
0,2.1581463442998935e-05,0,0.0829258412122726,0,1.5373299902421422e-05,0,0.0001357392175123
0,2.4964112526504323e-05,0,0.1849950551986694,0,0.0001053034720825,0,0.0003600061172619
0,2.1859834305359985e-05,0,0.0138383898884058,0,8.3361919678282e-06,0,1.2340950888756195e-05
0,0.6100544929504395,0,0.669488251209259,0,0.1430962681770324,0,0.8509182929992676
0,2.496858905942645e-05,0,0.0856023207306861,0,5.330412932380568e-06,0,0.0002290360425831
0,4.197794260107912e-05,0,0.2046026736497879,0,8.300486661028117e-05,0,0.0001124930713558
0,0.0217010024935007,0,0.1121264696121215,0,0.0001661290443735,0,0.0009073884575627
0,0.0001137471263064,0,0.0893395841121673,0,3.6655267194873886e-06,0,7.32047701603733e-05
0,2.740107629506383e-05,0,0.0845794752240181,0,5.962606337561738e-06,0,0.0001633503416087
0,2.3596907340106554e-05,0,0.2086481750011444,0,1.7026046407409012e-05,0,0.0002622285392135
0,1.8283757526660335e-05,0,0.0109524773433804,0,3.821291102212854e-06,0,6.773758286726661e-06
0,0.0598726719617843,0,0.1415478438138961,0,0.0159697290509939,0,0.0003203734231647
0,0.0027759983204305,0,0.1178624480962753,0,0.0001575143396621,0,0.0012265723198652
0,0.3201344907283783,0,0.1277246326208114,0,0.6012816429138184,0,0.2877346575260162
0,9.508729272056372e-05,0,0.0607297010719776,0,0.0008520814008079,0,0.0024821339175105
0,0.0001620530674699,0,0.0793103501200676,0,0.0003003505116794,0,0.0001633486244827
0,0.0118425590917468,0,0.1850190013647079,0,0.0267757065594196,0,0.0031412662938237
0,0.000129705746076,0,0.0261919721961021,0,1.5133635315578433e-05,0,1.1226657989027444e-05
0,0.0016633326886221,0,0.3290925323963165,0,4.0699353121453896e-05,0,0.000554020050913
0,0.0004584996786434,0,0.0480611436069011,0,0.0012643508380278,0,0.0004193331988062
0,0.0515750832855701,0,0.1522355675697326,0,0.0081662228330969,0,0.0389908887445926
0,0.0003277348587289,0,0.0395549423992633,0,0.0193500649183988,0,0.000370057998225
0,0.0289849434047937,0,0.1598557382822036,0,0.0004044051747769,0,0.0004727519117295
0,0.4474020600318908,0,0.1375114768743515,0,0.0408244431018829,0,0.0094215832650661
0,0.0003451840893831,0,0.0370911248028278,0,0.0005633141263388,0,0.0001040695351548
0,0.0048733428120613,0,0.1922861039638519,0,0.0001079057255992,0,0.0016800991725176
0,9.339146345155314e-06,0,0.0122404797002673,0,1.1103114957222717e-05,0,1.3880180631531402e-05
0,7.773694960633293e-06,0,0.0062753297388553,0,5.6527560445829295e-06,0,5.656725534208817e-06
0,5.300376142258756e-05,0,0.0487132743000984,0,2.6953874112223275e-05,0,1.5529005395364948e-05
0,5.104244337417185e-05,0,0.0368553549051284,0,3.633975575212389e-05,0,2.512647733965423e-05
0,6.202812983246986e-06,0,0.0051244171336293,0,6.261450380407041e-06,0,5.775295448984252e-06
0,8.208430699596647e-06,0,0.0068865292705595,0,7.281990292540286e-06,0,4.427377461979631e-06
0,1.155050722445594e-05,0,0.0227878335863351,0,1.2548244740173686e-05,0,7.5113598541065585e-06
0,0.0001092355450964,0,0.0363977141678333,0,9.872822374745738e-06,0,1.4192622984410264e-05
0,0.000113756454084,0,0.0290524363517761,0,9.72498037299374e-06,0,1.63601271196967e-05
0,8.67942344484618e-06,0,0.0128999585285782,0,7.46350360714132e-06,0,4.193393124296563e-06
0,8.754624104767572e-06,0,0.0053035472519695,0,5.666362994816154e-06,0,7.132324299163884e-06
0,1.3824998859490734e-05,0,0.0094243697822093,0,6.30613112662104e-06,0,6.881597073515877e-06
0,5.205422712606378e-05,0,0.0511329770088195,0,2.4147750082192943e-05,0,2.2826756321592256e-05
0,1.8224500308861025e-05,0,0.0329127572476863,0,6.100739938119659e-06,0,4.0427257772535086e-05
0,8.586404146626592e-05,0,0.0887494310736656,0,0.0001809626701287,0,3.798892430495471e-05
0,0.0003724769630935,0,0.1260077357292175,0,0.0004907269030809,0,0.0001575581991346
0,0.0859367474913597,0,0.1707719266414642,0,0.0004072175652254,0,0.0001234608353115
0,1.2502088793553412e-05,0,0.1009129732847213,0,0.0009443270973861,0,0.0005038242670707
0,0.1848797798156738,0,0.3004752397537231,0,0.0019932095892727,0,0.0121909398585557
0,0.51360023021698,0,0.1675673127174377,0,0.9511436820030212,0,0.0350296273827552
0,6.61675730952993e-05,0,0.08976861089468,0,4.304741014493629e-05,0,0.0001688975171418
0,1.749791954352986e-05,0,0.078073464334011,0,1.771447750797961e-05,0,3.617268885136582e-05
0,0.0025775686372071,0,0.0972404330968856,0,0.0005801118677482,0,0.0254390090703964
0,0.0008101306739263,0,0.0604016706347465,0,2.0587265680660494e-05,0,0.0002518827386666
0,9.546615910949184e-05,0,0.0437897965312004,0,1.097241238312563e-05,0,0.0001441091735614
0,0.0012980736792087,0,0.2518757283687591,0,2.8470713004935533e-05,0,5.06707547174301e-05
0,9.177861102216411e-06,0,0.0120114348828792,0,4.383670329843881e-06,0,7.406630629702704e-06
0,2.452630542393308e-05,0,0.0370588824152946,0,2.070429763989523e-05,0,9.6132307589869e-06
0,9.627396138967017e-06,0,0.0829790011048317,0,4.192876986053307e-06,0,6.822980594733963e-06
0,0.0001520781079307,0,0.1193912625312805,0,0.0003318153321743,0,0.0004926500841975
0,2.1576854123850356e-05,0,0.1988621205091476,0,1.4869448023091536e-05,0,2.3863101887400265e-05
0,2.2002512196195312e-05,0,0.0987399742007255,0,7.094510692695621e-06,0,0.0001230649650096
0,0.000873195065651,0,0.3278099000453949,0,7.635421206941828e-05,0,0.0027863865252584
0,0.0120374308899044,0,0.4578741490840912,0,0.0002761110372375,0,0.0048242378979921
0,0.8656228184700012,0,0.6819703578948975,0,0.0007692046347074,0,0.0281536541879177
0,0.0006565796211361,0,0.1648081392049789,0,0.0271365828812122,0,0.0003345033328514
0,8.266115401056595e-06,0,0.0376238450407981,0,1.1212149729544764e-05,0,7.087031917762943e-06
0,0.0010201990371569,0,0.1131234541535377,0,0.0004510708677116,0,0.0003438471467234
0,7.461212953785434e-05,0,0.0309201870113611,0,3.4000393497990444e-05,0,1.8705881302594207e-05
0,7.419787380058551e-06,0,0.0253960620611906,0,9.941576536220964e-06,0,7.304156042664545e-06
0,0.0020875609479844,0,0.1210410445928573,0,0.0001406497904099,0,0.0001693984668236
0,2.802240487653762e-05,0,0.039258886128664,0,3.220584403607063e-05,0,1.2009500096610282e-05
0,8.016801984922495e-06,0,0.0222785398364067,0,7.471708158846013e-06,0,7.450994871760486e-06
0,0.0312834531068801,0,0.3029898107051849,0,0.0029094005003571,0,0.0005332324071787
0,0.0026435379404574,0,0.0846859887242317,0,9.472961210121866e-06,0,0.0004062645311933
0,1.920784961839672e-05,0,0.0134160937741398,0,5.671271537721623e-06,0,8.730519766686484e-06
0,0.0027941376902163,0,0.0799439698457717,0,1.859829899331089e-05,0,0.000164194687386
0,3.79854827770032e-05,0,0.0727117732167244,0,4.414555860421388e-06,0,6.744872371200472e-05
0,0.000628596462775,0,0.1107959672808647,0,0.0019757647532969,0,0.0018971583340317
0,0.9246528744697572,0,0.1649280786514282,0,0.0046769501641392,0,0.0284418389201164
0,0.5783798098564148,0,0.1491778939962387,0,0.0458449311554431,0,0.0036708551924675
0,0.00046836110414,0,0.0881147980690002,0,3.852386362268589e-05,0,0.0001709880161797
0,0.0004300531581975,0,0.0961348265409469,0,0.0001633347565075,0,0.0008543182630091
0,9.252878044208046e-06,0,0.0088155902922153,0,1.102524583984632e-05,0,8.961693310993724e-06
0,0.0002928388421423,0,0.0995034575462341,0,0.0004032139258924,0,0.0006476108683273
0,9.607804713596124e-06,0,0.0155501281842589,0,0.0006787976599298,0,4.404904757393524e-05
0,0.0003063046897295,0,0.1097475588321685,0,0.0001252739457413,0,0.0004331299569457
0,2.161934389732778e-05,0,0.0058930292725563,0,8.445924322586507e-06,0,9.77855688688578e-06
0,0.0010553819593042,0,0.0620702169835567,0,1.3090403626847548e-05,0,0.0002463265554979
0,0.0001927542471094,0,0.0548954047262668,0,3.786559318541549e-05,0,0.0003869060601573
0,0.1171738058328628,0,0.2784941494464874,0,0.0002197724534198,0,0.0148510299623012
0,0.0057330452837049,0,0.1223873347043991,0,9.99871190288104e-05,0,0.0015900762518867
0,0.0191290453076362,0,0.1880630999803543,0,0.0109028881415724,0,0.0003029006184078
0,0.7610952854156494,0,0.5746052265167236,0,0.0663791596889495,0,0.0076494389213621
0,0.002702065045014,0,0.0755981132388114,0,9.891747140500227e-06,0,0.0003616455360315
0,0.0007455072482116,0,0.1128281876444816,0,5.742129815189401e-06,0,0.0012075491249561
0,0.002881494583562,0,0.1086733490228653,0,1.7872456737677567e-05,0,0.0002947241009678
0,0.00014177277626,0,0.0637367442250251,0,3.850872417388018e-06,0,0.0001228643523063
0,0.0012533123372122,0,0.1007074862718582,0,6.025622133165598e-05,0,7.881781493779272e-05
0,1.5153782442212105e-05,0,0.0060563450679183,0,8.401483682973776e-06,0,1.405483271810226e-05
0,0.0005358311464078,0,0.0554753988981246,0,4.587427611113526e-05,0,7.07490835338831e-05
0,8.209974112105556e-06,0,0.0017452252795919,0,1.0811711035785264e-05,0,9.582796337781474e-06
0,3.69624794984702e-05,0,0.0291927065700292,0,2.5020672183018174e-05,0,4.3453550460981205e-05
0,1.1737457498384174e-05,0,0.0322326198220253,0,1.1228381481487304e-05,0,2.24752257054206e-05
0,5.995969695504755e-05,0,0.0376033186912536,0,6.613911864405964e-06,0,3.19348146149423e-05
0,4.548271317617037e-05,0,0.0921248644590377,0,0.0007498029153794,0,0.0024529742076992
0,0.0009526676731184,0,0.0520554855465889,0,3.44917643815279e-05,0,1.988529766094871e-05
0,9.55833966145292e-05,0,0.0958981364965438,0,1.6233154383371584e-05,0,0.0001177047452074
0,2.2920708943274803e-05,0,0.0567883811891078,0,9.479512300458737e-06,0,0.000205372358323
0,0.0001357339206151,0,0.3377654552459717,0,1.0645503607520368e-05,0,5.2071682148380205e-06
0,4.512477971729823e-05,0,0.072598747909069,0,4.233821982779773e-06,0,9.78740081336582e-06
0,0.0005423030816018,0,0.2459218055009842,0,1.542446443636436e-05,0,9.720511116029227e-06
0,9.964622222469188e-06,0,0.0751594975590705,0,4.528105364443036e-06,0,9.463263268116862e-06
0,6.757955270586535e-05,0,0.0261480752378702,0,6.871792720630765e-06,0,8.039954991545528e-06
0,2.2576425180886872e-05,0,0.0511521250009536,0,1.8932712919195183e-05,0,4.641624400392175e-05
0,0.0002117365074809,0,0.2085720002651214,0,0.0004459970223251,0,0.0003641416260506
0,4.432048444868997e-05,0,0.0392162278294563,0,5.1589404392871074e-06,0,4.483212251216173e-05
0,0.0008162596495822,0,0.2835873365402221,0,9.706105629447848e-05,0,0.0003668286954052
0,3.734200072358362e-05,0,0.0438012108206748,0,6.874827704450581e-06,0,5.4979849664960057e-05
0,0.0119622815400362,0,0.262186735868454,0,0.0001507653796579,0,0.0004774133849423
0,0.024117300286889,0,0.19489686191082,0,0.9207398891448976,0,0.0037161824293434
0,2.624051739985589e-05,0,0.2545635104179382,0,3.6859062674921006e-05,0,1.4789359738642816e-05
0,0.000229145065532,0,0.0242392066866159,0,1.5918240023893304e-05,0,9.01824387256056e-06
0,4.193660788587295e-05,0,0.0188904386013746,0,1.3914254850533324e-05,0,9.393991604156328e-06
0,4.352633186499588e-05,0,0.0692900121212005,0,1.3920625860919245e-05,0,9.969341044779868e-05
0,4.642310523195192e-05,0,0.05578188970685,0,6.076979843783192e-05,0,2.323236367374193e-05
